t,share_N,share_E,share_F,W,C_ext,safety_active,run_id,intervention_round,intervention_label,fee_multiple
0,0.0,1.0,0.0,992.5648373136935,0.0,0.0,1,-1,never,1.0
1,0.0,0.95,0.05,898.1955495865591,5.652536855072434,0.0,1,-1,never,1.0
2,0.0,0.9,0.1,988.2271877320463,10.764555174811303,0.0,1,-1,never,1.0
3,0.0,0.85,0.15,1068.705382650237,14.534010015106514,0.0,1,-1,never,1.0
4,0.0,0.81,0.19,1163.8835827759963,18.705253184153772,0.0,1,-1,never,1.0
5,0.0,0.765,0.235,1264.5313780643721,22.85257894111752,0.0,1,-1,never,1.0
6,0.0,0.72,0.28,1342.7530469177616,25.91415772720476,0.0,1,-1,never,1.0
7,0.0,0.695,0.305,1489.5281319318392,31.338521660958936,0.0,1,-1,never,1.0
8,0.0,0.67,0.33,1549.8091757268137,33.45452687814676,0.0,1,-1,never,1.0
9,0.0,0.625,0.375,1671.035818944165,37.51823401634064,0.0,1,-1,never,1.0
10,0.0,0.595,0.405,1752.5352589896208,40.13981787354449,0.0,1,-1,never,1.0
11,0.0,0.57,0.43,1810.8958637808757,42.14853589886464,0.0,1,-1,never,1.0
12,0.0,0.54,0.46,1885.608572880249,45.14807996174051,0.0,1,-1,never,1.0
13,0.0,0.51,0.49,1927.4519861475587,47.15207898835669,0.0,1,-1,never,1.0
14,0.0,0.485,0.515,1957.3991976843038,48.83335747912266,0.0,1,-1,never,1.0
15,0.0,0.46,0.54,1977.784933988337,50.146759600559434,0.0,1,-1,never,1.0
16,0.0,0.44,0.56,1986.6265227764873,50.777496731057475,0.0,1,-1,never,1.0
17,0.0,0.42,0.58,2007.3306540789927,52.505858001405464,0.0,1,-1,never,1.0
18,0.0,0.395,0.605,2029.5688026813932,55.05691063846429,0.0,1,-1,never,1.0
19,0.0,0.37,0.63,2043.568815035067,58.49473788154775,0.0,1,-1,never,1.0
20,0.0,0.35,0.65,2041.9680089604672,61.21839665523715,0.0,1,-1,never,1.0
21,0.0,0.335,0.665,2039.6483123292749,61.954256670572775,0.0,1,-1,never,1.0
22,0.0,0.32,0.68,2036.7763555259598,62.636738051071895,0.0,1,-1,never,1.0
23,0.0,0.305,0.695,2032.7095995045122,63.42264890808924,0.0,1,-1,never,1.0
24,0.0,0.3,0.7,2030.4536296913325,63.79820713715683,0.0,1,-1,never,1.0
25,0.0,0.29,0.71,2026.4505687927349,64.38011115676927,0.0,1,-1,never,1.0
26,0.0,0.28,0.72,2019.2640063318358,65.30226920507374,0.0,1,-1,never,1.0
27,0.0,0.27,0.73,2014.9053072667284,65.79801990243229,0.0,1,-1,never,1.0
28,0.0,0.26,0.74,2008.257808809849,66.48019286491139,0.0,1,-1,never,1.0
29,0.0,0.25,0.75,2002.4568597713996,67.02561922584873,0.0,1,-1,never,1.0
30,0.0,0.235,0.765,1989.299712729487,68.15156357641149,0.0,1,-1,never,1.0
31,0.0,0.225,0.775,1974.5034629563263,69.25827719637586,0.0,1,-1,never,1.0
32,0.0,0.215,0.785,1963.2066519938235,70.0296374130148,0.0,1,-1,never,1.0
33,0.0,0.205,0.795,1957.671143778821,70.38824086397591,0.0,1,-1,never,1.0
34,0.0,0.2,0.8,1955.9518365661993,70.49686069084547,0.0,1,-1,never,1.0
35,0.0,0.19,0.81,1948.8954318432332,70.93785840930181,0.0,1,-1,never,1.0
36,0.0,0.185,0.815,1945.320745477304,71.15495576177845,0.0,1,-1,never,1.0
37,0.0,0.175,0.825,1915.1906424010647,72.85862075039581,0.0,1,-1,never,1.0
38,0.0,0.165,0.835,1903.288453860773,73.4745014964126,0.0,1,-1,never,1.0
39,0.0,0.165,0.835,1903.288453860773,73.4745014964126,0.0,1,-1,never,1.0
40,0.0,0.155,0.845,1888.7499291533181,74.18618848619234,0.0,1,-1,never,1.0
41,0.0,0.145,0.855,1873.210124176825,74.91541614030447,0.0,1,-1,never,1.0
42,0.0,0.13,0.87,1851.7977215383798,75.87542620080849,0.0,1,-1,never,1.0
43,0.0,0.115,0.885,1822.6228135182519,77.10229546800686,0.0,1,-1,never,1.0
44,0.0,0.105,0.895,1786.1233033937199,78.52492273128568,0.0,1,-1,never,1.0
45,0.0,0.105,0.895,1786.1233033937199,78.52492273128568,0.0,1,-1,never,1.0
46,0.0,0.105,0.895,1786.1233033937199,78.52492273128568,0.0,1,-1,never,1.0
47,0.0,0.1,0.9,1779.4935870858246,78.77641719267262,0.0,1,-1,never,1.0
48,0.0,0.1,0.9,1779.4935870858246,78.77641719267262,0.0,1,-1,never,1.0
49,0.0,0.1,0.9,1779.4935870858246,78.77641719267262,0.0,1,-1,never,1.0
50,0.0,0.095,0.905,1769.5142202436937,79.14958996535773,0.0,1,-1,never,1.0
51,0.0,0.09,0.91,1755.6689839058517,79.65400099948361,0.0,1,-1,never,1.0
52,0.0,0.085,0.915,1752.01420588732,79.78587295464271,0.0,1,-1,never,1.0
53,0.0,0.085,0.915,1752.01420588732,79.78587295464271,0.0,1,-1,never,1.0
54,0.0,0.075,0.925,1733.4473377058766,80.43752399255192,0.0,1,-1,never,1.0
55,0.0,0.065,0.935,1705.9803772752882,81.37605692704975,0.0,1,-1,never,1.0
56,0.0,0.065,0.935,1705.9803772752882,81.37605692704975,0.0,1,-1,never,1.0
57,0.0,0.05,0.95,1682.0735767059368,82.16280908773088,0.0,1,-1,never,1.0
58,0.0,0.05,0.95,1682.0735767059368,82.16280908773088,0.0,1,-1,never,1.0
59,0.0,0.05,0.95,1682.0735767059368,82.16280908773088,0.0,1,-1,never,1.0
60,0.0,0.05,0.95,1682.0735767059368,82.16280908773088,0.0,1,-1,never,1.0
61,0.0,0.05,0.95,1682.0735767059368,82.16280908773088,0.0,1,-1,never,1.0
0,0.0,1.0,0.0,992.5648373136935,0.0,1.0,1,0,t=0,1.0
1,0.0,0.95,0.05,898.1955495865591,5.652536855072434,1.0,1,0,t=0,1.0
2,0.0,0.9,0.1,988.2271877320463,10.764555174811303,1.0,1,0,t=0,1.0
3,0.0,0.85,0.15,1068.705382650237,14.534010015106514,1.0,1,0,t=0,1.0
4,0.0,0.81,0.19,1163.8835827759963,18.705253184153772,1.0,1,0,t=0,1.0
5,0.0,0.765,0.235,1264.5313780643721,22.85257894111752,1.0,1,0,t=0,1.0
6,0.0,0.72,0.28,1342.7530469177616,25.91415772720476,1.0,1,0,t=0,1.0
7,0.0,0.695,0.305,1489.5281319318392,31.338521660958936,1.0,1,0,t=0,1.0
8,0.0,0.67,0.33,1549.8091757268137,33.45452687814676,1.0,1,0,t=0,1.0
9,0.0,0.625,0.375,1671.035818944165,37.51823401634064,1.0,1,0,t=0,1.0
10,0.0,0.625,0.375,1671.035818944165,37.51823401634064,1.0,1,0,t=0,1.0
11,0.0,0.6,0.4,1734.5744938612363,39.55690611718498,1.0,1,0,t=0,1.0
12,0.0,0.6,0.4,1734.5744938612363,39.55690611718498,1.0,1,0,t=0,1.0
13,0.0,0.6,0.4,1734.5744938612363,39.55690611718498,1.0,1,0,t=0,1.0
14,0.0,0.6,0.4,1734.5744938612363,39.55690611718498,1.0,1,0,t=0,1.0
15,0.0,0.6,0.4,1734.5744938612363,39.55690611718498,1.0,1,0,t=0,1.0
0,0.0,1.0,0.0,992.5648373136935,0.0,0.0,1,10,t=10,1.0
1,0.0,0.95,0.05,898.1955495865591,5.652536855072434,0.0,1,10,t=10,1.0
2,0.0,0.9,0.1,988.2271877320463,10.764555174811303,0.0,1,10,t=10,1.0
3,0.0,0.85,0.15,1068.705382650237,14.534010015106514,0.0,1,10,t=10,1.0
4,0.0,0.81,0.19,1163.8835827759963,18.705253184153772,0.0,1,10,t=10,1.0
5,0.0,0.765,0.235,1264.5313780643721,22.85257894111752,0.0,1,10,t=10,1.0
6,0.0,0.72,0.28,1342.7530469177616,25.91415772720476,0.0,1,10,t=10,1.0
7,0.0,0.695,0.305,1489.5281319318392,31.338521660958936,0.0,1,10,t=10,1.0
8,0.0,0.67,0.33,1549.8091757268137,33.45452687814676,0.0,1,10,t=10,1.0
9,0.0,0.625,0.375,1671.035818944165,37.51823401634064,0.0,1,10,t=10,1.0
10,0.0,0.595,0.405,1752.5352589896208,40.13981787354449,1.0,1,10,t=10,1.0
11,0.0,0.595,0.405,1752.5352589896208,40.13981787354449,1.0,1,10,t=10,1.0
12,0.0,0.595,0.405,1752.5352589896208,40.13981787354449,1.0,1,10,t=10,1.0
13,0.0,0.595,0.405,1752.5352589896208,40.13981787354449,1.0,1,10,t=10,1.0
14,0.0,0.595,0.405,1752.5352589896208,40.13981787354449,1.0,1,10,t=10,1.0
0,0.0,1.0,0.0,992.5648373136935,0.0,0.0,1,20,t=20,1.0
1,0.0,0.95,0.05,898.1955495865591,5.652536855072434,0.0,1,20,t=20,1.0
2,0.0,0.9,0.1,988.2271877320463,10.764555174811303,0.0,1,20,t=20,1.0
3,0.0,0.85,0.15,1068.705382650237,14.534010015106514,0.0,1,20,t=20,1.0
4,0.0,0.81,0.19,1163.8835827759963,18.705253184153772,0.0,1,20,t=20,1.0
5,0.0,0.765,0.235,1264.5313780643721,22.85257894111752,0.0,1,20,t=20,1.0
6,0.0,0.72,0.28,1342.7530469177616,25.91415772720476,0.0,1,20,t=20,1.0
7,0.0,0.695,0.305,1489.5281319318392,31.338521660958936,0.0,1,20,t=20,1.0
8,0.0,0.67,0.33,1549.8091757268137,33.45452687814676,0.0,1,20,t=20,1.0
9,0.0,0.625,0.375,1671.035818944165,37.51823401634064,0.0,1,20,t=20,1.0
10,0.0,0.595,0.405,1752.5352589896208,40.13981787354449,0.0,1,20,t=20,1.0
11,0.0,0.57,0.43,1810.8958637808757,42.14853589886464,0.0,1,20,t=20,1.0
12,0.0,0.54,0.46,1885.608572880249,45.14807996174051,0.0,1,20,t=20,1.0
13,0.0,0.51,0.49,1927.4519861475587,47.15207898835669,0.0,1,20,t=20,1.0
14,0.0,0.485,0.515,1957.3991976843038,48.83335747912266,0.0,1,20,t=20,1.0
15,0.0,0.46,0.54,1977.784933988337,50.146759600559434,0.0,1,20,t=20,1.0
16,0.0,0.44,0.56,1986.6265227764873,50.777496731057475,0.0,1,20,t=20,1.0
17,0.0,0.42,0.58,2007.3306540789927,52.505858001405464,0.0,1,20,t=20,1.0
18,0.0,0.395,0.605,2029.5688026813932,55.05691063846429,0.0,1,20,t=20,1.0
19,0.0,0.37,0.63,2043.568815035067,58.49473788154775,0.0,1,20,t=20,1.0
20,0.0,0.35,0.65,2041.9680089604672,61.21839665523715,1.0,1,20,t=20,1.0
21,0.0,0.35,0.65,2041.9680089604672,61.21839665523715,1.0,1,20,t=20,1.0
22,0.0,0.35,0.65,2041.9680089604672,61.21839665523715,1.0,1,20,t=20,1.0
23,0.0,0.35,0.65,2041.9680089604672,61.21839665523715,1.0,1,20,t=20,1.0
24,0.0,0.35,0.65,2041.9680089604672,61.21839665523715,1.0,1,20,t=20,1.0
0,0.0,1.0,0.0,992.5648373136935,0.0,0.0,1,40,t=40,1.0
1,0.0,0.95,0.05,898.1955495865591,5.652536855072434,0.0,1,40,t=40,1.0
2,0.0,0.9,0.1,988.2271877320463,10.764555174811303,0.0,1,40,t=40,1.0
3,0.0,0.85,0.15,1068.705382650237,14.534010015106514,0.0,1,40,t=40,1.0
4,0.0,0.81,0.19,1163.8835827759963,18.705253184153772,0.0,1,40,t=40,1.0
5,0.0,0.765,0.235,1264.5313780643721,22.85257894111752,0.0,1,40,t=40,1.0
6,0.0,0.72,0.28,1342.7530469177616,25.91415772720476,0.0,1,40,t=40,1.0
7,0.0,0.695,0.305,1489.5281319318392,31.338521660958936,0.0,1,40,t=40,1.0
8,0.0,0.67,0.33,1549.8091757268137,33.45452687814676,0.0,1,40,t=40,1.0
9,0.0,0.625,0.375,1671.035818944165,37.51823401634064,0.0,1,40,t=40,1.0
10,0.0,0.595,0.405,1752.5352589896208,40.13981787354449,0.0,1,40,t=40,1.0
11,0.0,0.57,0.43,1810.8958637808757,42.14853589886464,0.0,1,40,t=40,1.0
12,0.0,0.54,0.46,1885.608572880249,45.14807996174051,0.0,1,40,t=40,1.0
13,0.0,0.51,0.49,1927.4519861475587,47.15207898835669,0.0,1,40,t=40,1.0
14,0.0,0.485,0.515,1957.3991976843038,48.83335747912266,0.0,1,40,t=40,1.0
15,0.0,0.46,0.54,1977.784933988337,50.146759600559434,0.0,1,40,t=40,1.0
16,0.0,0.44,0.56,1986.6265227764873,50.777496731057475,0.0,1,40,t=40,1.0
17,0.0,0.42,0.58,2007.3306540789927,52.505858001405464,0.0,1,40,t=40,1.0
18,0.0,0.395,0.605,2029.5688026813932,55.05691063846429,0.0,1,40,t=40,1.0
19,0.0,0.37,0.63,2043.568815035067,58.49473788154775,0.0,1,40,t=40,1.0
20,0.0,0.35,0.65,2041.9680089604672,61.21839665523715,0.0,1,40,t=40,1.0
21,0.0,0.335,0.665,2039.6483123292749,61.954256670572775,0.0,1,40,t=40,1.0
22,0.0,0.32,0.68,2036.7763555259598,62.636738051071895,0.0,1,40,t=40,1.0
23,0.0,0.305,0.695,2032.7095995045122,63.42264890808924,0.0,1,40,t=40,1.0
24,0.0,0.3,0.7,2030.4536296913325,63.79820713715683,0.0,1,40,t=40,1.0
25,0.0,0.29,0.71,2026.4505687927349,64.38011115676927,0.0,1,40,t=40,1.0
26,0.0,0.28,0.72,2019.2640063318358,65.30226920507374,0.0,1,40,t=40,1.0
27,0.0,0.27,0.73,2014.9053072667284,65.79801990243229,0.0,1,40,t=40,1.0
28,0.0,0.26,0.74,2008.257808809849,66.48019286491139,0.0,1,40,t=40,1.0
29,0.0,0.25,0.75,2002.4568597713996,67.02561922584873,0.0,1,40,t=40,1.0
30,0.0,0.235,0.765,1989.299712729487,68.15156357641149,0.0,1,40,t=40,1.0
31,0.0,0.225,0.775,1974.5034629563263,69.25827719637586,0.0,1,40,t=40,1.0
32,0.0,0.215,0.785,1963.2066519938235,70.0296374130148,0.0,1,40,t=40,1.0
33,0.0,0.205,0.795,1957.671143778821,70.38824086397591,0.0,1,40,t=40,1.0
34,0.0,0.2,0.8,1955.9518365661993,70.49686069084547,0.0,1,40,t=40,1.0
35,0.0,0.19,0.81,1948.8954318432332,70.93785840930181,0.0,1,40,t=40,1.0
36,0.0,0.185,0.815,1945.320745477304,71.15495576177845,0.0,1,40,t=40,1.0
37,0.0,0.175,0.825,1915.1906424010647,72.85862075039581,0.0,1,40,t=40,1.0
38,0.0,0.165,0.835,1903.288453860773,73.4745014964126,0.0,1,40,t=40,1.0
39,0.0,0.165,0.835,1903.288453860773,73.4745014964126,0.0,1,40,t=40,1.0
40,0.0,0.155,0.845,1888.7499291533181,74.18618848619234,1.0,1,40,t=40,1.0
41,0.0,0.155,0.845,1888.7499291533181,74.18618848619234,1.0,1,40,t=40,1.0
42,0.0,0.155,0.845,1888.7499291533181,74.18618848619234,1.0,1,40,t=40,1.0
43,0.0,0.155,0.845,1888.7499291533181,74.18618848619234,1.0,1,40,t=40,1.0
44,0.0,0.155,0.845,1888.7499291533181,74.18618848619234,1.0,1,40,t=40,1.0
0,0.0,1.0,0.0,992.5648373136935,0.0,0.0,1,60,t=60,1.0
1,0.0,0.95,0.05,898.1955495865591,5.652536855072434,0.0,1,60,t=60,1.0
2,0.0,0.9,0.1,988.2271877320463,10.764555174811303,0.0,1,60,t=60,1.0
3,0.0,0.85,0.15,1068.705382650237,14.534010015106514,0.0,1,60,t=60,1.0
4,0.0,0.81,0.19,1163.8835827759963,18.705253184153772,0.0,1,60,t=60,1.0
5,0.0,0.765,0.235,1264.5313780643721,22.85257894111752,0.0,1,60,t=60,1.0
6,0.0,0.72,0.28,1342.7530469177616,25.91415772720476,0.0,1,60,t=60,1.0
7,0.0,0.695,0.305,1489.5281319318392,31.338521660958936,0.0,1,60,t=60,1.0
8,0.0,0.67,0.33,1549.8091757268137,33.45452687814676,0.0,1,60,t=60,1.0
9,0.0,0.625,0.375,1671.035818944165,37.51823401634064,0.0,1,60,t=60,1.0
10,0.0,0.595,0.405,1752.5352589896208,40.13981787354449,0.0,1,60,t=60,1.0
11,0.0,0.57,0.43,1810.8958637808757,42.14853589886464,0.0,1,60,t=60,1.0
12,0.0,0.54,0.46,1885.608572880249,45.14807996174051,0.0,1,60,t=60,1.0
13,0.0,0.51,0.49,1927.4519861475587,47.15207898835669,0.0,1,60,t=60,1.0
14,0.0,0.485,0.515,1957.3991976843038,48.83335747912266,0.0,1,60,t=60,1.0
15,0.0,0.46,0.54,1977.784933988337,50.146759600559434,0.0,1,60,t=60,1.0
16,0.0,0.44,0.56,1986.6265227764873,50.777496731057475,0.0,1,60,t=60,1.0
17,0.0,0.42,0.58,2007.3306540789927,52.505858001405464,0.0,1,60,t=60,1.0
18,0.0,0.395,0.605,2029.5688026813932,55.05691063846429,0.0,1,60,t=60,1.0
19,0.0,0.37,0.63,2043.568815035067,58.49473788154775,0.0,1,60,t=60,1.0
20,0.0,0.35,0.65,2041.9680089604672,61.21839665523715,0.0,1,60,t=60,1.0
21,0.0,0.335,0.665,2039.6483123292749,61.954256670572775,0.0,1,60,t=60,1.0
22,0.0,0.32,0.68,2036.7763555259598,62.636738051071895,0.0,1,60,t=60,1.0
23,0.0,0.305,0.695,2032.7095995045122,63.42264890808924,0.0,1,60,t=60,1.0
24,0.0,0.3,0.7,2030.4536296913325,63.79820713715683,0.0,1,60,t=60,1.0
25,0.0,0.29,0.71,2026.4505687927349,64.38011115676927,0.0,1,60,t=60,1.0
26,0.0,0.28,0.72,2019.2640063318358,65.30226920507374,0.0,1,60,t=60,1.0
27,0.0,0.27,0.73,2014.9053072667284,65.79801990243229,0.0,1,60,t=60,1.0
28,0.0,0.26,0.74,2008.257808809849,66.48019286491139,0.0,1,60,t=60,1.0
29,0.0,0.25,0.75,2002.4568597713996,67.02561922584873,0.0,1,60,t=60,1.0
30,0.0,0.235,0.765,1989.299712729487,68.15156357641149,0.0,1,60,t=60,1.0
31,0.0,0.225,0.775,1974.5034629563263,69.25827719637586,0.0,1,60,t=60,1.0
32,0.0,0.215,0.785,1963.2066519938235,70.0296374130148,0.0,1,60,t=60,1.0
33,0.0,0.205,0.795,1957.671143778821,70.38824086397591,0.0,1,60,t=60,1.0
34,0.0,0.2,0.8,1955.9518365661993,70.49686069084547,0.0,1,60,t=60,1.0
35,0.0,0.19,0.81,1948.8954318432332,70.93785840930181,0.0,1,60,t=60,1.0
36,0.0,0.185,0.815,1945.320745477304,71.15495576177845,0.0,1,60,t=60,1.0
37,0.0,0.175,0.825,1915.1906424010647,72.85862075039581,0.0,1,60,t=60,1.0
38,0.0,0.165,0.835,1903.288453860773,73.4745014964126,0.0,1,60,t=60,1.0
39,0.0,0.165,0.835,1903.288453860773,73.4745014964126,0.0,1,60,t=60,1.0
40,0.0,0.155,0.845,1888.7499291533181,74.18618848619234,0.0,1,60,t=60,1.0
41,0.0,0.145,0.855,1873.210124176825,74.91541614030447,0.0,1,60,t=60,1.0
42,0.0,0.13,0.87,1851.7977215383798,75.87542620080849,0.0,1,60,t=60,1.0
43,0.0,0.115,0.885,1822.6228135182519,77.10229546800686,0.0,1,60,t=60,1.0
44,0.0,0.105,0.895,1786.1233033937199,78.52492273128568,0.0,1,60,t=60,1.0
45,0.0,0.105,0.895,1786.1233033937199,78.52492273128568,0.0,1,60,t=60,1.0
46,0.0,0.105,0.895,1786.1233033937199,78.52492273128568,0.0,1,60,t=60,1.0
47,0.0,0.1,0.9,1779.4935870858246,78.77641719267262,0.0,1,60,t=60,1.0
48,0.0,0.1,0.9,1779.4935870858246,78.77641719267262,0.0,1,60,t=60,1.0
49,0.0,0.1,0.9,1779.4935870858246,78.77641719267262,0.0,1,60,t=60,1.0
50,0.0,0.095,0.905,1769.5142202436937,79.14958996535773,0.0,1,60,t=60,1.0
51,0.0,0.09,0.91,1755.6689839058517,79.65400099948361,0.0,1,60,t=60,1.0
52,0.0,0.085,0.915,1752.01420588732,79.78587295464271,0.0,1,60,t=60,1.0
53,0.0,0.085,0.915,1752.01420588732,79.78587295464271,0.0,1,60,t=60,1.0
54,0.0,0.075,0.925,1733.4473377058766,80.43752399255192,0.0,1,60,t=60,1.0
55,0.0,0.065,0.935,1705.9803772752882,81.37605692704975,0.0,1,60,t=60,1.0
56,0.0,0.065,0.935,1705.9803772752882,81.37605692704975,0.0,1,60,t=60,1.0
57,0.0,0.05,0.95,1682.0735767059368,82.16280908773088,0.0,1,60,t=60,1.0
58,0.0,0.05,0.95,1682.0735767059368,82.16280908773088,0.0,1,60,t=60,1.0
59,0.0,0.05,0.95,1682.0735767059368,82.16280908773088,0.0,1,60,t=60,1.0
60,0.0,0.05,0.95,1682.0735767059368,82.16280908773088,1.0,1,60,t=60,1.0
61,0.0,0.05,0.95,1682.0735767059368,82.16280908773088,1.0,1,60,t=60,1.0
0,0.0,1.0,0.0,992.5648373136935,0.0,0.0,1,80,t=80,1.0
1,0.0,0.95,0.05,898.1955495865591,5.652536855072434,0.0,1,80,t=80,1.0
2,0.0,0.9,0.1,988.2271877320463,10.764555174811303,0.0,1,80,t=80,1.0
3,0.0,0.85,0.15,1068.705382650237,14.534010015106514,0.0,1,80,t=80,1.0
4,0.0,0.81,0.19,1163.8835827759963,18.705253184153772,0.0,1,80,t=80,1.0
5,0.0,0.765,0.235,1264.5313780643721,22.85257894111752,0.0,1,80,t=80,1.0
6,0.0,0.72,0.28,1342.7530469177616,25.91415772720476,0.0,1,80,t=80,1.0
7,0.0,0.695,0.305,1489.5281319318392,31.338521660958936,0.0,1,80,t=80,1.0
8,0.0,0.67,0.33,1549.8091757268137,33.45452687814676,0.0,1,80,t=80,1.0
9,0.0,0.625,0.375,1671.035818944165,37.51823401634064,0.0,1,80,t=80,1.0
10,0.0,0.595,0.405,1752.5352589896208,40.13981787354449,0.0,1,80,t=80,1.0
11,0.0,0.57,0.43,1810.8958637808757,42.14853589886464,0.0,1,80,t=80,1.0
12,0.0,0.54,0.46,1885.608572880249,45.14807996174051,0.0,1,80,t=80,1.0
13,0.0,0.51,0.49,1927.4519861475587,47.15207898835669,0.0,1,80,t=80,1.0
14,0.0,0.485,0.515,1957.3991976843038,48.83335747912266,0.0,1,80,t=80,1.0
15,0.0,0.46,0.54,1977.784933988337,50.146759600559434,0.0,1,80,t=80,1.0
16,0.0,0.44,0.56,1986.6265227764873,50.777496731057475,0.0,1,80,t=80,1.0
17,0.0,0.42,0.58,2007.3306540789927,52.505858001405464,0.0,1,80,t=80,1.0
18,0.0,0.395,0.605,2029.5688026813932,55.05691063846429,0.0,1,80,t=80,1.0
19,0.0,0.37,0.63,2043.568815035067,58.49473788154775,0.0,1,80,t=80,1.0
20,0.0,0.35,0.65,2041.9680089604672,61.21839665523715,0.0,1,80,t=80,1.0
21,0.0,0.335,0.665,2039.6483123292749,61.954256670572775,0.0,1,80,t=80,1.0
22,0.0,0.32,0.68,2036.7763555259598,62.636738051071895,0.0,1,80,t=80,1.0
23,0.0,0.305,0.695,2032.7095995045122,63.42264890808924,0.0,1,80,t=80,1.0
24,0.0,0.3,0.7,2030.4536296913325,63.79820713715683,0.0,1,80,t=80,1.0
25,0.0,0.29,0.71,2026.4505687927349,64.38011115676927,0.0,1,80,t=80,1.0
26,0.0,0.28,0.72,2019.2640063318358,65.30226920507374,0.0,1,80,t=80,1.0
27,0.0,0.27,0.73,2014.9053072667284,65.79801990243229,0.0,1,80,t=80,1.0
28,0.0,0.26,0.74,2008.257808809849,66.48019286491139,0.0,1,80,t=80,1.0
29,0.0,0.25,0.75,2002.4568597713996,67.02561922584873,0.0,1,80,t=80,1.0
30,0.0,0.235,0.765,1989.299712729487,68.15156357641149,0.0,1,80,t=80,1.0
31,0.0,0.225,0.775,1974.5034629563263,69.25827719637586,0.0,1,80,t=80,1.0
32,0.0,0.215,0.785,1963.2066519938235,70.0296374130148,0.0,1,80,t=80,1.0
33,0.0,0.205,0.795,1957.671143778821,70.38824086397591,0.0,1,80,t=80,1.0
34,0.0,0.2,0.8,1955.9518365661993,70.49686069084547,0.0,1,80,t=80,1.0
35,0.0,0.19,0.81,1948.8954318432332,70.93785840930181,0.0,1,80,t=80,1.0
36,0.0,0.185,0.815,1945.320745477304,71.15495576177845,0.0,1,80,t=80,1.0
37,0.0,0.175,0.825,1915.1906424010647,72.85862075039581,0.0,1,80,t=80,1.0
38,0.0,0.165,0.835,1903.288453860773,73.4745014964126,0.0,1,80,t=80,1.0
39,0.0,0.165,0.835,1903.288453860773,73.4745014964126,0.0,1,80,t=80,1.0
40,0.0,0.155,0.845,1888.7499291533181,74.18618848619234,0.0,1,80,t=80,1.0
41,0.0,0.145,0.855,1873.210124176825,74.91541614030447,0.0,1,80,t=80,1.0
42,0.0,0.13,0.87,1851.7977215383798,75.87542620080849,0.0,1,80,t=80,1.0
43,0.0,0.115,0.885,1822.6228135182519,77.10229546800686,0.0,1,80,t=80,1.0
44,0.0,0.105,0.895,1786.1233033937199,78.52492273128568,0.0,1,80,t=80,1.0
45,0.0,0.105,0.895,1786.1233033937199,78.52492273128568,0.0,1,80,t=80,1.0
46,0.0,0.105,0.895,1786.1233033937199,78.52492273128568,0.0,1,80,t=80,1.0
47,0.0,0.1,0.9,1779.4935870858246,78.77641719267262,0.0,1,80,t=80,1.0
48,0.0,0.1,0.9,1779.4935870858246,78.77641719267262,0.0,1,80,t=80,1.0
49,0.0,0.1,0.9,1779.4935870858246,78.77641719267262,0.0,1,80,t=80,1.0
50,0.0,0.095,0.905,1769.5142202436937,79.14958996535773,0.0,1,80,t=80,1.0
51,0.0,0.09,0.91,1755.6689839058517,79.65400099948361,0.0,1,80,t=80,1.0
52,0.0,0.085,0.915,1752.01420588732,79.78587295464271,0.0,1,80,t=80,1.0
53,0.0,0.085,0.915,1752.01420588732,79.78587295464271,0.0,1,80,t=80,1.0
54,0.0,0.075,0.925,1733.4473377058766,80.43752399255192,0.0,1,80,t=80,1.0
55,0.0,0.065,0.935,1705.9803772752882,81.37605692704975,0.0,1,80,t=80,1.0
56,0.0,0.065,0.935,1705.9803772752882,81.37605692704975,0.0,1,80,t=80,1.0
57,0.0,0.05,0.95,1682.0735767059368,82.16280908773088,0.0,1,80,t=80,1.0
58,0.0,0.05,0.95,1682.0735767059368,82.16280908773088,0.0,1,80,t=80,1.0
59,0.0,0.05,0.95,1682.0735767059368,82.16280908773088,0.0,1,80,t=80,1.0
60,0.0,0.05,0.95,1682.0735767059368,82.16280908773088,0.0,1,80,t=80,1.0
61,0.0,0.05,0.95,1682.0735767059368,82.16280908773088,0.0,1,80,t=80,1.0
62,0.0,0.05,0.95,1682.0735767059368,82.16280908773088,0.0,1,80,t=80,1.0
63,0.0,0.045,0.955,1663.6273633958829,82.75389414013131,0.0,1,80,t=80,1.0
64,0.0,0.045,0.955,1663.6273633958829,82.75389414013131,0.0,1,80,t=80,1.0
65,0.0,0.045,0.955,1663.6273633958829,82.75389414013131,0.0,1,80,t=80,1.0
66,0.0,0.045,0.955,1663.6273633958829,82.75389414013131,0.0,1,80,t=80,1.0
67,0.0,0.045,0.955,1663.6273633958829,82.75389414013131,0.0,1,80,t=80,1.0
68,0.0,0.045,0.955,1663.6273633958829,82.75389414013131,0.0,1,80,t=80,1.0
69,0.0,0.045,0.955,1663.6273633958829,82.75389414013131,0.0,1,80,t=80,1.0
70,0.0,0.04,0.96,1659.1562731234937,82.89596784309445,0.0,1,80,t=80,1.0
71,0.0,0.035,0.965,1657.3422823689446,82.95313408296516,0.0,1,80,t=80,1.0
72,0.0,0.035,0.965,1657.3422823689446,82.95313408296516,0.0,1,80,t=80,1.0
73,0.0,0.035,0.965,1657.3422823689446,82.95313408296516,0.0,1,80,t=80,1.0
74,0.0,0.035,0.965,1657.3422823689446,82.95313408296516,0.0,1,80,t=80,1.0
75,0.0,0.025,0.975,1646.208484279957,83.30153841645885,0.0,1,80,t=80,1.0
76,0.0,0.02,0.98,1644.110612923316,83.36628332418346,0.0,1,80,t=80,1.0
77,0.0,0.02,0.98,1644.110612923316,83.36628332418346,0.0,1,80,t=80,1.0
78,0.0,0.02,0.98,1644.110612923316,83.36628332418346,0.0,1,80,t=80,1.0
79,0.0,0.015,0.985,1626.8232017059868,83.8930190161075,0.0,1,80,t=80,1.0
80,0.0,0.015,0.985,1626.8232017059868,83.8930190161075,1.0,1,80,t=80,1.0
81,0.0,0.015,0.985,1626.8232017059868,83.8930190161075,1.0,1,80,t=80,1.0
82,0.0,0.015,0.985,1626.8232017059868,83.8930190161075,1.0,1,80,t=80,1.0
83,0.0,0.015,0.985,1626.8232017059868,83.8930190161075,1.0,1,80,t=80,1.0
0,0.0,1.0,0.0,943.3021625114227,0.0,0.0,3,-1,never,1.0
1,0.0,0.95,0.05,848.8112236013449,4.723487520462342,0.0,3,-1,never,1.0
2,0.0,0.905,0.095,918.8279399395201,8.856797545946751,0.0,3,-1,never,1.0
3,0.0,0.855,0.145,1056.7601880351035,15.009564680705044,0.0,3,-1,never,1.0
4,0.0,0.82,0.18,1164.768640203216,19.39731097375087,0.0,3,-1,never,1.0
5,0.0,0.79,0.21,1311.4597444450508,24.93020381653475,0.0,3,-1,never,1.0
6,0.0,0.755,0.245,1399.2750586354948,28.03642546878693,0.0,3,-1,never,1.0
7,0.0,0.715,0.285,1478.7898084840551,30.728292769902435,0.0,3,-1,never,1.0
8,0.0,0.675,0.325,1604.9182961026568,34.957949330393504,0.0,3,-1,never,1.0
9,0.0,0.64,0.36,1658.7170251798543,37.05359921753427,0.0,3,-1,never,1.0
10,0.0,0.615,0.385,1721.6780918575087,39.95676523953933,0.0,3,-1,never,1.0
11,0.0,0.59,0.41,1742.1406850983062,41.061100578050436,0.0,3,-1,never,1.0
12,0.0,0.555,0.445,1782.5975226678497,43.65810756459338,0.0,3,-1,never,1.0
13,0.0,0.525,0.475,1831.0640634095635,48.58473847140978,0.0,3,-1,never,1.0
14,0.0,0.495,0.505,1841.811803035193,51.28690483998109,0.0,3,-1,never,1.0
15,0.0,0.47,0.53,1843.2423333618317,52.76707552855041,0.0,3,-1,never,1.0
16,0.0,0.445,0.555,1842.3235729170324,53.71865561172321,0.0,3,-1,never,1.0
17,0.0,0.42,0.58,1838.0276145429389,55.26398204910154,0.0,3,-1,never,1.0
18,0.0,0.4,0.6,1833.9851588663246,56.17042149640926,0.0,3,-1,never,1.0
19,0.0,0.365,0.635,1820.9966276575406,58.14422214681352,0.0,3,-1,never,1.0
20,0.0,0.36,0.64,1818.2188982032362,58.49211576261157,0.0,3,-1,never,1.0
21,0.0,0.34,0.66,1802.7278501873502,60.14160095228948,0.0,3,-1,never,1.0
22,0.0,0.32,0.68,1789.2968814072906,61.29875295544855,0.0,3,-1,never,1.0
23,0.0,0.305,0.695,1784.7244041916533,61.66655609981591,0.0,3,-1,never,1.0
24,0.0,0.295,0.705,1776.5683572684475,62.28580744213978,0.0,3,-1,never,1.0
25,0.0,0.29,0.71,1775.7558583695418,62.34502575576209,0.0,3,-1,never,1.0
26,0.0,0.265,0.735,1765.8020635028802,63.04842512088745,0.0,3,-1,never,1.0
27,0.0,0.245,0.755,1743.9568425432935,64.45065698891825,0.0,3,-1,never,1.0
28,0.0,0.24,0.76,1732.8799503292964,65.10076020159207,0.0,3,-1,never,1.0
29,0.0,0.23,0.77,1727.2360629310203,65.42354893944551,0.0,3,-1,never,1.0
30,0.0,0.22,0.78,1723.431322650748,65.63429774030335,0.0,3,-1,never,1.0
31,0.0,0.215,0.785,1719.2281989536507,65.86613656808854,0.0,3,-1,never,1.0
32,0.0,0.215,0.785,1719.2281989536507,65.86613656808854,0.0,3,-1,never,1.0
33,0.0,0.21,0.79,1713.0290035348307,66.2000194514712,0.0,3,-1,never,1.0
34,0.0,0.205,0.795,1709.3182562340803,66.39457983944878,0.0,3,-1,never,1.0
35,0.0,0.205,0.795,1709.3182562340803,66.39457983944878,0.0,3,-1,never,1.0
36,0.0,0.195,0.805,1699.9059672251094,66.87743823432167,0.0,3,-1,never,1.0
37,0.0,0.18,0.82,1678.5255271555188,67.93598870686225,0.0,3,-1,never,1.0
38,0.0,0.17,0.83,1671.2122836759659,68.28327940625621,0.0,3,-1,never,1.0
39,0.0,0.16,0.84,1653.1210882736557,69.10274001866465,0.0,3,-1,never,1.0
40,0.0,0.155,0.845,1647.062116576852,69.37219502427496,0.0,3,-1,never,1.0
41,0.0,0.15,0.85,1631.4323401517534,70.05137239754403,0.0,3,-1,never,1.0
42,0.0,0.15,0.85,1631.4323401517534,70.05137239754403,0.0,3,-1,never,1.0
43,0.0,0.145,0.855,1625.6847021557417,70.29481223793614,0.0,3,-1,never,1.0
44,0.0,0.135,0.865,1614.0779213601672,70.77064069998039,0.0,3,-1,never,1.0
45,0.0,0.125,0.875,1603.215823830754,71.20966705262089,0.0,3,-1,never,1.0
46,0.0,0.12,0.88,1591.1572415596625,71.68066866906997,0.0,3,-1,never,1.0
47,0.0,0.11,0.89,1587.8043077324585,71.8101315289076,0.0,3,-1,never,1.0
48,0.0,0.1,0.9,1561.1531327240066,72.8223925862874,0.0,3,-1,never,1.0
49,0.0,0.085,0.915,1527.0534018612268,74.04700108318164,0.0,3,-1,never,1.0
50,0.0,0.085,0.915,1527.0534018612268,74.04700108318164,0.0,3,-1,never,1.0
51,0.0,0.085,0.915,1527.0534018612268,74.04700108318164,0.0,3,-1,never,1.0
52,0.0,0.085,0.915,1527.0534018612268,74.04700108318164,0.0,3,-1,never,1.0
53,0.0,0.075,0.925,1514.0126571802234,74.49923654062782,0.0,3,-1,never,1.0
54,0.0,0.07,0.93,1511.1754012992697,74.59710179750432,0.0,3,-1,never,1.0
55,0.0,0.065,0.935,1491.8140793222597,75.25683982622428,0.0,3,-1,never,1.0
56,0.0,0.065,0.935,1491.8140793222597,75.25683982622428,0.0,3,-1,never,1.0
57,0.0,0.065,0.935,1491.8140793222597,75.25683982622428,0.0,3,-1,never,1.0
58,0.0,0.06,0.94,1477.8663383644232,75.7164920931425,0.0,3,-1,never,1.0
59,0.0,0.055,0.945,1474.2060990720008,75.83553390150266,0.0,3,-1,never,1.0
60,0.0,0.055,0.945,1474.2060990720008,75.83553390150266,0.0,3,-1,never,1.0
61,0.0,0.055,0.945,1474.2060990720008,75.83553390150266,0.0,3,-1,never,1.0
62,0.0,0.055,0.945,1474.2060990720008,75.83553390150266,0.0,3,-1,never,1.0
63,0.0,0.055,0.945,1474.2060990720008,75.83553390150266,0.0,3,-1,never,1.0
0,0.0,1.0,0.0,943.3021625114227,0.0,1.0,3,0,t=0,1.0
1,0.0,0.95,0.05,848.8112236013449,4.723487520462342,1.0,3,0,t=0,1.0
2,0.0,0.905,0.095,918.8279399395201,8.856797545946751,1.0,3,0,t=0,1.0
3,0.0,0.855,0.145,1056.7601880351035,15.009564680705044,1.0,3,0,t=0,1.0
4,0.0,0.82,0.18,1164.768640203216,19.39731097375087,1.0,3,0,t=0,1.0
5,0.0,0.79,0.21,1311.4597444450508,24.93020381653475,1.0,3,0,t=0,1.0
6,0.0,0.755,0.245,1399.2750586354948,28.03642546878693,1.0,3,0,t=0,1.0
7,0.0,0.715,0.285,1478.7898084840551,30.728292769902435,1.0,3,0,t=0,1.0
8,0.0,0.715,0.285,1478.7898084840551,30.728292769902435,1.0,3,0,t=0,1.0
9,0.0,0.715,0.285,1478.7898084840551,30.728292769902435,1.0,3,0,t=0,1.0
10,0.0,0.715,0.285,1478.7898084840551,30.728292769902435,1.0,3,0,t=0,1.0
11,0.0,0.715,0.285,1478.7898084840551,30.728292769902435,1.0,3,0,t=0,1.0
0,0.0,1.0,0.0,943.3021625114227,0.0,0.0,3,10,t=10,1.0
1,0.0,0.95,0.05,848.8112236013449,4.723487520462342,0.0,3,10,t=10,1.0
2,0.0,0.905,0.095,918.8279399395201,8.856797545946751,0.0,3,10,t=10,1.0
3,0.0,0.855,0.145,1056.7601880351035,15.009564680705044,0.0,3,10,t=10,1.0
4,0.0,0.82,0.18,1164.768640203216,19.39731097375087,0.0,3,10,t=10,1.0
5,0.0,0.79,0.21,1311.4597444450508,24.93020381653475,0.0,3,10,t=10,1.0
6,0.0,0.755,0.245,1399.2750586354948,28.03642546878693,0.0,3,10,t=10,1.0
7,0.0,0.715,0.285,1478.7898084840551,30.728292769902435,0.0,3,10,t=10,1.0
8,0.0,0.675,0.325,1604.9182961026568,34.957949330393504,0.0,3,10,t=10,1.0
9,0.0,0.64,0.36,1658.7170251798543,37.05359921753427,0.0,3,10,t=10,1.0
10,0.0,0.615,0.385,1721.6780918575087,39.95676523953933,1.0,3,10,t=10,1.0
11,0.0,0.615,0.385,1721.6780918575087,39.95676523953933,1.0,3,10,t=10,1.0
12,0.0,0.615,0.385,1721.6780918575087,39.95676523953933,1.0,3,10,t=10,1.0
13,0.0,0.615,0.385,1721.6780918575087,39.95676523953933,1.0,3,10,t=10,1.0
14,0.0,0.615,0.385,1721.6780918575087,39.95676523953933,1.0,3,10,t=10,1.0
0,0.0,1.0,0.0,943.3021625114227,0.0,0.0,3,20,t=20,1.0
1,0.0,0.95,0.05,848.8112236013449,4.723487520462342,0.0,3,20,t=20,1.0
2,0.0,0.905,0.095,918.8279399395201,8.856797545946751,0.0,3,20,t=20,1.0
3,0.0,0.855,0.145,1056.7601880351035,15.009564680705044,0.0,3,20,t=20,1.0
4,0.0,0.82,0.18,1164.768640203216,19.39731097375087,0.0,3,20,t=20,1.0
5,0.0,0.79,0.21,1311.4597444450508,24.93020381653475,0.0,3,20,t=20,1.0
6,0.0,0.755,0.245,1399.2750586354948,28.03642546878693,0.0,3,20,t=20,1.0
7,0.0,0.715,0.285,1478.7898084840551,30.728292769902435,0.0,3,20,t=20,1.0
8,0.0,0.675,0.325,1604.9182961026568,34.957949330393504,0.0,3,20,t=20,1.0
9,0.0,0.64,0.36,1658.7170251798543,37.05359921753427,0.0,3,20,t=20,1.0
10,0.0,0.615,0.385,1721.6780918575087,39.95676523953933,0.0,3,20,t=20,1.0
11,0.0,0.59,0.41,1742.1406850983062,41.061100578050436,0.0,3,20,t=20,1.0
12,0.0,0.555,0.445,1782.5975226678497,43.65810756459338,0.0,3,20,t=20,1.0
13,0.0,0.525,0.475,1831.0640634095635,48.58473847140978,0.0,3,20,t=20,1.0
14,0.0,0.495,0.505,1841.811803035193,51.28690483998109,0.0,3,20,t=20,1.0
15,0.0,0.47,0.53,1843.2423333618317,52.76707552855041,0.0,3,20,t=20,1.0
16,0.0,0.445,0.555,1842.3235729170324,53.71865561172321,0.0,3,20,t=20,1.0
17,0.0,0.42,0.58,1838.0276145429389,55.26398204910154,0.0,3,20,t=20,1.0
18,0.0,0.4,0.6,1833.9851588663246,56.17042149640926,0.0,3,20,t=20,1.0
19,0.0,0.365,0.635,1820.9966276575406,58.14422214681352,0.0,3,20,t=20,1.0
20,0.0,0.36,0.64,1818.2188982032362,58.49211576261157,1.0,3,20,t=20,1.0
21,0.0,0.36,0.64,1818.2188982032362,58.49211576261157,1.0,3,20,t=20,1.0
22,0.0,0.36,0.64,1818.2188982032362,58.49211576261157,1.0,3,20,t=20,1.0
23,0.0,0.36,0.64,1818.2188982032362,58.49211576261157,1.0,3,20,t=20,1.0
24,0.0,0.36,0.64,1818.2188982032362,58.49211576261157,1.0,3,20,t=20,1.0
0,0.0,1.0,0.0,943.3021625114227,0.0,0.0,3,40,t=40,1.0
1,0.0,0.95,0.05,848.8112236013449,4.723487520462342,0.0,3,40,t=40,1.0
2,0.0,0.905,0.095,918.8279399395201,8.856797545946751,0.0,3,40,t=40,1.0
3,0.0,0.855,0.145,1056.7601880351035,15.009564680705044,0.0,3,40,t=40,1.0
4,0.0,0.82,0.18,1164.768640203216,19.39731097375087,0.0,3,40,t=40,1.0
5,0.0,0.79,0.21,1311.4597444450508,24.93020381653475,0.0,3,40,t=40,1.0
6,0.0,0.755,0.245,1399.2750586354948,28.03642546878693,0.0,3,40,t=40,1.0
7,0.0,0.715,0.285,1478.7898084840551,30.728292769902435,0.0,3,40,t=40,1.0
8,0.0,0.675,0.325,1604.9182961026568,34.957949330393504,0.0,3,40,t=40,1.0
9,0.0,0.64,0.36,1658.7170251798543,37.05359921753427,0.0,3,40,t=40,1.0
10,0.0,0.615,0.385,1721.6780918575087,39.95676523953933,0.0,3,40,t=40,1.0
11,0.0,0.59,0.41,1742.1406850983062,41.061100578050436,0.0,3,40,t=40,1.0
12,0.0,0.555,0.445,1782.5975226678497,43.65810756459338,0.0,3,40,t=40,1.0
13,0.0,0.525,0.475,1831.0640634095635,48.58473847140978,0.0,3,40,t=40,1.0
14,0.0,0.495,0.505,1841.811803035193,51.28690483998109,0.0,3,40,t=40,1.0
15,0.0,0.47,0.53,1843.2423333618317,52.76707552855041,0.0,3,40,t=40,1.0
16,0.0,0.445,0.555,1842.3235729170324,53.71865561172321,0.0,3,40,t=40,1.0
17,0.0,0.42,0.58,1838.0276145429389,55.26398204910154,0.0,3,40,t=40,1.0
18,0.0,0.4,0.6,1833.9851588663246,56.17042149640926,0.0,3,40,t=40,1.0
19,0.0,0.365,0.635,1820.9966276575406,58.14422214681352,0.0,3,40,t=40,1.0
20,0.0,0.36,0.64,1818.2188982032362,58.49211576261157,0.0,3,40,t=40,1.0
21,0.0,0.34,0.66,1802.7278501873502,60.14160095228948,0.0,3,40,t=40,1.0
22,0.0,0.32,0.68,1789.2968814072906,61.29875295544855,0.0,3,40,t=40,1.0
23,0.0,0.305,0.695,1784.7244041916533,61.66655609981591,0.0,3,40,t=40,1.0
24,0.0,0.295,0.705,1776.5683572684475,62.28580744213978,0.0,3,40,t=40,1.0
25,0.0,0.29,0.71,1775.7558583695418,62.34502575576209,0.0,3,40,t=40,1.0
26,0.0,0.265,0.735,1765.8020635028802,63.04842512088745,0.0,3,40,t=40,1.0
27,0.0,0.245,0.755,1743.9568425432935,64.45065698891825,0.0,3,40,t=40,1.0
28,0.0,0.24,0.76,1732.8799503292964,65.10076020159207,0.0,3,40,t=40,1.0
29,0.0,0.23,0.77,1727.2360629310203,65.42354893944551,0.0,3,40,t=40,1.0
30,0.0,0.22,0.78,1723.431322650748,65.63429774030335,0.0,3,40,t=40,1.0
31,0.0,0.215,0.785,1719.2281989536507,65.86613656808854,0.0,3,40,t=40,1.0
32,0.0,0.215,0.785,1719.2281989536507,65.86613656808854,0.0,3,40,t=40,1.0
33,0.0,0.21,0.79,1713.0290035348307,66.2000194514712,0.0,3,40,t=40,1.0
34,0.0,0.205,0.795,1709.3182562340803,66.39457983944878,0.0,3,40,t=40,1.0
35,0.0,0.205,0.795,1709.3182562340803,66.39457983944878,0.0,3,40,t=40,1.0
36,0.0,0.195,0.805,1699.9059672251094,66.87743823432167,0.0,3,40,t=40,1.0
37,0.0,0.18,0.82,1678.5255271555188,67.93598870686225,0.0,3,40,t=40,1.0
38,0.0,0.17,0.83,1671.2122836759659,68.28327940625621,0.0,3,40,t=40,1.0
39,0.0,0.16,0.84,1653.1210882736557,69.10274001866465,0.0,3,40,t=40,1.0
40,0.0,0.155,0.845,1647.062116576852,69.37219502427496,1.0,3,40,t=40,1.0
41,0.0,0.155,0.845,1647.062116576852,69.37219502427496,1.0,3,40,t=40,1.0
42,0.0,0.155,0.845,1647.062116576852,69.37219502427496,1.0,3,40,t=40,1.0
43,0.0,0.155,0.845,1647.062116576852,69.37219502427496,1.0,3,40,t=40,1.0
44,0.0,0.155,0.845,1647.062116576852,69.37219502427496,1.0,3,40,t=40,1.0
0,0.0,1.0,0.0,943.3021625114227,0.0,0.0,3,60,t=60,1.0
1,0.0,0.95,0.05,848.8112236013449,4.723487520462342,0.0,3,60,t=60,1.0
2,0.0,0.905,0.095,918.8279399395201,8.856797545946751,0.0,3,60,t=60,1.0
3,0.0,0.855,0.145,1056.7601880351035,15.009564680705044,0.0,3,60,t=60,1.0
4,0.0,0.82,0.18,1164.768640203216,19.39731097375087,0.0,3,60,t=60,1.0
5,0.0,0.79,0.21,1311.4597444450508,24.93020381653475,0.0,3,60,t=60,1.0
6,0.0,0.755,0.245,1399.2750586354948,28.03642546878693,0.0,3,60,t=60,1.0
7,0.0,0.715,0.285,1478.7898084840551,30.728292769902435,0.0,3,60,t=60,1.0
8,0.0,0.675,0.325,1604.9182961026568,34.957949330393504,0.0,3,60,t=60,1.0
9,0.0,0.64,0.36,1658.7170251798543,37.05359921753427,0.0,3,60,t=60,1.0
10,0.0,0.615,0.385,1721.6780918575087,39.95676523953933,0.0,3,60,t=60,1.0
11,0.0,0.59,0.41,1742.1406850983062,41.061100578050436,0.0,3,60,t=60,1.0
12,0.0,0.555,0.445,1782.5975226678497,43.65810756459338,0.0,3,60,t=60,1.0
13,0.0,0.525,0.475,1831.0640634095635,48.58473847140978,0.0,3,60,t=60,1.0
14,0.0,0.495,0.505,1841.811803035193,51.28690483998109,0.0,3,60,t=60,1.0
15,0.0,0.47,0.53,1843.2423333618317,52.76707552855041,0.0,3,60,t=60,1.0
16,0.0,0.445,0.555,1842.3235729170324,53.71865561172321,0.0,3,60,t=60,1.0
17,0.0,0.42,0.58,1838.0276145429389,55.26398204910154,0.0,3,60,t=60,1.0
18,0.0,0.4,0.6,1833.9851588663246,56.17042149640926,0.0,3,60,t=60,1.0
19,0.0,0.365,0.635,1820.9966276575406,58.14422214681352,0.0,3,60,t=60,1.0
20,0.0,0.36,0.64,1818.2188982032362,58.49211576261157,0.0,3,60,t=60,1.0
21,0.0,0.34,0.66,1802.7278501873502,60.14160095228948,0.0,3,60,t=60,1.0
22,0.0,0.32,0.68,1789.2968814072906,61.29875295544855,0.0,3,60,t=60,1.0
23,0.0,0.305,0.695,1784.7244041916533,61.66655609981591,0.0,3,60,t=60,1.0
24,0.0,0.295,0.705,1776.5683572684475,62.28580744213978,0.0,3,60,t=60,1.0
25,0.0,0.29,0.71,1775.7558583695418,62.34502575576209,0.0,3,60,t=60,1.0
26,0.0,0.265,0.735,1765.8020635028802,63.04842512088745,0.0,3,60,t=60,1.0
27,0.0,0.245,0.755,1743.9568425432935,64.45065698891825,0.0,3,60,t=60,1.0
28,0.0,0.24,0.76,1732.8799503292964,65.10076020159207,0.0,3,60,t=60,1.0
29,0.0,0.23,0.77,1727.2360629310203,65.42354893944551,0.0,3,60,t=60,1.0
30,0.0,0.22,0.78,1723.431322650748,65.63429774030335,0.0,3,60,t=60,1.0
31,0.0,0.215,0.785,1719.2281989536507,65.86613656808854,0.0,3,60,t=60,1.0
32,0.0,0.215,0.785,1719.2281989536507,65.86613656808854,0.0,3,60,t=60,1.0
33,0.0,0.21,0.79,1713.0290035348307,66.2000194514712,0.0,3,60,t=60,1.0
34,0.0,0.205,0.795,1709.3182562340803,66.39457983944878,0.0,3,60,t=60,1.0
35,0.0,0.205,0.795,1709.3182562340803,66.39457983944878,0.0,3,60,t=60,1.0
36,0.0,0.195,0.805,1699.9059672251094,66.87743823432167,0.0,3,60,t=60,1.0
37,0.0,0.18,0.82,1678.5255271555188,67.93598870686225,0.0,3,60,t=60,1.0
38,0.0,0.17,0.83,1671.2122836759659,68.28327940625621,0.0,3,60,t=60,1.0
39,0.0,0.16,0.84,1653.1210882736557,69.10274001866465,0.0,3,60,t=60,1.0
40,0.0,0.155,0.845,1647.062116576852,69.37219502427496,0.0,3,60,t=60,1.0
41,0.0,0.15,0.85,1631.4323401517534,70.05137239754403,0.0,3,60,t=60,1.0
42,0.0,0.15,0.85,1631.4323401517534,70.05137239754403,0.0,3,60,t=60,1.0
43,0.0,0.145,0.855,1625.6847021557417,70.29481223793614,0.0,3,60,t=60,1.0
44,0.0,0.135,0.865,1614.0779213601672,70.77064069998039,0.0,3,60,t=60,1.0
45,0.0,0.125,0.875,1603.215823830754,71.20966705262089,0.0,3,60,t=60,1.0
46,0.0,0.12,0.88,1591.1572415596625,71.68066866906997,0.0,3,60,t=60,1.0
47,0.0,0.11,0.89,1587.8043077324585,71.8101315289076,0.0,3,60,t=60,1.0
48,0.0,0.1,0.9,1561.1531327240066,72.8223925862874,0.0,3,60,t=60,1.0
49,0.0,0.085,0.915,1527.0534018612268,74.04700108318164,0.0,3,60,t=60,1.0
50,0.0,0.085,0.915,1527.0534018612268,74.04700108318164,0.0,3,60,t=60,1.0
51,0.0,0.085,0.915,1527.0534018612268,74.04700108318164,0.0,3,60,t=60,1.0
52,0.0,0.085,0.915,1527.0534018612268,74.04700108318164,0.0,3,60,t=60,1.0
53,0.0,0.075,0.925,1514.0126571802234,74.49923654062782,0.0,3,60,t=60,1.0
54,0.0,0.07,0.93,1511.1754012992697,74.59710179750432,0.0,3,60,t=60,1.0
55,0.0,0.065,0.935,1491.8140793222597,75.25683982622428,0.0,3,60,t=60,1.0
56,0.0,0.065,0.935,1491.8140793222597,75.25683982622428,0.0,3,60,t=60,1.0
57,0.0,0.065,0.935,1491.8140793222597,75.25683982622428,0.0,3,60,t=60,1.0
58,0.0,0.06,0.94,1477.8663383644232,75.7164920931425,0.0,3,60,t=60,1.0
59,0.0,0.055,0.945,1474.2060990720008,75.83553390150266,0.0,3,60,t=60,1.0
60,0.0,0.055,0.945,1474.2060990720008,75.83553390150266,1.0,3,60,t=60,1.0
61,0.0,0.055,0.945,1474.2060990720008,75.83553390150266,1.0,3,60,t=60,1.0
62,0.0,0.055,0.945,1474.2060990720008,75.83553390150266,1.0,3,60,t=60,1.0
63,0.0,0.055,0.945,1474.2060990720008,75.83553390150266,1.0,3,60,t=60,1.0
0,0.0,1.0,0.0,943.3021625114227,0.0,0.0,3,80,t=80,1.0
1,0.0,0.95,0.05,848.8112236013449,4.723487520462342,0.0,3,80,t=80,1.0
2,0.0,0.905,0.095,918.8279399395201,8.856797545946751,0.0,3,80,t=80,1.0
3,0.0,0.855,0.145,1056.7601880351035,15.009564680705044,0.0,3,80,t=80,1.0
4,0.0,0.82,0.18,1164.768640203216,19.39731097375087,0.0,3,80,t=80,1.0
5,0.0,0.79,0.21,1311.4597444450508,24.93020381653475,0.0,3,80,t=80,1.0
6,0.0,0.755,0.245,1399.2750586354948,28.03642546878693,0.0,3,80,t=80,1.0
7,0.0,0.715,0.285,1478.7898084840551,30.728292769902435,0.0,3,80,t=80,1.0
8,0.0,0.675,0.325,1604.9182961026568,34.957949330393504,0.0,3,80,t=80,1.0
9,0.0,0.64,0.36,1658.7170251798543,37.05359921753427,0.0,3,80,t=80,1.0
10,0.0,0.615,0.385,1721.6780918575087,39.95676523953933,0.0,3,80,t=80,1.0
11,0.0,0.59,0.41,1742.1406850983062,41.061100578050436,0.0,3,80,t=80,1.0
12,0.0,0.555,0.445,1782.5975226678497,43.65810756459338,0.0,3,80,t=80,1.0
13,0.0,0.525,0.475,1831.0640634095635,48.58473847140978,0.0,3,80,t=80,1.0
14,0.0,0.495,0.505,1841.811803035193,51.28690483998109,0.0,3,80,t=80,1.0
15,0.0,0.47,0.53,1843.2423333618317,52.76707552855041,0.0,3,80,t=80,1.0
16,0.0,0.445,0.555,1842.3235729170324,53.71865561172321,0.0,3,80,t=80,1.0
17,0.0,0.42,0.58,1838.0276145429389,55.26398204910154,0.0,3,80,t=80,1.0
18,0.0,0.4,0.6,1833.9851588663246,56.17042149640926,0.0,3,80,t=80,1.0
19,0.0,0.365,0.635,1820.9966276575406,58.14422214681352,0.0,3,80,t=80,1.0
20,0.0,0.36,0.64,1818.2188982032362,58.49211576261157,0.0,3,80,t=80,1.0
21,0.0,0.34,0.66,1802.7278501873502,60.14160095228948,0.0,3,80,t=80,1.0
22,0.0,0.32,0.68,1789.2968814072906,61.29875295544855,0.0,3,80,t=80,1.0
23,0.0,0.305,0.695,1784.7244041916533,61.66655609981591,0.0,3,80,t=80,1.0
24,0.0,0.295,0.705,1776.5683572684475,62.28580744213978,0.0,3,80,t=80,1.0
25,0.0,0.29,0.71,1775.7558583695418,62.34502575576209,0.0,3,80,t=80,1.0
26,0.0,0.265,0.735,1765.8020635028802,63.04842512088745,0.0,3,80,t=80,1.0
27,0.0,0.245,0.755,1743.9568425432935,64.45065698891825,0.0,3,80,t=80,1.0
28,0.0,0.24,0.76,1732.8799503292964,65.10076020159207,0.0,3,80,t=80,1.0
29,0.0,0.23,0.77,1727.2360629310203,65.42354893944551,0.0,3,80,t=80,1.0
30,0.0,0.22,0.78,1723.431322650748,65.63429774030335,0.0,3,80,t=80,1.0
31,0.0,0.215,0.785,1719.2281989536507,65.86613656808854,0.0,3,80,t=80,1.0
32,0.0,0.215,0.785,1719.2281989536507,65.86613656808854,0.0,3,80,t=80,1.0
33,0.0,0.21,0.79,1713.0290035348307,66.2000194514712,0.0,3,80,t=80,1.0
34,0.0,0.205,0.795,1709.3182562340803,66.39457983944878,0.0,3,80,t=80,1.0
35,0.0,0.205,0.795,1709.3182562340803,66.39457983944878,0.0,3,80,t=80,1.0
36,0.0,0.195,0.805,1699.9059672251094,66.87743823432167,0.0,3,80,t=80,1.0
37,0.0,0.18,0.82,1678.5255271555188,67.93598870686225,0.0,3,80,t=80,1.0
38,0.0,0.17,0.83,1671.2122836759659,68.28327940625621,0.0,3,80,t=80,1.0
39,0.0,0.16,0.84,1653.1210882736557,69.10274001866465,0.0,3,80,t=80,1.0
40,0.0,0.155,0.845,1647.062116576852,69.37219502427496,0.0,3,80,t=80,1.0
41,0.0,0.15,0.85,1631.4323401517534,70.05137239754403,0.0,3,80,t=80,1.0
42,0.0,0.15,0.85,1631.4323401517534,70.05137239754403,0.0,3,80,t=80,1.0
43,0.0,0.145,0.855,1625.6847021557417,70.29481223793614,0.0,3,80,t=80,1.0
44,0.0,0.135,0.865,1614.0779213601672,70.77064069998039,0.0,3,80,t=80,1.0
45,0.0,0.125,0.875,1603.215823830754,71.20966705262089,0.0,3,80,t=80,1.0
46,0.0,0.12,0.88,1591.1572415596625,71.68066866906997,0.0,3,80,t=80,1.0
47,0.0,0.11,0.89,1587.8043077324585,71.8101315289076,0.0,3,80,t=80,1.0
48,0.0,0.1,0.9,1561.1531327240066,72.8223925862874,0.0,3,80,t=80,1.0
49,0.0,0.085,0.915,1527.0534018612268,74.04700108318164,0.0,3,80,t=80,1.0
50,0.0,0.085,0.915,1527.0534018612268,74.04700108318164,0.0,3,80,t=80,1.0
51,0.0,0.085,0.915,1527.0534018612268,74.04700108318164,0.0,3,80,t=80,1.0
52,0.0,0.085,0.915,1527.0534018612268,74.04700108318164,0.0,3,80,t=80,1.0
53,0.0,0.075,0.925,1514.0126571802234,74.49923654062782,0.0,3,80,t=80,1.0
54,0.0,0.07,0.93,1511.1754012992697,74.59710179750432,0.0,3,80,t=80,1.0
55,0.0,0.065,0.935,1491.8140793222597,75.25683982622428,0.0,3,80,t=80,1.0
56,0.0,0.065,0.935,1491.8140793222597,75.25683982622428,0.0,3,80,t=80,1.0
57,0.0,0.065,0.935,1491.8140793222597,75.25683982622428,0.0,3,80,t=80,1.0
58,0.0,0.06,0.94,1477.8663383644232,75.7164920931425,0.0,3,80,t=80,1.0
59,0.0,0.055,0.945,1474.2060990720008,75.83553390150266,0.0,3,80,t=80,1.0
60,0.0,0.055,0.945,1474.2060990720008,75.83553390150266,0.0,3,80,t=80,1.0
61,0.0,0.055,0.945,1474.2060990720008,75.83553390150266,0.0,3,80,t=80,1.0
62,0.0,0.055,0.945,1474.2060990720008,75.83553390150266,0.0,3,80,t=80,1.0
63,0.0,0.055,0.945,1474.2060990720008,75.83553390150266,0.0,3,80,t=80,1.0
64,0.0,0.055,0.945,1474.2060990720008,75.83553390150266,0.0,3,80,t=80,1.0
65,0.0,0.05,0.95,1460.6989582224621,76.27562917250762,0.0,3,80,t=80,1.0
66,0.0,0.05,0.95,1460.6989582224621,76.27562917250762,0.0,3,80,t=80,1.0
67,0.0,0.045,0.955,1441.02247821006,76.90471635715645,0.0,3,80,t=80,1.0
68,0.0,0.045,0.955,1441.02247821006,76.90471635715645,0.0,3,80,t=80,1.0
69,0.0,0.045,0.955,1441.02247821006,76.90471635715645,0.0,3,80,t=80,1.0
70,0.0,0.045,0.955,1441.02247821006,76.90471635715645,0.0,3,80,t=80,1.0
71,0.0,0.045,0.955,1441.02247821006,76.90471635715645,0.0,3,80,t=80,1.0
72,0.0,0.045,0.955,1441.02247821006,76.90471635715645,0.0,3,80,t=80,1.0
73,0.0,0.045,0.955,1441.02247821006,76.90471635715645,0.0,3,80,t=80,1.0
74,0.0,0.045,0.955,1441.02247821006,76.90471635715645,0.0,3,80,t=80,1.0
75,0.0,0.04,0.96,1436.790924782811,77.03792358455513,0.0,3,80,t=80,1.0
76,0.0,0.04,0.96,1436.790924782811,77.03792358455513,0.0,3,80,t=80,1.0
77,0.0,0.04,0.96,1436.790924782811,77.03792358455513,0.0,3,80,t=80,1.0
78,0.0,0.035,0.965,1427.0290263079946,77.34434307025649,0.0,3,80,t=80,1.0
79,0.0,0.035,0.965,1427.0290263079946,77.34434307025649,0.0,3,80,t=80,1.0
80,0.0,0.035,0.965,1427.0290263079946,77.34434307025649,1.0,3,80,t=80,1.0
81,0.0,0.035,0.965,1427.0290263079946,77.34434307025649,1.0,3,80,t=80,1.0
82,0.0,0.035,0.965,1427.0290263079946,77.34434307025649,1.0,3,80,t=80,1.0
0,0.0,1.0,0.0,1144.567994924898,0.0,0.0,2,-1,never,1.0
1,0.0,0.95,0.05,1058.5051775217546,5.07661537266932,0.0,2,-1,never,1.0
2,0.0,0.905,0.095,1156.9780954937905,10.64649021368391,0.0,2,-1,never,1.0
3,0.0,0.855,0.145,1271.437513515263,15.771004574808673,0.0,2,-1,never,1.0
4,0.0,0.805,0.195,1350.0397997739778,19.05764563910815,0.0,2,-1,never,1.0
5,0.0,0.76,0.24,1442.821464674202,22.757673070004028,0.0,2,-1,never,1.0
6,0.0,0.72,0.28,1536.0753290869202,26.28748659497974,0.0,2,-1,never,1.0
7,0.0,0.69,0.31,1611.1465187460676,29.009470535780686,0.0,2,-1,never,1.0
8,0.0,0.645,0.355,1711.1301641814757,32.49980348077946,0.0,2,-1,never,1.0
9,0.0,0.6,0.4,1823.414114671792,36.64216278021419,0.0,2,-1,never,1.0
10,0.0,0.58,0.42,1847.1216941009777,37.6798985705703,0.0,2,-1,never,1.0
11,0.0,0.54,0.46,1896.8449874986634,40.181068762704754,0.0,2,-1,never,1.0
12,0.0,0.51,0.49,1933.3134886009855,42.46954037585115,0.0,2,-1,never,1.0
13,0.0,0.475,0.525,1965.9832893668583,45.22482570525095,0.0,2,-1,never,1.0
14,0.0,0.45,0.55,1983.7151585163026,47.504276704514325,0.0,2,-1,never,1.0
15,0.0,0.435,0.565,1988.0945285803589,48.31793801031113,0.0,2,-1,never,1.0
16,0.0,0.415,0.585,1993.7957935596828,52.35858516567047,0.0,2,-1,never,1.0
17,0.0,0.41,0.59,1991.7919699124748,53.20498610632138,0.0,2,-1,never,1.0
18,0.0,0.385,0.615,1976.0982110587559,56.2216572161105,0.0,2,-1,never,1.0
19,0.0,0.345,0.655,1949.2556998804685,58.99163497393633,0.0,2,-1,never,1.0
20,0.0,0.32,0.68,1930.1001589186167,60.49039331393396,0.0,2,-1,never,1.0
21,0.0,0.31,0.69,1918.746925153695,61.26608491802163,0.0,2,-1,never,1.0
22,0.0,0.305,0.695,1913.4833734941712,61.607179570838966,0.0,2,-1,never,1.0
23,0.0,0.285,0.715,1892.3614770707582,62.88677037715636,0.0,2,-1,never,1.0
24,0.0,0.265,0.735,1881.4176470640323,63.4975981486257,0.0,2,-1,never,1.0
25,0.0,0.25,0.75,1865.112332196558,64.36187617302045,0.0,2,-1,never,1.0
26,0.0,0.235,0.765,1818.7192614577157,66.57751975097828,0.0,2,-1,never,1.0
27,0.0,0.215,0.785,1786.2428648128105,67.95319624339177,0.0,2,-1,never,1.0
28,0.0,0.21,0.79,1777.6283268508548,68.30311457577344,0.0,2,-1,never,1.0
29,0.0,0.195,0.805,1755.2177324199545,69.18330649948774,0.0,2,-1,never,1.0
30,0.0,0.185,0.815,1738.6738508833494,69.79993433961707,0.0,2,-1,never,1.0
31,0.0,0.17,0.83,1719.7260976565042,70.4903202029613,0.0,2,-1,never,1.0
32,0.0,0.155,0.845,1689.5550538542536,71.54346751161282,0.0,2,-1,never,1.0
33,0.0,0.155,0.845,1689.5550538542536,71.54346751161282,0.0,2,-1,never,1.0
34,0.0,0.155,0.845,1689.5550538542536,71.54346751161282,0.0,2,-1,never,1.0
35,0.0,0.15,0.85,1681.2662235825424,71.82249809855139,0.0,2,-1,never,1.0
36,0.0,0.14,0.86,1657.9072749950715,72.59370686961286,0.0,2,-1,never,1.0
37,0.0,0.13,0.87,1644.7639517363878,73.01816508558102,0.0,2,-1,never,1.0
38,0.0,0.115,0.885,1602.4505892114987,74.33390086665415,0.0,2,-1,never,1.0
39,0.0,0.11,0.89,1582.7372548782785,74.92778547853979,0.0,2,-1,never,1.0
40,0.0,0.105,0.895,1568.5208961473022,75.3431099870727,0.0,2,-1,never,1.0
41,0.0,0.09,0.91,1552.3467938005658,75.80977889054816,0.0,2,-1,never,1.0
42,0.0,0.09,0.91,1552.3467938005658,75.80977889054816,0.0,2,-1,never,1.0
43,0.0,0.085,0.915,1544.2355069340497,76.04176484288246,0.0,2,-1,never,1.0
44,0.0,0.08,0.92,1534.6105472670747,76.31218312861233,0.0,2,-1,never,1.0
45,0.0,0.075,0.925,1525.9158881325372,76.55503982572327,0.0,2,-1,never,1.0
46,0.0,0.075,0.925,1525.9158881325372,76.55503982572327,0.0,2,-1,never,1.0
47,0.0,0.07,0.93,1503.9893887318885,77.16355472349431,0.0,2,-1,never,1.0
48,0.0,0.065,0.935,1483.3540308483575,77.72550789000569,0.0,2,-1,never,1.0
49,0.0,0.055,0.945,1458.843957399939,78.37720732104806,0.0,2,-1,never,1.0
50,0.0,0.055,0.945,1458.843957399939,78.37720732104806,0.0,2,-1,never,1.0
51,0.0,0.055,0.945,1458.843957399939,78.37720732104806,0.0,2,-1,never,1.0
52,0.0,0.055,0.945,1458.843957399939,78.37720732104806,0.0,2,-1,never,1.0
53,0.0,0.05,0.95,1449.3703667199638,78.62646159004953,0.0,2,-1,never,1.0
54,0.0,0.045,0.955,1434.5970015119656,79.01129483074224,0.0,2,-1,never,1.0
55,0.0,0.045,0.955,1434.5970015119656,79.01129483074224,0.0,2,-1,never,1.0
56,0.0,0.04,0.96,1430.1668507969239,79.12472777136978,0.0,2,-1,never,1.0
57,0.0,0.025,0.975,1412.49935239646,79.57318722956035,0.0,2,-1,never,1.0
58,0.0,0.02,0.98,1400.1477998052737,79.88221522854984,0.0,2,-1,never,1.0
59,0.0,0.02,0.98,1400.1477998052737,79.88221522854984,0.0,2,-1,never,1.0
60,0.0,0.02,0.98,1400.1477998052737,79.88221522854984,0.0,2,-1,never,1.0
61,0.0,0.02,0.98,1400.1477998052737,79.88221522854984,0.0,2,-1,never,1.0
62,0.0,0.02,0.98,1400.1477998052737,79.88221522854984,0.0,2,-1,never,1.0
0,0.0,1.0,0.0,1144.567994924898,0.0,1.0,2,0,t=0,1.0
1,0.0,0.95,0.05,1058.5051775217546,5.07661537266932,1.0,2,0,t=0,1.0
2,0.0,0.905,0.095,1156.9780954937905,10.64649021368391,1.0,2,0,t=0,1.0
3,0.0,0.855,0.145,1271.437513515263,15.771004574808673,1.0,2,0,t=0,1.0
4,0.0,0.805,0.195,1350.0397997739778,19.05764563910815,1.0,2,0,t=0,1.0
5,0.0,0.76,0.24,1442.821464674202,22.757673070004028,1.0,2,0,t=0,1.0
6,0.0,0.72,0.28,1536.0753290869202,26.28748659497974,1.0,2,0,t=0,1.0
7,0.0,0.69,0.31,1611.1465187460676,29.009470535780686,1.0,2,0,t=0,1.0
8,0.0,0.645,0.355,1711.1301641814757,32.49980348077946,1.0,2,0,t=0,1.0
9,0.0,0.645,0.355,1711.1301641814757,32.49980348077946,1.0,2,0,t=0,1.0
10,0.0,0.645,0.355,1711.1301641814757,32.49980348077946,1.0,2,0,t=0,1.0
11,0.0,0.645,0.355,1711.1301641814757,32.49980348077946,1.0,2,0,t=0,1.0
12,0.0,0.645,0.355,1711.1301641814757,32.49980348077946,1.0,2,0,t=0,1.0
0,0.0,1.0,0.0,1144.567994924898,0.0,0.0,2,10,t=10,1.0
1,0.0,0.95,0.05,1058.5051775217546,5.07661537266932,0.0,2,10,t=10,1.0
2,0.0,0.905,0.095,1156.9780954937905,10.64649021368391,0.0,2,10,t=10,1.0
3,0.0,0.855,0.145,1271.437513515263,15.771004574808673,0.0,2,10,t=10,1.0
4,0.0,0.805,0.195,1350.0397997739778,19.05764563910815,0.0,2,10,t=10,1.0
5,0.0,0.76,0.24,1442.821464674202,22.757673070004028,0.0,2,10,t=10,1.0
6,0.0,0.72,0.28,1536.0753290869202,26.28748659497974,0.0,2,10,t=10,1.0
7,0.0,0.69,0.31,1611.1465187460676,29.009470535780686,0.0,2,10,t=10,1.0
8,0.0,0.645,0.355,1711.1301641814757,32.49980348077946,0.0,2,10,t=10,1.0
9,0.0,0.6,0.4,1823.414114671792,36.64216278021419,0.0,2,10,t=10,1.0
10,0.0,0.58,0.42,1847.1216941009777,37.6798985705703,1.0,2,10,t=10,1.0
11,0.0,0.58,0.42,1847.1216941009777,37.6798985705703,1.0,2,10,t=10,1.0
12,0.0,0.58,0.42,1847.1216941009777,37.6798985705703,1.0,2,10,t=10,1.0
13,0.0,0.58,0.42,1847.1216941009777,37.6798985705703,1.0,2,10,t=10,1.0
14,0.0,0.58,0.42,1847.1216941009777,37.6798985705703,1.0,2,10,t=10,1.0
0,0.0,1.0,0.0,1144.567994924898,0.0,0.0,2,20,t=20,1.0
1,0.0,0.95,0.05,1058.5051775217546,5.07661537266932,0.0,2,20,t=20,1.0
2,0.0,0.905,0.095,1156.9780954937905,10.64649021368391,0.0,2,20,t=20,1.0
3,0.0,0.855,0.145,1271.437513515263,15.771004574808673,0.0,2,20,t=20,1.0
4,0.0,0.805,0.195,1350.0397997739778,19.05764563910815,0.0,2,20,t=20,1.0
5,0.0,0.76,0.24,1442.821464674202,22.757673070004028,0.0,2,20,t=20,1.0
6,0.0,0.72,0.28,1536.0753290869202,26.28748659497974,0.0,2,20,t=20,1.0
7,0.0,0.69,0.31,1611.1465187460676,29.009470535780686,0.0,2,20,t=20,1.0
8,0.0,0.645,0.355,1711.1301641814757,32.49980348077946,0.0,2,20,t=20,1.0
9,0.0,0.6,0.4,1823.414114671792,36.64216278021419,0.0,2,20,t=20,1.0
10,0.0,0.58,0.42,1847.1216941009777,37.6798985705703,0.0,2,20,t=20,1.0
11,0.0,0.54,0.46,1896.8449874986634,40.181068762704754,0.0,2,20,t=20,1.0
12,0.0,0.51,0.49,1933.3134886009855,42.46954037585115,0.0,2,20,t=20,1.0
13,0.0,0.475,0.525,1965.9832893668583,45.22482570525095,0.0,2,20,t=20,1.0
14,0.0,0.45,0.55,1983.7151585163026,47.504276704514325,0.0,2,20,t=20,1.0
15,0.0,0.435,0.565,1988.0945285803589,48.31793801031113,0.0,2,20,t=20,1.0
16,0.0,0.415,0.585,1993.7957935596828,52.35858516567047,0.0,2,20,t=20,1.0
17,0.0,0.41,0.59,1991.7919699124748,53.20498610632138,0.0,2,20,t=20,1.0
18,0.0,0.385,0.615,1976.0982110587559,56.2216572161105,0.0,2,20,t=20,1.0
19,0.0,0.345,0.655,1949.2556998804685,58.99163497393633,0.0,2,20,t=20,1.0
20,0.0,0.32,0.68,1930.1001589186167,60.49039331393396,1.0,2,20,t=20,1.0
21,0.0,0.32,0.68,1930.1001589186167,60.49039331393396,1.0,2,20,t=20,1.0
22,0.0,0.32,0.68,1930.1001589186167,60.49039331393396,1.0,2,20,t=20,1.0
23,0.0,0.32,0.68,1930.1001589186167,60.49039331393396,1.0,2,20,t=20,1.0
24,0.0,0.32,0.68,1930.1001589186167,60.49039331393396,1.0,2,20,t=20,1.0
0,0.0,1.0,0.0,1144.567994924898,0.0,0.0,2,40,t=40,1.0
1,0.0,0.95,0.05,1058.5051775217546,5.07661537266932,0.0,2,40,t=40,1.0
2,0.0,0.905,0.095,1156.9780954937905,10.64649021368391,0.0,2,40,t=40,1.0
3,0.0,0.855,0.145,1271.437513515263,15.771004574808673,0.0,2,40,t=40,1.0
4,0.0,0.805,0.195,1350.0397997739778,19.05764563910815,0.0,2,40,t=40,1.0
5,0.0,0.76,0.24,1442.821464674202,22.757673070004028,0.0,2,40,t=40,1.0
6,0.0,0.72,0.28,1536.0753290869202,26.28748659497974,0.0,2,40,t=40,1.0
7,0.0,0.69,0.31,1611.1465187460676,29.009470535780686,0.0,2,40,t=40,1.0
8,0.0,0.645,0.355,1711.1301641814757,32.49980348077946,0.0,2,40,t=40,1.0
9,0.0,0.6,0.4,1823.414114671792,36.64216278021419,0.0,2,40,t=40,1.0
10,0.0,0.58,0.42,1847.1216941009777,37.6798985705703,0.0,2,40,t=40,1.0
11,0.0,0.54,0.46,1896.8449874986634,40.181068762704754,0.0,2,40,t=40,1.0
12,0.0,0.51,0.49,1933.3134886009855,42.46954037585115,0.0,2,40,t=40,1.0
13,0.0,0.475,0.525,1965.9832893668583,45.22482570525095,0.0,2,40,t=40,1.0
14,0.0,0.45,0.55,1983.7151585163026,47.504276704514325,0.0,2,40,t=40,1.0
15,0.0,0.435,0.565,1988.0945285803589,48.31793801031113,0.0,2,40,t=40,1.0
16,0.0,0.415,0.585,1993.7957935596828,52.35858516567047,0.0,2,40,t=40,1.0
17,0.0,0.41,0.59,1991.7919699124748,53.20498610632138,0.0,2,40,t=40,1.0
18,0.0,0.385,0.615,1976.0982110587559,56.2216572161105,0.0,2,40,t=40,1.0
19,0.0,0.345,0.655,1949.2556998804685,58.99163497393633,0.0,2,40,t=40,1.0
20,0.0,0.32,0.68,1930.1001589186167,60.49039331393396,0.0,2,40,t=40,1.0
21,0.0,0.31,0.69,1918.746925153695,61.26608491802163,0.0,2,40,t=40,1.0
22,0.0,0.305,0.695,1913.4833734941712,61.607179570838966,0.0,2,40,t=40,1.0
23,0.0,0.285,0.715,1892.3614770707582,62.88677037715636,0.0,2,40,t=40,1.0
24,0.0,0.265,0.735,1881.4176470640323,63.4975981486257,0.0,2,40,t=40,1.0
25,0.0,0.25,0.75,1865.112332196558,64.36187617302045,0.0,2,40,t=40,1.0
26,0.0,0.235,0.765,1818.7192614577157,66.57751975097828,0.0,2,40,t=40,1.0
27,0.0,0.215,0.785,1786.2428648128105,67.95319624339177,0.0,2,40,t=40,1.0
28,0.0,0.21,0.79,1777.6283268508548,68.30311457577344,0.0,2,40,t=40,1.0
29,0.0,0.195,0.805,1755.2177324199545,69.18330649948774,0.0,2,40,t=40,1.0
30,0.0,0.185,0.815,1738.6738508833494,69.79993433961707,0.0,2,40,t=40,1.0
31,0.0,0.17,0.83,1719.7260976565042,70.4903202029613,0.0,2,40,t=40,1.0
32,0.0,0.155,0.845,1689.5550538542536,71.54346751161282,0.0,2,40,t=40,1.0
33,0.0,0.155,0.845,1689.5550538542536,71.54346751161282,0.0,2,40,t=40,1.0
34,0.0,0.155,0.845,1689.5550538542536,71.54346751161282,0.0,2,40,t=40,1.0
35,0.0,0.15,0.85,1681.2662235825424,71.82249809855139,0.0,2,40,t=40,1.0
36,0.0,0.14,0.86,1657.9072749950715,72.59370686961286,0.0,2,40,t=40,1.0
37,0.0,0.13,0.87,1644.7639517363878,73.01816508558102,0.0,2,40,t=40,1.0
38,0.0,0.115,0.885,1602.4505892114987,74.33390086665415,0.0,2,40,t=40,1.0
39,0.0,0.11,0.89,1582.7372548782785,74.92778547853979,0.0,2,40,t=40,1.0
40,0.0,0.105,0.895,1568.5208961473022,75.3431099870727,1.0,2,40,t=40,1.0
41,0.0,0.105,0.895,1568.5208961473022,75.3431099870727,1.0,2,40,t=40,1.0
42,0.0,0.105,0.895,1568.5208961473022,75.3431099870727,1.0,2,40,t=40,1.0
43,0.0,0.105,0.895,1568.5208961473022,75.3431099870727,1.0,2,40,t=40,1.0
44,0.0,0.105,0.895,1568.5208961473022,75.3431099870727,1.0,2,40,t=40,1.0
0,0.0,1.0,0.0,1144.567994924898,0.0,0.0,2,60,t=60,1.0
1,0.0,0.95,0.05,1058.5051775217546,5.07661537266932,0.0,2,60,t=60,1.0
2,0.0,0.905,0.095,1156.9780954937905,10.64649021368391,0.0,2,60,t=60,1.0
3,0.0,0.855,0.145,1271.437513515263,15.771004574808673,0.0,2,60,t=60,1.0
4,0.0,0.805,0.195,1350.0397997739778,19.05764563910815,0.0,2,60,t=60,1.0
5,0.0,0.76,0.24,1442.821464674202,22.757673070004028,0.0,2,60,t=60,1.0
6,0.0,0.72,0.28,1536.0753290869202,26.28748659497974,0.0,2,60,t=60,1.0
7,0.0,0.69,0.31,1611.1465187460676,29.009470535780686,0.0,2,60,t=60,1.0
8,0.0,0.645,0.355,1711.1301641814757,32.49980348077946,0.0,2,60,t=60,1.0
9,0.0,0.6,0.4,1823.414114671792,36.64216278021419,0.0,2,60,t=60,1.0
10,0.0,0.58,0.42,1847.1216941009777,37.6798985705703,0.0,2,60,t=60,1.0
11,0.0,0.54,0.46,1896.8449874986634,40.181068762704754,0.0,2,60,t=60,1.0
12,0.0,0.51,0.49,1933.3134886009855,42.46954037585115,0.0,2,60,t=60,1.0
13,0.0,0.475,0.525,1965.9832893668583,45.22482570525095,0.0,2,60,t=60,1.0
14,0.0,0.45,0.55,1983.7151585163026,47.504276704514325,0.0,2,60,t=60,1.0
15,0.0,0.435,0.565,1988.0945285803589,48.31793801031113,0.0,2,60,t=60,1.0
16,0.0,0.415,0.585,1993.7957935596828,52.35858516567047,0.0,2,60,t=60,1.0
17,0.0,0.41,0.59,1991.7919699124748,53.20498610632138,0.0,2,60,t=60,1.0
18,0.0,0.385,0.615,1976.0982110587559,56.2216572161105,0.0,2,60,t=60,1.0
19,0.0,0.345,0.655,1949.2556998804685,58.99163497393633,0.0,2,60,t=60,1.0
20,0.0,0.32,0.68,1930.1001589186167,60.49039331393396,0.0,2,60,t=60,1.0
21,0.0,0.31,0.69,1918.746925153695,61.26608491802163,0.0,2,60,t=60,1.0
22,0.0,0.305,0.695,1913.4833734941712,61.607179570838966,0.0,2,60,t=60,1.0
23,0.0,0.285,0.715,1892.3614770707582,62.88677037715636,0.0,2,60,t=60,1.0
24,0.0,0.265,0.735,1881.4176470640323,63.4975981486257,0.0,2,60,t=60,1.0
25,0.0,0.25,0.75,1865.112332196558,64.36187617302045,0.0,2,60,t=60,1.0
26,0.0,0.235,0.765,1818.7192614577157,66.57751975097828,0.0,2,60,t=60,1.0
27,0.0,0.215,0.785,1786.2428648128105,67.95319624339177,0.0,2,60,t=60,1.0
28,0.0,0.21,0.79,1777.6283268508548,68.30311457577344,0.0,2,60,t=60,1.0
29,0.0,0.195,0.805,1755.2177324199545,69.18330649948774,0.0,2,60,t=60,1.0
30,0.0,0.185,0.815,1738.6738508833494,69.79993433961707,0.0,2,60,t=60,1.0
31,0.0,0.17,0.83,1719.7260976565042,70.4903202029613,0.0,2,60,t=60,1.0
32,0.0,0.155,0.845,1689.5550538542536,71.54346751161282,0.0,2,60,t=60,1.0
33,0.0,0.155,0.845,1689.5550538542536,71.54346751161282,0.0,2,60,t=60,1.0
34,0.0,0.155,0.845,1689.5550538542536,71.54346751161282,0.0,2,60,t=60,1.0
35,0.0,0.15,0.85,1681.2662235825424,71.82249809855139,0.0,2,60,t=60,1.0
36,0.0,0.14,0.86,1657.9072749950715,72.59370686961286,0.0,2,60,t=60,1.0
37,0.0,0.13,0.87,1644.7639517363878,73.01816508558102,0.0,2,60,t=60,1.0
38,0.0,0.115,0.885,1602.4505892114987,74.33390086665415,0.0,2,60,t=60,1.0
39,0.0,0.11,0.89,1582.7372548782785,74.92778547853979,0.0,2,60,t=60,1.0
40,0.0,0.105,0.895,1568.5208961473022,75.3431099870727,0.0,2,60,t=60,1.0
41,0.0,0.09,0.91,1552.3467938005658,75.80977889054816,0.0,2,60,t=60,1.0
42,0.0,0.09,0.91,1552.3467938005658,75.80977889054816,0.0,2,60,t=60,1.0
43,0.0,0.085,0.915,1544.2355069340497,76.04176484288246,0.0,2,60,t=60,1.0
44,0.0,0.08,0.92,1534.6105472670747,76.31218312861233,0.0,2,60,t=60,1.0
45,0.0,0.075,0.925,1525.9158881325372,76.55503982572327,0.0,2,60,t=60,1.0
46,0.0,0.075,0.925,1525.9158881325372,76.55503982572327,0.0,2,60,t=60,1.0
47,0.0,0.07,0.93,1503.9893887318885,77.16355472349431,0.0,2,60,t=60,1.0
48,0.0,0.065,0.935,1483.3540308483575,77.72550789000569,0.0,2,60,t=60,1.0
49,0.0,0.055,0.945,1458.843957399939,78.37720732104806,0.0,2,60,t=60,1.0
50,0.0,0.055,0.945,1458.843957399939,78.37720732104806,0.0,2,60,t=60,1.0
51,0.0,0.055,0.945,1458.843957399939,78.37720732104806,0.0,2,60,t=60,1.0
52,0.0,0.055,0.945,1458.843957399939,78.37720732104806,0.0,2,60,t=60,1.0
53,0.0,0.05,0.95,1449.3703667199638,78.62646159004953,0.0,2,60,t=60,1.0
54,0.0,0.045,0.955,1434.5970015119656,79.01129483074224,0.0,2,60,t=60,1.0
55,0.0,0.045,0.955,1434.5970015119656,79.01129483074224,0.0,2,60,t=60,1.0
56,0.0,0.04,0.96,1430.1668507969239,79.12472777136978,0.0,2,60,t=60,1.0
57,0.0,0.025,0.975,1412.49935239646,79.57318722956035,0.0,2,60,t=60,1.0
58,0.0,0.02,0.98,1400.1477998052737,79.88221522854984,0.0,2,60,t=60,1.0
59,0.0,0.02,0.98,1400.1477998052737,79.88221522854984,0.0,2,60,t=60,1.0
60,0.0,0.02,0.98,1400.1477998052737,79.88221522854984,1.0,2,60,t=60,1.0
61,0.0,0.02,0.98,1400.1477998052737,79.88221522854984,1.0,2,60,t=60,1.0
62,0.0,0.02,0.98,1400.1477998052737,79.88221522854984,1.0,2,60,t=60,1.0
0,0.0,1.0,0.0,1144.567994924898,0.0,0.0,2,80,t=80,1.0
1,0.0,0.95,0.05,1058.5051775217546,5.07661537266932,0.0,2,80,t=80,1.0
2,0.0,0.905,0.095,1156.9780954937905,10.64649021368391,0.0,2,80,t=80,1.0
3,0.0,0.855,0.145,1271.437513515263,15.771004574808673,0.0,2,80,t=80,1.0
4,0.0,0.805,0.195,1350.0397997739778,19.05764563910815,0.0,2,80,t=80,1.0
5,0.0,0.76,0.24,1442.821464674202,22.757673070004028,0.0,2,80,t=80,1.0
6,0.0,0.72,0.28,1536.0753290869202,26.28748659497974,0.0,2,80,t=80,1.0
7,0.0,0.69,0.31,1611.1465187460676,29.009470535780686,0.0,2,80,t=80,1.0
8,0.0,0.645,0.355,1711.1301641814757,32.49980348077946,0.0,2,80,t=80,1.0
9,0.0,0.6,0.4,1823.414114671792,36.64216278021419,0.0,2,80,t=80,1.0
10,0.0,0.58,0.42,1847.1216941009777,37.6798985705703,0.0,2,80,t=80,1.0
11,0.0,0.54,0.46,1896.8449874986634,40.181068762704754,0.0,2,80,t=80,1.0
12,0.0,0.51,0.49,1933.3134886009855,42.46954037585115,0.0,2,80,t=80,1.0
13,0.0,0.475,0.525,1965.9832893668583,45.22482570525095,0.0,2,80,t=80,1.0
14,0.0,0.45,0.55,1983.7151585163026,47.504276704514325,0.0,2,80,t=80,1.0
15,0.0,0.435,0.565,1988.0945285803589,48.31793801031113,0.0,2,80,t=80,1.0
16,0.0,0.415,0.585,1993.7957935596828,52.35858516567047,0.0,2,80,t=80,1.0
17,0.0,0.41,0.59,1991.7919699124748,53.20498610632138,0.0,2,80,t=80,1.0
18,0.0,0.385,0.615,1976.0982110587559,56.2216572161105,0.0,2,80,t=80,1.0
19,0.0,0.345,0.655,1949.2556998804685,58.99163497393633,0.0,2,80,t=80,1.0
20,0.0,0.32,0.68,1930.1001589186167,60.49039331393396,0.0,2,80,t=80,1.0
21,0.0,0.31,0.69,1918.746925153695,61.26608491802163,0.0,2,80,t=80,1.0
22,0.0,0.305,0.695,1913.4833734941712,61.607179570838966,0.0,2,80,t=80,1.0
23,0.0,0.285,0.715,1892.3614770707582,62.88677037715636,0.0,2,80,t=80,1.0
24,0.0,0.265,0.735,1881.4176470640323,63.4975981486257,0.0,2,80,t=80,1.0
25,0.0,0.25,0.75,1865.112332196558,64.36187617302045,0.0,2,80,t=80,1.0
26,0.0,0.235,0.765,1818.7192614577157,66.57751975097828,0.0,2,80,t=80,1.0
27,0.0,0.215,0.785,1786.2428648128105,67.95319624339177,0.0,2,80,t=80,1.0
28,0.0,0.21,0.79,1777.6283268508548,68.30311457577344,0.0,2,80,t=80,1.0
29,0.0,0.195,0.805,1755.2177324199545,69.18330649948774,0.0,2,80,t=80,1.0
30,0.0,0.185,0.815,1738.6738508833494,69.79993433961707,0.0,2,80,t=80,1.0
31,0.0,0.17,0.83,1719.7260976565042,70.4903202029613,0.0,2,80,t=80,1.0
32,0.0,0.155,0.845,1689.5550538542536,71.54346751161282,0.0,2,80,t=80,1.0
33,0.0,0.155,0.845,1689.5550538542536,71.54346751161282,0.0,2,80,t=80,1.0
34,0.0,0.155,0.845,1689.5550538542536,71.54346751161282,0.0,2,80,t=80,1.0
35,0.0,0.15,0.85,1681.2662235825424,71.82249809855139,0.0,2,80,t=80,1.0
36,0.0,0.14,0.86,1657.9072749950715,72.59370686961286,0.0,2,80,t=80,1.0
37,0.0,0.13,0.87,1644.7639517363878,73.01816508558102,0.0,2,80,t=80,1.0
38,0.0,0.115,0.885,1602.4505892114987,74.33390086665415,0.0,2,80,t=80,1.0
39,0.0,0.11,0.89,1582.7372548782785,74.92778547853979,0.0,2,80,t=80,1.0
40,0.0,0.105,0.895,1568.5208961473022,75.3431099870727,0.0,2,80,t=80,1.0
41,0.0,0.09,0.91,1552.3467938005658,75.80977889054816,0.0,2,80,t=80,1.0
42,0.0,0.09,0.91,1552.3467938005658,75.80977889054816,0.0,2,80,t=80,1.0
43,0.0,0.085,0.915,1544.2355069340497,76.04176484288246,0.0,2,80,t=80,1.0
44,0.0,0.08,0.92,1534.6105472670747,76.31218312861233,0.0,2,80,t=80,1.0
45,0.0,0.075,0.925,1525.9158881325372,76.55503982572327,0.0,2,80,t=80,1.0
46,0.0,0.075,0.925,1525.9158881325372,76.55503982572327,0.0,2,80,t=80,1.0
47,0.0,0.07,0.93,1503.9893887318885,77.16355472349431,0.0,2,80,t=80,1.0
48,0.0,0.065,0.935,1483.3540308483575,77.72550789000569,0.0,2,80,t=80,1.0
49,0.0,0.055,0.945,1458.843957399939,78.37720732104806,0.0,2,80,t=80,1.0
50,0.0,0.055,0.945,1458.843957399939,78.37720732104806,0.0,2,80,t=80,1.0
51,0.0,0.055,0.945,1458.843957399939,78.37720732104806,0.0,2,80,t=80,1.0
52,0.0,0.055,0.945,1458.843957399939,78.37720732104806,0.0,2,80,t=80,1.0
53,0.0,0.05,0.95,1449.3703667199638,78.62646159004953,0.0,2,80,t=80,1.0
54,0.0,0.045,0.955,1434.5970015119656,79.01129483074224,0.0,2,80,t=80,1.0
55,0.0,0.045,0.955,1434.5970015119656,79.01129483074224,0.0,2,80,t=80,1.0
56,0.0,0.04,0.96,1430.1668507969239,79.12472777136978,0.0,2,80,t=80,1.0
57,0.0,0.025,0.975,1412.49935239646,79.57318722956035,0.0,2,80,t=80,1.0
58,0.0,0.02,0.98,1400.1477998052737,79.88221522854984,0.0,2,80,t=80,1.0
59,0.0,0.02,0.98,1400.1477998052737,79.88221522854984,0.0,2,80,t=80,1.0
60,0.0,0.02,0.98,1400.1477998052737,79.88221522854984,0.0,2,80,t=80,1.0
61,0.0,0.02,0.98,1400.1477998052737,79.88221522854984,0.0,2,80,t=80,1.0
62,0.0,0.02,0.98,1400.1477998052737,79.88221522854984,0.0,2,80,t=80,1.0
63,0.0,0.015,0.985,1388.4363104213498,80.17270661113662,0.0,2,80,t=80,1.0
64,0.0,0.015,0.985,1388.4363104213498,80.17270661113662,0.0,2,80,t=80,1.0
65,0.0,0.01,0.99,1383.8712025418654,80.28591906973347,0.0,2,80,t=80,1.0
66,0.0,0.01,0.99,1383.8712025418654,80.28591906973347,0.0,2,80,t=80,1.0
67,0.0,0.01,0.99,1383.8712025418654,80.28591906973347,0.0,2,80,t=80,1.0
68,0.0,0.01,0.99,1383.8712025418654,80.28591906973347,0.0,2,80,t=80,1.0
69,0.0,0.01,0.99,1383.8712025418654,80.28591906973347,0.0,2,80,t=80,1.0
70,0.0,0.01,0.99,1383.8712025418654,80.28591906973347,0.0,2,80,t=80,1.0
71,0.0,0.01,0.99,1383.8712025418654,80.28591906973347,0.0,2,80,t=80,1.0
72,0.0,0.01,0.99,1383.8712025418654,80.28591906973347,0.0,2,80,t=80,1.0
73,0.0,0.01,0.99,1383.8712025418654,80.28591906973347,0.0,2,80,t=80,1.0
74,0.0,0.01,0.99,1383.8712025418654,80.28591906973347,0.0,2,80,t=80,1.0
75,0.0,0.01,0.99,1383.8712025418654,80.28591906973347,0.0,2,80,t=80,1.0
76,0.0,0.01,0.99,1383.8712025418654,80.28591906973347,0.0,2,80,t=80,1.0
77,0.0,0.01,0.99,1383.8712025418654,80.28591906973347,0.0,2,80,t=80,1.0
78,0.0,0.01,0.99,1383.8712025418654,80.28591906973347,0.0,2,80,t=80,1.0
79,0.0,0.01,0.99,1383.8712025418654,80.28591906973347,0.0,2,80,t=80,1.0
80,0.0,0.01,0.99,1383.8712025418654,80.28591906973347,1.0,2,80,t=80,1.0
0,0.0,1.0,0.0,1115.9313068244933,0.0,0.0,0,-1,never,1.0
1,0.0,0.95,0.05,1026.9414173077548,4.719162067866574,0.0,0,-1,never,1.0
2,0.0,0.91,0.09,1069.2465480237943,7.5829440294497115,0.0,0,-1,never,1.0
3,0.0,0.86,0.14,1148.4963827850056,11.463908205844445,0.0,0,-1,never,1.0
4,0.0,0.82,0.18,1273.6666544325365,16.895838645795962,0.0,0,-1,never,1.0
5,0.0,0.775,0.225,1373.698108927872,20.932656663701003,0.0,0,-1,never,1.0
6,0.0,0.74,0.26,1503.0728478890094,25.845543299801985,0.0,0,-1,never,1.0
7,0.0,0.71,0.29,1553.3683142153131,27.798399085265878,0.0,0,-1,never,1.0
8,0.0,0.685,0.315,1612.6647525777425,30.533330383145213,0.0,0,-1,never,1.0
9,0.0,0.65,0.35,1657.3123837472826,33.13113023377358,0.0,0,-1,never,1.0
10,0.0,0.625,0.375,1676.7686925286678,34.53890436577636,0.0,0,-1,never,1.0
11,0.0,0.59,0.41,1721.399273867529,40.07657084481322,0.0,0,-1,never,1.0
12,0.0,0.55,0.45,1721.7256512650129,44.41184252389021,0.0,0,-1,never,1.0
13,0.0,0.53,0.47,1714.8956800712972,45.88827633284659,0.0,0,-1,never,1.0
14,0.0,0.5,0.5,1706.055822854046,47.17318473606026,0.0,0,-1,never,1.0
15,0.0,0.49,0.51,1701.8603822093082,47.67513594418821,0.0,0,-1,never,1.0
16,0.0,0.47,0.53,1690.8816948817557,48.82840685244064,0.0,0,-1,never,1.0
17,0.0,0.44,0.56,1657.1104842949808,51.52380333386914,0.0,0,-1,never,1.0
18,0.0,0.42,0.58,1631.669428301293,53.1286867690061,0.0,0,-1,never,1.0
19,0.0,0.4,0.6,1604.1337172225553,54.6443933266188,0.0,0,-1,never,1.0
20,0.0,0.39,0.61,1594.3264620257228,55.14267472270939,0.0,0,-1,never,1.0
21,0.0,0.365,0.635,1561.7487213558288,56.68116333351091,0.0,0,-1,never,1.0
22,0.0,0.35,0.65,1541.9493630480906,57.53989099197928,0.0,0,-1,never,1.0
23,0.0,0.335,0.665,1519.0335124043497,58.480577337323034,0.0,0,-1,never,1.0
24,0.0,0.315,0.685,1497.8884309704135,59.30370013997799,0.0,0,-1,never,1.0
25,0.0,0.305,0.695,1482.1048548086983,59.89167730185446,0.0,0,-1,never,1.0
26,0.0,0.29,0.71,1457.3990582088193,60.78455018458978,0.0,0,-1,never,1.0
27,0.0,0.28,0.72,1449.8463308037442,61.048346893903854,0.0,0,-1,never,1.0
28,0.0,0.27,0.73,1433.1494480996885,61.61802222929669,0.0,0,-1,never,1.0
29,0.0,0.26,0.74,1420.0820182945888,62.05579952816858,0.0,0,-1,never,1.0
30,0.0,0.255,0.745,1404.8105134548944,62.55379462675139,0.0,0,-1,never,1.0
31,0.0,0.245,0.755,1368.4772475258728,63.696812744767946,0.0,0,-1,never,1.0
32,0.0,0.235,0.765,1348.6642129057657,64.30026734407892,0.0,0,-1,never,1.0
33,0.0,0.22,0.78,1330.2162925881134,64.84496286572599,0.0,0,-1,never,1.0
34,0.0,0.22,0.78,1330.2162925881134,64.84496286572599,0.0,0,-1,never,1.0
35,0.0,0.21,0.79,1280.1334152401494,66.27750752999037,0.0,0,-1,never,1.0
36,0.0,0.21,0.79,1280.1334152401494,66.27750752999037,0.0,0,-1,never,1.0
37,0.0,0.19,0.81,1162.54786426649,69.36300881566933,0.0,0,-1,never,1.0
38,0.0,0.175,0.825,1114.4008726301495,70.53118174790853,0.0,0,-1,never,1.0
39,0.0,0.165,0.835,1084.4381947382158,71.24106222817409,0.0,0,-1,never,1.0
40,0.0,0.16,0.84,1078.8057458518492,71.37206698731852,0.0,0,-1,never,1.0
41,0.0,0.145,0.855,1036.4939963073434,72.34396518430263,0.0,0,-1,never,1.0
42,0.0,0.145,0.855,1036.4939963073434,72.34396518430263,0.0,0,-1,never,1.0
43,0.0,0.135,0.865,1000.8093015073932,73.14486892660832,0.0,0,-1,never,1.0
44,0.0,0.13,0.87,994.591528335262,73.28142170003687,0.0,0,-1,never,1.0
45,0.0,0.125,0.875,977.5598213703947,73.65661298544585,0.0,0,-1,never,1.0
46,0.0,0.12,0.88,958.2310214089089,74.07411425069257,0.0,0,-1,never,1.0
47,0.0,0.12,0.88,958.2310214089089,74.07411425069257,0.0,0,-1,never,1.0
48,0.0,0.115,0.885,955.9058616462448,74.12437447222901,0.0,0,-1,never,1.0
49,0.0,0.11,0.89,951.6776846579683,74.21493886837038,0.0,0,-1,never,1.0
50,0.0,0.11,0.89,951.6776846579683,74.21493886837038,0.0,0,-1,never,1.0
51,0.0,0.105,0.895,946.0673775446248,74.33465924412047,0.0,0,-1,never,1.0
52,0.0,0.105,0.895,946.0673775446248,74.33465924412047,0.0,0,-1,never,1.0
53,0.0,0.1,0.9,924.7725610906887,74.78834620678677,0.0,0,-1,never,1.0
54,0.0,0.1,0.9,924.7725610906887,74.78834620678677,0.0,0,-1,never,1.0
55,0.0,0.09,0.91,908.4250330520849,75.13258434631956,0.0,0,-1,never,1.0
56,0.0,0.08,0.92,891.9311738748206,75.47785746697942,0.0,0,-1,never,1.0
57,0.0,0.075,0.925,867.3774926576884,75.98257033536709,0.0,0,-1,never,1.0
58,0.0,0.07,0.93,864.3673806753495,76.04399999631761,0.0,0,-1,never,1.0
59,0.0,0.07,0.93,864.3673806753495,76.04399999631761,0.0,0,-1,never,1.0
60,0.0,0.065,0.935,854.5764618600465,76.24303816774005,0.0,0,-1,never,1.0
61,0.0,0.065,0.935,854.5764618600465,76.24303816774005,0.0,0,-1,never,1.0
62,0.0,0.065,0.935,854.5764618600465,76.24303816774005,0.0,0,-1,never,1.0
63,0.0,0.06,0.94,832.3076155533672,76.69183713005549,0.0,0,-1,never,1.0
64,0.0,0.055,0.945,827.346022088132,76.79183427518552,0.0,0,-1,never,1.0
65,0.0,0.05,0.95,823.3038897539018,76.87337293372792,0.0,0,-1,never,1.0
66,0.0,0.05,0.95,823.3038897539018,76.87337293372792,0.0,0,-1,never,1.0
67,0.0,0.05,0.95,823.3038897539018,76.87337293372792,0.0,0,-1,never,1.0
68,0.0,0.045,0.955,814.7230334643523,77.04465608935524,0.0,0,-1,never,1.0
69,0.0,0.035,0.965,806.3732594214061,77.2106920962757,0.0,0,-1,never,1.0
70,0.0,0.035,0.965,806.3732594214061,77.2106920962757,0.0,0,-1,never,1.0
71,0.0,0.035,0.965,806.3732594214061,77.2106920962757,0.0,0,-1,never,1.0
72,0.0,0.035,0.965,806.3732594214061,77.2106920962757,0.0,0,-1,never,1.0
73,0.0,0.035,0.965,806.3732594214061,77.2106920962757,0.0,0,-1,never,1.0
0,0.0,1.0,0.0,1115.9313068244933,0.0,1.0,0,0,t=0,1.0
1,0.0,0.95,0.05,1026.9414173077548,4.719162067866574,1.0,0,0,t=0,1.0
2,0.0,0.91,0.09,1069.2465480237943,7.5829440294497115,1.0,0,0,t=0,1.0
3,0.0,0.86,0.14,1148.4963827850056,11.463908205844445,1.0,0,0,t=0,1.0
4,0.0,0.82,0.18,1273.6666544325365,16.895838645795962,1.0,0,0,t=0,1.0
5,0.0,0.775,0.225,1373.698108927872,20.932656663701003,1.0,0,0,t=0,1.0
6,0.0,0.74,0.26,1503.0728478890094,25.845543299801985,1.0,0,0,t=0,1.0
7,0.0,0.74,0.26,1503.0728478890094,25.845543299801985,1.0,0,0,t=0,1.0
8,0.0,0.74,0.26,1503.0728478890094,25.845543299801985,1.0,0,0,t=0,1.0
9,0.0,0.74,0.26,1503.0728478890094,25.845543299801985,1.0,0,0,t=0,1.0
10,0.0,0.74,0.26,1503.0728478890094,25.845543299801985,1.0,0,0,t=0,1.0
0,0.0,1.0,0.0,1115.9313068244933,0.0,0.0,0,10,t=10,1.0
1,0.0,0.95,0.05,1026.9414173077548,4.719162067866574,0.0,0,10,t=10,1.0
2,0.0,0.91,0.09,1069.2465480237943,7.5829440294497115,0.0,0,10,t=10,1.0
3,0.0,0.86,0.14,1148.4963827850056,11.463908205844445,0.0,0,10,t=10,1.0
4,0.0,0.82,0.18,1273.6666544325365,16.895838645795962,0.0,0,10,t=10,1.0
5,0.0,0.775,0.225,1373.698108927872,20.932656663701003,0.0,0,10,t=10,1.0
6,0.0,0.74,0.26,1503.0728478890094,25.845543299801985,0.0,0,10,t=10,1.0
7,0.0,0.71,0.29,1553.3683142153131,27.798399085265878,0.0,0,10,t=10,1.0
8,0.0,0.685,0.315,1612.6647525777425,30.533330383145213,0.0,0,10,t=10,1.0
9,0.0,0.65,0.35,1657.3123837472826,33.13113023377358,0.0,0,10,t=10,1.0
10,0.0,0.625,0.375,1676.7686925286678,34.53890436577636,1.0,0,10,t=10,1.0
11,0.0,0.625,0.375,1676.7686925286678,34.53890436577636,1.0,0,10,t=10,1.0
12,0.0,0.625,0.375,1676.7686925286678,34.53890436577636,1.0,0,10,t=10,1.0
13,0.0,0.625,0.375,1676.7686925286678,34.53890436577636,1.0,0,10,t=10,1.0
14,0.0,0.625,0.375,1676.7686925286678,34.53890436577636,1.0,0,10,t=10,1.0
0,0.0,1.0,0.0,1115.9313068244933,0.0,0.0,0,20,t=20,1.0
1,0.0,0.95,0.05,1026.9414173077548,4.719162067866574,0.0,0,20,t=20,1.0
2,0.0,0.91,0.09,1069.2465480237943,7.5829440294497115,0.0,0,20,t=20,1.0
3,0.0,0.86,0.14,1148.4963827850056,11.463908205844445,0.0,0,20,t=20,1.0
4,0.0,0.82,0.18,1273.6666544325365,16.895838645795962,0.0,0,20,t=20,1.0
5,0.0,0.775,0.225,1373.698108927872,20.932656663701003,0.0,0,20,t=20,1.0
6,0.0,0.74,0.26,1503.0728478890094,25.845543299801985,0.0,0,20,t=20,1.0
7,0.0,0.71,0.29,1553.3683142153131,27.798399085265878,0.0,0,20,t=20,1.0
8,0.0,0.685,0.315,1612.6647525777425,30.533330383145213,0.0,0,20,t=20,1.0
9,0.0,0.65,0.35,1657.3123837472826,33.13113023377358,0.0,0,20,t=20,1.0
10,0.0,0.625,0.375,1676.7686925286678,34.53890436577636,0.0,0,20,t=20,1.0
11,0.0,0.59,0.41,1721.399273867529,40.07657084481322,0.0,0,20,t=20,1.0
12,0.0,0.55,0.45,1721.7256512650129,44.41184252389021,0.0,0,20,t=20,1.0
13,0.0,0.53,0.47,1714.8956800712972,45.88827633284659,0.0,0,20,t=20,1.0
14,0.0,0.5,0.5,1706.055822854046,47.17318473606026,0.0,0,20,t=20,1.0
15,0.0,0.49,0.51,1701.8603822093082,47.67513594418821,0.0,0,20,t=20,1.0
16,0.0,0.47,0.53,1690.8816948817557,48.82840685244064,0.0,0,20,t=20,1.0
17,0.0,0.44,0.56,1657.1104842949808,51.52380333386914,0.0,0,20,t=20,1.0
18,0.0,0.42,0.58,1631.669428301293,53.1286867690061,0.0,0,20,t=20,1.0
19,0.0,0.4,0.6,1604.1337172225553,54.6443933266188,0.0,0,20,t=20,1.0
20,0.0,0.39,0.61,1594.3264620257228,55.14267472270939,1.0,0,20,t=20,1.0
21,0.0,0.39,0.61,1594.3264620257228,55.14267472270939,1.0,0,20,t=20,1.0
22,0.0,0.39,0.61,1594.3264620257228,55.14267472270939,1.0,0,20,t=20,1.0
23,0.0,0.39,0.61,1594.3264620257228,55.14267472270939,1.0,0,20,t=20,1.0
24,0.0,0.39,0.61,1594.3264620257228,55.14267472270939,1.0,0,20,t=20,1.0
0,0.0,1.0,0.0,1115.9313068244933,0.0,0.0,0,40,t=40,1.0
1,0.0,0.95,0.05,1026.9414173077548,4.719162067866574,0.0,0,40,t=40,1.0
2,0.0,0.91,0.09,1069.2465480237943,7.5829440294497115,0.0,0,40,t=40,1.0
3,0.0,0.86,0.14,1148.4963827850056,11.463908205844445,0.0,0,40,t=40,1.0
4,0.0,0.82,0.18,1273.6666544325365,16.895838645795962,0.0,0,40,t=40,1.0
5,0.0,0.775,0.225,1373.698108927872,20.932656663701003,0.0,0,40,t=40,1.0
6,0.0,0.74,0.26,1503.0728478890094,25.845543299801985,0.0,0,40,t=40,1.0
7,0.0,0.71,0.29,1553.3683142153131,27.798399085265878,0.0,0,40,t=40,1.0
8,0.0,0.685,0.315,1612.6647525777425,30.533330383145213,0.0,0,40,t=40,1.0
9,0.0,0.65,0.35,1657.3123837472826,33.13113023377358,0.0,0,40,t=40,1.0
10,0.0,0.625,0.375,1676.7686925286678,34.53890436577636,0.0,0,40,t=40,1.0
11,0.0,0.59,0.41,1721.399273867529,40.07657084481322,0.0,0,40,t=40,1.0
12,0.0,0.55,0.45,1721.7256512650129,44.41184252389021,0.0,0,40,t=40,1.0
13,0.0,0.53,0.47,1714.8956800712972,45.88827633284659,0.0,0,40,t=40,1.0
14,0.0,0.5,0.5,1706.055822854046,47.17318473606026,0.0,0,40,t=40,1.0
15,0.0,0.49,0.51,1701.8603822093082,47.67513594418821,0.0,0,40,t=40,1.0
16,0.0,0.47,0.53,1690.8816948817557,48.82840685244064,0.0,0,40,t=40,1.0
17,0.0,0.44,0.56,1657.1104842949808,51.52380333386914,0.0,0,40,t=40,1.0
18,0.0,0.42,0.58,1631.669428301293,53.1286867690061,0.0,0,40,t=40,1.0
19,0.0,0.4,0.6,1604.1337172225553,54.6443933266188,0.0,0,40,t=40,1.0
20,0.0,0.39,0.61,1594.3264620257228,55.14267472270939,0.0,0,40,t=40,1.0
21,0.0,0.365,0.635,1561.7487213558288,56.68116333351091,0.0,0,40,t=40,1.0
22,0.0,0.35,0.65,1541.9493630480906,57.53989099197928,0.0,0,40,t=40,1.0
23,0.0,0.335,0.665,1519.0335124043497,58.480577337323034,0.0,0,40,t=40,1.0
24,0.0,0.315,0.685,1497.8884309704135,59.30370013997799,0.0,0,40,t=40,1.0
25,0.0,0.305,0.695,1482.1048548086983,59.89167730185446,0.0,0,40,t=40,1.0
26,0.0,0.29,0.71,1457.3990582088193,60.78455018458978,0.0,0,40,t=40,1.0
27,0.0,0.28,0.72,1449.8463308037442,61.048346893903854,0.0,0,40,t=40,1.0
28,0.0,0.27,0.73,1433.1494480996885,61.61802222929669,0.0,0,40,t=40,1.0
29,0.0,0.26,0.74,1420.0820182945888,62.05579952816858,0.0,0,40,t=40,1.0
30,0.0,0.255,0.745,1404.8105134548944,62.55379462675139,0.0,0,40,t=40,1.0
31,0.0,0.245,0.755,1368.4772475258728,63.696812744767946,0.0,0,40,t=40,1.0
32,0.0,0.235,0.765,1348.6642129057657,64.30026734407892,0.0,0,40,t=40,1.0
33,0.0,0.22,0.78,1330.2162925881134,64.84496286572599,0.0,0,40,t=40,1.0
34,0.0,0.22,0.78,1330.2162925881134,64.84496286572599,0.0,0,40,t=40,1.0
35,0.0,0.21,0.79,1280.1334152401494,66.27750752999037,0.0,0,40,t=40,1.0
36,0.0,0.21,0.79,1280.1334152401494,66.27750752999037,0.0,0,40,t=40,1.0
37,0.0,0.19,0.81,1162.54786426649,69.36300881566933,0.0,0,40,t=40,1.0
38,0.0,0.175,0.825,1114.4008726301495,70.53118174790853,0.0,0,40,t=40,1.0
39,0.0,0.165,0.835,1084.4381947382158,71.24106222817409,0.0,0,40,t=40,1.0
40,0.0,0.16,0.84,1078.8057458518492,71.37206698731852,1.0,0,40,t=40,1.0
41,0.0,0.16,0.84,1078.8057458518492,71.37206698731852,1.0,0,40,t=40,1.0
42,0.0,0.16,0.84,1078.8057458518492,71.37206698731852,1.0,0,40,t=40,1.0
43,0.0,0.16,0.84,1078.8057458518492,71.37206698731852,1.0,0,40,t=40,1.0
44,0.0,0.16,0.84,1078.8057458518492,71.37206698731852,1.0,0,40,t=40,1.0
0,0.0,1.0,0.0,1115.9313068244933,0.0,0.0,0,60,t=60,1.0
1,0.0,0.95,0.05,1026.9414173077548,4.719162067866574,0.0,0,60,t=60,1.0
2,0.0,0.91,0.09,1069.2465480237943,7.5829440294497115,0.0,0,60,t=60,1.0
3,0.0,0.86,0.14,1148.4963827850056,11.463908205844445,0.0,0,60,t=60,1.0
4,0.0,0.82,0.18,1273.6666544325365,16.895838645795962,0.0,0,60,t=60,1.0
5,0.0,0.775,0.225,1373.698108927872,20.932656663701003,0.0,0,60,t=60,1.0
6,0.0,0.74,0.26,1503.0728478890094,25.845543299801985,0.0,0,60,t=60,1.0
7,0.0,0.71,0.29,1553.3683142153131,27.798399085265878,0.0,0,60,t=60,1.0
8,0.0,0.685,0.315,1612.6647525777425,30.533330383145213,0.0,0,60,t=60,1.0
9,0.0,0.65,0.35,1657.3123837472826,33.13113023377358,0.0,0,60,t=60,1.0
10,0.0,0.625,0.375,1676.7686925286678,34.53890436577636,0.0,0,60,t=60,1.0
11,0.0,0.59,0.41,1721.399273867529,40.07657084481322,0.0,0,60,t=60,1.0
12,0.0,0.55,0.45,1721.7256512650129,44.41184252389021,0.0,0,60,t=60,1.0
13,0.0,0.53,0.47,1714.8956800712972,45.88827633284659,0.0,0,60,t=60,1.0
14,0.0,0.5,0.5,1706.055822854046,47.17318473606026,0.0,0,60,t=60,1.0
15,0.0,0.49,0.51,1701.8603822093082,47.67513594418821,0.0,0,60,t=60,1.0
16,0.0,0.47,0.53,1690.8816948817557,48.82840685244064,0.0,0,60,t=60,1.0
17,0.0,0.44,0.56,1657.1104842949808,51.52380333386914,0.0,0,60,t=60,1.0
18,0.0,0.42,0.58,1631.669428301293,53.1286867690061,0.0,0,60,t=60,1.0
19,0.0,0.4,0.6,1604.1337172225553,54.6443933266188,0.0,0,60,t=60,1.0
20,0.0,0.39,0.61,1594.3264620257228,55.14267472270939,0.0,0,60,t=60,1.0
21,0.0,0.365,0.635,1561.7487213558288,56.68116333351091,0.0,0,60,t=60,1.0
22,0.0,0.35,0.65,1541.9493630480906,57.53989099197928,0.0,0,60,t=60,1.0
23,0.0,0.335,0.665,1519.0335124043497,58.480577337323034,0.0,0,60,t=60,1.0
24,0.0,0.315,0.685,1497.8884309704135,59.30370013997799,0.0,0,60,t=60,1.0
25,0.0,0.305,0.695,1482.1048548086983,59.89167730185446,0.0,0,60,t=60,1.0
26,0.0,0.29,0.71,1457.3990582088193,60.78455018458978,0.0,0,60,t=60,1.0
27,0.0,0.28,0.72,1449.8463308037442,61.048346893903854,0.0,0,60,t=60,1.0
28,0.0,0.27,0.73,1433.1494480996885,61.61802222929669,0.0,0,60,t=60,1.0
29,0.0,0.26,0.74,1420.0820182945888,62.05579952816858,0.0,0,60,t=60,1.0
30,0.0,0.255,0.745,1404.8105134548944,62.55379462675139,0.0,0,60,t=60,1.0
31,0.0,0.245,0.755,1368.4772475258728,63.696812744767946,0.0,0,60,t=60,1.0
32,0.0,0.235,0.765,1348.6642129057657,64.30026734407892,0.0,0,60,t=60,1.0
33,0.0,0.22,0.78,1330.2162925881134,64.84496286572599,0.0,0,60,t=60,1.0
34,0.0,0.22,0.78,1330.2162925881134,64.84496286572599,0.0,0,60,t=60,1.0
35,0.0,0.21,0.79,1280.1334152401494,66.27750752999037,0.0,0,60,t=60,1.0
36,0.0,0.21,0.79,1280.1334152401494,66.27750752999037,0.0,0,60,t=60,1.0
37,0.0,0.19,0.81,1162.54786426649,69.36300881566933,0.0,0,60,t=60,1.0
38,0.0,0.175,0.825,1114.4008726301495,70.53118174790853,0.0,0,60,t=60,1.0
39,0.0,0.165,0.835,1084.4381947382158,71.24106222817409,0.0,0,60,t=60,1.0
40,0.0,0.16,0.84,1078.8057458518492,71.37206698731852,0.0,0,60,t=60,1.0
41,0.0,0.145,0.855,1036.4939963073434,72.34396518430263,0.0,0,60,t=60,1.0
42,0.0,0.145,0.855,1036.4939963073434,72.34396518430263,0.0,0,60,t=60,1.0
43,0.0,0.135,0.865,1000.8093015073932,73.14486892660832,0.0,0,60,t=60,1.0
44,0.0,0.13,0.87,994.591528335262,73.28142170003687,0.0,0,60,t=60,1.0
45,0.0,0.125,0.875,977.5598213703947,73.65661298544585,0.0,0,60,t=60,1.0
46,0.0,0.12,0.88,958.2310214089089,74.07411425069257,0.0,0,60,t=60,1.0
47,0.0,0.12,0.88,958.2310214089089,74.07411425069257,0.0,0,60,t=60,1.0
48,0.0,0.115,0.885,955.9058616462448,74.12437447222901,0.0,0,60,t=60,1.0
49,0.0,0.11,0.89,951.6776846579683,74.21493886837038,0.0,0,60,t=60,1.0
50,0.0,0.11,0.89,951.6776846579683,74.21493886837038,0.0,0,60,t=60,1.0
51,0.0,0.105,0.895,946.0673775446248,74.33465924412047,0.0,0,60,t=60,1.0
52,0.0,0.105,0.895,946.0673775446248,74.33465924412047,0.0,0,60,t=60,1.0
53,0.0,0.1,0.9,924.7725610906887,74.78834620678677,0.0,0,60,t=60,1.0
54,0.0,0.1,0.9,924.7725610906887,74.78834620678677,0.0,0,60,t=60,1.0
55,0.0,0.09,0.91,908.4250330520849,75.13258434631956,0.0,0,60,t=60,1.0
56,0.0,0.08,0.92,891.9311738748206,75.47785746697942,0.0,0,60,t=60,1.0
57,0.0,0.075,0.925,867.3774926576884,75.98257033536709,0.0,0,60,t=60,1.0
58,0.0,0.07,0.93,864.3673806753495,76.04399999631761,0.0,0,60,t=60,1.0
59,0.0,0.07,0.93,864.3673806753495,76.04399999631761,0.0,0,60,t=60,1.0
60,0.0,0.065,0.935,854.5764618600465,76.24303816774005,1.0,0,60,t=60,1.0
61,0.0,0.065,0.935,854.5764618600465,76.24303816774005,1.0,0,60,t=60,1.0
62,0.0,0.065,0.935,854.5764618600465,76.24303816774005,1.0,0,60,t=60,1.0
63,0.0,0.065,0.935,854.5764618600465,76.24303816774005,1.0,0,60,t=60,1.0
64,0.0,0.065,0.935,854.5764618600465,76.24303816774005,1.0,0,60,t=60,1.0
0,0.0,1.0,0.0,1115.9313068244933,0.0,0.0,0,80,t=80,1.0
1,0.0,0.95,0.05,1026.9414173077548,4.719162067866574,0.0,0,80,t=80,1.0
2,0.0,0.91,0.09,1069.2465480237943,7.5829440294497115,0.0,0,80,t=80,1.0
3,0.0,0.86,0.14,1148.4963827850056,11.463908205844445,0.0,0,80,t=80,1.0
4,0.0,0.82,0.18,1273.6666544325365,16.895838645795962,0.0,0,80,t=80,1.0
5,0.0,0.775,0.225,1373.698108927872,20.932656663701003,0.0,0,80,t=80,1.0
6,0.0,0.74,0.26,1503.0728478890094,25.845543299801985,0.0,0,80,t=80,1.0
7,0.0,0.71,0.29,1553.3683142153131,27.798399085265878,0.0,0,80,t=80,1.0
8,0.0,0.685,0.315,1612.6647525777425,30.533330383145213,0.0,0,80,t=80,1.0
9,0.0,0.65,0.35,1657.3123837472826,33.13113023377358,0.0,0,80,t=80,1.0
10,0.0,0.625,0.375,1676.7686925286678,34.53890436577636,0.0,0,80,t=80,1.0
11,0.0,0.59,0.41,1721.399273867529,40.07657084481322,0.0,0,80,t=80,1.0
12,0.0,0.55,0.45,1721.7256512650129,44.41184252389021,0.0,0,80,t=80,1.0
13,0.0,0.53,0.47,1714.8956800712972,45.88827633284659,0.0,0,80,t=80,1.0
14,0.0,0.5,0.5,1706.055822854046,47.17318473606026,0.0,0,80,t=80,1.0
15,0.0,0.49,0.51,1701.8603822093082,47.67513594418821,0.0,0,80,t=80,1.0
16,0.0,0.47,0.53,1690.8816948817557,48.82840685244064,0.0,0,80,t=80,1.0
17,0.0,0.44,0.56,1657.1104842949808,51.52380333386914,0.0,0,80,t=80,1.0
18,0.0,0.42,0.58,1631.669428301293,53.1286867690061,0.0,0,80,t=80,1.0
19,0.0,0.4,0.6,1604.1337172225553,54.6443933266188,0.0,0,80,t=80,1.0
20,0.0,0.39,0.61,1594.3264620257228,55.14267472270939,0.0,0,80,t=80,1.0
21,0.0,0.365,0.635,1561.7487213558288,56.68116333351091,0.0,0,80,t=80,1.0
22,0.0,0.35,0.65,1541.9493630480906,57.53989099197928,0.0,0,80,t=80,1.0
23,0.0,0.335,0.665,1519.0335124043497,58.480577337323034,0.0,0,80,t=80,1.0
24,0.0,0.315,0.685,1497.8884309704135,59.30370013997799,0.0,0,80,t=80,1.0
25,0.0,0.305,0.695,1482.1048548086983,59.89167730185446,0.0,0,80,t=80,1.0
26,0.0,0.29,0.71,1457.3990582088193,60.78455018458978,0.0,0,80,t=80,1.0
27,0.0,0.28,0.72,1449.8463308037442,61.048346893903854,0.0,0,80,t=80,1.0
28,0.0,0.27,0.73,1433.1494480996885,61.61802222929669,0.0,0,80,t=80,1.0
29,0.0,0.26,0.74,1420.0820182945888,62.05579952816858,0.0,0,80,t=80,1.0
30,0.0,0.255,0.745,1404.8105134548944,62.55379462675139,0.0,0,80,t=80,1.0
31,0.0,0.245,0.755,1368.4772475258728,63.696812744767946,0.0,0,80,t=80,1.0
32,0.0,0.235,0.765,1348.6642129057657,64.30026734407892,0.0,0,80,t=80,1.0
33,0.0,0.22,0.78,1330.2162925881134,64.84496286572599,0.0,0,80,t=80,1.0
34,0.0,0.22,0.78,1330.2162925881134,64.84496286572599,0.0,0,80,t=80,1.0
35,0.0,0.21,0.79,1280.1334152401494,66.27750752999037,0.0,0,80,t=80,1.0
36,0.0,0.21,0.79,1280.1334152401494,66.27750752999037,0.0,0,80,t=80,1.0
37,0.0,0.19,0.81,1162.54786426649,69.36300881566933,0.0,0,80,t=80,1.0
38,0.0,0.175,0.825,1114.4008726301495,70.53118174790853,0.0,0,80,t=80,1.0
39,0.0,0.165,0.835,1084.4381947382158,71.24106222817409,0.0,0,80,t=80,1.0
40,0.0,0.16,0.84,1078.8057458518492,71.37206698731852,0.0,0,80,t=80,1.0
41,0.0,0.145,0.855,1036.4939963073434,72.34396518430263,0.0,0,80,t=80,1.0
42,0.0,0.145,0.855,1036.4939963073434,72.34396518430263,0.0,0,80,t=80,1.0
43,0.0,0.135,0.865,1000.8093015073932,73.14486892660832,0.0,0,80,t=80,1.0
44,0.0,0.13,0.87,994.591528335262,73.28142170003687,0.0,0,80,t=80,1.0
45,0.0,0.125,0.875,977.5598213703947,73.65661298544585,0.0,0,80,t=80,1.0
46,0.0,0.12,0.88,958.2310214089089,74.07411425069257,0.0,0,80,t=80,1.0
47,0.0,0.12,0.88,958.2310214089089,74.07411425069257,0.0,0,80,t=80,1.0
48,0.0,0.115,0.885,955.9058616462448,74.12437447222901,0.0,0,80,t=80,1.0
49,0.0,0.11,0.89,951.6776846579683,74.21493886837038,0.0,0,80,t=80,1.0
50,0.0,0.11,0.89,951.6776846579683,74.21493886837038,0.0,0,80,t=80,1.0
51,0.0,0.105,0.895,946.0673775446248,74.33465924412047,0.0,0,80,t=80,1.0
52,0.0,0.105,0.895,946.0673775446248,74.33465924412047,0.0,0,80,t=80,1.0
53,0.0,0.1,0.9,924.7725610906887,74.78834620678677,0.0,0,80,t=80,1.0
54,0.0,0.1,0.9,924.7725610906887,74.78834620678677,0.0,0,80,t=80,1.0
55,0.0,0.09,0.91,908.4250330520849,75.13258434631956,0.0,0,80,t=80,1.0
56,0.0,0.08,0.92,891.9311738748206,75.47785746697942,0.0,0,80,t=80,1.0
57,0.0,0.075,0.925,867.3774926576884,75.98257033536709,0.0,0,80,t=80,1.0
58,0.0,0.07,0.93,864.3673806753495,76.04399999631761,0.0,0,80,t=80,1.0
59,0.0,0.07,0.93,864.3673806753495,76.04399999631761,0.0,0,80,t=80,1.0
60,0.0,0.065,0.935,854.5764618600465,76.24303816774005,0.0,0,80,t=80,1.0
61,0.0,0.065,0.935,854.5764618600465,76.24303816774005,0.0,0,80,t=80,1.0
62,0.0,0.065,0.935,854.5764618600465,76.24303816774005,0.0,0,80,t=80,1.0
63,0.0,0.06,0.94,832.3076155533672,76.69183713005549,0.0,0,80,t=80,1.0
64,0.0,0.055,0.945,827.346022088132,76.79183427518552,0.0,0,80,t=80,1.0
65,0.0,0.05,0.95,823.3038897539018,76.87337293372792,0.0,0,80,t=80,1.0
66,0.0,0.05,0.95,823.3038897539018,76.87337293372792,0.0,0,80,t=80,1.0
67,0.0,0.05,0.95,823.3038897539018,76.87337293372792,0.0,0,80,t=80,1.0
68,0.0,0.045,0.955,814.7230334643523,77.04465608935524,0.0,0,80,t=80,1.0
69,0.0,0.035,0.965,806.3732594214061,77.2106920962757,0.0,0,80,t=80,1.0
70,0.0,0.035,0.965,806.3732594214061,77.2106920962757,0.0,0,80,t=80,1.0
71,0.0,0.035,0.965,806.3732594214061,77.2106920962757,0.0,0,80,t=80,1.0
72,0.0,0.035,0.965,806.3732594214061,77.2106920962757,0.0,0,80,t=80,1.0
73,0.0,0.035,0.965,806.3732594214061,77.2106920962757,0.0,0,80,t=80,1.0
74,0.0,0.03,0.97,795.3381914425709,77.42905631272717,0.0,0,80,t=80,1.0
75,0.0,0.03,0.97,795.3381914425709,77.42905631272717,0.0,0,80,t=80,1.0
76,0.0,0.03,0.97,795.3381914425709,77.42905631272717,0.0,0,80,t=80,1.0
77,0.0,0.03,0.97,795.3381914425709,77.42905631272717,0.0,0,80,t=80,1.0
78,0.0,0.025,0.975,789.1886105250023,77.55007676210164,0.0,0,80,t=80,1.0
79,0.0,0.025,0.975,789.1886105250023,77.55007676210164,0.0,0,80,t=80,1.0
80,0.0,0.02,0.98,773.274639657358,77.86404897734715,1.0,0,80,t=80,1.0
81,0.0,0.02,0.98,773.274639657358,77.86404897734715,1.0,0,80,t=80,1.0
82,0.0,0.02,0.98,773.274639657358,77.86404897734715,1.0,0,80,t=80,1.0
83,0.0,0.02,0.98,773.274639657358,77.86404897734715,1.0,0,80,t=80,1.0
84,0.0,0.02,0.98,773.274639657358,77.86404897734715,1.0,0,80,t=80,1.0
0,0.0,1.0,0.0,945.0383827500715,0.0,0.0,4,-1,never,1.0
1,0.0,0.95,0.05,889.5985156112417,6.872919056943466,0.0,4,-1,never,1.0
2,0.0,0.9,0.1,968.7124451457083,10.659052599570943,0.0,4,-1,never,1.0
3,0.0,0.85,0.15,1063.1208501971241,14.687348208370935,0.0,4,-1,never,1.0
4,0.0,0.81,0.19,1202.0243363629227,20.158194166763934,0.0,4,-1,never,1.0
5,0.0,0.77,0.23,1296.6198385388245,23.633549554683846,0.0,4,-1,never,1.0
6,0.0,0.73,0.27,1384.5415044354668,26.705915011444958,0.0,4,-1,never,1.0
7,0.0,0.695,0.305,1475.9653056409916,29.761526345933397,0.0,4,-1,never,1.0
8,0.0,0.665,0.335,1567.8236318020422,32.691091208669555,0.0,4,-1,never,1.0
9,0.0,0.635,0.365,1630.4809357864872,34.62048253044155,0.0,4,-1,never,1.0
10,0.0,0.6,0.4,1693.4773845513562,36.52160986715784,0.0,4,-1,never,1.0
11,0.0,0.585,0.415,1731.727051699214,37.74438229169888,0.0,4,-1,never,1.0
12,0.0,0.55,0.45,1811.3503892015785,40.588190885029675,0.0,4,-1,never,1.0
13,0.0,0.525,0.475,1850.626893561642,42.18024593816087,0.0,4,-1,never,1.0
14,0.0,0.505,0.495,1881.5837782606402,43.56462052930222,0.0,4,-1,never,1.0
15,0.0,0.47,0.53,1916.7948025334279,45.325540642860865,0.0,4,-1,never,1.0
16,0.0,0.455,0.545,1948.5095755209372,47.17591060438458,0.0,4,-1,never,1.0
17,0.0,0.43,0.57,1971.682678185966,48.765690225651014,0.0,4,-1,never,1.0
18,0.0,0.42,0.58,1983.3159877968053,49.663411511616985,0.0,4,-1,never,1.0
19,0.0,0.39,0.61,2006.790339185091,51.91203394555018,0.0,4,-1,never,1.0
20,0.0,0.38,0.62,2015.143499124854,52.93751587356758,0.0,4,-1,never,1.0
21,0.0,0.345,0.655,2029.2491079456659,55.4502131144759,0.0,4,-1,never,1.0
22,0.0,0.315,0.685,2033.6185557975004,57.00953371188044,0.0,4,-1,never,1.0
23,0.0,0.3,0.7,2034.6353963140964,58.02713811055867,0.0,4,-1,never,1.0
24,0.0,0.285,0.715,2033.7864342351863,59.369843816202064,0.0,4,-1,never,1.0
25,0.0,0.265,0.735,2027.6561671000727,61.47173438487245,0.0,4,-1,never,1.0
26,0.0,0.235,0.765,2014.803990479341,63.729385259901235,0.0,4,-1,never,1.0
27,0.0,0.22,0.78,2003.803561278423,65.10072657545152,0.0,4,-1,never,1.0
28,0.0,0.21,0.79,2000.9469427502618,65.41401545486869,0.0,4,-1,never,1.0
29,0.0,0.21,0.79,2000.9469427502618,65.41401545486869,0.0,4,-1,never,1.0
30,0.0,0.205,0.795,1998.2872313960113,65.69735626565412,0.0,4,-1,never,1.0
31,0.0,0.19,0.81,1985.577536162502,66.90600461449881,0.0,4,-1,never,1.0
32,0.0,0.19,0.81,1985.577536162502,66.90600461449881,0.0,4,-1,never,1.0
33,0.0,0.185,0.815,1982.4881008545028,67.18133568966958,0.0,4,-1,never,1.0
34,0.0,0.165,0.835,1974.0445698986666,67.88028869364754,0.0,4,-1,never,1.0
35,0.0,0.165,0.835,1974.0445698986666,67.88028869364754,0.0,4,-1,never,1.0
36,0.0,0.165,0.835,1974.0445698986666,67.88028869364754,0.0,4,-1,never,1.0
37,0.0,0.16,0.84,1968.4117259170241,68.33172083272581,0.0,4,-1,never,1.0
38,0.0,0.16,0.84,1968.4117259170241,68.33172083272581,0.0,4,-1,never,1.0
39,0.0,0.15,0.85,1964.618368812892,68.62217854785322,0.0,4,-1,never,1.0
40,0.0,0.135,0.865,1955.646709970421,69.27077013155605,0.0,4,-1,never,1.0
41,0.0,0.135,0.865,1955.646709970421,69.27077013155605,0.0,4,-1,never,1.0
42,0.0,0.13,0.87,1952.7140577543082,69.48027997293525,0.0,4,-1,never,1.0
43,0.0,0.125,0.875,1946.0426170671105,69.93827992183873,0.0,4,-1,never,1.0
44,0.0,0.115,0.885,1939.2408622238288,70.3843492686603,0.0,4,-1,never,1.0
45,0.0,0.115,0.885,1939.2408622238288,70.3843492686603,0.0,4,-1,never,1.0
46,0.0,0.115,0.885,1939.2408622238288,70.3843492686603,0.0,4,-1,never,1.0
47,0.0,0.1,0.9,1926.4100359705674,71.19404369576611,0.0,4,-1,never,1.0
48,0.0,0.09,0.91,1913.1775526732026,71.97557507747022,0.0,4,-1,never,1.0
49,0.0,0.09,0.91,1913.1775526732026,71.97557507747022,0.0,4,-1,never,1.0
50,0.0,0.09,0.91,1913.1775526732026,71.97557507747022,0.0,4,-1,never,1.0
51,0.0,0.085,0.915,1896.2153962109476,72.9166019299424,0.0,4,-1,never,1.0
52,0.0,0.085,0.915,1896.2153962109476,72.9166019299424,0.0,4,-1,never,1.0
53,0.0,0.085,0.915,1896.2153962109476,72.9166019299424,0.0,4,-1,never,1.0
54,0.0,0.085,0.915,1896.2153962109476,72.9166019299424,0.0,4,-1,never,1.0
55,0.0,0.085,0.915,1896.2153962109476,72.9166019299424,0.0,4,-1,never,1.0
0,0.0,1.0,0.0,945.0383827500715,0.0,1.0,4,0,t=0,1.0
1,0.0,0.95,0.05,889.5985156112417,6.872919056943466,1.0,4,0,t=0,1.0
2,0.0,0.9,0.1,968.7124451457083,10.659052599570943,1.0,4,0,t=0,1.0
3,0.0,0.85,0.15,1063.1208501971241,14.687348208370935,1.0,4,0,t=0,1.0
4,0.0,0.81,0.19,1202.0243363629227,20.158194166763934,1.0,4,0,t=0,1.0
5,0.0,0.77,0.23,1296.6198385388245,23.633549554683846,1.0,4,0,t=0,1.0
6,0.0,0.73,0.27,1384.5415044354668,26.705915011444958,1.0,4,0,t=0,1.0
7,0.0,0.695,0.305,1475.9653056409916,29.761526345933397,1.0,4,0,t=0,1.0
8,0.0,0.665,0.335,1567.8236318020422,32.691091208669555,1.0,4,0,t=0,1.0
9,0.0,0.635,0.365,1630.4809357864872,34.62048253044155,1.0,4,0,t=0,1.0
10,0.0,0.635,0.365,1630.4809357864872,34.62048253044155,1.0,4,0,t=0,1.0
11,0.0,0.635,0.365,1630.4809357864872,34.62048253044155,1.0,4,0,t=0,1.0
12,0.0,0.635,0.365,1630.4809357864872,34.62048253044155,1.0,4,0,t=0,1.0
13,0.0,0.635,0.365,1630.4809357864872,34.62048253044155,1.0,4,0,t=0,1.0
0,0.0,1.0,0.0,945.0383827500715,0.0,0.0,4,10,t=10,1.0
1,0.0,0.95,0.05,889.5985156112417,6.872919056943466,0.0,4,10,t=10,1.0
2,0.0,0.9,0.1,968.7124451457083,10.659052599570943,0.0,4,10,t=10,1.0
3,0.0,0.85,0.15,1063.1208501971241,14.687348208370935,0.0,4,10,t=10,1.0
4,0.0,0.81,0.19,1202.0243363629227,20.158194166763934,0.0,4,10,t=10,1.0
5,0.0,0.77,0.23,1296.6198385388245,23.633549554683846,0.0,4,10,t=10,1.0
6,0.0,0.73,0.27,1384.5415044354668,26.705915011444958,0.0,4,10,t=10,1.0
7,0.0,0.695,0.305,1475.9653056409916,29.761526345933397,0.0,4,10,t=10,1.0
8,0.0,0.665,0.335,1567.8236318020422,32.691091208669555,0.0,4,10,t=10,1.0
9,0.0,0.635,0.365,1630.4809357864872,34.62048253044155,0.0,4,10,t=10,1.0
10,0.0,0.6,0.4,1693.4773845513562,36.52160986715784,1.0,4,10,t=10,1.0
11,0.0,0.6,0.4,1693.4773845513562,36.52160986715784,1.0,4,10,t=10,1.0
12,0.0,0.6,0.4,1693.4773845513562,36.52160986715784,1.0,4,10,t=10,1.0
13,0.0,0.6,0.4,1693.4773845513562,36.52160986715784,1.0,4,10,t=10,1.0
14,0.0,0.6,0.4,1693.4773845513562,36.52160986715784,1.0,4,10,t=10,1.0
0,0.0,1.0,0.0,945.0383827500715,0.0,0.0,4,20,t=20,1.0
1,0.0,0.95,0.05,889.5985156112417,6.872919056943466,0.0,4,20,t=20,1.0
2,0.0,0.9,0.1,968.7124451457083,10.659052599570943,0.0,4,20,t=20,1.0
3,0.0,0.85,0.15,1063.1208501971241,14.687348208370935,0.0,4,20,t=20,1.0
4,0.0,0.81,0.19,1202.0243363629227,20.158194166763934,0.0,4,20,t=20,1.0
5,0.0,0.77,0.23,1296.6198385388245,23.633549554683846,0.0,4,20,t=20,1.0
6,0.0,0.73,0.27,1384.5415044354668,26.705915011444958,0.0,4,20,t=20,1.0
7,0.0,0.695,0.305,1475.9653056409916,29.761526345933397,0.0,4,20,t=20,1.0
8,0.0,0.665,0.335,1567.8236318020422,32.691091208669555,0.0,4,20,t=20,1.0
9,0.0,0.635,0.365,1630.4809357864872,34.62048253044155,0.0,4,20,t=20,1.0
10,0.0,0.6,0.4,1693.4773845513562,36.52160986715784,0.0,4,20,t=20,1.0
11,0.0,0.585,0.415,1731.727051699214,37.74438229169888,0.0,4,20,t=20,1.0
12,0.0,0.55,0.45,1811.3503892015785,40.588190885029675,0.0,4,20,t=20,1.0
13,0.0,0.525,0.475,1850.626893561642,42.18024593816087,0.0,4,20,t=20,1.0
14,0.0,0.505,0.495,1881.5837782606402,43.56462052930222,0.0,4,20,t=20,1.0
15,0.0,0.47,0.53,1916.7948025334279,45.325540642860865,0.0,4,20,t=20,1.0
16,0.0,0.455,0.545,1948.5095755209372,47.17591060438458,0.0,4,20,t=20,1.0
17,0.0,0.43,0.57,1971.682678185966,48.765690225651014,0.0,4,20,t=20,1.0
18,0.0,0.42,0.58,1983.3159877968053,49.663411511616985,0.0,4,20,t=20,1.0
19,0.0,0.39,0.61,2006.790339185091,51.91203394555018,0.0,4,20,t=20,1.0
20,0.0,0.38,0.62,2015.143499124854,52.93751587356758,1.0,4,20,t=20,1.0
21,0.0,0.38,0.62,2015.143499124854,52.93751587356758,1.0,4,20,t=20,1.0
22,0.0,0.38,0.62,2015.143499124854,52.93751587356758,1.0,4,20,t=20,1.0
23,0.0,0.38,0.62,2015.143499124854,52.93751587356758,1.0,4,20,t=20,1.0
24,0.0,0.38,0.62,2015.143499124854,52.93751587356758,1.0,4,20,t=20,1.0
0,0.0,1.0,0.0,945.0383827500715,0.0,0.0,4,40,t=40,1.0
1,0.0,0.95,0.05,889.5985156112417,6.872919056943466,0.0,4,40,t=40,1.0
2,0.0,0.9,0.1,968.7124451457083,10.659052599570943,0.0,4,40,t=40,1.0
3,0.0,0.85,0.15,1063.1208501971241,14.687348208370935,0.0,4,40,t=40,1.0
4,0.0,0.81,0.19,1202.0243363629227,20.158194166763934,0.0,4,40,t=40,1.0
5,0.0,0.77,0.23,1296.6198385388245,23.633549554683846,0.0,4,40,t=40,1.0
6,0.0,0.73,0.27,1384.5415044354668,26.705915011444958,0.0,4,40,t=40,1.0
7,0.0,0.695,0.305,1475.9653056409916,29.761526345933397,0.0,4,40,t=40,1.0
8,0.0,0.665,0.335,1567.8236318020422,32.691091208669555,0.0,4,40,t=40,1.0
9,0.0,0.635,0.365,1630.4809357864872,34.62048253044155,0.0,4,40,t=40,1.0
10,0.0,0.6,0.4,1693.4773845513562,36.52160986715784,0.0,4,40,t=40,1.0
11,0.0,0.585,0.415,1731.727051699214,37.74438229169888,0.0,4,40,t=40,1.0
12,0.0,0.55,0.45,1811.3503892015785,40.588190885029675,0.0,4,40,t=40,1.0
13,0.0,0.525,0.475,1850.626893561642,42.18024593816087,0.0,4,40,t=40,1.0
14,0.0,0.505,0.495,1881.5837782606402,43.56462052930222,0.0,4,40,t=40,1.0
15,0.0,0.47,0.53,1916.7948025334279,45.325540642860865,0.0,4,40,t=40,1.0
16,0.0,0.455,0.545,1948.5095755209372,47.17591060438458,0.0,4,40,t=40,1.0
17,0.0,0.43,0.57,1971.682678185966,48.765690225651014,0.0,4,40,t=40,1.0
18,0.0,0.42,0.58,1983.3159877968053,49.663411511616985,0.0,4,40,t=40,1.0
19,0.0,0.39,0.61,2006.790339185091,51.91203394555018,0.0,4,40,t=40,1.0
20,0.0,0.38,0.62,2015.143499124854,52.93751587356758,0.0,4,40,t=40,1.0
21,0.0,0.345,0.655,2029.2491079456659,55.4502131144759,0.0,4,40,t=40,1.0
22,0.0,0.315,0.685,2033.6185557975004,57.00953371188044,0.0,4,40,t=40,1.0
23,0.0,0.3,0.7,2034.6353963140964,58.02713811055867,0.0,4,40,t=40,1.0
24,0.0,0.285,0.715,2033.7864342351863,59.369843816202064,0.0,4,40,t=40,1.0
25,0.0,0.265,0.735,2027.6561671000727,61.47173438487245,0.0,4,40,t=40,1.0
26,0.0,0.235,0.765,2014.803990479341,63.729385259901235,0.0,4,40,t=40,1.0
27,0.0,0.22,0.78,2003.803561278423,65.10072657545152,0.0,4,40,t=40,1.0
28,0.0,0.21,0.79,2000.9469427502618,65.41401545486869,0.0,4,40,t=40,1.0
29,0.0,0.21,0.79,2000.9469427502618,65.41401545486869,0.0,4,40,t=40,1.0
30,0.0,0.205,0.795,1998.2872313960113,65.69735626565412,0.0,4,40,t=40,1.0
31,0.0,0.19,0.81,1985.577536162502,66.90600461449881,0.0,4,40,t=40,1.0
32,0.0,0.19,0.81,1985.577536162502,66.90600461449881,0.0,4,40,t=40,1.0
33,0.0,0.185,0.815,1982.4881008545028,67.18133568966958,0.0,4,40,t=40,1.0
34,0.0,0.165,0.835,1974.0445698986666,67.88028869364754,0.0,4,40,t=40,1.0
35,0.0,0.165,0.835,1974.0445698986666,67.88028869364754,0.0,4,40,t=40,1.0
36,0.0,0.165,0.835,1974.0445698986666,67.88028869364754,0.0,4,40,t=40,1.0
37,0.0,0.16,0.84,1968.4117259170241,68.33172083272581,0.0,4,40,t=40,1.0
38,0.0,0.16,0.84,1968.4117259170241,68.33172083272581,0.0,4,40,t=40,1.0
39,0.0,0.15,0.85,1964.618368812892,68.62217854785322,0.0,4,40,t=40,1.0
40,0.0,0.135,0.865,1955.646709970421,69.27077013155605,1.0,4,40,t=40,1.0
41,0.0,0.135,0.865,1955.646709970421,69.27077013155605,1.0,4,40,t=40,1.0
42,0.0,0.135,0.865,1955.646709970421,69.27077013155605,1.0,4,40,t=40,1.0
43,0.0,0.135,0.865,1955.646709970421,69.27077013155605,1.0,4,40,t=40,1.0
44,0.0,0.135,0.865,1955.646709970421,69.27077013155605,1.0,4,40,t=40,1.0
0,0.0,1.0,0.0,945.0383827500715,0.0,0.0,4,60,t=60,1.0
1,0.0,0.95,0.05,889.5985156112417,6.872919056943466,0.0,4,60,t=60,1.0
2,0.0,0.9,0.1,968.7124451457083,10.659052599570943,0.0,4,60,t=60,1.0
3,0.0,0.85,0.15,1063.1208501971241,14.687348208370935,0.0,4,60,t=60,1.0
4,0.0,0.81,0.19,1202.0243363629227,20.158194166763934,0.0,4,60,t=60,1.0
5,0.0,0.77,0.23,1296.6198385388245,23.633549554683846,0.0,4,60,t=60,1.0
6,0.0,0.73,0.27,1384.5415044354668,26.705915011444958,0.0,4,60,t=60,1.0
7,0.0,0.695,0.305,1475.9653056409916,29.761526345933397,0.0,4,60,t=60,1.0
8,0.0,0.665,0.335,1567.8236318020422,32.691091208669555,0.0,4,60,t=60,1.0
9,0.0,0.635,0.365,1630.4809357864872,34.62048253044155,0.0,4,60,t=60,1.0
10,0.0,0.6,0.4,1693.4773845513562,36.52160986715784,0.0,4,60,t=60,1.0
11,0.0,0.585,0.415,1731.727051699214,37.74438229169888,0.0,4,60,t=60,1.0
12,0.0,0.55,0.45,1811.3503892015785,40.588190885029675,0.0,4,60,t=60,1.0
13,0.0,0.525,0.475,1850.626893561642,42.18024593816087,0.0,4,60,t=60,1.0
14,0.0,0.505,0.495,1881.5837782606402,43.56462052930222,0.0,4,60,t=60,1.0
15,0.0,0.47,0.53,1916.7948025334279,45.325540642860865,0.0,4,60,t=60,1.0
16,0.0,0.455,0.545,1948.5095755209372,47.17591060438458,0.0,4,60,t=60,1.0
17,0.0,0.43,0.57,1971.682678185966,48.765690225651014,0.0,4,60,t=60,1.0
18,0.0,0.42,0.58,1983.3159877968053,49.663411511616985,0.0,4,60,t=60,1.0
19,0.0,0.39,0.61,2006.790339185091,51.91203394555018,0.0,4,60,t=60,1.0
20,0.0,0.38,0.62,2015.143499124854,52.93751587356758,0.0,4,60,t=60,1.0
21,0.0,0.345,0.655,2029.2491079456659,55.4502131144759,0.0,4,60,t=60,1.0
22,0.0,0.315,0.685,2033.6185557975004,57.00953371188044,0.0,4,60,t=60,1.0
23,0.0,0.3,0.7,2034.6353963140964,58.02713811055867,0.0,4,60,t=60,1.0
24,0.0,0.285,0.715,2033.7864342351863,59.369843816202064,0.0,4,60,t=60,1.0
25,0.0,0.265,0.735,2027.6561671000727,61.47173438487245,0.0,4,60,t=60,1.0
26,0.0,0.235,0.765,2014.803990479341,63.729385259901235,0.0,4,60,t=60,1.0
27,0.0,0.22,0.78,2003.803561278423,65.10072657545152,0.0,4,60,t=60,1.0
28,0.0,0.21,0.79,2000.9469427502618,65.41401545486869,0.0,4,60,t=60,1.0
29,0.0,0.21,0.79,2000.9469427502618,65.41401545486869,0.0,4,60,t=60,1.0
30,0.0,0.205,0.795,1998.2872313960113,65.69735626565412,0.0,4,60,t=60,1.0
31,0.0,0.19,0.81,1985.577536162502,66.90600461449881,0.0,4,60,t=60,1.0
32,0.0,0.19,0.81,1985.577536162502,66.90600461449881,0.0,4,60,t=60,1.0
33,0.0,0.185,0.815,1982.4881008545028,67.18133568966958,0.0,4,60,t=60,1.0
34,0.0,0.165,0.835,1974.0445698986666,67.88028869364754,0.0,4,60,t=60,1.0
35,0.0,0.165,0.835,1974.0445698986666,67.88028869364754,0.0,4,60,t=60,1.0
36,0.0,0.165,0.835,1974.0445698986666,67.88028869364754,0.0,4,60,t=60,1.0
37,0.0,0.16,0.84,1968.4117259170241,68.33172083272581,0.0,4,60,t=60,1.0
38,0.0,0.16,0.84,1968.4117259170241,68.33172083272581,0.0,4,60,t=60,1.0
39,0.0,0.15,0.85,1964.618368812892,68.62217854785322,0.0,4,60,t=60,1.0
40,0.0,0.135,0.865,1955.646709970421,69.27077013155605,0.0,4,60,t=60,1.0
41,0.0,0.135,0.865,1955.646709970421,69.27077013155605,0.0,4,60,t=60,1.0
42,0.0,0.13,0.87,1952.7140577543082,69.48027997293525,0.0,4,60,t=60,1.0
43,0.0,0.125,0.875,1946.0426170671105,69.93827992183873,0.0,4,60,t=60,1.0
44,0.0,0.115,0.885,1939.2408622238288,70.3843492686603,0.0,4,60,t=60,1.0
45,0.0,0.115,0.885,1939.2408622238288,70.3843492686603,0.0,4,60,t=60,1.0
46,0.0,0.115,0.885,1939.2408622238288,70.3843492686603,0.0,4,60,t=60,1.0
47,0.0,0.1,0.9,1926.4100359705674,71.19404369576611,0.0,4,60,t=60,1.0
48,0.0,0.09,0.91,1913.1775526732026,71.97557507747022,0.0,4,60,t=60,1.0
49,0.0,0.09,0.91,1913.1775526732026,71.97557507747022,0.0,4,60,t=60,1.0
50,0.0,0.09,0.91,1913.1775526732026,71.97557507747022,0.0,4,60,t=60,1.0
51,0.0,0.085,0.915,1896.2153962109476,72.9166019299424,0.0,4,60,t=60,1.0
52,0.0,0.085,0.915,1896.2153962109476,72.9166019299424,0.0,4,60,t=60,1.0
53,0.0,0.085,0.915,1896.2153962109476,72.9166019299424,0.0,4,60,t=60,1.0
54,0.0,0.085,0.915,1896.2153962109476,72.9166019299424,0.0,4,60,t=60,1.0
55,0.0,0.085,0.915,1896.2153962109476,72.9166019299424,0.0,4,60,t=60,1.0
56,0.0,0.075,0.925,1880.9258931629845,73.72499378776848,0.0,4,60,t=60,1.0
57,0.0,0.07,0.93,1877.0167383525602,73.92631186471677,0.0,4,60,t=60,1.0
58,0.0,0.065,0.935,1850.6527981204429,75.22304062846291,0.0,4,60,t=60,1.0
59,0.0,0.065,0.935,1850.6527981204429,75.22304062846291,0.0,4,60,t=60,1.0
60,0.0,0.06,0.94,1846.9886982622904,75.39960135733789,1.0,4,60,t=60,1.0
61,0.0,0.06,0.94,1846.9886982622904,75.39960135733789,1.0,4,60,t=60,1.0
62,0.0,0.06,0.94,1846.9886982622904,75.39960135733789,1.0,4,60,t=60,1.0
63,0.0,0.06,0.94,1846.9886982622904,75.39960135733789,1.0,4,60,t=60,1.0
64,0.0,0.06,0.94,1846.9886982622904,75.39960135733789,1.0,4,60,t=60,1.0
0,0.0,1.0,0.0,945.0383827500715,0.0,0.0,4,80,t=80,1.0
1,0.0,0.95,0.05,889.5985156112417,6.872919056943466,0.0,4,80,t=80,1.0
2,0.0,0.9,0.1,968.7124451457083,10.659052599570943,0.0,4,80,t=80,1.0
3,0.0,0.85,0.15,1063.1208501971241,14.687348208370935,0.0,4,80,t=80,1.0
4,0.0,0.81,0.19,1202.0243363629227,20.158194166763934,0.0,4,80,t=80,1.0
5,0.0,0.77,0.23,1296.6198385388245,23.633549554683846,0.0,4,80,t=80,1.0
6,0.0,0.73,0.27,1384.5415044354668,26.705915011444958,0.0,4,80,t=80,1.0
7,0.0,0.695,0.305,1475.9653056409916,29.761526345933397,0.0,4,80,t=80,1.0
8,0.0,0.665,0.335,1567.8236318020422,32.691091208669555,0.0,4,80,t=80,1.0
9,0.0,0.635,0.365,1630.4809357864872,34.62048253044155,0.0,4,80,t=80,1.0
10,0.0,0.6,0.4,1693.4773845513562,36.52160986715784,0.0,4,80,t=80,1.0
11,0.0,0.585,0.415,1731.727051699214,37.74438229169888,0.0,4,80,t=80,1.0
12,0.0,0.55,0.45,1811.3503892015785,40.588190885029675,0.0,4,80,t=80,1.0
13,0.0,0.525,0.475,1850.626893561642,42.18024593816087,0.0,4,80,t=80,1.0
14,0.0,0.505,0.495,1881.5837782606402,43.56462052930222,0.0,4,80,t=80,1.0
15,0.0,0.47,0.53,1916.7948025334279,45.325540642860865,0.0,4,80,t=80,1.0
16,0.0,0.455,0.545,1948.5095755209372,47.17591060438458,0.0,4,80,t=80,1.0
17,0.0,0.43,0.57,1971.682678185966,48.765690225651014,0.0,4,80,t=80,1.0
18,0.0,0.42,0.58,1983.3159877968053,49.663411511616985,0.0,4,80,t=80,1.0
19,0.0,0.39,0.61,2006.790339185091,51.91203394555018,0.0,4,80,t=80,1.0
20,0.0,0.38,0.62,2015.143499124854,52.93751587356758,0.0,4,80,t=80,1.0
21,0.0,0.345,0.655,2029.2491079456659,55.4502131144759,0.0,4,80,t=80,1.0
22,0.0,0.315,0.685,2033.6185557975004,57.00953371188044,0.0,4,80,t=80,1.0
23,0.0,0.3,0.7,2034.6353963140964,58.02713811055867,0.0,4,80,t=80,1.0
24,0.0,0.285,0.715,2033.7864342351863,59.369843816202064,0.0,4,80,t=80,1.0
25,0.0,0.265,0.735,2027.6561671000727,61.47173438487245,0.0,4,80,t=80,1.0
26,0.0,0.235,0.765,2014.803990479341,63.729385259901235,0.0,4,80,t=80,1.0
27,0.0,0.22,0.78,2003.803561278423,65.10072657545152,0.0,4,80,t=80,1.0
28,0.0,0.21,0.79,2000.9469427502618,65.41401545486869,0.0,4,80,t=80,1.0
29,0.0,0.21,0.79,2000.9469427502618,65.41401545486869,0.0,4,80,t=80,1.0
30,0.0,0.205,0.795,1998.2872313960113,65.69735626565412,0.0,4,80,t=80,1.0
31,0.0,0.19,0.81,1985.577536162502,66.90600461449881,0.0,4,80,t=80,1.0
32,0.0,0.19,0.81,1985.577536162502,66.90600461449881,0.0,4,80,t=80,1.0
33,0.0,0.185,0.815,1982.4881008545028,67.18133568966958,0.0,4,80,t=80,1.0
34,0.0,0.165,0.835,1974.0445698986666,67.88028869364754,0.0,4,80,t=80,1.0
35,0.0,0.165,0.835,1974.0445698986666,67.88028869364754,0.0,4,80,t=80,1.0
36,0.0,0.165,0.835,1974.0445698986666,67.88028869364754,0.0,4,80,t=80,1.0
37,0.0,0.16,0.84,1968.4117259170241,68.33172083272581,0.0,4,80,t=80,1.0
38,0.0,0.16,0.84,1968.4117259170241,68.33172083272581,0.0,4,80,t=80,1.0
39,0.0,0.15,0.85,1964.618368812892,68.62217854785322,0.0,4,80,t=80,1.0
40,0.0,0.135,0.865,1955.646709970421,69.27077013155605,0.0,4,80,t=80,1.0
41,0.0,0.135,0.865,1955.646709970421,69.27077013155605,0.0,4,80,t=80,1.0
42,0.0,0.13,0.87,1952.7140577543082,69.48027997293525,0.0,4,80,t=80,1.0
43,0.0,0.125,0.875,1946.0426170671105,69.93827992183873,0.0,4,80,t=80,1.0
44,0.0,0.115,0.885,1939.2408622238288,70.3843492686603,0.0,4,80,t=80,1.0
45,0.0,0.115,0.885,1939.2408622238288,70.3843492686603,0.0,4,80,t=80,1.0
46,0.0,0.115,0.885,1939.2408622238288,70.3843492686603,0.0,4,80,t=80,1.0
47,0.0,0.1,0.9,1926.4100359705674,71.19404369576611,0.0,4,80,t=80,1.0
48,0.0,0.09,0.91,1913.1775526732026,71.97557507747022,0.0,4,80,t=80,1.0
49,0.0,0.09,0.91,1913.1775526732026,71.97557507747022,0.0,4,80,t=80,1.0
50,0.0,0.09,0.91,1913.1775526732026,71.97557507747022,0.0,4,80,t=80,1.0
51,0.0,0.085,0.915,1896.2153962109476,72.9166019299424,0.0,4,80,t=80,1.0
52,0.0,0.085,0.915,1896.2153962109476,72.9166019299424,0.0,4,80,t=80,1.0
53,0.0,0.085,0.915,1896.2153962109476,72.9166019299424,0.0,4,80,t=80,1.0
54,0.0,0.085,0.915,1896.2153962109476,72.9166019299424,0.0,4,80,t=80,1.0
55,0.0,0.085,0.915,1896.2153962109476,72.9166019299424,0.0,4,80,t=80,1.0
56,0.0,0.075,0.925,1880.9258931629845,73.72499378776848,0.0,4,80,t=80,1.0
57,0.0,0.07,0.93,1877.0167383525602,73.92631186471677,0.0,4,80,t=80,1.0
58,0.0,0.065,0.935,1850.6527981204429,75.22304062846291,0.0,4,80,t=80,1.0
59,0.0,0.065,0.935,1850.6527981204429,75.22304062846291,0.0,4,80,t=80,1.0
60,0.0,0.06,0.94,1846.9886982622904,75.39960135733789,0.0,4,80,t=80,1.0
61,0.0,0.06,0.94,1846.9886982622904,75.39960135733789,0.0,4,80,t=80,1.0
62,0.0,0.06,0.94,1846.9886982622904,75.39960135733789,0.0,4,80,t=80,1.0
63,0.0,0.06,0.94,1846.9886982622904,75.39960135733789,0.0,4,80,t=80,1.0
64,0.0,0.055,0.945,1842.376241974685,75.61589472187983,0.0,4,80,t=80,1.0
65,0.0,0.055,0.945,1842.376241974685,75.61589472187983,0.0,4,80,t=80,1.0
66,0.0,0.055,0.945,1842.376241974685,75.61589472187983,0.0,4,80,t=80,1.0
67,0.0,0.05,0.95,1818.8939383004729,76.68164894426346,0.0,4,80,t=80,1.0
68,0.0,0.05,0.95,1818.8939383004729,76.68164894426346,0.0,4,80,t=80,1.0
69,0.0,0.05,0.95,1818.8939383004729,76.68164894426346,0.0,4,80,t=80,1.0
70,0.0,0.05,0.95,1818.8939383004729,76.68164894426346,0.0,4,80,t=80,1.0
71,0.0,0.05,0.95,1818.8939383004729,76.68164894426346,0.0,4,80,t=80,1.0
72,0.0,0.05,0.95,1818.8939383004729,76.68164894426346,0.0,4,80,t=80,1.0
73,0.0,0.05,0.95,1818.8939383004729,76.68164894426346,0.0,4,80,t=80,1.0
74,0.0,0.05,0.95,1818.8939383004729,76.68164894426346,0.0,4,80,t=80,1.0
75,0.0,0.045,0.955,1815.2603501275826,76.84186672375648,0.0,4,80,t=80,1.0
76,0.0,0.045,0.955,1815.2603501275826,76.84186672375648,0.0,4,80,t=80,1.0
77,0.0,0.045,0.955,1815.2603501275826,76.84186672375648,0.0,4,80,t=80,1.0
78,0.0,0.045,0.955,1815.2603501275826,76.84186672375648,0.0,4,80,t=80,1.0
79,0.0,0.045,0.955,1815.2603501275826,76.84186672375648,0.0,4,80,t=80,1.0
80,0.0,0.04,0.96,1810.5079996722945,77.04878332413548,1.0,4,80,t=80,1.0
81,0.0,0.04,0.96,1810.5079996722945,77.04878332413548,1.0,4,80,t=80,1.0
82,0.0,0.04,0.96,1810.5079996722945,77.04878332413548,1.0,4,80,t=80,1.0
83,0.0,0.04,0.96,1810.5079996722945,77.04878332413548,1.0,4,80,t=80,1.0
84,0.0,0.04,0.96,1810.5079996722945,77.04878332413548,1.0,4,80,t=80,1.0
0,0.0,1.0,0.0,1018.3435580856587,0.0,0.0,5,-1,never,1.0
1,0.0,0.95,0.05,964.57988706224,7.367312475782626,0.0,5,-1,never,1.0
2,0.0,0.905,0.095,1019.818478879326,10.147484568269693,0.0,5,-1,never,1.0
3,0.0,0.86,0.14,1122.0599783442476,14.716200193335723,0.0,5,-1,never,1.0
4,0.0,0.815,0.185,1222.308463883064,18.882975887412876,0.0,5,-1,never,1.0
5,0.0,0.77,0.23,1339.9027768674655,23.459036284992223,0.0,5,-1,never,1.0
6,0.0,0.735,0.265,1449.1302761016402,27.460937878471345,0.0,5,-1,never,1.0
7,0.0,0.69,0.31,1561.3625437989567,31.7558526832384,0.0,5,-1,never,1.0
8,0.0,0.655,0.345,1599.050714768433,33.53745667025156,0.0,5,-1,never,1.0
9,0.0,0.63,0.37,1625.9366804139681,34.98932784122857,0.0,5,-1,never,1.0
10,0.0,0.585,0.415,1674.2374021579876,38.29295521680346,0.0,5,-1,never,1.0
11,0.0,0.56,0.44,1693.833982001889,40.19113289081744,0.0,5,-1,never,1.0
12,0.0,0.53,0.47,1707.7566531688012,42.09674645912213,0.0,5,-1,never,1.0
13,0.0,0.505,0.495,1713.2515527518492,43.23446638881819,0.0,5,-1,never,1.0
14,0.0,0.475,0.525,1717.5659517538238,46.33341402577751,0.0,5,-1,never,1.0
15,0.0,0.455,0.545,1715.9183040261823,47.34274939948181,0.0,5,-1,never,1.0
16,0.0,0.43,0.57,1709.1622106311288,49.05942204832512,0.0,5,-1,never,1.0
17,0.0,0.405,0.595,1684.0361585989244,52.329745947779614,0.0,5,-1,never,1.0
18,0.0,0.38,0.62,1668.6988090962539,53.694254429168346,0.0,5,-1,never,1.0
19,0.0,0.35,0.65,1632.830051130115,56.25005377797764,0.0,5,-1,never,1.0
20,0.0,0.315,0.685,1573.7449920318475,59.47708899160443,0.0,5,-1,never,1.0
21,0.0,0.3,0.7,1546.7224383339947,60.73209575086959,0.0,5,-1,never,1.0
22,0.0,0.3,0.7,1546.7224383339947,60.73209575086959,0.0,5,-1,never,1.0
23,0.0,0.295,0.705,1545.1362320866458,60.802259112616156,0.0,5,-1,never,1.0
24,0.0,0.27,0.73,1483.0180112993817,63.34934706413836,0.0,5,-1,never,1.0
25,0.0,0.26,0.74,1474.536705759898,63.67100931819594,0.0,5,-1,never,1.0
26,0.0,0.235,0.765,1437.0228574587543,65.02821120511459,0.0,5,-1,never,1.0
27,0.0,0.215,0.785,1367.6168759475208,67.34899434809887,0.0,5,-1,never,1.0
28,0.0,0.21,0.79,1350.6366619570254,67.87781683044022,0.0,5,-1,never,1.0
29,0.0,0.205,0.795,1312.6900680815513,69.03042789376917,0.0,5,-1,never,1.0
30,0.0,0.2,0.8,1308.5149221089189,69.15425949955551,0.0,5,-1,never,1.0
31,0.0,0.195,0.805,1301.3658031915093,69.36341844503637,0.0,5,-1,never,1.0
32,0.0,0.185,0.815,1272.5267801547843,70.19568863798253,0.0,5,-1,never,1.0
33,0.0,0.18,0.82,1268.8343981676542,70.30061340637188,0.0,5,-1,never,1.0
34,0.0,0.17,0.83,1234.22901278391,71.26262917689417,0.0,5,-1,never,1.0
35,0.0,0.165,0.835,1222.5713819485227,71.5801439914533,0.0,5,-1,never,1.0
36,0.0,0.155,0.845,1209.020801376203,71.94435247140642,0.0,5,-1,never,1.0
37,0.0,0.15,0.85,1169.9852044992504,72.96339418600935,0.0,5,-1,never,1.0
38,0.0,0.145,0.855,1161.1853869486563,73.18825760749084,0.0,5,-1,never,1.0
39,0.0,0.14,0.86,1154.7190701045329,73.35327713684532,0.0,5,-1,never,1.0
40,0.0,0.13,0.87,1129.1561303619355,73.99735672022888,0.0,5,-1,never,1.0
41,0.0,0.125,0.875,1113.932707979774,74.37337374757186,0.0,5,-1,never,1.0
42,0.0,0.125,0.875,1113.932707979774,74.37337374757186,0.0,5,-1,never,1.0
43,0.0,0.1,0.9,1067.0550796477332,75.50629382654353,0.0,5,-1,never,1.0
44,0.0,0.1,0.9,1067.0550796477332,75.50629382654353,0.0,5,-1,never,1.0
45,0.0,0.1,0.9,1067.0550796477332,75.50629382654353,0.0,5,-1,never,1.0
46,0.0,0.1,0.9,1067.0550796477332,75.50629382654353,0.0,5,-1,never,1.0
47,0.0,0.09,0.91,1034.3941380032838,76.27215527945381,0.0,5,-1,never,1.0
48,0.0,0.09,0.91,1034.3941380032838,76.27215527945381,0.0,5,-1,never,1.0
49,0.0,0.085,0.915,1021.8502480297702,76.56212720236879,0.0,5,-1,never,1.0
50,0.0,0.08,0.92,1011.2211562399698,76.80846912993913,0.0,5,-1,never,1.0
51,0.0,0.07,0.93,994.8387756952548,77.18438543123555,0.0,5,-1,never,1.0
52,0.0,0.06,0.94,969.4849174538481,77.75775917031439,0.0,5,-1,never,1.0
53,0.0,0.06,0.94,969.4849174538481,77.75775917031439,0.0,5,-1,never,1.0
54,0.0,0.06,0.94,969.4849174538481,77.75775917031439,0.0,5,-1,never,1.0
55,0.0,0.06,0.94,969.4849174538481,77.75775917031439,0.0,5,-1,never,1.0
56,0.0,0.06,0.94,969.4849174538481,77.75775917031439,0.0,5,-1,never,1.0
0,0.0,1.0,0.0,1018.3435580856587,0.0,1.0,5,0,t=0,1.0
1,0.0,0.95,0.05,964.57988706224,7.367312475782626,1.0,5,0,t=0,1.0
2,0.0,0.905,0.095,1019.818478879326,10.147484568269693,1.0,5,0,t=0,1.0
3,0.0,0.86,0.14,1122.0599783442476,14.716200193335723,1.0,5,0,t=0,1.0
4,0.0,0.815,0.185,1222.308463883064,18.882975887412876,1.0,5,0,t=0,1.0
5,0.0,0.77,0.23,1339.9027768674655,23.459036284992223,1.0,5,0,t=0,1.0
6,0.0,0.735,0.265,1449.1302761016402,27.460937878471345,1.0,5,0,t=0,1.0
7,0.0,0.735,0.265,1449.1302761016402,27.460937878471345,1.0,5,0,t=0,1.0
8,0.0,0.735,0.265,1449.1302761016402,27.460937878471345,1.0,5,0,t=0,1.0
9,0.0,0.735,0.265,1449.1302761016402,27.460937878471345,1.0,5,0,t=0,1.0
10,0.0,0.735,0.265,1449.1302761016402,27.460937878471345,1.0,5,0,t=0,1.0
0,0.0,1.0,0.0,1018.3435580856587,0.0,0.0,5,10,t=10,1.0
1,0.0,0.95,0.05,964.57988706224,7.367312475782626,0.0,5,10,t=10,1.0
2,0.0,0.905,0.095,1019.818478879326,10.147484568269693,0.0,5,10,t=10,1.0
3,0.0,0.86,0.14,1122.0599783442476,14.716200193335723,0.0,5,10,t=10,1.0
4,0.0,0.815,0.185,1222.308463883064,18.882975887412876,0.0,5,10,t=10,1.0
5,0.0,0.77,0.23,1339.9027768674655,23.459036284992223,0.0,5,10,t=10,1.0
6,0.0,0.735,0.265,1449.1302761016402,27.460937878471345,0.0,5,10,t=10,1.0
7,0.0,0.69,0.31,1561.3625437989567,31.7558526832384,0.0,5,10,t=10,1.0
8,0.0,0.655,0.345,1599.050714768433,33.53745667025156,0.0,5,10,t=10,1.0
9,0.0,0.63,0.37,1625.9366804139681,34.98932784122857,0.0,5,10,t=10,1.0
10,0.0,0.585,0.415,1674.2374021579876,38.29295521680346,1.0,5,10,t=10,1.0
11,0.0,0.585,0.415,1674.2374021579876,38.29295521680346,1.0,5,10,t=10,1.0
12,0.0,0.585,0.415,1674.2374021579876,38.29295521680346,1.0,5,10,t=10,1.0
13,0.0,0.585,0.415,1674.2374021579876,38.29295521680346,1.0,5,10,t=10,1.0
14,0.0,0.585,0.415,1674.2374021579876,38.29295521680346,1.0,5,10,t=10,1.0
0,0.0,1.0,0.0,1018.3435580856587,0.0,0.0,5,20,t=20,1.0
1,0.0,0.95,0.05,964.57988706224,7.367312475782626,0.0,5,20,t=20,1.0
2,0.0,0.905,0.095,1019.818478879326,10.147484568269693,0.0,5,20,t=20,1.0
3,0.0,0.86,0.14,1122.0599783442476,14.716200193335723,0.0,5,20,t=20,1.0
4,0.0,0.815,0.185,1222.308463883064,18.882975887412876,0.0,5,20,t=20,1.0
5,0.0,0.77,0.23,1339.9027768674655,23.459036284992223,0.0,5,20,t=20,1.0
6,0.0,0.735,0.265,1449.1302761016402,27.460937878471345,0.0,5,20,t=20,1.0
7,0.0,0.69,0.31,1561.3625437989567,31.7558526832384,0.0,5,20,t=20,1.0
8,0.0,0.655,0.345,1599.050714768433,33.53745667025156,0.0,5,20,t=20,1.0
9,0.0,0.63,0.37,1625.9366804139681,34.98932784122857,0.0,5,20,t=20,1.0
10,0.0,0.585,0.415,1674.2374021579876,38.29295521680346,0.0,5,20,t=20,1.0
11,0.0,0.56,0.44,1693.833982001889,40.19113289081744,0.0,5,20,t=20,1.0
12,0.0,0.53,0.47,1707.7566531688012,42.09674645912213,0.0,5,20,t=20,1.0
13,0.0,0.505,0.495,1713.2515527518492,43.23446638881819,0.0,5,20,t=20,1.0
14,0.0,0.475,0.525,1717.5659517538238,46.33341402577751,0.0,5,20,t=20,1.0
15,0.0,0.455,0.545,1715.9183040261823,47.34274939948181,0.0,5,20,t=20,1.0
16,0.0,0.43,0.57,1709.1622106311288,49.05942204832512,0.0,5,20,t=20,1.0
17,0.0,0.405,0.595,1684.0361585989244,52.329745947779614,0.0,5,20,t=20,1.0
18,0.0,0.38,0.62,1668.6988090962539,53.694254429168346,0.0,5,20,t=20,1.0
19,0.0,0.35,0.65,1632.830051130115,56.25005377797764,0.0,5,20,t=20,1.0
20,0.0,0.315,0.685,1573.7449920318475,59.47708899160443,1.0,5,20,t=20,1.0
21,0.0,0.315,0.685,1573.7449920318475,59.47708899160443,1.0,5,20,t=20,1.0
22,0.0,0.315,0.685,1573.7449920318475,59.47708899160443,1.0,5,20,t=20,1.0
23,0.0,0.315,0.685,1573.7449920318475,59.47708899160443,1.0,5,20,t=20,1.0
24,0.0,0.315,0.685,1573.7449920318475,59.47708899160443,1.0,5,20,t=20,1.0
0,0.0,1.0,0.0,1018.3435580856587,0.0,0.0,5,40,t=40,1.0
1,0.0,0.95,0.05,964.57988706224,7.367312475782626,0.0,5,40,t=40,1.0
2,0.0,0.905,0.095,1019.818478879326,10.147484568269693,0.0,5,40,t=40,1.0
3,0.0,0.86,0.14,1122.0599783442476,14.716200193335723,0.0,5,40,t=40,1.0
4,0.0,0.815,0.185,1222.308463883064,18.882975887412876,0.0,5,40,t=40,1.0
5,0.0,0.77,0.23,1339.9027768674655,23.459036284992223,0.0,5,40,t=40,1.0
6,0.0,0.735,0.265,1449.1302761016402,27.460937878471345,0.0,5,40,t=40,1.0
7,0.0,0.69,0.31,1561.3625437989567,31.7558526832384,0.0,5,40,t=40,1.0
8,0.0,0.655,0.345,1599.050714768433,33.53745667025156,0.0,5,40,t=40,1.0
9,0.0,0.63,0.37,1625.9366804139681,34.98932784122857,0.0,5,40,t=40,1.0
10,0.0,0.585,0.415,1674.2374021579876,38.29295521680346,0.0,5,40,t=40,1.0
11,0.0,0.56,0.44,1693.833982001889,40.19113289081744,0.0,5,40,t=40,1.0
12,0.0,0.53,0.47,1707.7566531688012,42.09674645912213,0.0,5,40,t=40,1.0
13,0.0,0.505,0.495,1713.2515527518492,43.23446638881819,0.0,5,40,t=40,1.0
14,0.0,0.475,0.525,1717.5659517538238,46.33341402577751,0.0,5,40,t=40,1.0
15,0.0,0.455,0.545,1715.9183040261823,47.34274939948181,0.0,5,40,t=40,1.0
16,0.0,0.43,0.57,1709.1622106311288,49.05942204832512,0.0,5,40,t=40,1.0
17,0.0,0.405,0.595,1684.0361585989244,52.329745947779614,0.0,5,40,t=40,1.0
18,0.0,0.38,0.62,1668.6988090962539,53.694254429168346,0.0,5,40,t=40,1.0
19,0.0,0.35,0.65,1632.830051130115,56.25005377797764,0.0,5,40,t=40,1.0
20,0.0,0.315,0.685,1573.7449920318475,59.47708899160443,0.0,5,40,t=40,1.0
21,0.0,0.3,0.7,1546.7224383339947,60.73209575086959,0.0,5,40,t=40,1.0
22,0.0,0.3,0.7,1546.7224383339947,60.73209575086959,0.0,5,40,t=40,1.0
23,0.0,0.295,0.705,1545.1362320866458,60.802259112616156,0.0,5,40,t=40,1.0
24,0.0,0.27,0.73,1483.0180112993817,63.34934706413836,0.0,5,40,t=40,1.0
25,0.0,0.26,0.74,1474.536705759898,63.67100931819594,0.0,5,40,t=40,1.0
26,0.0,0.235,0.765,1437.0228574587543,65.02821120511459,0.0,5,40,t=40,1.0
27,0.0,0.215,0.785,1367.6168759475208,67.34899434809887,0.0,5,40,t=40,1.0
28,0.0,0.21,0.79,1350.6366619570254,67.87781683044022,0.0,5,40,t=40,1.0
29,0.0,0.205,0.795,1312.6900680815513,69.03042789376917,0.0,5,40,t=40,1.0
30,0.0,0.2,0.8,1308.5149221089189,69.15425949955551,0.0,5,40,t=40,1.0
31,0.0,0.195,0.805,1301.3658031915093,69.36341844503637,0.0,5,40,t=40,1.0
32,0.0,0.185,0.815,1272.5267801547843,70.19568863798253,0.0,5,40,t=40,1.0
33,0.0,0.18,0.82,1268.8343981676542,70.30061340637188,0.0,5,40,t=40,1.0
34,0.0,0.17,0.83,1234.22901278391,71.26262917689417,0.0,5,40,t=40,1.0
35,0.0,0.165,0.835,1222.5713819485227,71.5801439914533,0.0,5,40,t=40,1.0
36,0.0,0.155,0.845,1209.020801376203,71.94435247140642,0.0,5,40,t=40,1.0
37,0.0,0.15,0.85,1169.9852044992504,72.96339418600935,0.0,5,40,t=40,1.0
38,0.0,0.145,0.855,1161.1853869486563,73.18825760749084,0.0,5,40,t=40,1.0
39,0.0,0.14,0.86,1154.7190701045329,73.35327713684532,0.0,5,40,t=40,1.0
40,0.0,0.13,0.87,1129.1561303619355,73.99735672022888,1.0,5,40,t=40,1.0
41,0.0,0.13,0.87,1129.1561303619355,73.99735672022888,1.0,5,40,t=40,1.0
42,0.0,0.13,0.87,1129.1561303619355,73.99735672022888,1.0,5,40,t=40,1.0
43,0.0,0.13,0.87,1129.1561303619355,73.99735672022888,1.0,5,40,t=40,1.0
44,0.0,0.13,0.87,1129.1561303619355,73.99735672022888,1.0,5,40,t=40,1.0
0,0.0,1.0,0.0,1018.3435580856587,0.0,0.0,5,60,t=60,1.0
1,0.0,0.95,0.05,964.57988706224,7.367312475782626,0.0,5,60,t=60,1.0
2,0.0,0.905,0.095,1019.818478879326,10.147484568269693,0.0,5,60,t=60,1.0
3,0.0,0.86,0.14,1122.0599783442476,14.716200193335723,0.0,5,60,t=60,1.0
4,0.0,0.815,0.185,1222.308463883064,18.882975887412876,0.0,5,60,t=60,1.0
5,0.0,0.77,0.23,1339.9027768674655,23.459036284992223,0.0,5,60,t=60,1.0
6,0.0,0.735,0.265,1449.1302761016402,27.460937878471345,0.0,5,60,t=60,1.0
7,0.0,0.69,0.31,1561.3625437989567,31.7558526832384,0.0,5,60,t=60,1.0
8,0.0,0.655,0.345,1599.050714768433,33.53745667025156,0.0,5,60,t=60,1.0
9,0.0,0.63,0.37,1625.9366804139681,34.98932784122857,0.0,5,60,t=60,1.0
10,0.0,0.585,0.415,1674.2374021579876,38.29295521680346,0.0,5,60,t=60,1.0
11,0.0,0.56,0.44,1693.833982001889,40.19113289081744,0.0,5,60,t=60,1.0
12,0.0,0.53,0.47,1707.7566531688012,42.09674645912213,0.0,5,60,t=60,1.0
13,0.0,0.505,0.495,1713.2515527518492,43.23446638881819,0.0,5,60,t=60,1.0
14,0.0,0.475,0.525,1717.5659517538238,46.33341402577751,0.0,5,60,t=60,1.0
15,0.0,0.455,0.545,1715.9183040261823,47.34274939948181,0.0,5,60,t=60,1.0
16,0.0,0.43,0.57,1709.1622106311288,49.05942204832512,0.0,5,60,t=60,1.0
17,0.0,0.405,0.595,1684.0361585989244,52.329745947779614,0.0,5,60,t=60,1.0
18,0.0,0.38,0.62,1668.6988090962539,53.694254429168346,0.0,5,60,t=60,1.0
19,0.0,0.35,0.65,1632.830051130115,56.25005377797764,0.0,5,60,t=60,1.0
20,0.0,0.315,0.685,1573.7449920318475,59.47708899160443,0.0,5,60,t=60,1.0
21,0.0,0.3,0.7,1546.7224383339947,60.73209575086959,0.0,5,60,t=60,1.0
22,0.0,0.3,0.7,1546.7224383339947,60.73209575086959,0.0,5,60,t=60,1.0
23,0.0,0.295,0.705,1545.1362320866458,60.802259112616156,0.0,5,60,t=60,1.0
24,0.0,0.27,0.73,1483.0180112993817,63.34934706413836,0.0,5,60,t=60,1.0
25,0.0,0.26,0.74,1474.536705759898,63.67100931819594,0.0,5,60,t=60,1.0
26,0.0,0.235,0.765,1437.0228574587543,65.02821120511459,0.0,5,60,t=60,1.0
27,0.0,0.215,0.785,1367.6168759475208,67.34899434809887,0.0,5,60,t=60,1.0
28,0.0,0.21,0.79,1350.6366619570254,67.87781683044022,0.0,5,60,t=60,1.0
29,0.0,0.205,0.795,1312.6900680815513,69.03042789376917,0.0,5,60,t=60,1.0
30,0.0,0.2,0.8,1308.5149221089189,69.15425949955551,0.0,5,60,t=60,1.0
31,0.0,0.195,0.805,1301.3658031915093,69.36341844503637,0.0,5,60,t=60,1.0
32,0.0,0.185,0.815,1272.5267801547843,70.19568863798253,0.0,5,60,t=60,1.0
33,0.0,0.18,0.82,1268.8343981676542,70.30061340637188,0.0,5,60,t=60,1.0
34,0.0,0.17,0.83,1234.22901278391,71.26262917689417,0.0,5,60,t=60,1.0
35,0.0,0.165,0.835,1222.5713819485227,71.5801439914533,0.0,5,60,t=60,1.0
36,0.0,0.155,0.845,1209.020801376203,71.94435247140642,0.0,5,60,t=60,1.0
37,0.0,0.15,0.85,1169.9852044992504,72.96339418600935,0.0,5,60,t=60,1.0
38,0.0,0.145,0.855,1161.1853869486563,73.18825760749084,0.0,5,60,t=60,1.0
39,0.0,0.14,0.86,1154.7190701045329,73.35327713684532,0.0,5,60,t=60,1.0
40,0.0,0.13,0.87,1129.1561303619355,73.99735672022888,0.0,5,60,t=60,1.0
41,0.0,0.125,0.875,1113.932707979774,74.37337374757186,0.0,5,60,t=60,1.0
42,0.0,0.125,0.875,1113.932707979774,74.37337374757186,0.0,5,60,t=60,1.0
43,0.0,0.1,0.9,1067.0550796477332,75.50629382654353,0.0,5,60,t=60,1.0
44,0.0,0.1,0.9,1067.0550796477332,75.50629382654353,0.0,5,60,t=60,1.0
45,0.0,0.1,0.9,1067.0550796477332,75.50629382654353,0.0,5,60,t=60,1.0
46,0.0,0.1,0.9,1067.0550796477332,75.50629382654353,0.0,5,60,t=60,1.0
47,0.0,0.09,0.91,1034.3941380032838,76.27215527945381,0.0,5,60,t=60,1.0
48,0.0,0.09,0.91,1034.3941380032838,76.27215527945381,0.0,5,60,t=60,1.0
49,0.0,0.085,0.915,1021.8502480297702,76.56212720236879,0.0,5,60,t=60,1.0
50,0.0,0.08,0.92,1011.2211562399698,76.80846912993913,0.0,5,60,t=60,1.0
51,0.0,0.07,0.93,994.8387756952548,77.18438543123555,0.0,5,60,t=60,1.0
52,0.0,0.06,0.94,969.4849174538481,77.75775917031439,0.0,5,60,t=60,1.0
53,0.0,0.06,0.94,969.4849174538481,77.75775917031439,0.0,5,60,t=60,1.0
54,0.0,0.06,0.94,969.4849174538481,77.75775917031439,0.0,5,60,t=60,1.0
55,0.0,0.06,0.94,969.4849174538481,77.75775917031439,0.0,5,60,t=60,1.0
56,0.0,0.06,0.94,969.4849174538481,77.75775917031439,0.0,5,60,t=60,1.0
57,0.0,0.06,0.94,969.4849174538481,77.75775917031439,0.0,5,60,t=60,1.0
58,0.0,0.06,0.94,969.4849174538481,77.75775917031439,0.0,5,60,t=60,1.0
59,0.0,0.06,0.94,969.4849174538481,77.75775917031439,0.0,5,60,t=60,1.0
60,0.0,0.055,0.945,959.5407815730691,77.98084683336442,1.0,5,60,t=60,1.0
61,0.0,0.055,0.945,959.5407815730691,77.98084683336442,1.0,5,60,t=60,1.0
62,0.0,0.055,0.945,959.5407815730691,77.98084683336442,1.0,5,60,t=60,1.0
63,0.0,0.055,0.945,959.5407815730691,77.98084683336442,1.0,5,60,t=60,1.0
64,0.0,0.055,0.945,959.5407815730691,77.98084683336442,1.0,5,60,t=60,1.0
0,0.0,1.0,0.0,1018.3435580856587,0.0,0.0,5,80,t=80,1.0
1,0.0,0.95,0.05,964.57988706224,7.367312475782626,0.0,5,80,t=80,1.0
2,0.0,0.905,0.095,1019.818478879326,10.147484568269693,0.0,5,80,t=80,1.0
3,0.0,0.86,0.14,1122.0599783442476,14.716200193335723,0.0,5,80,t=80,1.0
4,0.0,0.815,0.185,1222.308463883064,18.882975887412876,0.0,5,80,t=80,1.0
5,0.0,0.77,0.23,1339.9027768674655,23.459036284992223,0.0,5,80,t=80,1.0
6,0.0,0.735,0.265,1449.1302761016402,27.460937878471345,0.0,5,80,t=80,1.0
7,0.0,0.69,0.31,1561.3625437989567,31.7558526832384,0.0,5,80,t=80,1.0
8,0.0,0.655,0.345,1599.050714768433,33.53745667025156,0.0,5,80,t=80,1.0
9,0.0,0.63,0.37,1625.9366804139681,34.98932784122857,0.0,5,80,t=80,1.0
10,0.0,0.585,0.415,1674.2374021579876,38.29295521680346,0.0,5,80,t=80,1.0
11,0.0,0.56,0.44,1693.833982001889,40.19113289081744,0.0,5,80,t=80,1.0
12,0.0,0.53,0.47,1707.7566531688012,42.09674645912213,0.0,5,80,t=80,1.0
13,0.0,0.505,0.495,1713.2515527518492,43.23446638881819,0.0,5,80,t=80,1.0
14,0.0,0.475,0.525,1717.5659517538238,46.33341402577751,0.0,5,80,t=80,1.0
15,0.0,0.455,0.545,1715.9183040261823,47.34274939948181,0.0,5,80,t=80,1.0
16,0.0,0.43,0.57,1709.1622106311288,49.05942204832512,0.0,5,80,t=80,1.0
17,0.0,0.405,0.595,1684.0361585989244,52.329745947779614,0.0,5,80,t=80,1.0
18,0.0,0.38,0.62,1668.6988090962539,53.694254429168346,0.0,5,80,t=80,1.0
19,0.0,0.35,0.65,1632.830051130115,56.25005377797764,0.0,5,80,t=80,1.0
20,0.0,0.315,0.685,1573.7449920318475,59.47708899160443,0.0,5,80,t=80,1.0
21,0.0,0.3,0.7,1546.7224383339947,60.73209575086959,0.0,5,80,t=80,1.0
22,0.0,0.3,0.7,1546.7224383339947,60.73209575086959,0.0,5,80,t=80,1.0
23,0.0,0.295,0.705,1545.1362320866458,60.802259112616156,0.0,5,80,t=80,1.0
24,0.0,0.27,0.73,1483.0180112993817,63.34934706413836,0.0,5,80,t=80,1.0
25,0.0,0.26,0.74,1474.536705759898,63.67100931819594,0.0,5,80,t=80,1.0
26,0.0,0.235,0.765,1437.0228574587543,65.02821120511459,0.0,5,80,t=80,1.0
27,0.0,0.215,0.785,1367.6168759475208,67.34899434809887,0.0,5,80,t=80,1.0
28,0.0,0.21,0.79,1350.6366619570254,67.87781683044022,0.0,5,80,t=80,1.0
29,0.0,0.205,0.795,1312.6900680815513,69.03042789376917,0.0,5,80,t=80,1.0
30,0.0,0.2,0.8,1308.5149221089189,69.15425949955551,0.0,5,80,t=80,1.0
31,0.0,0.195,0.805,1301.3658031915093,69.36341844503637,0.0,5,80,t=80,1.0
32,0.0,0.185,0.815,1272.5267801547843,70.19568863798253,0.0,5,80,t=80,1.0
33,0.0,0.18,0.82,1268.8343981676542,70.30061340637188,0.0,5,80,t=80,1.0
34,0.0,0.17,0.83,1234.22901278391,71.26262917689417,0.0,5,80,t=80,1.0
35,0.0,0.165,0.835,1222.5713819485227,71.5801439914533,0.0,5,80,t=80,1.0
36,0.0,0.155,0.845,1209.020801376203,71.94435247140642,0.0,5,80,t=80,1.0
37,0.0,0.15,0.85,1169.9852044992504,72.96339418600935,0.0,5,80,t=80,1.0
38,0.0,0.145,0.855,1161.1853869486563,73.18825760749084,0.0,5,80,t=80,1.0
39,0.0,0.14,0.86,1154.7190701045329,73.35327713684532,0.0,5,80,t=80,1.0
40,0.0,0.13,0.87,1129.1561303619355,73.99735672022888,0.0,5,80,t=80,1.0
41,0.0,0.125,0.875,1113.932707979774,74.37337374757186,0.0,5,80,t=80,1.0
42,0.0,0.125,0.875,1113.932707979774,74.37337374757186,0.0,5,80,t=80,1.0
43,0.0,0.1,0.9,1067.0550796477332,75.50629382654353,0.0,5,80,t=80,1.0
44,0.0,0.1,0.9,1067.0550796477332,75.50629382654353,0.0,5,80,t=80,1.0
45,0.0,0.1,0.9,1067.0550796477332,75.50629382654353,0.0,5,80,t=80,1.0
46,0.0,0.1,0.9,1067.0550796477332,75.50629382654353,0.0,5,80,t=80,1.0
47,0.0,0.09,0.91,1034.3941380032838,76.27215527945381,0.0,5,80,t=80,1.0
48,0.0,0.09,0.91,1034.3941380032838,76.27215527945381,0.0,5,80,t=80,1.0
49,0.0,0.085,0.915,1021.8502480297702,76.56212720236879,0.0,5,80,t=80,1.0
50,0.0,0.08,0.92,1011.2211562399698,76.80846912993913,0.0,5,80,t=80,1.0
51,0.0,0.07,0.93,994.8387756952548,77.18438543123555,0.0,5,80,t=80,1.0
52,0.0,0.06,0.94,969.4849174538481,77.75775917031439,0.0,5,80,t=80,1.0
53,0.0,0.06,0.94,969.4849174538481,77.75775917031439,0.0,5,80,t=80,1.0
54,0.0,0.06,0.94,969.4849174538481,77.75775917031439,0.0,5,80,t=80,1.0
55,0.0,0.06,0.94,969.4849174538481,77.75775917031439,0.0,5,80,t=80,1.0
56,0.0,0.06,0.94,969.4849174538481,77.75775917031439,0.0,5,80,t=80,1.0
57,0.0,0.06,0.94,969.4849174538481,77.75775917031439,0.0,5,80,t=80,1.0
58,0.0,0.06,0.94,969.4849174538481,77.75775917031439,0.0,5,80,t=80,1.0
59,0.0,0.06,0.94,969.4849174538481,77.75775917031439,0.0,5,80,t=80,1.0
60,0.0,0.055,0.945,959.5407815730691,77.98084683336442,0.0,5,80,t=80,1.0
61,0.0,0.055,0.945,959.5407815730691,77.98084683336442,0.0,5,80,t=80,1.0
62,0.0,0.055,0.945,959.5407815730691,77.98084683336442,0.0,5,80,t=80,1.0
63,0.0,0.055,0.945,959.5407815730691,77.98084683336442,0.0,5,80,t=80,1.0
64,0.0,0.05,0.95,954.5484745826093,78.091413197326,0.0,5,80,t=80,1.0
65,0.0,0.05,0.95,954.5484745826093,78.091413197326,0.0,5,80,t=80,1.0
66,0.0,0.05,0.95,954.5484745826093,78.091413197326,0.0,5,80,t=80,1.0
67,0.0,0.05,0.95,954.5484745826093,78.091413197326,0.0,5,80,t=80,1.0
68,0.0,0.05,0.95,954.5484745826093,78.091413197326,0.0,5,80,t=80,1.0
69,0.0,0.05,0.95,954.5484745826093,78.091413197326,0.0,5,80,t=80,1.0
70,0.0,0.05,0.95,954.5484745826093,78.091413197326,0.0,5,80,t=80,1.0
71,0.0,0.05,0.95,954.5484745826093,78.091413197326,0.0,5,80,t=80,1.0
72,0.0,0.05,0.95,954.5484745826093,78.091413197326,0.0,5,80,t=80,1.0
73,0.0,0.05,0.95,954.5484745826093,78.091413197326,0.0,5,80,t=80,1.0
74,0.0,0.045,0.955,952.2553819099116,78.14252204289073,0.0,5,80,t=80,1.0
75,0.0,0.04,0.96,939.9326182985737,78.41431997839236,0.0,5,80,t=80,1.0
76,0.0,0.04,0.96,939.9326182985737,78.41431997839236,0.0,5,80,t=80,1.0
77,0.0,0.04,0.96,939.9326182985737,78.41431997839236,0.0,5,80,t=80,1.0
78,0.0,0.04,0.96,939.9326182985737,78.41431997839236,0.0,5,80,t=80,1.0
79,0.0,0.025,0.975,894.0237973789885,79.40858860443066,0.0,5,80,t=80,1.0
80,0.0,0.025,0.975,894.0237973789885,79.40858860443066,1.0,5,80,t=80,1.0
81,0.0,0.025,0.975,894.0237973789885,79.40858860443066,1.0,5,80,t=80,1.0
82,0.0,0.025,0.975,894.0237973789885,79.40858860443066,1.0,5,80,t=80,1.0
83,0.0,0.025,0.975,894.0237973789885,79.40858860443066,1.0,5,80,t=80,1.0
0,0.0,1.0,0.0,985.0183373681498,0.0,0.0,6,-1,never,1.0
1,0.0,0.95,0.05,887.7851797576227,4.269537338158887,0.0,6,-1,never,1.0
2,0.0,0.9,0.1,993.5770935842924,10.420327854083013,0.0,6,-1,never,1.0
3,0.0,0.86,0.14,1095.745752966346,14.934788000443646,0.0,6,-1,never,1.0
4,0.0,0.815,0.185,1184.5269107051354,18.59026687668448,0.0,6,-1,never,1.0
5,0.0,0.765,0.235,1284.0407939718166,22.46713788334558,0.0,6,-1,never,1.0
6,0.0,0.735,0.265,1384.0073011811019,26.15136937334852,0.0,6,-1,never,1.0
7,0.0,0.705,0.295,1481.154546047669,29.552551041535295,0.0,6,-1,never,1.0
8,0.0,0.665,0.335,1581.146824460596,32.88392047887636,0.0,6,-1,never,1.0
9,0.0,0.635,0.365,1645.4629104100525,34.947769522274704,0.0,6,-1,never,1.0
10,0.0,0.59,0.41,1751.1214790877536,38.73678474223866,0.0,6,-1,never,1.0
11,0.0,0.555,0.445,1798.3623851806092,40.77565052691068,0.0,6,-1,never,1.0
12,0.0,0.535,0.465,1825.2259833364074,42.08483036766884,0.0,6,-1,never,1.0
13,0.0,0.52,0.48,1854.3400110776413,43.68494535665308,0.0,6,-1,never,1.0
14,0.0,0.495,0.505,1887.4574517893686,45.85599082641592,0.0,6,-1,never,1.0
15,0.0,0.47,0.53,1896.5526487468005,46.551272865964435,0.0,6,-1,never,1.0
16,0.0,0.45,0.55,1915.111807362313,48.20595331194326,0.0,6,-1,never,1.0
17,0.0,0.435,0.565,1925.3075827601156,49.33750566378632,0.0,6,-1,never,1.0
18,0.0,0.415,0.585,1941.5238067969892,51.936297474140424,0.0,6,-1,never,1.0
19,0.0,0.41,0.59,1944.0662981344944,52.61336890523942,0.0,6,-1,never,1.0
20,0.0,0.39,0.61,1946.8774837505089,56.21933098465844,0.0,6,-1,never,1.0
21,0.0,0.37,0.63,1942.229111816825,57.785843525999006,0.0,6,-1,never,1.0
22,0.0,0.355,0.645,1938.035695359666,58.66365579643719,0.0,6,-1,never,1.0
23,0.0,0.34,0.66,1931.066409202289,59.75705320235876,0.0,6,-1,never,1.0
24,0.0,0.32,0.68,1917.9220108849167,61.35566507707345,0.0,6,-1,never,1.0
25,0.0,0.31,0.69,1913.9978634132926,61.76744762767198,0.0,6,-1,never,1.0
26,0.0,0.295,0.705,1898.92810038495,63.16193613146818,0.0,6,-1,never,1.0
27,0.0,0.28,0.72,1889.9180261066672,63.89645326601729,0.0,6,-1,never,1.0
28,0.0,0.26,0.74,1877.5392587371202,64.82176018909959,0.0,6,-1,never,1.0
29,0.0,0.25,0.75,1865.9614639349438,65.61904722712616,0.0,6,-1,never,1.0
30,0.0,0.225,0.775,1850.330114972384,66.61522567604771,0.0,6,-1,never,1.0
31,0.0,0.21,0.79,1801.1239452906766,69.34600753981243,0.0,6,-1,never,1.0
32,0.0,0.205,0.795,1798.6640730559582,69.46779631950903,0.0,6,-1,never,1.0
33,0.0,0.2,0.8,1787.9063709409354,69.99195725847953,0.0,6,-1,never,1.0
34,0.0,0.19,0.81,1764.3330683280356,71.09809526816564,0.0,6,-1,never,1.0
35,0.0,0.185,0.815,1752.7047063803222,71.61152010907821,0.0,6,-1,never,1.0
36,0.0,0.175,0.825,1745.5414694446636,71.92337504581151,0.0,6,-1,never,1.0
37,0.0,0.17,0.83,1740.3540590644657,72.1444476687239,0.0,6,-1,never,1.0
38,0.0,0.155,0.845,1713.8623872991377,73.23806220462055,0.0,6,-1,never,1.0
39,0.0,0.145,0.855,1693.5716056288395,74.04379123570796,0.0,6,-1,never,1.0
40,0.0,0.13,0.87,1671.2411361211196,74.89807970240011,0.0,6,-1,never,1.0
41,0.0,0.12,0.88,1665.347296818819,75.1188844632151,0.0,6,-1,never,1.0
42,0.0,0.115,0.885,1663.090541460944,75.20149048425728,0.0,6,-1,never,1.0
43,0.0,0.105,0.895,1649.7790930050746,75.68858862595724,0.0,6,-1,never,1.0
44,0.0,0.095,0.905,1632.7606601642149,76.29236581028603,0.0,6,-1,never,1.0
45,0.0,0.095,0.905,1632.7606601642149,76.29236581028603,0.0,6,-1,never,1.0
46,0.0,0.095,0.905,1632.7606601642149,76.29236581028603,0.0,6,-1,never,1.0
47,0.0,0.095,0.905,1632.7606601642149,76.29236581028603,0.0,6,-1,never,1.0
48,0.0,0.09,0.91,1629.397387363648,76.41052597628978,0.0,6,-1,never,1.0
49,0.0,0.08,0.92,1620.957650691255,76.70498894679683,0.0,6,-1,never,1.0
50,0.0,0.075,0.925,1615.6369437106919,76.89000015808446,0.0,6,-1,never,1.0
51,0.0,0.07,0.93,1607.2198922821447,77.17821592263996,0.0,6,-1,never,1.0
52,0.0,0.065,0.935,1589.6666253147682,77.76244926375344,0.0,6,-1,never,1.0
53,0.0,0.06,0.94,1586.8787314067897,77.85420636764539,0.0,6,-1,never,1.0
54,0.0,0.045,0.955,1577.2765792555006,78.1688854473239,0.0,6,-1,never,1.0
55,0.0,0.045,0.955,1577.2765792555006,78.1688854473239,0.0,6,-1,never,1.0
56,0.0,0.035,0.965,1557.6903182278584,78.80458560242906,0.0,6,-1,never,1.0
57,0.0,0.035,0.965,1557.6903182278584,78.80458560242906,0.0,6,-1,never,1.0
58,0.0,0.03,0.97,1546.001646962553,79.17769636884152,0.0,6,-1,never,1.0
59,0.0,0.03,0.97,1546.001646962553,79.17769636884152,0.0,6,-1,never,1.0
60,0.0,0.03,0.97,1546.001646962553,79.17769636884152,0.0,6,-1,never,1.0
61,0.0,0.025,0.975,1537.8893134355358,79.43312673529476,0.0,6,-1,never,1.0
62,0.0,0.025,0.975,1537.8893134355358,79.43312673529476,0.0,6,-1,never,1.0
63,0.0,0.025,0.975,1537.8893134355358,79.43312673529476,0.0,6,-1,never,1.0
64,0.0,0.025,0.975,1537.8893134355358,79.43312673529476,0.0,6,-1,never,1.0
65,0.0,0.025,0.975,1537.8893134355358,79.43312673529476,0.0,6,-1,never,1.0
0,0.0,1.0,0.0,985.0183373681498,0.0,1.0,6,0,t=0,1.0
1,0.0,0.95,0.05,887.7851797576227,4.269537338158887,1.0,6,0,t=0,1.0
2,0.0,0.9,0.1,993.5770935842924,10.420327854083013,1.0,6,0,t=0,1.0
3,0.0,0.86,0.14,1095.745752966346,14.934788000443646,1.0,6,0,t=0,1.0
4,0.0,0.815,0.185,1184.5269107051354,18.59026687668448,1.0,6,0,t=0,1.0
5,0.0,0.765,0.235,1284.0407939718166,22.46713788334558,1.0,6,0,t=0,1.0
6,0.0,0.735,0.265,1384.0073011811019,26.15136937334852,1.0,6,0,t=0,1.0
7,0.0,0.705,0.295,1481.154546047669,29.552551041535295,1.0,6,0,t=0,1.0
8,0.0,0.665,0.335,1581.146824460596,32.88392047887636,1.0,6,0,t=0,1.0
9,0.0,0.665,0.335,1581.146824460596,32.88392047887636,1.0,6,0,t=0,1.0
10,0.0,0.665,0.335,1581.146824460596,32.88392047887636,1.0,6,0,t=0,1.0
11,0.0,0.665,0.335,1581.146824460596,32.88392047887636,1.0,6,0,t=0,1.0
12,0.0,0.64,0.36,1633.0697918568012,34.55458605453789,1.0,6,0,t=0,1.0
13,0.0,0.64,0.36,1633.0697918568012,34.55458605453789,1.0,6,0,t=0,1.0
14,0.0,0.64,0.36,1633.0697918568012,34.55458605453789,1.0,6,0,t=0,1.0
15,0.0,0.64,0.36,1633.0697918568012,34.55458605453789,1.0,6,0,t=0,1.0
16,0.0,0.64,0.36,1633.0697918568012,34.55458605453789,1.0,6,0,t=0,1.0
0,0.0,1.0,0.0,985.0183373681498,0.0,0.0,6,10,t=10,1.0
1,0.0,0.95,0.05,887.7851797576227,4.269537338158887,0.0,6,10,t=10,1.0
2,0.0,0.9,0.1,993.5770935842924,10.420327854083013,0.0,6,10,t=10,1.0
3,0.0,0.86,0.14,1095.745752966346,14.934788000443646,0.0,6,10,t=10,1.0
4,0.0,0.815,0.185,1184.5269107051354,18.59026687668448,0.0,6,10,t=10,1.0
5,0.0,0.765,0.235,1284.0407939718166,22.46713788334558,0.0,6,10,t=10,1.0
6,0.0,0.735,0.265,1384.0073011811019,26.15136937334852,0.0,6,10,t=10,1.0
7,0.0,0.705,0.295,1481.154546047669,29.552551041535295,0.0,6,10,t=10,1.0
8,0.0,0.665,0.335,1581.146824460596,32.88392047887636,0.0,6,10,t=10,1.0
9,0.0,0.635,0.365,1645.4629104100525,34.947769522274704,0.0,6,10,t=10,1.0
10,0.0,0.59,0.41,1751.1214790877536,38.73678474223866,1.0,6,10,t=10,1.0
11,0.0,0.59,0.41,1751.1214790877536,38.73678474223866,1.0,6,10,t=10,1.0
12,0.0,0.59,0.41,1751.1214790877536,38.73678474223866,1.0,6,10,t=10,1.0
13,0.0,0.59,0.41,1751.1214790877536,38.73678474223866,1.0,6,10,t=10,1.0
14,0.0,0.59,0.41,1751.1214790877536,38.73678474223866,1.0,6,10,t=10,1.0
0,0.0,1.0,0.0,985.0183373681498,0.0,0.0,6,20,t=20,1.0
1,0.0,0.95,0.05,887.7851797576227,4.269537338158887,0.0,6,20,t=20,1.0
2,0.0,0.9,0.1,993.5770935842924,10.420327854083013,0.0,6,20,t=20,1.0
3,0.0,0.86,0.14,1095.745752966346,14.934788000443646,0.0,6,20,t=20,1.0
4,0.0,0.815,0.185,1184.5269107051354,18.59026687668448,0.0,6,20,t=20,1.0
5,0.0,0.765,0.235,1284.0407939718166,22.46713788334558,0.0,6,20,t=20,1.0
6,0.0,0.735,0.265,1384.0073011811019,26.15136937334852,0.0,6,20,t=20,1.0
7,0.0,0.705,0.295,1481.154546047669,29.552551041535295,0.0,6,20,t=20,1.0
8,0.0,0.665,0.335,1581.146824460596,32.88392047887636,0.0,6,20,t=20,1.0
9,0.0,0.635,0.365,1645.4629104100525,34.947769522274704,0.0,6,20,t=20,1.0
10,0.0,0.59,0.41,1751.1214790877536,38.73678474223866,0.0,6,20,t=20,1.0
11,0.0,0.555,0.445,1798.3623851806092,40.77565052691068,0.0,6,20,t=20,1.0
12,0.0,0.535,0.465,1825.2259833364074,42.08483036766884,0.0,6,20,t=20,1.0
13,0.0,0.52,0.48,1854.3400110776413,43.68494535665308,0.0,6,20,t=20,1.0
14,0.0,0.495,0.505,1887.4574517893686,45.85599082641592,0.0,6,20,t=20,1.0
15,0.0,0.47,0.53,1896.5526487468005,46.551272865964435,0.0,6,20,t=20,1.0
16,0.0,0.45,0.55,1915.111807362313,48.20595331194326,0.0,6,20,t=20,1.0
17,0.0,0.435,0.565,1925.3075827601156,49.33750566378632,0.0,6,20,t=20,1.0
18,0.0,0.415,0.585,1941.5238067969892,51.936297474140424,0.0,6,20,t=20,1.0
19,0.0,0.41,0.59,1944.0662981344944,52.61336890523942,0.0,6,20,t=20,1.0
20,0.0,0.39,0.61,1946.8774837505089,56.21933098465844,1.0,6,20,t=20,1.0
21,0.0,0.39,0.61,1946.8774837505089,56.21933098465844,1.0,6,20,t=20,1.0
22,0.0,0.39,0.61,1946.8774837505089,56.21933098465844,1.0,6,20,t=20,1.0
23,0.0,0.39,0.61,1946.8774837505089,56.21933098465844,1.0,6,20,t=20,1.0
24,0.0,0.39,0.61,1946.8774837505089,56.21933098465844,1.0,6,20,t=20,1.0
0,0.0,1.0,0.0,985.0183373681498,0.0,0.0,6,40,t=40,1.0
1,0.0,0.95,0.05,887.7851797576227,4.269537338158887,0.0,6,40,t=40,1.0
2,0.0,0.9,0.1,993.5770935842924,10.420327854083013,0.0,6,40,t=40,1.0
3,0.0,0.86,0.14,1095.745752966346,14.934788000443646,0.0,6,40,t=40,1.0
4,0.0,0.815,0.185,1184.5269107051354,18.59026687668448,0.0,6,40,t=40,1.0
5,0.0,0.765,0.235,1284.0407939718166,22.46713788334558,0.0,6,40,t=40,1.0
6,0.0,0.735,0.265,1384.0073011811019,26.15136937334852,0.0,6,40,t=40,1.0
7,0.0,0.705,0.295,1481.154546047669,29.552551041535295,0.0,6,40,t=40,1.0
8,0.0,0.665,0.335,1581.146824460596,32.88392047887636,0.0,6,40,t=40,1.0
9,0.0,0.635,0.365,1645.4629104100525,34.947769522274704,0.0,6,40,t=40,1.0
10,0.0,0.59,0.41,1751.1214790877536,38.73678474223866,0.0,6,40,t=40,1.0
11,0.0,0.555,0.445,1798.3623851806092,40.77565052691068,0.0,6,40,t=40,1.0
12,0.0,0.535,0.465,1825.2259833364074,42.08483036766884,0.0,6,40,t=40,1.0
13,0.0,0.52,0.48,1854.3400110776413,43.68494535665308,0.0,6,40,t=40,1.0
14,0.0,0.495,0.505,1887.4574517893686,45.85599082641592,0.0,6,40,t=40,1.0
15,0.0,0.47,0.53,1896.5526487468005,46.551272865964435,0.0,6,40,t=40,1.0
16,0.0,0.45,0.55,1915.111807362313,48.20595331194326,0.0,6,40,t=40,1.0
17,0.0,0.435,0.565,1925.3075827601156,49.33750566378632,0.0,6,40,t=40,1.0
18,0.0,0.415,0.585,1941.5238067969892,51.936297474140424,0.0,6,40,t=40,1.0
19,0.0,0.41,0.59,1944.0662981344944,52.61336890523942,0.0,6,40,t=40,1.0
20,0.0,0.39,0.61,1946.8774837505089,56.21933098465844,0.0,6,40,t=40,1.0
21,0.0,0.37,0.63,1942.229111816825,57.785843525999006,0.0,6,40,t=40,1.0
22,0.0,0.355,0.645,1938.035695359666,58.66365579643719,0.0,6,40,t=40,1.0
23,0.0,0.34,0.66,1931.066409202289,59.75705320235876,0.0,6,40,t=40,1.0
24,0.0,0.32,0.68,1917.9220108849167,61.35566507707345,0.0,6,40,t=40,1.0
25,0.0,0.31,0.69,1913.9978634132926,61.76744762767198,0.0,6,40,t=40,1.0
26,0.0,0.295,0.705,1898.92810038495,63.16193613146818,0.0,6,40,t=40,1.0
27,0.0,0.28,0.72,1889.9180261066672,63.89645326601729,0.0,6,40,t=40,1.0
28,0.0,0.26,0.74,1877.5392587371202,64.82176018909959,0.0,6,40,t=40,1.0
29,0.0,0.25,0.75,1865.9614639349438,65.61904722712616,0.0,6,40,t=40,1.0
30,0.0,0.225,0.775,1850.330114972384,66.61522567604771,0.0,6,40,t=40,1.0
31,0.0,0.21,0.79,1801.1239452906766,69.34600753981243,0.0,6,40,t=40,1.0
32,0.0,0.205,0.795,1798.6640730559582,69.46779631950903,0.0,6,40,t=40,1.0
33,0.0,0.2,0.8,1787.9063709409354,69.99195725847953,0.0,6,40,t=40,1.0
34,0.0,0.19,0.81,1764.3330683280356,71.09809526816564,0.0,6,40,t=40,1.0
35,0.0,0.185,0.815,1752.7047063803222,71.61152010907821,0.0,6,40,t=40,1.0
36,0.0,0.175,0.825,1745.5414694446636,71.92337504581151,0.0,6,40,t=40,1.0
37,0.0,0.17,0.83,1740.3540590644657,72.1444476687239,0.0,6,40,t=40,1.0
38,0.0,0.155,0.845,1713.8623872991377,73.23806220462055,0.0,6,40,t=40,1.0
39,0.0,0.145,0.855,1693.5716056288395,74.04379123570796,0.0,6,40,t=40,1.0
40,0.0,0.13,0.87,1671.2411361211196,74.89807970240011,1.0,6,40,t=40,1.0
41,0.0,0.13,0.87,1671.2411361211196,74.89807970240011,1.0,6,40,t=40,1.0
42,0.0,0.13,0.87,1671.2411361211196,74.89807970240011,1.0,6,40,t=40,1.0
43,0.0,0.13,0.87,1671.2411361211196,74.89807970240011,1.0,6,40,t=40,1.0
44,0.0,0.13,0.87,1671.2411361211196,74.89807970240011,1.0,6,40,t=40,1.0
0,0.0,1.0,0.0,985.0183373681498,0.0,0.0,6,60,t=60,1.0
1,0.0,0.95,0.05,887.7851797576227,4.269537338158887,0.0,6,60,t=60,1.0
2,0.0,0.9,0.1,993.5770935842924,10.420327854083013,0.0,6,60,t=60,1.0
3,0.0,0.86,0.14,1095.745752966346,14.934788000443646,0.0,6,60,t=60,1.0
4,0.0,0.815,0.185,1184.5269107051354,18.59026687668448,0.0,6,60,t=60,1.0
5,0.0,0.765,0.235,1284.0407939718166,22.46713788334558,0.0,6,60,t=60,1.0
6,0.0,0.735,0.265,1384.0073011811019,26.15136937334852,0.0,6,60,t=60,1.0
7,0.0,0.705,0.295,1481.154546047669,29.552551041535295,0.0,6,60,t=60,1.0
8,0.0,0.665,0.335,1581.146824460596,32.88392047887636,0.0,6,60,t=60,1.0
9,0.0,0.635,0.365,1645.4629104100525,34.947769522274704,0.0,6,60,t=60,1.0
10,0.0,0.59,0.41,1751.1214790877536,38.73678474223866,0.0,6,60,t=60,1.0
11,0.0,0.555,0.445,1798.3623851806092,40.77565052691068,0.0,6,60,t=60,1.0
12,0.0,0.535,0.465,1825.2259833364074,42.08483036766884,0.0,6,60,t=60,1.0
13,0.0,0.52,0.48,1854.3400110776413,43.68494535665308,0.0,6,60,t=60,1.0
14,0.0,0.495,0.505,1887.4574517893686,45.85599082641592,0.0,6,60,t=60,1.0
15,0.0,0.47,0.53,1896.5526487468005,46.551272865964435,0.0,6,60,t=60,1.0
16,0.0,0.45,0.55,1915.111807362313,48.20595331194326,0.0,6,60,t=60,1.0
17,0.0,0.435,0.565,1925.3075827601156,49.33750566378632,0.0,6,60,t=60,1.0
18,0.0,0.415,0.585,1941.5238067969892,51.936297474140424,0.0,6,60,t=60,1.0
19,0.0,0.41,0.59,1944.0662981344944,52.61336890523942,0.0,6,60,t=60,1.0
20,0.0,0.39,0.61,1946.8774837505089,56.21933098465844,0.0,6,60,t=60,1.0
21,0.0,0.37,0.63,1942.229111816825,57.785843525999006,0.0,6,60,t=60,1.0
22,0.0,0.355,0.645,1938.035695359666,58.66365579643719,0.0,6,60,t=60,1.0
23,0.0,0.34,0.66,1931.066409202289,59.75705320235876,0.0,6,60,t=60,1.0
24,0.0,0.32,0.68,1917.9220108849167,61.35566507707345,0.0,6,60,t=60,1.0
25,0.0,0.31,0.69,1913.9978634132926,61.76744762767198,0.0,6,60,t=60,1.0
26,0.0,0.295,0.705,1898.92810038495,63.16193613146818,0.0,6,60,t=60,1.0
27,0.0,0.28,0.72,1889.9180261066672,63.89645326601729,0.0,6,60,t=60,1.0
28,0.0,0.26,0.74,1877.5392587371202,64.82176018909959,0.0,6,60,t=60,1.0
29,0.0,0.25,0.75,1865.9614639349438,65.61904722712616,0.0,6,60,t=60,1.0
30,0.0,0.225,0.775,1850.330114972384,66.61522567604771,0.0,6,60,t=60,1.0
31,0.0,0.21,0.79,1801.1239452906766,69.34600753981243,0.0,6,60,t=60,1.0
32,0.0,0.205,0.795,1798.6640730559582,69.46779631950903,0.0,6,60,t=60,1.0
33,0.0,0.2,0.8,1787.9063709409354,69.99195725847953,0.0,6,60,t=60,1.0
34,0.0,0.19,0.81,1764.3330683280356,71.09809526816564,0.0,6,60,t=60,1.0
35,0.0,0.185,0.815,1752.7047063803222,71.61152010907821,0.0,6,60,t=60,1.0
36,0.0,0.175,0.825,1745.5414694446636,71.92337504581151,0.0,6,60,t=60,1.0
37,0.0,0.17,0.83,1740.3540590644657,72.1444476687239,0.0,6,60,t=60,1.0
38,0.0,0.155,0.845,1713.8623872991377,73.23806220462055,0.0,6,60,t=60,1.0
39,0.0,0.145,0.855,1693.5716056288395,74.04379123570796,0.0,6,60,t=60,1.0
40,0.0,0.13,0.87,1671.2411361211196,74.89807970240011,0.0,6,60,t=60,1.0
41,0.0,0.12,0.88,1665.347296818819,75.1188844632151,0.0,6,60,t=60,1.0
42,0.0,0.115,0.885,1663.090541460944,75.20149048425728,0.0,6,60,t=60,1.0
43,0.0,0.105,0.895,1649.7790930050746,75.68858862595724,0.0,6,60,t=60,1.0
44,0.0,0.095,0.905,1632.7606601642149,76.29236581028603,0.0,6,60,t=60,1.0
45,0.0,0.095,0.905,1632.7606601642149,76.29236581028603,0.0,6,60,t=60,1.0
46,0.0,0.095,0.905,1632.7606601642149,76.29236581028603,0.0,6,60,t=60,1.0
47,0.0,0.095,0.905,1632.7606601642149,76.29236581028603,0.0,6,60,t=60,1.0
48,0.0,0.09,0.91,1629.397387363648,76.41052597628978,0.0,6,60,t=60,1.0
49,0.0,0.08,0.92,1620.957650691255,76.70498894679683,0.0,6,60,t=60,1.0
50,0.0,0.075,0.925,1615.6369437106919,76.89000015808446,0.0,6,60,t=60,1.0
51,0.0,0.07,0.93,1607.2198922821447,77.17821592263996,0.0,6,60,t=60,1.0
52,0.0,0.065,0.935,1589.6666253147682,77.76244926375344,0.0,6,60,t=60,1.0
53,0.0,0.06,0.94,1586.8787314067897,77.85420636764539,0.0,6,60,t=60,1.0
54,0.0,0.045,0.955,1577.2765792555006,78.1688854473239,0.0,6,60,t=60,1.0
55,0.0,0.045,0.955,1577.2765792555006,78.1688854473239,0.0,6,60,t=60,1.0
56,0.0,0.035,0.965,1557.6903182278584,78.80458560242906,0.0,6,60,t=60,1.0
57,0.0,0.035,0.965,1557.6903182278584,78.80458560242906,0.0,6,60,t=60,1.0
58,0.0,0.03,0.97,1546.001646962553,79.17769636884152,0.0,6,60,t=60,1.0
59,0.0,0.03,0.97,1546.001646962553,79.17769636884152,0.0,6,60,t=60,1.0
60,0.0,0.03,0.97,1546.001646962553,79.17769636884152,1.0,6,60,t=60,1.0
61,0.0,0.03,0.97,1546.001646962553,79.17769636884152,1.0,6,60,t=60,1.0
62,0.0,0.03,0.97,1546.001646962553,79.17769636884152,1.0,6,60,t=60,1.0
0,0.0,1.0,0.0,985.0183373681498,0.0,0.0,6,80,t=80,1.0
1,0.0,0.95,0.05,887.7851797576227,4.269537338158887,0.0,6,80,t=80,1.0
2,0.0,0.9,0.1,993.5770935842924,10.420327854083013,0.0,6,80,t=80,1.0
3,0.0,0.86,0.14,1095.745752966346,14.934788000443646,0.0,6,80,t=80,1.0
4,0.0,0.815,0.185,1184.5269107051354,18.59026687668448,0.0,6,80,t=80,1.0
5,0.0,0.765,0.235,1284.0407939718166,22.46713788334558,0.0,6,80,t=80,1.0
6,0.0,0.735,0.265,1384.0073011811019,26.15136937334852,0.0,6,80,t=80,1.0
7,0.0,0.705,0.295,1481.154546047669,29.552551041535295,0.0,6,80,t=80,1.0
8,0.0,0.665,0.335,1581.146824460596,32.88392047887636,0.0,6,80,t=80,1.0
9,0.0,0.635,0.365,1645.4629104100525,34.947769522274704,0.0,6,80,t=80,1.0
10,0.0,0.59,0.41,1751.1214790877536,38.73678474223866,0.0,6,80,t=80,1.0
11,0.0,0.555,0.445,1798.3623851806092,40.77565052691068,0.0,6,80,t=80,1.0
12,0.0,0.535,0.465,1825.2259833364074,42.08483036766884,0.0,6,80,t=80,1.0
13,0.0,0.52,0.48,1854.3400110776413,43.68494535665308,0.0,6,80,t=80,1.0
14,0.0,0.495,0.505,1887.4574517893686,45.85599082641592,0.0,6,80,t=80,1.0
15,0.0,0.47,0.53,1896.5526487468005,46.551272865964435,0.0,6,80,t=80,1.0
16,0.0,0.45,0.55,1915.111807362313,48.20595331194326,0.0,6,80,t=80,1.0
17,0.0,0.435,0.565,1925.3075827601156,49.33750566378632,0.0,6,80,t=80,1.0
18,0.0,0.415,0.585,1941.5238067969892,51.936297474140424,0.0,6,80,t=80,1.0
19,0.0,0.41,0.59,1944.0662981344944,52.61336890523942,0.0,6,80,t=80,1.0
20,0.0,0.39,0.61,1946.8774837505089,56.21933098465844,0.0,6,80,t=80,1.0
21,0.0,0.37,0.63,1942.229111816825,57.785843525999006,0.0,6,80,t=80,1.0
22,0.0,0.355,0.645,1938.035695359666,58.66365579643719,0.0,6,80,t=80,1.0
23,0.0,0.34,0.66,1931.066409202289,59.75705320235876,0.0,6,80,t=80,1.0
24,0.0,0.32,0.68,1917.9220108849167,61.35566507707345,0.0,6,80,t=80,1.0
25,0.0,0.31,0.69,1913.9978634132926,61.76744762767198,0.0,6,80,t=80,1.0
26,0.0,0.295,0.705,1898.92810038495,63.16193613146818,0.0,6,80,t=80,1.0
27,0.0,0.28,0.72,1889.9180261066672,63.89645326601729,0.0,6,80,t=80,1.0
28,0.0,0.26,0.74,1877.5392587371202,64.82176018909959,0.0,6,80,t=80,1.0
29,0.0,0.25,0.75,1865.9614639349438,65.61904722712616,0.0,6,80,t=80,1.0
30,0.0,0.225,0.775,1850.330114972384,66.61522567604771,0.0,6,80,t=80,1.0
31,0.0,0.21,0.79,1801.1239452906766,69.34600753981243,0.0,6,80,t=80,1.0
32,0.0,0.205,0.795,1798.6640730559582,69.46779631950903,0.0,6,80,t=80,1.0
33,0.0,0.2,0.8,1787.9063709409354,69.99195725847953,0.0,6,80,t=80,1.0
34,0.0,0.19,0.81,1764.3330683280356,71.09809526816564,0.0,6,80,t=80,1.0
35,0.0,0.185,0.815,1752.7047063803222,71.61152010907821,0.0,6,80,t=80,1.0
36,0.0,0.175,0.825,1745.5414694446636,71.92337504581151,0.0,6,80,t=80,1.0
37,0.0,0.17,0.83,1740.3540590644657,72.1444476687239,0.0,6,80,t=80,1.0
38,0.0,0.155,0.845,1713.8623872991377,73.23806220462055,0.0,6,80,t=80,1.0
39,0.0,0.145,0.855,1693.5716056288395,74.04379123570796,0.0,6,80,t=80,1.0
40,0.0,0.13,0.87,1671.2411361211196,74.89807970240011,0.0,6,80,t=80,1.0
41,0.0,0.12,0.88,1665.347296818819,75.1188844632151,0.0,6,80,t=80,1.0
42,0.0,0.115,0.885,1663.090541460944,75.20149048425728,0.0,6,80,t=80,1.0
43,0.0,0.105,0.895,1649.7790930050746,75.68858862595724,0.0,6,80,t=80,1.0
44,0.0,0.095,0.905,1632.7606601642149,76.29236581028603,0.0,6,80,t=80,1.0
45,0.0,0.095,0.905,1632.7606601642149,76.29236581028603,0.0,6,80,t=80,1.0
46,0.0,0.095,0.905,1632.7606601642149,76.29236581028603,0.0,6,80,t=80,1.0
47,0.0,0.095,0.905,1632.7606601642149,76.29236581028603,0.0,6,80,t=80,1.0
48,0.0,0.09,0.91,1629.397387363648,76.41052597628978,0.0,6,80,t=80,1.0
49,0.0,0.08,0.92,1620.957650691255,76.70498894679683,0.0,6,80,t=80,1.0
50,0.0,0.075,0.925,1615.6369437106919,76.89000015808446,0.0,6,80,t=80,1.0
51,0.0,0.07,0.93,1607.2198922821447,77.17821592263996,0.0,6,80,t=80,1.0
52,0.0,0.065,0.935,1589.6666253147682,77.76244926375344,0.0,6,80,t=80,1.0
53,0.0,0.06,0.94,1586.8787314067897,77.85420636764539,0.0,6,80,t=80,1.0
54,0.0,0.045,0.955,1577.2765792555006,78.1688854473239,0.0,6,80,t=80,1.0
55,0.0,0.045,0.955,1577.2765792555006,78.1688854473239,0.0,6,80,t=80,1.0
56,0.0,0.035,0.965,1557.6903182278584,78.80458560242906,0.0,6,80,t=80,1.0
57,0.0,0.035,0.965,1557.6903182278584,78.80458560242906,0.0,6,80,t=80,1.0
58,0.0,0.03,0.97,1546.001646962553,79.17769636884152,0.0,6,80,t=80,1.0
59,0.0,0.03,0.97,1546.001646962553,79.17769636884152,0.0,6,80,t=80,1.0
60,0.0,0.03,0.97,1546.001646962553,79.17769636884152,0.0,6,80,t=80,1.0
61,0.0,0.025,0.975,1537.8893134355358,79.43312673529476,0.0,6,80,t=80,1.0
62,0.0,0.025,0.975,1537.8893134355358,79.43312673529476,0.0,6,80,t=80,1.0
63,0.0,0.025,0.975,1537.8893134355358,79.43312673529476,0.0,6,80,t=80,1.0
64,0.0,0.025,0.975,1537.8893134355358,79.43312673529476,0.0,6,80,t=80,1.0
65,0.0,0.025,0.975,1537.8893134355358,79.43312673529476,0.0,6,80,t=80,1.0
66,0.0,0.02,0.98,1536.0922002167435,79.48935057157607,0.0,6,80,t=80,1.0
67,0.0,0.02,0.98,1536.0922002167435,79.48935057157607,0.0,6,80,t=80,1.0
68,0.0,0.015,0.985,1522.6178142322856,79.90400684437597,0.0,6,80,t=80,1.0
69,0.0,0.01,0.99,1519.5990303543044,79.99643591660598,0.0,6,80,t=80,1.0
70,0.0,0.01,0.99,1519.5990303543044,79.99643591660598,0.0,6,80,t=80,1.0
71,0.0,0.005,0.995,1507.4265923189973,80.36917711815428,0.0,6,80,t=80,1.0
72,0.0,0.005,0.995,1507.4265923189973,80.36917711815428,0.0,6,80,t=80,1.0
73,0.0,0.005,0.995,1507.4265923189973,80.36917711815428,0.0,6,80,t=80,1.0
74,0.0,0.005,0.995,1507.4265923189973,80.36917711815428,0.0,6,80,t=80,1.0
75,0.0,0.005,0.995,1507.4265923189973,80.36917711815428,0.0,6,80,t=80,1.0
76,0.0,0.005,0.995,1507.4265923189973,80.36917711815428,0.0,6,80,t=80,1.0
77,0.0,0.005,0.995,1507.4265923189973,80.36917711815428,0.0,6,80,t=80,1.0
78,0.0,0.005,0.995,1507.4265923189973,80.36917711815428,0.0,6,80,t=80,1.0
79,0.0,0.005,0.995,1507.4265923189973,80.36917711815428,0.0,6,80,t=80,1.0
80,0.0,0.005,0.995,1507.4265923189973,80.36917711815428,1.0,6,80,t=80,1.0
0,0.0,1.0,0.0,983.9163305709235,0.0,0.0,7,-1,never,1.0
1,0.0,0.95,0.05,900.8642087284509,4.361342711399223,0.0,7,-1,never,1.0
2,0.0,0.905,0.095,999.9002722241655,9.590103578166417,0.0,7,-1,never,1.0
3,0.0,0.855,0.145,1098.795456507026,13.712372962591697,0.0,7,-1,never,1.0
4,0.0,0.805,0.195,1232.6818740656224,18.85510845349076,0.0,7,-1,never,1.0
5,0.0,0.76,0.24,1343.9525931647827,22.834354877883285,0.0,7,-1,never,1.0
6,0.0,0.72,0.28,1470.6831962431822,27.06858693263737,0.0,7,-1,never,1.0
7,0.0,0.695,0.305,1585.394353332012,30.71961047629335,0.0,7,-1,never,1.0
8,0.0,0.655,0.345,1665.5472574548621,33.55811932495622,0.0,7,-1,never,1.0
9,0.0,0.63,0.37,1679.3891100657595,34.09962289946021,0.0,7,-1,never,1.0
10,0.0,0.61,0.39,1724.3890839469161,35.99223916099739,0.0,7,-1,never,1.0
11,0.0,0.595,0.405,1746.4706602091564,37.02387807263066,0.0,7,-1,never,1.0
12,0.0,0.565,0.435,1790.1553880133642,39.343161471136426,0.0,7,-1,never,1.0
13,0.0,0.545,0.455,1814.2584751939357,40.856454418339,0.0,7,-1,never,1.0
14,0.0,0.515,0.485,1846.6800908554944,43.37533581111725,0.0,7,-1,never,1.0
15,0.0,0.485,0.515,1882.2487750479322,47.9124923707129,0.0,7,-1,never,1.0
16,0.0,0.46,0.54,1886.0135767595457,48.911059792456626,0.0,7,-1,never,1.0
17,0.0,0.44,0.56,1888.8516829419846,50.13821982357207,0.0,7,-1,never,1.0
18,0.0,0.425,0.575,1888.7628365254004,51.98205975775789,0.0,7,-1,never,1.0
19,0.0,0.4,0.6,1884.8041143994142,53.68390236617282,0.0,7,-1,never,1.0
20,0.0,0.385,0.615,1882.1777223673726,54.32331219003121,0.0,7,-1,never,1.0
21,0.0,0.37,0.63,1874.3141007354807,55.7639489180216,0.0,7,-1,never,1.0
22,0.0,0.345,0.655,1866.5937913337066,56.85993550758892,0.0,7,-1,never,1.0
23,0.0,0.32,0.68,1857.181740350356,57.96927006686872,0.0,7,-1,never,1.0
24,0.0,0.305,0.695,1847.9039991667628,58.89844444798902,0.0,7,-1,never,1.0
25,0.0,0.285,0.715,1844.4152469695855,59.22431016399942,0.0,7,-1,never,1.0
26,0.0,0.28,0.72,1840.8306395057675,59.552543448299396,0.0,7,-1,never,1.0
27,0.0,0.275,0.725,1838.5024804872814,59.75880860121741,0.0,7,-1,never,1.0
28,0.0,0.27,0.73,1834.38243978448,60.104727127888815,0.0,7,-1,never,1.0
29,0.0,0.26,0.74,1827.4486030716264,60.67363271219354,0.0,7,-1,never,1.0
30,0.0,0.25,0.75,1824.2559288000693,60.922845566172036,0.0,7,-1,never,1.0
31,0.0,0.245,0.755,1822.5720094977958,61.05314047962476,0.0,7,-1,never,1.0
32,0.0,0.245,0.755,1822.5720094977958,61.05314047962476,0.0,7,-1,never,1.0
33,0.0,0.23,0.77,1804.3307870341243,62.36458899225877,0.0,7,-1,never,1.0
34,0.0,0.23,0.77,1804.3307870341243,62.36458899225877,0.0,7,-1,never,1.0
35,0.0,0.22,0.78,1793.1990940755177,63.10181836198985,0.0,7,-1,never,1.0
36,0.0,0.19,0.81,1771.4487904246623,64.42360031607191,0.0,7,-1,never,1.0
37,0.0,0.175,0.825,1760.218076309813,65.05666494111732,0.0,7,-1,never,1.0
38,0.0,0.165,0.835,1746.7578950545114,65.7821204477901,0.0,7,-1,never,1.0
39,0.0,0.165,0.835,1746.7578950545114,65.7821204477901,0.0,7,-1,never,1.0
40,0.0,0.15,0.85,1739.88474491921,66.1402313571604,0.0,7,-1,never,1.0
41,0.0,0.14,0.86,1734.897159748475,66.3970980557983,0.0,7,-1,never,1.0
42,0.0,0.135,0.865,1734.3465980821302,66.42498909599772,0.0,7,-1,never,1.0
43,0.0,0.13,0.87,1732.9458347970049,66.49548994027262,0.0,7,-1,never,1.0
44,0.0,0.125,0.875,1728.6201856738062,66.71401497474855,0.0,7,-1,never,1.0
45,0.0,0.115,0.885,1720.756187579846,67.10323917569326,0.0,7,-1,never,1.0
46,0.0,0.11,0.89,1703.975604374023,67.90009413189318,0.0,7,-1,never,1.0
47,0.0,0.105,0.895,1697.93219718749,68.18071244908421,0.0,7,-1,never,1.0
48,0.0,0.1,0.9,1689.239546038829,68.5766494970073,0.0,7,-1,never,1.0
49,0.0,0.1,0.9,1689.239546038829,68.5766494970073,0.0,7,-1,never,1.0
50,0.0,0.09,0.91,1649.2284518604613,70.32150170990752,0.0,7,-1,never,1.0
51,0.0,0.09,0.91,1649.2284518604613,70.32150170990752,0.0,7,-1,never,1.0
52,0.0,0.085,0.915,1631.7858638351695,71.03150010702257,0.0,7,-1,never,1.0
53,0.0,0.085,0.915,1631.7858638351695,71.03150010702257,0.0,7,-1,never,1.0
54,0.0,0.08,0.92,1628.6985398231216,71.15517401659051,0.0,7,-1,never,1.0
55,0.0,0.07,0.93,1614.9567480380963,71.70447580274646,0.0,7,-1,never,1.0
56,0.0,0.055,0.945,1578.3469666742592,73.10001231995389,0.0,7,-1,never,1.0
57,0.0,0.05,0.95,1570.5663733189044,73.38634604289348,0.0,7,-1,never,1.0
58,0.0,0.05,0.95,1570.5663733189044,73.38634604289348,0.0,7,-1,never,1.0
59,0.0,0.05,0.95,1570.5663733189044,73.38634604289348,0.0,7,-1,never,1.0
60,0.0,0.045,0.955,1566.1187291870176,73.54836960830902,0.0,7,-1,never,1.0
61,0.0,0.04,0.96,1556.6417256665811,73.89340681091176,0.0,7,-1,never,1.0
62,0.0,0.04,0.96,1556.6417256665811,73.89340681091176,0.0,7,-1,never,1.0
63,0.0,0.04,0.96,1556.6417256665811,73.89340681091176,0.0,7,-1,never,1.0
64,0.0,0.04,0.96,1556.6417256665811,73.89340681091176,0.0,7,-1,never,1.0
65,0.0,0.04,0.96,1556.6417256665811,73.89340681091176,0.0,7,-1,never,1.0
0,0.0,1.0,0.0,983.9163305709235,0.0,1.0,7,0,t=0,1.0
1,0.0,0.95,0.05,900.8642087284509,4.361342711399223,1.0,7,0,t=0,1.0
2,0.0,0.905,0.095,999.9002722241655,9.590103578166417,1.0,7,0,t=0,1.0
3,0.0,0.855,0.145,1098.795456507026,13.712372962591697,1.0,7,0,t=0,1.0
4,0.0,0.805,0.195,1232.6818740656224,18.85510845349076,1.0,7,0,t=0,1.0
5,0.0,0.76,0.24,1343.9525931647827,22.834354877883285,1.0,7,0,t=0,1.0
6,0.0,0.72,0.28,1470.6831962431822,27.06858693263737,1.0,7,0,t=0,1.0
7,0.0,0.72,0.28,1470.6831962431822,27.06858693263737,1.0,7,0,t=0,1.0
8,0.0,0.72,0.28,1470.6831962431822,27.06858693263737,1.0,7,0,t=0,1.0
9,0.0,0.69,0.31,1496.153967966963,27.89193111728342,1.0,7,0,t=0,1.0
10,0.0,0.69,0.31,1496.153967966963,27.89193111728342,1.0,7,0,t=0,1.0
11,0.0,0.69,0.31,1496.153967966963,27.89193111728342,1.0,7,0,t=0,1.0
12,0.0,0.69,0.31,1496.153967966963,27.89193111728342,1.0,7,0,t=0,1.0
13,0.0,0.69,0.31,1496.153967966963,27.89193111728342,1.0,7,0,t=0,1.0
0,0.0,1.0,0.0,983.9163305709235,0.0,0.0,7,10,t=10,1.0
1,0.0,0.95,0.05,900.8642087284509,4.361342711399223,0.0,7,10,t=10,1.0
2,0.0,0.905,0.095,999.9002722241655,9.590103578166417,0.0,7,10,t=10,1.0
3,0.0,0.855,0.145,1098.795456507026,13.712372962591697,0.0,7,10,t=10,1.0
4,0.0,0.805,0.195,1232.6818740656224,18.85510845349076,0.0,7,10,t=10,1.0
5,0.0,0.76,0.24,1343.9525931647827,22.834354877883285,0.0,7,10,t=10,1.0
6,0.0,0.72,0.28,1470.6831962431822,27.06858693263737,0.0,7,10,t=10,1.0
7,0.0,0.695,0.305,1585.394353332012,30.71961047629335,0.0,7,10,t=10,1.0
8,0.0,0.655,0.345,1665.5472574548621,33.55811932495622,0.0,7,10,t=10,1.0
9,0.0,0.63,0.37,1679.3891100657595,34.09962289946021,0.0,7,10,t=10,1.0
10,0.0,0.61,0.39,1724.3890839469161,35.99223916099739,1.0,7,10,t=10,1.0
11,0.0,0.61,0.39,1724.3890839469161,35.99223916099739,1.0,7,10,t=10,1.0
12,0.0,0.61,0.39,1724.3890839469161,35.99223916099739,1.0,7,10,t=10,1.0
13,0.0,0.61,0.39,1724.3890839469161,35.99223916099739,1.0,7,10,t=10,1.0
14,0.0,0.61,0.39,1724.3890839469161,35.99223916099739,1.0,7,10,t=10,1.0
0,0.0,1.0,0.0,983.9163305709235,0.0,0.0,7,20,t=20,1.0
1,0.0,0.95,0.05,900.8642087284509,4.361342711399223,0.0,7,20,t=20,1.0
2,0.0,0.905,0.095,999.9002722241655,9.590103578166417,0.0,7,20,t=20,1.0
3,0.0,0.855,0.145,1098.795456507026,13.712372962591697,0.0,7,20,t=20,1.0
4,0.0,0.805,0.195,1232.6818740656224,18.85510845349076,0.0,7,20,t=20,1.0
5,0.0,0.76,0.24,1343.9525931647827,22.834354877883285,0.0,7,20,t=20,1.0
6,0.0,0.72,0.28,1470.6831962431822,27.06858693263737,0.0,7,20,t=20,1.0
7,0.0,0.695,0.305,1585.394353332012,30.71961047629335,0.0,7,20,t=20,1.0
8,0.0,0.655,0.345,1665.5472574548621,33.55811932495622,0.0,7,20,t=20,1.0
9,0.0,0.63,0.37,1679.3891100657595,34.09962289946021,0.0,7,20,t=20,1.0
10,0.0,0.61,0.39,1724.3890839469161,35.99223916099739,0.0,7,20,t=20,1.0
11,0.0,0.595,0.405,1746.4706602091564,37.02387807263066,0.0,7,20,t=20,1.0
12,0.0,0.565,0.435,1790.1553880133642,39.343161471136426,0.0,7,20,t=20,1.0
13,0.0,0.545,0.455,1814.2584751939357,40.856454418339,0.0,7,20,t=20,1.0
14,0.0,0.515,0.485,1846.6800908554944,43.37533581111725,0.0,7,20,t=20,1.0
15,0.0,0.485,0.515,1882.2487750479322,47.9124923707129,0.0,7,20,t=20,1.0
16,0.0,0.46,0.54,1886.0135767595457,48.911059792456626,0.0,7,20,t=20,1.0
17,0.0,0.44,0.56,1888.8516829419846,50.13821982357207,0.0,7,20,t=20,1.0
18,0.0,0.425,0.575,1888.7628365254004,51.98205975775789,0.0,7,20,t=20,1.0
19,0.0,0.4,0.6,1884.8041143994142,53.68390236617282,0.0,7,20,t=20,1.0
20,0.0,0.385,0.615,1882.1777223673726,54.32331219003121,1.0,7,20,t=20,1.0
21,0.0,0.385,0.615,1882.1777223673726,54.32331219003121,1.0,7,20,t=20,1.0
22,0.0,0.385,0.615,1882.1777223673726,54.32331219003121,1.0,7,20,t=20,1.0
23,0.0,0.385,0.615,1882.1777223673726,54.32331219003121,1.0,7,20,t=20,1.0
24,0.0,0.385,0.615,1882.1777223673726,54.32331219003121,1.0,7,20,t=20,1.0
0,0.0,1.0,0.0,983.9163305709235,0.0,0.0,7,40,t=40,1.0
1,0.0,0.95,0.05,900.8642087284509,4.361342711399223,0.0,7,40,t=40,1.0
2,0.0,0.905,0.095,999.9002722241655,9.590103578166417,0.0,7,40,t=40,1.0
3,0.0,0.855,0.145,1098.795456507026,13.712372962591697,0.0,7,40,t=40,1.0
4,0.0,0.805,0.195,1232.6818740656224,18.85510845349076,0.0,7,40,t=40,1.0
5,0.0,0.76,0.24,1343.9525931647827,22.834354877883285,0.0,7,40,t=40,1.0
6,0.0,0.72,0.28,1470.6831962431822,27.06858693263737,0.0,7,40,t=40,1.0
7,0.0,0.695,0.305,1585.394353332012,30.71961047629335,0.0,7,40,t=40,1.0
8,0.0,0.655,0.345,1665.5472574548621,33.55811932495622,0.0,7,40,t=40,1.0
9,0.0,0.63,0.37,1679.3891100657595,34.09962289946021,0.0,7,40,t=40,1.0
10,0.0,0.61,0.39,1724.3890839469161,35.99223916099739,0.0,7,40,t=40,1.0
11,0.0,0.595,0.405,1746.4706602091564,37.02387807263066,0.0,7,40,t=40,1.0
12,0.0,0.565,0.435,1790.1553880133642,39.343161471136426,0.0,7,40,t=40,1.0
13,0.0,0.545,0.455,1814.2584751939357,40.856454418339,0.0,7,40,t=40,1.0
14,0.0,0.515,0.485,1846.6800908554944,43.37533581111725,0.0,7,40,t=40,1.0
15,0.0,0.485,0.515,1882.2487750479322,47.9124923707129,0.0,7,40,t=40,1.0
16,0.0,0.46,0.54,1886.0135767595457,48.911059792456626,0.0,7,40,t=40,1.0
17,0.0,0.44,0.56,1888.8516829419846,50.13821982357207,0.0,7,40,t=40,1.0
18,0.0,0.425,0.575,1888.7628365254004,51.98205975775789,0.0,7,40,t=40,1.0
19,0.0,0.4,0.6,1884.8041143994142,53.68390236617282,0.0,7,40,t=40,1.0
20,0.0,0.385,0.615,1882.1777223673726,54.32331219003121,0.0,7,40,t=40,1.0
21,0.0,0.37,0.63,1874.3141007354807,55.7639489180216,0.0,7,40,t=40,1.0
22,0.0,0.345,0.655,1866.5937913337066,56.85993550758892,0.0,7,40,t=40,1.0
23,0.0,0.32,0.68,1857.181740350356,57.96927006686872,0.0,7,40,t=40,1.0
24,0.0,0.305,0.695,1847.9039991667628,58.89844444798902,0.0,7,40,t=40,1.0
25,0.0,0.285,0.715,1844.4152469695855,59.22431016399942,0.0,7,40,t=40,1.0
26,0.0,0.28,0.72,1840.8306395057675,59.552543448299396,0.0,7,40,t=40,1.0
27,0.0,0.275,0.725,1838.5024804872814,59.75880860121741,0.0,7,40,t=40,1.0
28,0.0,0.27,0.73,1834.38243978448,60.104727127888815,0.0,7,40,t=40,1.0
29,0.0,0.26,0.74,1827.4486030716264,60.67363271219354,0.0,7,40,t=40,1.0
30,0.0,0.25,0.75,1824.2559288000693,60.922845566172036,0.0,7,40,t=40,1.0
31,0.0,0.245,0.755,1822.5720094977958,61.05314047962476,0.0,7,40,t=40,1.0
32,0.0,0.245,0.755,1822.5720094977958,61.05314047962476,0.0,7,40,t=40,1.0
33,0.0,0.23,0.77,1804.3307870341243,62.36458899225877,0.0,7,40,t=40,1.0
34,0.0,0.23,0.77,1804.3307870341243,62.36458899225877,0.0,7,40,t=40,1.0
35,0.0,0.22,0.78,1793.1990940755177,63.10181836198985,0.0,7,40,t=40,1.0
36,0.0,0.19,0.81,1771.4487904246623,64.42360031607191,0.0,7,40,t=40,1.0
37,0.0,0.175,0.825,1760.218076309813,65.05666494111732,0.0,7,40,t=40,1.0
38,0.0,0.165,0.835,1746.7578950545114,65.7821204477901,0.0,7,40,t=40,1.0
39,0.0,0.165,0.835,1746.7578950545114,65.7821204477901,0.0,7,40,t=40,1.0
40,0.0,0.15,0.85,1739.88474491921,66.1402313571604,1.0,7,40,t=40,1.0
41,0.0,0.15,0.85,1739.88474491921,66.1402313571604,1.0,7,40,t=40,1.0
42,0.0,0.15,0.85,1739.88474491921,66.1402313571604,1.0,7,40,t=40,1.0
43,0.0,0.15,0.85,1739.88474491921,66.1402313571604,1.0,7,40,t=40,1.0
44,0.0,0.15,0.85,1739.88474491921,66.1402313571604,1.0,7,40,t=40,1.0
0,0.0,1.0,0.0,983.9163305709235,0.0,0.0,7,60,t=60,1.0
1,0.0,0.95,0.05,900.8642087284509,4.361342711399223,0.0,7,60,t=60,1.0
2,0.0,0.905,0.095,999.9002722241655,9.590103578166417,0.0,7,60,t=60,1.0
3,0.0,0.855,0.145,1098.795456507026,13.712372962591697,0.0,7,60,t=60,1.0
4,0.0,0.805,0.195,1232.6818740656224,18.85510845349076,0.0,7,60,t=60,1.0
5,0.0,0.76,0.24,1343.9525931647827,22.834354877883285,0.0,7,60,t=60,1.0
6,0.0,0.72,0.28,1470.6831962431822,27.06858693263737,0.0,7,60,t=60,1.0
7,0.0,0.695,0.305,1585.394353332012,30.71961047629335,0.0,7,60,t=60,1.0
8,0.0,0.655,0.345,1665.5472574548621,33.55811932495622,0.0,7,60,t=60,1.0
9,0.0,0.63,0.37,1679.3891100657595,34.09962289946021,0.0,7,60,t=60,1.0
10,0.0,0.61,0.39,1724.3890839469161,35.99223916099739,0.0,7,60,t=60,1.0
11,0.0,0.595,0.405,1746.4706602091564,37.02387807263066,0.0,7,60,t=60,1.0
12,0.0,0.565,0.435,1790.1553880133642,39.343161471136426,0.0,7,60,t=60,1.0
13,0.0,0.545,0.455,1814.2584751939357,40.856454418339,0.0,7,60,t=60,1.0
14,0.0,0.515,0.485,1846.6800908554944,43.37533581111725,0.0,7,60,t=60,1.0
15,0.0,0.485,0.515,1882.2487750479322,47.9124923707129,0.0,7,60,t=60,1.0
16,0.0,0.46,0.54,1886.0135767595457,48.911059792456626,0.0,7,60,t=60,1.0
17,0.0,0.44,0.56,1888.8516829419846,50.13821982357207,0.0,7,60,t=60,1.0
18,0.0,0.425,0.575,1888.7628365254004,51.98205975775789,0.0,7,60,t=60,1.0
19,0.0,0.4,0.6,1884.8041143994142,53.68390236617282,0.0,7,60,t=60,1.0
20,0.0,0.385,0.615,1882.1777223673726,54.32331219003121,0.0,7,60,t=60,1.0
21,0.0,0.37,0.63,1874.3141007354807,55.7639489180216,0.0,7,60,t=60,1.0
22,0.0,0.345,0.655,1866.5937913337066,56.85993550758892,0.0,7,60,t=60,1.0
23,0.0,0.32,0.68,1857.181740350356,57.96927006686872,0.0,7,60,t=60,1.0
24,0.0,0.305,0.695,1847.9039991667628,58.89844444798902,0.0,7,60,t=60,1.0
25,0.0,0.285,0.715,1844.4152469695855,59.22431016399942,0.0,7,60,t=60,1.0
26,0.0,0.28,0.72,1840.8306395057675,59.552543448299396,0.0,7,60,t=60,1.0
27,0.0,0.275,0.725,1838.5024804872814,59.75880860121741,0.0,7,60,t=60,1.0
28,0.0,0.27,0.73,1834.38243978448,60.104727127888815,0.0,7,60,t=60,1.0
29,0.0,0.26,0.74,1827.4486030716264,60.67363271219354,0.0,7,60,t=60,1.0
30,0.0,0.25,0.75,1824.2559288000693,60.922845566172036,0.0,7,60,t=60,1.0
31,0.0,0.245,0.755,1822.5720094977958,61.05314047962476,0.0,7,60,t=60,1.0
32,0.0,0.245,0.755,1822.5720094977958,61.05314047962476,0.0,7,60,t=60,1.0
33,0.0,0.23,0.77,1804.3307870341243,62.36458899225877,0.0,7,60,t=60,1.0
34,0.0,0.23,0.77,1804.3307870341243,62.36458899225877,0.0,7,60,t=60,1.0
35,0.0,0.22,0.78,1793.1990940755177,63.10181836198985,0.0,7,60,t=60,1.0
36,0.0,0.19,0.81,1771.4487904246623,64.42360031607191,0.0,7,60,t=60,1.0
37,0.0,0.175,0.825,1760.218076309813,65.05666494111732,0.0,7,60,t=60,1.0
38,0.0,0.165,0.835,1746.7578950545114,65.7821204477901,0.0,7,60,t=60,1.0
39,0.0,0.165,0.835,1746.7578950545114,65.7821204477901,0.0,7,60,t=60,1.0
40,0.0,0.15,0.85,1739.88474491921,66.1402313571604,0.0,7,60,t=60,1.0
41,0.0,0.14,0.86,1734.897159748475,66.3970980557983,0.0,7,60,t=60,1.0
42,0.0,0.135,0.865,1734.3465980821302,66.42498909599772,0.0,7,60,t=60,1.0
43,0.0,0.13,0.87,1732.9458347970049,66.49548994027262,0.0,7,60,t=60,1.0
44,0.0,0.125,0.875,1728.6201856738062,66.71401497474855,0.0,7,60,t=60,1.0
45,0.0,0.115,0.885,1720.756187579846,67.10323917569326,0.0,7,60,t=60,1.0
46,0.0,0.11,0.89,1703.975604374023,67.90009413189318,0.0,7,60,t=60,1.0
47,0.0,0.105,0.895,1697.93219718749,68.18071244908421,0.0,7,60,t=60,1.0
48,0.0,0.1,0.9,1689.239546038829,68.5766494970073,0.0,7,60,t=60,1.0
49,0.0,0.1,0.9,1689.239546038829,68.5766494970073,0.0,7,60,t=60,1.0
50,0.0,0.09,0.91,1649.2284518604613,70.32150170990752,0.0,7,60,t=60,1.0
51,0.0,0.09,0.91,1649.2284518604613,70.32150170990752,0.0,7,60,t=60,1.0
52,0.0,0.085,0.915,1631.7858638351695,71.03150010702257,0.0,7,60,t=60,1.0
53,0.0,0.085,0.915,1631.7858638351695,71.03150010702257,0.0,7,60,t=60,1.0
54,0.0,0.08,0.92,1628.6985398231216,71.15517401659051,0.0,7,60,t=60,1.0
55,0.0,0.07,0.93,1614.9567480380963,71.70447580274646,0.0,7,60,t=60,1.0
56,0.0,0.055,0.945,1578.3469666742592,73.10001231995389,0.0,7,60,t=60,1.0
57,0.0,0.05,0.95,1570.5663733189044,73.38634604289348,0.0,7,60,t=60,1.0
58,0.0,0.05,0.95,1570.5663733189044,73.38634604289348,0.0,7,60,t=60,1.0
59,0.0,0.05,0.95,1570.5663733189044,73.38634604289348,0.0,7,60,t=60,1.0
60,0.0,0.045,0.955,1566.1187291870176,73.54836960830902,1.0,7,60,t=60,1.0
61,0.0,0.045,0.955,1566.1187291870176,73.54836960830902,1.0,7,60,t=60,1.0
62,0.0,0.045,0.955,1566.1187291870176,73.54836960830902,1.0,7,60,t=60,1.0
63,0.0,0.045,0.955,1566.1187291870176,73.54836960830902,1.0,7,60,t=60,1.0
64,0.0,0.045,0.955,1566.1187291870176,73.54836960830902,1.0,7,60,t=60,1.0
0,0.0,1.0,0.0,983.9163305709235,0.0,0.0,7,80,t=80,1.0
1,0.0,0.95,0.05,900.8642087284509,4.361342711399223,0.0,7,80,t=80,1.0
2,0.0,0.905,0.095,999.9002722241655,9.590103578166417,0.0,7,80,t=80,1.0
3,0.0,0.855,0.145,1098.795456507026,13.712372962591697,0.0,7,80,t=80,1.0
4,0.0,0.805,0.195,1232.6818740656224,18.85510845349076,0.0,7,80,t=80,1.0
5,0.0,0.76,0.24,1343.9525931647827,22.834354877883285,0.0,7,80,t=80,1.0
6,0.0,0.72,0.28,1470.6831962431822,27.06858693263737,0.0,7,80,t=80,1.0
7,0.0,0.695,0.305,1585.394353332012,30.71961047629335,0.0,7,80,t=80,1.0
8,0.0,0.655,0.345,1665.5472574548621,33.55811932495622,0.0,7,80,t=80,1.0
9,0.0,0.63,0.37,1679.3891100657595,34.09962289946021,0.0,7,80,t=80,1.0
10,0.0,0.61,0.39,1724.3890839469161,35.99223916099739,0.0,7,80,t=80,1.0
11,0.0,0.595,0.405,1746.4706602091564,37.02387807263066,0.0,7,80,t=80,1.0
12,0.0,0.565,0.435,1790.1553880133642,39.343161471136426,0.0,7,80,t=80,1.0
13,0.0,0.545,0.455,1814.2584751939357,40.856454418339,0.0,7,80,t=80,1.0
14,0.0,0.515,0.485,1846.6800908554944,43.37533581111725,0.0,7,80,t=80,1.0
15,0.0,0.485,0.515,1882.2487750479322,47.9124923707129,0.0,7,80,t=80,1.0
16,0.0,0.46,0.54,1886.0135767595457,48.911059792456626,0.0,7,80,t=80,1.0
17,0.0,0.44,0.56,1888.8516829419846,50.13821982357207,0.0,7,80,t=80,1.0
18,0.0,0.425,0.575,1888.7628365254004,51.98205975775789,0.0,7,80,t=80,1.0
19,0.0,0.4,0.6,1884.8041143994142,53.68390236617282,0.0,7,80,t=80,1.0
20,0.0,0.385,0.615,1882.1777223673726,54.32331219003121,0.0,7,80,t=80,1.0
21,0.0,0.37,0.63,1874.3141007354807,55.7639489180216,0.0,7,80,t=80,1.0
22,0.0,0.345,0.655,1866.5937913337066,56.85993550758892,0.0,7,80,t=80,1.0
23,0.0,0.32,0.68,1857.181740350356,57.96927006686872,0.0,7,80,t=80,1.0
24,0.0,0.305,0.695,1847.9039991667628,58.89844444798902,0.0,7,80,t=80,1.0
25,0.0,0.285,0.715,1844.4152469695855,59.22431016399942,0.0,7,80,t=80,1.0
26,0.0,0.28,0.72,1840.8306395057675,59.552543448299396,0.0,7,80,t=80,1.0
27,0.0,0.275,0.725,1838.5024804872814,59.75880860121741,0.0,7,80,t=80,1.0
28,0.0,0.27,0.73,1834.38243978448,60.104727127888815,0.0,7,80,t=80,1.0
29,0.0,0.26,0.74,1827.4486030716264,60.67363271219354,0.0,7,80,t=80,1.0
30,0.0,0.25,0.75,1824.2559288000693,60.922845566172036,0.0,7,80,t=80,1.0
31,0.0,0.245,0.755,1822.5720094977958,61.05314047962476,0.0,7,80,t=80,1.0
32,0.0,0.245,0.755,1822.5720094977958,61.05314047962476,0.0,7,80,t=80,1.0
33,0.0,0.23,0.77,1804.3307870341243,62.36458899225877,0.0,7,80,t=80,1.0
34,0.0,0.23,0.77,1804.3307870341243,62.36458899225877,0.0,7,80,t=80,1.0
35,0.0,0.22,0.78,1793.1990940755177,63.10181836198985,0.0,7,80,t=80,1.0
36,0.0,0.19,0.81,1771.4487904246623,64.42360031607191,0.0,7,80,t=80,1.0
37,0.0,0.175,0.825,1760.218076309813,65.05666494111732,0.0,7,80,t=80,1.0
38,0.0,0.165,0.835,1746.7578950545114,65.7821204477901,0.0,7,80,t=80,1.0
39,0.0,0.165,0.835,1746.7578950545114,65.7821204477901,0.0,7,80,t=80,1.0
40,0.0,0.15,0.85,1739.88474491921,66.1402313571604,0.0,7,80,t=80,1.0
41,0.0,0.14,0.86,1734.897159748475,66.3970980557983,0.0,7,80,t=80,1.0
42,0.0,0.135,0.865,1734.3465980821302,66.42498909599772,0.0,7,80,t=80,1.0
43,0.0,0.13,0.87,1732.9458347970049,66.49548994027262,0.0,7,80,t=80,1.0
44,0.0,0.125,0.875,1728.6201856738062,66.71401497474855,0.0,7,80,t=80,1.0
45,0.0,0.115,0.885,1720.756187579846,67.10323917569326,0.0,7,80,t=80,1.0
46,0.0,0.11,0.89,1703.975604374023,67.90009413189318,0.0,7,80,t=80,1.0
47,0.0,0.105,0.895,1697.93219718749,68.18071244908421,0.0,7,80,t=80,1.0
48,0.0,0.1,0.9,1689.239546038829,68.5766494970073,0.0,7,80,t=80,1.0
49,0.0,0.1,0.9,1689.239546038829,68.5766494970073,0.0,7,80,t=80,1.0
50,0.0,0.09,0.91,1649.2284518604613,70.32150170990752,0.0,7,80,t=80,1.0
51,0.0,0.09,0.91,1649.2284518604613,70.32150170990752,0.0,7,80,t=80,1.0
52,0.0,0.085,0.915,1631.7858638351695,71.03150010702257,0.0,7,80,t=80,1.0
53,0.0,0.085,0.915,1631.7858638351695,71.03150010702257,0.0,7,80,t=80,1.0
54,0.0,0.08,0.92,1628.6985398231216,71.15517401659051,0.0,7,80,t=80,1.0
55,0.0,0.07,0.93,1614.9567480380963,71.70447580274646,0.0,7,80,t=80,1.0
56,0.0,0.055,0.945,1578.3469666742592,73.10001231995389,0.0,7,80,t=80,1.0
57,0.0,0.05,0.95,1570.5663733189044,73.38634604289348,0.0,7,80,t=80,1.0
58,0.0,0.05,0.95,1570.5663733189044,73.38634604289348,0.0,7,80,t=80,1.0
59,0.0,0.05,0.95,1570.5663733189044,73.38634604289348,0.0,7,80,t=80,1.0
60,0.0,0.045,0.955,1566.1187291870176,73.54836960830902,0.0,7,80,t=80,1.0
61,0.0,0.04,0.96,1556.6417256665811,73.89340681091176,0.0,7,80,t=80,1.0
62,0.0,0.04,0.96,1556.6417256665811,73.89340681091176,0.0,7,80,t=80,1.0
63,0.0,0.04,0.96,1556.6417256665811,73.89340681091176,0.0,7,80,t=80,1.0
64,0.0,0.04,0.96,1556.6417256665811,73.89340681091176,0.0,7,80,t=80,1.0
65,0.0,0.04,0.96,1556.6417256665811,73.89340681091176,0.0,7,80,t=80,1.0
66,0.0,0.035,0.965,1545.7892059093356,74.28040629343617,0.0,7,80,t=80,1.0
67,0.0,0.035,0.965,1545.7892059093356,74.28040629343617,0.0,7,80,t=80,1.0
68,0.0,0.035,0.965,1545.7892059093356,74.28040629343617,0.0,7,80,t=80,1.0
69,0.0,0.035,0.965,1545.7892059093356,74.28040629343617,0.0,7,80,t=80,1.0
70,0.0,0.035,0.965,1545.7892059093356,74.28040629343617,0.0,7,80,t=80,1.0
71,0.0,0.035,0.965,1545.7892059093356,74.28040629343617,0.0,7,80,t=80,1.0
72,0.0,0.035,0.965,1545.7892059093356,74.28040629343617,0.0,7,80,t=80,1.0
73,0.0,0.035,0.965,1545.7892059093356,74.28040629343617,0.0,7,80,t=80,1.0
74,0.0,0.035,0.965,1545.7892059093356,74.28040629343617,0.0,7,80,t=80,1.0
75,0.0,0.035,0.965,1545.7892059093356,74.28040629343617,0.0,7,80,t=80,1.0
76,0.0,0.035,0.965,1545.7892059093356,74.28040629343617,0.0,7,80,t=80,1.0
77,0.0,0.035,0.965,1545.7892059093356,74.28040629343617,0.0,7,80,t=80,1.0
78,0.0,0.035,0.965,1545.7892059093356,74.28040629343617,0.0,7,80,t=80,1.0
79,0.0,0.035,0.965,1545.7892059093356,74.28040629343617,0.0,7,80,t=80,1.0
80,0.0,0.035,0.965,1545.7892059093356,74.28040629343617,1.0,7,80,t=80,1.0
0,0.0,1.0,0.0,917.9993925004478,0.0,0.0,8,-1,never,1.0
1,0.0,0.95,0.05,848.1324410790369,5.309977263225124,0.0,8,-1,never,1.0
2,0.0,0.9,0.1,954.9581502174308,10.384166469855543,0.0,8,-1,never,1.0
3,0.0,0.86,0.14,1042.5167524608096,13.941904265191239,0.0,8,-1,never,1.0
4,0.0,0.815,0.185,1150.1763740767265,18.033556851607074,0.0,8,-1,never,1.0
5,0.0,0.78,0.22,1236.7552354529903,21.13341213296105,0.0,8,-1,never,1.0
6,0.0,0.745,0.255,1357.5848892899173,25.215141194106913,0.0,8,-1,never,1.0
7,0.0,0.7,0.3,1495.3626065096098,29.562471764786764,0.0,8,-1,never,1.0
8,0.0,0.665,0.335,1588.3116647047225,32.447127484336704,0.0,8,-1,never,1.0
9,0.0,0.63,0.37,1645.1045237731919,34.424525115781194,0.0,8,-1,never,1.0
10,0.0,0.595,0.405,1708.4912057815386,36.917996052692196,0.0,8,-1,never,1.0
11,0.0,0.565,0.435,1742.8763747941252,38.45372413688999,0.0,8,-1,never,1.0
12,0.0,0.535,0.465,1794.5953265199253,41.16606470167251,0.0,8,-1,never,1.0
13,0.0,0.51,0.49,1822.71892355017,42.932883182976866,0.0,8,-1,never,1.0
14,0.0,0.49,0.51,1842.7851562695516,44.41608734549504,0.0,8,-1,never,1.0
15,0.0,0.47,0.53,1858.093019768529,45.74399990216937,0.0,8,-1,never,1.0
16,0.0,0.435,0.565,1883.0643252472214,48.65810683324658,0.0,8,-1,never,1.0
17,0.0,0.42,0.58,1886.913534584451,49.300629903612986,0.0,8,-1,never,1.0
18,0.0,0.415,0.585,1887.6068383014792,49.42158684994141,0.0,8,-1,never,1.0
19,0.0,0.4,0.6,1893.1389656109254,50.56847488870967,0.0,8,-1,never,1.0
20,0.0,0.375,0.625,1896.397524247323,51.62170538996057,0.0,8,-1,never,1.0
21,0.0,0.355,0.645,1898.2240112437394,52.53546454004332,0.0,8,-1,never,1.0
22,0.0,0.325,0.675,1896.812955672842,55.25724228930012,0.0,8,-1,never,1.0
23,0.0,0.31,0.69,1895.1812891505176,55.8700444879122,0.0,8,-1,never,1.0
24,0.0,0.295,0.705,1891.9020533460703,56.77228440824916,0.0,8,-1,never,1.0
25,0.0,0.285,0.715,1889.4074861761014,57.30150707154232,0.0,8,-1,never,1.0
26,0.0,0.26,0.74,1881.4273734292929,58.69385076039938,0.0,8,-1,never,1.0
27,0.0,0.255,0.745,1880.4795562510246,58.83301727586075,0.0,8,-1,never,1.0
28,0.0,0.23,0.77,1868.3129334485202,60.409204021268835,0.0,8,-1,never,1.0
29,0.0,0.225,0.775,1864.728421476484,60.81822153863441,0.0,8,-1,never,1.0
30,0.0,0.215,0.785,1860.4488104964387,61.267867944334064,0.0,8,-1,never,1.0
31,0.0,0.215,0.785,1860.4488104964387,61.267867944334064,0.0,8,-1,never,1.0
32,0.0,0.195,0.805,1836.3101498705603,63.4835998996734,0.0,8,-1,never,1.0
33,0.0,0.19,0.81,1830.1063200547433,63.988911388559835,0.0,8,-1,never,1.0
34,0.0,0.19,0.81,1830.1063200547433,63.988911388559835,0.0,8,-1,never,1.0
35,0.0,0.175,0.825,1821.49328528111,64.64182739716824,0.0,8,-1,never,1.0
36,0.0,0.17,0.83,1811.9855779802053,65.31847519697675,0.0,8,-1,never,1.0
37,0.0,0.17,0.83,1811.9855779802053,65.31847519697675,0.0,8,-1,never,1.0
38,0.0,0.165,0.835,1811.3975865166663,65.35997723600582,0.0,8,-1,never,1.0
39,0.0,0.16,0.84,1804.6511400795848,65.81381827591633,0.0,8,-1,never,1.0
40,0.0,0.16,0.84,1804.6511400795848,65.81381827591633,0.0,8,-1,never,1.0
41,0.0,0.15,0.85,1794.2844601151828,66.48943613254171,0.0,8,-1,never,1.0
42,0.0,0.14,0.86,1781.3934532784915,67.28252983025664,0.0,8,-1,never,1.0
43,0.0,0.13,0.87,1771.9321215307077,67.84375641035031,0.0,8,-1,never,1.0
44,0.0,0.13,0.87,1771.9321215307077,67.84375641035031,0.0,8,-1,never,1.0
45,0.0,0.12,0.88,1754.0559500614904,68.86950528575547,0.0,8,-1,never,1.0
46,0.0,0.115,0.885,1750.209405881773,69.08276496373696,0.0,8,-1,never,1.0
47,0.0,0.105,0.895,1739.2696793245545,69.66894755550774,0.0,8,-1,never,1.0
48,0.0,0.095,0.905,1728.8498138646494,70.21305450700865,0.0,8,-1,never,1.0
49,0.0,0.09,0.91,1726.6509336321617,70.32634648072202,0.0,8,-1,never,1.0
50,0.0,0.08,0.92,1710.8404930442402,71.12131670530906,0.0,8,-1,never,1.0
51,0.0,0.08,0.92,1710.8404930442402,71.12131670530906,0.0,8,-1,never,1.0
52,0.0,0.08,0.92,1710.8404930442402,71.12131670530906,0.0,8,-1,never,1.0
53,0.0,0.08,0.92,1710.8404930442402,71.12131670530906,0.0,8,-1,never,1.0
54,0.0,0.075,0.925,1701.594617887766,71.57405360234688,0.0,8,-1,never,1.0
55,0.0,0.07,0.93,1693.2079009667405,71.96861546256328,0.0,8,-1,never,1.0
56,0.0,0.07,0.93,1693.2079009667405,71.96861546256328,0.0,8,-1,never,1.0
57,0.0,0.07,0.93,1693.2079009667405,71.96861546256328,0.0,8,-1,never,1.0
58,0.0,0.06,0.94,1676.4179412618341,72.75016822807972,0.0,8,-1,never,1.0
59,0.0,0.05,0.95,1663.4706398006329,73.33094703962999,0.0,8,-1,never,1.0
60,0.0,0.05,0.95,1663.4706398006329,73.33094703962999,0.0,8,-1,never,1.0
61,0.0,0.04,0.96,1646.2417352086404,74.08524642613256,0.0,8,-1,never,1.0
62,0.0,0.035,0.965,1642.9168121671892,74.2264938057964,0.0,8,-1,never,1.0
63,0.0,0.03,0.97,1631.6959792665293,74.69981979699159,0.0,8,-1,never,1.0
64,0.0,0.025,0.975,1630.553068365774,74.74811585581594,0.0,8,-1,never,1.0
65,0.0,0.025,0.975,1630.553068365774,74.74811585581594,0.0,8,-1,never,1.0
66,0.0,0.025,0.975,1630.553068365774,74.74811585581594,0.0,8,-1,never,1.0
67,0.0,0.025,0.975,1630.553068365774,74.74811585581594,0.0,8,-1,never,1.0
68,0.0,0.025,0.975,1630.553068365774,74.74811585581594,0.0,8,-1,never,1.0
0,0.0,1.0,0.0,917.9993925004478,0.0,1.0,8,0,t=0,1.0
1,0.0,0.95,0.05,848.1324410790369,5.309977263225124,1.0,8,0,t=0,1.0
2,0.0,0.9,0.1,954.9581502174308,10.384166469855543,1.0,8,0,t=0,1.0
3,0.0,0.86,0.14,1042.5167524608096,13.941904265191239,1.0,8,0,t=0,1.0
4,0.0,0.815,0.185,1150.1763740767265,18.033556851607074,1.0,8,0,t=0,1.0
5,0.0,0.78,0.22,1236.7552354529903,21.13341213296105,1.0,8,0,t=0,1.0
6,0.0,0.745,0.255,1357.5848892899173,25.215141194106913,1.0,8,0,t=0,1.0
7,0.0,0.7,0.3,1495.3626065096098,29.562471764786764,1.0,8,0,t=0,1.0
8,0.0,0.7,0.3,1495.3626065096098,29.562471764786764,1.0,8,0,t=0,1.0
9,0.0,0.7,0.3,1495.3626065096098,29.562471764786764,1.0,8,0,t=0,1.0
10,0.0,0.7,0.3,1495.3626065096098,29.562471764786764,1.0,8,0,t=0,1.0
11,0.0,0.7,0.3,1495.3626065096098,29.562471764786764,1.0,8,0,t=0,1.0
0,0.0,1.0,0.0,917.9993925004478,0.0,0.0,8,10,t=10,1.0
1,0.0,0.95,0.05,848.1324410790369,5.309977263225124,0.0,8,10,t=10,1.0
2,0.0,0.9,0.1,954.9581502174308,10.384166469855543,0.0,8,10,t=10,1.0
3,0.0,0.86,0.14,1042.5167524608096,13.941904265191239,0.0,8,10,t=10,1.0
4,0.0,0.815,0.185,1150.1763740767265,18.033556851607074,0.0,8,10,t=10,1.0
5,0.0,0.78,0.22,1236.7552354529903,21.13341213296105,0.0,8,10,t=10,1.0
6,0.0,0.745,0.255,1357.5848892899173,25.215141194106913,0.0,8,10,t=10,1.0
7,0.0,0.7,0.3,1495.3626065096098,29.562471764786764,0.0,8,10,t=10,1.0
8,0.0,0.665,0.335,1588.3116647047225,32.447127484336704,0.0,8,10,t=10,1.0
9,0.0,0.63,0.37,1645.1045237731919,34.424525115781194,0.0,8,10,t=10,1.0
10,0.0,0.595,0.405,1708.4912057815386,36.917996052692196,1.0,8,10,t=10,1.0
11,0.0,0.595,0.405,1708.4912057815386,36.917996052692196,1.0,8,10,t=10,1.0
12,0.0,0.595,0.405,1708.4912057815386,36.917996052692196,1.0,8,10,t=10,1.0
13,0.0,0.595,0.405,1708.4912057815386,36.917996052692196,1.0,8,10,t=10,1.0
14,0.0,0.595,0.405,1708.4912057815386,36.917996052692196,1.0,8,10,t=10,1.0
0,0.0,1.0,0.0,917.9993925004478,0.0,0.0,8,20,t=20,1.0
1,0.0,0.95,0.05,848.1324410790369,5.309977263225124,0.0,8,20,t=20,1.0
2,0.0,0.9,0.1,954.9581502174308,10.384166469855543,0.0,8,20,t=20,1.0
3,0.0,0.86,0.14,1042.5167524608096,13.941904265191239,0.0,8,20,t=20,1.0
4,0.0,0.815,0.185,1150.1763740767265,18.033556851607074,0.0,8,20,t=20,1.0
5,0.0,0.78,0.22,1236.7552354529903,21.13341213296105,0.0,8,20,t=20,1.0
6,0.0,0.745,0.255,1357.5848892899173,25.215141194106913,0.0,8,20,t=20,1.0
7,0.0,0.7,0.3,1495.3626065096098,29.562471764786764,0.0,8,20,t=20,1.0
8,0.0,0.665,0.335,1588.3116647047225,32.447127484336704,0.0,8,20,t=20,1.0
9,0.0,0.63,0.37,1645.1045237731919,34.424525115781194,0.0,8,20,t=20,1.0
10,0.0,0.595,0.405,1708.4912057815386,36.917996052692196,0.0,8,20,t=20,1.0
11,0.0,0.565,0.435,1742.8763747941252,38.45372413688999,0.0,8,20,t=20,1.0
12,0.0,0.535,0.465,1794.5953265199253,41.16606470167251,0.0,8,20,t=20,1.0
13,0.0,0.51,0.49,1822.71892355017,42.932883182976866,0.0,8,20,t=20,1.0
14,0.0,0.49,0.51,1842.7851562695516,44.41608734549504,0.0,8,20,t=20,1.0
15,0.0,0.47,0.53,1858.093019768529,45.74399990216937,0.0,8,20,t=20,1.0
16,0.0,0.435,0.565,1883.0643252472214,48.65810683324658,0.0,8,20,t=20,1.0
17,0.0,0.42,0.58,1886.913534584451,49.300629903612986,0.0,8,20,t=20,1.0
18,0.0,0.415,0.585,1887.6068383014792,49.42158684994141,0.0,8,20,t=20,1.0
19,0.0,0.4,0.6,1893.1389656109254,50.56847488870967,0.0,8,20,t=20,1.0
20,0.0,0.375,0.625,1896.397524247323,51.62170538996057,1.0,8,20,t=20,1.0
21,0.0,0.375,0.625,1896.397524247323,51.62170538996057,1.0,8,20,t=20,1.0
22,0.0,0.375,0.625,1896.397524247323,51.62170538996057,1.0,8,20,t=20,1.0
23,0.0,0.375,0.625,1896.397524247323,51.62170538996057,1.0,8,20,t=20,1.0
24,0.0,0.375,0.625,1896.397524247323,51.62170538996057,1.0,8,20,t=20,1.0
0,0.0,1.0,0.0,917.9993925004478,0.0,0.0,8,40,t=40,1.0
1,0.0,0.95,0.05,848.1324410790369,5.309977263225124,0.0,8,40,t=40,1.0
2,0.0,0.9,0.1,954.9581502174308,10.384166469855543,0.0,8,40,t=40,1.0
3,0.0,0.86,0.14,1042.5167524608096,13.941904265191239,0.0,8,40,t=40,1.0
4,0.0,0.815,0.185,1150.1763740767265,18.033556851607074,0.0,8,40,t=40,1.0
5,0.0,0.78,0.22,1236.7552354529903,21.13341213296105,0.0,8,40,t=40,1.0
6,0.0,0.745,0.255,1357.5848892899173,25.215141194106913,0.0,8,40,t=40,1.0
7,0.0,0.7,0.3,1495.3626065096098,29.562471764786764,0.0,8,40,t=40,1.0
8,0.0,0.665,0.335,1588.3116647047225,32.447127484336704,0.0,8,40,t=40,1.0
9,0.0,0.63,0.37,1645.1045237731919,34.424525115781194,0.0,8,40,t=40,1.0
10,0.0,0.595,0.405,1708.4912057815386,36.917996052692196,0.0,8,40,t=40,1.0
11,0.0,0.565,0.435,1742.8763747941252,38.45372413688999,0.0,8,40,t=40,1.0
12,0.0,0.535,0.465,1794.5953265199253,41.16606470167251,0.0,8,40,t=40,1.0
13,0.0,0.51,0.49,1822.71892355017,42.932883182976866,0.0,8,40,t=40,1.0
14,0.0,0.49,0.51,1842.7851562695516,44.41608734549504,0.0,8,40,t=40,1.0
15,0.0,0.47,0.53,1858.093019768529,45.74399990216937,0.0,8,40,t=40,1.0
16,0.0,0.435,0.565,1883.0643252472214,48.65810683324658,0.0,8,40,t=40,1.0
17,0.0,0.42,0.58,1886.913534584451,49.300629903612986,0.0,8,40,t=40,1.0
18,0.0,0.415,0.585,1887.6068383014792,49.42158684994141,0.0,8,40,t=40,1.0
19,0.0,0.4,0.6,1893.1389656109254,50.56847488870967,0.0,8,40,t=40,1.0
20,0.0,0.375,0.625,1896.397524247323,51.62170538996057,0.0,8,40,t=40,1.0
21,0.0,0.355,0.645,1898.2240112437394,52.53546454004332,0.0,8,40,t=40,1.0
22,0.0,0.325,0.675,1896.812955672842,55.25724228930012,0.0,8,40,t=40,1.0
23,0.0,0.31,0.69,1895.1812891505176,55.8700444879122,0.0,8,40,t=40,1.0
24,0.0,0.295,0.705,1891.9020533460703,56.77228440824916,0.0,8,40,t=40,1.0
25,0.0,0.285,0.715,1889.4074861761014,57.30150707154232,0.0,8,40,t=40,1.0
26,0.0,0.26,0.74,1881.4273734292929,58.69385076039938,0.0,8,40,t=40,1.0
27,0.0,0.255,0.745,1880.4795562510246,58.83301727586075,0.0,8,40,t=40,1.0
28,0.0,0.23,0.77,1868.3129334485202,60.409204021268835,0.0,8,40,t=40,1.0
29,0.0,0.225,0.775,1864.728421476484,60.81822153863441,0.0,8,40,t=40,1.0
30,0.0,0.215,0.785,1860.4488104964387,61.267867944334064,0.0,8,40,t=40,1.0
31,0.0,0.215,0.785,1860.4488104964387,61.267867944334064,0.0,8,40,t=40,1.0
32,0.0,0.195,0.805,1836.3101498705603,63.4835998996734,0.0,8,40,t=40,1.0
33,0.0,0.19,0.81,1830.1063200547433,63.988911388559835,0.0,8,40,t=40,1.0
34,0.0,0.19,0.81,1830.1063200547433,63.988911388559835,0.0,8,40,t=40,1.0
35,0.0,0.175,0.825,1821.49328528111,64.64182739716824,0.0,8,40,t=40,1.0
36,0.0,0.17,0.83,1811.9855779802053,65.31847519697675,0.0,8,40,t=40,1.0
37,0.0,0.17,0.83,1811.9855779802053,65.31847519697675,0.0,8,40,t=40,1.0
38,0.0,0.165,0.835,1811.3975865166663,65.35997723600582,0.0,8,40,t=40,1.0
39,0.0,0.16,0.84,1804.6511400795848,65.81381827591633,0.0,8,40,t=40,1.0
40,0.0,0.16,0.84,1804.6511400795848,65.81381827591633,1.0,8,40,t=40,1.0
41,0.0,0.16,0.84,1804.6511400795848,65.81381827591633,1.0,8,40,t=40,1.0
42,0.0,0.16,0.84,1804.6511400795848,65.81381827591633,1.0,8,40,t=40,1.0
43,0.0,0.16,0.84,1804.6511400795848,65.81381827591633,1.0,8,40,t=40,1.0
0,0.0,1.0,0.0,917.9993925004478,0.0,0.0,8,60,t=60,1.0
1,0.0,0.95,0.05,848.1324410790369,5.309977263225124,0.0,8,60,t=60,1.0
2,0.0,0.9,0.1,954.9581502174308,10.384166469855543,0.0,8,60,t=60,1.0
3,0.0,0.86,0.14,1042.5167524608096,13.941904265191239,0.0,8,60,t=60,1.0
4,0.0,0.815,0.185,1150.1763740767265,18.033556851607074,0.0,8,60,t=60,1.0
5,0.0,0.78,0.22,1236.7552354529903,21.13341213296105,0.0,8,60,t=60,1.0
6,0.0,0.745,0.255,1357.5848892899173,25.215141194106913,0.0,8,60,t=60,1.0
7,0.0,0.7,0.3,1495.3626065096098,29.562471764786764,0.0,8,60,t=60,1.0
8,0.0,0.665,0.335,1588.3116647047225,32.447127484336704,0.0,8,60,t=60,1.0
9,0.0,0.63,0.37,1645.1045237731919,34.424525115781194,0.0,8,60,t=60,1.0
10,0.0,0.595,0.405,1708.4912057815386,36.917996052692196,0.0,8,60,t=60,1.0
11,0.0,0.565,0.435,1742.8763747941252,38.45372413688999,0.0,8,60,t=60,1.0
12,0.0,0.535,0.465,1794.5953265199253,41.16606470167251,0.0,8,60,t=60,1.0
13,0.0,0.51,0.49,1822.71892355017,42.932883182976866,0.0,8,60,t=60,1.0
14,0.0,0.49,0.51,1842.7851562695516,44.41608734549504,0.0,8,60,t=60,1.0
15,0.0,0.47,0.53,1858.093019768529,45.74399990216937,0.0,8,60,t=60,1.0
16,0.0,0.435,0.565,1883.0643252472214,48.65810683324658,0.0,8,60,t=60,1.0
17,0.0,0.42,0.58,1886.913534584451,49.300629903612986,0.0,8,60,t=60,1.0
18,0.0,0.415,0.585,1887.6068383014792,49.42158684994141,0.0,8,60,t=60,1.0
19,0.0,0.4,0.6,1893.1389656109254,50.56847488870967,0.0,8,60,t=60,1.0
20,0.0,0.375,0.625,1896.397524247323,51.62170538996057,0.0,8,60,t=60,1.0
21,0.0,0.355,0.645,1898.2240112437394,52.53546454004332,0.0,8,60,t=60,1.0
22,0.0,0.325,0.675,1896.812955672842,55.25724228930012,0.0,8,60,t=60,1.0
23,0.0,0.31,0.69,1895.1812891505176,55.8700444879122,0.0,8,60,t=60,1.0
24,0.0,0.295,0.705,1891.9020533460703,56.77228440824916,0.0,8,60,t=60,1.0
25,0.0,0.285,0.715,1889.4074861761014,57.30150707154232,0.0,8,60,t=60,1.0
26,0.0,0.26,0.74,1881.4273734292929,58.69385076039938,0.0,8,60,t=60,1.0
27,0.0,0.255,0.745,1880.4795562510246,58.83301727586075,0.0,8,60,t=60,1.0
28,0.0,0.23,0.77,1868.3129334485202,60.409204021268835,0.0,8,60,t=60,1.0
29,0.0,0.225,0.775,1864.728421476484,60.81822153863441,0.0,8,60,t=60,1.0
30,0.0,0.215,0.785,1860.4488104964387,61.267867944334064,0.0,8,60,t=60,1.0
31,0.0,0.215,0.785,1860.4488104964387,61.267867944334064,0.0,8,60,t=60,1.0
32,0.0,0.195,0.805,1836.3101498705603,63.4835998996734,0.0,8,60,t=60,1.0
33,0.0,0.19,0.81,1830.1063200547433,63.988911388559835,0.0,8,60,t=60,1.0
34,0.0,0.19,0.81,1830.1063200547433,63.988911388559835,0.0,8,60,t=60,1.0
35,0.0,0.175,0.825,1821.49328528111,64.64182739716824,0.0,8,60,t=60,1.0
36,0.0,0.17,0.83,1811.9855779802053,65.31847519697675,0.0,8,60,t=60,1.0
37,0.0,0.17,0.83,1811.9855779802053,65.31847519697675,0.0,8,60,t=60,1.0
38,0.0,0.165,0.835,1811.3975865166663,65.35997723600582,0.0,8,60,t=60,1.0
39,0.0,0.16,0.84,1804.6511400795848,65.81381827591633,0.0,8,60,t=60,1.0
40,0.0,0.16,0.84,1804.6511400795848,65.81381827591633,0.0,8,60,t=60,1.0
41,0.0,0.15,0.85,1794.2844601151828,66.48943613254171,0.0,8,60,t=60,1.0
42,0.0,0.14,0.86,1781.3934532784915,67.28252983025664,0.0,8,60,t=60,1.0
43,0.0,0.13,0.87,1771.9321215307077,67.84375641035031,0.0,8,60,t=60,1.0
44,0.0,0.13,0.87,1771.9321215307077,67.84375641035031,0.0,8,60,t=60,1.0
45,0.0,0.12,0.88,1754.0559500614904,68.86950528575547,0.0,8,60,t=60,1.0
46,0.0,0.115,0.885,1750.209405881773,69.08276496373696,0.0,8,60,t=60,1.0
47,0.0,0.105,0.895,1739.2696793245545,69.66894755550774,0.0,8,60,t=60,1.0
48,0.0,0.095,0.905,1728.8498138646494,70.21305450700865,0.0,8,60,t=60,1.0
49,0.0,0.09,0.91,1726.6509336321617,70.32634648072202,0.0,8,60,t=60,1.0
50,0.0,0.08,0.92,1710.8404930442402,71.12131670530906,0.0,8,60,t=60,1.0
51,0.0,0.08,0.92,1710.8404930442402,71.12131670530906,0.0,8,60,t=60,1.0
52,0.0,0.08,0.92,1710.8404930442402,71.12131670530906,0.0,8,60,t=60,1.0
53,0.0,0.08,0.92,1710.8404930442402,71.12131670530906,0.0,8,60,t=60,1.0
54,0.0,0.075,0.925,1701.594617887766,71.57405360234688,0.0,8,60,t=60,1.0
55,0.0,0.07,0.93,1693.2079009667405,71.96861546256328,0.0,8,60,t=60,1.0
56,0.0,0.07,0.93,1693.2079009667405,71.96861546256328,0.0,8,60,t=60,1.0
57,0.0,0.07,0.93,1693.2079009667405,71.96861546256328,0.0,8,60,t=60,1.0
58,0.0,0.06,0.94,1676.4179412618341,72.75016822807972,0.0,8,60,t=60,1.0
59,0.0,0.05,0.95,1663.4706398006329,73.33094703962999,0.0,8,60,t=60,1.0
60,0.0,0.05,0.95,1663.4706398006329,73.33094703962999,1.0,8,60,t=60,1.0
61,0.0,0.05,0.95,1663.4706398006329,73.33094703962999,1.0,8,60,t=60,1.0
62,0.0,0.05,0.95,1663.4706398006329,73.33094703962999,1.0,8,60,t=60,1.0
63,0.0,0.05,0.95,1663.4706398006329,73.33094703962999,1.0,8,60,t=60,1.0
0,0.0,1.0,0.0,917.9993925004478,0.0,0.0,8,80,t=80,1.0
1,0.0,0.95,0.05,848.1324410790369,5.309977263225124,0.0,8,80,t=80,1.0
2,0.0,0.9,0.1,954.9581502174308,10.384166469855543,0.0,8,80,t=80,1.0
3,0.0,0.86,0.14,1042.5167524608096,13.941904265191239,0.0,8,80,t=80,1.0
4,0.0,0.815,0.185,1150.1763740767265,18.033556851607074,0.0,8,80,t=80,1.0
5,0.0,0.78,0.22,1236.7552354529903,21.13341213296105,0.0,8,80,t=80,1.0
6,0.0,0.745,0.255,1357.5848892899173,25.215141194106913,0.0,8,80,t=80,1.0
7,0.0,0.7,0.3,1495.3626065096098,29.562471764786764,0.0,8,80,t=80,1.0
8,0.0,0.665,0.335,1588.3116647047225,32.447127484336704,0.0,8,80,t=80,1.0
9,0.0,0.63,0.37,1645.1045237731919,34.424525115781194,0.0,8,80,t=80,1.0
10,0.0,0.595,0.405,1708.4912057815386,36.917996052692196,0.0,8,80,t=80,1.0
11,0.0,0.565,0.435,1742.8763747941252,38.45372413688999,0.0,8,80,t=80,1.0
12,0.0,0.535,0.465,1794.5953265199253,41.16606470167251,0.0,8,80,t=80,1.0
13,0.0,0.51,0.49,1822.71892355017,42.932883182976866,0.0,8,80,t=80,1.0
14,0.0,0.49,0.51,1842.7851562695516,44.41608734549504,0.0,8,80,t=80,1.0
15,0.0,0.47,0.53,1858.093019768529,45.74399990216937,0.0,8,80,t=80,1.0
16,0.0,0.435,0.565,1883.0643252472214,48.65810683324658,0.0,8,80,t=80,1.0
17,0.0,0.42,0.58,1886.913534584451,49.300629903612986,0.0,8,80,t=80,1.0
18,0.0,0.415,0.585,1887.6068383014792,49.42158684994141,0.0,8,80,t=80,1.0
19,0.0,0.4,0.6,1893.1389656109254,50.56847488870967,0.0,8,80,t=80,1.0
20,0.0,0.375,0.625,1896.397524247323,51.62170538996057,0.0,8,80,t=80,1.0
21,0.0,0.355,0.645,1898.2240112437394,52.53546454004332,0.0,8,80,t=80,1.0
22,0.0,0.325,0.675,1896.812955672842,55.25724228930012,0.0,8,80,t=80,1.0
23,0.0,0.31,0.69,1895.1812891505176,55.8700444879122,0.0,8,80,t=80,1.0
24,0.0,0.295,0.705,1891.9020533460703,56.77228440824916,0.0,8,80,t=80,1.0
25,0.0,0.285,0.715,1889.4074861761014,57.30150707154232,0.0,8,80,t=80,1.0
26,0.0,0.26,0.74,1881.4273734292929,58.69385076039938,0.0,8,80,t=80,1.0
27,0.0,0.255,0.745,1880.4795562510246,58.83301727586075,0.0,8,80,t=80,1.0
28,0.0,0.23,0.77,1868.3129334485202,60.409204021268835,0.0,8,80,t=80,1.0
29,0.0,0.225,0.775,1864.728421476484,60.81822153863441,0.0,8,80,t=80,1.0
30,0.0,0.215,0.785,1860.4488104964387,61.267867944334064,0.0,8,80,t=80,1.0
31,0.0,0.215,0.785,1860.4488104964387,61.267867944334064,0.0,8,80,t=80,1.0
32,0.0,0.195,0.805,1836.3101498705603,63.4835998996734,0.0,8,80,t=80,1.0
33,0.0,0.19,0.81,1830.1063200547433,63.988911388559835,0.0,8,80,t=80,1.0
34,0.0,0.19,0.81,1830.1063200547433,63.988911388559835,0.0,8,80,t=80,1.0
35,0.0,0.175,0.825,1821.49328528111,64.64182739716824,0.0,8,80,t=80,1.0
36,0.0,0.17,0.83,1811.9855779802053,65.31847519697675,0.0,8,80,t=80,1.0
37,0.0,0.17,0.83,1811.9855779802053,65.31847519697675,0.0,8,80,t=80,1.0
38,0.0,0.165,0.835,1811.3975865166663,65.35997723600582,0.0,8,80,t=80,1.0
39,0.0,0.16,0.84,1804.6511400795848,65.81381827591633,0.0,8,80,t=80,1.0
40,0.0,0.16,0.84,1804.6511400795848,65.81381827591633,0.0,8,80,t=80,1.0
41,0.0,0.15,0.85,1794.2844601151828,66.48943613254171,0.0,8,80,t=80,1.0
42,0.0,0.14,0.86,1781.3934532784915,67.28252983025664,0.0,8,80,t=80,1.0
43,0.0,0.13,0.87,1771.9321215307077,67.84375641035031,0.0,8,80,t=80,1.0
44,0.0,0.13,0.87,1771.9321215307077,67.84375641035031,0.0,8,80,t=80,1.0
45,0.0,0.12,0.88,1754.0559500614904,68.86950528575547,0.0,8,80,t=80,1.0
46,0.0,0.115,0.885,1750.209405881773,69.08276496373696,0.0,8,80,t=80,1.0
47,0.0,0.105,0.895,1739.2696793245545,69.66894755550774,0.0,8,80,t=80,1.0
48,0.0,0.095,0.905,1728.8498138646494,70.21305450700865,0.0,8,80,t=80,1.0
49,0.0,0.09,0.91,1726.6509336321617,70.32634648072202,0.0,8,80,t=80,1.0
50,0.0,0.08,0.92,1710.8404930442402,71.12131670530906,0.0,8,80,t=80,1.0
51,0.0,0.08,0.92,1710.8404930442402,71.12131670530906,0.0,8,80,t=80,1.0
52,0.0,0.08,0.92,1710.8404930442402,71.12131670530906,0.0,8,80,t=80,1.0
53,0.0,0.08,0.92,1710.8404930442402,71.12131670530906,0.0,8,80,t=80,1.0
54,0.0,0.075,0.925,1701.594617887766,71.57405360234688,0.0,8,80,t=80,1.0
55,0.0,0.07,0.93,1693.2079009667405,71.96861546256328,0.0,8,80,t=80,1.0
56,0.0,0.07,0.93,1693.2079009667405,71.96861546256328,0.0,8,80,t=80,1.0
57,0.0,0.07,0.93,1693.2079009667405,71.96861546256328,0.0,8,80,t=80,1.0
58,0.0,0.06,0.94,1676.4179412618341,72.75016822807972,0.0,8,80,t=80,1.0
59,0.0,0.05,0.95,1663.4706398006329,73.33094703962999,0.0,8,80,t=80,1.0
60,0.0,0.05,0.95,1663.4706398006329,73.33094703962999,0.0,8,80,t=80,1.0
61,0.0,0.04,0.96,1646.2417352086404,74.08524642613256,0.0,8,80,t=80,1.0
62,0.0,0.035,0.965,1642.9168121671892,74.2264938057964,0.0,8,80,t=80,1.0
63,0.0,0.03,0.97,1631.6959792665293,74.69981979699159,0.0,8,80,t=80,1.0
64,0.0,0.025,0.975,1630.553068365774,74.74811585581594,0.0,8,80,t=80,1.0
65,0.0,0.025,0.975,1630.553068365774,74.74811585581594,0.0,8,80,t=80,1.0
66,0.0,0.025,0.975,1630.553068365774,74.74811585581594,0.0,8,80,t=80,1.0
67,0.0,0.025,0.975,1630.553068365774,74.74811585581594,0.0,8,80,t=80,1.0
68,0.0,0.025,0.975,1630.553068365774,74.74811585581594,0.0,8,80,t=80,1.0
69,0.0,0.025,0.975,1630.553068365774,74.74811585581594,0.0,8,80,t=80,1.0
70,0.0,0.025,0.975,1630.553068365774,74.74811585581594,0.0,8,80,t=80,1.0
71,0.0,0.025,0.975,1630.553068365774,74.74811585581594,0.0,8,80,t=80,1.0
72,0.0,0.025,0.975,1630.553068365774,74.74811585581594,0.0,8,80,t=80,1.0
73,0.0,0.025,0.975,1630.553068365774,74.74811585581594,0.0,8,80,t=80,1.0
74,0.0,0.025,0.975,1630.553068365774,74.74811585581594,0.0,8,80,t=80,1.0
75,0.0,0.025,0.975,1630.553068365774,74.74811585581594,0.0,8,80,t=80,1.0
76,0.0,0.02,0.98,1621.925776389803,75.10326587176664,0.0,8,80,t=80,1.0
77,0.0,0.02,0.98,1621.925776389803,75.10326587176664,0.0,8,80,t=80,1.0
78,0.0,0.02,0.98,1621.925776389803,75.10326587176664,0.0,8,80,t=80,1.0
79,0.0,0.02,0.98,1621.925776389803,75.10326587176664,0.0,8,80,t=80,1.0
80,0.0,0.015,0.985,1614.239766898119,75.42275849479428,1.0,8,80,t=80,1.0
81,0.0,0.015,0.985,1614.239766898119,75.42275849479428,1.0,8,80,t=80,1.0
82,0.0,0.015,0.985,1614.239766898119,75.42275849479428,1.0,8,80,t=80,1.0
83,0.0,0.015,0.985,1614.239766898119,75.42275849479428,1.0,8,80,t=80,1.0
84,0.0,0.015,0.985,1614.239766898119,75.42275849479428,1.0,8,80,t=80,1.0
0,0.0,1.0,0.0,1011.0387899796223,0.0,0.0,9,-1,never,1.0
1,0.0,0.95,0.05,923.6202245932242,5.016224104606083,0.0,9,-1,never,1.0
2,0.0,0.9,0.1,1018.7204042900828,10.223875985803435,0.0,9,-1,never,1.0
3,0.0,0.86,0.14,1197.7982002850931,17.90342353159915,0.0,9,-1,never,1.0
4,0.0,0.82,0.18,1265.0643309825375,20.55514826935908,0.0,9,-1,never,1.0
5,0.0,0.785,0.215,1312.0848459972742,22.351262623418883,0.0,9,-1,never,1.0
6,0.0,0.75,0.25,1380.3310504158003,24.87749267637455,0.0,9,-1,never,1.0
7,0.0,0.7,0.3,1495.2933682741216,28.935065491981746,0.0,9,-1,never,1.0
8,0.0,0.65,0.35,1627.2120029756709,33.31373785184252,0.0,9,-1,never,1.0
9,0.0,0.61,0.39,1738.0934533030693,36.862809271803904,0.0,9,-1,never,1.0
10,0.0,0.59,0.41,1759.6779794651102,37.608810276512166,0.0,9,-1,never,1.0
11,0.0,0.56,0.44,1852.994141231343,41.29308599258654,0.0,9,-1,never,1.0
12,0.0,0.545,0.455,1861.6831055568273,41.685164055190796,0.0,9,-1,never,1.0
13,0.0,0.515,0.485,1915.4942315297,44.42821395026343,0.0,9,-1,never,1.0
14,0.0,0.5,0.5,1927.2520627732451,45.119478869921224,0.0,9,-1,never,1.0
15,0.0,0.48,0.52,1956.629341394088,47.09077055150853,0.0,9,-1,never,1.0
16,0.0,0.455,0.545,1983.406144311274,49.410404057153606,0.0,9,-1,never,1.0
17,0.0,0.425,0.575,2000.72206457542,51.515666540048265,0.0,9,-1,never,1.0
18,0.0,0.395,0.605,2010.120371518442,53.28126491695074,0.0,9,-1,never,1.0
19,0.0,0.385,0.615,2013.698738826242,54.348965142680825,0.0,9,-1,never,1.0
20,0.0,0.365,0.635,2015.5203429312146,56.340660407190704,0.0,9,-1,never,1.0
21,0.0,0.355,0.645,2014.620352166636,57.20842107661914,0.0,9,-1,never,1.0
22,0.0,0.33,0.67,2011.276335780071,58.539997288993256,0.0,9,-1,never,1.0
23,0.0,0.32,0.68,2009.7619232860984,58.93704712784167,0.0,9,-1,never,1.0
24,0.0,0.31,0.69,2008.0022998431818,59.327922706882994,0.0,9,-1,never,1.0
25,0.0,0.28,0.72,1995.2972201979285,61.41856227156411,0.0,9,-1,never,1.0
26,0.0,0.26,0.74,1989.9938809014893,62.07632315770468,0.0,9,-1,never,1.0
27,0.0,0.23,0.77,1964.604612806289,64.59015098798852,0.0,9,-1,never,1.0
28,0.0,0.22,0.78,1953.4628078024757,65.48789861437895,0.0,9,-1,never,1.0
29,0.0,0.2,0.8,1933.9148884911308,66.89523668467031,0.0,9,-1,never,1.0
30,0.0,0.185,0.815,1892.8817810941935,69.3567591582528,0.0,9,-1,never,1.0
31,0.0,0.175,0.825,1871.5537636825516,70.47998559152293,0.0,9,-1,never,1.0
32,0.0,0.175,0.825,1871.5537636825516,70.47998559152293,0.0,9,-1,never,1.0
33,0.0,0.175,0.825,1871.5537636825516,70.47998559152293,0.0,9,-1,never,1.0
34,0.0,0.17,0.83,1868.8983110027564,70.61359097600378,0.0,9,-1,never,1.0
35,0.0,0.16,0.84,1861.8320682595509,70.97050713360407,0.0,9,-1,never,1.0
36,0.0,0.15,0.85,1840.7071449614366,71.99214707994389,0.0,9,-1,never,1.0
37,0.0,0.145,0.855,1837.067188917437,72.16129188752356,0.0,9,-1,never,1.0
38,0.0,0.135,0.865,1828.5012504795845,72.55317470838739,0.0,9,-1,never,1.0
39,0.0,0.125,0.875,1823.5901900341926,72.77304289897475,0.0,9,-1,never,1.0
40,0.0,0.115,0.885,1813.4399720910128,73.2229209295513,0.0,9,-1,never,1.0
41,0.0,0.11,0.89,1810.7947722442957,73.33711645614952,0.0,9,-1,never,1.0
42,0.0,0.105,0.895,1807.205614839315,73.49217151955372,0.0,9,-1,never,1.0
43,0.0,0.095,0.905,1755.285375625608,75.61227072882127,0.0,9,-1,never,1.0
44,0.0,0.095,0.905,1755.285375625608,75.61227072882127,0.0,9,-1,never,1.0
45,0.0,0.09,0.91,1752.7258680661537,75.71184304336718,0.0,9,-1,never,1.0
46,0.0,0.09,0.91,1752.7258680661537,75.71184304336718,0.0,9,-1,never,1.0
47,0.0,0.085,0.915,1743.9995874101521,76.0493738944347,0.0,9,-1,never,1.0
48,0.0,0.085,0.915,1743.9995874101521,76.0493738944347,0.0,9,-1,never,1.0
49,0.0,0.075,0.925,1729.6274999358168,76.59147795002306,0.0,9,-1,never,1.0
50,0.0,0.075,0.925,1729.6274999358168,76.59147795002306,0.0,9,-1,never,1.0
51,0.0,0.075,0.925,1729.6274999358168,76.59147795002306,0.0,9,-1,never,1.0
52,0.0,0.07,0.93,1728.1563651924712,76.64659232633888,0.0,9,-1,never,1.0
53,0.0,0.07,0.93,1728.1563651924712,76.64659232633888,0.0,9,-1,never,1.0
54,0.0,0.065,0.935,1723.9534516523654,76.8026274114986,0.0,9,-1,never,1.0
55,0.0,0.06,0.94,1720.4453919486732,76.93168923162997,0.0,9,-1,never,1.0
56,0.0,0.06,0.94,1720.4453919486732,76.93168923162997,0.0,9,-1,never,1.0
57,0.0,0.06,0.94,1720.4453919486732,76.93168923162997,0.0,9,-1,never,1.0
58,0.0,0.06,0.94,1720.4453919486732,76.93168923162997,0.0,9,-1,never,1.0
59,0.0,0.06,0.94,1720.4453919486732,76.93168923162997,0.0,9,-1,never,1.0
0,0.0,1.0,0.0,1011.0387899796223,0.0,1.0,9,0,t=0,1.0
1,0.0,0.95,0.05,923.6202245932242,5.016224104606083,1.0,9,0,t=0,1.0
2,0.0,0.9,0.1,1018.7204042900828,10.223875985803435,1.0,9,0,t=0,1.0
3,0.0,0.86,0.14,1197.7982002850931,17.90342353159915,1.0,9,0,t=0,1.0
4,0.0,0.82,0.18,1265.0643309825375,20.55514826935908,1.0,9,0,t=0,1.0
5,0.0,0.785,0.215,1312.0848459972742,22.351262623418883,1.0,9,0,t=0,1.0
6,0.0,0.75,0.25,1380.3310504158003,24.87749267637455,1.0,9,0,t=0,1.0
7,0.0,0.7,0.3,1495.2933682741216,28.935065491981746,1.0,9,0,t=0,1.0
8,0.0,0.65,0.35,1627.2120029756709,33.31373785184252,1.0,9,0,t=0,1.0
9,0.0,0.65,0.35,1627.2120029756709,33.31373785184252,1.0,9,0,t=0,1.0
10,0.0,0.625,0.375,1661.0960524758907,34.39656582693871,1.0,9,0,t=0,1.0
11,0.0,0.625,0.375,1661.0960524758907,34.39656582693871,1.0,9,0,t=0,1.0
12,0.0,0.61,0.39,1674.0484702168735,34.80519424367171,1.0,9,0,t=0,1.0
13,0.0,0.61,0.39,1674.0484702168735,34.80519424367171,1.0,9,0,t=0,1.0
14,0.0,0.61,0.39,1674.0484702168735,34.80519424367171,1.0,9,0,t=0,1.0
15,0.0,0.61,0.39,1674.0484702168735,34.80519424367171,1.0,9,0,t=0,1.0
16,0.0,0.61,0.39,1674.0484702168735,34.80519424367171,1.0,9,0,t=0,1.0
0,0.0,1.0,0.0,1011.0387899796223,0.0,0.0,9,10,t=10,1.0
1,0.0,0.95,0.05,923.6202245932242,5.016224104606083,0.0,9,10,t=10,1.0
2,0.0,0.9,0.1,1018.7204042900828,10.223875985803435,0.0,9,10,t=10,1.0
3,0.0,0.86,0.14,1197.7982002850931,17.90342353159915,0.0,9,10,t=10,1.0
4,0.0,0.82,0.18,1265.0643309825375,20.55514826935908,0.0,9,10,t=10,1.0
5,0.0,0.785,0.215,1312.0848459972742,22.351262623418883,0.0,9,10,t=10,1.0
6,0.0,0.75,0.25,1380.3310504158003,24.87749267637455,0.0,9,10,t=10,1.0
7,0.0,0.7,0.3,1495.2933682741216,28.935065491981746,0.0,9,10,t=10,1.0
8,0.0,0.65,0.35,1627.2120029756709,33.31373785184252,0.0,9,10,t=10,1.0
9,0.0,0.61,0.39,1738.0934533030693,36.862809271803904,0.0,9,10,t=10,1.0
10,0.0,0.59,0.41,1759.6779794651102,37.608810276512166,1.0,9,10,t=10,1.0
11,0.0,0.59,0.41,1759.6779794651102,37.608810276512166,1.0,9,10,t=10,1.0
12,0.0,0.59,0.41,1759.6779794651102,37.608810276512166,1.0,9,10,t=10,1.0
13,0.0,0.59,0.41,1759.6779794651102,37.608810276512166,1.0,9,10,t=10,1.0
14,0.0,0.59,0.41,1759.6779794651102,37.608810276512166,1.0,9,10,t=10,1.0
0,0.0,1.0,0.0,1011.0387899796223,0.0,0.0,9,20,t=20,1.0
1,0.0,0.95,0.05,923.6202245932242,5.016224104606083,0.0,9,20,t=20,1.0
2,0.0,0.9,0.1,1018.7204042900828,10.223875985803435,0.0,9,20,t=20,1.0
3,0.0,0.86,0.14,1197.7982002850931,17.90342353159915,0.0,9,20,t=20,1.0
4,0.0,0.82,0.18,1265.0643309825375,20.55514826935908,0.0,9,20,t=20,1.0
5,0.0,0.785,0.215,1312.0848459972742,22.351262623418883,0.0,9,20,t=20,1.0
6,0.0,0.75,0.25,1380.3310504158003,24.87749267637455,0.0,9,20,t=20,1.0
7,0.0,0.7,0.3,1495.2933682741216,28.935065491981746,0.0,9,20,t=20,1.0
8,0.0,0.65,0.35,1627.2120029756709,33.31373785184252,0.0,9,20,t=20,1.0
9,0.0,0.61,0.39,1738.0934533030693,36.862809271803904,0.0,9,20,t=20,1.0
10,0.0,0.59,0.41,1759.6779794651102,37.608810276512166,0.0,9,20,t=20,1.0
11,0.0,0.56,0.44,1852.994141231343,41.29308599258654,0.0,9,20,t=20,1.0
12,0.0,0.545,0.455,1861.6831055568273,41.685164055190796,0.0,9,20,t=20,1.0
13,0.0,0.515,0.485,1915.4942315297,44.42821395026343,0.0,9,20,t=20,1.0
14,0.0,0.5,0.5,1927.2520627732451,45.119478869921224,0.0,9,20,t=20,1.0
15,0.0,0.48,0.52,1956.629341394088,47.09077055150853,0.0,9,20,t=20,1.0
16,0.0,0.455,0.545,1983.406144311274,49.410404057153606,0.0,9,20,t=20,1.0
17,0.0,0.425,0.575,2000.72206457542,51.515666540048265,0.0,9,20,t=20,1.0
18,0.0,0.395,0.605,2010.120371518442,53.28126491695074,0.0,9,20,t=20,1.0
19,0.0,0.385,0.615,2013.698738826242,54.348965142680825,0.0,9,20,t=20,1.0
20,0.0,0.365,0.635,2015.5203429312146,56.340660407190704,1.0,9,20,t=20,1.0
21,0.0,0.365,0.635,2015.5203429312146,56.340660407190704,1.0,9,20,t=20,1.0
22,0.0,0.365,0.635,2015.5203429312146,56.340660407190704,1.0,9,20,t=20,1.0
23,0.0,0.365,0.635,2015.5203429312146,56.340660407190704,1.0,9,20,t=20,1.0
24,0.0,0.365,0.635,2015.5203429312146,56.340660407190704,1.0,9,20,t=20,1.0
0,0.0,1.0,0.0,1011.0387899796223,0.0,0.0,9,40,t=40,1.0
1,0.0,0.95,0.05,923.6202245932242,5.016224104606083,0.0,9,40,t=40,1.0
2,0.0,0.9,0.1,1018.7204042900828,10.223875985803435,0.0,9,40,t=40,1.0
3,0.0,0.86,0.14,1197.7982002850931,17.90342353159915,0.0,9,40,t=40,1.0
4,0.0,0.82,0.18,1265.0643309825375,20.55514826935908,0.0,9,40,t=40,1.0
5,0.0,0.785,0.215,1312.0848459972742,22.351262623418883,0.0,9,40,t=40,1.0
6,0.0,0.75,0.25,1380.3310504158003,24.87749267637455,0.0,9,40,t=40,1.0
7,0.0,0.7,0.3,1495.2933682741216,28.935065491981746,0.0,9,40,t=40,1.0
8,0.0,0.65,0.35,1627.2120029756709,33.31373785184252,0.0,9,40,t=40,1.0
9,0.0,0.61,0.39,1738.0934533030693,36.862809271803904,0.0,9,40,t=40,1.0
10,0.0,0.59,0.41,1759.6779794651102,37.608810276512166,0.0,9,40,t=40,1.0
11,0.0,0.56,0.44,1852.994141231343,41.29308599258654,0.0,9,40,t=40,1.0
12,0.0,0.545,0.455,1861.6831055568273,41.685164055190796,0.0,9,40,t=40,1.0
13,0.0,0.515,0.485,1915.4942315297,44.42821395026343,0.0,9,40,t=40,1.0
14,0.0,0.5,0.5,1927.2520627732451,45.119478869921224,0.0,9,40,t=40,1.0
15,0.0,0.48,0.52,1956.629341394088,47.09077055150853,0.0,9,40,t=40,1.0
16,0.0,0.455,0.545,1983.406144311274,49.410404057153606,0.0,9,40,t=40,1.0
17,0.0,0.425,0.575,2000.72206457542,51.515666540048265,0.0,9,40,t=40,1.0
18,0.0,0.395,0.605,2010.120371518442,53.28126491695074,0.0,9,40,t=40,1.0
19,0.0,0.385,0.615,2013.698738826242,54.348965142680825,0.0,9,40,t=40,1.0
20,0.0,0.365,0.635,2015.5203429312146,56.340660407190704,0.0,9,40,t=40,1.0
21,0.0,0.355,0.645,2014.620352166636,57.20842107661914,0.0,9,40,t=40,1.0
22,0.0,0.33,0.67,2011.276335780071,58.539997288993256,0.0,9,40,t=40,1.0
23,0.0,0.32,0.68,2009.7619232860984,58.93704712784167,0.0,9,40,t=40,1.0
24,0.0,0.31,0.69,2008.0022998431818,59.327922706882994,0.0,9,40,t=40,1.0
25,0.0,0.28,0.72,1995.2972201979285,61.41856227156411,0.0,9,40,t=40,1.0
26,0.0,0.26,0.74,1989.9938809014893,62.07632315770468,0.0,9,40,t=40,1.0
27,0.0,0.23,0.77,1964.604612806289,64.59015098798852,0.0,9,40,t=40,1.0
28,0.0,0.22,0.78,1953.4628078024757,65.48789861437895,0.0,9,40,t=40,1.0
29,0.0,0.2,0.8,1933.9148884911308,66.89523668467031,0.0,9,40,t=40,1.0
30,0.0,0.185,0.815,1892.8817810941935,69.3567591582528,0.0,9,40,t=40,1.0
31,0.0,0.175,0.825,1871.5537636825516,70.47998559152293,0.0,9,40,t=40,1.0
32,0.0,0.175,0.825,1871.5537636825516,70.47998559152293,0.0,9,40,t=40,1.0
33,0.0,0.175,0.825,1871.5537636825516,70.47998559152293,0.0,9,40,t=40,1.0
34,0.0,0.17,0.83,1868.8983110027564,70.61359097600378,0.0,9,40,t=40,1.0
35,0.0,0.16,0.84,1861.8320682595509,70.97050713360407,0.0,9,40,t=40,1.0
36,0.0,0.15,0.85,1840.7071449614366,71.99214707994389,0.0,9,40,t=40,1.0
37,0.0,0.145,0.855,1837.067188917437,72.16129188752356,0.0,9,40,t=40,1.0
38,0.0,0.135,0.865,1828.5012504795845,72.55317470838739,0.0,9,40,t=40,1.0
39,0.0,0.125,0.875,1823.5901900341926,72.77304289897475,0.0,9,40,t=40,1.0
40,0.0,0.115,0.885,1813.4399720910128,73.2229209295513,1.0,9,40,t=40,1.0
41,0.0,0.115,0.885,1813.4399720910128,73.2229209295513,1.0,9,40,t=40,1.0
42,0.0,0.115,0.885,1813.4399720910128,73.2229209295513,1.0,9,40,t=40,1.0
43,0.0,0.115,0.885,1813.4399720910128,73.2229209295513,1.0,9,40,t=40,1.0
44,0.0,0.115,0.885,1813.4399720910128,73.2229209295513,1.0,9,40,t=40,1.0
0,0.0,1.0,0.0,1011.0387899796223,0.0,0.0,9,60,t=60,1.0
1,0.0,0.95,0.05,923.6202245932242,5.016224104606083,0.0,9,60,t=60,1.0
2,0.0,0.9,0.1,1018.7204042900828,10.223875985803435,0.0,9,60,t=60,1.0
3,0.0,0.86,0.14,1197.7982002850931,17.90342353159915,0.0,9,60,t=60,1.0
4,0.0,0.82,0.18,1265.0643309825375,20.55514826935908,0.0,9,60,t=60,1.0
5,0.0,0.785,0.215,1312.0848459972742,22.351262623418883,0.0,9,60,t=60,1.0
6,0.0,0.75,0.25,1380.3310504158003,24.87749267637455,0.0,9,60,t=60,1.0
7,0.0,0.7,0.3,1495.2933682741216,28.935065491981746,0.0,9,60,t=60,1.0
8,0.0,0.65,0.35,1627.2120029756709,33.31373785184252,0.0,9,60,t=60,1.0
9,0.0,0.61,0.39,1738.0934533030693,36.862809271803904,0.0,9,60,t=60,1.0
10,0.0,0.59,0.41,1759.6779794651102,37.608810276512166,0.0,9,60,t=60,1.0
11,0.0,0.56,0.44,1852.994141231343,41.29308599258654,0.0,9,60,t=60,1.0
12,0.0,0.545,0.455,1861.6831055568273,41.685164055190796,0.0,9,60,t=60,1.0
13,0.0,0.515,0.485,1915.4942315297,44.42821395026343,0.0,9,60,t=60,1.0
14,0.0,0.5,0.5,1927.2520627732451,45.119478869921224,0.0,9,60,t=60,1.0
15,0.0,0.48,0.52,1956.629341394088,47.09077055150853,0.0,9,60,t=60,1.0
16,0.0,0.455,0.545,1983.406144311274,49.410404057153606,0.0,9,60,t=60,1.0
17,0.0,0.425,0.575,2000.72206457542,51.515666540048265,0.0,9,60,t=60,1.0
18,0.0,0.395,0.605,2010.120371518442,53.28126491695074,0.0,9,60,t=60,1.0
19,0.0,0.385,0.615,2013.698738826242,54.348965142680825,0.0,9,60,t=60,1.0
20,0.0,0.365,0.635,2015.5203429312146,56.340660407190704,0.0,9,60,t=60,1.0
21,0.0,0.355,0.645,2014.620352166636,57.20842107661914,0.0,9,60,t=60,1.0
22,0.0,0.33,0.67,2011.276335780071,58.539997288993256,0.0,9,60,t=60,1.0
23,0.0,0.32,0.68,2009.7619232860984,58.93704712784167,0.0,9,60,t=60,1.0
24,0.0,0.31,0.69,2008.0022998431818,59.327922706882994,0.0,9,60,t=60,1.0
25,0.0,0.28,0.72,1995.2972201979285,61.41856227156411,0.0,9,60,t=60,1.0
26,0.0,0.26,0.74,1989.9938809014893,62.07632315770468,0.0,9,60,t=60,1.0
27,0.0,0.23,0.77,1964.604612806289,64.59015098798852,0.0,9,60,t=60,1.0
28,0.0,0.22,0.78,1953.4628078024757,65.48789861437895,0.0,9,60,t=60,1.0
29,0.0,0.2,0.8,1933.9148884911308,66.89523668467031,0.0,9,60,t=60,1.0
30,0.0,0.185,0.815,1892.8817810941935,69.3567591582528,0.0,9,60,t=60,1.0
31,0.0,0.175,0.825,1871.5537636825516,70.47998559152293,0.0,9,60,t=60,1.0
32,0.0,0.175,0.825,1871.5537636825516,70.47998559152293,0.0,9,60,t=60,1.0
33,0.0,0.175,0.825,1871.5537636825516,70.47998559152293,0.0,9,60,t=60,1.0
34,0.0,0.17,0.83,1868.8983110027564,70.61359097600378,0.0,9,60,t=60,1.0
35,0.0,0.16,0.84,1861.8320682595509,70.97050713360407,0.0,9,60,t=60,1.0
36,0.0,0.15,0.85,1840.7071449614366,71.99214707994389,0.0,9,60,t=60,1.0
37,0.0,0.145,0.855,1837.067188917437,72.16129188752356,0.0,9,60,t=60,1.0
38,0.0,0.135,0.865,1828.5012504795845,72.55317470838739,0.0,9,60,t=60,1.0
39,0.0,0.125,0.875,1823.5901900341926,72.77304289897475,0.0,9,60,t=60,1.0
40,0.0,0.115,0.885,1813.4399720910128,73.2229209295513,0.0,9,60,t=60,1.0
41,0.0,0.11,0.89,1810.7947722442957,73.33711645614952,0.0,9,60,t=60,1.0
42,0.0,0.105,0.895,1807.205614839315,73.49217151955372,0.0,9,60,t=60,1.0
43,0.0,0.095,0.905,1755.285375625608,75.61227072882127,0.0,9,60,t=60,1.0
44,0.0,0.095,0.905,1755.285375625608,75.61227072882127,0.0,9,60,t=60,1.0
45,0.0,0.09,0.91,1752.7258680661537,75.71184304336718,0.0,9,60,t=60,1.0
46,0.0,0.09,0.91,1752.7258680661537,75.71184304336718,0.0,9,60,t=60,1.0
47,0.0,0.085,0.915,1743.9995874101521,76.0493738944347,0.0,9,60,t=60,1.0
48,0.0,0.085,0.915,1743.9995874101521,76.0493738944347,0.0,9,60,t=60,1.0
49,0.0,0.075,0.925,1729.6274999358168,76.59147795002306,0.0,9,60,t=60,1.0
50,0.0,0.075,0.925,1729.6274999358168,76.59147795002306,0.0,9,60,t=60,1.0
51,0.0,0.075,0.925,1729.6274999358168,76.59147795002306,0.0,9,60,t=60,1.0
52,0.0,0.07,0.93,1728.1563651924712,76.64659232633888,0.0,9,60,t=60,1.0
53,0.0,0.07,0.93,1728.1563651924712,76.64659232633888,0.0,9,60,t=60,1.0
54,0.0,0.065,0.935,1723.9534516523654,76.8026274114986,0.0,9,60,t=60,1.0
55,0.0,0.06,0.94,1720.4453919486732,76.93168923162997,0.0,9,60,t=60,1.0
56,0.0,0.06,0.94,1720.4453919486732,76.93168923162997,0.0,9,60,t=60,1.0
57,0.0,0.06,0.94,1720.4453919486732,76.93168923162997,0.0,9,60,t=60,1.0
58,0.0,0.06,0.94,1720.4453919486732,76.93168923162997,0.0,9,60,t=60,1.0
59,0.0,0.06,0.94,1720.4453919486732,76.93168923162997,0.0,9,60,t=60,1.0
60,0.0,0.06,0.94,1720.4453919486732,76.93168923162997,1.0,9,60,t=60,1.0
0,0.0,1.0,0.0,1011.0387899796223,0.0,0.0,9,80,t=80,1.0
1,0.0,0.95,0.05,923.6202245932242,5.016224104606083,0.0,9,80,t=80,1.0
2,0.0,0.9,0.1,1018.7204042900828,10.223875985803435,0.0,9,80,t=80,1.0
3,0.0,0.86,0.14,1197.7982002850931,17.90342353159915,0.0,9,80,t=80,1.0
4,0.0,0.82,0.18,1265.0643309825375,20.55514826935908,0.0,9,80,t=80,1.0
5,0.0,0.785,0.215,1312.0848459972742,22.351262623418883,0.0,9,80,t=80,1.0
6,0.0,0.75,0.25,1380.3310504158003,24.87749267637455,0.0,9,80,t=80,1.0
7,0.0,0.7,0.3,1495.2933682741216,28.935065491981746,0.0,9,80,t=80,1.0
8,0.0,0.65,0.35,1627.2120029756709,33.31373785184252,0.0,9,80,t=80,1.0
9,0.0,0.61,0.39,1738.0934533030693,36.862809271803904,0.0,9,80,t=80,1.0
10,0.0,0.59,0.41,1759.6779794651102,37.608810276512166,0.0,9,80,t=80,1.0
11,0.0,0.56,0.44,1852.994141231343,41.29308599258654,0.0,9,80,t=80,1.0
12,0.0,0.545,0.455,1861.6831055568273,41.685164055190796,0.0,9,80,t=80,1.0
13,0.0,0.515,0.485,1915.4942315297,44.42821395026343,0.0,9,80,t=80,1.0
14,0.0,0.5,0.5,1927.2520627732451,45.119478869921224,0.0,9,80,t=80,1.0
15,0.0,0.48,0.52,1956.629341394088,47.09077055150853,0.0,9,80,t=80,1.0
16,0.0,0.455,0.545,1983.406144311274,49.410404057153606,0.0,9,80,t=80,1.0
17,0.0,0.425,0.575,2000.72206457542,51.515666540048265,0.0,9,80,t=80,1.0
18,0.0,0.395,0.605,2010.120371518442,53.28126491695074,0.0,9,80,t=80,1.0
19,0.0,0.385,0.615,2013.698738826242,54.348965142680825,0.0,9,80,t=80,1.0
20,0.0,0.365,0.635,2015.5203429312146,56.340660407190704,0.0,9,80,t=80,1.0
21,0.0,0.355,0.645,2014.620352166636,57.20842107661914,0.0,9,80,t=80,1.0
22,0.0,0.33,0.67,2011.276335780071,58.539997288993256,0.0,9,80,t=80,1.0
23,0.0,0.32,0.68,2009.7619232860984,58.93704712784167,0.0,9,80,t=80,1.0
24,0.0,0.31,0.69,2008.0022998431818,59.327922706882994,0.0,9,80,t=80,1.0
25,0.0,0.28,0.72,1995.2972201979285,61.41856227156411,0.0,9,80,t=80,1.0
26,0.0,0.26,0.74,1989.9938809014893,62.07632315770468,0.0,9,80,t=80,1.0
27,0.0,0.23,0.77,1964.604612806289,64.59015098798852,0.0,9,80,t=80,1.0
28,0.0,0.22,0.78,1953.4628078024757,65.48789861437895,0.0,9,80,t=80,1.0
29,0.0,0.2,0.8,1933.9148884911308,66.89523668467031,0.0,9,80,t=80,1.0
30,0.0,0.185,0.815,1892.8817810941935,69.3567591582528,0.0,9,80,t=80,1.0
31,0.0,0.175,0.825,1871.5537636825516,70.47998559152293,0.0,9,80,t=80,1.0
32,0.0,0.175,0.825,1871.5537636825516,70.47998559152293,0.0,9,80,t=80,1.0
33,0.0,0.175,0.825,1871.5537636825516,70.47998559152293,0.0,9,80,t=80,1.0
34,0.0,0.17,0.83,1868.8983110027564,70.61359097600378,0.0,9,80,t=80,1.0
35,0.0,0.16,0.84,1861.8320682595509,70.97050713360407,0.0,9,80,t=80,1.0
36,0.0,0.15,0.85,1840.7071449614366,71.99214707994389,0.0,9,80,t=80,1.0
37,0.0,0.145,0.855,1837.067188917437,72.16129188752356,0.0,9,80,t=80,1.0
38,0.0,0.135,0.865,1828.5012504795845,72.55317470838739,0.0,9,80,t=80,1.0
39,0.0,0.125,0.875,1823.5901900341926,72.77304289897475,0.0,9,80,t=80,1.0
40,0.0,0.115,0.885,1813.4399720910128,73.2229209295513,0.0,9,80,t=80,1.0
41,0.0,0.11,0.89,1810.7947722442957,73.33711645614952,0.0,9,80,t=80,1.0
42,0.0,0.105,0.895,1807.205614839315,73.49217151955372,0.0,9,80,t=80,1.0
43,0.0,0.095,0.905,1755.285375625608,75.61227072882127,0.0,9,80,t=80,1.0
44,0.0,0.095,0.905,1755.285375625608,75.61227072882127,0.0,9,80,t=80,1.0
45,0.0,0.09,0.91,1752.7258680661537,75.71184304336718,0.0,9,80,t=80,1.0
46,0.0,0.09,0.91,1752.7258680661537,75.71184304336718,0.0,9,80,t=80,1.0
47,0.0,0.085,0.915,1743.9995874101521,76.0493738944347,0.0,9,80,t=80,1.0
48,0.0,0.085,0.915,1743.9995874101521,76.0493738944347,0.0,9,80,t=80,1.0
49,0.0,0.075,0.925,1729.6274999358168,76.59147795002306,0.0,9,80,t=80,1.0
50,0.0,0.075,0.925,1729.6274999358168,76.59147795002306,0.0,9,80,t=80,1.0
51,0.0,0.075,0.925,1729.6274999358168,76.59147795002306,0.0,9,80,t=80,1.0
52,0.0,0.07,0.93,1728.1563651924712,76.64659232633888,0.0,9,80,t=80,1.0
53,0.0,0.07,0.93,1728.1563651924712,76.64659232633888,0.0,9,80,t=80,1.0
54,0.0,0.065,0.935,1723.9534516523654,76.8026274114986,0.0,9,80,t=80,1.0
55,0.0,0.06,0.94,1720.4453919486732,76.93168923162997,0.0,9,80,t=80,1.0
56,0.0,0.06,0.94,1720.4453919486732,76.93168923162997,0.0,9,80,t=80,1.0
57,0.0,0.06,0.94,1720.4453919486732,76.93168923162997,0.0,9,80,t=80,1.0
58,0.0,0.06,0.94,1720.4453919486732,76.93168923162997,0.0,9,80,t=80,1.0
59,0.0,0.06,0.94,1720.4453919486732,76.93168923162997,0.0,9,80,t=80,1.0
60,0.0,0.06,0.94,1720.4453919486732,76.93168923162997,0.0,9,80,t=80,1.0
61,0.0,0.06,0.94,1720.4453919486732,76.93168923162997,0.0,9,80,t=80,1.0
62,0.0,0.06,0.94,1720.4453919486732,76.93168923162997,0.0,9,80,t=80,1.0
63,0.0,0.06,0.94,1720.4453919486732,76.93168923162997,0.0,9,80,t=80,1.0
64,0.0,0.055,0.945,1717.1486669449757,77.05275871613881,0.0,9,80,t=80,1.0
65,0.0,0.05,0.95,1709.5221680028797,77.32660231732352,0.0,9,80,t=80,1.0
66,0.0,0.045,0.955,1704.6350737547946,77.50242300886043,0.0,9,80,t=80,1.0
67,0.0,0.04,0.96,1694.4668037200136,77.8620916720466,0.0,9,80,t=80,1.0
68,0.0,0.035,0.965,1686.2320625994776,78.1496235226049,0.0,9,80,t=80,1.0
69,0.0,0.025,0.975,1675.7017577472736,78.51210036660358,0.0,9,80,t=80,1.0
70,0.0,0.025,0.975,1675.7017577472736,78.51210036660358,0.0,9,80,t=80,1.0
71,0.0,0.025,0.975,1675.7017577472736,78.51210036660358,0.0,9,80,t=80,1.0
72,0.0,0.025,0.975,1675.7017577472736,78.51210036660358,0.0,9,80,t=80,1.0
73,0.0,0.025,0.975,1675.7017577472736,78.51210036660358,0.0,9,80,t=80,1.0
74,0.0,0.02,0.98,1663.6328448593888,78.92753851970755,0.0,9,80,t=80,1.0
75,0.0,0.02,0.98,1663.6328448593888,78.92753851970755,0.0,9,80,t=80,1.0
76,0.0,0.02,0.98,1663.6328448593888,78.92753851970755,0.0,9,80,t=80,1.0
77,0.0,0.02,0.98,1663.6328448593888,78.92753851970755,0.0,9,80,t=80,1.0
78,0.0,0.02,0.98,1663.6328448593888,78.92753851970755,0.0,9,80,t=80,1.0
79,0.0,0.01,0.99,1646.4341450260083,79.50693408382831,0.0,9,80,t=80,1.0
80,0.0,0.01,0.99,1646.4341450260083,79.50693408382831,1.0,9,80,t=80,1.0
81,0.0,0.01,0.99,1646.4341450260083,79.50693408382831,1.0,9,80,t=80,1.0
82,0.0,0.01,0.99,1646.4341450260083,79.50693408382831,1.0,9,80,t=80,1.0
83,0.0,0.01,0.99,1646.4341450260083,79.50693408382831,1.0,9,80,t=80,1.0
0,0.0,1.0,0.0,907.7542032015889,0.0,0.0,10,-1,never,1.0
1,0.0,0.95,0.05,818.639288711059,5.3540924972871595,0.0,10,-1,never,1.0
2,0.0,0.9,0.1,921.3798268489205,10.767567372882755,0.0,10,-1,never,1.0
3,0.0,0.86,0.14,982.4807431723553,13.482482830639487,0.0,10,-1,never,1.0
4,0.0,0.83,0.17,1071.7250337377443,17.229998384583162,0.0,10,-1,never,1.0
5,0.0,0.78,0.22,1238.0729186870572,23.674196075066824,0.0,10,-1,never,1.0
6,0.0,0.74,0.26,1373.43404887168,28.499517523440176,0.0,10,-1,never,1.0
7,0.0,0.72,0.28,1410.703877257942,29.765262949330705,0.0,10,-1,never,1.0
8,0.0,0.69,0.31,1501.7790507970503,32.76865101079194,0.0,10,-1,never,1.0
9,0.0,0.64,0.36,1678.0616614411174,38.21582756473505,0.0,10,-1,never,1.0
10,0.0,0.61,0.39,1757.841509195324,40.807846072786106,0.0,10,-1,never,1.0
11,0.0,0.585,0.415,1804.468600125226,42.512081332777505,0.0,10,-1,never,1.0
12,0.0,0.57,0.43,1841.335712470293,43.99544424917129,0.0,10,-1,never,1.0
13,0.0,0.545,0.455,1898.6936328134339,46.62427938134598,0.0,10,-1,never,1.0
14,0.0,0.51,0.49,1947.9367575744454,49.420483926529414,0.0,10,-1,never,1.0
15,0.0,0.485,0.515,1971.979440620219,51.11583966046672,0.0,10,-1,never,1.0
16,0.0,0.455,0.545,1984.624089936186,52.15206323450575,0.0,10,-1,never,1.0
17,0.0,0.44,0.56,1995.4031248719155,53.15754889991365,0.0,10,-1,never,1.0
18,0.0,0.42,0.58,2008.8802379756269,54.67472519379781,0.0,10,-1,never,1.0
19,0.0,0.405,0.595,2020.7490224855849,56.50779749655444,0.0,10,-1,never,1.0
20,0.0,0.39,0.61,2022.4104968109496,56.840197046492165,0.0,10,-1,never,1.0
21,0.0,0.375,0.625,2024.6003703909332,57.335475759285835,0.0,10,-1,never,1.0
22,0.0,0.35,0.65,2028.3603793225348,58.544032224469326,0.0,10,-1,never,1.0
23,0.0,0.34,0.66,2030.0691343408762,59.60258456404793,0.0,10,-1,never,1.0
24,0.0,0.34,0.66,2030.0691343408762,59.60258456404793,0.0,10,-1,never,1.0
25,0.0,0.325,0.675,2030.2923666907373,59.91907314325893,0.0,10,-1,never,1.0
26,0.0,0.315,0.685,2030.168466919239,60.89085468877197,0.0,10,-1,never,1.0
27,0.0,0.295,0.705,2028.5625598318154,61.92065879771827,0.0,10,-1,never,1.0
28,0.0,0.275,0.725,2026.414681305739,62.6774259932571,0.0,10,-1,never,1.0
29,0.0,0.265,0.735,2023.2623289154353,63.51218295520026,0.0,10,-1,never,1.0
30,0.0,0.25,0.75,2016.7589565481067,64.71337181487397,0.0,10,-1,never,1.0
31,0.0,0.235,0.765,2005.2950658985221,66.3135951614326,0.0,10,-1,never,1.0
32,0.0,0.225,0.775,2003.713620976272,66.50794046512085,0.0,10,-1,never,1.0
33,0.0,0.21,0.79,1991.2301422934963,67.84337745435721,0.0,10,-1,never,1.0
34,0.0,0.205,0.795,1988.9154286592222,68.06613746926665,0.0,10,-1,never,1.0
35,0.0,0.195,0.805,1985.132148275959,68.4258604125599,0.0,10,-1,never,1.0
36,0.0,0.17,0.83,1966.248824536406,70.02096405169408,0.0,10,-1,never,1.0
37,0.0,0.165,0.835,1962.791236575111,70.28535871037809,0.0,10,-1,never,1.0
38,0.0,0.155,0.845,1954.9636373527896,70.85839230690429,0.0,10,-1,never,1.0
39,0.0,0.15,0.85,1954.1117818277323,70.92004675065522,0.0,10,-1,never,1.0
40,0.0,0.14,0.86,1938.680238814786,71.97381666402003,0.0,10,-1,never,1.0
41,0.0,0.12,0.88,1914.8795320490274,73.44513294468017,0.0,10,-1,never,1.0
42,0.0,0.115,0.885,1900.820250868874,74.2460201507411,0.0,10,-1,never,1.0
43,0.0,0.105,0.895,1893.4484799757424,74.649255155041,0.0,10,-1,never,1.0
44,0.0,0.1,0.9,1890.1035614134435,74.83130125552505,0.0,10,-1,never,1.0
45,0.0,0.09,0.91,1881.7717134498953,75.27681276841457,0.0,10,-1,never,1.0
46,0.0,0.09,0.91,1881.7717134498953,75.27681276841457,0.0,10,-1,never,1.0
47,0.0,0.09,0.91,1881.7717134498953,75.27681276841457,0.0,10,-1,never,1.0
48,0.0,0.09,0.91,1881.7717134498953,75.27681276841457,0.0,10,-1,never,1.0
49,0.0,0.085,0.915,1878.1216049866036,75.46473347243281,0.0,10,-1,never,1.0
50,0.0,0.08,0.92,1867.024997452529,76.03795801134521,0.0,10,-1,never,1.0
51,0.0,0.07,0.93,1857.1203059827308,76.52499118485608,0.0,10,-1,never,1.0
52,0.0,0.06,0.94,1833.518946699842,77.64226939957967,0.0,10,-1,never,1.0
53,0.0,0.06,0.94,1833.518946699842,77.64226939957967,0.0,10,-1,never,1.0
54,0.0,0.05,0.95,1815.8770637335074,78.44462475033953,0.0,10,-1,never,1.0
55,0.0,0.045,0.955,1803.9631020130241,78.95997348407477,0.0,10,-1,never,1.0
56,0.0,0.045,0.955,1803.9631020130241,78.95997348407477,0.0,10,-1,never,1.0
57,0.0,0.045,0.955,1803.9631020130241,78.95997348407477,0.0,10,-1,never,1.0
58,0.0,0.045,0.955,1803.9631020130241,78.95997348407477,0.0,10,-1,never,1.0
59,0.0,0.035,0.965,1787.4561419100407,79.6654667652829,0.0,10,-1,never,1.0
60,0.0,0.035,0.965,1787.4561419100407,79.6654667652829,0.0,10,-1,never,1.0
61,0.0,0.035,0.965,1787.4561419100407,79.6654667652829,0.0,10,-1,never,1.0
62,0.0,0.03,0.97,1782.6178979156964,79.8645798118074,0.0,10,-1,never,1.0
63,0.0,0.03,0.97,1782.6178979156964,79.8645798118074,0.0,10,-1,never,1.0
64,0.0,0.03,0.97,1782.6178979156964,79.8645798118074,0.0,10,-1,never,1.0
65,0.0,0.03,0.97,1782.6178979156964,79.8645798118074,0.0,10,-1,never,1.0
66,0.0,0.03,0.97,1782.6178979156964,79.8645798118074,0.0,10,-1,never,1.0
0,0.0,1.0,0.0,907.7542032015889,0.0,1.0,10,0,t=0,1.0
1,0.0,0.95,0.05,818.639288711059,5.3540924972871595,1.0,10,0,t=0,1.0
2,0.0,0.9,0.1,921.3798268489205,10.767567372882755,1.0,10,0,t=0,1.0
3,0.0,0.86,0.14,982.4807431723553,13.482482830639487,1.0,10,0,t=0,1.0
4,0.0,0.83,0.17,1071.7250337377443,17.229998384583162,1.0,10,0,t=0,1.0
5,0.0,0.78,0.22,1238.0729186870572,23.674196075066824,1.0,10,0,t=0,1.0
6,0.0,0.74,0.26,1373.43404887168,28.499517523440176,1.0,10,0,t=0,1.0
7,0.0,0.72,0.28,1410.703877257942,29.765262949330705,1.0,10,0,t=0,1.0
8,0.0,0.69,0.31,1501.7790507970503,32.76865101079194,1.0,10,0,t=0,1.0
9,0.0,0.69,0.31,1501.7790507970503,32.76865101079194,1.0,10,0,t=0,1.0
10,0.0,0.66,0.34,1586.5882421406852,35.44392043340643,1.0,10,0,t=0,1.0
11,0.0,0.63,0.37,1658.176076330746,37.62215483137675,1.0,10,0,t=0,1.0
12,0.0,0.63,0.37,1658.176076330746,37.62215483137675,1.0,10,0,t=0,1.0
13,0.0,0.63,0.37,1658.176076330746,37.62215483137675,1.0,10,0,t=0,1.0
14,0.0,0.63,0.37,1658.176076330746,37.62215483137675,1.0,10,0,t=0,1.0
15,0.0,0.63,0.37,1658.176076330746,37.62215483137675,1.0,10,0,t=0,1.0
0,0.0,1.0,0.0,907.7542032015889,0.0,0.0,10,10,t=10,1.0
1,0.0,0.95,0.05,818.639288711059,5.3540924972871595,0.0,10,10,t=10,1.0
2,0.0,0.9,0.1,921.3798268489205,10.767567372882755,0.0,10,10,t=10,1.0
3,0.0,0.86,0.14,982.4807431723553,13.482482830639487,0.0,10,10,t=10,1.0
4,0.0,0.83,0.17,1071.7250337377443,17.229998384583162,0.0,10,10,t=10,1.0
5,0.0,0.78,0.22,1238.0729186870572,23.674196075066824,0.0,10,10,t=10,1.0
6,0.0,0.74,0.26,1373.43404887168,28.499517523440176,0.0,10,10,t=10,1.0
7,0.0,0.72,0.28,1410.703877257942,29.765262949330705,0.0,10,10,t=10,1.0
8,0.0,0.69,0.31,1501.7790507970503,32.76865101079194,0.0,10,10,t=10,1.0
9,0.0,0.64,0.36,1678.0616614411174,38.21582756473505,0.0,10,10,t=10,1.0
10,0.0,0.61,0.39,1757.841509195324,40.807846072786106,1.0,10,10,t=10,1.0
11,0.0,0.61,0.39,1757.841509195324,40.807846072786106,1.0,10,10,t=10,1.0
12,0.0,0.61,0.39,1757.841509195324,40.807846072786106,1.0,10,10,t=10,1.0
13,0.0,0.61,0.39,1757.841509195324,40.807846072786106,1.0,10,10,t=10,1.0
14,0.0,0.61,0.39,1757.841509195324,40.807846072786106,1.0,10,10,t=10,1.0
0,0.0,1.0,0.0,907.7542032015889,0.0,0.0,10,20,t=20,1.0
1,0.0,0.95,0.05,818.639288711059,5.3540924972871595,0.0,10,20,t=20,1.0
2,0.0,0.9,0.1,921.3798268489205,10.767567372882755,0.0,10,20,t=20,1.0
3,0.0,0.86,0.14,982.4807431723553,13.482482830639487,0.0,10,20,t=20,1.0
4,0.0,0.83,0.17,1071.7250337377443,17.229998384583162,0.0,10,20,t=20,1.0
5,0.0,0.78,0.22,1238.0729186870572,23.674196075066824,0.0,10,20,t=20,1.0
6,0.0,0.74,0.26,1373.43404887168,28.499517523440176,0.0,10,20,t=20,1.0
7,0.0,0.72,0.28,1410.703877257942,29.765262949330705,0.0,10,20,t=20,1.0
8,0.0,0.69,0.31,1501.7790507970503,32.76865101079194,0.0,10,20,t=20,1.0
9,0.0,0.64,0.36,1678.0616614411174,38.21582756473505,0.0,10,20,t=20,1.0
10,0.0,0.61,0.39,1757.841509195324,40.807846072786106,0.0,10,20,t=20,1.0
11,0.0,0.585,0.415,1804.468600125226,42.512081332777505,0.0,10,20,t=20,1.0
12,0.0,0.57,0.43,1841.335712470293,43.99544424917129,0.0,10,20,t=20,1.0
13,0.0,0.545,0.455,1898.6936328134339,46.62427938134598,0.0,10,20,t=20,1.0
14,0.0,0.51,0.49,1947.9367575744454,49.420483926529414,0.0,10,20,t=20,1.0
15,0.0,0.485,0.515,1971.979440620219,51.11583966046672,0.0,10,20,t=20,1.0
16,0.0,0.455,0.545,1984.624089936186,52.15206323450575,0.0,10,20,t=20,1.0
17,0.0,0.44,0.56,1995.4031248719155,53.15754889991365,0.0,10,20,t=20,1.0
18,0.0,0.42,0.58,2008.8802379756269,54.67472519379781,0.0,10,20,t=20,1.0
19,0.0,0.405,0.595,2020.7490224855849,56.50779749655444,0.0,10,20,t=20,1.0
20,0.0,0.39,0.61,2022.4104968109496,56.840197046492165,1.0,10,20,t=20,1.0
21,0.0,0.39,0.61,2022.4104968109496,56.840197046492165,1.0,10,20,t=20,1.0
22,0.0,0.39,0.61,2022.4104968109496,56.840197046492165,1.0,10,20,t=20,1.0
23,0.0,0.39,0.61,2022.4104968109496,56.840197046492165,1.0,10,20,t=20,1.0
24,0.0,0.39,0.61,2022.4104968109496,56.840197046492165,1.0,10,20,t=20,1.0
0,0.0,1.0,0.0,907.7542032015889,0.0,0.0,10,40,t=40,1.0
1,0.0,0.95,0.05,818.639288711059,5.3540924972871595,0.0,10,40,t=40,1.0
2,0.0,0.9,0.1,921.3798268489205,10.767567372882755,0.0,10,40,t=40,1.0
3,0.0,0.86,0.14,982.4807431723553,13.482482830639487,0.0,10,40,t=40,1.0
4,0.0,0.83,0.17,1071.7250337377443,17.229998384583162,0.0,10,40,t=40,1.0
5,0.0,0.78,0.22,1238.0729186870572,23.674196075066824,0.0,10,40,t=40,1.0
6,0.0,0.74,0.26,1373.43404887168,28.499517523440176,0.0,10,40,t=40,1.0
7,0.0,0.72,0.28,1410.703877257942,29.765262949330705,0.0,10,40,t=40,1.0
8,0.0,0.69,0.31,1501.7790507970503,32.76865101079194,0.0,10,40,t=40,1.0
9,0.0,0.64,0.36,1678.0616614411174,38.21582756473505,0.0,10,40,t=40,1.0
10,0.0,0.61,0.39,1757.841509195324,40.807846072786106,0.0,10,40,t=40,1.0
11,0.0,0.585,0.415,1804.468600125226,42.512081332777505,0.0,10,40,t=40,1.0
12,0.0,0.57,0.43,1841.335712470293,43.99544424917129,0.0,10,40,t=40,1.0
13,0.0,0.545,0.455,1898.6936328134339,46.62427938134598,0.0,10,40,t=40,1.0
14,0.0,0.51,0.49,1947.9367575744454,49.420483926529414,0.0,10,40,t=40,1.0
15,0.0,0.485,0.515,1971.979440620219,51.11583966046672,0.0,10,40,t=40,1.0
16,0.0,0.455,0.545,1984.624089936186,52.15206323450575,0.0,10,40,t=40,1.0
17,0.0,0.44,0.56,1995.4031248719155,53.15754889991365,0.0,10,40,t=40,1.0
18,0.0,0.42,0.58,2008.8802379756269,54.67472519379781,0.0,10,40,t=40,1.0
19,0.0,0.405,0.595,2020.7490224855849,56.50779749655444,0.0,10,40,t=40,1.0
20,0.0,0.39,0.61,2022.4104968109496,56.840197046492165,0.0,10,40,t=40,1.0
21,0.0,0.375,0.625,2024.6003703909332,57.335475759285835,0.0,10,40,t=40,1.0
22,0.0,0.35,0.65,2028.3603793225348,58.544032224469326,0.0,10,40,t=40,1.0
23,0.0,0.34,0.66,2030.0691343408762,59.60258456404793,0.0,10,40,t=40,1.0
24,0.0,0.34,0.66,2030.0691343408762,59.60258456404793,0.0,10,40,t=40,1.0
25,0.0,0.325,0.675,2030.2923666907373,59.91907314325893,0.0,10,40,t=40,1.0
26,0.0,0.315,0.685,2030.168466919239,60.89085468877197,0.0,10,40,t=40,1.0
27,0.0,0.295,0.705,2028.5625598318154,61.92065879771827,0.0,10,40,t=40,1.0
28,0.0,0.275,0.725,2026.414681305739,62.6774259932571,0.0,10,40,t=40,1.0
29,0.0,0.265,0.735,2023.2623289154353,63.51218295520026,0.0,10,40,t=40,1.0
30,0.0,0.25,0.75,2016.7589565481067,64.71337181487397,0.0,10,40,t=40,1.0
31,0.0,0.235,0.765,2005.2950658985221,66.3135951614326,0.0,10,40,t=40,1.0
32,0.0,0.225,0.775,2003.713620976272,66.50794046512085,0.0,10,40,t=40,1.0
33,0.0,0.21,0.79,1991.2301422934963,67.84337745435721,0.0,10,40,t=40,1.0
34,0.0,0.205,0.795,1988.9154286592222,68.06613746926665,0.0,10,40,t=40,1.0
35,0.0,0.195,0.805,1985.132148275959,68.4258604125599,0.0,10,40,t=40,1.0
36,0.0,0.17,0.83,1966.248824536406,70.02096405169408,0.0,10,40,t=40,1.0
37,0.0,0.165,0.835,1962.791236575111,70.28535871037809,0.0,10,40,t=40,1.0
38,0.0,0.155,0.845,1954.9636373527896,70.85839230690429,0.0,10,40,t=40,1.0
39,0.0,0.15,0.85,1954.1117818277323,70.92004675065522,0.0,10,40,t=40,1.0
40,0.0,0.14,0.86,1938.680238814786,71.97381666402003,1.0,10,40,t=40,1.0
41,0.0,0.14,0.86,1938.680238814786,71.97381666402003,1.0,10,40,t=40,1.0
42,0.0,0.14,0.86,1938.680238814786,71.97381666402003,1.0,10,40,t=40,1.0
43,0.0,0.14,0.86,1938.680238814786,71.97381666402003,1.0,10,40,t=40,1.0
44,0.0,0.14,0.86,1938.680238814786,71.97381666402003,1.0,10,40,t=40,1.0
0,0.0,1.0,0.0,907.7542032015889,0.0,0.0,10,60,t=60,1.0
1,0.0,0.95,0.05,818.639288711059,5.3540924972871595,0.0,10,60,t=60,1.0
2,0.0,0.9,0.1,921.3798268489205,10.767567372882755,0.0,10,60,t=60,1.0
3,0.0,0.86,0.14,982.4807431723553,13.482482830639487,0.0,10,60,t=60,1.0
4,0.0,0.83,0.17,1071.7250337377443,17.229998384583162,0.0,10,60,t=60,1.0
5,0.0,0.78,0.22,1238.0729186870572,23.674196075066824,0.0,10,60,t=60,1.0
6,0.0,0.74,0.26,1373.43404887168,28.499517523440176,0.0,10,60,t=60,1.0
7,0.0,0.72,0.28,1410.703877257942,29.765262949330705,0.0,10,60,t=60,1.0
8,0.0,0.69,0.31,1501.7790507970503,32.76865101079194,0.0,10,60,t=60,1.0
9,0.0,0.64,0.36,1678.0616614411174,38.21582756473505,0.0,10,60,t=60,1.0
10,0.0,0.61,0.39,1757.841509195324,40.807846072786106,0.0,10,60,t=60,1.0
11,0.0,0.585,0.415,1804.468600125226,42.512081332777505,0.0,10,60,t=60,1.0
12,0.0,0.57,0.43,1841.335712470293,43.99544424917129,0.0,10,60,t=60,1.0
13,0.0,0.545,0.455,1898.6936328134339,46.62427938134598,0.0,10,60,t=60,1.0
14,0.0,0.51,0.49,1947.9367575744454,49.420483926529414,0.0,10,60,t=60,1.0
15,0.0,0.485,0.515,1971.979440620219,51.11583966046672,0.0,10,60,t=60,1.0
16,0.0,0.455,0.545,1984.624089936186,52.15206323450575,0.0,10,60,t=60,1.0
17,0.0,0.44,0.56,1995.4031248719155,53.15754889991365,0.0,10,60,t=60,1.0
18,0.0,0.42,0.58,2008.8802379756269,54.67472519379781,0.0,10,60,t=60,1.0
19,0.0,0.405,0.595,2020.7490224855849,56.50779749655444,0.0,10,60,t=60,1.0
20,0.0,0.39,0.61,2022.4104968109496,56.840197046492165,0.0,10,60,t=60,1.0
21,0.0,0.375,0.625,2024.6003703909332,57.335475759285835,0.0,10,60,t=60,1.0
22,0.0,0.35,0.65,2028.3603793225348,58.544032224469326,0.0,10,60,t=60,1.0
23,0.0,0.34,0.66,2030.0691343408762,59.60258456404793,0.0,10,60,t=60,1.0
24,0.0,0.34,0.66,2030.0691343408762,59.60258456404793,0.0,10,60,t=60,1.0
25,0.0,0.325,0.675,2030.2923666907373,59.91907314325893,0.0,10,60,t=60,1.0
26,0.0,0.315,0.685,2030.168466919239,60.89085468877197,0.0,10,60,t=60,1.0
27,0.0,0.295,0.705,2028.5625598318154,61.92065879771827,0.0,10,60,t=60,1.0
28,0.0,0.275,0.725,2026.414681305739,62.6774259932571,0.0,10,60,t=60,1.0
29,0.0,0.265,0.735,2023.2623289154353,63.51218295520026,0.0,10,60,t=60,1.0
30,0.0,0.25,0.75,2016.7589565481067,64.71337181487397,0.0,10,60,t=60,1.0
31,0.0,0.235,0.765,2005.2950658985221,66.3135951614326,0.0,10,60,t=60,1.0
32,0.0,0.225,0.775,2003.713620976272,66.50794046512085,0.0,10,60,t=60,1.0
33,0.0,0.21,0.79,1991.2301422934963,67.84337745435721,0.0,10,60,t=60,1.0
34,0.0,0.205,0.795,1988.9154286592222,68.06613746926665,0.0,10,60,t=60,1.0
35,0.0,0.195,0.805,1985.132148275959,68.4258604125599,0.0,10,60,t=60,1.0
36,0.0,0.17,0.83,1966.248824536406,70.02096405169408,0.0,10,60,t=60,1.0
37,0.0,0.165,0.835,1962.791236575111,70.28535871037809,0.0,10,60,t=60,1.0
38,0.0,0.155,0.845,1954.9636373527896,70.85839230690429,0.0,10,60,t=60,1.0
39,0.0,0.15,0.85,1954.1117818277323,70.92004675065522,0.0,10,60,t=60,1.0
40,0.0,0.14,0.86,1938.680238814786,71.97381666402003,0.0,10,60,t=60,1.0
41,0.0,0.12,0.88,1914.8795320490274,73.44513294468017,0.0,10,60,t=60,1.0
42,0.0,0.115,0.885,1900.820250868874,74.2460201507411,0.0,10,60,t=60,1.0
43,0.0,0.105,0.895,1893.4484799757424,74.649255155041,0.0,10,60,t=60,1.0
44,0.0,0.1,0.9,1890.1035614134435,74.83130125552505,0.0,10,60,t=60,1.0
45,0.0,0.09,0.91,1881.7717134498953,75.27681276841457,0.0,10,60,t=60,1.0
46,0.0,0.09,0.91,1881.7717134498953,75.27681276841457,0.0,10,60,t=60,1.0
47,0.0,0.09,0.91,1881.7717134498953,75.27681276841457,0.0,10,60,t=60,1.0
48,0.0,0.09,0.91,1881.7717134498953,75.27681276841457,0.0,10,60,t=60,1.0
49,0.0,0.085,0.915,1878.1216049866036,75.46473347243281,0.0,10,60,t=60,1.0
50,0.0,0.08,0.92,1867.024997452529,76.03795801134521,0.0,10,60,t=60,1.0
51,0.0,0.07,0.93,1857.1203059827308,76.52499118485608,0.0,10,60,t=60,1.0
52,0.0,0.06,0.94,1833.518946699842,77.64226939957967,0.0,10,60,t=60,1.0
53,0.0,0.06,0.94,1833.518946699842,77.64226939957967,0.0,10,60,t=60,1.0
54,0.0,0.05,0.95,1815.8770637335074,78.44462475033953,0.0,10,60,t=60,1.0
55,0.0,0.045,0.955,1803.9631020130241,78.95997348407477,0.0,10,60,t=60,1.0
56,0.0,0.045,0.955,1803.9631020130241,78.95997348407477,0.0,10,60,t=60,1.0
57,0.0,0.045,0.955,1803.9631020130241,78.95997348407477,0.0,10,60,t=60,1.0
58,0.0,0.045,0.955,1803.9631020130241,78.95997348407477,0.0,10,60,t=60,1.0
59,0.0,0.035,0.965,1787.4561419100407,79.6654667652829,0.0,10,60,t=60,1.0
60,0.0,0.035,0.965,1787.4561419100407,79.6654667652829,1.0,10,60,t=60,1.0
61,0.0,0.035,0.965,1787.4561419100407,79.6654667652829,1.0,10,60,t=60,1.0
62,0.0,0.035,0.965,1787.4561419100407,79.6654667652829,1.0,10,60,t=60,1.0
63,0.0,0.035,0.965,1787.4561419100407,79.6654667652829,1.0,10,60,t=60,1.0
0,0.0,1.0,0.0,907.7542032015889,0.0,0.0,10,80,t=80,1.0
1,0.0,0.95,0.05,818.639288711059,5.3540924972871595,0.0,10,80,t=80,1.0
2,0.0,0.9,0.1,921.3798268489205,10.767567372882755,0.0,10,80,t=80,1.0
3,0.0,0.86,0.14,982.4807431723553,13.482482830639487,0.0,10,80,t=80,1.0
4,0.0,0.83,0.17,1071.7250337377443,17.229998384583162,0.0,10,80,t=80,1.0
5,0.0,0.78,0.22,1238.0729186870572,23.674196075066824,0.0,10,80,t=80,1.0
6,0.0,0.74,0.26,1373.43404887168,28.499517523440176,0.0,10,80,t=80,1.0
7,0.0,0.72,0.28,1410.703877257942,29.765262949330705,0.0,10,80,t=80,1.0
8,0.0,0.69,0.31,1501.7790507970503,32.76865101079194,0.0,10,80,t=80,1.0
9,0.0,0.64,0.36,1678.0616614411174,38.21582756473505,0.0,10,80,t=80,1.0
10,0.0,0.61,0.39,1757.841509195324,40.807846072786106,0.0,10,80,t=80,1.0
11,0.0,0.585,0.415,1804.468600125226,42.512081332777505,0.0,10,80,t=80,1.0
12,0.0,0.57,0.43,1841.335712470293,43.99544424917129,0.0,10,80,t=80,1.0
13,0.0,0.545,0.455,1898.6936328134339,46.62427938134598,0.0,10,80,t=80,1.0
14,0.0,0.51,0.49,1947.9367575744454,49.420483926529414,0.0,10,80,t=80,1.0
15,0.0,0.485,0.515,1971.979440620219,51.11583966046672,0.0,10,80,t=80,1.0
16,0.0,0.455,0.545,1984.624089936186,52.15206323450575,0.0,10,80,t=80,1.0
17,0.0,0.44,0.56,1995.4031248719155,53.15754889991365,0.0,10,80,t=80,1.0
18,0.0,0.42,0.58,2008.8802379756269,54.67472519379781,0.0,10,80,t=80,1.0
19,0.0,0.405,0.595,2020.7490224855849,56.50779749655444,0.0,10,80,t=80,1.0
20,0.0,0.39,0.61,2022.4104968109496,56.840197046492165,0.0,10,80,t=80,1.0
21,0.0,0.375,0.625,2024.6003703909332,57.335475759285835,0.0,10,80,t=80,1.0
22,0.0,0.35,0.65,2028.3603793225348,58.544032224469326,0.0,10,80,t=80,1.0
23,0.0,0.34,0.66,2030.0691343408762,59.60258456404793,0.0,10,80,t=80,1.0
24,0.0,0.34,0.66,2030.0691343408762,59.60258456404793,0.0,10,80,t=80,1.0
25,0.0,0.325,0.675,2030.2923666907373,59.91907314325893,0.0,10,80,t=80,1.0
26,0.0,0.315,0.685,2030.168466919239,60.89085468877197,0.0,10,80,t=80,1.0
27,0.0,0.295,0.705,2028.5625598318154,61.92065879771827,0.0,10,80,t=80,1.0
28,0.0,0.275,0.725,2026.414681305739,62.6774259932571,0.0,10,80,t=80,1.0
29,0.0,0.265,0.735,2023.2623289154353,63.51218295520026,0.0,10,80,t=80,1.0
30,0.0,0.25,0.75,2016.7589565481067,64.71337181487397,0.0,10,80,t=80,1.0
31,0.0,0.235,0.765,2005.2950658985221,66.3135951614326,0.0,10,80,t=80,1.0
32,0.0,0.225,0.775,2003.713620976272,66.50794046512085,0.0,10,80,t=80,1.0
33,0.0,0.21,0.79,1991.2301422934963,67.84337745435721,0.0,10,80,t=80,1.0
34,0.0,0.205,0.795,1988.9154286592222,68.06613746926665,0.0,10,80,t=80,1.0
35,0.0,0.195,0.805,1985.132148275959,68.4258604125599,0.0,10,80,t=80,1.0
36,0.0,0.17,0.83,1966.248824536406,70.02096405169408,0.0,10,80,t=80,1.0
37,0.0,0.165,0.835,1962.791236575111,70.28535871037809,0.0,10,80,t=80,1.0
38,0.0,0.155,0.845,1954.9636373527896,70.85839230690429,0.0,10,80,t=80,1.0
39,0.0,0.15,0.85,1954.1117818277323,70.92004675065522,0.0,10,80,t=80,1.0
40,0.0,0.14,0.86,1938.680238814786,71.97381666402003,0.0,10,80,t=80,1.0
41,0.0,0.12,0.88,1914.8795320490274,73.44513294468017,0.0,10,80,t=80,1.0
42,0.0,0.115,0.885,1900.820250868874,74.2460201507411,0.0,10,80,t=80,1.0
43,0.0,0.105,0.895,1893.4484799757424,74.649255155041,0.0,10,80,t=80,1.0
44,0.0,0.1,0.9,1890.1035614134435,74.83130125552505,0.0,10,80,t=80,1.0
45,0.0,0.09,0.91,1881.7717134498953,75.27681276841457,0.0,10,80,t=80,1.0
46,0.0,0.09,0.91,1881.7717134498953,75.27681276841457,0.0,10,80,t=80,1.0
47,0.0,0.09,0.91,1881.7717134498953,75.27681276841457,0.0,10,80,t=80,1.0
48,0.0,0.09,0.91,1881.7717134498953,75.27681276841457,0.0,10,80,t=80,1.0
49,0.0,0.085,0.915,1878.1216049866036,75.46473347243281,0.0,10,80,t=80,1.0
50,0.0,0.08,0.92,1867.024997452529,76.03795801134521,0.0,10,80,t=80,1.0
51,0.0,0.07,0.93,1857.1203059827308,76.52499118485608,0.0,10,80,t=80,1.0
52,0.0,0.06,0.94,1833.518946699842,77.64226939957967,0.0,10,80,t=80,1.0
53,0.0,0.06,0.94,1833.518946699842,77.64226939957967,0.0,10,80,t=80,1.0
54,0.0,0.05,0.95,1815.8770637335074,78.44462475033953,0.0,10,80,t=80,1.0
55,0.0,0.045,0.955,1803.9631020130241,78.95997348407477,0.0,10,80,t=80,1.0
56,0.0,0.045,0.955,1803.9631020130241,78.95997348407477,0.0,10,80,t=80,1.0
57,0.0,0.045,0.955,1803.9631020130241,78.95997348407477,0.0,10,80,t=80,1.0
58,0.0,0.045,0.955,1803.9631020130241,78.95997348407477,0.0,10,80,t=80,1.0
59,0.0,0.035,0.965,1787.4561419100407,79.6654667652829,0.0,10,80,t=80,1.0
60,0.0,0.035,0.965,1787.4561419100407,79.6654667652829,0.0,10,80,t=80,1.0
61,0.0,0.035,0.965,1787.4561419100407,79.6654667652829,0.0,10,80,t=80,1.0
62,0.0,0.03,0.97,1782.6178979156964,79.8645798118074,0.0,10,80,t=80,1.0
63,0.0,0.03,0.97,1782.6178979156964,79.8645798118074,0.0,10,80,t=80,1.0
64,0.0,0.03,0.97,1782.6178979156964,79.8645798118074,0.0,10,80,t=80,1.0
65,0.0,0.03,0.97,1782.6178979156964,79.8645798118074,0.0,10,80,t=80,1.0
66,0.0,0.03,0.97,1782.6178979156964,79.8645798118074,0.0,10,80,t=80,1.0
67,0.0,0.03,0.97,1782.6178979156964,79.8645798118074,0.0,10,80,t=80,1.0
68,0.0,0.03,0.97,1782.6178979156964,79.8645798118074,0.0,10,80,t=80,1.0
69,0.0,0.03,0.97,1782.6178979156964,79.8645798118074,0.0,10,80,t=80,1.0
70,0.0,0.03,0.97,1782.6178979156964,79.8645798118074,0.0,10,80,t=80,1.0
71,0.0,0.025,0.975,1775.9879705978142,80.14038026795421,0.0,10,80,t=80,1.0
72,0.0,0.025,0.975,1775.9879705978142,80.14038026795421,0.0,10,80,t=80,1.0
73,0.0,0.025,0.975,1775.9879705978142,80.14038026795421,0.0,10,80,t=80,1.0
74,0.0,0.025,0.975,1775.9879705978142,80.14038026795421,0.0,10,80,t=80,1.0
75,0.0,0.025,0.975,1775.9879705978142,80.14038026795421,0.0,10,80,t=80,1.0
76,0.0,0.025,0.975,1775.9879705978142,80.14038026795421,0.0,10,80,t=80,1.0
77,0.0,0.025,0.975,1775.9879705978142,80.14038026795421,0.0,10,80,t=80,1.0
78,0.0,0.02,0.98,1772.2549289652006,80.29105556360791,0.0,10,80,t=80,1.0
79,0.0,0.02,0.98,1772.2549289652006,80.29105556360791,0.0,10,80,t=80,1.0
80,0.0,0.02,0.98,1772.2549289652006,80.29105556360791,1.0,10,80,t=80,1.0
81,0.0,0.02,0.98,1772.2549289652006,80.29105556360791,1.0,10,80,t=80,1.0
82,0.0,0.02,0.98,1772.2549289652006,80.29105556360791,1.0,10,80,t=80,1.0
0,0.0,1.0,0.0,849.9931447302101,0.0,0.0,11,-1,never,1.0
1,0.0,0.95,0.05,760.4562293864028,6.146102138501914,0.0,11,-1,never,1.0
2,0.0,0.9,0.1,865.1534490067456,11.647525414926909,0.0,11,-1,never,1.0
3,0.0,0.85,0.15,1001.7785268170358,17.687409558023106,0.0,11,-1,never,1.0
4,0.0,0.815,0.185,1041.7067953093194,19.346112869335037,0.0,11,-1,never,1.0
5,0.0,0.775,0.225,1136.3744335621197,23.126529405322547,0.0,11,-1,never,1.0
6,0.0,0.735,0.265,1227.1347907857291,26.56483785972548,0.0,11,-1,never,1.0
7,0.0,0.695,0.305,1378.8061650997595,31.942880972867464,0.0,11,-1,never,1.0
8,0.0,0.65,0.35,1455.7325092058772,34.5142122399365,0.0,11,-1,never,1.0
9,0.0,0.615,0.385,1569.4863761659738,38.30486047631789,0.0,11,-1,never,1.0
10,0.0,0.58,0.42,1644.9719879036277,41.31396270746676,0.0,11,-1,never,1.0
11,0.0,0.545,0.455,1701.5999248693822,44.07677650657931,0.0,11,-1,never,1.0
12,0.0,0.505,0.495,1751.298090952602,47.22629571659762,0.0,11,-1,never,1.0
13,0.0,0.48,0.52,1776.0928717314996,49.345273488310625,0.0,11,-1,never,1.0
14,0.0,0.47,0.53,1781.0748016732343,49.853210226513056,0.0,11,-1,never,1.0
15,0.0,0.455,0.545,1787.0415148614347,50.5386075323773,0.0,11,-1,never,1.0
16,0.0,0.435,0.565,1798.8095508630067,52.219179356356626,0.0,11,-1,never,1.0
17,0.0,0.435,0.565,1798.8095508630067,52.219179356356626,0.0,11,-1,never,1.0
18,0.0,0.42,0.58,1803.9190019286316,53.22439198673678,0.0,11,-1,never,1.0
19,0.0,0.4,0.6,1808.3555245420837,54.58372908906942,0.0,11,-1,never,1.0
20,0.0,0.37,0.63,1808.385529082358,57.52318518042381,0.0,11,-1,never,1.0
21,0.0,0.365,0.635,1808.265930982274,57.57977418846092,0.0,11,-1,never,1.0
22,0.0,0.335,0.665,1800.4150793048711,59.67439583334637,0.0,11,-1,never,1.0
23,0.0,0.32,0.68,1797.0930468314266,60.26704127595986,0.0,11,-1,never,1.0
24,0.0,0.305,0.695,1794.9461706643087,60.60735083363131,0.0,11,-1,never,1.0
25,0.0,0.28,0.72,1780.5574558701824,62.458100095600976,0.0,11,-1,never,1.0
26,0.0,0.275,0.725,1777.7991560758496,62.754799243695096,0.0,11,-1,never,1.0
27,0.0,0.265,0.735,1775.936790202606,62.94857991368112,0.0,11,-1,never,1.0
28,0.0,0.25,0.75,1760.7185130304929,64.3677293929827,0.0,11,-1,never,1.0
29,0.0,0.23,0.77,1746.056854665348,65.53357399469229,0.0,11,-1,never,1.0
30,0.0,0.22,0.78,1729.2942375080324,66.71632215591684,0.0,11,-1,never,1.0
31,0.0,0.205,0.795,1723.1670924633406,67.11679069615809,0.0,11,-1,never,1.0
32,0.0,0.2,0.8,1712.9591650549937,67.75758351941398,0.0,11,-1,never,1.0
33,0.0,0.185,0.815,1676.9737583091303,69.77463013048703,0.0,11,-1,never,1.0
34,0.0,0.18,0.82,1676.5124908324285,69.7988685742969,0.0,11,-1,never,1.0
35,0.0,0.175,0.825,1668.8553141255493,70.19580463270248,0.0,11,-1,never,1.0
36,0.0,0.17,0.83,1652.084937451443,71.03257740024222,0.0,11,-1,never,1.0
37,0.0,0.17,0.83,1652.084937451443,71.03257740024222,0.0,11,-1,never,1.0
38,0.0,0.17,0.83,1652.084937451443,71.03257740024222,0.0,11,-1,never,1.0
39,0.0,0.17,0.83,1652.084937451443,71.03257740024222,0.0,11,-1,never,1.0
40,0.0,0.165,0.835,1649.3958861706324,71.16096489713782,0.0,11,-1,never,1.0
41,0.0,0.15,0.85,1637.1142121646,71.73716834765196,0.0,11,-1,never,1.0
42,0.0,0.15,0.85,1637.1142121646,71.73716834765196,0.0,11,-1,never,1.0
43,0.0,0.145,0.855,1635.2291689537974,71.82420249832022,0.0,11,-1,never,1.0
44,0.0,0.145,0.855,1635.2291689537974,71.82420249832022,0.0,11,-1,never,1.0
45,0.0,0.145,0.855,1635.2291689537974,71.82420249832022,0.0,11,-1,never,1.0
46,0.0,0.135,0.865,1609.1602752621532,72.98773233426961,0.0,11,-1,never,1.0
47,0.0,0.13,0.87,1599.7078237889268,73.39292774747325,0.0,11,-1,never,1.0
48,0.0,0.125,0.875,1599.5410101233938,73.3999197395102,0.0,11,-1,never,1.0
49,0.0,0.125,0.875,1599.5410101233938,73.3999197395102,0.0,11,-1,never,1.0
50,0.0,0.115,0.885,1581.099958895505,74.16676982489815,0.0,11,-1,never,1.0
51,0.0,0.105,0.895,1558.5376490850567,75.0650953488038,0.0,11,-1,never,1.0
52,0.0,0.105,0.895,1558.5376490850567,75.0650953488038,0.0,11,-1,never,1.0
53,0.0,0.1,0.9,1556.4011353657809,75.14743407200936,0.0,11,-1,never,1.0
54,0.0,0.09,0.91,1550.3617571146146,75.38063200929942,0.0,11,-1,never,1.0
55,0.0,0.09,0.91,1550.3617571146146,75.38063200929942,0.0,11,-1,never,1.0
56,0.0,0.085,0.915,1545.4665781215922,75.56527915073633,0.0,11,-1,never,1.0
57,0.0,0.075,0.925,1450.6594949351033,78.91676344296624,0.0,11,-1,never,1.0
58,0.0,0.07,0.93,1434.8385184412355,79.42868799504072,0.0,11,-1,never,1.0
59,0.0,0.06,0.94,1353.4940535787814,81.92969618567648,0.0,11,-1,never,1.0
60,0.0,0.055,0.945,1337.393474254045,82.40432812791613,0.0,11,-1,never,1.0
61,0.0,0.05,0.95,1331.0001295974762,82.59106004663238,0.0,11,-1,never,1.0
62,0.0,0.05,0.95,1331.0001295974762,82.59106004663238,0.0,11,-1,never,1.0
63,0.0,0.045,0.955,1326.4291815785105,82.7237552474887,0.0,11,-1,never,1.0
64,0.0,0.04,0.96,1305.1896016753763,83.32803228958376,0.0,11,-1,never,1.0
65,0.0,0.04,0.96,1305.1896016753763,83.32803228958376,0.0,11,-1,never,1.0
66,0.0,0.04,0.96,1305.1896016753763,83.32803228958376,0.0,11,-1,never,1.0
67,0.0,0.04,0.96,1305.1896016753763,83.32803228958376,0.0,11,-1,never,1.0
68,0.0,0.04,0.96,1305.1896016753763,83.32803228958376,0.0,11,-1,never,1.0
0,0.0,1.0,0.0,849.9931447302101,0.0,1.0,11,0,t=0,1.0
1,0.0,0.95,0.05,760.4562293864028,6.146102138501914,1.0,11,0,t=0,1.0
2,0.0,0.9,0.1,865.1534490067456,11.647525414926909,1.0,11,0,t=0,1.0
3,0.0,0.85,0.15,1001.7785268170358,17.687409558023106,1.0,11,0,t=0,1.0
4,0.0,0.815,0.185,1041.7067953093194,19.346112869335037,1.0,11,0,t=0,1.0
5,0.0,0.775,0.225,1136.3744335621197,23.126529405322547,1.0,11,0,t=0,1.0
6,0.0,0.735,0.265,1227.1347907857291,26.56483785972548,1.0,11,0,t=0,1.0
7,0.0,0.695,0.305,1378.8061650997595,31.942880972867464,1.0,11,0,t=0,1.0
8,0.0,0.65,0.35,1455.7325092058772,34.5142122399365,1.0,11,0,t=0,1.0
9,0.0,0.65,0.35,1455.7325092058772,34.5142122399365,1.0,11,0,t=0,1.0
10,0.0,0.65,0.35,1455.7325092058772,34.5142122399365,1.0,11,0,t=0,1.0
11,0.0,0.65,0.35,1455.7325092058772,34.5142122399365,1.0,11,0,t=0,1.0
12,0.0,0.65,0.35,1455.7325092058772,34.5142122399365,1.0,11,0,t=0,1.0
0,0.0,1.0,0.0,849.9931447302101,0.0,0.0,11,10,t=10,1.0
1,0.0,0.95,0.05,760.4562293864028,6.146102138501914,0.0,11,10,t=10,1.0
2,0.0,0.9,0.1,865.1534490067456,11.647525414926909,0.0,11,10,t=10,1.0
3,0.0,0.85,0.15,1001.7785268170358,17.687409558023106,0.0,11,10,t=10,1.0
4,0.0,0.815,0.185,1041.7067953093194,19.346112869335037,0.0,11,10,t=10,1.0
5,0.0,0.775,0.225,1136.3744335621197,23.126529405322547,0.0,11,10,t=10,1.0
6,0.0,0.735,0.265,1227.1347907857291,26.56483785972548,0.0,11,10,t=10,1.0
7,0.0,0.695,0.305,1378.8061650997595,31.942880972867464,0.0,11,10,t=10,1.0
8,0.0,0.65,0.35,1455.7325092058772,34.5142122399365,0.0,11,10,t=10,1.0
9,0.0,0.615,0.385,1569.4863761659738,38.30486047631789,0.0,11,10,t=10,1.0
10,0.0,0.58,0.42,1644.9719879036277,41.31396270746676,1.0,11,10,t=10,1.0
11,0.0,0.58,0.42,1644.9719879036277,41.31396270746676,1.0,11,10,t=10,1.0
12,0.0,0.58,0.42,1644.9719879036277,41.31396270746676,1.0,11,10,t=10,1.0
13,0.0,0.58,0.42,1644.9719879036277,41.31396270746676,1.0,11,10,t=10,1.0
14,0.0,0.58,0.42,1644.9719879036277,41.31396270746676,1.0,11,10,t=10,1.0
0,0.0,1.0,0.0,849.9931447302101,0.0,0.0,11,20,t=20,1.0
1,0.0,0.95,0.05,760.4562293864028,6.146102138501914,0.0,11,20,t=20,1.0
2,0.0,0.9,0.1,865.1534490067456,11.647525414926909,0.0,11,20,t=20,1.0
3,0.0,0.85,0.15,1001.7785268170358,17.687409558023106,0.0,11,20,t=20,1.0
4,0.0,0.815,0.185,1041.7067953093194,19.346112869335037,0.0,11,20,t=20,1.0
5,0.0,0.775,0.225,1136.3744335621197,23.126529405322547,0.0,11,20,t=20,1.0
6,0.0,0.735,0.265,1227.1347907857291,26.56483785972548,0.0,11,20,t=20,1.0
7,0.0,0.695,0.305,1378.8061650997595,31.942880972867464,0.0,11,20,t=20,1.0
8,0.0,0.65,0.35,1455.7325092058772,34.5142122399365,0.0,11,20,t=20,1.0
9,0.0,0.615,0.385,1569.4863761659738,38.30486047631789,0.0,11,20,t=20,1.0
10,0.0,0.58,0.42,1644.9719879036277,41.31396270746676,0.0,11,20,t=20,1.0
11,0.0,0.545,0.455,1701.5999248693822,44.07677650657931,0.0,11,20,t=20,1.0
12,0.0,0.505,0.495,1751.298090952602,47.22629571659762,0.0,11,20,t=20,1.0
13,0.0,0.48,0.52,1776.0928717314996,49.345273488310625,0.0,11,20,t=20,1.0
14,0.0,0.47,0.53,1781.0748016732343,49.853210226513056,0.0,11,20,t=20,1.0
15,0.0,0.455,0.545,1787.0415148614347,50.5386075323773,0.0,11,20,t=20,1.0
16,0.0,0.435,0.565,1798.8095508630067,52.219179356356626,0.0,11,20,t=20,1.0
17,0.0,0.435,0.565,1798.8095508630067,52.219179356356626,0.0,11,20,t=20,1.0
18,0.0,0.42,0.58,1803.9190019286316,53.22439198673678,0.0,11,20,t=20,1.0
19,0.0,0.4,0.6,1808.3555245420837,54.58372908906942,0.0,11,20,t=20,1.0
20,0.0,0.37,0.63,1808.385529082358,57.52318518042381,1.0,11,20,t=20,1.0
21,0.0,0.37,0.63,1808.385529082358,57.52318518042381,1.0,11,20,t=20,1.0
22,0.0,0.37,0.63,1808.385529082358,57.52318518042381,1.0,11,20,t=20,1.0
23,0.0,0.37,0.63,1808.385529082358,57.52318518042381,1.0,11,20,t=20,1.0
24,0.0,0.37,0.63,1808.385529082358,57.52318518042381,1.0,11,20,t=20,1.0
0,0.0,1.0,0.0,849.9931447302101,0.0,0.0,11,40,t=40,1.0
1,0.0,0.95,0.05,760.4562293864028,6.146102138501914,0.0,11,40,t=40,1.0
2,0.0,0.9,0.1,865.1534490067456,11.647525414926909,0.0,11,40,t=40,1.0
3,0.0,0.85,0.15,1001.7785268170358,17.687409558023106,0.0,11,40,t=40,1.0
4,0.0,0.815,0.185,1041.7067953093194,19.346112869335037,0.0,11,40,t=40,1.0
5,0.0,0.775,0.225,1136.3744335621197,23.126529405322547,0.0,11,40,t=40,1.0
6,0.0,0.735,0.265,1227.1347907857291,26.56483785972548,0.0,11,40,t=40,1.0
7,0.0,0.695,0.305,1378.8061650997595,31.942880972867464,0.0,11,40,t=40,1.0
8,0.0,0.65,0.35,1455.7325092058772,34.5142122399365,0.0,11,40,t=40,1.0
9,0.0,0.615,0.385,1569.4863761659738,38.30486047631789,0.0,11,40,t=40,1.0
10,0.0,0.58,0.42,1644.9719879036277,41.31396270746676,0.0,11,40,t=40,1.0
11,0.0,0.545,0.455,1701.5999248693822,44.07677650657931,0.0,11,40,t=40,1.0
12,0.0,0.505,0.495,1751.298090952602,47.22629571659762,0.0,11,40,t=40,1.0
13,0.0,0.48,0.52,1776.0928717314996,49.345273488310625,0.0,11,40,t=40,1.0
14,0.0,0.47,0.53,1781.0748016732343,49.853210226513056,0.0,11,40,t=40,1.0
15,0.0,0.455,0.545,1787.0415148614347,50.5386075323773,0.0,11,40,t=40,1.0
16,0.0,0.435,0.565,1798.8095508630067,52.219179356356626,0.0,11,40,t=40,1.0
17,0.0,0.435,0.565,1798.8095508630067,52.219179356356626,0.0,11,40,t=40,1.0
18,0.0,0.42,0.58,1803.9190019286316,53.22439198673678,0.0,11,40,t=40,1.0
19,0.0,0.4,0.6,1808.3555245420837,54.58372908906942,0.0,11,40,t=40,1.0
20,0.0,0.37,0.63,1808.385529082358,57.52318518042381,0.0,11,40,t=40,1.0
21,0.0,0.365,0.635,1808.265930982274,57.57977418846092,0.0,11,40,t=40,1.0
22,0.0,0.335,0.665,1800.4150793048711,59.67439583334637,0.0,11,40,t=40,1.0
23,0.0,0.32,0.68,1797.0930468314266,60.26704127595986,0.0,11,40,t=40,1.0
24,0.0,0.305,0.695,1794.9461706643087,60.60735083363131,0.0,11,40,t=40,1.0
25,0.0,0.28,0.72,1780.5574558701824,62.458100095600976,0.0,11,40,t=40,1.0
26,0.0,0.275,0.725,1777.7991560758496,62.754799243695096,0.0,11,40,t=40,1.0
27,0.0,0.265,0.735,1775.936790202606,62.94857991368112,0.0,11,40,t=40,1.0
28,0.0,0.25,0.75,1760.7185130304929,64.3677293929827,0.0,11,40,t=40,1.0
29,0.0,0.23,0.77,1746.056854665348,65.53357399469229,0.0,11,40,t=40,1.0
30,0.0,0.22,0.78,1729.2942375080324,66.71632215591684,0.0,11,40,t=40,1.0
31,0.0,0.205,0.795,1723.1670924633406,67.11679069615809,0.0,11,40,t=40,1.0
32,0.0,0.2,0.8,1712.9591650549937,67.75758351941398,0.0,11,40,t=40,1.0
33,0.0,0.185,0.815,1676.9737583091303,69.77463013048703,0.0,11,40,t=40,1.0
34,0.0,0.18,0.82,1676.5124908324285,69.7988685742969,0.0,11,40,t=40,1.0
35,0.0,0.175,0.825,1668.8553141255493,70.19580463270248,0.0,11,40,t=40,1.0
36,0.0,0.17,0.83,1652.084937451443,71.03257740024222,0.0,11,40,t=40,1.0
37,0.0,0.17,0.83,1652.084937451443,71.03257740024222,0.0,11,40,t=40,1.0
38,0.0,0.17,0.83,1652.084937451443,71.03257740024222,0.0,11,40,t=40,1.0
39,0.0,0.17,0.83,1652.084937451443,71.03257740024222,0.0,11,40,t=40,1.0
40,0.0,0.165,0.835,1649.3958861706324,71.16096489713782,1.0,11,40,t=40,1.0
41,0.0,0.165,0.835,1649.3958861706324,71.16096489713782,1.0,11,40,t=40,1.0
42,0.0,0.165,0.835,1649.3958861706324,71.16096489713782,1.0,11,40,t=40,1.0
43,0.0,0.165,0.835,1649.3958861706324,71.16096489713782,1.0,11,40,t=40,1.0
44,0.0,0.165,0.835,1649.3958861706324,71.16096489713782,1.0,11,40,t=40,1.0
0,0.0,1.0,0.0,849.9931447302101,0.0,0.0,11,60,t=60,1.0
1,0.0,0.95,0.05,760.4562293864028,6.146102138501914,0.0,11,60,t=60,1.0
2,0.0,0.9,0.1,865.1534490067456,11.647525414926909,0.0,11,60,t=60,1.0
3,0.0,0.85,0.15,1001.7785268170358,17.687409558023106,0.0,11,60,t=60,1.0
4,0.0,0.815,0.185,1041.7067953093194,19.346112869335037,0.0,11,60,t=60,1.0
5,0.0,0.775,0.225,1136.3744335621197,23.126529405322547,0.0,11,60,t=60,1.0
6,0.0,0.735,0.265,1227.1347907857291,26.56483785972548,0.0,11,60,t=60,1.0
7,0.0,0.695,0.305,1378.8061650997595,31.942880972867464,0.0,11,60,t=60,1.0
8,0.0,0.65,0.35,1455.7325092058772,34.5142122399365,0.0,11,60,t=60,1.0
9,0.0,0.615,0.385,1569.4863761659738,38.30486047631789,0.0,11,60,t=60,1.0
10,0.0,0.58,0.42,1644.9719879036277,41.31396270746676,0.0,11,60,t=60,1.0
11,0.0,0.545,0.455,1701.5999248693822,44.07677650657931,0.0,11,60,t=60,1.0
12,0.0,0.505,0.495,1751.298090952602,47.22629571659762,0.0,11,60,t=60,1.0
13,0.0,0.48,0.52,1776.0928717314996,49.345273488310625,0.0,11,60,t=60,1.0
14,0.0,0.47,0.53,1781.0748016732343,49.853210226513056,0.0,11,60,t=60,1.0
15,0.0,0.455,0.545,1787.0415148614347,50.5386075323773,0.0,11,60,t=60,1.0
16,0.0,0.435,0.565,1798.8095508630067,52.219179356356626,0.0,11,60,t=60,1.0
17,0.0,0.435,0.565,1798.8095508630067,52.219179356356626,0.0,11,60,t=60,1.0
18,0.0,0.42,0.58,1803.9190019286316,53.22439198673678,0.0,11,60,t=60,1.0
19,0.0,0.4,0.6,1808.3555245420837,54.58372908906942,0.0,11,60,t=60,1.0
20,0.0,0.37,0.63,1808.385529082358,57.52318518042381,0.0,11,60,t=60,1.0
21,0.0,0.365,0.635,1808.265930982274,57.57977418846092,0.0,11,60,t=60,1.0
22,0.0,0.335,0.665,1800.4150793048711,59.67439583334637,0.0,11,60,t=60,1.0
23,0.0,0.32,0.68,1797.0930468314266,60.26704127595986,0.0,11,60,t=60,1.0
24,0.0,0.305,0.695,1794.9461706643087,60.60735083363131,0.0,11,60,t=60,1.0
25,0.0,0.28,0.72,1780.5574558701824,62.458100095600976,0.0,11,60,t=60,1.0
26,0.0,0.275,0.725,1777.7991560758496,62.754799243695096,0.0,11,60,t=60,1.0
27,0.0,0.265,0.735,1775.936790202606,62.94857991368112,0.0,11,60,t=60,1.0
28,0.0,0.25,0.75,1760.7185130304929,64.3677293929827,0.0,11,60,t=60,1.0
29,0.0,0.23,0.77,1746.056854665348,65.53357399469229,0.0,11,60,t=60,1.0
30,0.0,0.22,0.78,1729.2942375080324,66.71632215591684,0.0,11,60,t=60,1.0
31,0.0,0.205,0.795,1723.1670924633406,67.11679069615809,0.0,11,60,t=60,1.0
32,0.0,0.2,0.8,1712.9591650549937,67.75758351941398,0.0,11,60,t=60,1.0
33,0.0,0.185,0.815,1676.9737583091303,69.77463013048703,0.0,11,60,t=60,1.0
34,0.0,0.18,0.82,1676.5124908324285,69.7988685742969,0.0,11,60,t=60,1.0
35,0.0,0.175,0.825,1668.8553141255493,70.19580463270248,0.0,11,60,t=60,1.0
36,0.0,0.17,0.83,1652.084937451443,71.03257740024222,0.0,11,60,t=60,1.0
37,0.0,0.17,0.83,1652.084937451443,71.03257740024222,0.0,11,60,t=60,1.0
38,0.0,0.17,0.83,1652.084937451443,71.03257740024222,0.0,11,60,t=60,1.0
39,0.0,0.17,0.83,1652.084937451443,71.03257740024222,0.0,11,60,t=60,1.0
40,0.0,0.165,0.835,1649.3958861706324,71.16096489713782,0.0,11,60,t=60,1.0
41,0.0,0.15,0.85,1637.1142121646,71.73716834765196,0.0,11,60,t=60,1.0
42,0.0,0.15,0.85,1637.1142121646,71.73716834765196,0.0,11,60,t=60,1.0
43,0.0,0.145,0.855,1635.2291689537974,71.82420249832022,0.0,11,60,t=60,1.0
44,0.0,0.145,0.855,1635.2291689537974,71.82420249832022,0.0,11,60,t=60,1.0
45,0.0,0.145,0.855,1635.2291689537974,71.82420249832022,0.0,11,60,t=60,1.0
46,0.0,0.135,0.865,1609.1602752621532,72.98773233426961,0.0,11,60,t=60,1.0
47,0.0,0.13,0.87,1599.7078237889268,73.39292774747325,0.0,11,60,t=60,1.0
48,0.0,0.125,0.875,1599.5410101233938,73.3999197395102,0.0,11,60,t=60,1.0
49,0.0,0.125,0.875,1599.5410101233938,73.3999197395102,0.0,11,60,t=60,1.0
50,0.0,0.115,0.885,1581.099958895505,74.16676982489815,0.0,11,60,t=60,1.0
51,0.0,0.105,0.895,1558.5376490850567,75.0650953488038,0.0,11,60,t=60,1.0
52,0.0,0.105,0.895,1558.5376490850567,75.0650953488038,0.0,11,60,t=60,1.0
53,0.0,0.1,0.9,1556.4011353657809,75.14743407200936,0.0,11,60,t=60,1.0
54,0.0,0.09,0.91,1550.3617571146146,75.38063200929942,0.0,11,60,t=60,1.0
55,0.0,0.09,0.91,1550.3617571146146,75.38063200929942,0.0,11,60,t=60,1.0
56,0.0,0.085,0.915,1545.4665781215922,75.56527915073633,0.0,11,60,t=60,1.0
57,0.0,0.075,0.925,1450.6594949351033,78.91676344296624,0.0,11,60,t=60,1.0
58,0.0,0.07,0.93,1434.8385184412355,79.42868799504072,0.0,11,60,t=60,1.0
59,0.0,0.06,0.94,1353.4940535787814,81.92969618567648,0.0,11,60,t=60,1.0
60,0.0,0.055,0.945,1337.393474254045,82.40432812791613,1.0,11,60,t=60,1.0
61,0.0,0.055,0.945,1337.393474254045,82.40432812791613,1.0,11,60,t=60,1.0
62,0.0,0.055,0.945,1337.393474254045,82.40432812791613,1.0,11,60,t=60,1.0
63,0.0,0.055,0.945,1337.393474254045,82.40432812791613,1.0,11,60,t=60,1.0
64,0.0,0.055,0.945,1337.393474254045,82.40432812791613,1.0,11,60,t=60,1.0
0,0.0,1.0,0.0,849.9931447302101,0.0,0.0,11,80,t=80,1.0
1,0.0,0.95,0.05,760.4562293864028,6.146102138501914,0.0,11,80,t=80,1.0
2,0.0,0.9,0.1,865.1534490067456,11.647525414926909,0.0,11,80,t=80,1.0
3,0.0,0.85,0.15,1001.7785268170358,17.687409558023106,0.0,11,80,t=80,1.0
4,0.0,0.815,0.185,1041.7067953093194,19.346112869335037,0.0,11,80,t=80,1.0
5,0.0,0.775,0.225,1136.3744335621197,23.126529405322547,0.0,11,80,t=80,1.0
6,0.0,0.735,0.265,1227.1347907857291,26.56483785972548,0.0,11,80,t=80,1.0
7,0.0,0.695,0.305,1378.8061650997595,31.942880972867464,0.0,11,80,t=80,1.0
8,0.0,0.65,0.35,1455.7325092058772,34.5142122399365,0.0,11,80,t=80,1.0
9,0.0,0.615,0.385,1569.4863761659738,38.30486047631789,0.0,11,80,t=80,1.0
10,0.0,0.58,0.42,1644.9719879036277,41.31396270746676,0.0,11,80,t=80,1.0
11,0.0,0.545,0.455,1701.5999248693822,44.07677650657931,0.0,11,80,t=80,1.0
12,0.0,0.505,0.495,1751.298090952602,47.22629571659762,0.0,11,80,t=80,1.0
13,0.0,0.48,0.52,1776.0928717314996,49.345273488310625,0.0,11,80,t=80,1.0
14,0.0,0.47,0.53,1781.0748016732343,49.853210226513056,0.0,11,80,t=80,1.0
15,0.0,0.455,0.545,1787.0415148614347,50.5386075323773,0.0,11,80,t=80,1.0
16,0.0,0.435,0.565,1798.8095508630067,52.219179356356626,0.0,11,80,t=80,1.0
17,0.0,0.435,0.565,1798.8095508630067,52.219179356356626,0.0,11,80,t=80,1.0
18,0.0,0.42,0.58,1803.9190019286316,53.22439198673678,0.0,11,80,t=80,1.0
19,0.0,0.4,0.6,1808.3555245420837,54.58372908906942,0.0,11,80,t=80,1.0
20,0.0,0.37,0.63,1808.385529082358,57.52318518042381,0.0,11,80,t=80,1.0
21,0.0,0.365,0.635,1808.265930982274,57.57977418846092,0.0,11,80,t=80,1.0
22,0.0,0.335,0.665,1800.4150793048711,59.67439583334637,0.0,11,80,t=80,1.0
23,0.0,0.32,0.68,1797.0930468314266,60.26704127595986,0.0,11,80,t=80,1.0
24,0.0,0.305,0.695,1794.9461706643087,60.60735083363131,0.0,11,80,t=80,1.0
25,0.0,0.28,0.72,1780.5574558701824,62.458100095600976,0.0,11,80,t=80,1.0
26,0.0,0.275,0.725,1777.7991560758496,62.754799243695096,0.0,11,80,t=80,1.0
27,0.0,0.265,0.735,1775.936790202606,62.94857991368112,0.0,11,80,t=80,1.0
28,0.0,0.25,0.75,1760.7185130304929,64.3677293929827,0.0,11,80,t=80,1.0
29,0.0,0.23,0.77,1746.056854665348,65.53357399469229,0.0,11,80,t=80,1.0
30,0.0,0.22,0.78,1729.2942375080324,66.71632215591684,0.0,11,80,t=80,1.0
31,0.0,0.205,0.795,1723.1670924633406,67.11679069615809,0.0,11,80,t=80,1.0
32,0.0,0.2,0.8,1712.9591650549937,67.75758351941398,0.0,11,80,t=80,1.0
33,0.0,0.185,0.815,1676.9737583091303,69.77463013048703,0.0,11,80,t=80,1.0
34,0.0,0.18,0.82,1676.5124908324285,69.7988685742969,0.0,11,80,t=80,1.0
35,0.0,0.175,0.825,1668.8553141255493,70.19580463270248,0.0,11,80,t=80,1.0
36,0.0,0.17,0.83,1652.084937451443,71.03257740024222,0.0,11,80,t=80,1.0
37,0.0,0.17,0.83,1652.084937451443,71.03257740024222,0.0,11,80,t=80,1.0
38,0.0,0.17,0.83,1652.084937451443,71.03257740024222,0.0,11,80,t=80,1.0
39,0.0,0.17,0.83,1652.084937451443,71.03257740024222,0.0,11,80,t=80,1.0
40,0.0,0.165,0.835,1649.3958861706324,71.16096489713782,0.0,11,80,t=80,1.0
41,0.0,0.15,0.85,1637.1142121646,71.73716834765196,0.0,11,80,t=80,1.0
42,0.0,0.15,0.85,1637.1142121646,71.73716834765196,0.0,11,80,t=80,1.0
43,0.0,0.145,0.855,1635.2291689537974,71.82420249832022,0.0,11,80,t=80,1.0
44,0.0,0.145,0.855,1635.2291689537974,71.82420249832022,0.0,11,80,t=80,1.0
45,0.0,0.145,0.855,1635.2291689537974,71.82420249832022,0.0,11,80,t=80,1.0
46,0.0,0.135,0.865,1609.1602752621532,72.98773233426961,0.0,11,80,t=80,1.0
47,0.0,0.13,0.87,1599.7078237889268,73.39292774747325,0.0,11,80,t=80,1.0
48,0.0,0.125,0.875,1599.5410101233938,73.3999197395102,0.0,11,80,t=80,1.0
49,0.0,0.125,0.875,1599.5410101233938,73.3999197395102,0.0,11,80,t=80,1.0
50,0.0,0.115,0.885,1581.099958895505,74.16676982489815,0.0,11,80,t=80,1.0
51,0.0,0.105,0.895,1558.5376490850567,75.0650953488038,0.0,11,80,t=80,1.0
52,0.0,0.105,0.895,1558.5376490850567,75.0650953488038,0.0,11,80,t=80,1.0
53,0.0,0.1,0.9,1556.4011353657809,75.14743407200936,0.0,11,80,t=80,1.0
54,0.0,0.09,0.91,1550.3617571146146,75.38063200929942,0.0,11,80,t=80,1.0
55,0.0,0.09,0.91,1550.3617571146146,75.38063200929942,0.0,11,80,t=80,1.0
56,0.0,0.085,0.915,1545.4665781215922,75.56527915073633,0.0,11,80,t=80,1.0
57,0.0,0.075,0.925,1450.6594949351033,78.91676344296624,0.0,11,80,t=80,1.0
58,0.0,0.07,0.93,1434.8385184412355,79.42868799504072,0.0,11,80,t=80,1.0
59,0.0,0.06,0.94,1353.4940535787814,81.92969618567648,0.0,11,80,t=80,1.0
60,0.0,0.055,0.945,1337.393474254045,82.40432812791613,0.0,11,80,t=80,1.0
61,0.0,0.05,0.95,1331.0001295974762,82.59106004663238,0.0,11,80,t=80,1.0
62,0.0,0.05,0.95,1331.0001295974762,82.59106004663238,0.0,11,80,t=80,1.0
63,0.0,0.045,0.955,1326.4291815785105,82.7237552474887,0.0,11,80,t=80,1.0
64,0.0,0.04,0.96,1305.1896016753763,83.32803228958376,0.0,11,80,t=80,1.0
65,0.0,0.04,0.96,1305.1896016753763,83.32803228958376,0.0,11,80,t=80,1.0
66,0.0,0.04,0.96,1305.1896016753763,83.32803228958376,0.0,11,80,t=80,1.0
67,0.0,0.04,0.96,1305.1896016753763,83.32803228958376,0.0,11,80,t=80,1.0
68,0.0,0.04,0.96,1305.1896016753763,83.32803228958376,0.0,11,80,t=80,1.0
69,0.0,0.04,0.96,1305.1896016753763,83.32803228958376,0.0,11,80,t=80,1.0
70,0.0,0.04,0.96,1305.1896016753763,83.32803228958376,0.0,11,80,t=80,1.0
71,0.0,0.035,0.965,1296.4255938215952,83.57415490325391,0.0,11,80,t=80,1.0
72,0.0,0.035,0.965,1296.4255938215952,83.57415490325391,0.0,11,80,t=80,1.0
73,0.0,0.035,0.965,1296.4255938215952,83.57415490325391,0.0,11,80,t=80,1.0
74,0.0,0.03,0.97,1292.0084172645802,83.6983037459729,0.0,11,80,t=80,1.0
75,0.0,0.03,0.97,1292.0084172645802,83.6983037459729,0.0,11,80,t=80,1.0
76,0.0,0.025,0.975,1288.631459664039,83.791896361189,0.0,11,80,t=80,1.0
77,0.0,0.025,0.975,1288.631459664039,83.791896361189,0.0,11,80,t=80,1.0
78,0.0,0.02,0.98,1281.6680296864092,83.98651311713405,0.0,11,80,t=80,1.0
79,0.0,0.015,0.985,1267.2902362338255,84.38087205136739,0.0,11,80,t=80,1.0
80,0.0,0.015,0.985,1267.2902362338255,84.38087205136739,1.0,11,80,t=80,1.0
81,0.0,0.015,0.985,1267.2902362338255,84.38087205136739,1.0,11,80,t=80,1.0
82,0.0,0.015,0.985,1267.2902362338255,84.38087205136739,1.0,11,80,t=80,1.0
83,0.0,0.015,0.985,1267.2902362338255,84.38087205136739,1.0,11,80,t=80,1.0
0,0.0,1.0,0.0,1024.9195188045992,0.0,0.0,12,-1,never,1.0
1,0.0,0.95,0.05,936.2352575673094,4.207870674618279,0.0,12,-1,never,1.0
2,0.0,0.91,0.09,969.3910436884382,6.536601429058653,0.0,12,-1,never,1.0
3,0.0,0.86,0.14,1073.8598063958634,11.458186151099156,0.0,12,-1,never,1.0
4,0.0,0.81,0.19,1263.1806117154665,19.11218466217778,0.0,12,-1,never,1.0
5,0.0,0.765,0.235,1350.862039348057,22.368177869060258,0.0,12,-1,never,1.0
6,0.0,0.715,0.285,1460.0916755746478,26.212570490542966,0.0,12,-1,never,1.0
7,0.0,0.69,0.31,1515.3804954970365,28.07969423078837,0.0,12,-1,never,1.0
8,0.0,0.65,0.35,1593.8277141578953,30.640174386503602,0.0,12,-1,never,1.0
9,0.0,0.615,0.385,1691.1729210662606,33.75891017711784,0.0,12,-1,never,1.0
10,0.0,0.595,0.405,1727.3073126713643,35.02608408117729,0.0,12,-1,never,1.0
11,0.0,0.575,0.425,1759.9942442868146,36.25614491383441,0.0,12,-1,never,1.0
12,0.0,0.545,0.455,1816.0359111194807,38.61391160168755,0.0,12,-1,never,1.0
13,0.0,0.51,0.49,1861.3259335649786,40.869653070167615,0.0,12,-1,never,1.0
14,0.0,0.49,0.51,1885.914688311079,42.300276160856114,0.0,12,-1,never,1.0
15,0.0,0.475,0.525,1903.3266748080614,43.44085302042021,0.0,12,-1,never,1.0
16,0.0,0.455,0.545,1922.3862383560643,44.866685371497894,0.0,12,-1,never,1.0
17,0.0,0.43,0.57,1934.4624824029413,45.91740695121743,0.0,12,-1,never,1.0
18,0.0,0.41,0.59,1948.39649961655,47.39315390267295,0.0,12,-1,never,1.0
19,0.0,0.385,0.615,1960.6491340306006,49.11319654801565,0.0,12,-1,never,1.0
20,0.0,0.37,0.63,1967.4097924533278,50.50744378932725,0.0,12,-1,never,1.0
21,0.0,0.34,0.66,1972.3360077536913,52.54923935445106,0.0,12,-1,never,1.0
22,0.0,0.33,0.67,1972.4904291332248,52.75831221861106,0.0,12,-1,never,1.0
23,0.0,0.325,0.675,1972.563675795709,52.89602041497055,0.0,12,-1,never,1.0
24,0.0,0.305,0.695,1971.5379341896592,54.504540492210054,0.0,12,-1,never,1.0
25,0.0,0.29,0.71,1969.3632504538136,55.35711085698297,0.0,12,-1,never,1.0
26,0.0,0.27,0.73,1963.9996858982972,56.71045168020383,0.0,12,-1,never,1.0
27,0.0,0.26,0.74,1962.1643753026137,57.05896885913894,0.0,12,-1,never,1.0
28,0.0,0.245,0.755,1949.0692132605031,58.99122842601752,0.0,12,-1,never,1.0
29,0.0,0.24,0.76,1946.2373463251042,59.326826927727325,0.0,12,-1,never,1.0
30,0.0,0.225,0.775,1937.0626530855457,60.30848959786492,0.0,12,-1,never,1.0
31,0.0,0.22,0.78,1931.5435329423517,60.84331107799637,0.0,12,-1,never,1.0
32,0.0,0.22,0.78,1931.5435329423517,60.84331107799637,0.0,12,-1,never,1.0
33,0.0,0.21,0.79,1910.9906166750254,62.57165157707049,0.0,12,-1,never,1.0
34,0.0,0.195,0.805,1904.3736300531848,63.071970350126705,0.0,12,-1,never,1.0
35,0.0,0.175,0.825,1884.0609696004399,64.48921432283163,0.0,12,-1,never,1.0
36,0.0,0.17,0.83,1881.2030992852185,64.67571850258977,0.0,12,-1,never,1.0
37,0.0,0.155,0.845,1869.6007963172176,65.39780786884478,0.0,12,-1,never,1.0
38,0.0,0.155,0.845,1869.6007963172176,65.39780786884478,0.0,12,-1,never,1.0
39,0.0,0.15,0.85,1858.8486345384913,66.03296311897455,0.0,12,-1,never,1.0
40,0.0,0.13,0.87,1834.9385050493925,67.35667711206084,0.0,12,-1,never,1.0
41,0.0,0.13,0.87,1834.9385050493925,67.35667711206084,0.0,12,-1,never,1.0
42,0.0,0.12,0.88,1827.6218381451786,67.7420846204919,0.0,12,-1,never,1.0
43,0.0,0.105,0.895,1797.2096653126164,69.25355766772394,0.0,12,-1,never,1.0
44,0.0,0.095,0.905,1789.9355479834671,69.59422594578453,0.0,12,-1,never,1.0
45,0.0,0.08,0.92,1727.7102977496013,72.28196810897367,0.0,12,-1,never,1.0
46,0.0,0.08,0.92,1727.7102977496013,72.28196810897367,0.0,12,-1,never,1.0
47,0.0,0.075,0.925,1725.980214193639,72.35205858914784,0.0,12,-1,never,1.0
48,0.0,0.07,0.93,1703.9682403356546,73.22850741193213,0.0,12,-1,never,1.0
49,0.0,0.06,0.94,1697.4753906261753,73.4771951885757,0.0,12,-1,never,1.0
50,0.0,0.06,0.94,1697.4753906261753,73.4771951885757,0.0,12,-1,never,1.0
51,0.0,0.06,0.94,1697.4753906261753,73.4771951885757,0.0,12,-1,never,1.0
52,0.0,0.06,0.94,1697.4753906261753,73.4771951885757,0.0,12,-1,never,1.0
53,0.0,0.06,0.94,1697.4753906261753,73.4771951885757,0.0,12,-1,never,1.0
0,0.0,1.0,0.0,1024.9195188045992,0.0,1.0,12,0,t=0,1.0
1,0.0,0.95,0.05,936.2352575673094,4.207870674618279,1.0,12,0,t=0,1.0
2,0.0,0.91,0.09,969.3910436884382,6.536601429058653,1.0,12,0,t=0,1.0
3,0.0,0.86,0.14,1073.8598063958634,11.458186151099156,1.0,12,0,t=0,1.0
4,0.0,0.81,0.19,1263.1806117154665,19.11218466217778,1.0,12,0,t=0,1.0
5,0.0,0.765,0.235,1350.862039348057,22.368177869060258,1.0,12,0,t=0,1.0
6,0.0,0.715,0.285,1460.0916755746478,26.212570490542966,1.0,12,0,t=0,1.0
7,0.0,0.69,0.31,1515.3804954970365,28.07969423078837,1.0,12,0,t=0,1.0
8,0.0,0.65,0.35,1593.8277141578953,30.640174386503602,1.0,12,0,t=0,1.0
9,0.0,0.65,0.35,1593.8277141578953,30.640174386503602,1.0,12,0,t=0,1.0
10,0.0,0.65,0.35,1593.8277141578953,30.640174386503602,1.0,12,0,t=0,1.0
11,0.0,0.625,0.375,1641.80102467238,32.159676670268894,1.0,12,0,t=0,1.0
12,0.0,0.625,0.375,1641.80102467238,32.159676670268894,1.0,12,0,t=0,1.0
13,0.0,0.625,0.375,1641.80102467238,32.159676670268894,1.0,12,0,t=0,1.0
14,0.0,0.625,0.375,1641.80102467238,32.159676670268894,1.0,12,0,t=0,1.0
15,0.0,0.625,0.375,1641.80102467238,32.159676670268894,1.0,12,0,t=0,1.0
0,0.0,1.0,0.0,1024.9195188045992,0.0,0.0,12,10,t=10,1.0
1,0.0,0.95,0.05,936.2352575673094,4.207870674618279,0.0,12,10,t=10,1.0
2,0.0,0.91,0.09,969.3910436884382,6.536601429058653,0.0,12,10,t=10,1.0
3,0.0,0.86,0.14,1073.8598063958634,11.458186151099156,0.0,12,10,t=10,1.0
4,0.0,0.81,0.19,1263.1806117154665,19.11218466217778,0.0,12,10,t=10,1.0
5,0.0,0.765,0.235,1350.862039348057,22.368177869060258,0.0,12,10,t=10,1.0
6,0.0,0.715,0.285,1460.0916755746478,26.212570490542966,0.0,12,10,t=10,1.0
7,0.0,0.69,0.31,1515.3804954970365,28.07969423078837,0.0,12,10,t=10,1.0
8,0.0,0.65,0.35,1593.8277141578953,30.640174386503602,0.0,12,10,t=10,1.0
9,0.0,0.615,0.385,1691.1729210662606,33.75891017711784,0.0,12,10,t=10,1.0
10,0.0,0.595,0.405,1727.3073126713643,35.02608408117729,1.0,12,10,t=10,1.0
11,0.0,0.595,0.405,1727.3073126713643,35.02608408117729,1.0,12,10,t=10,1.0
12,0.0,0.595,0.405,1727.3073126713643,35.02608408117729,1.0,12,10,t=10,1.0
13,0.0,0.595,0.405,1727.3073126713643,35.02608408117729,1.0,12,10,t=10,1.0
14,0.0,0.595,0.405,1727.3073126713643,35.02608408117729,1.0,12,10,t=10,1.0
0,0.0,1.0,0.0,1024.9195188045992,0.0,0.0,12,20,t=20,1.0
1,0.0,0.95,0.05,936.2352575673094,4.207870674618279,0.0,12,20,t=20,1.0
2,0.0,0.91,0.09,969.3910436884382,6.536601429058653,0.0,12,20,t=20,1.0
3,0.0,0.86,0.14,1073.8598063958634,11.458186151099156,0.0,12,20,t=20,1.0
4,0.0,0.81,0.19,1263.1806117154665,19.11218466217778,0.0,12,20,t=20,1.0
5,0.0,0.765,0.235,1350.862039348057,22.368177869060258,0.0,12,20,t=20,1.0
6,0.0,0.715,0.285,1460.0916755746478,26.212570490542966,0.0,12,20,t=20,1.0
7,0.0,0.69,0.31,1515.3804954970365,28.07969423078837,0.0,12,20,t=20,1.0
8,0.0,0.65,0.35,1593.8277141578953,30.640174386503602,0.0,12,20,t=20,1.0
9,0.0,0.615,0.385,1691.1729210662606,33.75891017711784,0.0,12,20,t=20,1.0
10,0.0,0.595,0.405,1727.3073126713643,35.02608408117729,0.0,12,20,t=20,1.0
11,0.0,0.575,0.425,1759.9942442868146,36.25614491383441,0.0,12,20,t=20,1.0
12,0.0,0.545,0.455,1816.0359111194807,38.61391160168755,0.0,12,20,t=20,1.0
13,0.0,0.51,0.49,1861.3259335649786,40.869653070167615,0.0,12,20,t=20,1.0
14,0.0,0.49,0.51,1885.914688311079,42.300276160856114,0.0,12,20,t=20,1.0
15,0.0,0.475,0.525,1903.3266748080614,43.44085302042021,0.0,12,20,t=20,1.0
16,0.0,0.455,0.545,1922.3862383560643,44.866685371497894,0.0,12,20,t=20,1.0
17,0.0,0.43,0.57,1934.4624824029413,45.91740695121743,0.0,12,20,t=20,1.0
18,0.0,0.41,0.59,1948.39649961655,47.39315390267295,0.0,12,20,t=20,1.0
19,0.0,0.385,0.615,1960.6491340306006,49.11319654801565,0.0,12,20,t=20,1.0
20,0.0,0.37,0.63,1967.4097924533278,50.50744378932725,1.0,12,20,t=20,1.0
21,0.0,0.37,0.63,1967.4097924533278,50.50744378932725,1.0,12,20,t=20,1.0
22,0.0,0.37,0.63,1967.4097924533278,50.50744378932725,1.0,12,20,t=20,1.0
23,0.0,0.37,0.63,1967.4097924533278,50.50744378932725,1.0,12,20,t=20,1.0
24,0.0,0.37,0.63,1967.4097924533278,50.50744378932725,1.0,12,20,t=20,1.0
0,0.0,1.0,0.0,1024.9195188045992,0.0,0.0,12,40,t=40,1.0
1,0.0,0.95,0.05,936.2352575673094,4.207870674618279,0.0,12,40,t=40,1.0
2,0.0,0.91,0.09,969.3910436884382,6.536601429058653,0.0,12,40,t=40,1.0
3,0.0,0.86,0.14,1073.8598063958634,11.458186151099156,0.0,12,40,t=40,1.0
4,0.0,0.81,0.19,1263.1806117154665,19.11218466217778,0.0,12,40,t=40,1.0
5,0.0,0.765,0.235,1350.862039348057,22.368177869060258,0.0,12,40,t=40,1.0
6,0.0,0.715,0.285,1460.0916755746478,26.212570490542966,0.0,12,40,t=40,1.0
7,0.0,0.69,0.31,1515.3804954970365,28.07969423078837,0.0,12,40,t=40,1.0
8,0.0,0.65,0.35,1593.8277141578953,30.640174386503602,0.0,12,40,t=40,1.0
9,0.0,0.615,0.385,1691.1729210662606,33.75891017711784,0.0,12,40,t=40,1.0
10,0.0,0.595,0.405,1727.3073126713643,35.02608408117729,0.0,12,40,t=40,1.0
11,0.0,0.575,0.425,1759.9942442868146,36.25614491383441,0.0,12,40,t=40,1.0
12,0.0,0.545,0.455,1816.0359111194807,38.61391160168755,0.0,12,40,t=40,1.0
13,0.0,0.51,0.49,1861.3259335649786,40.869653070167615,0.0,12,40,t=40,1.0
14,0.0,0.49,0.51,1885.914688311079,42.300276160856114,0.0,12,40,t=40,1.0
15,0.0,0.475,0.525,1903.3266748080614,43.44085302042021,0.0,12,40,t=40,1.0
16,0.0,0.455,0.545,1922.3862383560643,44.866685371497894,0.0,12,40,t=40,1.0
17,0.0,0.43,0.57,1934.4624824029413,45.91740695121743,0.0,12,40,t=40,1.0
18,0.0,0.41,0.59,1948.39649961655,47.39315390267295,0.0,12,40,t=40,1.0
19,0.0,0.385,0.615,1960.6491340306006,49.11319654801565,0.0,12,40,t=40,1.0
20,0.0,0.37,0.63,1967.4097924533278,50.50744378932725,0.0,12,40,t=40,1.0
21,0.0,0.34,0.66,1972.3360077536913,52.54923935445106,0.0,12,40,t=40,1.0
22,0.0,0.33,0.67,1972.4904291332248,52.75831221861106,0.0,12,40,t=40,1.0
23,0.0,0.325,0.675,1972.563675795709,52.89602041497055,0.0,12,40,t=40,1.0
24,0.0,0.305,0.695,1971.5379341896592,54.504540492210054,0.0,12,40,t=40,1.0
25,0.0,0.29,0.71,1969.3632504538136,55.35711085698297,0.0,12,40,t=40,1.0
26,0.0,0.27,0.73,1963.9996858982972,56.71045168020383,0.0,12,40,t=40,1.0
27,0.0,0.26,0.74,1962.1643753026137,57.05896885913894,0.0,12,40,t=40,1.0
28,0.0,0.245,0.755,1949.0692132605031,58.99122842601752,0.0,12,40,t=40,1.0
29,0.0,0.24,0.76,1946.2373463251042,59.326826927727325,0.0,12,40,t=40,1.0
30,0.0,0.225,0.775,1937.0626530855457,60.30848959786492,0.0,12,40,t=40,1.0
31,0.0,0.22,0.78,1931.5435329423517,60.84331107799637,0.0,12,40,t=40,1.0
32,0.0,0.22,0.78,1931.5435329423517,60.84331107799637,0.0,12,40,t=40,1.0
33,0.0,0.21,0.79,1910.9906166750254,62.57165157707049,0.0,12,40,t=40,1.0
34,0.0,0.195,0.805,1904.3736300531848,63.071970350126705,0.0,12,40,t=40,1.0
35,0.0,0.175,0.825,1884.0609696004399,64.48921432283163,0.0,12,40,t=40,1.0
36,0.0,0.17,0.83,1881.2030992852185,64.67571850258977,0.0,12,40,t=40,1.0
37,0.0,0.155,0.845,1869.6007963172176,65.39780786884478,0.0,12,40,t=40,1.0
38,0.0,0.155,0.845,1869.6007963172176,65.39780786884478,0.0,12,40,t=40,1.0
39,0.0,0.15,0.85,1858.8486345384913,66.03296311897455,0.0,12,40,t=40,1.0
40,0.0,0.13,0.87,1834.9385050493925,67.35667711206084,1.0,12,40,t=40,1.0
41,0.0,0.13,0.87,1834.9385050493925,67.35667711206084,1.0,12,40,t=40,1.0
42,0.0,0.13,0.87,1834.9385050493925,67.35667711206084,1.0,12,40,t=40,1.0
43,0.0,0.13,0.87,1834.9385050493925,67.35667711206084,1.0,12,40,t=40,1.0
44,0.0,0.13,0.87,1834.9385050493925,67.35667711206084,1.0,12,40,t=40,1.0
0,0.0,1.0,0.0,1024.9195188045992,0.0,0.0,12,60,t=60,1.0
1,0.0,0.95,0.05,936.2352575673094,4.207870674618279,0.0,12,60,t=60,1.0
2,0.0,0.91,0.09,969.3910436884382,6.536601429058653,0.0,12,60,t=60,1.0
3,0.0,0.86,0.14,1073.8598063958634,11.458186151099156,0.0,12,60,t=60,1.0
4,0.0,0.81,0.19,1263.1806117154665,19.11218466217778,0.0,12,60,t=60,1.0
5,0.0,0.765,0.235,1350.862039348057,22.368177869060258,0.0,12,60,t=60,1.0
6,0.0,0.715,0.285,1460.0916755746478,26.212570490542966,0.0,12,60,t=60,1.0
7,0.0,0.69,0.31,1515.3804954970365,28.07969423078837,0.0,12,60,t=60,1.0
8,0.0,0.65,0.35,1593.8277141578953,30.640174386503602,0.0,12,60,t=60,1.0
9,0.0,0.615,0.385,1691.1729210662606,33.75891017711784,0.0,12,60,t=60,1.0
10,0.0,0.595,0.405,1727.3073126713643,35.02608408117729,0.0,12,60,t=60,1.0
11,0.0,0.575,0.425,1759.9942442868146,36.25614491383441,0.0,12,60,t=60,1.0
12,0.0,0.545,0.455,1816.0359111194807,38.61391160168755,0.0,12,60,t=60,1.0
13,0.0,0.51,0.49,1861.3259335649786,40.869653070167615,0.0,12,60,t=60,1.0
14,0.0,0.49,0.51,1885.914688311079,42.300276160856114,0.0,12,60,t=60,1.0
15,0.0,0.475,0.525,1903.3266748080614,43.44085302042021,0.0,12,60,t=60,1.0
16,0.0,0.455,0.545,1922.3862383560643,44.866685371497894,0.0,12,60,t=60,1.0
17,0.0,0.43,0.57,1934.4624824029413,45.91740695121743,0.0,12,60,t=60,1.0
18,0.0,0.41,0.59,1948.39649961655,47.39315390267295,0.0,12,60,t=60,1.0
19,0.0,0.385,0.615,1960.6491340306006,49.11319654801565,0.0,12,60,t=60,1.0
20,0.0,0.37,0.63,1967.4097924533278,50.50744378932725,0.0,12,60,t=60,1.0
21,0.0,0.34,0.66,1972.3360077536913,52.54923935445106,0.0,12,60,t=60,1.0
22,0.0,0.33,0.67,1972.4904291332248,52.75831221861106,0.0,12,60,t=60,1.0
23,0.0,0.325,0.675,1972.563675795709,52.89602041497055,0.0,12,60,t=60,1.0
24,0.0,0.305,0.695,1971.5379341896592,54.504540492210054,0.0,12,60,t=60,1.0
25,0.0,0.29,0.71,1969.3632504538136,55.35711085698297,0.0,12,60,t=60,1.0
26,0.0,0.27,0.73,1963.9996858982972,56.71045168020383,0.0,12,60,t=60,1.0
27,0.0,0.26,0.74,1962.1643753026137,57.05896885913894,0.0,12,60,t=60,1.0
28,0.0,0.245,0.755,1949.0692132605031,58.99122842601752,0.0,12,60,t=60,1.0
29,0.0,0.24,0.76,1946.2373463251042,59.326826927727325,0.0,12,60,t=60,1.0
30,0.0,0.225,0.775,1937.0626530855457,60.30848959786492,0.0,12,60,t=60,1.0
31,0.0,0.22,0.78,1931.5435329423517,60.84331107799637,0.0,12,60,t=60,1.0
32,0.0,0.22,0.78,1931.5435329423517,60.84331107799637,0.0,12,60,t=60,1.0
33,0.0,0.21,0.79,1910.9906166750254,62.57165157707049,0.0,12,60,t=60,1.0
34,0.0,0.195,0.805,1904.3736300531848,63.071970350126705,0.0,12,60,t=60,1.0
35,0.0,0.175,0.825,1884.0609696004399,64.48921432283163,0.0,12,60,t=60,1.0
36,0.0,0.17,0.83,1881.2030992852185,64.67571850258977,0.0,12,60,t=60,1.0
37,0.0,0.155,0.845,1869.6007963172176,65.39780786884478,0.0,12,60,t=60,1.0
38,0.0,0.155,0.845,1869.6007963172176,65.39780786884478,0.0,12,60,t=60,1.0
39,0.0,0.15,0.85,1858.8486345384913,66.03296311897455,0.0,12,60,t=60,1.0
40,0.0,0.13,0.87,1834.9385050493925,67.35667711206084,0.0,12,60,t=60,1.0
41,0.0,0.13,0.87,1834.9385050493925,67.35667711206084,0.0,12,60,t=60,1.0
42,0.0,0.12,0.88,1827.6218381451786,67.7420846204919,0.0,12,60,t=60,1.0
43,0.0,0.105,0.895,1797.2096653126164,69.25355766772394,0.0,12,60,t=60,1.0
44,0.0,0.095,0.905,1789.9355479834671,69.59422594578453,0.0,12,60,t=60,1.0
45,0.0,0.08,0.92,1727.7102977496013,72.28196810897367,0.0,12,60,t=60,1.0
46,0.0,0.08,0.92,1727.7102977496013,72.28196810897367,0.0,12,60,t=60,1.0
47,0.0,0.075,0.925,1725.980214193639,72.35205858914784,0.0,12,60,t=60,1.0
48,0.0,0.07,0.93,1703.9682403356546,73.22850741193213,0.0,12,60,t=60,1.0
49,0.0,0.06,0.94,1697.4753906261753,73.4771951885757,0.0,12,60,t=60,1.0
50,0.0,0.06,0.94,1697.4753906261753,73.4771951885757,0.0,12,60,t=60,1.0
51,0.0,0.06,0.94,1697.4753906261753,73.4771951885757,0.0,12,60,t=60,1.0
52,0.0,0.06,0.94,1697.4753906261753,73.4771951885757,0.0,12,60,t=60,1.0
53,0.0,0.06,0.94,1697.4753906261753,73.4771951885757,0.0,12,60,t=60,1.0
54,0.0,0.06,0.94,1697.4753906261753,73.4771951885757,0.0,12,60,t=60,1.0
55,0.0,0.06,0.94,1697.4753906261753,73.4771951885757,0.0,12,60,t=60,1.0
56,0.0,0.06,0.94,1697.4753906261753,73.4771951885757,0.0,12,60,t=60,1.0
57,0.0,0.06,0.94,1697.4753906261753,73.4771951885757,0.0,12,60,t=60,1.0
58,0.0,0.06,0.94,1697.4753906261753,73.4771951885757,0.0,12,60,t=60,1.0
59,0.0,0.06,0.94,1697.4753906261753,73.4771951885757,0.0,12,60,t=60,1.0
60,0.0,0.05,0.95,1666.9561680591473,74.63057685868371,1.0,12,60,t=60,1.0
61,0.0,0.05,0.95,1666.9561680591473,74.63057685868371,1.0,12,60,t=60,1.0
62,0.0,0.05,0.95,1666.9561680591473,74.63057685868371,1.0,12,60,t=60,1.0
63,0.0,0.05,0.95,1666.9561680591473,74.63057685868371,1.0,12,60,t=60,1.0
64,0.0,0.05,0.95,1666.9561680591473,74.63057685868371,1.0,12,60,t=60,1.0
0,0.0,1.0,0.0,1024.9195188045992,0.0,0.0,12,80,t=80,1.0
1,0.0,0.95,0.05,936.2352575673094,4.207870674618279,0.0,12,80,t=80,1.0
2,0.0,0.91,0.09,969.3910436884382,6.536601429058653,0.0,12,80,t=80,1.0
3,0.0,0.86,0.14,1073.8598063958634,11.458186151099156,0.0,12,80,t=80,1.0
4,0.0,0.81,0.19,1263.1806117154665,19.11218466217778,0.0,12,80,t=80,1.0
5,0.0,0.765,0.235,1350.862039348057,22.368177869060258,0.0,12,80,t=80,1.0
6,0.0,0.715,0.285,1460.0916755746478,26.212570490542966,0.0,12,80,t=80,1.0
7,0.0,0.69,0.31,1515.3804954970365,28.07969423078837,0.0,12,80,t=80,1.0
8,0.0,0.65,0.35,1593.8277141578953,30.640174386503602,0.0,12,80,t=80,1.0
9,0.0,0.615,0.385,1691.1729210662606,33.75891017711784,0.0,12,80,t=80,1.0
10,0.0,0.595,0.405,1727.3073126713643,35.02608408117729,0.0,12,80,t=80,1.0
11,0.0,0.575,0.425,1759.9942442868146,36.25614491383441,0.0,12,80,t=80,1.0
12,0.0,0.545,0.455,1816.0359111194807,38.61391160168755,0.0,12,80,t=80,1.0
13,0.0,0.51,0.49,1861.3259335649786,40.869653070167615,0.0,12,80,t=80,1.0
14,0.0,0.49,0.51,1885.914688311079,42.300276160856114,0.0,12,80,t=80,1.0
15,0.0,0.475,0.525,1903.3266748080614,43.44085302042021,0.0,12,80,t=80,1.0
16,0.0,0.455,0.545,1922.3862383560643,44.866685371497894,0.0,12,80,t=80,1.0
17,0.0,0.43,0.57,1934.4624824029413,45.91740695121743,0.0,12,80,t=80,1.0
18,0.0,0.41,0.59,1948.39649961655,47.39315390267295,0.0,12,80,t=80,1.0
19,0.0,0.385,0.615,1960.6491340306006,49.11319654801565,0.0,12,80,t=80,1.0
20,0.0,0.37,0.63,1967.4097924533278,50.50744378932725,0.0,12,80,t=80,1.0
21,0.0,0.34,0.66,1972.3360077536913,52.54923935445106,0.0,12,80,t=80,1.0
22,0.0,0.33,0.67,1972.4904291332248,52.75831221861106,0.0,12,80,t=80,1.0
23,0.0,0.325,0.675,1972.563675795709,52.89602041497055,0.0,12,80,t=80,1.0
24,0.0,0.305,0.695,1971.5379341896592,54.504540492210054,0.0,12,80,t=80,1.0
25,0.0,0.29,0.71,1969.3632504538136,55.35711085698297,0.0,12,80,t=80,1.0
26,0.0,0.27,0.73,1963.9996858982972,56.71045168020383,0.0,12,80,t=80,1.0
27,0.0,0.26,0.74,1962.1643753026137,57.05896885913894,0.0,12,80,t=80,1.0
28,0.0,0.245,0.755,1949.0692132605031,58.99122842601752,0.0,12,80,t=80,1.0
29,0.0,0.24,0.76,1946.2373463251042,59.326826927727325,0.0,12,80,t=80,1.0
30,0.0,0.225,0.775,1937.0626530855457,60.30848959786492,0.0,12,80,t=80,1.0
31,0.0,0.22,0.78,1931.5435329423517,60.84331107799637,0.0,12,80,t=80,1.0
32,0.0,0.22,0.78,1931.5435329423517,60.84331107799637,0.0,12,80,t=80,1.0
33,0.0,0.21,0.79,1910.9906166750254,62.57165157707049,0.0,12,80,t=80,1.0
34,0.0,0.195,0.805,1904.3736300531848,63.071970350126705,0.0,12,80,t=80,1.0
35,0.0,0.175,0.825,1884.0609696004399,64.48921432283163,0.0,12,80,t=80,1.0
36,0.0,0.17,0.83,1881.2030992852185,64.67571850258977,0.0,12,80,t=80,1.0
37,0.0,0.155,0.845,1869.6007963172176,65.39780786884478,0.0,12,80,t=80,1.0
38,0.0,0.155,0.845,1869.6007963172176,65.39780786884478,0.0,12,80,t=80,1.0
39,0.0,0.15,0.85,1858.8486345384913,66.03296311897455,0.0,12,80,t=80,1.0
40,0.0,0.13,0.87,1834.9385050493925,67.35667711206084,0.0,12,80,t=80,1.0
41,0.0,0.13,0.87,1834.9385050493925,67.35667711206084,0.0,12,80,t=80,1.0
42,0.0,0.12,0.88,1827.6218381451786,67.7420846204919,0.0,12,80,t=80,1.0
43,0.0,0.105,0.895,1797.2096653126164,69.25355766772394,0.0,12,80,t=80,1.0
44,0.0,0.095,0.905,1789.9355479834671,69.59422594578453,0.0,12,80,t=80,1.0
45,0.0,0.08,0.92,1727.7102977496013,72.28196810897367,0.0,12,80,t=80,1.0
46,0.0,0.08,0.92,1727.7102977496013,72.28196810897367,0.0,12,80,t=80,1.0
47,0.0,0.075,0.925,1725.980214193639,72.35205858914784,0.0,12,80,t=80,1.0
48,0.0,0.07,0.93,1703.9682403356546,73.22850741193213,0.0,12,80,t=80,1.0
49,0.0,0.06,0.94,1697.4753906261753,73.4771951885757,0.0,12,80,t=80,1.0
50,0.0,0.06,0.94,1697.4753906261753,73.4771951885757,0.0,12,80,t=80,1.0
51,0.0,0.06,0.94,1697.4753906261753,73.4771951885757,0.0,12,80,t=80,1.0
52,0.0,0.06,0.94,1697.4753906261753,73.4771951885757,0.0,12,80,t=80,1.0
53,0.0,0.06,0.94,1697.4753906261753,73.4771951885757,0.0,12,80,t=80,1.0
54,0.0,0.06,0.94,1697.4753906261753,73.4771951885757,0.0,12,80,t=80,1.0
55,0.0,0.06,0.94,1697.4753906261753,73.4771951885757,0.0,12,80,t=80,1.0
56,0.0,0.06,0.94,1697.4753906261753,73.4771951885757,0.0,12,80,t=80,1.0
57,0.0,0.06,0.94,1697.4753906261753,73.4771951885757,0.0,12,80,t=80,1.0
58,0.0,0.06,0.94,1697.4753906261753,73.4771951885757,0.0,12,80,t=80,1.0
59,0.0,0.06,0.94,1697.4753906261753,73.4771951885757,0.0,12,80,t=80,1.0
60,0.0,0.05,0.95,1666.9561680591473,74.63057685868371,0.0,12,80,t=80,1.0
61,0.0,0.05,0.95,1666.9561680591473,74.63057685868371,0.0,12,80,t=80,1.0
62,0.0,0.045,0.955,1663.258730081221,74.76449542263546,0.0,12,80,t=80,1.0
63,0.0,0.045,0.955,1663.258730081221,74.76449542263546,0.0,12,80,t=80,1.0
64,0.0,0.04,0.96,1658.1153200445028,74.95152062850137,0.0,12,80,t=80,1.0
65,0.0,0.04,0.96,1658.1153200445028,74.95152062850137,0.0,12,80,t=80,1.0
66,0.0,0.04,0.96,1658.1153200445028,74.95152062850137,0.0,12,80,t=80,1.0
67,0.0,0.04,0.96,1658.1153200445028,74.95152062850137,0.0,12,80,t=80,1.0
68,0.0,0.035,0.965,1656.8782774096019,74.9959036338669,0.0,12,80,t=80,1.0
69,0.0,0.035,0.965,1656.8782774096019,74.9959036338669,0.0,12,80,t=80,1.0
70,0.0,0.035,0.965,1656.8782774096019,74.9959036338669,0.0,12,80,t=80,1.0
71,0.0,0.035,0.965,1656.8782774096019,74.9959036338669,0.0,12,80,t=80,1.0
72,0.0,0.03,0.97,1646.5485058122022,75.36721414087397,0.0,12,80,t=80,1.0
73,0.0,0.025,0.975,1642.138764846399,75.52477019693873,0.0,12,80,t=80,1.0
74,0.0,0.025,0.975,1642.138764846399,75.52477019693873,0.0,12,80,t=80,1.0
75,0.0,0.025,0.975,1642.138764846399,75.52477019693873,0.0,12,80,t=80,1.0
76,0.0,0.025,0.975,1642.138764846399,75.52477019693873,0.0,12,80,t=80,1.0
77,0.0,0.025,0.975,1642.138764846399,75.52477019693873,0.0,12,80,t=80,1.0
78,0.0,0.025,0.975,1642.138764846399,75.52477019693873,0.0,12,80,t=80,1.0
79,0.0,0.025,0.975,1642.138764846399,75.52477019693873,0.0,12,80,t=80,1.0
80,0.0,0.025,0.975,1642.138764846399,75.52477019693873,1.0,12,80,t=80,1.0
0,0.0,1.0,0.0,926.1012540104726,0.0,0.0,13,-1,never,1.0
1,0.0,0.95,0.05,834.3171426871429,5.723673376637234,0.0,13,-1,never,1.0
2,0.0,0.9,0.1,907.7774025367345,9.85315434607128,0.0,13,-1,never,1.0
3,0.0,0.865,0.135,992.0466291284758,13.782835890067684,0.0,13,-1,never,1.0
4,0.0,0.815,0.185,1116.2034664074008,19.114142882760316,0.0,13,-1,never,1.0
5,0.0,0.775,0.225,1267.2997447171933,25.085527437861508,0.0,13,-1,never,1.0
6,0.0,0.745,0.255,1330.9252739491424,27.449781383411217,0.0,13,-1,never,1.0
7,0.0,0.705,0.295,1447.6307466055323,31.592563462680566,0.0,13,-1,never,1.0
8,0.0,0.665,0.335,1517.052702886184,34.03152404652613,0.0,13,-1,never,1.0
9,0.0,0.63,0.37,1578.1882061968001,36.51145745640612,0.0,13,-1,never,1.0
10,0.0,0.6,0.4,1611.4588115078507,38.070786154654,0.0,13,-1,never,1.0
11,0.0,0.57,0.43,1646.7557479819845,39.97743179155052,0.0,13,-1,never,1.0
12,0.0,0.535,0.465,1713.055250451363,45.17736755164843,0.0,13,-1,never,1.0
13,0.0,0.505,0.495,1725.6309100171566,46.947587928881724,0.0,13,-1,never,1.0
14,0.0,0.47,0.53,1735.6242752715518,49.86996873525843,0.0,13,-1,never,1.0
15,0.0,0.445,0.555,1733.326181986947,52.54155831548284,0.0,13,-1,never,1.0
16,0.0,0.425,0.575,1730.731997739279,53.30821284806838,0.0,13,-1,never,1.0
17,0.0,0.395,0.605,1710.7015755805032,56.46573268297954,0.0,13,-1,never,1.0
18,0.0,0.365,0.635,1682.012985662722,59.122067955808355,0.0,13,-1,never,1.0
19,0.0,0.345,0.655,1664.0302357563883,60.44226509488694,0.0,13,-1,never,1.0
20,0.0,0.32,0.68,1631.598370687803,62.458181763343894,0.0,13,-1,never,1.0
21,0.0,0.31,0.69,1615.6889888486785,63.336159948756666,0.0,13,-1,never,1.0
22,0.0,0.29,0.71,1591.0541451577542,64.5980869906142,0.0,13,-1,never,1.0
23,0.0,0.28,0.72,1563.6921716195934,65.8790895621095,0.0,13,-1,never,1.0
24,0.0,0.265,0.735,1528.920518762911,67.37164952684755,0.0,13,-1,never,1.0
25,0.0,0.26,0.74,1518.779143208308,67.78579168961606,0.0,13,-1,never,1.0
26,0.0,0.25,0.75,1496.8095607197083,68.64670578917935,0.0,13,-1,never,1.0
27,0.0,0.235,0.765,1486.335067045569,69.0470320347595,0.0,13,-1,never,1.0
28,0.0,0.225,0.775,1472.5379997784169,69.55939025724761,0.0,13,-1,never,1.0
29,0.0,0.215,0.785,1459.995520292699,70.01711114754623,0.0,13,-1,never,1.0
30,0.0,0.195,0.805,1416.8312353879242,71.51383648384382,0.0,13,-1,never,1.0
31,0.0,0.19,0.81,1409.9891835159622,71.74140280229929,0.0,13,-1,never,1.0
32,0.0,0.185,0.815,1404.314058829479,71.92852407515606,0.0,13,-1,never,1.0
33,0.0,0.18,0.82,1391.045286042204,72.35913301759024,0.0,13,-1,never,1.0
34,0.0,0.17,0.83,1363.5858259946647,73.23000567353213,0.0,13,-1,never,1.0
35,0.0,0.145,0.855,1308.649372327325,74.89236791457796,0.0,13,-1,never,1.0
36,0.0,0.135,0.865,1297.2304630864235,75.22533571560899,0.0,13,-1,never,1.0
37,0.0,0.13,0.87,1293.9256383220584,75.32091757625817,0.0,13,-1,never,1.0
38,0.0,0.125,0.875,1287.61249901345,75.50111336257149,0.0,13,-1,never,1.0
39,0.0,0.125,0.875,1287.61249901345,75.50111336257149,0.0,13,-1,never,1.0
40,0.0,0.125,0.875,1287.61249901345,75.50111336257149,0.0,13,-1,never,1.0
41,0.0,0.125,0.875,1287.61249901345,75.50111336257149,0.0,13,-1,never,1.0
42,0.0,0.11,0.89,1255.696320772096,76.40059206052466,0.0,13,-1,never,1.0
43,0.0,0.11,0.89,1255.696320772096,76.40059206052466,0.0,13,-1,never,1.0
44,0.0,0.105,0.895,1254.7462887589943,76.42686289609821,0.0,13,-1,never,1.0
45,0.0,0.1,0.9,1216.442681647839,77.46747779521944,0.0,13,-1,never,1.0
46,0.0,0.095,0.905,1205.6921993686337,77.75534400729967,0.0,13,-1,never,1.0
47,0.0,0.095,0.905,1205.6921993686337,77.75534400729967,0.0,13,-1,never,1.0
48,0.0,0.09,0.91,1199.9663166207674,77.9062496082492,0.0,13,-1,never,1.0
49,0.0,0.085,0.915,1198.1417275885728,77.95415599496411,0.0,13,-1,never,1.0
50,0.0,0.08,0.92,1196.2697246539497,78.00324584190457,0.0,13,-1,never,1.0
51,0.0,0.07,0.93,1161.4116428159155,78.9073103442372,0.0,13,-1,never,1.0
52,0.0,0.06,0.94,1114.8370377529236,80.08067099543415,0.0,13,-1,never,1.0
53,0.0,0.055,0.945,1097.1417703819457,80.51371580793602,0.0,13,-1,never,1.0
54,0.0,0.055,0.945,1097.1417703819457,80.51371580793602,0.0,13,-1,never,1.0
55,0.0,0.045,0.955,1085.862774930336,80.78927469989246,0.0,13,-1,never,1.0
56,0.0,0.04,0.96,1078.160681054872,80.9758092530932,0.0,13,-1,never,1.0
57,0.0,0.04,0.96,1078.160681054872,80.9758092530932,0.0,13,-1,never,1.0
58,0.0,0.03,0.97,1013.5085743299446,82.50373534292758,0.0,13,-1,never,1.0
59,0.0,0.03,0.97,1013.5085743299446,82.50373534292758,0.0,13,-1,never,1.0
60,0.0,0.03,0.97,1013.5085743299446,82.50373534292758,0.0,13,-1,never,1.0
61,0.0,0.03,0.97,1013.5085743299446,82.50373534292758,0.0,13,-1,never,1.0
62,0.0,0.025,0.975,1004.1127146330473,82.71983946469473,0.0,13,-1,never,1.0
63,0.0,0.02,0.98,993.661269036546,82.96021608970925,0.0,13,-1,never,1.0
64,0.0,0.02,0.98,993.661269036546,82.96021608970925,0.0,13,-1,never,1.0
65,0.0,0.02,0.98,993.661269036546,82.96021608970925,0.0,13,-1,never,1.0
66,0.0,0.02,0.98,993.661269036546,82.96021608970925,0.0,13,-1,never,1.0
67,0.0,0.015,0.985,985.2472611530934,83.15291651066963,0.0,13,-1,never,1.0
68,0.0,0.015,0.985,985.2472611530934,83.15291651066963,0.0,13,-1,never,1.0
69,0.0,0.01,0.99,969.1334237667529,83.51815201716545,0.0,13,-1,never,1.0
70,0.0,0.005,0.995,959.8012125344203,83.72699805722593,0.0,13,-1,never,1.0
71,0.0,0.005,0.995,959.8012125344203,83.72699805722593,0.0,13,-1,never,1.0
72,0.0,0.005,0.995,959.8012125344203,83.72699805722593,0.0,13,-1,never,1.0
73,0.0,0.0,1.0,954.9331895067153,83.83565202826733,0.0,13,-1,never,1.0
74,0.0,0.0,1.0,954.9331895067153,83.83565202826733,0.0,13,-1,never,1.0
75,0.0,0.0,1.0,954.9331895067153,83.83565202826733,0.0,13,-1,never,1.0
76,0.0,0.0,1.0,954.9331895067153,83.83565202826733,0.0,13,-1,never,1.0
77,0.0,0.0,1.0,954.9331895067153,83.83565202826733,0.0,13,-1,never,1.0
0,0.0,1.0,0.0,926.1012540104726,0.0,1.0,13,0,t=0,1.0
1,0.0,0.95,0.05,834.3171426871429,5.723673376637234,1.0,13,0,t=0,1.0
2,0.0,0.9,0.1,907.7774025367345,9.85315434607128,1.0,13,0,t=0,1.0
3,0.0,0.865,0.135,992.0466291284758,13.782835890067684,1.0,13,0,t=0,1.0
4,0.0,0.815,0.185,1116.2034664074008,19.114142882760316,1.0,13,0,t=0,1.0
5,0.0,0.775,0.225,1267.2997447171933,25.085527437861508,1.0,13,0,t=0,1.0
6,0.0,0.745,0.255,1330.9252739491424,27.449781383411217,1.0,13,0,t=0,1.0
7,0.0,0.705,0.295,1447.6307466055323,31.592563462680566,1.0,13,0,t=0,1.0
8,0.0,0.705,0.295,1447.6307466055323,31.592563462680566,1.0,13,0,t=0,1.0
9,0.0,0.705,0.295,1447.6307466055323,31.592563462680566,1.0,13,0,t=0,1.0
10,0.0,0.705,0.295,1447.6307466055323,31.592563462680566,1.0,13,0,t=0,1.0
11,0.0,0.705,0.295,1447.6307466055323,31.592563462680566,1.0,13,0,t=0,1.0
0,0.0,1.0,0.0,926.1012540104726,0.0,0.0,13,10,t=10,1.0
1,0.0,0.95,0.05,834.3171426871429,5.723673376637234,0.0,13,10,t=10,1.0
2,0.0,0.9,0.1,907.7774025367345,9.85315434607128,0.0,13,10,t=10,1.0
3,0.0,0.865,0.135,992.0466291284758,13.782835890067684,0.0,13,10,t=10,1.0
4,0.0,0.815,0.185,1116.2034664074008,19.114142882760316,0.0,13,10,t=10,1.0
5,0.0,0.775,0.225,1267.2997447171933,25.085527437861508,0.0,13,10,t=10,1.0
6,0.0,0.745,0.255,1330.9252739491424,27.449781383411217,0.0,13,10,t=10,1.0
7,0.0,0.705,0.295,1447.6307466055323,31.592563462680566,0.0,13,10,t=10,1.0
8,0.0,0.665,0.335,1517.052702886184,34.03152404652613,0.0,13,10,t=10,1.0
9,0.0,0.63,0.37,1578.1882061968001,36.51145745640612,0.0,13,10,t=10,1.0
10,0.0,0.6,0.4,1611.4588115078507,38.070786154654,1.0,13,10,t=10,1.0
11,0.0,0.6,0.4,1611.4588115078507,38.070786154654,1.0,13,10,t=10,1.0
12,0.0,0.6,0.4,1611.4588115078507,38.070786154654,1.0,13,10,t=10,1.0
13,0.0,0.6,0.4,1611.4588115078507,38.070786154654,1.0,13,10,t=10,1.0
14,0.0,0.6,0.4,1611.4588115078507,38.070786154654,1.0,13,10,t=10,1.0
0,0.0,1.0,0.0,926.1012540104726,0.0,0.0,13,20,t=20,1.0
1,0.0,0.95,0.05,834.3171426871429,5.723673376637234,0.0,13,20,t=20,1.0
2,0.0,0.9,0.1,907.7774025367345,9.85315434607128,0.0,13,20,t=20,1.0
3,0.0,0.865,0.135,992.0466291284758,13.782835890067684,0.0,13,20,t=20,1.0
4,0.0,0.815,0.185,1116.2034664074008,19.114142882760316,0.0,13,20,t=20,1.0
5,0.0,0.775,0.225,1267.2997447171933,25.085527437861508,0.0,13,20,t=20,1.0
6,0.0,0.745,0.255,1330.9252739491424,27.449781383411217,0.0,13,20,t=20,1.0
7,0.0,0.705,0.295,1447.6307466055323,31.592563462680566,0.0,13,20,t=20,1.0
8,0.0,0.665,0.335,1517.052702886184,34.03152404652613,0.0,13,20,t=20,1.0
9,0.0,0.63,0.37,1578.1882061968001,36.51145745640612,0.0,13,20,t=20,1.0
10,0.0,0.6,0.4,1611.4588115078507,38.070786154654,0.0,13,20,t=20,1.0
11,0.0,0.57,0.43,1646.7557479819845,39.97743179155052,0.0,13,20,t=20,1.0
12,0.0,0.535,0.465,1713.055250451363,45.17736755164843,0.0,13,20,t=20,1.0
13,0.0,0.505,0.495,1725.6309100171566,46.947587928881724,0.0,13,20,t=20,1.0
14,0.0,0.47,0.53,1735.6242752715518,49.86996873525843,0.0,13,20,t=20,1.0
15,0.0,0.445,0.555,1733.326181986947,52.54155831548284,0.0,13,20,t=20,1.0
16,0.0,0.425,0.575,1730.731997739279,53.30821284806838,0.0,13,20,t=20,1.0
17,0.0,0.395,0.605,1710.7015755805032,56.46573268297954,0.0,13,20,t=20,1.0
18,0.0,0.365,0.635,1682.012985662722,59.122067955808355,0.0,13,20,t=20,1.0
19,0.0,0.345,0.655,1664.0302357563883,60.44226509488694,0.0,13,20,t=20,1.0
20,0.0,0.32,0.68,1631.598370687803,62.458181763343894,1.0,13,20,t=20,1.0
21,0.0,0.32,0.68,1631.598370687803,62.458181763343894,1.0,13,20,t=20,1.0
22,0.0,0.32,0.68,1631.598370687803,62.458181763343894,1.0,13,20,t=20,1.0
23,0.0,0.32,0.68,1631.598370687803,62.458181763343894,1.0,13,20,t=20,1.0
24,0.0,0.32,0.68,1631.598370687803,62.458181763343894,1.0,13,20,t=20,1.0
0,0.0,1.0,0.0,926.1012540104726,0.0,0.0,13,40,t=40,1.0
1,0.0,0.95,0.05,834.3171426871429,5.723673376637234,0.0,13,40,t=40,1.0
2,0.0,0.9,0.1,907.7774025367345,9.85315434607128,0.0,13,40,t=40,1.0
3,0.0,0.865,0.135,992.0466291284758,13.782835890067684,0.0,13,40,t=40,1.0
4,0.0,0.815,0.185,1116.2034664074008,19.114142882760316,0.0,13,40,t=40,1.0
5,0.0,0.775,0.225,1267.2997447171933,25.085527437861508,0.0,13,40,t=40,1.0
6,0.0,0.745,0.255,1330.9252739491424,27.449781383411217,0.0,13,40,t=40,1.0
7,0.0,0.705,0.295,1447.6307466055323,31.592563462680566,0.0,13,40,t=40,1.0
8,0.0,0.665,0.335,1517.052702886184,34.03152404652613,0.0,13,40,t=40,1.0
9,0.0,0.63,0.37,1578.1882061968001,36.51145745640612,0.0,13,40,t=40,1.0
10,0.0,0.6,0.4,1611.4588115078507,38.070786154654,0.0,13,40,t=40,1.0
11,0.0,0.57,0.43,1646.7557479819845,39.97743179155052,0.0,13,40,t=40,1.0
12,0.0,0.535,0.465,1713.055250451363,45.17736755164843,0.0,13,40,t=40,1.0
13,0.0,0.505,0.495,1725.6309100171566,46.947587928881724,0.0,13,40,t=40,1.0
14,0.0,0.47,0.53,1735.6242752715518,49.86996873525843,0.0,13,40,t=40,1.0
15,0.0,0.445,0.555,1733.326181986947,52.54155831548284,0.0,13,40,t=40,1.0
16,0.0,0.425,0.575,1730.731997739279,53.30821284806838,0.0,13,40,t=40,1.0
17,0.0,0.395,0.605,1710.7015755805032,56.46573268297954,0.0,13,40,t=40,1.0
18,0.0,0.365,0.635,1682.012985662722,59.122067955808355,0.0,13,40,t=40,1.0
19,0.0,0.345,0.655,1664.0302357563883,60.44226509488694,0.0,13,40,t=40,1.0
20,0.0,0.32,0.68,1631.598370687803,62.458181763343894,0.0,13,40,t=40,1.0
21,0.0,0.31,0.69,1615.6889888486785,63.336159948756666,0.0,13,40,t=40,1.0
22,0.0,0.29,0.71,1591.0541451577542,64.5980869906142,0.0,13,40,t=40,1.0
23,0.0,0.28,0.72,1563.6921716195934,65.8790895621095,0.0,13,40,t=40,1.0
24,0.0,0.265,0.735,1528.920518762911,67.37164952684755,0.0,13,40,t=40,1.0
25,0.0,0.26,0.74,1518.779143208308,67.78579168961606,0.0,13,40,t=40,1.0
26,0.0,0.25,0.75,1496.8095607197083,68.64670578917935,0.0,13,40,t=40,1.0
27,0.0,0.235,0.765,1486.335067045569,69.0470320347595,0.0,13,40,t=40,1.0
28,0.0,0.225,0.775,1472.5379997784169,69.55939025724761,0.0,13,40,t=40,1.0
29,0.0,0.215,0.785,1459.995520292699,70.01711114754623,0.0,13,40,t=40,1.0
30,0.0,0.195,0.805,1416.8312353879242,71.51383648384382,0.0,13,40,t=40,1.0
31,0.0,0.19,0.81,1409.9891835159622,71.74140280229929,0.0,13,40,t=40,1.0
32,0.0,0.185,0.815,1404.314058829479,71.92852407515606,0.0,13,40,t=40,1.0
33,0.0,0.18,0.82,1391.045286042204,72.35913301759024,0.0,13,40,t=40,1.0
34,0.0,0.17,0.83,1363.5858259946647,73.23000567353213,0.0,13,40,t=40,1.0
35,0.0,0.145,0.855,1308.649372327325,74.89236791457796,0.0,13,40,t=40,1.0
36,0.0,0.135,0.865,1297.2304630864235,75.22533571560899,0.0,13,40,t=40,1.0
37,0.0,0.13,0.87,1293.9256383220584,75.32091757625817,0.0,13,40,t=40,1.0
38,0.0,0.125,0.875,1287.61249901345,75.50111336257149,0.0,13,40,t=40,1.0
39,0.0,0.125,0.875,1287.61249901345,75.50111336257149,0.0,13,40,t=40,1.0
40,0.0,0.125,0.875,1287.61249901345,75.50111336257149,1.0,13,40,t=40,1.0
41,0.0,0.125,0.875,1287.61249901345,75.50111336257149,1.0,13,40,t=40,1.0
42,0.0,0.125,0.875,1287.61249901345,75.50111336257149,1.0,13,40,t=40,1.0
0,0.0,1.0,0.0,926.1012540104726,0.0,0.0,13,60,t=60,1.0
1,0.0,0.95,0.05,834.3171426871429,5.723673376637234,0.0,13,60,t=60,1.0
2,0.0,0.9,0.1,907.7774025367345,9.85315434607128,0.0,13,60,t=60,1.0
3,0.0,0.865,0.135,992.0466291284758,13.782835890067684,0.0,13,60,t=60,1.0
4,0.0,0.815,0.185,1116.2034664074008,19.114142882760316,0.0,13,60,t=60,1.0
5,0.0,0.775,0.225,1267.2997447171933,25.085527437861508,0.0,13,60,t=60,1.0
6,0.0,0.745,0.255,1330.9252739491424,27.449781383411217,0.0,13,60,t=60,1.0
7,0.0,0.705,0.295,1447.6307466055323,31.592563462680566,0.0,13,60,t=60,1.0
8,0.0,0.665,0.335,1517.052702886184,34.03152404652613,0.0,13,60,t=60,1.0
9,0.0,0.63,0.37,1578.1882061968001,36.51145745640612,0.0,13,60,t=60,1.0
10,0.0,0.6,0.4,1611.4588115078507,38.070786154654,0.0,13,60,t=60,1.0
11,0.0,0.57,0.43,1646.7557479819845,39.97743179155052,0.0,13,60,t=60,1.0
12,0.0,0.535,0.465,1713.055250451363,45.17736755164843,0.0,13,60,t=60,1.0
13,0.0,0.505,0.495,1725.6309100171566,46.947587928881724,0.0,13,60,t=60,1.0
14,0.0,0.47,0.53,1735.6242752715518,49.86996873525843,0.0,13,60,t=60,1.0
15,0.0,0.445,0.555,1733.326181986947,52.54155831548284,0.0,13,60,t=60,1.0
16,0.0,0.425,0.575,1730.731997739279,53.30821284806838,0.0,13,60,t=60,1.0
17,0.0,0.395,0.605,1710.7015755805032,56.46573268297954,0.0,13,60,t=60,1.0
18,0.0,0.365,0.635,1682.012985662722,59.122067955808355,0.0,13,60,t=60,1.0
19,0.0,0.345,0.655,1664.0302357563883,60.44226509488694,0.0,13,60,t=60,1.0
20,0.0,0.32,0.68,1631.598370687803,62.458181763343894,0.0,13,60,t=60,1.0
21,0.0,0.31,0.69,1615.6889888486785,63.336159948756666,0.0,13,60,t=60,1.0
22,0.0,0.29,0.71,1591.0541451577542,64.5980869906142,0.0,13,60,t=60,1.0
23,0.0,0.28,0.72,1563.6921716195934,65.8790895621095,0.0,13,60,t=60,1.0
24,0.0,0.265,0.735,1528.920518762911,67.37164952684755,0.0,13,60,t=60,1.0
25,0.0,0.26,0.74,1518.779143208308,67.78579168961606,0.0,13,60,t=60,1.0
26,0.0,0.25,0.75,1496.8095607197083,68.64670578917935,0.0,13,60,t=60,1.0
27,0.0,0.235,0.765,1486.335067045569,69.0470320347595,0.0,13,60,t=60,1.0
28,0.0,0.225,0.775,1472.5379997784169,69.55939025724761,0.0,13,60,t=60,1.0
29,0.0,0.215,0.785,1459.995520292699,70.01711114754623,0.0,13,60,t=60,1.0
30,0.0,0.195,0.805,1416.8312353879242,71.51383648384382,0.0,13,60,t=60,1.0
31,0.0,0.19,0.81,1409.9891835159622,71.74140280229929,0.0,13,60,t=60,1.0
32,0.0,0.185,0.815,1404.314058829479,71.92852407515606,0.0,13,60,t=60,1.0
33,0.0,0.18,0.82,1391.045286042204,72.35913301759024,0.0,13,60,t=60,1.0
34,0.0,0.17,0.83,1363.5858259946647,73.23000567353213,0.0,13,60,t=60,1.0
35,0.0,0.145,0.855,1308.649372327325,74.89236791457796,0.0,13,60,t=60,1.0
36,0.0,0.135,0.865,1297.2304630864235,75.22533571560899,0.0,13,60,t=60,1.0
37,0.0,0.13,0.87,1293.9256383220584,75.32091757625817,0.0,13,60,t=60,1.0
38,0.0,0.125,0.875,1287.61249901345,75.50111336257149,0.0,13,60,t=60,1.0
39,0.0,0.125,0.875,1287.61249901345,75.50111336257149,0.0,13,60,t=60,1.0
40,0.0,0.125,0.875,1287.61249901345,75.50111336257149,0.0,13,60,t=60,1.0
41,0.0,0.125,0.875,1287.61249901345,75.50111336257149,0.0,13,60,t=60,1.0
42,0.0,0.11,0.89,1255.696320772096,76.40059206052466,0.0,13,60,t=60,1.0
43,0.0,0.11,0.89,1255.696320772096,76.40059206052466,0.0,13,60,t=60,1.0
44,0.0,0.105,0.895,1254.7462887589943,76.42686289609821,0.0,13,60,t=60,1.0
45,0.0,0.1,0.9,1216.442681647839,77.46747779521944,0.0,13,60,t=60,1.0
46,0.0,0.095,0.905,1205.6921993686337,77.75534400729967,0.0,13,60,t=60,1.0
47,0.0,0.095,0.905,1205.6921993686337,77.75534400729967,0.0,13,60,t=60,1.0
48,0.0,0.09,0.91,1199.9663166207674,77.9062496082492,0.0,13,60,t=60,1.0
49,0.0,0.085,0.915,1198.1417275885728,77.95415599496411,0.0,13,60,t=60,1.0
50,0.0,0.08,0.92,1196.2697246539497,78.00324584190457,0.0,13,60,t=60,1.0
51,0.0,0.07,0.93,1161.4116428159155,78.9073103442372,0.0,13,60,t=60,1.0
52,0.0,0.06,0.94,1114.8370377529236,80.08067099543415,0.0,13,60,t=60,1.0
53,0.0,0.055,0.945,1097.1417703819457,80.51371580793602,0.0,13,60,t=60,1.0
54,0.0,0.055,0.945,1097.1417703819457,80.51371580793602,0.0,13,60,t=60,1.0
55,0.0,0.045,0.955,1085.862774930336,80.78927469989246,0.0,13,60,t=60,1.0
56,0.0,0.04,0.96,1078.160681054872,80.9758092530932,0.0,13,60,t=60,1.0
57,0.0,0.04,0.96,1078.160681054872,80.9758092530932,0.0,13,60,t=60,1.0
58,0.0,0.03,0.97,1013.5085743299446,82.50373534292758,0.0,13,60,t=60,1.0
59,0.0,0.03,0.97,1013.5085743299446,82.50373534292758,0.0,13,60,t=60,1.0
60,0.0,0.03,0.97,1013.5085743299446,82.50373534292758,1.0,13,60,t=60,1.0
61,0.0,0.03,0.97,1013.5085743299446,82.50373534292758,1.0,13,60,t=60,1.0
62,0.0,0.03,0.97,1013.5085743299446,82.50373534292758,1.0,13,60,t=60,1.0
0,0.0,1.0,0.0,926.1012540104726,0.0,0.0,13,80,t=80,1.0
1,0.0,0.95,0.05,834.3171426871429,5.723673376637234,0.0,13,80,t=80,1.0
2,0.0,0.9,0.1,907.7774025367345,9.85315434607128,0.0,13,80,t=80,1.0
3,0.0,0.865,0.135,992.0466291284758,13.782835890067684,0.0,13,80,t=80,1.0
4,0.0,0.815,0.185,1116.2034664074008,19.114142882760316,0.0,13,80,t=80,1.0
5,0.0,0.775,0.225,1267.2997447171933,25.085527437861508,0.0,13,80,t=80,1.0
6,0.0,0.745,0.255,1330.9252739491424,27.449781383411217,0.0,13,80,t=80,1.0
7,0.0,0.705,0.295,1447.6307466055323,31.592563462680566,0.0,13,80,t=80,1.0
8,0.0,0.665,0.335,1517.052702886184,34.03152404652613,0.0,13,80,t=80,1.0
9,0.0,0.63,0.37,1578.1882061968001,36.51145745640612,0.0,13,80,t=80,1.0
10,0.0,0.6,0.4,1611.4588115078507,38.070786154654,0.0,13,80,t=80,1.0
11,0.0,0.57,0.43,1646.7557479819845,39.97743179155052,0.0,13,80,t=80,1.0
12,0.0,0.535,0.465,1713.055250451363,45.17736755164843,0.0,13,80,t=80,1.0
13,0.0,0.505,0.495,1725.6309100171566,46.947587928881724,0.0,13,80,t=80,1.0
14,0.0,0.47,0.53,1735.6242752715518,49.86996873525843,0.0,13,80,t=80,1.0
15,0.0,0.445,0.555,1733.326181986947,52.54155831548284,0.0,13,80,t=80,1.0
16,0.0,0.425,0.575,1730.731997739279,53.30821284806838,0.0,13,80,t=80,1.0
17,0.0,0.395,0.605,1710.7015755805032,56.46573268297954,0.0,13,80,t=80,1.0
18,0.0,0.365,0.635,1682.012985662722,59.122067955808355,0.0,13,80,t=80,1.0
19,0.0,0.345,0.655,1664.0302357563883,60.44226509488694,0.0,13,80,t=80,1.0
20,0.0,0.32,0.68,1631.598370687803,62.458181763343894,0.0,13,80,t=80,1.0
21,0.0,0.31,0.69,1615.6889888486785,63.336159948756666,0.0,13,80,t=80,1.0
22,0.0,0.29,0.71,1591.0541451577542,64.5980869906142,0.0,13,80,t=80,1.0
23,0.0,0.28,0.72,1563.6921716195934,65.8790895621095,0.0,13,80,t=80,1.0
24,0.0,0.265,0.735,1528.920518762911,67.37164952684755,0.0,13,80,t=80,1.0
25,0.0,0.26,0.74,1518.779143208308,67.78579168961606,0.0,13,80,t=80,1.0
26,0.0,0.25,0.75,1496.8095607197083,68.64670578917935,0.0,13,80,t=80,1.0
27,0.0,0.235,0.765,1486.335067045569,69.0470320347595,0.0,13,80,t=80,1.0
28,0.0,0.225,0.775,1472.5379997784169,69.55939025724761,0.0,13,80,t=80,1.0
29,0.0,0.215,0.785,1459.995520292699,70.01711114754623,0.0,13,80,t=80,1.0
30,0.0,0.195,0.805,1416.8312353879242,71.51383648384382,0.0,13,80,t=80,1.0
31,0.0,0.19,0.81,1409.9891835159622,71.74140280229929,0.0,13,80,t=80,1.0
32,0.0,0.185,0.815,1404.314058829479,71.92852407515606,0.0,13,80,t=80,1.0
33,0.0,0.18,0.82,1391.045286042204,72.35913301759024,0.0,13,80,t=80,1.0
34,0.0,0.17,0.83,1363.5858259946647,73.23000567353213,0.0,13,80,t=80,1.0
35,0.0,0.145,0.855,1308.649372327325,74.89236791457796,0.0,13,80,t=80,1.0
36,0.0,0.135,0.865,1297.2304630864235,75.22533571560899,0.0,13,80,t=80,1.0
37,0.0,0.13,0.87,1293.9256383220584,75.32091757625817,0.0,13,80,t=80,1.0
38,0.0,0.125,0.875,1287.61249901345,75.50111336257149,0.0,13,80,t=80,1.0
39,0.0,0.125,0.875,1287.61249901345,75.50111336257149,0.0,13,80,t=80,1.0
40,0.0,0.125,0.875,1287.61249901345,75.50111336257149,0.0,13,80,t=80,1.0
41,0.0,0.125,0.875,1287.61249901345,75.50111336257149,0.0,13,80,t=80,1.0
42,0.0,0.11,0.89,1255.696320772096,76.40059206052466,0.0,13,80,t=80,1.0
43,0.0,0.11,0.89,1255.696320772096,76.40059206052466,0.0,13,80,t=80,1.0
44,0.0,0.105,0.895,1254.7462887589943,76.42686289609821,0.0,13,80,t=80,1.0
45,0.0,0.1,0.9,1216.442681647839,77.46747779521944,0.0,13,80,t=80,1.0
46,0.0,0.095,0.905,1205.6921993686337,77.75534400729967,0.0,13,80,t=80,1.0
47,0.0,0.095,0.905,1205.6921993686337,77.75534400729967,0.0,13,80,t=80,1.0
48,0.0,0.09,0.91,1199.9663166207674,77.9062496082492,0.0,13,80,t=80,1.0
49,0.0,0.085,0.915,1198.1417275885728,77.95415599496411,0.0,13,80,t=80,1.0
50,0.0,0.08,0.92,1196.2697246539497,78.00324584190457,0.0,13,80,t=80,1.0
51,0.0,0.07,0.93,1161.4116428159155,78.9073103442372,0.0,13,80,t=80,1.0
52,0.0,0.06,0.94,1114.8370377529236,80.08067099543415,0.0,13,80,t=80,1.0
53,0.0,0.055,0.945,1097.1417703819457,80.51371580793602,0.0,13,80,t=80,1.0
54,0.0,0.055,0.945,1097.1417703819457,80.51371580793602,0.0,13,80,t=80,1.0
55,0.0,0.045,0.955,1085.862774930336,80.78927469989246,0.0,13,80,t=80,1.0
56,0.0,0.04,0.96,1078.160681054872,80.9758092530932,0.0,13,80,t=80,1.0
57,0.0,0.04,0.96,1078.160681054872,80.9758092530932,0.0,13,80,t=80,1.0
58,0.0,0.03,0.97,1013.5085743299446,82.50373534292758,0.0,13,80,t=80,1.0
59,0.0,0.03,0.97,1013.5085743299446,82.50373534292758,0.0,13,80,t=80,1.0
60,0.0,0.03,0.97,1013.5085743299446,82.50373534292758,0.0,13,80,t=80,1.0
61,0.0,0.03,0.97,1013.5085743299446,82.50373534292758,0.0,13,80,t=80,1.0
62,0.0,0.025,0.975,1004.1127146330473,82.71983946469473,0.0,13,80,t=80,1.0
63,0.0,0.02,0.98,993.661269036546,82.96021608970925,0.0,13,80,t=80,1.0
64,0.0,0.02,0.98,993.661269036546,82.96021608970925,0.0,13,80,t=80,1.0
65,0.0,0.02,0.98,993.661269036546,82.96021608970925,0.0,13,80,t=80,1.0
66,0.0,0.02,0.98,993.661269036546,82.96021608970925,0.0,13,80,t=80,1.0
67,0.0,0.015,0.985,985.2472611530934,83.15291651066963,0.0,13,80,t=80,1.0
68,0.0,0.015,0.985,985.2472611530934,83.15291651066963,0.0,13,80,t=80,1.0
69,0.0,0.01,0.99,969.1334237667529,83.51815201716545,0.0,13,80,t=80,1.0
70,0.0,0.005,0.995,959.8012125344203,83.72699805722593,0.0,13,80,t=80,1.0
71,0.0,0.005,0.995,959.8012125344203,83.72699805722593,0.0,13,80,t=80,1.0
72,0.0,0.005,0.995,959.8012125344203,83.72699805722593,0.0,13,80,t=80,1.0
73,0.0,0.0,1.0,954.9331895067153,83.83565202826733,0.0,13,80,t=80,1.0
74,0.0,0.0,1.0,954.9331895067153,83.83565202826733,0.0,13,80,t=80,1.0
75,0.0,0.0,1.0,954.9331895067153,83.83565202826733,0.0,13,80,t=80,1.0
76,0.0,0.0,1.0,954.9331895067153,83.83565202826733,0.0,13,80,t=80,1.0
77,0.0,0.0,1.0,954.9331895067153,83.83565202826733,0.0,13,80,t=80,1.0
78,0.0,0.0,1.0,954.9331895067153,83.83565202826733,0.0,13,80,t=80,1.0
79,0.0,0.0,1.0,954.9331895067153,83.83565202826733,0.0,13,80,t=80,1.0
80,0.0,0.0,1.0,954.9331895067153,83.83565202826733,1.0,13,80,t=80,1.0
0,0.0,1.0,0.0,988.0845626562701,0.0,0.0,15,-1,never,1.0
1,0.0,0.95,0.05,921.0310232936386,5.953313604893781,0.0,15,-1,never,1.0
2,0.0,0.905,0.095,996.869777154875,9.733057342261748,0.0,15,-1,never,1.0
3,0.0,0.865,0.135,1090.0141887148366,13.741428199459392,0.0,15,-1,never,1.0
4,0.0,0.815,0.185,1263.7274708417945,20.54119459389411,0.0,15,-1,never,1.0
5,0.0,0.77,0.23,1365.2211810000638,24.209726463313746,0.0,15,-1,never,1.0
6,0.0,0.73,0.27,1421.7841854582275,26.16875379841266,0.0,15,-1,never,1.0
7,0.0,0.695,0.305,1497.9516827235923,28.718434302966514,0.0,15,-1,never,1.0
8,0.0,0.655,0.345,1577.5617816378494,31.28405394403072,0.0,15,-1,never,1.0
9,0.0,0.625,0.375,1642.2089818954291,33.294456308596125,0.0,15,-1,never,1.0
10,0.0,0.595,0.405,1694.0068526045266,34.92510715703306,0.0,15,-1,never,1.0
11,0.0,0.56,0.44,1814.9428818283395,39.41623233717041,0.0,15,-1,never,1.0
12,0.0,0.525,0.475,1893.4713860684258,43.27614954627688,0.0,15,-1,never,1.0
13,0.0,0.505,0.495,1930.2091621001023,45.636349796687384,0.0,15,-1,never,1.0
14,0.0,0.475,0.525,1954.7849350665826,47.60981479814354,0.0,15,-1,never,1.0
15,0.0,0.435,0.565,1986.6326708667154,51.65508381238806,0.0,15,-1,never,1.0
16,0.0,0.42,0.58,1992.7912137583662,53.22557383400854,0.0,15,-1,never,1.0
17,0.0,0.4,0.6,1994.6332740639693,54.12715049096758,0.0,15,-1,never,1.0
18,0.0,0.38,0.62,1995.5480729177352,55.25939584485776,0.0,15,-1,never,1.0
19,0.0,0.36,0.64,1994.5099841303593,56.43663864653272,0.0,15,-1,never,1.0
20,0.0,0.345,0.655,1991.1893649852727,57.78921358336759,0.0,15,-1,never,1.0
21,0.0,0.325,0.675,1985.7987844020593,59.05504097747644,0.0,15,-1,never,1.0
22,0.0,0.305,0.695,1981.6077426165366,59.77516479808864,0.0,15,-1,never,1.0
23,0.0,0.29,0.71,1972.462945675692,61.096640429494705,0.0,15,-1,never,1.0
24,0.0,0.275,0.725,1969.1547442760316,61.495206554902865,0.0,15,-1,never,1.0
25,0.0,0.245,0.755,1956.0678175854327,62.88529822810363,0.0,15,-1,never,1.0
26,0.0,0.235,0.765,1950.5137630163497,63.40713173418987,0.0,15,-1,never,1.0
27,0.0,0.225,0.775,1946.4631794563,63.77692916421171,0.0,15,-1,never,1.0
28,0.0,0.21,0.79,1931.397323220963,65.00881651833065,0.0,15,-1,never,1.0
29,0.0,0.2,0.8,1921.7734643606643,65.7240624770117,0.0,15,-1,never,1.0
30,0.0,0.185,0.815,1910.2989605944902,66.52445891538983,0.0,15,-1,never,1.0
31,0.0,0.18,0.82,1902.1699375432934,67.06183457803937,0.0,15,-1,never,1.0
32,0.0,0.17,0.83,1891.817987542154,67.71199102771733,0.0,15,-1,never,1.0
33,0.0,0.165,0.835,1888.7899724387867,67.89536977188752,0.0,15,-1,never,1.0
34,0.0,0.15,0.85,1872.7402425662917,68.83230261210107,0.0,15,-1,never,1.0
35,0.0,0.145,0.855,1869.5597431114866,69.00996699786151,0.0,15,-1,never,1.0
36,0.0,0.13,0.87,1829.4545596866858,71.1130475652572,0.0,15,-1,never,1.0
37,0.0,0.125,0.875,1827.8403873648303,71.19209157030281,0.0,15,-1,never,1.0
38,0.0,0.115,0.885,1818.721576191737,71.6301201829502,0.0,15,-1,never,1.0
39,0.0,0.11,0.89,1814.7058126465618,71.82039300829243,0.0,15,-1,never,1.0
40,0.0,0.105,0.895,1805.7673613247955,72.23729776763778,0.0,15,-1,never,1.0
41,0.0,0.09,0.91,1788.7412691403852,73.00648891279718,0.0,15,-1,never,1.0
42,0.0,0.09,0.91,1788.7412691403852,73.00648891279718,0.0,15,-1,never,1.0
43,0.0,0.09,0.91,1788.7412691403852,73.00648891279718,0.0,15,-1,never,1.0
44,0.0,0.085,0.915,1783.7377739867027,73.22619100811434,0.0,15,-1,never,1.0
45,0.0,0.075,0.925,1775.82250070588,73.57459156157861,0.0,15,-1,never,1.0
46,0.0,0.075,0.925,1775.82250070588,73.57459156157861,0.0,15,-1,never,1.0
47,0.0,0.07,0.93,1751.9178789859243,74.59023259238637,0.0,15,-1,never,1.0
48,0.0,0.07,0.93,1751.9178789859243,74.59023259238637,0.0,15,-1,never,1.0
49,0.0,0.065,0.935,1742.386092837658,74.97887156371262,0.0,15,-1,never,1.0
50,0.0,0.06,0.94,1734.534141770228,75.29447178314136,0.0,15,-1,never,1.0
51,0.0,0.06,0.94,1734.534141770228,75.29447178314136,0.0,15,-1,never,1.0
52,0.0,0.055,0.945,1728.7635636782793,75.52567619170935,0.0,15,-1,never,1.0
53,0.0,0.045,0.955,1708.762778151097,76.30067940831513,0.0,15,-1,never,1.0
54,0.0,0.04,0.96,1706.3155654473821,76.39573916897166,0.0,15,-1,never,1.0
55,0.0,0.04,0.96,1706.3155654473821,76.39573916897166,0.0,15,-1,never,1.0
56,0.0,0.04,0.96,1706.3155654473821,76.39573916897166,0.0,15,-1,never,1.0
57,0.0,0.04,0.96,1706.3155654473821,76.39573916897166,0.0,15,-1,never,1.0
58,0.0,0.04,0.96,1706.3155654473821,76.39573916897166,0.0,15,-1,never,1.0
0,0.0,1.0,0.0,988.0845626562701,0.0,1.0,15,0,t=0,1.0
1,0.0,0.95,0.05,921.0310232936386,5.953313604893781,1.0,15,0,t=0,1.0
2,0.0,0.905,0.095,996.869777154875,9.733057342261748,1.0,15,0,t=0,1.0
3,0.0,0.865,0.135,1090.0141887148366,13.741428199459392,1.0,15,0,t=0,1.0
4,0.0,0.815,0.185,1263.7274708417945,20.54119459389411,1.0,15,0,t=0,1.0
5,0.0,0.77,0.23,1365.2211810000638,24.209726463313746,1.0,15,0,t=0,1.0
6,0.0,0.73,0.27,1421.7841854582275,26.16875379841266,1.0,15,0,t=0,1.0
7,0.0,0.695,0.305,1497.9516827235923,28.718434302966514,1.0,15,0,t=0,1.0
8,0.0,0.655,0.345,1577.5617816378494,31.28405394403072,1.0,15,0,t=0,1.0
9,0.0,0.625,0.375,1642.2089818954291,33.294456308596125,1.0,15,0,t=0,1.0
10,0.0,0.625,0.375,1642.2089818954291,33.294456308596125,1.0,15,0,t=0,1.0
11,0.0,0.625,0.375,1642.2089818954291,33.294456308596125,1.0,15,0,t=0,1.0
12,0.0,0.625,0.375,1642.2089818954291,33.294456308596125,1.0,15,0,t=0,1.0
13,0.0,0.625,0.375,1642.2089818954291,33.294456308596125,1.0,15,0,t=0,1.0
0,0.0,1.0,0.0,988.0845626562701,0.0,0.0,15,10,t=10,1.0
1,0.0,0.95,0.05,921.0310232936386,5.953313604893781,0.0,15,10,t=10,1.0
2,0.0,0.905,0.095,996.869777154875,9.733057342261748,0.0,15,10,t=10,1.0
3,0.0,0.865,0.135,1090.0141887148366,13.741428199459392,0.0,15,10,t=10,1.0
4,0.0,0.815,0.185,1263.7274708417945,20.54119459389411,0.0,15,10,t=10,1.0
5,0.0,0.77,0.23,1365.2211810000638,24.209726463313746,0.0,15,10,t=10,1.0
6,0.0,0.73,0.27,1421.7841854582275,26.16875379841266,0.0,15,10,t=10,1.0
7,0.0,0.695,0.305,1497.9516827235923,28.718434302966514,0.0,15,10,t=10,1.0
8,0.0,0.655,0.345,1577.5617816378494,31.28405394403072,0.0,15,10,t=10,1.0
9,0.0,0.625,0.375,1642.2089818954291,33.294456308596125,0.0,15,10,t=10,1.0
10,0.0,0.595,0.405,1694.0068526045266,34.92510715703306,1.0,15,10,t=10,1.0
11,0.0,0.595,0.405,1694.0068526045266,34.92510715703306,1.0,15,10,t=10,1.0
12,0.0,0.595,0.405,1694.0068526045266,34.92510715703306,1.0,15,10,t=10,1.0
13,0.0,0.595,0.405,1694.0068526045266,34.92510715703306,1.0,15,10,t=10,1.0
14,0.0,0.595,0.405,1694.0068526045266,34.92510715703306,1.0,15,10,t=10,1.0
0,0.0,1.0,0.0,988.0845626562701,0.0,0.0,15,20,t=20,1.0
1,0.0,0.95,0.05,921.0310232936386,5.953313604893781,0.0,15,20,t=20,1.0
2,0.0,0.905,0.095,996.869777154875,9.733057342261748,0.0,15,20,t=20,1.0
3,0.0,0.865,0.135,1090.0141887148366,13.741428199459392,0.0,15,20,t=20,1.0
4,0.0,0.815,0.185,1263.7274708417945,20.54119459389411,0.0,15,20,t=20,1.0
5,0.0,0.77,0.23,1365.2211810000638,24.209726463313746,0.0,15,20,t=20,1.0
6,0.0,0.73,0.27,1421.7841854582275,26.16875379841266,0.0,15,20,t=20,1.0
7,0.0,0.695,0.305,1497.9516827235923,28.718434302966514,0.0,15,20,t=20,1.0
8,0.0,0.655,0.345,1577.5617816378494,31.28405394403072,0.0,15,20,t=20,1.0
9,0.0,0.625,0.375,1642.2089818954291,33.294456308596125,0.0,15,20,t=20,1.0
10,0.0,0.595,0.405,1694.0068526045266,34.92510715703306,0.0,15,20,t=20,1.0
11,0.0,0.56,0.44,1814.9428818283395,39.41623233717041,0.0,15,20,t=20,1.0
12,0.0,0.525,0.475,1893.4713860684258,43.27614954627688,0.0,15,20,t=20,1.0
13,0.0,0.505,0.495,1930.2091621001023,45.636349796687384,0.0,15,20,t=20,1.0
14,0.0,0.475,0.525,1954.7849350665826,47.60981479814354,0.0,15,20,t=20,1.0
15,0.0,0.435,0.565,1986.6326708667154,51.65508381238806,0.0,15,20,t=20,1.0
16,0.0,0.42,0.58,1992.7912137583662,53.22557383400854,0.0,15,20,t=20,1.0
17,0.0,0.4,0.6,1994.6332740639693,54.12715049096758,0.0,15,20,t=20,1.0
18,0.0,0.38,0.62,1995.5480729177352,55.25939584485776,0.0,15,20,t=20,1.0
19,0.0,0.36,0.64,1994.5099841303593,56.43663864653272,0.0,15,20,t=20,1.0
20,0.0,0.345,0.655,1991.1893649852727,57.78921358336759,1.0,15,20,t=20,1.0
21,0.0,0.345,0.655,1991.1893649852727,57.78921358336759,1.0,15,20,t=20,1.0
22,0.0,0.345,0.655,1991.1893649852727,57.78921358336759,1.0,15,20,t=20,1.0
23,0.0,0.345,0.655,1991.1893649852727,57.78921358336759,1.0,15,20,t=20,1.0
24,0.0,0.345,0.655,1991.1893649852727,57.78921358336759,1.0,15,20,t=20,1.0
0,0.0,1.0,0.0,988.0845626562701,0.0,0.0,15,40,t=40,1.0
1,0.0,0.95,0.05,921.0310232936386,5.953313604893781,0.0,15,40,t=40,1.0
2,0.0,0.905,0.095,996.869777154875,9.733057342261748,0.0,15,40,t=40,1.0
3,0.0,0.865,0.135,1090.0141887148366,13.741428199459392,0.0,15,40,t=40,1.0
4,0.0,0.815,0.185,1263.7274708417945,20.54119459389411,0.0,15,40,t=40,1.0
5,0.0,0.77,0.23,1365.2211810000638,24.209726463313746,0.0,15,40,t=40,1.0
6,0.0,0.73,0.27,1421.7841854582275,26.16875379841266,0.0,15,40,t=40,1.0
7,0.0,0.695,0.305,1497.9516827235923,28.718434302966514,0.0,15,40,t=40,1.0
8,0.0,0.655,0.345,1577.5617816378494,31.28405394403072,0.0,15,40,t=40,1.0
9,0.0,0.625,0.375,1642.2089818954291,33.294456308596125,0.0,15,40,t=40,1.0
10,0.0,0.595,0.405,1694.0068526045266,34.92510715703306,0.0,15,40,t=40,1.0
11,0.0,0.56,0.44,1814.9428818283395,39.41623233717041,0.0,15,40,t=40,1.0
12,0.0,0.525,0.475,1893.4713860684258,43.27614954627688,0.0,15,40,t=40,1.0
13,0.0,0.505,0.495,1930.2091621001023,45.636349796687384,0.0,15,40,t=40,1.0
14,0.0,0.475,0.525,1954.7849350665826,47.60981479814354,0.0,15,40,t=40,1.0
15,0.0,0.435,0.565,1986.6326708667154,51.65508381238806,0.0,15,40,t=40,1.0
16,0.0,0.42,0.58,1992.7912137583662,53.22557383400854,0.0,15,40,t=40,1.0
17,0.0,0.4,0.6,1994.6332740639693,54.12715049096758,0.0,15,40,t=40,1.0
18,0.0,0.38,0.62,1995.5480729177352,55.25939584485776,0.0,15,40,t=40,1.0
19,0.0,0.36,0.64,1994.5099841303593,56.43663864653272,0.0,15,40,t=40,1.0
20,0.0,0.345,0.655,1991.1893649852727,57.78921358336759,0.0,15,40,t=40,1.0
21,0.0,0.325,0.675,1985.7987844020593,59.05504097747644,0.0,15,40,t=40,1.0
22,0.0,0.305,0.695,1981.6077426165366,59.77516479808864,0.0,15,40,t=40,1.0
23,0.0,0.29,0.71,1972.462945675692,61.096640429494705,0.0,15,40,t=40,1.0
24,0.0,0.275,0.725,1969.1547442760316,61.495206554902865,0.0,15,40,t=40,1.0
25,0.0,0.245,0.755,1956.0678175854327,62.88529822810363,0.0,15,40,t=40,1.0
26,0.0,0.235,0.765,1950.5137630163497,63.40713173418987,0.0,15,40,t=40,1.0
27,0.0,0.225,0.775,1946.4631794563,63.77692916421171,0.0,15,40,t=40,1.0
28,0.0,0.21,0.79,1931.397323220963,65.00881651833065,0.0,15,40,t=40,1.0
29,0.0,0.2,0.8,1921.7734643606643,65.7240624770117,0.0,15,40,t=40,1.0
30,0.0,0.185,0.815,1910.2989605944902,66.52445891538983,0.0,15,40,t=40,1.0
31,0.0,0.18,0.82,1902.1699375432934,67.06183457803937,0.0,15,40,t=40,1.0
32,0.0,0.17,0.83,1891.817987542154,67.71199102771733,0.0,15,40,t=40,1.0
33,0.0,0.165,0.835,1888.7899724387867,67.89536977188752,0.0,15,40,t=40,1.0
34,0.0,0.15,0.85,1872.7402425662917,68.83230261210107,0.0,15,40,t=40,1.0
35,0.0,0.145,0.855,1869.5597431114866,69.00996699786151,0.0,15,40,t=40,1.0
36,0.0,0.13,0.87,1829.4545596866858,71.1130475652572,0.0,15,40,t=40,1.0
37,0.0,0.125,0.875,1827.8403873648303,71.19209157030281,0.0,15,40,t=40,1.0
38,0.0,0.115,0.885,1818.721576191737,71.6301201829502,0.0,15,40,t=40,1.0
39,0.0,0.11,0.89,1814.7058126465618,71.82039300829243,0.0,15,40,t=40,1.0
40,0.0,0.105,0.895,1805.7673613247955,72.23729776763778,1.0,15,40,t=40,1.0
41,0.0,0.105,0.895,1805.7673613247955,72.23729776763778,1.0,15,40,t=40,1.0
42,0.0,0.105,0.895,1805.7673613247955,72.23729776763778,1.0,15,40,t=40,1.0
43,0.0,0.105,0.895,1805.7673613247955,72.23729776763778,1.0,15,40,t=40,1.0
44,0.0,0.105,0.895,1805.7673613247955,72.23729776763778,1.0,15,40,t=40,1.0
0,0.0,1.0,0.0,988.0845626562701,0.0,0.0,15,60,t=60,1.0
1,0.0,0.95,0.05,921.0310232936386,5.953313604893781,0.0,15,60,t=60,1.0
2,0.0,0.905,0.095,996.869777154875,9.733057342261748,0.0,15,60,t=60,1.0
3,0.0,0.865,0.135,1090.0141887148366,13.741428199459392,0.0,15,60,t=60,1.0
4,0.0,0.815,0.185,1263.7274708417945,20.54119459389411,0.0,15,60,t=60,1.0
5,0.0,0.77,0.23,1365.2211810000638,24.209726463313746,0.0,15,60,t=60,1.0
6,0.0,0.73,0.27,1421.7841854582275,26.16875379841266,0.0,15,60,t=60,1.0
7,0.0,0.695,0.305,1497.9516827235923,28.718434302966514,0.0,15,60,t=60,1.0
8,0.0,0.655,0.345,1577.5617816378494,31.28405394403072,0.0,15,60,t=60,1.0
9,0.0,0.625,0.375,1642.2089818954291,33.294456308596125,0.0,15,60,t=60,1.0
10,0.0,0.595,0.405,1694.0068526045266,34.92510715703306,0.0,15,60,t=60,1.0
11,0.0,0.56,0.44,1814.9428818283395,39.41623233717041,0.0,15,60,t=60,1.0
12,0.0,0.525,0.475,1893.4713860684258,43.27614954627688,0.0,15,60,t=60,1.0
13,0.0,0.505,0.495,1930.2091621001023,45.636349796687384,0.0,15,60,t=60,1.0
14,0.0,0.475,0.525,1954.7849350665826,47.60981479814354,0.0,15,60,t=60,1.0
15,0.0,0.435,0.565,1986.6326708667154,51.65508381238806,0.0,15,60,t=60,1.0
16,0.0,0.42,0.58,1992.7912137583662,53.22557383400854,0.0,15,60,t=60,1.0
17,0.0,0.4,0.6,1994.6332740639693,54.12715049096758,0.0,15,60,t=60,1.0
18,0.0,0.38,0.62,1995.5480729177352,55.25939584485776,0.0,15,60,t=60,1.0
19,0.0,0.36,0.64,1994.5099841303593,56.43663864653272,0.0,15,60,t=60,1.0
20,0.0,0.345,0.655,1991.1893649852727,57.78921358336759,0.0,15,60,t=60,1.0
21,0.0,0.325,0.675,1985.7987844020593,59.05504097747644,0.0,15,60,t=60,1.0
22,0.0,0.305,0.695,1981.6077426165366,59.77516479808864,0.0,15,60,t=60,1.0
23,0.0,0.29,0.71,1972.462945675692,61.096640429494705,0.0,15,60,t=60,1.0
24,0.0,0.275,0.725,1969.1547442760316,61.495206554902865,0.0,15,60,t=60,1.0
25,0.0,0.245,0.755,1956.0678175854327,62.88529822810363,0.0,15,60,t=60,1.0
26,0.0,0.235,0.765,1950.5137630163497,63.40713173418987,0.0,15,60,t=60,1.0
27,0.0,0.225,0.775,1946.4631794563,63.77692916421171,0.0,15,60,t=60,1.0
28,0.0,0.21,0.79,1931.397323220963,65.00881651833065,0.0,15,60,t=60,1.0
29,0.0,0.2,0.8,1921.7734643606643,65.7240624770117,0.0,15,60,t=60,1.0
30,0.0,0.185,0.815,1910.2989605944902,66.52445891538983,0.0,15,60,t=60,1.0
31,0.0,0.18,0.82,1902.1699375432934,67.06183457803937,0.0,15,60,t=60,1.0
32,0.0,0.17,0.83,1891.817987542154,67.71199102771733,0.0,15,60,t=60,1.0
33,0.0,0.165,0.835,1888.7899724387867,67.89536977188752,0.0,15,60,t=60,1.0
34,0.0,0.15,0.85,1872.7402425662917,68.83230261210107,0.0,15,60,t=60,1.0
35,0.0,0.145,0.855,1869.5597431114866,69.00996699786151,0.0,15,60,t=60,1.0
36,0.0,0.13,0.87,1829.4545596866858,71.1130475652572,0.0,15,60,t=60,1.0
37,0.0,0.125,0.875,1827.8403873648303,71.19209157030281,0.0,15,60,t=60,1.0
38,0.0,0.115,0.885,1818.721576191737,71.6301201829502,0.0,15,60,t=60,1.0
39,0.0,0.11,0.89,1814.7058126465618,71.82039300829243,0.0,15,60,t=60,1.0
40,0.0,0.105,0.895,1805.7673613247955,72.23729776763778,0.0,15,60,t=60,1.0
41,0.0,0.09,0.91,1788.7412691403852,73.00648891279718,0.0,15,60,t=60,1.0
42,0.0,0.09,0.91,1788.7412691403852,73.00648891279718,0.0,15,60,t=60,1.0
43,0.0,0.09,0.91,1788.7412691403852,73.00648891279718,0.0,15,60,t=60,1.0
44,0.0,0.085,0.915,1783.7377739867027,73.22619100811434,0.0,15,60,t=60,1.0
45,0.0,0.075,0.925,1775.82250070588,73.57459156157861,0.0,15,60,t=60,1.0
46,0.0,0.075,0.925,1775.82250070588,73.57459156157861,0.0,15,60,t=60,1.0
47,0.0,0.07,0.93,1751.9178789859243,74.59023259238637,0.0,15,60,t=60,1.0
48,0.0,0.07,0.93,1751.9178789859243,74.59023259238637,0.0,15,60,t=60,1.0
49,0.0,0.065,0.935,1742.386092837658,74.97887156371262,0.0,15,60,t=60,1.0
50,0.0,0.06,0.94,1734.534141770228,75.29447178314136,0.0,15,60,t=60,1.0
51,0.0,0.06,0.94,1734.534141770228,75.29447178314136,0.0,15,60,t=60,1.0
52,0.0,0.055,0.945,1728.7635636782793,75.52567619170935,0.0,15,60,t=60,1.0
53,0.0,0.045,0.955,1708.762778151097,76.30067940831513,0.0,15,60,t=60,1.0
54,0.0,0.04,0.96,1706.3155654473821,76.39573916897166,0.0,15,60,t=60,1.0
55,0.0,0.04,0.96,1706.3155654473821,76.39573916897166,0.0,15,60,t=60,1.0
56,0.0,0.04,0.96,1706.3155654473821,76.39573916897166,0.0,15,60,t=60,1.0
57,0.0,0.04,0.96,1706.3155654473821,76.39573916897166,0.0,15,60,t=60,1.0
58,0.0,0.04,0.96,1706.3155654473821,76.39573916897166,0.0,15,60,t=60,1.0
59,0.0,0.04,0.96,1706.3155654473821,76.39573916897166,0.0,15,60,t=60,1.0
60,0.0,0.04,0.96,1706.3155654473821,76.39573916897166,1.0,15,60,t=60,1.0
0,0.0,1.0,0.0,988.0845626562701,0.0,0.0,15,80,t=80,1.0
1,0.0,0.95,0.05,921.0310232936386,5.953313604893781,0.0,15,80,t=80,1.0
2,0.0,0.905,0.095,996.869777154875,9.733057342261748,0.0,15,80,t=80,1.0
3,0.0,0.865,0.135,1090.0141887148366,13.741428199459392,0.0,15,80,t=80,1.0
4,0.0,0.815,0.185,1263.7274708417945,20.54119459389411,0.0,15,80,t=80,1.0
5,0.0,0.77,0.23,1365.2211810000638,24.209726463313746,0.0,15,80,t=80,1.0
6,0.0,0.73,0.27,1421.7841854582275,26.16875379841266,0.0,15,80,t=80,1.0
7,0.0,0.695,0.305,1497.9516827235923,28.718434302966514,0.0,15,80,t=80,1.0
8,0.0,0.655,0.345,1577.5617816378494,31.28405394403072,0.0,15,80,t=80,1.0
9,0.0,0.625,0.375,1642.2089818954291,33.294456308596125,0.0,15,80,t=80,1.0
10,0.0,0.595,0.405,1694.0068526045266,34.92510715703306,0.0,15,80,t=80,1.0
11,0.0,0.56,0.44,1814.9428818283395,39.41623233717041,0.0,15,80,t=80,1.0
12,0.0,0.525,0.475,1893.4713860684258,43.27614954627688,0.0,15,80,t=80,1.0
13,0.0,0.505,0.495,1930.2091621001023,45.636349796687384,0.0,15,80,t=80,1.0
14,0.0,0.475,0.525,1954.7849350665826,47.60981479814354,0.0,15,80,t=80,1.0
15,0.0,0.435,0.565,1986.6326708667154,51.65508381238806,0.0,15,80,t=80,1.0
16,0.0,0.42,0.58,1992.7912137583662,53.22557383400854,0.0,15,80,t=80,1.0
17,0.0,0.4,0.6,1994.6332740639693,54.12715049096758,0.0,15,80,t=80,1.0
18,0.0,0.38,0.62,1995.5480729177352,55.25939584485776,0.0,15,80,t=80,1.0
19,0.0,0.36,0.64,1994.5099841303593,56.43663864653272,0.0,15,80,t=80,1.0
20,0.0,0.345,0.655,1991.1893649852727,57.78921358336759,0.0,15,80,t=80,1.0
21,0.0,0.325,0.675,1985.7987844020593,59.05504097747644,0.0,15,80,t=80,1.0
22,0.0,0.305,0.695,1981.6077426165366,59.77516479808864,0.0,15,80,t=80,1.0
23,0.0,0.29,0.71,1972.462945675692,61.096640429494705,0.0,15,80,t=80,1.0
24,0.0,0.275,0.725,1969.1547442760316,61.495206554902865,0.0,15,80,t=80,1.0
25,0.0,0.245,0.755,1956.0678175854327,62.88529822810363,0.0,15,80,t=80,1.0
26,0.0,0.235,0.765,1950.5137630163497,63.40713173418987,0.0,15,80,t=80,1.0
27,0.0,0.225,0.775,1946.4631794563,63.77692916421171,0.0,15,80,t=80,1.0
28,0.0,0.21,0.79,1931.397323220963,65.00881651833065,0.0,15,80,t=80,1.0
29,0.0,0.2,0.8,1921.7734643606643,65.7240624770117,0.0,15,80,t=80,1.0
30,0.0,0.185,0.815,1910.2989605944902,66.52445891538983,0.0,15,80,t=80,1.0
31,0.0,0.18,0.82,1902.1699375432934,67.06183457803937,0.0,15,80,t=80,1.0
32,0.0,0.17,0.83,1891.817987542154,67.71199102771733,0.0,15,80,t=80,1.0
33,0.0,0.165,0.835,1888.7899724387867,67.89536977188752,0.0,15,80,t=80,1.0
34,0.0,0.15,0.85,1872.7402425662917,68.83230261210107,0.0,15,80,t=80,1.0
35,0.0,0.145,0.855,1869.5597431114866,69.00996699786151,0.0,15,80,t=80,1.0
36,0.0,0.13,0.87,1829.4545596866858,71.1130475652572,0.0,15,80,t=80,1.0
37,0.0,0.125,0.875,1827.8403873648303,71.19209157030281,0.0,15,80,t=80,1.0
38,0.0,0.115,0.885,1818.721576191737,71.6301201829502,0.0,15,80,t=80,1.0
39,0.0,0.11,0.89,1814.7058126465618,71.82039300829243,0.0,15,80,t=80,1.0
40,0.0,0.105,0.895,1805.7673613247955,72.23729776763778,0.0,15,80,t=80,1.0
41,0.0,0.09,0.91,1788.7412691403852,73.00648891279718,0.0,15,80,t=80,1.0
42,0.0,0.09,0.91,1788.7412691403852,73.00648891279718,0.0,15,80,t=80,1.0
43,0.0,0.09,0.91,1788.7412691403852,73.00648891279718,0.0,15,80,t=80,1.0
44,0.0,0.085,0.915,1783.7377739867027,73.22619100811434,0.0,15,80,t=80,1.0
45,0.0,0.075,0.925,1775.82250070588,73.57459156157861,0.0,15,80,t=80,1.0
46,0.0,0.075,0.925,1775.82250070588,73.57459156157861,0.0,15,80,t=80,1.0
47,0.0,0.07,0.93,1751.9178789859243,74.59023259238637,0.0,15,80,t=80,1.0
48,0.0,0.07,0.93,1751.9178789859243,74.59023259238637,0.0,15,80,t=80,1.0
49,0.0,0.065,0.935,1742.386092837658,74.97887156371262,0.0,15,80,t=80,1.0
50,0.0,0.06,0.94,1734.534141770228,75.29447178314136,0.0,15,80,t=80,1.0
51,0.0,0.06,0.94,1734.534141770228,75.29447178314136,0.0,15,80,t=80,1.0
52,0.0,0.055,0.945,1728.7635636782793,75.52567619170935,0.0,15,80,t=80,1.0
53,0.0,0.045,0.955,1708.762778151097,76.30067940831513,0.0,15,80,t=80,1.0
54,0.0,0.04,0.96,1706.3155654473821,76.39573916897166,0.0,15,80,t=80,1.0
55,0.0,0.04,0.96,1706.3155654473821,76.39573916897166,0.0,15,80,t=80,1.0
56,0.0,0.04,0.96,1706.3155654473821,76.39573916897166,0.0,15,80,t=80,1.0
57,0.0,0.04,0.96,1706.3155654473821,76.39573916897166,0.0,15,80,t=80,1.0
58,0.0,0.04,0.96,1706.3155654473821,76.39573916897166,0.0,15,80,t=80,1.0
59,0.0,0.04,0.96,1706.3155654473821,76.39573916897166,0.0,15,80,t=80,1.0
60,0.0,0.04,0.96,1706.3155654473821,76.39573916897166,0.0,15,80,t=80,1.0
61,0.0,0.035,0.965,1698.0815699843363,76.71133785955135,0.0,15,80,t=80,1.0
62,0.0,0.035,0.965,1698.0815699843363,76.71133785955135,0.0,15,80,t=80,1.0
63,0.0,0.025,0.975,1693.981041519665,76.8654459288544,0.0,15,80,t=80,1.0
64,0.0,0.02,0.98,1683.2007700941406,77.27036335644303,0.0,15,80,t=80,1.0
65,0.0,0.02,0.98,1683.2007700941406,77.27036335644303,0.0,15,80,t=80,1.0
66,0.0,0.02,0.98,1683.2007700941406,77.27036335644303,0.0,15,80,t=80,1.0
67,0.0,0.015,0.985,1676.8064353339532,77.50872862922816,0.0,15,80,t=80,1.0
68,0.0,0.015,0.985,1676.8064353339532,77.50872862922816,0.0,15,80,t=80,1.0
69,0.0,0.015,0.985,1676.8064353339532,77.50872862922816,0.0,15,80,t=80,1.0
70,0.0,0.015,0.985,1676.8064353339532,77.50872862922816,0.0,15,80,t=80,1.0
71,0.0,0.01,0.99,1672.7529894932145,77.65625999802946,0.0,15,80,t=80,1.0
72,0.0,0.01,0.99,1672.7529894932145,77.65625999802946,0.0,15,80,t=80,1.0
73,0.0,0.01,0.99,1672.7529894932145,77.65625999802946,0.0,15,80,t=80,1.0
74,0.0,0.01,0.99,1672.7529894932145,77.65625999802946,0.0,15,80,t=80,1.0
75,0.0,0.005,0.995,1671.1501206702096,77.71461151425659,0.0,15,80,t=80,1.0
76,0.0,0.005,0.995,1671.1501206702096,77.71461151425659,0.0,15,80,t=80,1.0
77,0.0,0.005,0.995,1671.1501206702096,77.71461151425659,0.0,15,80,t=80,1.0
78,0.0,0.005,0.995,1671.1501206702096,77.71461151425659,0.0,15,80,t=80,1.0
79,0.0,0.005,0.995,1671.1501206702096,77.71461151425659,0.0,15,80,t=80,1.0
80,0.0,0.005,0.995,1671.1501206702096,77.71461151425659,1.0,15,80,t=80,1.0
0,0.0,1.0,0.0,991.1414532335159,0.0,0.0,14,-1,never,1.0
1,0.0,0.95,0.05,880.7932565128274,4.424731781106587,0.0,14,-1,never,1.0
2,0.0,0.9,0.1,959.166575084154,9.80563940876415,0.0,14,-1,never,1.0
3,0.0,0.85,0.15,1109.2255735590263,16.952737039813883,0.0,14,-1,never,1.0
4,0.0,0.805,0.195,1229.2275261955347,22.138264612768282,0.0,14,-1,never,1.0
5,0.0,0.765,0.235,1314.602565474618,25.600110807439073,0.0,14,-1,never,1.0
6,0.0,0.74,0.26,1376.4524704287978,28.015728382601395,0.0,14,-1,never,1.0
7,0.0,0.7,0.3,1443.2214712220175,30.531897450873842,0.0,14,-1,never,1.0
8,0.0,0.665,0.335,1553.905637608589,34.51646919018524,0.0,14,-1,never,1.0
9,0.0,0.635,0.365,1598.6567138668636,36.06988527343656,0.0,14,-1,never,1.0
10,0.0,0.61,0.39,1655.274451520144,37.99185091117157,0.0,14,-1,never,1.0
11,0.0,0.575,0.425,1745.2607217046116,40.96477565232126,0.0,14,-1,never,1.0
12,0.0,0.555,0.445,1799.2328222500612,42.89480414795168,0.0,14,-1,never,1.0
13,0.0,0.535,0.465,1823.61775240881,43.84546126838818,0.0,14,-1,never,1.0
14,0.0,0.5,0.5,1914.8688790820972,48.139820924838766,0.0,14,-1,never,1.0
15,0.0,0.475,0.525,1949.1618344742665,50.277452202059216,0.0,14,-1,never,1.0
16,0.0,0.46,0.54,1959.768184767924,51.05578895521336,0.0,14,-1,never,1.0
17,0.0,0.43,0.57,1977.542514449821,52.55795171771816,0.0,14,-1,never,1.0
18,0.0,0.405,0.595,2000.5009148223264,55.26950937942844,0.0,14,-1,never,1.0
19,0.0,0.395,0.605,2005.3524618977044,56.13183363816617,0.0,14,-1,never,1.0
20,0.0,0.38,0.62,2009.6460524840772,57.12814610050245,0.0,14,-1,never,1.0
21,0.0,0.37,0.63,2013.1177223624793,59.736400838437305,0.0,14,-1,never,1.0
22,0.0,0.355,0.645,2012.4957488010004,60.390727565494046,0.0,14,-1,never,1.0
23,0.0,0.32,0.68,2008.758989983166,61.821313264398384,0.0,14,-1,never,1.0
24,0.0,0.3,0.7,1995.9939636793472,64.16862572365233,0.0,14,-1,never,1.0
25,0.0,0.295,0.705,1994.8860304822122,64.31573183229136,0.0,14,-1,never,1.0
26,0.0,0.28,0.72,1985.9977433256631,65.38221198855321,0.0,14,-1,never,1.0
27,0.0,0.275,0.725,1982.5608002769663,65.74527200174579,0.0,14,-1,never,1.0
28,0.0,0.26,0.74,1976.4875998031043,66.34766958603169,0.0,14,-1,never,1.0
29,0.0,0.255,0.745,1973.9990839999314,66.58262336218431,0.0,14,-1,never,1.0
30,0.0,0.255,0.745,1973.9990839999314,66.58262336218431,0.0,14,-1,never,1.0
31,0.0,0.25,0.75,1972.07253036855,66.7602194114075,0.0,14,-1,never,1.0
32,0.0,0.24,0.76,1966.7217275596154,67.22514516246237,0.0,14,-1,never,1.0
33,0.0,0.22,0.78,1955.742344212355,68.10691620689823,0.0,14,-1,never,1.0
34,0.0,0.22,0.78,1955.742344212355,68.10691620689823,0.0,14,-1,never,1.0
35,0.0,0.2,0.8,1933.7643510175112,69.66761568663233,0.0,14,-1,never,1.0
36,0.0,0.18,0.82,1869.751354385355,73.25695075497381,0.0,14,-1,never,1.0
37,0.0,0.15,0.85,1832.7591399369348,74.98191054884468,0.0,14,-1,never,1.0
38,0.0,0.15,0.85,1832.7591399369348,74.98191054884468,0.0,14,-1,never,1.0
39,0.0,0.14,0.86,1801.6923576725349,76.28931885214226,0.0,14,-1,never,1.0
40,0.0,0.135,0.865,1794.6803776714669,76.5736741255724,0.0,14,-1,never,1.0
41,0.0,0.13,0.87,1794.2553259191181,76.59074609323639,0.0,14,-1,never,1.0
42,0.0,0.125,0.875,1791.8596029058042,76.68666305133368,0.0,14,-1,never,1.0
43,0.0,0.12,0.88,1789.262062151034,76.7904622295514,0.0,14,-1,never,1.0
44,0.0,0.115,0.885,1777.0727181958393,77.26438940536625,0.0,14,-1,never,1.0
45,0.0,0.11,0.89,1773.6063165815744,77.39897433481426,0.0,14,-1,never,1.0
46,0.0,0.11,0.89,1773.6063165815744,77.39897433481426,0.0,14,-1,never,1.0
47,0.0,0.105,0.895,1768.6945371038407,77.58592581830577,0.0,14,-1,never,1.0
48,0.0,0.105,0.895,1768.6945371038407,77.58592581830577,0.0,14,-1,never,1.0
49,0.0,0.105,0.895,1768.6945371038407,77.58592581830577,0.0,14,-1,never,1.0
50,0.0,0.105,0.895,1768.6945371038407,77.58592581830577,0.0,14,-1,never,1.0
51,0.0,0.1,0.9,1758.497922104799,77.97202628894527,0.0,14,-1,never,1.0
52,0.0,0.09,0.91,1749.8839816003012,78.28898624103822,0.0,14,-1,never,1.0
53,0.0,0.09,0.91,1749.8839816003012,78.28898624103822,0.0,14,-1,never,1.0
54,0.0,0.085,0.915,1734.8674105397336,78.83662414178869,0.0,14,-1,never,1.0
55,0.0,0.075,0.925,1708.6571789755783,79.75629829357898,0.0,14,-1,never,1.0
56,0.0,0.07,0.93,1679.154919641592,80.74687571655932,0.0,14,-1,never,1.0
57,0.0,0.07,0.93,1679.154919641592,80.74687571655932,0.0,14,-1,never,1.0
58,0.0,0.06,0.94,1657.825685765613,81.43442910161093,0.0,14,-1,never,1.0
59,0.0,0.06,0.94,1657.825685765613,81.43442910161093,0.0,14,-1,never,1.0
60,0.0,0.06,0.94,1657.825685765613,81.43442910161093,0.0,14,-1,never,1.0
61,0.0,0.06,0.94,1657.825685765613,81.43442910161093,0.0,14,-1,never,1.0
62,0.0,0.055,0.945,1650.835210304105,81.65737789320796,0.0,14,-1,never,1.0
63,0.0,0.055,0.945,1650.835210304105,81.65737789320796,0.0,14,-1,never,1.0
64,0.0,0.045,0.955,1625.3118959997018,82.450071250804,0.0,14,-1,never,1.0
65,0.0,0.045,0.955,1625.3118959997018,82.450071250804,0.0,14,-1,never,1.0
66,0.0,0.04,0.96,1610.069480266209,82.9113803469164,0.0,14,-1,never,1.0
67,0.0,0.04,0.96,1610.069480266209,82.9113803469164,0.0,14,-1,never,1.0
68,0.0,0.04,0.96,1610.069480266209,82.9113803469164,0.0,14,-1,never,1.0
69,0.0,0.035,0.965,1596.8796705698808,83.30650204148162,0.0,14,-1,never,1.0
70,0.0,0.03,0.97,1589.7368683847287,83.51699460962496,0.0,14,-1,never,1.0
71,0.0,0.025,0.975,1565.6312374280453,84.22144853119666,0.0,14,-1,never,1.0
72,0.0,0.025,0.975,1565.6312374280453,84.22144853119666,0.0,14,-1,never,1.0
73,0.0,0.025,0.975,1565.6312374280453,84.22144853119666,0.0,14,-1,never,1.0
74,0.0,0.025,0.975,1565.6312374280453,84.22144853119666,0.0,14,-1,never,1.0
75,0.0,0.025,0.975,1565.6312374280453,84.22144853119666,0.0,14,-1,never,1.0
0,0.0,1.0,0.0,991.1414532335159,0.0,1.0,14,0,t=0,1.0
1,0.0,0.95,0.05,880.7932565128274,4.424731781106587,1.0,14,0,t=0,1.0
2,0.0,0.9,0.1,959.166575084154,9.80563940876415,1.0,14,0,t=0,1.0
3,0.0,0.85,0.15,1109.2255735590263,16.952737039813883,1.0,14,0,t=0,1.0
4,0.0,0.805,0.195,1229.2275261955347,22.138264612768282,1.0,14,0,t=0,1.0
5,0.0,0.765,0.235,1314.602565474618,25.600110807439073,1.0,14,0,t=0,1.0
6,0.0,0.74,0.26,1376.4524704287978,28.015728382601395,1.0,14,0,t=0,1.0
7,0.0,0.7,0.3,1443.2214712220175,30.531897450873842,1.0,14,0,t=0,1.0
8,0.0,0.665,0.335,1553.905637608589,34.51646919018524,1.0,14,0,t=0,1.0
9,0.0,0.635,0.365,1598.6567138668636,36.06988527343656,1.0,14,0,t=0,1.0
10,0.0,0.61,0.39,1655.274451520144,37.99185091117157,1.0,14,0,t=0,1.0
11,0.0,0.61,0.39,1655.274451520144,37.99185091117157,1.0,14,0,t=0,1.0
12,0.0,0.59,0.41,1714.5912850166053,39.95388540986538,1.0,14,0,t=0,1.0
13,0.0,0.59,0.41,1714.5912850166053,39.95388540986538,1.0,14,0,t=0,1.0
14,0.0,0.59,0.41,1714.5912850166053,39.95388540986538,1.0,14,0,t=0,1.0
15,0.0,0.59,0.41,1714.5912850166053,39.95388540986538,1.0,14,0,t=0,1.0
16,0.0,0.59,0.41,1714.5912850166053,39.95388540986538,1.0,14,0,t=0,1.0
0,0.0,1.0,0.0,991.1414532335159,0.0,0.0,14,10,t=10,1.0
1,0.0,0.95,0.05,880.7932565128274,4.424731781106587,0.0,14,10,t=10,1.0
2,0.0,0.9,0.1,959.166575084154,9.80563940876415,0.0,14,10,t=10,1.0
3,0.0,0.85,0.15,1109.2255735590263,16.952737039813883,0.0,14,10,t=10,1.0
4,0.0,0.805,0.195,1229.2275261955347,22.138264612768282,0.0,14,10,t=10,1.0
5,0.0,0.765,0.235,1314.602565474618,25.600110807439073,0.0,14,10,t=10,1.0
6,0.0,0.74,0.26,1376.4524704287978,28.015728382601395,0.0,14,10,t=10,1.0
7,0.0,0.7,0.3,1443.2214712220175,30.531897450873842,0.0,14,10,t=10,1.0
8,0.0,0.665,0.335,1553.905637608589,34.51646919018524,0.0,14,10,t=10,1.0
9,0.0,0.635,0.365,1598.6567138668636,36.06988527343656,0.0,14,10,t=10,1.0
10,0.0,0.61,0.39,1655.274451520144,37.99185091117157,1.0,14,10,t=10,1.0
11,0.0,0.61,0.39,1655.274451520144,37.99185091117157,1.0,14,10,t=10,1.0
12,0.0,0.59,0.41,1714.5912850166053,39.95388540986538,1.0,14,10,t=10,1.0
13,0.0,0.59,0.41,1714.5912850166053,39.95388540986538,1.0,14,10,t=10,1.0
14,0.0,0.59,0.41,1714.5912850166053,39.95388540986538,1.0,14,10,t=10,1.0
15,0.0,0.59,0.41,1714.5912850166053,39.95388540986538,1.0,14,10,t=10,1.0
16,0.0,0.59,0.41,1714.5912850166053,39.95388540986538,1.0,14,10,t=10,1.0
0,0.0,1.0,0.0,991.1414532335159,0.0,0.0,14,20,t=20,1.0
1,0.0,0.95,0.05,880.7932565128274,4.424731781106587,0.0,14,20,t=20,1.0
2,0.0,0.9,0.1,959.166575084154,9.80563940876415,0.0,14,20,t=20,1.0
3,0.0,0.85,0.15,1109.2255735590263,16.952737039813883,0.0,14,20,t=20,1.0
4,0.0,0.805,0.195,1229.2275261955347,22.138264612768282,0.0,14,20,t=20,1.0
5,0.0,0.765,0.235,1314.602565474618,25.600110807439073,0.0,14,20,t=20,1.0
6,0.0,0.74,0.26,1376.4524704287978,28.015728382601395,0.0,14,20,t=20,1.0
7,0.0,0.7,0.3,1443.2214712220175,30.531897450873842,0.0,14,20,t=20,1.0
8,0.0,0.665,0.335,1553.905637608589,34.51646919018524,0.0,14,20,t=20,1.0
9,0.0,0.635,0.365,1598.6567138668636,36.06988527343656,0.0,14,20,t=20,1.0
10,0.0,0.61,0.39,1655.274451520144,37.99185091117157,0.0,14,20,t=20,1.0
11,0.0,0.575,0.425,1745.2607217046116,40.96477565232126,0.0,14,20,t=20,1.0
12,0.0,0.555,0.445,1799.2328222500612,42.89480414795168,0.0,14,20,t=20,1.0
13,0.0,0.535,0.465,1823.61775240881,43.84546126838818,0.0,14,20,t=20,1.0
14,0.0,0.5,0.5,1914.8688790820972,48.139820924838766,0.0,14,20,t=20,1.0
15,0.0,0.475,0.525,1949.1618344742665,50.277452202059216,0.0,14,20,t=20,1.0
16,0.0,0.46,0.54,1959.768184767924,51.05578895521336,0.0,14,20,t=20,1.0
17,0.0,0.43,0.57,1977.542514449821,52.55795171771816,0.0,14,20,t=20,1.0
18,0.0,0.405,0.595,2000.5009148223264,55.26950937942844,0.0,14,20,t=20,1.0
19,0.0,0.395,0.605,2005.3524618977044,56.13183363816617,0.0,14,20,t=20,1.0
20,0.0,0.38,0.62,2009.6460524840772,57.12814610050245,1.0,14,20,t=20,1.0
21,0.0,0.38,0.62,2009.6460524840772,57.12814610050245,1.0,14,20,t=20,1.0
22,0.0,0.38,0.62,2009.6460524840772,57.12814610050245,1.0,14,20,t=20,1.0
23,0.0,0.38,0.62,2009.6460524840772,57.12814610050245,1.0,14,20,t=20,1.0
24,0.0,0.38,0.62,2009.6460524840772,57.12814610050245,1.0,14,20,t=20,1.0
0,0.0,1.0,0.0,991.1414532335159,0.0,0.0,14,40,t=40,1.0
1,0.0,0.95,0.05,880.7932565128274,4.424731781106587,0.0,14,40,t=40,1.0
2,0.0,0.9,0.1,959.166575084154,9.80563940876415,0.0,14,40,t=40,1.0
3,0.0,0.85,0.15,1109.2255735590263,16.952737039813883,0.0,14,40,t=40,1.0
4,0.0,0.805,0.195,1229.2275261955347,22.138264612768282,0.0,14,40,t=40,1.0
5,0.0,0.765,0.235,1314.602565474618,25.600110807439073,0.0,14,40,t=40,1.0
6,0.0,0.74,0.26,1376.4524704287978,28.015728382601395,0.0,14,40,t=40,1.0
7,0.0,0.7,0.3,1443.2214712220175,30.531897450873842,0.0,14,40,t=40,1.0
8,0.0,0.665,0.335,1553.905637608589,34.51646919018524,0.0,14,40,t=40,1.0
9,0.0,0.635,0.365,1598.6567138668636,36.06988527343656,0.0,14,40,t=40,1.0
10,0.0,0.61,0.39,1655.274451520144,37.99185091117157,0.0,14,40,t=40,1.0
11,0.0,0.575,0.425,1745.2607217046116,40.96477565232126,0.0,14,40,t=40,1.0
12,0.0,0.555,0.445,1799.2328222500612,42.89480414795168,0.0,14,40,t=40,1.0
13,0.0,0.535,0.465,1823.61775240881,43.84546126838818,0.0,14,40,t=40,1.0
14,0.0,0.5,0.5,1914.8688790820972,48.139820924838766,0.0,14,40,t=40,1.0
15,0.0,0.475,0.525,1949.1618344742665,50.277452202059216,0.0,14,40,t=40,1.0
16,0.0,0.46,0.54,1959.768184767924,51.05578895521336,0.0,14,40,t=40,1.0
17,0.0,0.43,0.57,1977.542514449821,52.55795171771816,0.0,14,40,t=40,1.0
18,0.0,0.405,0.595,2000.5009148223264,55.26950937942844,0.0,14,40,t=40,1.0
19,0.0,0.395,0.605,2005.3524618977044,56.13183363816617,0.0,14,40,t=40,1.0
20,0.0,0.38,0.62,2009.6460524840772,57.12814610050245,0.0,14,40,t=40,1.0
21,0.0,0.37,0.63,2013.1177223624793,59.736400838437305,0.0,14,40,t=40,1.0
22,0.0,0.355,0.645,2012.4957488010004,60.390727565494046,0.0,14,40,t=40,1.0
23,0.0,0.32,0.68,2008.758989983166,61.821313264398384,0.0,14,40,t=40,1.0
24,0.0,0.3,0.7,1995.9939636793472,64.16862572365233,0.0,14,40,t=40,1.0
25,0.0,0.295,0.705,1994.8860304822122,64.31573183229136,0.0,14,40,t=40,1.0
26,0.0,0.28,0.72,1985.9977433256631,65.38221198855321,0.0,14,40,t=40,1.0
27,0.0,0.275,0.725,1982.5608002769663,65.74527200174579,0.0,14,40,t=40,1.0
28,0.0,0.26,0.74,1976.4875998031043,66.34766958603169,0.0,14,40,t=40,1.0
29,0.0,0.255,0.745,1973.9990839999314,66.58262336218431,0.0,14,40,t=40,1.0
30,0.0,0.255,0.745,1973.9990839999314,66.58262336218431,0.0,14,40,t=40,1.0
31,0.0,0.25,0.75,1972.07253036855,66.7602194114075,0.0,14,40,t=40,1.0
32,0.0,0.24,0.76,1966.7217275596154,67.22514516246237,0.0,14,40,t=40,1.0
33,0.0,0.22,0.78,1955.742344212355,68.10691620689823,0.0,14,40,t=40,1.0
34,0.0,0.22,0.78,1955.742344212355,68.10691620689823,0.0,14,40,t=40,1.0
35,0.0,0.2,0.8,1933.7643510175112,69.66761568663233,0.0,14,40,t=40,1.0
36,0.0,0.18,0.82,1869.751354385355,73.25695075497381,0.0,14,40,t=40,1.0
37,0.0,0.15,0.85,1832.7591399369348,74.98191054884468,0.0,14,40,t=40,1.0
38,0.0,0.15,0.85,1832.7591399369348,74.98191054884468,0.0,14,40,t=40,1.0
39,0.0,0.14,0.86,1801.6923576725349,76.28931885214226,0.0,14,40,t=40,1.0
40,0.0,0.135,0.865,1794.6803776714669,76.5736741255724,1.0,14,40,t=40,1.0
41,0.0,0.135,0.865,1794.6803776714669,76.5736741255724,1.0,14,40,t=40,1.0
42,0.0,0.135,0.865,1794.6803776714669,76.5736741255724,1.0,14,40,t=40,1.0
43,0.0,0.135,0.865,1794.6803776714669,76.5736741255724,1.0,14,40,t=40,1.0
44,0.0,0.135,0.865,1794.6803776714669,76.5736741255724,1.0,14,40,t=40,1.0
0,0.0,1.0,0.0,991.1414532335159,0.0,0.0,14,60,t=60,1.0
1,0.0,0.95,0.05,880.7932565128274,4.424731781106587,0.0,14,60,t=60,1.0
2,0.0,0.9,0.1,959.166575084154,9.80563940876415,0.0,14,60,t=60,1.0
3,0.0,0.85,0.15,1109.2255735590263,16.952737039813883,0.0,14,60,t=60,1.0
4,0.0,0.805,0.195,1229.2275261955347,22.138264612768282,0.0,14,60,t=60,1.0
5,0.0,0.765,0.235,1314.602565474618,25.600110807439073,0.0,14,60,t=60,1.0
6,0.0,0.74,0.26,1376.4524704287978,28.015728382601395,0.0,14,60,t=60,1.0
7,0.0,0.7,0.3,1443.2214712220175,30.531897450873842,0.0,14,60,t=60,1.0
8,0.0,0.665,0.335,1553.905637608589,34.51646919018524,0.0,14,60,t=60,1.0
9,0.0,0.635,0.365,1598.6567138668636,36.06988527343656,0.0,14,60,t=60,1.0
10,0.0,0.61,0.39,1655.274451520144,37.99185091117157,0.0,14,60,t=60,1.0
11,0.0,0.575,0.425,1745.2607217046116,40.96477565232126,0.0,14,60,t=60,1.0
12,0.0,0.555,0.445,1799.2328222500612,42.89480414795168,0.0,14,60,t=60,1.0
13,0.0,0.535,0.465,1823.61775240881,43.84546126838818,0.0,14,60,t=60,1.0
14,0.0,0.5,0.5,1914.8688790820972,48.139820924838766,0.0,14,60,t=60,1.0
15,0.0,0.475,0.525,1949.1618344742665,50.277452202059216,0.0,14,60,t=60,1.0
16,0.0,0.46,0.54,1959.768184767924,51.05578895521336,0.0,14,60,t=60,1.0
17,0.0,0.43,0.57,1977.542514449821,52.55795171771816,0.0,14,60,t=60,1.0
18,0.0,0.405,0.595,2000.5009148223264,55.26950937942844,0.0,14,60,t=60,1.0
19,0.0,0.395,0.605,2005.3524618977044,56.13183363816617,0.0,14,60,t=60,1.0
20,0.0,0.38,0.62,2009.6460524840772,57.12814610050245,0.0,14,60,t=60,1.0
21,0.0,0.37,0.63,2013.1177223624793,59.736400838437305,0.0,14,60,t=60,1.0
22,0.0,0.355,0.645,2012.4957488010004,60.390727565494046,0.0,14,60,t=60,1.0
23,0.0,0.32,0.68,2008.758989983166,61.821313264398384,0.0,14,60,t=60,1.0
24,0.0,0.3,0.7,1995.9939636793472,64.16862572365233,0.0,14,60,t=60,1.0
25,0.0,0.295,0.705,1994.8860304822122,64.31573183229136,0.0,14,60,t=60,1.0
26,0.0,0.28,0.72,1985.9977433256631,65.38221198855321,0.0,14,60,t=60,1.0
27,0.0,0.275,0.725,1982.5608002769663,65.74527200174579,0.0,14,60,t=60,1.0
28,0.0,0.26,0.74,1976.4875998031043,66.34766958603169,0.0,14,60,t=60,1.0
29,0.0,0.255,0.745,1973.9990839999314,66.58262336218431,0.0,14,60,t=60,1.0
30,0.0,0.255,0.745,1973.9990839999314,66.58262336218431,0.0,14,60,t=60,1.0
31,0.0,0.25,0.75,1972.07253036855,66.7602194114075,0.0,14,60,t=60,1.0
32,0.0,0.24,0.76,1966.7217275596154,67.22514516246237,0.0,14,60,t=60,1.0
33,0.0,0.22,0.78,1955.742344212355,68.10691620689823,0.0,14,60,t=60,1.0
34,0.0,0.22,0.78,1955.742344212355,68.10691620689823,0.0,14,60,t=60,1.0
35,0.0,0.2,0.8,1933.7643510175112,69.66761568663233,0.0,14,60,t=60,1.0
36,0.0,0.18,0.82,1869.751354385355,73.25695075497381,0.0,14,60,t=60,1.0
37,0.0,0.15,0.85,1832.7591399369348,74.98191054884468,0.0,14,60,t=60,1.0
38,0.0,0.15,0.85,1832.7591399369348,74.98191054884468,0.0,14,60,t=60,1.0
39,0.0,0.14,0.86,1801.6923576725349,76.28931885214226,0.0,14,60,t=60,1.0
40,0.0,0.135,0.865,1794.6803776714669,76.5736741255724,0.0,14,60,t=60,1.0
41,0.0,0.13,0.87,1794.2553259191181,76.59074609323639,0.0,14,60,t=60,1.0
42,0.0,0.125,0.875,1791.8596029058042,76.68666305133368,0.0,14,60,t=60,1.0
43,0.0,0.12,0.88,1789.262062151034,76.7904622295514,0.0,14,60,t=60,1.0
44,0.0,0.115,0.885,1777.0727181958393,77.26438940536625,0.0,14,60,t=60,1.0
45,0.0,0.11,0.89,1773.6063165815744,77.39897433481426,0.0,14,60,t=60,1.0
46,0.0,0.11,0.89,1773.6063165815744,77.39897433481426,0.0,14,60,t=60,1.0
47,0.0,0.105,0.895,1768.6945371038407,77.58592581830577,0.0,14,60,t=60,1.0
48,0.0,0.105,0.895,1768.6945371038407,77.58592581830577,0.0,14,60,t=60,1.0
49,0.0,0.105,0.895,1768.6945371038407,77.58592581830577,0.0,14,60,t=60,1.0
50,0.0,0.105,0.895,1768.6945371038407,77.58592581830577,0.0,14,60,t=60,1.0
51,0.0,0.1,0.9,1758.497922104799,77.97202628894527,0.0,14,60,t=60,1.0
52,0.0,0.09,0.91,1749.8839816003012,78.28898624103822,0.0,14,60,t=60,1.0
53,0.0,0.09,0.91,1749.8839816003012,78.28898624103822,0.0,14,60,t=60,1.0
54,0.0,0.085,0.915,1734.8674105397336,78.83662414178869,0.0,14,60,t=60,1.0
55,0.0,0.075,0.925,1708.6571789755783,79.75629829357898,0.0,14,60,t=60,1.0
56,0.0,0.07,0.93,1679.154919641592,80.74687571655932,0.0,14,60,t=60,1.0
57,0.0,0.07,0.93,1679.154919641592,80.74687571655932,0.0,14,60,t=60,1.0
58,0.0,0.06,0.94,1657.825685765613,81.43442910161093,0.0,14,60,t=60,1.0
59,0.0,0.06,0.94,1657.825685765613,81.43442910161093,0.0,14,60,t=60,1.0
60,0.0,0.06,0.94,1657.825685765613,81.43442910161093,1.0,14,60,t=60,1.0
61,0.0,0.06,0.94,1657.825685765613,81.43442910161093,1.0,14,60,t=60,1.0
62,0.0,0.06,0.94,1657.825685765613,81.43442910161093,1.0,14,60,t=60,1.0
0,0.0,1.0,0.0,991.1414532335159,0.0,0.0,14,80,t=80,1.0
1,0.0,0.95,0.05,880.7932565128274,4.424731781106587,0.0,14,80,t=80,1.0
2,0.0,0.9,0.1,959.166575084154,9.80563940876415,0.0,14,80,t=80,1.0
3,0.0,0.85,0.15,1109.2255735590263,16.952737039813883,0.0,14,80,t=80,1.0
4,0.0,0.805,0.195,1229.2275261955347,22.138264612768282,0.0,14,80,t=80,1.0
5,0.0,0.765,0.235,1314.602565474618,25.600110807439073,0.0,14,80,t=80,1.0
6,0.0,0.74,0.26,1376.4524704287978,28.015728382601395,0.0,14,80,t=80,1.0
7,0.0,0.7,0.3,1443.2214712220175,30.531897450873842,0.0,14,80,t=80,1.0
8,0.0,0.665,0.335,1553.905637608589,34.51646919018524,0.0,14,80,t=80,1.0
9,0.0,0.635,0.365,1598.6567138668636,36.06988527343656,0.0,14,80,t=80,1.0
10,0.0,0.61,0.39,1655.274451520144,37.99185091117157,0.0,14,80,t=80,1.0
11,0.0,0.575,0.425,1745.2607217046116,40.96477565232126,0.0,14,80,t=80,1.0
12,0.0,0.555,0.445,1799.2328222500612,42.89480414795168,0.0,14,80,t=80,1.0
13,0.0,0.535,0.465,1823.61775240881,43.84546126838818,0.0,14,80,t=80,1.0
14,0.0,0.5,0.5,1914.8688790820972,48.139820924838766,0.0,14,80,t=80,1.0
15,0.0,0.475,0.525,1949.1618344742665,50.277452202059216,0.0,14,80,t=80,1.0
16,0.0,0.46,0.54,1959.768184767924,51.05578895521336,0.0,14,80,t=80,1.0
17,0.0,0.43,0.57,1977.542514449821,52.55795171771816,0.0,14,80,t=80,1.0
18,0.0,0.405,0.595,2000.5009148223264,55.26950937942844,0.0,14,80,t=80,1.0
19,0.0,0.395,0.605,2005.3524618977044,56.13183363816617,0.0,14,80,t=80,1.0
20,0.0,0.38,0.62,2009.6460524840772,57.12814610050245,0.0,14,80,t=80,1.0
21,0.0,0.37,0.63,2013.1177223624793,59.736400838437305,0.0,14,80,t=80,1.0
22,0.0,0.355,0.645,2012.4957488010004,60.390727565494046,0.0,14,80,t=80,1.0
23,0.0,0.32,0.68,2008.758989983166,61.821313264398384,0.0,14,80,t=80,1.0
24,0.0,0.3,0.7,1995.9939636793472,64.16862572365233,0.0,14,80,t=80,1.0
25,0.0,0.295,0.705,1994.8860304822122,64.31573183229136,0.0,14,80,t=80,1.0
26,0.0,0.28,0.72,1985.9977433256631,65.38221198855321,0.0,14,80,t=80,1.0
27,0.0,0.275,0.725,1982.5608002769663,65.74527200174579,0.0,14,80,t=80,1.0
28,0.0,0.26,0.74,1976.4875998031043,66.34766958603169,0.0,14,80,t=80,1.0
29,0.0,0.255,0.745,1973.9990839999314,66.58262336218431,0.0,14,80,t=80,1.0
30,0.0,0.255,0.745,1973.9990839999314,66.58262336218431,0.0,14,80,t=80,1.0
31,0.0,0.25,0.75,1972.07253036855,66.7602194114075,0.0,14,80,t=80,1.0
32,0.0,0.24,0.76,1966.7217275596154,67.22514516246237,0.0,14,80,t=80,1.0
33,0.0,0.22,0.78,1955.742344212355,68.10691620689823,0.0,14,80,t=80,1.0
34,0.0,0.22,0.78,1955.742344212355,68.10691620689823,0.0,14,80,t=80,1.0
35,0.0,0.2,0.8,1933.7643510175112,69.66761568663233,0.0,14,80,t=80,1.0
36,0.0,0.18,0.82,1869.751354385355,73.25695075497381,0.0,14,80,t=80,1.0
37,0.0,0.15,0.85,1832.7591399369348,74.98191054884468,0.0,14,80,t=80,1.0
38,0.0,0.15,0.85,1832.7591399369348,74.98191054884468,0.0,14,80,t=80,1.0
39,0.0,0.14,0.86,1801.6923576725349,76.28931885214226,0.0,14,80,t=80,1.0
40,0.0,0.135,0.865,1794.6803776714669,76.5736741255724,0.0,14,80,t=80,1.0
41,0.0,0.13,0.87,1794.2553259191181,76.59074609323639,0.0,14,80,t=80,1.0
42,0.0,0.125,0.875,1791.8596029058042,76.68666305133368,0.0,14,80,t=80,1.0
43,0.0,0.12,0.88,1789.262062151034,76.7904622295514,0.0,14,80,t=80,1.0
44,0.0,0.115,0.885,1777.0727181958393,77.26438940536625,0.0,14,80,t=80,1.0
45,0.0,0.11,0.89,1773.6063165815744,77.39897433481426,0.0,14,80,t=80,1.0
46,0.0,0.11,0.89,1773.6063165815744,77.39897433481426,0.0,14,80,t=80,1.0
47,0.0,0.105,0.895,1768.6945371038407,77.58592581830577,0.0,14,80,t=80,1.0
48,0.0,0.105,0.895,1768.6945371038407,77.58592581830577,0.0,14,80,t=80,1.0
49,0.0,0.105,0.895,1768.6945371038407,77.58592581830577,0.0,14,80,t=80,1.0
50,0.0,0.105,0.895,1768.6945371038407,77.58592581830577,0.0,14,80,t=80,1.0
51,0.0,0.1,0.9,1758.497922104799,77.97202628894527,0.0,14,80,t=80,1.0
52,0.0,0.09,0.91,1749.8839816003012,78.28898624103822,0.0,14,80,t=80,1.0
53,0.0,0.09,0.91,1749.8839816003012,78.28898624103822,0.0,14,80,t=80,1.0
54,0.0,0.085,0.915,1734.8674105397336,78.83662414178869,0.0,14,80,t=80,1.0
55,0.0,0.075,0.925,1708.6571789755783,79.75629829357898,0.0,14,80,t=80,1.0
56,0.0,0.07,0.93,1679.154919641592,80.74687571655932,0.0,14,80,t=80,1.0
57,0.0,0.07,0.93,1679.154919641592,80.74687571655932,0.0,14,80,t=80,1.0
58,0.0,0.06,0.94,1657.825685765613,81.43442910161093,0.0,14,80,t=80,1.0
59,0.0,0.06,0.94,1657.825685765613,81.43442910161093,0.0,14,80,t=80,1.0
60,0.0,0.06,0.94,1657.825685765613,81.43442910161093,0.0,14,80,t=80,1.0
61,0.0,0.06,0.94,1657.825685765613,81.43442910161093,0.0,14,80,t=80,1.0
62,0.0,0.055,0.945,1650.835210304105,81.65737789320796,0.0,14,80,t=80,1.0
63,0.0,0.055,0.945,1650.835210304105,81.65737789320796,0.0,14,80,t=80,1.0
64,0.0,0.045,0.955,1625.3118959997018,82.450071250804,0.0,14,80,t=80,1.0
65,0.0,0.045,0.955,1625.3118959997018,82.450071250804,0.0,14,80,t=80,1.0
66,0.0,0.04,0.96,1610.069480266209,82.9113803469164,0.0,14,80,t=80,1.0
67,0.0,0.04,0.96,1610.069480266209,82.9113803469164,0.0,14,80,t=80,1.0
68,0.0,0.04,0.96,1610.069480266209,82.9113803469164,0.0,14,80,t=80,1.0
69,0.0,0.035,0.965,1596.8796705698808,83.30650204148162,0.0,14,80,t=80,1.0
70,0.0,0.03,0.97,1589.7368683847287,83.51699460962496,0.0,14,80,t=80,1.0
71,0.0,0.025,0.975,1565.6312374280453,84.22144853119666,0.0,14,80,t=80,1.0
72,0.0,0.025,0.975,1565.6312374280453,84.22144853119666,0.0,14,80,t=80,1.0
73,0.0,0.025,0.975,1565.6312374280453,84.22144853119666,0.0,14,80,t=80,1.0
74,0.0,0.025,0.975,1565.6312374280453,84.22144853119666,0.0,14,80,t=80,1.0
75,0.0,0.025,0.975,1565.6312374280453,84.22144853119666,0.0,14,80,t=80,1.0
76,0.0,0.025,0.975,1565.6312374280453,84.22144853119666,0.0,14,80,t=80,1.0
77,0.0,0.025,0.975,1565.6312374280453,84.22144853119666,0.0,14,80,t=80,1.0
78,0.0,0.025,0.975,1565.6312374280453,84.22144853119666,0.0,14,80,t=80,1.0
79,0.0,0.025,0.975,1565.6312374280453,84.22144853119666,0.0,14,80,t=80,1.0
80,0.0,0.025,0.975,1565.6312374280453,84.22144853119666,1.0,14,80,t=80,1.0
0,0.0,1.0,0.0,1081.7380978959711,0.0,0.0,16,-1,never,1.0
1,0.0,0.95,0.05,1003.4517459168533,5.0857121386181525,0.0,16,-1,never,1.0
2,0.0,0.9,0.1,1097.9977797283866,10.102428740551966,0.0,16,-1,never,1.0
3,0.0,0.855,0.145,1207.8603786085591,14.825626980533535,0.0,16,-1,never,1.0
4,0.0,0.815,0.185,1335.930064527686,19.891769777557137,0.0,16,-1,never,1.0
5,0.0,0.77,0.23,1428.2760977690218,23.327948460277238,0.0,16,-1,never,1.0
6,0.0,0.725,0.275,1525.0847296807394,26.75913781731309,0.0,16,-1,never,1.0
7,0.0,0.69,0.31,1589.1291389322137,28.93447231254951,0.0,16,-1,never,1.0
8,0.0,0.665,0.335,1634.817924710345,30.445496500309076,0.0,16,-1,never,1.0
9,0.0,0.625,0.375,1759.305419714817,34.489455226955656,0.0,16,-1,never,1.0
10,0.0,0.59,0.41,1823.9105915083817,36.89013607878168,0.0,16,-1,never,1.0
11,0.0,0.54,0.46,1923.5567040981662,41.56133704360866,0.0,16,-1,never,1.0
12,0.0,0.515,0.485,1941.4155240773275,42.622634378705456,0.0,16,-1,never,1.0
13,0.0,0.5,0.5,1961.377290638823,43.96739351528767,0.0,16,-1,never,1.0
14,0.0,0.47,0.53,1986.1955428200997,45.98235212082561,0.0,16,-1,never,1.0
15,0.0,0.465,0.535,1991.5640474611437,46.495386362787094,0.0,16,-1,never,1.0
16,0.0,0.44,0.56,2005.2477325994041,48.06072703507718,0.0,16,-1,never,1.0
17,0.0,0.435,0.565,2006.9313479259904,48.292097965636245,0.0,16,-1,never,1.0
18,0.0,0.4,0.6,2019.4569736417156,50.60871712727712,0.0,16,-1,never,1.0
19,0.0,0.39,0.61,2022.4851005445735,51.58161534701194,0.0,16,-1,never,1.0
20,0.0,0.37,0.63,2024.1412517964268,53.00105426430644,0.0,16,-1,never,1.0
21,0.0,0.35,0.65,2023.5157799896983,54.176203216163,0.0,16,-1,never,1.0
22,0.0,0.335,0.665,2020.8034514037272,55.3325046558433,0.0,16,-1,never,1.0
23,0.0,0.32,0.68,2018.5248438876172,55.960038657362986,0.0,16,-1,never,1.0
24,0.0,0.3,0.7,2014.7251985111966,56.78842536899007,0.0,16,-1,never,1.0
25,0.0,0.27,0.73,2001.827791341324,58.734959166244806,0.0,16,-1,never,1.0
26,0.0,0.25,0.75,1986.5684112011886,60.423905832043715,0.0,16,-1,never,1.0
27,0.0,0.235,0.765,1965.4108124465683,62.26514272808584,0.0,16,-1,never,1.0
28,0.0,0.23,0.77,1960.7481252623406,62.6263980722193,0.0,16,-1,never,1.0
29,0.0,0.22,0.78,1951.8410392027386,63.27312904865907,0.0,16,-1,never,1.0
30,0.0,0.2,0.8,1927.6153829139514,64.8725544605038,0.0,16,-1,never,1.0
31,0.0,0.19,0.81,1907.1339052561523,66.07613167050413,0.0,16,-1,never,1.0
32,0.0,0.185,0.815,1898.2265629736728,66.56464155989619,0.0,16,-1,never,1.0
33,0.0,0.18,0.82,1870.8500467754006,67.96668822668329,0.0,16,-1,never,1.0
34,0.0,0.17,0.83,1848.2090608247938,69.04658272966716,0.0,16,-1,never,1.0
35,0.0,0.16,0.84,1825.9654685238838,70.05878798989502,0.0,16,-1,never,1.0
36,0.0,0.155,0.845,1819.8816640953933,70.32285948584288,0.0,16,-1,never,1.0
37,0.0,0.155,0.845,1819.8816640953933,70.32285948584288,0.0,16,-1,never,1.0
38,0.0,0.15,0.85,1815.9422196720789,70.4915453653222,0.0,16,-1,never,1.0
39,0.0,0.15,0.85,1815.9422196720789,70.4915453653222,0.0,16,-1,never,1.0
40,0.0,0.14,0.86,1804.8090690582014,70.96457620154109,0.0,16,-1,never,1.0
41,0.0,0.135,0.865,1802.9860557852357,71.04018649582214,0.0,16,-1,never,1.0
42,0.0,0.135,0.865,1802.9860557852357,71.04018649582214,0.0,16,-1,never,1.0
43,0.0,0.115,0.885,1779.4018815028755,71.99370404861085,0.0,16,-1,never,1.0
44,0.0,0.105,0.895,1775.2356103072034,72.15798055825252,0.0,16,-1,never,1.0
45,0.0,0.09,0.91,1747.7867608244983,73.21166042252497,0.0,16,-1,never,1.0
46,0.0,0.08,0.92,1732.0446129293032,73.794484769245,0.0,16,-1,never,1.0
47,0.0,0.07,0.93,1710.941381638156,74.55298264014658,0.0,16,-1,never,1.0
48,0.0,0.07,0.93,1710.941381638156,74.55298264014658,0.0,16,-1,never,1.0
49,0.0,0.065,0.935,1708.6304041653543,74.63568500490435,0.0,16,-1,never,1.0
50,0.0,0.065,0.935,1708.6304041653543,74.63568500490435,0.0,16,-1,never,1.0
51,0.0,0.065,0.935,1708.6304041653543,74.63568500490435,0.0,16,-1,never,1.0
52,0.0,0.055,0.945,1681.8801621741534,75.55886895338433,0.0,16,-1,never,1.0
53,0.0,0.055,0.945,1681.8801621741534,75.55886895338433,0.0,16,-1,never,1.0
54,0.0,0.055,0.945,1681.8801621741534,75.55886895338433,0.0,16,-1,never,1.0
55,0.0,0.055,0.945,1681.8801621741534,75.55886895338433,0.0,16,-1,never,1.0
56,0.0,0.055,0.945,1681.8801621741534,75.55886895338433,0.0,16,-1,never,1.0
0,0.0,1.0,0.0,1081.7380978959711,0.0,1.0,16,0,t=0,1.0
1,0.0,0.95,0.05,1003.4517459168533,5.0857121386181525,1.0,16,0,t=0,1.0
2,0.0,0.9,0.1,1097.9977797283866,10.102428740551966,1.0,16,0,t=0,1.0
3,0.0,0.855,0.145,1207.8603786085591,14.825626980533535,1.0,16,0,t=0,1.0
4,0.0,0.815,0.185,1335.930064527686,19.891769777557137,1.0,16,0,t=0,1.0
5,0.0,0.77,0.23,1428.2760977690218,23.327948460277238,1.0,16,0,t=0,1.0
6,0.0,0.725,0.275,1525.0847296807394,26.75913781731309,1.0,16,0,t=0,1.0
7,0.0,0.69,0.31,1589.1291389322137,28.93447231254951,1.0,16,0,t=0,1.0
8,0.0,0.665,0.335,1634.817924710345,30.445496500309076,1.0,16,0,t=0,1.0
9,0.0,0.665,0.335,1634.817924710345,30.445496500309076,1.0,16,0,t=0,1.0
10,0.0,0.665,0.335,1634.817924710345,30.445496500309076,1.0,16,0,t=0,1.0
11,0.0,0.665,0.335,1634.817924710345,30.445496500309076,1.0,16,0,t=0,1.0
12,0.0,0.635,0.365,1686.9858433851123,32.129773713444024,1.0,16,0,t=0,1.0
13,0.0,0.635,0.365,1686.9858433851123,32.129773713444024,1.0,16,0,t=0,1.0
14,0.0,0.635,0.365,1686.9858433851123,32.129773713444024,1.0,16,0,t=0,1.0
15,0.0,0.635,0.365,1686.9858433851123,32.129773713444024,1.0,16,0,t=0,1.0
16,0.0,0.635,0.365,1686.9858433851123,32.129773713444024,1.0,16,0,t=0,1.0
0,0.0,1.0,0.0,1081.7380978959711,0.0,0.0,16,10,t=10,1.0
1,0.0,0.95,0.05,1003.4517459168533,5.0857121386181525,0.0,16,10,t=10,1.0
2,0.0,0.9,0.1,1097.9977797283866,10.102428740551966,0.0,16,10,t=10,1.0
3,0.0,0.855,0.145,1207.8603786085591,14.825626980533535,0.0,16,10,t=10,1.0
4,0.0,0.815,0.185,1335.930064527686,19.891769777557137,0.0,16,10,t=10,1.0
5,0.0,0.77,0.23,1428.2760977690218,23.327948460277238,0.0,16,10,t=10,1.0
6,0.0,0.725,0.275,1525.0847296807394,26.75913781731309,0.0,16,10,t=10,1.0
7,0.0,0.69,0.31,1589.1291389322137,28.93447231254951,0.0,16,10,t=10,1.0
8,0.0,0.665,0.335,1634.817924710345,30.445496500309076,0.0,16,10,t=10,1.0
9,0.0,0.625,0.375,1759.305419714817,34.489455226955656,0.0,16,10,t=10,1.0
10,0.0,0.59,0.41,1823.9105915083817,36.89013607878168,1.0,16,10,t=10,1.0
11,0.0,0.59,0.41,1823.9105915083817,36.89013607878168,1.0,16,10,t=10,1.0
12,0.0,0.59,0.41,1823.9105915083817,36.89013607878168,1.0,16,10,t=10,1.0
13,0.0,0.59,0.41,1823.9105915083817,36.89013607878168,1.0,16,10,t=10,1.0
14,0.0,0.59,0.41,1823.9105915083817,36.89013607878168,1.0,16,10,t=10,1.0
0,0.0,1.0,0.0,1081.7380978959711,0.0,0.0,16,20,t=20,1.0
1,0.0,0.95,0.05,1003.4517459168533,5.0857121386181525,0.0,16,20,t=20,1.0
2,0.0,0.9,0.1,1097.9977797283866,10.102428740551966,0.0,16,20,t=20,1.0
3,0.0,0.855,0.145,1207.8603786085591,14.825626980533535,0.0,16,20,t=20,1.0
4,0.0,0.815,0.185,1335.930064527686,19.891769777557137,0.0,16,20,t=20,1.0
5,0.0,0.77,0.23,1428.2760977690218,23.327948460277238,0.0,16,20,t=20,1.0
6,0.0,0.725,0.275,1525.0847296807394,26.75913781731309,0.0,16,20,t=20,1.0
7,0.0,0.69,0.31,1589.1291389322137,28.93447231254951,0.0,16,20,t=20,1.0
8,0.0,0.665,0.335,1634.817924710345,30.445496500309076,0.0,16,20,t=20,1.0
9,0.0,0.625,0.375,1759.305419714817,34.489455226955656,0.0,16,20,t=20,1.0
10,0.0,0.59,0.41,1823.9105915083817,36.89013607878168,0.0,16,20,t=20,1.0
11,0.0,0.54,0.46,1923.5567040981662,41.56133704360866,0.0,16,20,t=20,1.0
12,0.0,0.515,0.485,1941.4155240773275,42.622634378705456,0.0,16,20,t=20,1.0
13,0.0,0.5,0.5,1961.377290638823,43.96739351528767,0.0,16,20,t=20,1.0
14,0.0,0.47,0.53,1986.1955428200997,45.98235212082561,0.0,16,20,t=20,1.0
15,0.0,0.465,0.535,1991.5640474611437,46.495386362787094,0.0,16,20,t=20,1.0
16,0.0,0.44,0.56,2005.2477325994041,48.06072703507718,0.0,16,20,t=20,1.0
17,0.0,0.435,0.565,2006.9313479259904,48.292097965636245,0.0,16,20,t=20,1.0
18,0.0,0.4,0.6,2019.4569736417156,50.60871712727712,0.0,16,20,t=20,1.0
19,0.0,0.39,0.61,2022.4851005445735,51.58161534701194,0.0,16,20,t=20,1.0
20,0.0,0.37,0.63,2024.1412517964268,53.00105426430644,1.0,16,20,t=20,1.0
21,0.0,0.37,0.63,2024.1412517964268,53.00105426430644,1.0,16,20,t=20,1.0
22,0.0,0.37,0.63,2024.1412517964268,53.00105426430644,1.0,16,20,t=20,1.0
23,0.0,0.37,0.63,2024.1412517964268,53.00105426430644,1.0,16,20,t=20,1.0
24,0.0,0.37,0.63,2024.1412517964268,53.00105426430644,1.0,16,20,t=20,1.0
0,0.0,1.0,0.0,1081.7380978959711,0.0,0.0,16,40,t=40,1.0
1,0.0,0.95,0.05,1003.4517459168533,5.0857121386181525,0.0,16,40,t=40,1.0
2,0.0,0.9,0.1,1097.9977797283866,10.102428740551966,0.0,16,40,t=40,1.0
3,0.0,0.855,0.145,1207.8603786085591,14.825626980533535,0.0,16,40,t=40,1.0
4,0.0,0.815,0.185,1335.930064527686,19.891769777557137,0.0,16,40,t=40,1.0
5,0.0,0.77,0.23,1428.2760977690218,23.327948460277238,0.0,16,40,t=40,1.0
6,0.0,0.725,0.275,1525.0847296807394,26.75913781731309,0.0,16,40,t=40,1.0
7,0.0,0.69,0.31,1589.1291389322137,28.93447231254951,0.0,16,40,t=40,1.0
8,0.0,0.665,0.335,1634.817924710345,30.445496500309076,0.0,16,40,t=40,1.0
9,0.0,0.625,0.375,1759.305419714817,34.489455226955656,0.0,16,40,t=40,1.0
10,0.0,0.59,0.41,1823.9105915083817,36.89013607878168,0.0,16,40,t=40,1.0
11,0.0,0.54,0.46,1923.5567040981662,41.56133704360866,0.0,16,40,t=40,1.0
12,0.0,0.515,0.485,1941.4155240773275,42.622634378705456,0.0,16,40,t=40,1.0
13,0.0,0.5,0.5,1961.377290638823,43.96739351528767,0.0,16,40,t=40,1.0
14,0.0,0.47,0.53,1986.1955428200997,45.98235212082561,0.0,16,40,t=40,1.0
15,0.0,0.465,0.535,1991.5640474611437,46.495386362787094,0.0,16,40,t=40,1.0
16,0.0,0.44,0.56,2005.2477325994041,48.06072703507718,0.0,16,40,t=40,1.0
17,0.0,0.435,0.565,2006.9313479259904,48.292097965636245,0.0,16,40,t=40,1.0
18,0.0,0.4,0.6,2019.4569736417156,50.60871712727712,0.0,16,40,t=40,1.0
19,0.0,0.39,0.61,2022.4851005445735,51.58161534701194,0.0,16,40,t=40,1.0
20,0.0,0.37,0.63,2024.1412517964268,53.00105426430644,0.0,16,40,t=40,1.0
21,0.0,0.35,0.65,2023.5157799896983,54.176203216163,0.0,16,40,t=40,1.0
22,0.0,0.335,0.665,2020.8034514037272,55.3325046558433,0.0,16,40,t=40,1.0
23,0.0,0.32,0.68,2018.5248438876172,55.960038657362986,0.0,16,40,t=40,1.0
24,0.0,0.3,0.7,2014.7251985111966,56.78842536899007,0.0,16,40,t=40,1.0
25,0.0,0.27,0.73,2001.827791341324,58.734959166244806,0.0,16,40,t=40,1.0
26,0.0,0.25,0.75,1986.5684112011886,60.423905832043715,0.0,16,40,t=40,1.0
27,0.0,0.235,0.765,1965.4108124465683,62.26514272808584,0.0,16,40,t=40,1.0
28,0.0,0.23,0.77,1960.7481252623406,62.6263980722193,0.0,16,40,t=40,1.0
29,0.0,0.22,0.78,1951.8410392027386,63.27312904865907,0.0,16,40,t=40,1.0
30,0.0,0.2,0.8,1927.6153829139514,64.8725544605038,0.0,16,40,t=40,1.0
31,0.0,0.19,0.81,1907.1339052561523,66.07613167050413,0.0,16,40,t=40,1.0
32,0.0,0.185,0.815,1898.2265629736728,66.56464155989619,0.0,16,40,t=40,1.0
33,0.0,0.18,0.82,1870.8500467754006,67.96668822668329,0.0,16,40,t=40,1.0
34,0.0,0.17,0.83,1848.2090608247938,69.04658272966716,0.0,16,40,t=40,1.0
35,0.0,0.16,0.84,1825.9654685238838,70.05878798989502,0.0,16,40,t=40,1.0
36,0.0,0.155,0.845,1819.8816640953933,70.32285948584288,0.0,16,40,t=40,1.0
37,0.0,0.155,0.845,1819.8816640953933,70.32285948584288,0.0,16,40,t=40,1.0
38,0.0,0.15,0.85,1815.9422196720789,70.4915453653222,0.0,16,40,t=40,1.0
39,0.0,0.15,0.85,1815.9422196720789,70.4915453653222,0.0,16,40,t=40,1.0
40,0.0,0.14,0.86,1804.8090690582014,70.96457620154109,1.0,16,40,t=40,1.0
41,0.0,0.14,0.86,1804.8090690582014,70.96457620154109,1.0,16,40,t=40,1.0
42,0.0,0.14,0.86,1804.8090690582014,70.96457620154109,1.0,16,40,t=40,1.0
43,0.0,0.14,0.86,1804.8090690582014,70.96457620154109,1.0,16,40,t=40,1.0
44,0.0,0.14,0.86,1804.8090690582014,70.96457620154109,1.0,16,40,t=40,1.0
0,0.0,1.0,0.0,1081.7380978959711,0.0,0.0,16,60,t=60,1.0
1,0.0,0.95,0.05,1003.4517459168533,5.0857121386181525,0.0,16,60,t=60,1.0
2,0.0,0.9,0.1,1097.9977797283866,10.102428740551966,0.0,16,60,t=60,1.0
3,0.0,0.855,0.145,1207.8603786085591,14.825626980533535,0.0,16,60,t=60,1.0
4,0.0,0.815,0.185,1335.930064527686,19.891769777557137,0.0,16,60,t=60,1.0
5,0.0,0.77,0.23,1428.2760977690218,23.327948460277238,0.0,16,60,t=60,1.0
6,0.0,0.725,0.275,1525.0847296807394,26.75913781731309,0.0,16,60,t=60,1.0
7,0.0,0.69,0.31,1589.1291389322137,28.93447231254951,0.0,16,60,t=60,1.0
8,0.0,0.665,0.335,1634.817924710345,30.445496500309076,0.0,16,60,t=60,1.0
9,0.0,0.625,0.375,1759.305419714817,34.489455226955656,0.0,16,60,t=60,1.0
10,0.0,0.59,0.41,1823.9105915083817,36.89013607878168,0.0,16,60,t=60,1.0
11,0.0,0.54,0.46,1923.5567040981662,41.56133704360866,0.0,16,60,t=60,1.0
12,0.0,0.515,0.485,1941.4155240773275,42.622634378705456,0.0,16,60,t=60,1.0
13,0.0,0.5,0.5,1961.377290638823,43.96739351528767,0.0,16,60,t=60,1.0
14,0.0,0.47,0.53,1986.1955428200997,45.98235212082561,0.0,16,60,t=60,1.0
15,0.0,0.465,0.535,1991.5640474611437,46.495386362787094,0.0,16,60,t=60,1.0
16,0.0,0.44,0.56,2005.2477325994041,48.06072703507718,0.0,16,60,t=60,1.0
17,0.0,0.435,0.565,2006.9313479259904,48.292097965636245,0.0,16,60,t=60,1.0
18,0.0,0.4,0.6,2019.4569736417156,50.60871712727712,0.0,16,60,t=60,1.0
19,0.0,0.39,0.61,2022.4851005445735,51.58161534701194,0.0,16,60,t=60,1.0
20,0.0,0.37,0.63,2024.1412517964268,53.00105426430644,0.0,16,60,t=60,1.0
21,0.0,0.35,0.65,2023.5157799896983,54.176203216163,0.0,16,60,t=60,1.0
22,0.0,0.335,0.665,2020.8034514037272,55.3325046558433,0.0,16,60,t=60,1.0
23,0.0,0.32,0.68,2018.5248438876172,55.960038657362986,0.0,16,60,t=60,1.0
24,0.0,0.3,0.7,2014.7251985111966,56.78842536899007,0.0,16,60,t=60,1.0
25,0.0,0.27,0.73,2001.827791341324,58.734959166244806,0.0,16,60,t=60,1.0
26,0.0,0.25,0.75,1986.5684112011886,60.423905832043715,0.0,16,60,t=60,1.0
27,0.0,0.235,0.765,1965.4108124465683,62.26514272808584,0.0,16,60,t=60,1.0
28,0.0,0.23,0.77,1960.7481252623406,62.6263980722193,0.0,16,60,t=60,1.0
29,0.0,0.22,0.78,1951.8410392027386,63.27312904865907,0.0,16,60,t=60,1.0
30,0.0,0.2,0.8,1927.6153829139514,64.8725544605038,0.0,16,60,t=60,1.0
31,0.0,0.19,0.81,1907.1339052561523,66.07613167050413,0.0,16,60,t=60,1.0
32,0.0,0.185,0.815,1898.2265629736728,66.56464155989619,0.0,16,60,t=60,1.0
33,0.0,0.18,0.82,1870.8500467754006,67.96668822668329,0.0,16,60,t=60,1.0
34,0.0,0.17,0.83,1848.2090608247938,69.04658272966716,0.0,16,60,t=60,1.0
35,0.0,0.16,0.84,1825.9654685238838,70.05878798989502,0.0,16,60,t=60,1.0
36,0.0,0.155,0.845,1819.8816640953933,70.32285948584288,0.0,16,60,t=60,1.0
37,0.0,0.155,0.845,1819.8816640953933,70.32285948584288,0.0,16,60,t=60,1.0
38,0.0,0.15,0.85,1815.9422196720789,70.4915453653222,0.0,16,60,t=60,1.0
39,0.0,0.15,0.85,1815.9422196720789,70.4915453653222,0.0,16,60,t=60,1.0
40,0.0,0.14,0.86,1804.8090690582014,70.96457620154109,0.0,16,60,t=60,1.0
41,0.0,0.135,0.865,1802.9860557852357,71.04018649582214,0.0,16,60,t=60,1.0
42,0.0,0.135,0.865,1802.9860557852357,71.04018649582214,0.0,16,60,t=60,1.0
43,0.0,0.115,0.885,1779.4018815028755,71.99370404861085,0.0,16,60,t=60,1.0
44,0.0,0.105,0.895,1775.2356103072034,72.15798055825252,0.0,16,60,t=60,1.0
45,0.0,0.09,0.91,1747.7867608244983,73.21166042252497,0.0,16,60,t=60,1.0
46,0.0,0.08,0.92,1732.0446129293032,73.794484769245,0.0,16,60,t=60,1.0
47,0.0,0.07,0.93,1710.941381638156,74.55298264014658,0.0,16,60,t=60,1.0
48,0.0,0.07,0.93,1710.941381638156,74.55298264014658,0.0,16,60,t=60,1.0
49,0.0,0.065,0.935,1708.6304041653543,74.63568500490435,0.0,16,60,t=60,1.0
50,0.0,0.065,0.935,1708.6304041653543,74.63568500490435,0.0,16,60,t=60,1.0
51,0.0,0.065,0.935,1708.6304041653543,74.63568500490435,0.0,16,60,t=60,1.0
52,0.0,0.055,0.945,1681.8801621741534,75.55886895338433,0.0,16,60,t=60,1.0
53,0.0,0.055,0.945,1681.8801621741534,75.55886895338433,0.0,16,60,t=60,1.0
54,0.0,0.055,0.945,1681.8801621741534,75.55886895338433,0.0,16,60,t=60,1.0
55,0.0,0.055,0.945,1681.8801621741534,75.55886895338433,0.0,16,60,t=60,1.0
56,0.0,0.055,0.945,1681.8801621741534,75.55886895338433,0.0,16,60,t=60,1.0
57,0.0,0.055,0.945,1681.8801621741534,75.55886895338433,0.0,16,60,t=60,1.0
58,0.0,0.055,0.945,1681.8801621741534,75.55886895338433,0.0,16,60,t=60,1.0
59,0.0,0.05,0.95,1675.06968896869,75.7907788428991,0.0,16,60,t=60,1.0
60,0.0,0.05,0.95,1675.06968896869,75.7907788428991,1.0,16,60,t=60,1.0
61,0.0,0.05,0.95,1675.06968896869,75.7907788428991,1.0,16,60,t=60,1.0
62,0.0,0.05,0.95,1675.06968896869,75.7907788428991,1.0,16,60,t=60,1.0
63,0.0,0.05,0.95,1675.06968896869,75.7907788428991,1.0,16,60,t=60,1.0
0,0.0,1.0,0.0,1081.7380978959711,0.0,0.0,16,80,t=80,1.0
1,0.0,0.95,0.05,1003.4517459168533,5.0857121386181525,0.0,16,80,t=80,1.0
2,0.0,0.9,0.1,1097.9977797283866,10.102428740551966,0.0,16,80,t=80,1.0
3,0.0,0.855,0.145,1207.8603786085591,14.825626980533535,0.0,16,80,t=80,1.0
4,0.0,0.815,0.185,1335.930064527686,19.891769777557137,0.0,16,80,t=80,1.0
5,0.0,0.77,0.23,1428.2760977690218,23.327948460277238,0.0,16,80,t=80,1.0
6,0.0,0.725,0.275,1525.0847296807394,26.75913781731309,0.0,16,80,t=80,1.0
7,0.0,0.69,0.31,1589.1291389322137,28.93447231254951,0.0,16,80,t=80,1.0
8,0.0,0.665,0.335,1634.817924710345,30.445496500309076,0.0,16,80,t=80,1.0
9,0.0,0.625,0.375,1759.305419714817,34.489455226955656,0.0,16,80,t=80,1.0
10,0.0,0.59,0.41,1823.9105915083817,36.89013607878168,0.0,16,80,t=80,1.0
11,0.0,0.54,0.46,1923.5567040981662,41.56133704360866,0.0,16,80,t=80,1.0
12,0.0,0.515,0.485,1941.4155240773275,42.622634378705456,0.0,16,80,t=80,1.0
13,0.0,0.5,0.5,1961.377290638823,43.96739351528767,0.0,16,80,t=80,1.0
14,0.0,0.47,0.53,1986.1955428200997,45.98235212082561,0.0,16,80,t=80,1.0
15,0.0,0.465,0.535,1991.5640474611437,46.495386362787094,0.0,16,80,t=80,1.0
16,0.0,0.44,0.56,2005.2477325994041,48.06072703507718,0.0,16,80,t=80,1.0
17,0.0,0.435,0.565,2006.9313479259904,48.292097965636245,0.0,16,80,t=80,1.0
18,0.0,0.4,0.6,2019.4569736417156,50.60871712727712,0.0,16,80,t=80,1.0
19,0.0,0.39,0.61,2022.4851005445735,51.58161534701194,0.0,16,80,t=80,1.0
20,0.0,0.37,0.63,2024.1412517964268,53.00105426430644,0.0,16,80,t=80,1.0
21,0.0,0.35,0.65,2023.5157799896983,54.176203216163,0.0,16,80,t=80,1.0
22,0.0,0.335,0.665,2020.8034514037272,55.3325046558433,0.0,16,80,t=80,1.0
23,0.0,0.32,0.68,2018.5248438876172,55.960038657362986,0.0,16,80,t=80,1.0
24,0.0,0.3,0.7,2014.7251985111966,56.78842536899007,0.0,16,80,t=80,1.0
25,0.0,0.27,0.73,2001.827791341324,58.734959166244806,0.0,16,80,t=80,1.0
26,0.0,0.25,0.75,1986.5684112011886,60.423905832043715,0.0,16,80,t=80,1.0
27,0.0,0.235,0.765,1965.4108124465683,62.26514272808584,0.0,16,80,t=80,1.0
28,0.0,0.23,0.77,1960.7481252623406,62.6263980722193,0.0,16,80,t=80,1.0
29,0.0,0.22,0.78,1951.8410392027386,63.27312904865907,0.0,16,80,t=80,1.0
30,0.0,0.2,0.8,1927.6153829139514,64.8725544605038,0.0,16,80,t=80,1.0
31,0.0,0.19,0.81,1907.1339052561523,66.07613167050413,0.0,16,80,t=80,1.0
32,0.0,0.185,0.815,1898.2265629736728,66.56464155989619,0.0,16,80,t=80,1.0
33,0.0,0.18,0.82,1870.8500467754006,67.96668822668329,0.0,16,80,t=80,1.0
34,0.0,0.17,0.83,1848.2090608247938,69.04658272966716,0.0,16,80,t=80,1.0
35,0.0,0.16,0.84,1825.9654685238838,70.05878798989502,0.0,16,80,t=80,1.0
36,0.0,0.155,0.845,1819.8816640953933,70.32285948584288,0.0,16,80,t=80,1.0
37,0.0,0.155,0.845,1819.8816640953933,70.32285948584288,0.0,16,80,t=80,1.0
38,0.0,0.15,0.85,1815.9422196720789,70.4915453653222,0.0,16,80,t=80,1.0
39,0.0,0.15,0.85,1815.9422196720789,70.4915453653222,0.0,16,80,t=80,1.0
40,0.0,0.14,0.86,1804.8090690582014,70.96457620154109,0.0,16,80,t=80,1.0
41,0.0,0.135,0.865,1802.9860557852357,71.04018649582214,0.0,16,80,t=80,1.0
42,0.0,0.135,0.865,1802.9860557852357,71.04018649582214,0.0,16,80,t=80,1.0
43,0.0,0.115,0.885,1779.4018815028755,71.99370404861085,0.0,16,80,t=80,1.0
44,0.0,0.105,0.895,1775.2356103072034,72.15798055825252,0.0,16,80,t=80,1.0
45,0.0,0.09,0.91,1747.7867608244983,73.21166042252497,0.0,16,80,t=80,1.0
46,0.0,0.08,0.92,1732.0446129293032,73.794484769245,0.0,16,80,t=80,1.0
47,0.0,0.07,0.93,1710.941381638156,74.55298264014658,0.0,16,80,t=80,1.0
48,0.0,0.07,0.93,1710.941381638156,74.55298264014658,0.0,16,80,t=80,1.0
49,0.0,0.065,0.935,1708.6304041653543,74.63568500490435,0.0,16,80,t=80,1.0
50,0.0,0.065,0.935,1708.6304041653543,74.63568500490435,0.0,16,80,t=80,1.0
51,0.0,0.065,0.935,1708.6304041653543,74.63568500490435,0.0,16,80,t=80,1.0
52,0.0,0.055,0.945,1681.8801621741534,75.55886895338433,0.0,16,80,t=80,1.0
53,0.0,0.055,0.945,1681.8801621741534,75.55886895338433,0.0,16,80,t=80,1.0
54,0.0,0.055,0.945,1681.8801621741534,75.55886895338433,0.0,16,80,t=80,1.0
55,0.0,0.055,0.945,1681.8801621741534,75.55886895338433,0.0,16,80,t=80,1.0
56,0.0,0.055,0.945,1681.8801621741534,75.55886895338433,0.0,16,80,t=80,1.0
57,0.0,0.055,0.945,1681.8801621741534,75.55886895338433,0.0,16,80,t=80,1.0
58,0.0,0.055,0.945,1681.8801621741534,75.55886895338433,0.0,16,80,t=80,1.0
59,0.0,0.05,0.95,1675.06968896869,75.7907788428991,0.0,16,80,t=80,1.0
60,0.0,0.05,0.95,1675.06968896869,75.7907788428991,0.0,16,80,t=80,1.0
61,0.0,0.05,0.95,1675.06968896869,75.7907788428991,0.0,16,80,t=80,1.0
62,0.0,0.05,0.95,1675.06968896869,75.7907788428991,0.0,16,80,t=80,1.0
63,0.0,0.05,0.95,1675.06968896869,75.7907788428991,0.0,16,80,t=80,1.0
64,0.0,0.04,0.96,1657.4499328415495,76.3827930142862,0.0,16,80,t=80,1.0
65,0.0,0.04,0.96,1657.4499328415495,76.3827930142862,0.0,16,80,t=80,1.0
66,0.0,0.04,0.96,1657.4499328415495,76.3827930142862,0.0,16,80,t=80,1.0
67,0.0,0.04,0.96,1657.4499328415495,76.3827930142862,0.0,16,80,t=80,1.0
68,0.0,0.035,0.965,1643.817639837762,76.83314869935593,0.0,16,80,t=80,1.0
69,0.0,0.03,0.97,1641.1575415529312,76.92021226514612,0.0,16,80,t=80,1.0
70,0.0,0.03,0.97,1641.1575415529312,76.92021226514612,0.0,16,80,t=80,1.0
71,0.0,0.03,0.97,1641.1575415529312,76.92021226514612,0.0,16,80,t=80,1.0
72,0.0,0.03,0.97,1641.1575415529312,76.92021226514612,0.0,16,80,t=80,1.0
73,0.0,0.03,0.97,1641.1575415529312,76.92021226514612,0.0,16,80,t=80,1.0
74,0.0,0.025,0.975,1626.8742015723883,77.38113418257103,0.0,16,80,t=80,1.0
75,0.0,0.025,0.975,1626.8742015723883,77.38113418257103,0.0,16,80,t=80,1.0
76,0.0,0.025,0.975,1626.8742015723883,77.38113418257103,0.0,16,80,t=80,1.0
77,0.0,0.02,0.98,1624.5287385257257,77.45551208208452,0.0,16,80,t=80,1.0
78,0.0,0.015,0.985,1618.9506023359427,77.6329072206264,0.0,16,80,t=80,1.0
79,0.0,0.01,0.99,1617.8690468695982,77.66696831596147,0.0,16,80,t=80,1.0
80,0.0,0.01,0.99,1617.8690468695982,77.66696831596147,1.0,16,80,t=80,1.0
81,0.0,0.01,0.99,1617.8690468695982,77.66696831596147,1.0,16,80,t=80,1.0
82,0.0,0.01,0.99,1617.8690468695982,77.66696831596147,1.0,16,80,t=80,1.0
83,0.0,0.01,0.99,1617.8690468695982,77.66696831596147,1.0,16,80,t=80,1.0
0,0.0,1.0,0.0,1143.7331493974277,0.0,0.0,17,-1,never,1.0
1,0.0,0.95,0.05,1064.9204638035362,5.308811661723689,0.0,17,-1,never,1.0
2,0.0,0.9,0.1,1151.9404971007639,10.085675174878043,0.0,17,-1,never,1.0
3,0.0,0.855,0.145,1268.3660109761431,15.225269889507672,0.0,17,-1,never,1.0
4,0.0,0.81,0.19,1361.6879154284056,19.050046392925324,0.0,17,-1,never,1.0
5,0.0,0.775,0.225,1443.4002851654895,22.24224630796064,0.0,17,-1,never,1.0
6,0.0,0.745,0.255,1544.4436254114894,26.00220063575674,0.0,17,-1,never,1.0
7,0.0,0.71,0.29,1620.9849817374538,28.718925197432853,0.0,17,-1,never,1.0
8,0.0,0.675,0.325,1690.7947098558432,31.312793490959976,0.0,17,-1,never,1.0
9,0.0,0.645,0.355,1717.3298309214613,32.42549561420544,0.0,17,-1,never,1.0
10,0.0,0.625,0.375,1740.859899936469,33.49524371484976,0.0,17,-1,never,1.0
11,0.0,0.58,0.42,1814.2574512479052,37.63138699426044,0.0,17,-1,never,1.0
12,0.0,0.555,0.445,1829.8314946414337,38.804904108871256,0.0,17,-1,never,1.0
13,0.0,0.535,0.465,1845.0451555856214,40.164944138870325,0.0,17,-1,never,1.0
14,0.0,0.505,0.495,1871.4091400325226,43.7687192050991,0.0,17,-1,never,1.0
15,0.0,0.485,0.515,1873.6775818980454,44.352356769830386,0.0,17,-1,never,1.0
16,0.0,0.455,0.545,1877.4848717698687,46.851194690437254,0.0,17,-1,never,1.0
17,0.0,0.435,0.565,1872.3221820536578,49.11183180717565,0.0,17,-1,never,1.0
18,0.0,0.415,0.585,1850.7514932366093,52.41395697737743,0.0,17,-1,never,1.0
19,0.0,0.405,0.595,1847.2084018028372,52.795921335636024,0.0,17,-1,never,1.0
20,0.0,0.38,0.62,1831.2336214464442,54.280130816042586,0.0,17,-1,never,1.0
21,0.0,0.365,0.635,1819.170592385512,55.23468871114349,0.0,17,-1,never,1.0
22,0.0,0.365,0.635,1819.170592385512,55.23468871114349,0.0,17,-1,never,1.0
23,0.0,0.35,0.65,1807.2014365007294,56.082780741957414,0.0,17,-1,never,1.0
24,0.0,0.34,0.66,1804.3685888009982,56.27321861007259,0.0,17,-1,never,1.0
25,0.0,0.315,0.685,1791.6074825876326,57.09823325851102,0.0,17,-1,never,1.0
26,0.0,0.3,0.7,1767.5028676311058,58.508173021437806,0.0,17,-1,never,1.0
27,0.0,0.295,0.705,1763.295078165142,58.736455217240554,0.0,17,-1,never,1.0
28,0.0,0.28,0.72,1734.8590681055903,60.18496302086383,0.0,17,-1,never,1.0
29,0.0,0.275,0.725,1727.9281836068712,60.51499065941174,0.0,17,-1,never,1.0
30,0.0,0.265,0.735,1719.07552367445,60.92768571320646,0.0,17,-1,never,1.0
31,0.0,0.25,0.75,1706.7505851367252,61.484508985824235,0.0,17,-1,never,1.0
32,0.0,0.245,0.755,1698.5435721236279,61.84900159962413,0.0,17,-1,never,1.0
33,0.0,0.24,0.76,1690.2490829231936,62.20928100159696,0.0,17,-1,never,1.0
34,0.0,0.225,0.775,1656.4486942875014,63.586895787272475,0.0,17,-1,never,1.0
35,0.0,0.21,0.79,1632.8755320533176,64.49247005194175,0.0,17,-1,never,1.0
36,0.0,0.2,0.8,1622.9635620599106,64.86007550844693,0.0,17,-1,never,1.0
37,0.0,0.185,0.815,1581.6613091992833,66.32400411089637,0.0,17,-1,never,1.0
38,0.0,0.185,0.815,1581.6613091992833,66.32400411089637,0.0,17,-1,never,1.0
39,0.0,0.17,0.83,1564.8229785862718,66.89419407676303,0.0,17,-1,never,1.0
40,0.0,0.16,0.84,1532.8381592717776,67.93229290541667,0.0,17,-1,never,1.0
41,0.0,0.15,0.85,1520.3352235344062,68.3290373796564,0.0,17,-1,never,1.0
42,0.0,0.14,0.86,1506.0574346370333,68.77498867265089,0.0,17,-1,never,1.0
43,0.0,0.135,0.865,1497.0010266897125,69.05207737082422,0.0,17,-1,never,1.0
44,0.0,0.135,0.865,1497.0010266897125,69.05207737082422,0.0,17,-1,never,1.0
45,0.0,0.125,0.875,1462.649503253979,70.08193566929407,0.0,17,-1,never,1.0
46,0.0,0.125,0.875,1462.649503253979,70.08193566929407,0.0,17,-1,never,1.0
47,0.0,0.12,0.88,1440.153455568274,70.73524333065575,0.0,17,-1,never,1.0
48,0.0,0.115,0.885,1436.7465876224474,70.83286667311225,0.0,17,-1,never,1.0
49,0.0,0.11,0.89,1428.7881500030371,71.05760333146611,0.0,17,-1,never,1.0
50,0.0,0.105,0.895,1427.6455257811317,71.09007139268402,0.0,17,-1,never,1.0
51,0.0,0.09,0.91,1413.421328738277,71.48807426960192,0.0,17,-1,never,1.0
52,0.0,0.09,0.91,1413.421328738277,71.48807426960192,0.0,17,-1,never,1.0
53,0.0,0.075,0.925,1304.7402972323307,74.36923620473264,0.0,17,-1,never,1.0
54,0.0,0.075,0.925,1304.7402972323307,74.36923620473264,0.0,17,-1,never,1.0
55,0.0,0.065,0.935,1290.1844621880282,74.73342122541897,0.0,17,-1,never,1.0
56,0.0,0.06,0.94,1282.544519877466,74.9226871493801,0.0,17,-1,never,1.0
57,0.0,0.05,0.95,1263.4375648292907,75.3937346618599,0.0,17,-1,never,1.0
58,0.0,0.045,0.955,1246.857399353832,75.79954639434871,0.0,17,-1,never,1.0
59,0.0,0.04,0.96,1240.6157246429311,75.94936855545944,0.0,17,-1,never,1.0
60,0.0,0.04,0.96,1240.6157246429311,75.94936855545944,0.0,17,-1,never,1.0
61,0.0,0.035,0.965,1226.2528888768652,76.29268892778117,0.0,17,-1,never,1.0
62,0.0,0.035,0.965,1226.2528888768652,76.29268892778117,0.0,17,-1,never,1.0
63,0.0,0.03,0.97,1196.8969432041517,76.98947918145461,0.0,17,-1,never,1.0
64,0.0,0.03,0.97,1196.8969432041517,76.98947918145461,0.0,17,-1,never,1.0
65,0.0,0.03,0.97,1196.8969432041517,76.98947918145461,0.0,17,-1,never,1.0
66,0.0,0.025,0.975,1185.2486918636919,77.26028719775765,0.0,17,-1,never,1.0
67,0.0,0.025,0.975,1185.2486918636919,77.26028719775765,0.0,17,-1,never,1.0
68,0.0,0.025,0.975,1185.2486918636919,77.26028719775765,0.0,17,-1,never,1.0
69,0.0,0.025,0.975,1185.2486918636919,77.26028719775765,0.0,17,-1,never,1.0
70,0.0,0.025,0.975,1185.2486918636919,77.26028719775765,0.0,17,-1,never,1.0
0,0.0,1.0,0.0,1143.7331493974277,0.0,1.0,17,0,t=0,1.0
1,0.0,0.95,0.05,1064.9204638035362,5.308811661723689,1.0,17,0,t=0,1.0
2,0.0,0.9,0.1,1151.9404971007639,10.085675174878043,1.0,17,0,t=0,1.0
3,0.0,0.855,0.145,1268.3660109761431,15.225269889507672,1.0,17,0,t=0,1.0
4,0.0,0.81,0.19,1361.6879154284056,19.050046392925324,1.0,17,0,t=0,1.0
5,0.0,0.775,0.225,1443.4002851654895,22.24224630796064,1.0,17,0,t=0,1.0
6,0.0,0.745,0.255,1544.4436254114894,26.00220063575674,1.0,17,0,t=0,1.0
7,0.0,0.71,0.29,1620.9849817374538,28.718925197432853,1.0,17,0,t=0,1.0
8,0.0,0.71,0.29,1620.9849817374538,28.718925197432853,1.0,17,0,t=0,1.0
9,0.0,0.71,0.29,1620.9849817374538,28.718925197432853,1.0,17,0,t=0,1.0
10,0.0,0.71,0.29,1620.9849817374538,28.718925197432853,1.0,17,0,t=0,1.0
11,0.0,0.71,0.29,1620.9849817374538,28.718925197432853,1.0,17,0,t=0,1.0
0,0.0,1.0,0.0,1143.7331493974277,0.0,0.0,17,10,t=10,1.0
1,0.0,0.95,0.05,1064.9204638035362,5.308811661723689,0.0,17,10,t=10,1.0
2,0.0,0.9,0.1,1151.9404971007639,10.085675174878043,0.0,17,10,t=10,1.0
3,0.0,0.855,0.145,1268.3660109761431,15.225269889507672,0.0,17,10,t=10,1.0
4,0.0,0.81,0.19,1361.6879154284056,19.050046392925324,0.0,17,10,t=10,1.0
5,0.0,0.775,0.225,1443.4002851654895,22.24224630796064,0.0,17,10,t=10,1.0
6,0.0,0.745,0.255,1544.4436254114894,26.00220063575674,0.0,17,10,t=10,1.0
7,0.0,0.71,0.29,1620.9849817374538,28.718925197432853,0.0,17,10,t=10,1.0
8,0.0,0.675,0.325,1690.7947098558432,31.312793490959976,0.0,17,10,t=10,1.0
9,0.0,0.645,0.355,1717.3298309214613,32.42549561420544,0.0,17,10,t=10,1.0
10,0.0,0.625,0.375,1740.859899936469,33.49524371484976,1.0,17,10,t=10,1.0
11,0.0,0.625,0.375,1740.859899936469,33.49524371484976,1.0,17,10,t=10,1.0
12,0.0,0.625,0.375,1740.859899936469,33.49524371484976,1.0,17,10,t=10,1.0
13,0.0,0.625,0.375,1740.859899936469,33.49524371484976,1.0,17,10,t=10,1.0
14,0.0,0.625,0.375,1740.859899936469,33.49524371484976,1.0,17,10,t=10,1.0
0,0.0,1.0,0.0,1143.7331493974277,0.0,0.0,17,20,t=20,1.0
1,0.0,0.95,0.05,1064.9204638035362,5.308811661723689,0.0,17,20,t=20,1.0
2,0.0,0.9,0.1,1151.9404971007639,10.085675174878043,0.0,17,20,t=20,1.0
3,0.0,0.855,0.145,1268.3660109761431,15.225269889507672,0.0,17,20,t=20,1.0
4,0.0,0.81,0.19,1361.6879154284056,19.050046392925324,0.0,17,20,t=20,1.0
5,0.0,0.775,0.225,1443.4002851654895,22.24224630796064,0.0,17,20,t=20,1.0
6,0.0,0.745,0.255,1544.4436254114894,26.00220063575674,0.0,17,20,t=20,1.0
7,0.0,0.71,0.29,1620.9849817374538,28.718925197432853,0.0,17,20,t=20,1.0
8,0.0,0.675,0.325,1690.7947098558432,31.312793490959976,0.0,17,20,t=20,1.0
9,0.0,0.645,0.355,1717.3298309214613,32.42549561420544,0.0,17,20,t=20,1.0
10,0.0,0.625,0.375,1740.859899936469,33.49524371484976,0.0,17,20,t=20,1.0
11,0.0,0.58,0.42,1814.2574512479052,37.63138699426044,0.0,17,20,t=20,1.0
12,0.0,0.555,0.445,1829.8314946414337,38.804904108871256,0.0,17,20,t=20,1.0
13,0.0,0.535,0.465,1845.0451555856214,40.164944138870325,0.0,17,20,t=20,1.0
14,0.0,0.505,0.495,1871.4091400325226,43.7687192050991,0.0,17,20,t=20,1.0
15,0.0,0.485,0.515,1873.6775818980454,44.352356769830386,0.0,17,20,t=20,1.0
16,0.0,0.455,0.545,1877.4848717698687,46.851194690437254,0.0,17,20,t=20,1.0
17,0.0,0.435,0.565,1872.3221820536578,49.11183180717565,0.0,17,20,t=20,1.0
18,0.0,0.415,0.585,1850.7514932366093,52.41395697737743,0.0,17,20,t=20,1.0
19,0.0,0.405,0.595,1847.2084018028372,52.795921335636024,0.0,17,20,t=20,1.0
20,0.0,0.38,0.62,1831.2336214464442,54.280130816042586,1.0,17,20,t=20,1.0
21,0.0,0.38,0.62,1831.2336214464442,54.280130816042586,1.0,17,20,t=20,1.0
22,0.0,0.38,0.62,1831.2336214464442,54.280130816042586,1.0,17,20,t=20,1.0
23,0.0,0.38,0.62,1831.2336214464442,54.280130816042586,1.0,17,20,t=20,1.0
24,0.0,0.38,0.62,1831.2336214464442,54.280130816042586,1.0,17,20,t=20,1.0
0,0.0,1.0,0.0,1143.7331493974277,0.0,0.0,17,40,t=40,1.0
1,0.0,0.95,0.05,1064.9204638035362,5.308811661723689,0.0,17,40,t=40,1.0
2,0.0,0.9,0.1,1151.9404971007639,10.085675174878043,0.0,17,40,t=40,1.0
3,0.0,0.855,0.145,1268.3660109761431,15.225269889507672,0.0,17,40,t=40,1.0
4,0.0,0.81,0.19,1361.6879154284056,19.050046392925324,0.0,17,40,t=40,1.0
5,0.0,0.775,0.225,1443.4002851654895,22.24224630796064,0.0,17,40,t=40,1.0
6,0.0,0.745,0.255,1544.4436254114894,26.00220063575674,0.0,17,40,t=40,1.0
7,0.0,0.71,0.29,1620.9849817374538,28.718925197432853,0.0,17,40,t=40,1.0
8,0.0,0.675,0.325,1690.7947098558432,31.312793490959976,0.0,17,40,t=40,1.0
9,0.0,0.645,0.355,1717.3298309214613,32.42549561420544,0.0,17,40,t=40,1.0
10,0.0,0.625,0.375,1740.859899936469,33.49524371484976,0.0,17,40,t=40,1.0
11,0.0,0.58,0.42,1814.2574512479052,37.63138699426044,0.0,17,40,t=40,1.0
12,0.0,0.555,0.445,1829.8314946414337,38.804904108871256,0.0,17,40,t=40,1.0
13,0.0,0.535,0.465,1845.0451555856214,40.164944138870325,0.0,17,40,t=40,1.0
14,0.0,0.505,0.495,1871.4091400325226,43.7687192050991,0.0,17,40,t=40,1.0
15,0.0,0.485,0.515,1873.6775818980454,44.352356769830386,0.0,17,40,t=40,1.0
16,0.0,0.455,0.545,1877.4848717698687,46.851194690437254,0.0,17,40,t=40,1.0
17,0.0,0.435,0.565,1872.3221820536578,49.11183180717565,0.0,17,40,t=40,1.0
18,0.0,0.415,0.585,1850.7514932366093,52.41395697737743,0.0,17,40,t=40,1.0
19,0.0,0.405,0.595,1847.2084018028372,52.795921335636024,0.0,17,40,t=40,1.0
20,0.0,0.38,0.62,1831.2336214464442,54.280130816042586,0.0,17,40,t=40,1.0
21,0.0,0.365,0.635,1819.170592385512,55.23468871114349,0.0,17,40,t=40,1.0
22,0.0,0.365,0.635,1819.170592385512,55.23468871114349,0.0,17,40,t=40,1.0
23,0.0,0.35,0.65,1807.2014365007294,56.082780741957414,0.0,17,40,t=40,1.0
24,0.0,0.34,0.66,1804.3685888009982,56.27321861007259,0.0,17,40,t=40,1.0
25,0.0,0.315,0.685,1791.6074825876326,57.09823325851102,0.0,17,40,t=40,1.0
26,0.0,0.3,0.7,1767.5028676311058,58.508173021437806,0.0,17,40,t=40,1.0
27,0.0,0.295,0.705,1763.295078165142,58.736455217240554,0.0,17,40,t=40,1.0
28,0.0,0.28,0.72,1734.8590681055903,60.18496302086383,0.0,17,40,t=40,1.0
29,0.0,0.275,0.725,1727.9281836068712,60.51499065941174,0.0,17,40,t=40,1.0
30,0.0,0.265,0.735,1719.07552367445,60.92768571320646,0.0,17,40,t=40,1.0
31,0.0,0.25,0.75,1706.7505851367252,61.484508985824235,0.0,17,40,t=40,1.0
32,0.0,0.245,0.755,1698.5435721236279,61.84900159962413,0.0,17,40,t=40,1.0
33,0.0,0.24,0.76,1690.2490829231936,62.20928100159696,0.0,17,40,t=40,1.0
34,0.0,0.225,0.775,1656.4486942875014,63.586895787272475,0.0,17,40,t=40,1.0
35,0.0,0.21,0.79,1632.8755320533176,64.49247005194175,0.0,17,40,t=40,1.0
36,0.0,0.2,0.8,1622.9635620599106,64.86007550844693,0.0,17,40,t=40,1.0
37,0.0,0.185,0.815,1581.6613091992833,66.32400411089637,0.0,17,40,t=40,1.0
38,0.0,0.185,0.815,1581.6613091992833,66.32400411089637,0.0,17,40,t=40,1.0
39,0.0,0.17,0.83,1564.8229785862718,66.89419407676303,0.0,17,40,t=40,1.0
40,0.0,0.16,0.84,1532.8381592717776,67.93229290541667,1.0,17,40,t=40,1.0
41,0.0,0.16,0.84,1532.8381592717776,67.93229290541667,1.0,17,40,t=40,1.0
42,0.0,0.16,0.84,1532.8381592717776,67.93229290541667,1.0,17,40,t=40,1.0
43,0.0,0.16,0.84,1532.8381592717776,67.93229290541667,1.0,17,40,t=40,1.0
44,0.0,0.16,0.84,1532.8381592717776,67.93229290541667,1.0,17,40,t=40,1.0
0,0.0,1.0,0.0,1143.7331493974277,0.0,0.0,17,60,t=60,1.0
1,0.0,0.95,0.05,1064.9204638035362,5.308811661723689,0.0,17,60,t=60,1.0
2,0.0,0.9,0.1,1151.9404971007639,10.085675174878043,0.0,17,60,t=60,1.0
3,0.0,0.855,0.145,1268.3660109761431,15.225269889507672,0.0,17,60,t=60,1.0
4,0.0,0.81,0.19,1361.6879154284056,19.050046392925324,0.0,17,60,t=60,1.0
5,0.0,0.775,0.225,1443.4002851654895,22.24224630796064,0.0,17,60,t=60,1.0
6,0.0,0.745,0.255,1544.4436254114894,26.00220063575674,0.0,17,60,t=60,1.0
7,0.0,0.71,0.29,1620.9849817374538,28.718925197432853,0.0,17,60,t=60,1.0
8,0.0,0.675,0.325,1690.7947098558432,31.312793490959976,0.0,17,60,t=60,1.0
9,0.0,0.645,0.355,1717.3298309214613,32.42549561420544,0.0,17,60,t=60,1.0
10,0.0,0.625,0.375,1740.859899936469,33.49524371484976,0.0,17,60,t=60,1.0
11,0.0,0.58,0.42,1814.2574512479052,37.63138699426044,0.0,17,60,t=60,1.0
12,0.0,0.555,0.445,1829.8314946414337,38.804904108871256,0.0,17,60,t=60,1.0
13,0.0,0.535,0.465,1845.0451555856214,40.164944138870325,0.0,17,60,t=60,1.0
14,0.0,0.505,0.495,1871.4091400325226,43.7687192050991,0.0,17,60,t=60,1.0
15,0.0,0.485,0.515,1873.6775818980454,44.352356769830386,0.0,17,60,t=60,1.0
16,0.0,0.455,0.545,1877.4848717698687,46.851194690437254,0.0,17,60,t=60,1.0
17,0.0,0.435,0.565,1872.3221820536578,49.11183180717565,0.0,17,60,t=60,1.0
18,0.0,0.415,0.585,1850.7514932366093,52.41395697737743,0.0,17,60,t=60,1.0
19,0.0,0.405,0.595,1847.2084018028372,52.795921335636024,0.0,17,60,t=60,1.0
20,0.0,0.38,0.62,1831.2336214464442,54.280130816042586,0.0,17,60,t=60,1.0
21,0.0,0.365,0.635,1819.170592385512,55.23468871114349,0.0,17,60,t=60,1.0
22,0.0,0.365,0.635,1819.170592385512,55.23468871114349,0.0,17,60,t=60,1.0
23,0.0,0.35,0.65,1807.2014365007294,56.082780741957414,0.0,17,60,t=60,1.0
24,0.0,0.34,0.66,1804.3685888009982,56.27321861007259,0.0,17,60,t=60,1.0
25,0.0,0.315,0.685,1791.6074825876326,57.09823325851102,0.0,17,60,t=60,1.0
26,0.0,0.3,0.7,1767.5028676311058,58.508173021437806,0.0,17,60,t=60,1.0
27,0.0,0.295,0.705,1763.295078165142,58.736455217240554,0.0,17,60,t=60,1.0
28,0.0,0.28,0.72,1734.8590681055903,60.18496302086383,0.0,17,60,t=60,1.0
29,0.0,0.275,0.725,1727.9281836068712,60.51499065941174,0.0,17,60,t=60,1.0
30,0.0,0.265,0.735,1719.07552367445,60.92768571320646,0.0,17,60,t=60,1.0
31,0.0,0.25,0.75,1706.7505851367252,61.484508985824235,0.0,17,60,t=60,1.0
32,0.0,0.245,0.755,1698.5435721236279,61.84900159962413,0.0,17,60,t=60,1.0
33,0.0,0.24,0.76,1690.2490829231936,62.20928100159696,0.0,17,60,t=60,1.0
34,0.0,0.225,0.775,1656.4486942875014,63.586895787272475,0.0,17,60,t=60,1.0
35,0.0,0.21,0.79,1632.8755320533176,64.49247005194175,0.0,17,60,t=60,1.0
36,0.0,0.2,0.8,1622.9635620599106,64.86007550844693,0.0,17,60,t=60,1.0
37,0.0,0.185,0.815,1581.6613091992833,66.32400411089637,0.0,17,60,t=60,1.0
38,0.0,0.185,0.815,1581.6613091992833,66.32400411089637,0.0,17,60,t=60,1.0
39,0.0,0.17,0.83,1564.8229785862718,66.89419407676303,0.0,17,60,t=60,1.0
40,0.0,0.16,0.84,1532.8381592717776,67.93229290541667,0.0,17,60,t=60,1.0
41,0.0,0.15,0.85,1520.3352235344062,68.3290373796564,0.0,17,60,t=60,1.0
42,0.0,0.14,0.86,1506.0574346370333,68.77498867265089,0.0,17,60,t=60,1.0
43,0.0,0.135,0.865,1497.0010266897125,69.05207737082422,0.0,17,60,t=60,1.0
44,0.0,0.135,0.865,1497.0010266897125,69.05207737082422,0.0,17,60,t=60,1.0
45,0.0,0.125,0.875,1462.649503253979,70.08193566929407,0.0,17,60,t=60,1.0
46,0.0,0.125,0.875,1462.649503253979,70.08193566929407,0.0,17,60,t=60,1.0
47,0.0,0.12,0.88,1440.153455568274,70.73524333065575,0.0,17,60,t=60,1.0
48,0.0,0.115,0.885,1436.7465876224474,70.83286667311225,0.0,17,60,t=60,1.0
49,0.0,0.11,0.89,1428.7881500030371,71.05760333146611,0.0,17,60,t=60,1.0
50,0.0,0.105,0.895,1427.6455257811317,71.09007139268402,0.0,17,60,t=60,1.0
51,0.0,0.09,0.91,1413.421328738277,71.48807426960192,0.0,17,60,t=60,1.0
52,0.0,0.09,0.91,1413.421328738277,71.48807426960192,0.0,17,60,t=60,1.0
53,0.0,0.075,0.925,1304.7402972323307,74.36923620473264,0.0,17,60,t=60,1.0
54,0.0,0.075,0.925,1304.7402972323307,74.36923620473264,0.0,17,60,t=60,1.0
55,0.0,0.065,0.935,1290.1844621880282,74.73342122541897,0.0,17,60,t=60,1.0
56,0.0,0.06,0.94,1282.544519877466,74.9226871493801,0.0,17,60,t=60,1.0
57,0.0,0.05,0.95,1263.4375648292907,75.3937346618599,0.0,17,60,t=60,1.0
58,0.0,0.045,0.955,1246.857399353832,75.79954639434871,0.0,17,60,t=60,1.0
59,0.0,0.04,0.96,1240.6157246429311,75.94936855545944,0.0,17,60,t=60,1.0
60,0.0,0.04,0.96,1240.6157246429311,75.94936855545944,1.0,17,60,t=60,1.0
61,0.0,0.04,0.96,1240.6157246429311,75.94936855545944,1.0,17,60,t=60,1.0
62,0.0,0.04,0.96,1240.6157246429311,75.94936855545944,1.0,17,60,t=60,1.0
63,0.0,0.04,0.96,1240.6157246429311,75.94936855545944,1.0,17,60,t=60,1.0
0,0.0,1.0,0.0,1143.7331493974277,0.0,0.0,17,80,t=80,1.0
1,0.0,0.95,0.05,1064.9204638035362,5.308811661723689,0.0,17,80,t=80,1.0
2,0.0,0.9,0.1,1151.9404971007639,10.085675174878043,0.0,17,80,t=80,1.0
3,0.0,0.855,0.145,1268.3660109761431,15.225269889507672,0.0,17,80,t=80,1.0
4,0.0,0.81,0.19,1361.6879154284056,19.050046392925324,0.0,17,80,t=80,1.0
5,0.0,0.775,0.225,1443.4002851654895,22.24224630796064,0.0,17,80,t=80,1.0
6,0.0,0.745,0.255,1544.4436254114894,26.00220063575674,0.0,17,80,t=80,1.0
7,0.0,0.71,0.29,1620.9849817374538,28.718925197432853,0.0,17,80,t=80,1.0
8,0.0,0.675,0.325,1690.7947098558432,31.312793490959976,0.0,17,80,t=80,1.0
9,0.0,0.645,0.355,1717.3298309214613,32.42549561420544,0.0,17,80,t=80,1.0
10,0.0,0.625,0.375,1740.859899936469,33.49524371484976,0.0,17,80,t=80,1.0
11,0.0,0.58,0.42,1814.2574512479052,37.63138699426044,0.0,17,80,t=80,1.0
12,0.0,0.555,0.445,1829.8314946414337,38.804904108871256,0.0,17,80,t=80,1.0
13,0.0,0.535,0.465,1845.0451555856214,40.164944138870325,0.0,17,80,t=80,1.0
14,0.0,0.505,0.495,1871.4091400325226,43.7687192050991,0.0,17,80,t=80,1.0
15,0.0,0.485,0.515,1873.6775818980454,44.352356769830386,0.0,17,80,t=80,1.0
16,0.0,0.455,0.545,1877.4848717698687,46.851194690437254,0.0,17,80,t=80,1.0
17,0.0,0.435,0.565,1872.3221820536578,49.11183180717565,0.0,17,80,t=80,1.0
18,0.0,0.415,0.585,1850.7514932366093,52.41395697737743,0.0,17,80,t=80,1.0
19,0.0,0.405,0.595,1847.2084018028372,52.795921335636024,0.0,17,80,t=80,1.0
20,0.0,0.38,0.62,1831.2336214464442,54.280130816042586,0.0,17,80,t=80,1.0
21,0.0,0.365,0.635,1819.170592385512,55.23468871114349,0.0,17,80,t=80,1.0
22,0.0,0.365,0.635,1819.170592385512,55.23468871114349,0.0,17,80,t=80,1.0
23,0.0,0.35,0.65,1807.2014365007294,56.082780741957414,0.0,17,80,t=80,1.0
24,0.0,0.34,0.66,1804.3685888009982,56.27321861007259,0.0,17,80,t=80,1.0
25,0.0,0.315,0.685,1791.6074825876326,57.09823325851102,0.0,17,80,t=80,1.0
26,0.0,0.3,0.7,1767.5028676311058,58.508173021437806,0.0,17,80,t=80,1.0
27,0.0,0.295,0.705,1763.295078165142,58.736455217240554,0.0,17,80,t=80,1.0
28,0.0,0.28,0.72,1734.8590681055903,60.18496302086383,0.0,17,80,t=80,1.0
29,0.0,0.275,0.725,1727.9281836068712,60.51499065941174,0.0,17,80,t=80,1.0
30,0.0,0.265,0.735,1719.07552367445,60.92768571320646,0.0,17,80,t=80,1.0
31,0.0,0.25,0.75,1706.7505851367252,61.484508985824235,0.0,17,80,t=80,1.0
32,0.0,0.245,0.755,1698.5435721236279,61.84900159962413,0.0,17,80,t=80,1.0
33,0.0,0.24,0.76,1690.2490829231936,62.20928100159696,0.0,17,80,t=80,1.0
34,0.0,0.225,0.775,1656.4486942875014,63.586895787272475,0.0,17,80,t=80,1.0
35,0.0,0.21,0.79,1632.8755320533176,64.49247005194175,0.0,17,80,t=80,1.0
36,0.0,0.2,0.8,1622.9635620599106,64.86007550844693,0.0,17,80,t=80,1.0
37,0.0,0.185,0.815,1581.6613091992833,66.32400411089637,0.0,17,80,t=80,1.0
38,0.0,0.185,0.815,1581.6613091992833,66.32400411089637,0.0,17,80,t=80,1.0
39,0.0,0.17,0.83,1564.8229785862718,66.89419407676303,0.0,17,80,t=80,1.0
40,0.0,0.16,0.84,1532.8381592717776,67.93229290541667,0.0,17,80,t=80,1.0
41,0.0,0.15,0.85,1520.3352235344062,68.3290373796564,0.0,17,80,t=80,1.0
42,0.0,0.14,0.86,1506.0574346370333,68.77498867265089,0.0,17,80,t=80,1.0
43,0.0,0.135,0.865,1497.0010266897125,69.05207737082422,0.0,17,80,t=80,1.0
44,0.0,0.135,0.865,1497.0010266897125,69.05207737082422,0.0,17,80,t=80,1.0
45,0.0,0.125,0.875,1462.649503253979,70.08193566929407,0.0,17,80,t=80,1.0
46,0.0,0.125,0.875,1462.649503253979,70.08193566929407,0.0,17,80,t=80,1.0
47,0.0,0.12,0.88,1440.153455568274,70.73524333065575,0.0,17,80,t=80,1.0
48,0.0,0.115,0.885,1436.7465876224474,70.83286667311225,0.0,17,80,t=80,1.0
49,0.0,0.11,0.89,1428.7881500030371,71.05760333146611,0.0,17,80,t=80,1.0
50,0.0,0.105,0.895,1427.6455257811317,71.09007139268402,0.0,17,80,t=80,1.0
51,0.0,0.09,0.91,1413.421328738277,71.48807426960192,0.0,17,80,t=80,1.0
52,0.0,0.09,0.91,1413.421328738277,71.48807426960192,0.0,17,80,t=80,1.0
53,0.0,0.075,0.925,1304.7402972323307,74.36923620473264,0.0,17,80,t=80,1.0
54,0.0,0.075,0.925,1304.7402972323307,74.36923620473264,0.0,17,80,t=80,1.0
55,0.0,0.065,0.935,1290.1844621880282,74.73342122541897,0.0,17,80,t=80,1.0
56,0.0,0.06,0.94,1282.544519877466,74.9226871493801,0.0,17,80,t=80,1.0
57,0.0,0.05,0.95,1263.4375648292907,75.3937346618599,0.0,17,80,t=80,1.0
58,0.0,0.045,0.955,1246.857399353832,75.79954639434871,0.0,17,80,t=80,1.0
59,0.0,0.04,0.96,1240.6157246429311,75.94936855545944,0.0,17,80,t=80,1.0
60,0.0,0.04,0.96,1240.6157246429311,75.94936855545944,0.0,17,80,t=80,1.0
61,0.0,0.035,0.965,1226.2528888768652,76.29268892778117,0.0,17,80,t=80,1.0
62,0.0,0.035,0.965,1226.2528888768652,76.29268892778117,0.0,17,80,t=80,1.0
63,0.0,0.03,0.97,1196.8969432041517,76.98947918145461,0.0,17,80,t=80,1.0
64,0.0,0.03,0.97,1196.8969432041517,76.98947918145461,0.0,17,80,t=80,1.0
65,0.0,0.03,0.97,1196.8969432041517,76.98947918145461,0.0,17,80,t=80,1.0
66,0.0,0.025,0.975,1185.2486918636919,77.26028719775765,0.0,17,80,t=80,1.0
67,0.0,0.025,0.975,1185.2486918636919,77.26028719775765,0.0,17,80,t=80,1.0
68,0.0,0.025,0.975,1185.2486918636919,77.26028719775765,0.0,17,80,t=80,1.0
69,0.0,0.025,0.975,1185.2486918636919,77.26028719775765,0.0,17,80,t=80,1.0
70,0.0,0.025,0.975,1185.2486918636919,77.26028719775765,0.0,17,80,t=80,1.0
71,0.0,0.025,0.975,1185.2486918636919,77.26028719775765,0.0,17,80,t=80,1.0
72,0.0,0.025,0.975,1185.2486918636919,77.26028719775765,0.0,17,80,t=80,1.0
73,0.0,0.025,0.975,1185.2486918636919,77.26028719775765,0.0,17,80,t=80,1.0
74,0.0,0.025,0.975,1185.2486918636919,77.26028719775765,0.0,17,80,t=80,1.0
75,0.0,0.025,0.975,1185.2486918636919,77.26028719775765,0.0,17,80,t=80,1.0
76,0.0,0.025,0.975,1185.2486918636919,77.26028719775765,0.0,17,80,t=80,1.0
77,0.0,0.025,0.975,1185.2486918636919,77.26028719775765,0.0,17,80,t=80,1.0
78,0.0,0.025,0.975,1185.2486918636919,77.26028719775765,0.0,17,80,t=80,1.0
79,0.0,0.025,0.975,1185.2486918636919,77.26028719775765,0.0,17,80,t=80,1.0
80,0.0,0.025,0.975,1185.2486918636919,77.26028719775765,1.0,17,80,t=80,1.0
0,0.0,0.94,0.06,987.2745241913435,5.711663557150653,0.0,18,-1,never,1.0
1,0.0,0.89,0.11,1096.0040162319679,11.56694392690055,0.0,18,-1,never,1.0
2,0.0,0.85,0.15,1195.6075464827798,16.031247566349926,0.0,18,-1,never,1.0
3,0.0,0.805,0.195,1308.4451312685867,20.750267812828234,0.0,18,-1,never,1.0
4,0.0,0.76,0.24,1412.9860167787847,24.853326126456913,0.0,18,-1,never,1.0
5,0.0,0.71,0.29,1576.7873643445314,30.854617921585294,0.0,18,-1,never,1.0
6,0.0,0.675,0.325,1651.5412899849887,33.43614809149825,0.0,18,-1,never,1.0
7,0.0,0.635,0.365,1786.8887024593519,38.50176939382496,0.0,18,-1,never,1.0
8,0.0,0.595,0.405,1864.5320605552122,42.519757496581306,0.0,18,-1,never,1.0
9,0.0,0.565,0.435,1891.922757805059,44.40545038720964,0.0,18,-1,never,1.0
10,0.0,0.53,0.47,1913.0744202630965,46.25336740423224,0.0,18,-1,never,1.0
11,0.0,0.505,0.495,1935.3058351907694,49.155739023521136,0.0,18,-1,never,1.0
12,0.0,0.48,0.52,1940.503620946557,50.336880639606385,0.0,18,-1,never,1.0
13,0.0,0.44,0.56,1943.58552922071,53.30826355549273,0.0,18,-1,never,1.0
14,0.0,0.415,0.585,1939.244897809754,55.05125093979951,0.0,18,-1,never,1.0
15,0.0,0.405,0.595,1933.3477129975142,56.25800519557383,0.0,18,-1,never,1.0
16,0.0,0.4,0.6,1931.642568680857,56.540973911412635,0.0,18,-1,never,1.0
17,0.0,0.385,0.615,1925.4180960277802,57.46055213594996,0.0,18,-1,never,1.0
18,0.0,0.37,0.63,1897.96830367594,60.29977841716823,0.0,18,-1,never,1.0
19,0.0,0.35,0.65,1888.514582243949,61.05974809666691,0.0,18,-1,never,1.0
20,0.0,0.325,0.675,1850.2499033844094,63.64563288862183,0.0,18,-1,never,1.0
21,0.0,0.305,0.695,1836.9528380655672,64.41500686208177,0.0,18,-1,never,1.0
22,0.0,0.295,0.705,1816.4519274041916,65.51495770543997,0.0,18,-1,never,1.0
23,0.0,0.28,0.72,1801.578955777994,66.26545285982897,0.0,18,-1,never,1.0
24,0.0,0.27,0.73,1786.8793267982587,66.96750811181995,0.0,18,-1,never,1.0
25,0.0,0.26,0.74,1765.1525667821006,67.95795213975958,0.0,18,-1,never,1.0
26,0.0,0.245,0.755,1748.4213153683793,68.68196010665716,0.0,18,-1,never,1.0
27,0.0,0.23,0.77,1724.9446758251038,69.63825973071519,0.0,18,-1,never,1.0
28,0.0,0.23,0.77,1724.9446758251038,69.63825973071519,0.0,18,-1,never,1.0
29,0.0,0.205,0.795,1664.9262636543383,71.8895388038649,0.0,18,-1,never,1.0
30,0.0,0.2,0.8,1658.8241886027545,72.10445359952337,0.0,18,-1,never,1.0
31,0.0,0.195,0.805,1648.103113723464,72.48023030649466,0.0,18,-1,never,1.0
32,0.0,0.185,0.815,1626.8945916052935,73.19857426829144,0.0,18,-1,never,1.0
33,0.0,0.175,0.825,1606.8481244793106,73.86311079852356,0.0,18,-1,never,1.0
34,0.0,0.165,0.835,1592.2373902569075,74.33219005837225,0.0,18,-1,never,1.0
35,0.0,0.16,0.84,1587.0933821486556,74.49497718914039,0.0,18,-1,never,1.0
36,0.0,0.155,0.845,1583.7257515494134,74.60077030846523,0.0,18,-1,never,1.0
37,0.0,0.15,0.85,1580.3515918308995,74.70724301615182,0.0,18,-1,never,1.0
38,0.0,0.145,0.855,1578.3012508250697,74.77133989876695,0.0,18,-1,never,1.0
39,0.0,0.125,0.875,1540.3931836482402,75.93368922880043,0.0,18,-1,never,1.0
40,0.0,0.12,0.88,1534.8339660786824,76.09848106296283,0.0,18,-1,never,1.0
41,0.0,0.11,0.89,1509.8773573244678,76.83111937113262,0.0,18,-1,never,1.0
42,0.0,0.105,0.895,1504.935897059368,76.9729057745263,0.0,18,-1,never,1.0
43,0.0,0.105,0.895,1504.935897059368,76.9729057745263,0.0,18,-1,never,1.0
44,0.0,0.095,0.905,1494.2403441837453,77.27992161877499,0.0,18,-1,never,1.0
45,0.0,0.09,0.91,1484.9699091584173,77.54104804223662,0.0,18,-1,never,1.0
46,0.0,0.085,0.915,1482.3600116184825,77.61499781306392,0.0,18,-1,never,1.0
47,0.0,0.08,0.92,1472.211779353167,77.8976470506847,0.0,18,-1,never,1.0
48,0.0,0.065,0.935,1440.8147683047355,78.75600611201229,0.0,18,-1,never,1.0
49,0.0,0.06,0.94,1435.4143085219057,78.90249903284456,0.0,18,-1,never,1.0
50,0.0,0.055,0.945,1431.055070519354,79.02031014043266,0.0,18,-1,never,1.0
51,0.0,0.045,0.955,1407.6569098818277,79.63931686107952,0.0,18,-1,never,1.0
52,0.0,0.045,0.955,1407.6569098818277,79.63931686107952,0.0,18,-1,never,1.0
53,0.0,0.045,0.955,1407.6569098818277,79.63931686107952,0.0,18,-1,never,1.0
54,0.0,0.035,0.965,1373.3402722424485,80.5273389922204,0.0,18,-1,never,1.0
55,0.0,0.035,0.965,1373.3402722424485,80.5273389922204,0.0,18,-1,never,1.0
56,0.0,0.035,0.965,1373.3402722424485,80.5273389922204,0.0,18,-1,never,1.0
57,0.0,0.035,0.965,1373.3402722424485,80.5273389922204,0.0,18,-1,never,1.0
58,0.0,0.03,0.97,1367.4078028271379,80.67893238106733,0.0,18,-1,never,1.0
59,0.0,0.03,0.97,1367.4078028271379,80.67893238106733,0.0,18,-1,never,1.0
60,0.0,0.03,0.97,1367.4078028271379,80.67893238106733,0.0,18,-1,never,1.0
61,0.0,0.03,0.97,1367.4078028271379,80.67893238106733,0.0,18,-1,never,1.0
62,0.0,0.03,0.97,1367.4078028271379,80.67893238106733,0.0,18,-1,never,1.0
0,0.0,0.94,0.06,987.2745241913435,5.711663557150653,1.0,18,0,t=0,1.0
1,0.0,0.89,0.11,1096.0040162319679,11.56694392690055,1.0,18,0,t=0,1.0
2,0.0,0.85,0.15,1195.6075464827798,16.031247566349926,1.0,18,0,t=0,1.0
3,0.0,0.805,0.195,1308.4451312685867,20.750267812828234,1.0,18,0,t=0,1.0
4,0.0,0.76,0.24,1412.9860167787847,24.853326126456913,1.0,18,0,t=0,1.0
5,0.0,0.71,0.29,1576.7873643445314,30.854617921585294,1.0,18,0,t=0,1.0
6,0.0,0.675,0.325,1651.5412899849887,33.43614809149825,1.0,18,0,t=0,1.0
7,0.0,0.675,0.325,1651.5412899849887,33.43614809149825,1.0,18,0,t=0,1.0
8,0.0,0.675,0.325,1651.5412899849887,33.43614809149825,1.0,18,0,t=0,1.0
9,0.0,0.675,0.325,1651.5412899849887,33.43614809149825,1.0,18,0,t=0,1.0
10,0.0,0.675,0.325,1651.5412899849887,33.43614809149825,1.0,18,0,t=0,1.0
0,0.0,0.94,0.06,987.2745241913435,5.711663557150653,0.0,18,10,t=10,1.0
1,0.0,0.89,0.11,1096.0040162319679,11.56694392690055,0.0,18,10,t=10,1.0
2,0.0,0.85,0.15,1195.6075464827798,16.031247566349926,0.0,18,10,t=10,1.0
3,0.0,0.805,0.195,1308.4451312685867,20.750267812828234,0.0,18,10,t=10,1.0
4,0.0,0.76,0.24,1412.9860167787847,24.853326126456913,0.0,18,10,t=10,1.0
5,0.0,0.71,0.29,1576.7873643445314,30.854617921585294,0.0,18,10,t=10,1.0
6,0.0,0.675,0.325,1651.5412899849887,33.43614809149825,0.0,18,10,t=10,1.0
7,0.0,0.635,0.365,1786.8887024593519,38.50176939382496,0.0,18,10,t=10,1.0
8,0.0,0.595,0.405,1864.5320605552122,42.519757496581306,0.0,18,10,t=10,1.0
9,0.0,0.565,0.435,1891.922757805059,44.40545038720964,0.0,18,10,t=10,1.0
10,0.0,0.53,0.47,1913.0744202630965,46.25336740423224,1.0,18,10,t=10,1.0
11,0.0,0.53,0.47,1913.0744202630965,46.25336740423224,1.0,18,10,t=10,1.0
12,0.0,0.53,0.47,1913.0744202630965,46.25336740423224,1.0,18,10,t=10,1.0
13,0.0,0.53,0.47,1913.0744202630965,46.25336740423224,1.0,18,10,t=10,1.0
14,0.0,0.53,0.47,1913.0744202630965,46.25336740423224,1.0,18,10,t=10,1.0
0,0.0,0.94,0.06,987.2745241913435,5.711663557150653,0.0,18,20,t=20,1.0
1,0.0,0.89,0.11,1096.0040162319679,11.56694392690055,0.0,18,20,t=20,1.0
2,0.0,0.85,0.15,1195.6075464827798,16.031247566349926,0.0,18,20,t=20,1.0
3,0.0,0.805,0.195,1308.4451312685867,20.750267812828234,0.0,18,20,t=20,1.0
4,0.0,0.76,0.24,1412.9860167787847,24.853326126456913,0.0,18,20,t=20,1.0
5,0.0,0.71,0.29,1576.7873643445314,30.854617921585294,0.0,18,20,t=20,1.0
6,0.0,0.675,0.325,1651.5412899849887,33.43614809149825,0.0,18,20,t=20,1.0
7,0.0,0.635,0.365,1786.8887024593519,38.50176939382496,0.0,18,20,t=20,1.0
8,0.0,0.595,0.405,1864.5320605552122,42.519757496581306,0.0,18,20,t=20,1.0
9,0.0,0.565,0.435,1891.922757805059,44.40545038720964,0.0,18,20,t=20,1.0
10,0.0,0.53,0.47,1913.0744202630965,46.25336740423224,0.0,18,20,t=20,1.0
11,0.0,0.505,0.495,1935.3058351907694,49.155739023521136,0.0,18,20,t=20,1.0
12,0.0,0.48,0.52,1940.503620946557,50.336880639606385,0.0,18,20,t=20,1.0
13,0.0,0.44,0.56,1943.58552922071,53.30826355549273,0.0,18,20,t=20,1.0
14,0.0,0.415,0.585,1939.244897809754,55.05125093979951,0.0,18,20,t=20,1.0
15,0.0,0.405,0.595,1933.3477129975142,56.25800519557383,0.0,18,20,t=20,1.0
16,0.0,0.4,0.6,1931.642568680857,56.540973911412635,0.0,18,20,t=20,1.0
17,0.0,0.385,0.615,1925.4180960277802,57.46055213594996,0.0,18,20,t=20,1.0
18,0.0,0.37,0.63,1897.96830367594,60.29977841716823,0.0,18,20,t=20,1.0
19,0.0,0.35,0.65,1888.514582243949,61.05974809666691,0.0,18,20,t=20,1.0
20,0.0,0.325,0.675,1850.2499033844094,63.64563288862183,1.0,18,20,t=20,1.0
21,0.0,0.325,0.675,1850.2499033844094,63.64563288862183,1.0,18,20,t=20,1.0
22,0.0,0.325,0.675,1850.2499033844094,63.64563288862183,1.0,18,20,t=20,1.0
23,0.0,0.325,0.675,1850.2499033844094,63.64563288862183,1.0,18,20,t=20,1.0
24,0.0,0.325,0.675,1850.2499033844094,63.64563288862183,1.0,18,20,t=20,1.0
0,0.0,0.94,0.06,987.2745241913435,5.711663557150653,0.0,18,40,t=40,1.0
1,0.0,0.89,0.11,1096.0040162319679,11.56694392690055,0.0,18,40,t=40,1.0
2,0.0,0.85,0.15,1195.6075464827798,16.031247566349926,0.0,18,40,t=40,1.0
3,0.0,0.805,0.195,1308.4451312685867,20.750267812828234,0.0,18,40,t=40,1.0
4,0.0,0.76,0.24,1412.9860167787847,24.853326126456913,0.0,18,40,t=40,1.0
5,0.0,0.71,0.29,1576.7873643445314,30.854617921585294,0.0,18,40,t=40,1.0
6,0.0,0.675,0.325,1651.5412899849887,33.43614809149825,0.0,18,40,t=40,1.0
7,0.0,0.635,0.365,1786.8887024593519,38.50176939382496,0.0,18,40,t=40,1.0
8,0.0,0.595,0.405,1864.5320605552122,42.519757496581306,0.0,18,40,t=40,1.0
9,0.0,0.565,0.435,1891.922757805059,44.40545038720964,0.0,18,40,t=40,1.0
10,0.0,0.53,0.47,1913.0744202630965,46.25336740423224,0.0,18,40,t=40,1.0
11,0.0,0.505,0.495,1935.3058351907694,49.155739023521136,0.0,18,40,t=40,1.0
12,0.0,0.48,0.52,1940.503620946557,50.336880639606385,0.0,18,40,t=40,1.0
13,0.0,0.44,0.56,1943.58552922071,53.30826355549273,0.0,18,40,t=40,1.0
14,0.0,0.415,0.585,1939.244897809754,55.05125093979951,0.0,18,40,t=40,1.0
15,0.0,0.405,0.595,1933.3477129975142,56.25800519557383,0.0,18,40,t=40,1.0
16,0.0,0.4,0.6,1931.642568680857,56.540973911412635,0.0,18,40,t=40,1.0
17,0.0,0.385,0.615,1925.4180960277802,57.46055213594996,0.0,18,40,t=40,1.0
18,0.0,0.37,0.63,1897.96830367594,60.29977841716823,0.0,18,40,t=40,1.0
19,0.0,0.35,0.65,1888.514582243949,61.05974809666691,0.0,18,40,t=40,1.0
20,0.0,0.325,0.675,1850.2499033844094,63.64563288862183,0.0,18,40,t=40,1.0
21,0.0,0.305,0.695,1836.9528380655672,64.41500686208177,0.0,18,40,t=40,1.0
22,0.0,0.295,0.705,1816.4519274041916,65.51495770543997,0.0,18,40,t=40,1.0
23,0.0,0.28,0.72,1801.578955777994,66.26545285982897,0.0,18,40,t=40,1.0
24,0.0,0.27,0.73,1786.8793267982587,66.96750811181995,0.0,18,40,t=40,1.0
25,0.0,0.26,0.74,1765.1525667821006,67.95795213975958,0.0,18,40,t=40,1.0
26,0.0,0.245,0.755,1748.4213153683793,68.68196010665716,0.0,18,40,t=40,1.0
27,0.0,0.23,0.77,1724.9446758251038,69.63825973071519,0.0,18,40,t=40,1.0
28,0.0,0.23,0.77,1724.9446758251038,69.63825973071519,0.0,18,40,t=40,1.0
29,0.0,0.205,0.795,1664.9262636543383,71.8895388038649,0.0,18,40,t=40,1.0
30,0.0,0.2,0.8,1658.8241886027545,72.10445359952337,0.0,18,40,t=40,1.0
31,0.0,0.195,0.805,1648.103113723464,72.48023030649466,0.0,18,40,t=40,1.0
32,0.0,0.185,0.815,1626.8945916052935,73.19857426829144,0.0,18,40,t=40,1.0
33,0.0,0.175,0.825,1606.8481244793106,73.86311079852356,0.0,18,40,t=40,1.0
34,0.0,0.165,0.835,1592.2373902569075,74.33219005837225,0.0,18,40,t=40,1.0
35,0.0,0.16,0.84,1587.0933821486556,74.49497718914039,0.0,18,40,t=40,1.0
36,0.0,0.155,0.845,1583.7257515494134,74.60077030846523,0.0,18,40,t=40,1.0
37,0.0,0.15,0.85,1580.3515918308995,74.70724301615182,0.0,18,40,t=40,1.0
38,0.0,0.145,0.855,1578.3012508250697,74.77133989876695,0.0,18,40,t=40,1.0
39,0.0,0.125,0.875,1540.3931836482402,75.93368922880043,0.0,18,40,t=40,1.0
40,0.0,0.12,0.88,1534.8339660786824,76.09848106296283,1.0,18,40,t=40,1.0
41,0.0,0.12,0.88,1534.8339660786824,76.09848106296283,1.0,18,40,t=40,1.0
42,0.0,0.12,0.88,1534.8339660786824,76.09848106296283,1.0,18,40,t=40,1.0
43,0.0,0.12,0.88,1534.8339660786824,76.09848106296283,1.0,18,40,t=40,1.0
44,0.0,0.12,0.88,1534.8339660786824,76.09848106296283,1.0,18,40,t=40,1.0
0,0.0,0.94,0.06,987.2745241913435,5.711663557150653,0.0,18,60,t=60,1.0
1,0.0,0.89,0.11,1096.0040162319679,11.56694392690055,0.0,18,60,t=60,1.0
2,0.0,0.85,0.15,1195.6075464827798,16.031247566349926,0.0,18,60,t=60,1.0
3,0.0,0.805,0.195,1308.4451312685867,20.750267812828234,0.0,18,60,t=60,1.0
4,0.0,0.76,0.24,1412.9860167787847,24.853326126456913,0.0,18,60,t=60,1.0
5,0.0,0.71,0.29,1576.7873643445314,30.854617921585294,0.0,18,60,t=60,1.0
6,0.0,0.675,0.325,1651.5412899849887,33.43614809149825,0.0,18,60,t=60,1.0
7,0.0,0.635,0.365,1786.8887024593519,38.50176939382496,0.0,18,60,t=60,1.0
8,0.0,0.595,0.405,1864.5320605552122,42.519757496581306,0.0,18,60,t=60,1.0
9,0.0,0.565,0.435,1891.922757805059,44.40545038720964,0.0,18,60,t=60,1.0
10,0.0,0.53,0.47,1913.0744202630965,46.25336740423224,0.0,18,60,t=60,1.0
11,0.0,0.505,0.495,1935.3058351907694,49.155739023521136,0.0,18,60,t=60,1.0
12,0.0,0.48,0.52,1940.503620946557,50.336880639606385,0.0,18,60,t=60,1.0
13,0.0,0.44,0.56,1943.58552922071,53.30826355549273,0.0,18,60,t=60,1.0
14,0.0,0.415,0.585,1939.244897809754,55.05125093979951,0.0,18,60,t=60,1.0
15,0.0,0.405,0.595,1933.3477129975142,56.25800519557383,0.0,18,60,t=60,1.0
16,0.0,0.4,0.6,1931.642568680857,56.540973911412635,0.0,18,60,t=60,1.0
17,0.0,0.385,0.615,1925.4180960277802,57.46055213594996,0.0,18,60,t=60,1.0
18,0.0,0.37,0.63,1897.96830367594,60.29977841716823,0.0,18,60,t=60,1.0
19,0.0,0.35,0.65,1888.514582243949,61.05974809666691,0.0,18,60,t=60,1.0
20,0.0,0.325,0.675,1850.2499033844094,63.64563288862183,0.0,18,60,t=60,1.0
21,0.0,0.305,0.695,1836.9528380655672,64.41500686208177,0.0,18,60,t=60,1.0
22,0.0,0.295,0.705,1816.4519274041916,65.51495770543997,0.0,18,60,t=60,1.0
23,0.0,0.28,0.72,1801.578955777994,66.26545285982897,0.0,18,60,t=60,1.0
24,0.0,0.27,0.73,1786.8793267982587,66.96750811181995,0.0,18,60,t=60,1.0
25,0.0,0.26,0.74,1765.1525667821006,67.95795213975958,0.0,18,60,t=60,1.0
26,0.0,0.245,0.755,1748.4213153683793,68.68196010665716,0.0,18,60,t=60,1.0
27,0.0,0.23,0.77,1724.9446758251038,69.63825973071519,0.0,18,60,t=60,1.0
28,0.0,0.23,0.77,1724.9446758251038,69.63825973071519,0.0,18,60,t=60,1.0
29,0.0,0.205,0.795,1664.9262636543383,71.8895388038649,0.0,18,60,t=60,1.0
30,0.0,0.2,0.8,1658.8241886027545,72.10445359952337,0.0,18,60,t=60,1.0
31,0.0,0.195,0.805,1648.103113723464,72.48023030649466,0.0,18,60,t=60,1.0
32,0.0,0.185,0.815,1626.8945916052935,73.19857426829144,0.0,18,60,t=60,1.0
33,0.0,0.175,0.825,1606.8481244793106,73.86311079852356,0.0,18,60,t=60,1.0
34,0.0,0.165,0.835,1592.2373902569075,74.33219005837225,0.0,18,60,t=60,1.0
35,0.0,0.16,0.84,1587.0933821486556,74.49497718914039,0.0,18,60,t=60,1.0
36,0.0,0.155,0.845,1583.7257515494134,74.60077030846523,0.0,18,60,t=60,1.0
37,0.0,0.15,0.85,1580.3515918308995,74.70724301615182,0.0,18,60,t=60,1.0
38,0.0,0.145,0.855,1578.3012508250697,74.77133989876695,0.0,18,60,t=60,1.0
39,0.0,0.125,0.875,1540.3931836482402,75.93368922880043,0.0,18,60,t=60,1.0
40,0.0,0.12,0.88,1534.8339660786824,76.09848106296283,0.0,18,60,t=60,1.0
41,0.0,0.11,0.89,1509.8773573244678,76.83111937113262,0.0,18,60,t=60,1.0
42,0.0,0.105,0.895,1504.935897059368,76.9729057745263,0.0,18,60,t=60,1.0
43,0.0,0.105,0.895,1504.935897059368,76.9729057745263,0.0,18,60,t=60,1.0
44,0.0,0.095,0.905,1494.2403441837453,77.27992161877499,0.0,18,60,t=60,1.0
45,0.0,0.09,0.91,1484.9699091584173,77.54104804223662,0.0,18,60,t=60,1.0
46,0.0,0.085,0.915,1482.3600116184825,77.61499781306392,0.0,18,60,t=60,1.0
47,0.0,0.08,0.92,1472.211779353167,77.8976470506847,0.0,18,60,t=60,1.0
48,0.0,0.065,0.935,1440.8147683047355,78.75600611201229,0.0,18,60,t=60,1.0
49,0.0,0.06,0.94,1435.4143085219057,78.90249903284456,0.0,18,60,t=60,1.0
50,0.0,0.055,0.945,1431.055070519354,79.02031014043266,0.0,18,60,t=60,1.0
51,0.0,0.045,0.955,1407.6569098818277,79.63931686107952,0.0,18,60,t=60,1.0
52,0.0,0.045,0.955,1407.6569098818277,79.63931686107952,0.0,18,60,t=60,1.0
53,0.0,0.045,0.955,1407.6569098818277,79.63931686107952,0.0,18,60,t=60,1.0
54,0.0,0.035,0.965,1373.3402722424485,80.5273389922204,0.0,18,60,t=60,1.0
55,0.0,0.035,0.965,1373.3402722424485,80.5273389922204,0.0,18,60,t=60,1.0
56,0.0,0.035,0.965,1373.3402722424485,80.5273389922204,0.0,18,60,t=60,1.0
57,0.0,0.035,0.965,1373.3402722424485,80.5273389922204,0.0,18,60,t=60,1.0
58,0.0,0.03,0.97,1367.4078028271379,80.67893238106733,0.0,18,60,t=60,1.0
59,0.0,0.03,0.97,1367.4078028271379,80.67893238106733,0.0,18,60,t=60,1.0
60,0.0,0.03,0.97,1367.4078028271379,80.67893238106733,1.0,18,60,t=60,1.0
61,0.0,0.03,0.97,1367.4078028271379,80.67893238106733,1.0,18,60,t=60,1.0
62,0.0,0.03,0.97,1367.4078028271379,80.67893238106733,1.0,18,60,t=60,1.0
0,0.0,0.94,0.06,987.2745241913435,5.711663557150653,0.0,18,80,t=80,1.0
1,0.0,0.89,0.11,1096.0040162319679,11.56694392690055,0.0,18,80,t=80,1.0
2,0.0,0.85,0.15,1195.6075464827798,16.031247566349926,0.0,18,80,t=80,1.0
3,0.0,0.805,0.195,1308.4451312685867,20.750267812828234,0.0,18,80,t=80,1.0
4,0.0,0.76,0.24,1412.9860167787847,24.853326126456913,0.0,18,80,t=80,1.0
5,0.0,0.71,0.29,1576.7873643445314,30.854617921585294,0.0,18,80,t=80,1.0
6,0.0,0.675,0.325,1651.5412899849887,33.43614809149825,0.0,18,80,t=80,1.0
7,0.0,0.635,0.365,1786.8887024593519,38.50176939382496,0.0,18,80,t=80,1.0
8,0.0,0.595,0.405,1864.5320605552122,42.519757496581306,0.0,18,80,t=80,1.0
9,0.0,0.565,0.435,1891.922757805059,44.40545038720964,0.0,18,80,t=80,1.0
10,0.0,0.53,0.47,1913.0744202630965,46.25336740423224,0.0,18,80,t=80,1.0
11,0.0,0.505,0.495,1935.3058351907694,49.155739023521136,0.0,18,80,t=80,1.0
12,0.0,0.48,0.52,1940.503620946557,50.336880639606385,0.0,18,80,t=80,1.0
13,0.0,0.44,0.56,1943.58552922071,53.30826355549273,0.0,18,80,t=80,1.0
14,0.0,0.415,0.585,1939.244897809754,55.05125093979951,0.0,18,80,t=80,1.0
15,0.0,0.405,0.595,1933.3477129975142,56.25800519557383,0.0,18,80,t=80,1.0
16,0.0,0.4,0.6,1931.642568680857,56.540973911412635,0.0,18,80,t=80,1.0
17,0.0,0.385,0.615,1925.4180960277802,57.46055213594996,0.0,18,80,t=80,1.0
18,0.0,0.37,0.63,1897.96830367594,60.29977841716823,0.0,18,80,t=80,1.0
19,0.0,0.35,0.65,1888.514582243949,61.05974809666691,0.0,18,80,t=80,1.0
20,0.0,0.325,0.675,1850.2499033844094,63.64563288862183,0.0,18,80,t=80,1.0
21,0.0,0.305,0.695,1836.9528380655672,64.41500686208177,0.0,18,80,t=80,1.0
22,0.0,0.295,0.705,1816.4519274041916,65.51495770543997,0.0,18,80,t=80,1.0
23,0.0,0.28,0.72,1801.578955777994,66.26545285982897,0.0,18,80,t=80,1.0
24,0.0,0.27,0.73,1786.8793267982587,66.96750811181995,0.0,18,80,t=80,1.0
25,0.0,0.26,0.74,1765.1525667821006,67.95795213975958,0.0,18,80,t=80,1.0
26,0.0,0.245,0.755,1748.4213153683793,68.68196010665716,0.0,18,80,t=80,1.0
27,0.0,0.23,0.77,1724.9446758251038,69.63825973071519,0.0,18,80,t=80,1.0
28,0.0,0.23,0.77,1724.9446758251038,69.63825973071519,0.0,18,80,t=80,1.0
29,0.0,0.205,0.795,1664.9262636543383,71.8895388038649,0.0,18,80,t=80,1.0
30,0.0,0.2,0.8,1658.8241886027545,72.10445359952337,0.0,18,80,t=80,1.0
31,0.0,0.195,0.805,1648.103113723464,72.48023030649466,0.0,18,80,t=80,1.0
32,0.0,0.185,0.815,1626.8945916052935,73.19857426829144,0.0,18,80,t=80,1.0
33,0.0,0.175,0.825,1606.8481244793106,73.86311079852356,0.0,18,80,t=80,1.0
34,0.0,0.165,0.835,1592.2373902569075,74.33219005837225,0.0,18,80,t=80,1.0
35,0.0,0.16,0.84,1587.0933821486556,74.49497718914039,0.0,18,80,t=80,1.0
36,0.0,0.155,0.845,1583.7257515494134,74.60077030846523,0.0,18,80,t=80,1.0
37,0.0,0.15,0.85,1580.3515918308995,74.70724301615182,0.0,18,80,t=80,1.0
38,0.0,0.145,0.855,1578.3012508250697,74.77133989876695,0.0,18,80,t=80,1.0
39,0.0,0.125,0.875,1540.3931836482402,75.93368922880043,0.0,18,80,t=80,1.0
40,0.0,0.12,0.88,1534.8339660786824,76.09848106296283,0.0,18,80,t=80,1.0
41,0.0,0.11,0.89,1509.8773573244678,76.83111937113262,0.0,18,80,t=80,1.0
42,0.0,0.105,0.895,1504.935897059368,76.9729057745263,0.0,18,80,t=80,1.0
43,0.0,0.105,0.895,1504.935897059368,76.9729057745263,0.0,18,80,t=80,1.0
44,0.0,0.095,0.905,1494.2403441837453,77.27992161877499,0.0,18,80,t=80,1.0
45,0.0,0.09,0.91,1484.9699091584173,77.54104804223662,0.0,18,80,t=80,1.0
46,0.0,0.085,0.915,1482.3600116184825,77.61499781306392,0.0,18,80,t=80,1.0
47,0.0,0.08,0.92,1472.211779353167,77.8976470506847,0.0,18,80,t=80,1.0
48,0.0,0.065,0.935,1440.8147683047355,78.75600611201229,0.0,18,80,t=80,1.0
49,0.0,0.06,0.94,1435.4143085219057,78.90249903284456,0.0,18,80,t=80,1.0
50,0.0,0.055,0.945,1431.055070519354,79.02031014043266,0.0,18,80,t=80,1.0
51,0.0,0.045,0.955,1407.6569098818277,79.63931686107952,0.0,18,80,t=80,1.0
52,0.0,0.045,0.955,1407.6569098818277,79.63931686107952,0.0,18,80,t=80,1.0
53,0.0,0.045,0.955,1407.6569098818277,79.63931686107952,0.0,18,80,t=80,1.0
54,0.0,0.035,0.965,1373.3402722424485,80.5273389922204,0.0,18,80,t=80,1.0
55,0.0,0.035,0.965,1373.3402722424485,80.5273389922204,0.0,18,80,t=80,1.0
56,0.0,0.035,0.965,1373.3402722424485,80.5273389922204,0.0,18,80,t=80,1.0
57,0.0,0.035,0.965,1373.3402722424485,80.5273389922204,0.0,18,80,t=80,1.0
58,0.0,0.03,0.97,1367.4078028271379,80.67893238106733,0.0,18,80,t=80,1.0
59,0.0,0.03,0.97,1367.4078028271379,80.67893238106733,0.0,18,80,t=80,1.0
60,0.0,0.03,0.97,1367.4078028271379,80.67893238106733,0.0,18,80,t=80,1.0
61,0.0,0.03,0.97,1367.4078028271379,80.67893238106733,0.0,18,80,t=80,1.0
62,0.0,0.03,0.97,1367.4078028271379,80.67893238106733,0.0,18,80,t=80,1.0
63,0.0,0.03,0.97,1367.4078028271379,80.67893238106733,0.0,18,80,t=80,1.0
64,0.0,0.03,0.97,1367.4078028271379,80.67893238106733,0.0,18,80,t=80,1.0
65,0.0,0.03,0.97,1367.4078028271379,80.67893238106733,0.0,18,80,t=80,1.0
66,0.0,0.03,0.97,1367.4078028271379,80.67893238106733,0.0,18,80,t=80,1.0
67,0.0,0.03,0.97,1367.4078028271379,80.67893238106733,0.0,18,80,t=80,1.0
68,0.0,0.03,0.97,1367.4078028271379,80.67893238106733,0.0,18,80,t=80,1.0
69,0.0,0.025,0.975,1362.0461806954004,80.81525961193303,0.0,18,80,t=80,1.0
70,0.0,0.025,0.975,1362.0461806954004,80.81525961193303,0.0,18,80,t=80,1.0
71,0.0,0.025,0.975,1362.0461806954004,80.81525961193303,0.0,18,80,t=80,1.0
72,0.0,0.025,0.975,1362.0461806954004,80.81525961193303,0.0,18,80,t=80,1.0
73,0.0,0.025,0.975,1362.0461806954004,80.81525961193303,0.0,18,80,t=80,1.0
74,0.0,0.025,0.975,1362.0461806954004,80.81525961193303,0.0,18,80,t=80,1.0
75,0.0,0.02,0.98,1345.1713425406228,81.24182786008049,0.0,18,80,t=80,1.0
76,0.0,0.02,0.98,1345.1713425406228,81.24182786008049,0.0,18,80,t=80,1.0
77,0.0,0.02,0.98,1345.1713425406228,81.24182786008049,0.0,18,80,t=80,1.0
78,0.0,0.02,0.98,1345.1713425406228,81.24182786008049,0.0,18,80,t=80,1.0
79,0.0,0.02,0.98,1345.1713425406228,81.24182786008049,0.0,18,80,t=80,1.0
80,0.0,0.02,0.98,1345.1713425406228,81.24182786008049,1.0,18,80,t=80,1.0
0,0.0,0.94,0.06,917.0483917231546,9.393893727128605,0.0,19,-1,never,1.0
1,0.0,0.89,0.11,1049.6832520632631,15.353669351272579,0.0,19,-1,never,1.0
2,0.0,0.845,0.155,1134.8557666097818,18.881635184908006,0.0,19,-1,never,1.0
3,0.0,0.805,0.195,1294.179609736287,25.003706382722637,0.0,19,-1,never,1.0
4,0.0,0.76,0.24,1409.8508250756383,29.129523808802453,0.0,19,-1,never,1.0
5,0.0,0.72,0.28,1548.0917886715272,33.749199984211195,0.0,19,-1,never,1.0
6,0.0,0.685,0.315,1640.9423971659942,36.99690166528168,0.0,19,-1,never,1.0
7,0.0,0.65,0.35,1754.5612971484857,42.219371873856346,0.0,19,-1,never,1.0
8,0.0,0.605,0.395,1803.0397971727907,45.44046532859775,0.0,19,-1,never,1.0
9,0.0,0.565,0.435,1824.8548143504106,47.4211841179201,0.0,19,-1,never,1.0
10,0.0,0.535,0.465,1844.1999526469642,50.023259407657825,0.0,19,-1,never,1.0
11,0.0,0.5,0.5,1851.6145147871866,51.794061883313354,0.0,19,-1,never,1.0
12,0.0,0.47,0.53,1853.7354563843264,52.807736925766754,0.0,19,-1,never,1.0
13,0.0,0.445,0.555,1852.8625017903976,55.12324283230367,0.0,19,-1,never,1.0
14,0.0,0.425,0.575,1847.151413297627,56.83054411326872,0.0,19,-1,never,1.0
15,0.0,0.405,0.595,1840.8678220675688,57.97288090358161,0.0,19,-1,never,1.0
16,0.0,0.385,0.615,1833.7996935351202,58.98659741811244,0.0,19,-1,never,1.0
17,0.0,0.365,0.635,1828.568357338941,59.62291496434358,0.0,19,-1,never,1.0
18,0.0,0.34,0.66,1813.7915699355337,61.17161937066519,0.0,19,-1,never,1.0
19,0.0,0.32,0.68,1806.0078752438733,61.871312269340486,0.0,19,-1,never,1.0
20,0.0,0.3,0.7,1785.70679996722,63.459000042959296,0.0,19,-1,never,1.0
21,0.0,0.29,0.71,1757.5273064221285,65.33532309550941,0.0,19,-1,never,1.0
22,0.0,0.265,0.735,1724.4071207012867,67.21762719400154,0.0,19,-1,never,1.0
23,0.0,0.255,0.745,1705.0482435238316,68.2020122598422,0.0,19,-1,never,1.0
24,0.0,0.24,0.76,1684.4226728043175,69.19799841627236,0.0,19,-1,never,1.0
25,0.0,0.235,0.765,1642.546487400212,71.03526141468613,0.0,19,-1,never,1.0
26,0.0,0.225,0.775,1624.5717327669404,71.7783558630688,0.0,19,-1,never,1.0
27,0.0,0.225,0.775,1624.5717327669404,71.7783558630688,0.0,19,-1,never,1.0
28,0.0,0.21,0.79,1617.2181941853405,72.0748670218864,0.0,19,-1,never,1.0
29,0.0,0.2,0.8,1612.7022896634016,72.25505263466636,0.0,19,-1,never,1.0
30,0.0,0.195,0.805,1611.671164210719,72.2955182256255,0.0,19,-1,never,1.0
31,0.0,0.18,0.82,1587.2217748538897,73.2381878710089,0.0,19,-1,never,1.0
32,0.0,0.175,0.825,1575.854185791363,73.66440653083765,0.0,19,-1,never,1.0
33,0.0,0.16,0.84,1552.4570671930087,74.51437069441904,0.0,19,-1,never,1.0
34,0.0,0.14,0.86,1523.9527541652822,75.50571977295628,0.0,19,-1,never,1.0
35,0.0,0.13,0.87,1514.9602186420195,75.80956954469735,0.0,19,-1,never,1.0
36,0.0,0.125,0.875,1508.5633199487486,76.02512526986405,0.0,19,-1,never,1.0
37,0.0,0.11,0.89,1473.7909108070767,77.1660303277048,0.0,19,-1,never,1.0
38,0.0,0.105,0.895,1463.9197278573238,77.48135445025306,0.0,19,-1,never,1.0
39,0.0,0.1,0.9,1461.7824851581208,77.54926211245936,0.0,19,-1,never,1.0
40,0.0,0.095,0.905,1458.7663067501637,77.64390748696513,0.0,19,-1,never,1.0
41,0.0,0.095,0.905,1458.7663067501637,77.64390748696513,0.0,19,-1,never,1.0
42,0.0,0.09,0.91,1442.423579212851,78.15193435009729,0.0,19,-1,never,1.0
43,0.0,0.08,0.92,1430.3624164935864,78.5229999226602,0.0,19,-1,never,1.0
44,0.0,0.08,0.92,1430.3624164935864,78.5229999226602,0.0,19,-1,never,1.0
45,0.0,0.08,0.92,1430.3624164935864,78.5229999226602,0.0,19,-1,never,1.0
46,0.0,0.08,0.92,1430.3624164935864,78.5229999226602,0.0,19,-1,never,1.0
47,0.0,0.07,0.93,1419.3636345174546,78.85793091482316,0.0,19,-1,never,1.0
48,0.0,0.07,0.93,1419.3636345174546,78.85793091482316,0.0,19,-1,never,1.0
49,0.0,0.06,0.94,1411.5665694287231,79.09098476805278,0.0,19,-1,never,1.0
50,0.0,0.055,0.945,1401.2684170129323,79.39955148167104,0.0,19,-1,never,1.0
51,0.0,0.05,0.95,1399.6490332903263,79.44735129033342,0.0,19,-1,never,1.0
52,0.0,0.045,0.955,1393.948394584535,79.61441464703756,0.0,19,-1,never,1.0
53,0.0,0.04,0.96,1384.2771523468186,79.89594109614156,0.0,19,-1,never,1.0
54,0.0,0.035,0.965,1380.0805245113343,80.01841808519922,0.0,19,-1,never,1.0
55,0.0,0.03,0.97,1373.2039893129918,80.21850798464628,0.0,19,-1,never,1.0
56,0.0,0.025,0.975,1365.2107847772882,80.44681856801998,0.0,19,-1,never,1.0
57,0.0,0.025,0.975,1365.2107847772882,80.44681856801998,0.0,19,-1,never,1.0
58,0.0,0.02,0.98,1351.8370275027996,80.82549721055076,0.0,19,-1,never,1.0
59,0.0,0.015,0.985,1350.1177335183115,80.87417016137967,0.0,19,-1,never,1.0
60,0.0,0.015,0.985,1350.1177335183115,80.87417016137967,0.0,19,-1,never,1.0
61,0.0,0.015,0.985,1350.1177335183115,80.87417016137967,0.0,19,-1,never,1.0
62,0.0,0.01,0.99,1332.4909348253386,81.36986890372374,0.0,19,-1,never,1.0
63,0.0,0.01,0.99,1332.4909348253386,81.36986890372374,0.0,19,-1,never,1.0
64,0.0,0.01,0.99,1332.4909348253386,81.36986890372374,0.0,19,-1,never,1.0
65,0.0,0.005,0.995,1323.4524161626118,81.61997625740734,0.0,19,-1,never,1.0
66,0.0,0.005,0.995,1323.4524161626118,81.61997625740734,0.0,19,-1,never,1.0
67,0.0,0.005,0.995,1323.4524161626118,81.61997625740734,0.0,19,-1,never,1.0
68,0.0,0.005,0.995,1323.4524161626118,81.61997625740734,0.0,19,-1,never,1.0
69,0.0,0.005,0.995,1323.4524161626118,81.61997625740734,0.0,19,-1,never,1.0
0,0.0,0.94,0.06,917.0483917231546,9.393893727128605,1.0,19,0,t=0,1.0
1,0.0,0.89,0.11,1049.6832520632631,15.353669351272579,1.0,19,0,t=0,1.0
2,0.0,0.845,0.155,1134.8557666097818,18.881635184908006,1.0,19,0,t=0,1.0
3,0.0,0.805,0.195,1294.179609736287,25.003706382722637,1.0,19,0,t=0,1.0
4,0.0,0.76,0.24,1409.8508250756383,29.129523808802453,1.0,19,0,t=0,1.0
5,0.0,0.72,0.28,1548.0917886715272,33.749199984211195,1.0,19,0,t=0,1.0
6,0.0,0.72,0.28,1548.0917886715272,33.749199984211195,1.0,19,0,t=0,1.0
7,0.0,0.72,0.28,1548.0917886715272,33.749199984211195,1.0,19,0,t=0,1.0
8,0.0,0.72,0.28,1548.0917886715272,33.749199984211195,1.0,19,0,t=0,1.0
9,0.0,0.72,0.28,1548.0917886715272,33.749199984211195,1.0,19,0,t=0,1.0
0,0.0,0.94,0.06,917.0483917231546,9.393893727128605,0.0,19,10,t=10,1.0
1,0.0,0.89,0.11,1049.6832520632631,15.353669351272579,0.0,19,10,t=10,1.0
2,0.0,0.845,0.155,1134.8557666097818,18.881635184908006,0.0,19,10,t=10,1.0
3,0.0,0.805,0.195,1294.179609736287,25.003706382722637,0.0,19,10,t=10,1.0
4,0.0,0.76,0.24,1409.8508250756383,29.129523808802453,0.0,19,10,t=10,1.0
5,0.0,0.72,0.28,1548.0917886715272,33.749199984211195,0.0,19,10,t=10,1.0
6,0.0,0.685,0.315,1640.9423971659942,36.99690166528168,0.0,19,10,t=10,1.0
7,0.0,0.65,0.35,1754.5612971484857,42.219371873856346,0.0,19,10,t=10,1.0
8,0.0,0.605,0.395,1803.0397971727907,45.44046532859775,0.0,19,10,t=10,1.0
9,0.0,0.565,0.435,1824.8548143504106,47.4211841179201,0.0,19,10,t=10,1.0
10,0.0,0.535,0.465,1844.1999526469642,50.023259407657825,1.0,19,10,t=10,1.0
11,0.0,0.535,0.465,1844.1999526469642,50.023259407657825,1.0,19,10,t=10,1.0
12,0.0,0.535,0.465,1844.1999526469642,50.023259407657825,1.0,19,10,t=10,1.0
13,0.0,0.535,0.465,1844.1999526469642,50.023259407657825,1.0,19,10,t=10,1.0
14,0.0,0.535,0.465,1844.1999526469642,50.023259407657825,1.0,19,10,t=10,1.0
0,0.0,0.94,0.06,917.0483917231546,9.393893727128605,0.0,19,20,t=20,1.0
1,0.0,0.89,0.11,1049.6832520632631,15.353669351272579,0.0,19,20,t=20,1.0
2,0.0,0.845,0.155,1134.8557666097818,18.881635184908006,0.0,19,20,t=20,1.0
3,0.0,0.805,0.195,1294.179609736287,25.003706382722637,0.0,19,20,t=20,1.0
4,0.0,0.76,0.24,1409.8508250756383,29.129523808802453,0.0,19,20,t=20,1.0
5,0.0,0.72,0.28,1548.0917886715272,33.749199984211195,0.0,19,20,t=20,1.0
6,0.0,0.685,0.315,1640.9423971659942,36.99690166528168,0.0,19,20,t=20,1.0
7,0.0,0.65,0.35,1754.5612971484857,42.219371873856346,0.0,19,20,t=20,1.0
8,0.0,0.605,0.395,1803.0397971727907,45.44046532859775,0.0,19,20,t=20,1.0
9,0.0,0.565,0.435,1824.8548143504106,47.4211841179201,0.0,19,20,t=20,1.0
10,0.0,0.535,0.465,1844.1999526469642,50.023259407657825,0.0,19,20,t=20,1.0
11,0.0,0.5,0.5,1851.6145147871866,51.794061883313354,0.0,19,20,t=20,1.0
12,0.0,0.47,0.53,1853.7354563843264,52.807736925766754,0.0,19,20,t=20,1.0
13,0.0,0.445,0.555,1852.8625017903976,55.12324283230367,0.0,19,20,t=20,1.0
14,0.0,0.425,0.575,1847.151413297627,56.83054411326872,0.0,19,20,t=20,1.0
15,0.0,0.405,0.595,1840.8678220675688,57.97288090358161,0.0,19,20,t=20,1.0
16,0.0,0.385,0.615,1833.7996935351202,58.98659741811244,0.0,19,20,t=20,1.0
17,0.0,0.365,0.635,1828.568357338941,59.62291496434358,0.0,19,20,t=20,1.0
18,0.0,0.34,0.66,1813.7915699355337,61.17161937066519,0.0,19,20,t=20,1.0
19,0.0,0.32,0.68,1806.0078752438733,61.871312269340486,0.0,19,20,t=20,1.0
20,0.0,0.3,0.7,1785.70679996722,63.459000042959296,1.0,19,20,t=20,1.0
21,0.0,0.3,0.7,1785.70679996722,63.459000042959296,1.0,19,20,t=20,1.0
22,0.0,0.3,0.7,1785.70679996722,63.459000042959296,1.0,19,20,t=20,1.0
23,0.0,0.3,0.7,1785.70679996722,63.459000042959296,1.0,19,20,t=20,1.0
24,0.0,0.3,0.7,1785.70679996722,63.459000042959296,1.0,19,20,t=20,1.0
0,0.0,0.94,0.06,917.0483917231546,9.393893727128605,0.0,19,40,t=40,1.0
1,0.0,0.89,0.11,1049.6832520632631,15.353669351272579,0.0,19,40,t=40,1.0
2,0.0,0.845,0.155,1134.8557666097818,18.881635184908006,0.0,19,40,t=40,1.0
3,0.0,0.805,0.195,1294.179609736287,25.003706382722637,0.0,19,40,t=40,1.0
4,0.0,0.76,0.24,1409.8508250756383,29.129523808802453,0.0,19,40,t=40,1.0
5,0.0,0.72,0.28,1548.0917886715272,33.749199984211195,0.0,19,40,t=40,1.0
6,0.0,0.685,0.315,1640.9423971659942,36.99690166528168,0.0,19,40,t=40,1.0
7,0.0,0.65,0.35,1754.5612971484857,42.219371873856346,0.0,19,40,t=40,1.0
8,0.0,0.605,0.395,1803.0397971727907,45.44046532859775,0.0,19,40,t=40,1.0
9,0.0,0.565,0.435,1824.8548143504106,47.4211841179201,0.0,19,40,t=40,1.0
10,0.0,0.535,0.465,1844.1999526469642,50.023259407657825,0.0,19,40,t=40,1.0
11,0.0,0.5,0.5,1851.6145147871866,51.794061883313354,0.0,19,40,t=40,1.0
12,0.0,0.47,0.53,1853.7354563843264,52.807736925766754,0.0,19,40,t=40,1.0
13,0.0,0.445,0.555,1852.8625017903976,55.12324283230367,0.0,19,40,t=40,1.0
14,0.0,0.425,0.575,1847.151413297627,56.83054411326872,0.0,19,40,t=40,1.0
15,0.0,0.405,0.595,1840.8678220675688,57.97288090358161,0.0,19,40,t=40,1.0
16,0.0,0.385,0.615,1833.7996935351202,58.98659741811244,0.0,19,40,t=40,1.0
17,0.0,0.365,0.635,1828.568357338941,59.62291496434358,0.0,19,40,t=40,1.0
18,0.0,0.34,0.66,1813.7915699355337,61.17161937066519,0.0,19,40,t=40,1.0
19,0.0,0.32,0.68,1806.0078752438733,61.871312269340486,0.0,19,40,t=40,1.0
20,0.0,0.3,0.7,1785.70679996722,63.459000042959296,0.0,19,40,t=40,1.0
21,0.0,0.29,0.71,1757.5273064221285,65.33532309550941,0.0,19,40,t=40,1.0
22,0.0,0.265,0.735,1724.4071207012867,67.21762719400154,0.0,19,40,t=40,1.0
23,0.0,0.255,0.745,1705.0482435238316,68.2020122598422,0.0,19,40,t=40,1.0
24,0.0,0.24,0.76,1684.4226728043175,69.19799841627236,0.0,19,40,t=40,1.0
25,0.0,0.235,0.765,1642.546487400212,71.03526141468613,0.0,19,40,t=40,1.0
26,0.0,0.225,0.775,1624.5717327669404,71.7783558630688,0.0,19,40,t=40,1.0
27,0.0,0.225,0.775,1624.5717327669404,71.7783558630688,0.0,19,40,t=40,1.0
28,0.0,0.21,0.79,1617.2181941853405,72.0748670218864,0.0,19,40,t=40,1.0
29,0.0,0.2,0.8,1612.7022896634016,72.25505263466636,0.0,19,40,t=40,1.0
30,0.0,0.195,0.805,1611.671164210719,72.2955182256255,0.0,19,40,t=40,1.0
31,0.0,0.18,0.82,1587.2217748538897,73.2381878710089,0.0,19,40,t=40,1.0
32,0.0,0.175,0.825,1575.854185791363,73.66440653083765,0.0,19,40,t=40,1.0
33,0.0,0.16,0.84,1552.4570671930087,74.51437069441904,0.0,19,40,t=40,1.0
34,0.0,0.14,0.86,1523.9527541652822,75.50571977295628,0.0,19,40,t=40,1.0
35,0.0,0.13,0.87,1514.9602186420195,75.80956954469735,0.0,19,40,t=40,1.0
36,0.0,0.125,0.875,1508.5633199487486,76.02512526986405,0.0,19,40,t=40,1.0
37,0.0,0.11,0.89,1473.7909108070767,77.1660303277048,0.0,19,40,t=40,1.0
38,0.0,0.105,0.895,1463.9197278573238,77.48135445025306,0.0,19,40,t=40,1.0
39,0.0,0.1,0.9,1461.7824851581208,77.54926211245936,0.0,19,40,t=40,1.0
40,0.0,0.095,0.905,1458.7663067501637,77.64390748696513,1.0,19,40,t=40,1.0
41,0.0,0.095,0.905,1458.7663067501637,77.64390748696513,1.0,19,40,t=40,1.0
42,0.0,0.095,0.905,1458.7663067501637,77.64390748696513,1.0,19,40,t=40,1.0
43,0.0,0.095,0.905,1458.7663067501637,77.64390748696513,1.0,19,40,t=40,1.0
44,0.0,0.095,0.905,1458.7663067501637,77.64390748696513,1.0,19,40,t=40,1.0
0,0.0,0.94,0.06,917.0483917231546,9.393893727128605,0.0,19,60,t=60,1.0
1,0.0,0.89,0.11,1049.6832520632631,15.353669351272579,0.0,19,60,t=60,1.0
2,0.0,0.845,0.155,1134.8557666097818,18.881635184908006,0.0,19,60,t=60,1.0
3,0.0,0.805,0.195,1294.179609736287,25.003706382722637,0.0,19,60,t=60,1.0
4,0.0,0.76,0.24,1409.8508250756383,29.129523808802453,0.0,19,60,t=60,1.0
5,0.0,0.72,0.28,1548.0917886715272,33.749199984211195,0.0,19,60,t=60,1.0
6,0.0,0.685,0.315,1640.9423971659942,36.99690166528168,0.0,19,60,t=60,1.0
7,0.0,0.65,0.35,1754.5612971484857,42.219371873856346,0.0,19,60,t=60,1.0
8,0.0,0.605,0.395,1803.0397971727907,45.44046532859775,0.0,19,60,t=60,1.0
9,0.0,0.565,0.435,1824.8548143504106,47.4211841179201,0.0,19,60,t=60,1.0
10,0.0,0.535,0.465,1844.1999526469642,50.023259407657825,0.0,19,60,t=60,1.0
11,0.0,0.5,0.5,1851.6145147871866,51.794061883313354,0.0,19,60,t=60,1.0
12,0.0,0.47,0.53,1853.7354563843264,52.807736925766754,0.0,19,60,t=60,1.0
13,0.0,0.445,0.555,1852.8625017903976,55.12324283230367,0.0,19,60,t=60,1.0
14,0.0,0.425,0.575,1847.151413297627,56.83054411326872,0.0,19,60,t=60,1.0
15,0.0,0.405,0.595,1840.8678220675688,57.97288090358161,0.0,19,60,t=60,1.0
16,0.0,0.385,0.615,1833.7996935351202,58.98659741811244,0.0,19,60,t=60,1.0
17,0.0,0.365,0.635,1828.568357338941,59.62291496434358,0.0,19,60,t=60,1.0
18,0.0,0.34,0.66,1813.7915699355337,61.17161937066519,0.0,19,60,t=60,1.0
19,0.0,0.32,0.68,1806.0078752438733,61.871312269340486,0.0,19,60,t=60,1.0
20,0.0,0.3,0.7,1785.70679996722,63.459000042959296,0.0,19,60,t=60,1.0
21,0.0,0.29,0.71,1757.5273064221285,65.33532309550941,0.0,19,60,t=60,1.0
22,0.0,0.265,0.735,1724.4071207012867,67.21762719400154,0.0,19,60,t=60,1.0
23,0.0,0.255,0.745,1705.0482435238316,68.2020122598422,0.0,19,60,t=60,1.0
24,0.0,0.24,0.76,1684.4226728043175,69.19799841627236,0.0,19,60,t=60,1.0
25,0.0,0.235,0.765,1642.546487400212,71.03526141468613,0.0,19,60,t=60,1.0
26,0.0,0.225,0.775,1624.5717327669404,71.7783558630688,0.0,19,60,t=60,1.0
27,0.0,0.225,0.775,1624.5717327669404,71.7783558630688,0.0,19,60,t=60,1.0
28,0.0,0.21,0.79,1617.2181941853405,72.0748670218864,0.0,19,60,t=60,1.0
29,0.0,0.2,0.8,1612.7022896634016,72.25505263466636,0.0,19,60,t=60,1.0
30,0.0,0.195,0.805,1611.671164210719,72.2955182256255,0.0,19,60,t=60,1.0
31,0.0,0.18,0.82,1587.2217748538897,73.2381878710089,0.0,19,60,t=60,1.0
32,0.0,0.175,0.825,1575.854185791363,73.66440653083765,0.0,19,60,t=60,1.0
33,0.0,0.16,0.84,1552.4570671930087,74.51437069441904,0.0,19,60,t=60,1.0
34,0.0,0.14,0.86,1523.9527541652822,75.50571977295628,0.0,19,60,t=60,1.0
35,0.0,0.13,0.87,1514.9602186420195,75.80956954469735,0.0,19,60,t=60,1.0
36,0.0,0.125,0.875,1508.5633199487486,76.02512526986405,0.0,19,60,t=60,1.0
37,0.0,0.11,0.89,1473.7909108070767,77.1660303277048,0.0,19,60,t=60,1.0
38,0.0,0.105,0.895,1463.9197278573238,77.48135445025306,0.0,19,60,t=60,1.0
39,0.0,0.1,0.9,1461.7824851581208,77.54926211245936,0.0,19,60,t=60,1.0
40,0.0,0.095,0.905,1458.7663067501637,77.64390748696513,0.0,19,60,t=60,1.0
41,0.0,0.095,0.905,1458.7663067501637,77.64390748696513,0.0,19,60,t=60,1.0
42,0.0,0.09,0.91,1442.423579212851,78.15193435009729,0.0,19,60,t=60,1.0
43,0.0,0.08,0.92,1430.3624164935864,78.5229999226602,0.0,19,60,t=60,1.0
44,0.0,0.08,0.92,1430.3624164935864,78.5229999226602,0.0,19,60,t=60,1.0
45,0.0,0.08,0.92,1430.3624164935864,78.5229999226602,0.0,19,60,t=60,1.0
46,0.0,0.08,0.92,1430.3624164935864,78.5229999226602,0.0,19,60,t=60,1.0
47,0.0,0.07,0.93,1419.3636345174546,78.85793091482316,0.0,19,60,t=60,1.0
48,0.0,0.07,0.93,1419.3636345174546,78.85793091482316,0.0,19,60,t=60,1.0
49,0.0,0.06,0.94,1411.5665694287231,79.09098476805278,0.0,19,60,t=60,1.0
50,0.0,0.055,0.945,1401.2684170129323,79.39955148167104,0.0,19,60,t=60,1.0
51,0.0,0.05,0.95,1399.6490332903263,79.44735129033342,0.0,19,60,t=60,1.0
52,0.0,0.045,0.955,1393.948394584535,79.61441464703756,0.0,19,60,t=60,1.0
53,0.0,0.04,0.96,1384.2771523468186,79.89594109614156,0.0,19,60,t=60,1.0
54,0.0,0.035,0.965,1380.0805245113343,80.01841808519922,0.0,19,60,t=60,1.0
55,0.0,0.03,0.97,1373.2039893129918,80.21850798464628,0.0,19,60,t=60,1.0
56,0.0,0.025,0.975,1365.2107847772882,80.44681856801998,0.0,19,60,t=60,1.0
57,0.0,0.025,0.975,1365.2107847772882,80.44681856801998,0.0,19,60,t=60,1.0
58,0.0,0.02,0.98,1351.8370275027996,80.82549721055076,0.0,19,60,t=60,1.0
59,0.0,0.015,0.985,1350.1177335183115,80.87417016137967,0.0,19,60,t=60,1.0
60,0.0,0.015,0.985,1350.1177335183115,80.87417016137967,1.0,19,60,t=60,1.0
61,0.0,0.015,0.985,1350.1177335183115,80.87417016137967,1.0,19,60,t=60,1.0
62,0.0,0.015,0.985,1350.1177335183115,80.87417016137967,1.0,19,60,t=60,1.0
63,0.0,0.015,0.985,1350.1177335183115,80.87417016137967,1.0,19,60,t=60,1.0
0,0.0,0.94,0.06,917.0483917231546,9.393893727128605,0.0,19,80,t=80,1.0
1,0.0,0.89,0.11,1049.6832520632631,15.353669351272579,0.0,19,80,t=80,1.0
2,0.0,0.845,0.155,1134.8557666097818,18.881635184908006,0.0,19,80,t=80,1.0
3,0.0,0.805,0.195,1294.179609736287,25.003706382722637,0.0,19,80,t=80,1.0
4,0.0,0.76,0.24,1409.8508250756383,29.129523808802453,0.0,19,80,t=80,1.0
5,0.0,0.72,0.28,1548.0917886715272,33.749199984211195,0.0,19,80,t=80,1.0
6,0.0,0.685,0.315,1640.9423971659942,36.99690166528168,0.0,19,80,t=80,1.0
7,0.0,0.65,0.35,1754.5612971484857,42.219371873856346,0.0,19,80,t=80,1.0
8,0.0,0.605,0.395,1803.0397971727907,45.44046532859775,0.0,19,80,t=80,1.0
9,0.0,0.565,0.435,1824.8548143504106,47.4211841179201,0.0,19,80,t=80,1.0
10,0.0,0.535,0.465,1844.1999526469642,50.023259407657825,0.0,19,80,t=80,1.0
11,0.0,0.5,0.5,1851.6145147871866,51.794061883313354,0.0,19,80,t=80,1.0
12,0.0,0.47,0.53,1853.7354563843264,52.807736925766754,0.0,19,80,t=80,1.0
13,0.0,0.445,0.555,1852.8625017903976,55.12324283230367,0.0,19,80,t=80,1.0
14,0.0,0.425,0.575,1847.151413297627,56.83054411326872,0.0,19,80,t=80,1.0
15,0.0,0.405,0.595,1840.8678220675688,57.97288090358161,0.0,19,80,t=80,1.0
16,0.0,0.385,0.615,1833.7996935351202,58.98659741811244,0.0,19,80,t=80,1.0
17,0.0,0.365,0.635,1828.568357338941,59.62291496434358,0.0,19,80,t=80,1.0
18,0.0,0.34,0.66,1813.7915699355337,61.17161937066519,0.0,19,80,t=80,1.0
19,0.0,0.32,0.68,1806.0078752438733,61.871312269340486,0.0,19,80,t=80,1.0
20,0.0,0.3,0.7,1785.70679996722,63.459000042959296,0.0,19,80,t=80,1.0
21,0.0,0.29,0.71,1757.5273064221285,65.33532309550941,0.0,19,80,t=80,1.0
22,0.0,0.265,0.735,1724.4071207012867,67.21762719400154,0.0,19,80,t=80,1.0
23,0.0,0.255,0.745,1705.0482435238316,68.2020122598422,0.0,19,80,t=80,1.0
24,0.0,0.24,0.76,1684.4226728043175,69.19799841627236,0.0,19,80,t=80,1.0
25,0.0,0.235,0.765,1642.546487400212,71.03526141468613,0.0,19,80,t=80,1.0
26,0.0,0.225,0.775,1624.5717327669404,71.7783558630688,0.0,19,80,t=80,1.0
27,0.0,0.225,0.775,1624.5717327669404,71.7783558630688,0.0,19,80,t=80,1.0
28,0.0,0.21,0.79,1617.2181941853405,72.0748670218864,0.0,19,80,t=80,1.0
29,0.0,0.2,0.8,1612.7022896634016,72.25505263466636,0.0,19,80,t=80,1.0
30,0.0,0.195,0.805,1611.671164210719,72.2955182256255,0.0,19,80,t=80,1.0
31,0.0,0.18,0.82,1587.2217748538897,73.2381878710089,0.0,19,80,t=80,1.0
32,0.0,0.175,0.825,1575.854185791363,73.66440653083765,0.0,19,80,t=80,1.0
33,0.0,0.16,0.84,1552.4570671930087,74.51437069441904,0.0,19,80,t=80,1.0
34,0.0,0.14,0.86,1523.9527541652822,75.50571977295628,0.0,19,80,t=80,1.0
35,0.0,0.13,0.87,1514.9602186420195,75.80956954469735,0.0,19,80,t=80,1.0
36,0.0,0.125,0.875,1508.5633199487486,76.02512526986405,0.0,19,80,t=80,1.0
37,0.0,0.11,0.89,1473.7909108070767,77.1660303277048,0.0,19,80,t=80,1.0
38,0.0,0.105,0.895,1463.9197278573238,77.48135445025306,0.0,19,80,t=80,1.0
39,0.0,0.1,0.9,1461.7824851581208,77.54926211245936,0.0,19,80,t=80,1.0
40,0.0,0.095,0.905,1458.7663067501637,77.64390748696513,0.0,19,80,t=80,1.0
41,0.0,0.095,0.905,1458.7663067501637,77.64390748696513,0.0,19,80,t=80,1.0
42,0.0,0.09,0.91,1442.423579212851,78.15193435009729,0.0,19,80,t=80,1.0
43,0.0,0.08,0.92,1430.3624164935864,78.5229999226602,0.0,19,80,t=80,1.0
44,0.0,0.08,0.92,1430.3624164935864,78.5229999226602,0.0,19,80,t=80,1.0
45,0.0,0.08,0.92,1430.3624164935864,78.5229999226602,0.0,19,80,t=80,1.0
46,0.0,0.08,0.92,1430.3624164935864,78.5229999226602,0.0,19,80,t=80,1.0
47,0.0,0.07,0.93,1419.3636345174546,78.85793091482316,0.0,19,80,t=80,1.0
48,0.0,0.07,0.93,1419.3636345174546,78.85793091482316,0.0,19,80,t=80,1.0
49,0.0,0.06,0.94,1411.5665694287231,79.09098476805278,0.0,19,80,t=80,1.0
50,0.0,0.055,0.945,1401.2684170129323,79.39955148167104,0.0,19,80,t=80,1.0
51,0.0,0.05,0.95,1399.6490332903263,79.44735129033342,0.0,19,80,t=80,1.0
52,0.0,0.045,0.955,1393.948394584535,79.61441464703756,0.0,19,80,t=80,1.0
53,0.0,0.04,0.96,1384.2771523468186,79.89594109614156,0.0,19,80,t=80,1.0
54,0.0,0.035,0.965,1380.0805245113343,80.01841808519922,0.0,19,80,t=80,1.0
55,0.0,0.03,0.97,1373.2039893129918,80.21850798464628,0.0,19,80,t=80,1.0
56,0.0,0.025,0.975,1365.2107847772882,80.44681856801998,0.0,19,80,t=80,1.0
57,0.0,0.025,0.975,1365.2107847772882,80.44681856801998,0.0,19,80,t=80,1.0
58,0.0,0.02,0.98,1351.8370275027996,80.82549721055076,0.0,19,80,t=80,1.0
59,0.0,0.015,0.985,1350.1177335183115,80.87417016137967,0.0,19,80,t=80,1.0
60,0.0,0.015,0.985,1350.1177335183115,80.87417016137967,0.0,19,80,t=80,1.0
61,0.0,0.015,0.985,1350.1177335183115,80.87417016137967,0.0,19,80,t=80,1.0
62,0.0,0.01,0.99,1332.4909348253386,81.36986890372374,0.0,19,80,t=80,1.0
63,0.0,0.01,0.99,1332.4909348253386,81.36986890372374,0.0,19,80,t=80,1.0
64,0.0,0.01,0.99,1332.4909348253386,81.36986890372374,0.0,19,80,t=80,1.0
65,0.0,0.005,0.995,1323.4524161626118,81.61997625740734,0.0,19,80,t=80,1.0
66,0.0,0.005,0.995,1323.4524161626118,81.61997625740734,0.0,19,80,t=80,1.0
67,0.0,0.005,0.995,1323.4524161626118,81.61997625740734,0.0,19,80,t=80,1.0
68,0.0,0.005,0.995,1323.4524161626118,81.61997625740734,0.0,19,80,t=80,1.0
69,0.0,0.005,0.995,1323.4524161626118,81.61997625740734,0.0,19,80,t=80,1.0
70,0.0,0.005,0.995,1323.4524161626118,81.61997625740734,0.0,19,80,t=80,1.0
71,0.0,0.005,0.995,1323.4524161626118,81.61997625740734,0.0,19,80,t=80,1.0
72,0.0,0.005,0.995,1323.4524161626118,81.61997625740734,0.0,19,80,t=80,1.0
73,0.0,0.005,0.995,1323.4524161626118,81.61997625740734,0.0,19,80,t=80,1.0
74,0.0,0.005,0.995,1323.4524161626118,81.61997625740734,0.0,19,80,t=80,1.0
75,0.0,0.005,0.995,1323.4524161626118,81.61997625740734,0.0,19,80,t=80,1.0
76,0.0,0.005,0.995,1323.4524161626118,81.61997625740734,0.0,19,80,t=80,1.0
77,0.0,0.005,0.995,1323.4524161626118,81.61997625740734,0.0,19,80,t=80,1.0
78,0.0,0.005,0.995,1323.4524161626118,81.61997625740734,0.0,19,80,t=80,1.0
79,0.0,0.005,0.995,1323.4524161626118,81.61997625740734,0.0,19,80,t=80,1.0
80,0.0,0.005,0.995,1323.4524161626118,81.61997625740734,1.0,19,80,t=80,1.0
0,0.0,0.94,0.06,785.6056602898913,6.646097136026993,0.0,20,-1,never,1.0
1,0.0,0.89,0.11,888.6580267508174,12.119332634794869,0.0,20,-1,never,1.0
2,0.0,0.85,0.15,997.7841738928104,17.125533639771362,0.0,20,-1,never,1.0
3,0.0,0.805,0.195,1102.712299597893,21.597420477020915,0.0,20,-1,never,1.0
4,0.0,0.755,0.245,1184.0693183961625,24.868531046978205,0.0,20,-1,never,1.0
5,0.0,0.715,0.285,1242.3169995462913,27.11936420848823,0.0,20,-1,never,1.0
6,0.0,0.695,0.305,1305.8094836106216,29.496053528250272,0.0,20,-1,never,1.0
7,0.0,0.655,0.345,1388.1601566802722,32.47068704071586,0.0,20,-1,never,1.0
8,0.0,0.625,0.375,1473.193418081975,36.00777434748761,0.0,20,-1,never,1.0
9,0.0,0.6,0.4,1504.8839496075655,37.60301527123473,0.0,20,-1,never,1.0
10,0.0,0.58,0.42,1532.950955532156,39.24143440677146,0.0,20,-1,never,1.0
11,0.0,0.545,0.455,1568.8158413227952,41.88437828243539,0.0,20,-1,never,1.0
12,0.0,0.525,0.475,1585.734830292501,43.56179163475241,0.0,20,-1,never,1.0
13,0.0,0.495,0.505,1603.8410872213537,46.47294504156107,0.0,20,-1,never,1.0
14,0.0,0.475,0.525,1608.8316760374048,48.878557593635776,0.0,20,-1,never,1.0
15,0.0,0.44,0.56,1599.8413731039436,52.323103912079596,0.0,20,-1,never,1.0
16,0.0,0.415,0.585,1578.122210273653,55.25082740399787,0.0,20,-1,never,1.0
17,0.0,0.405,0.595,1569.494824654968,56.08134148361948,0.0,20,-1,never,1.0
18,0.0,0.38,0.62,1547.6900642425526,57.8427033536666,0.0,20,-1,never,1.0
19,0.0,0.37,0.63,1535.5335723820692,58.692600005555576,0.0,20,-1,never,1.0
20,0.0,0.35,0.65,1511.346245706747,60.197150700670306,0.0,20,-1,never,1.0
21,0.0,0.32,0.68,1479.3342255079174,61.93523469298888,0.0,20,-1,never,1.0
22,0.0,0.305,0.695,1458.5391682726045,62.95215434015711,0.0,20,-1,never,1.0
23,0.0,0.295,0.705,1439.6879985267108,63.81669022679129,0.0,20,-1,never,1.0
24,0.0,0.285,0.715,1421.70641631522,64.59851188205442,0.0,20,-1,never,1.0
25,0.0,0.27,0.73,1378.0303543053615,66.36049342716007,0.0,20,-1,never,1.0
26,0.0,0.27,0.73,1378.0303543053615,66.36049342716007,0.0,20,-1,never,1.0
27,0.0,0.26,0.74,1372.5417020370448,66.56849141005497,0.0,20,-1,never,1.0
28,0.0,0.255,0.745,1360.366718917168,67.0235643615348,0.0,20,-1,never,1.0
29,0.0,0.25,0.75,1356.2559894411831,67.17387285239911,0.0,20,-1,never,1.0
30,0.0,0.235,0.765,1310.4461191451237,68.78496654578123,0.0,20,-1,never,1.0
31,0.0,0.215,0.785,1285.2982476000777,69.61606729465774,0.0,20,-1,never,1.0
32,0.0,0.205,0.795,1253.7149376214638,70.62085572221739,0.0,20,-1,never,1.0
33,0.0,0.19,0.81,1187.0456691662234,72.62205470409467,0.0,20,-1,never,1.0
34,0.0,0.18,0.82,1146.6734786026975,73.76342104935043,0.0,20,-1,never,1.0
35,0.0,0.175,0.825,1140.5222167258028,73.9325818790917,0.0,20,-1,never,1.0
36,0.0,0.165,0.835,1124.353718946478,74.37067943163343,0.0,20,-1,never,1.0
37,0.0,0.15,0.85,1073.1008931981344,75.71762288843348,0.0,20,-1,never,1.0
38,0.0,0.135,0.865,1032.4799907331035,76.74588093226683,0.0,20,-1,never,1.0
39,0.0,0.13,0.87,964.3661444764302,78.3923846199647,0.0,20,-1,never,1.0
40,0.0,0.12,0.88,905.8829081299991,79.7494656703775,0.0,20,-1,never,1.0
41,0.0,0.11,0.89,877.0700499223831,80.39806655683397,0.0,20,-1,never,1.0
42,0.0,0.1,0.9,831.3163089566747,81.40048528107918,0.0,20,-1,never,1.0
43,0.0,0.1,0.9,831.3163089566747,81.40048528107918,0.0,20,-1,never,1.0
44,0.0,0.1,0.9,831.3163089566747,81.40048528107918,0.0,20,-1,never,1.0
45,0.0,0.095,0.905,812.9733480826658,81.7979908239767,0.0,20,-1,never,1.0
46,0.0,0.095,0.905,812.9733480826658,81.7979908239767,0.0,20,-1,never,1.0
47,0.0,0.09,0.91,807.4203275003742,81.9167230622526,0.0,20,-1,never,1.0
48,0.0,0.08,0.92,789.3063031883703,82.30254246745213,0.0,20,-1,never,1.0
49,0.0,0.08,0.92,789.3063031883703,82.30254246745213,0.0,20,-1,never,1.0
50,0.0,0.075,0.925,776.3460053445078,82.57698457494001,0.0,20,-1,never,1.0
51,0.0,0.075,0.925,776.3460053445078,82.57698457494001,0.0,20,-1,never,1.0
52,0.0,0.075,0.925,776.3460053445078,82.57698457494001,0.0,20,-1,never,1.0
53,0.0,0.065,0.935,751.507099070127,83.09730307310085,0.0,20,-1,never,1.0
54,0.0,0.065,0.935,751.507099070127,83.09730307310085,0.0,20,-1,never,1.0
55,0.0,0.065,0.935,751.507099070127,83.09730307310085,0.0,20,-1,never,1.0
56,0.0,0.065,0.935,751.507099070127,83.09730307310085,0.0,20,-1,never,1.0
57,0.0,0.065,0.935,751.507099070127,83.09730307310085,0.0,20,-1,never,1.0
0,0.0,0.94,0.06,785.6056602898913,6.646097136026993,1.0,20,0,t=0,1.0
1,0.0,0.89,0.11,888.6580267508174,12.119332634794869,1.0,20,0,t=0,1.0
2,0.0,0.85,0.15,997.7841738928104,17.125533639771362,1.0,20,0,t=0,1.0
3,0.0,0.805,0.195,1102.712299597893,21.597420477020915,1.0,20,0,t=0,1.0
4,0.0,0.755,0.245,1184.0693183961625,24.868531046978205,1.0,20,0,t=0,1.0
5,0.0,0.715,0.285,1242.3169995462913,27.11936420848823,1.0,20,0,t=0,1.0
6,0.0,0.695,0.305,1305.8094836106216,29.496053528250272,1.0,20,0,t=0,1.0
7,0.0,0.695,0.305,1305.8094836106216,29.496053528250272,1.0,20,0,t=0,1.0
8,0.0,0.695,0.305,1305.8094836106216,29.496053528250272,1.0,20,0,t=0,1.0
9,0.0,0.67,0.33,1351.4324590265292,31.14749834458241,1.0,20,0,t=0,1.0
10,0.0,0.67,0.33,1351.4324590265292,31.14749834458241,1.0,20,0,t=0,1.0
11,0.0,0.67,0.33,1351.4324590265292,31.14749834458241,1.0,20,0,t=0,1.0
12,0.0,0.67,0.33,1351.4324590265292,31.14749834458241,1.0,20,0,t=0,1.0
13,0.0,0.67,0.33,1351.4324590265292,31.14749834458241,1.0,20,0,t=0,1.0
0,0.0,0.94,0.06,785.6056602898913,6.646097136026993,0.0,20,10,t=10,1.0
1,0.0,0.89,0.11,888.6580267508174,12.119332634794869,0.0,20,10,t=10,1.0
2,0.0,0.85,0.15,997.7841738928104,17.125533639771362,0.0,20,10,t=10,1.0
3,0.0,0.805,0.195,1102.712299597893,21.597420477020915,0.0,20,10,t=10,1.0
4,0.0,0.755,0.245,1184.0693183961625,24.868531046978205,0.0,20,10,t=10,1.0
5,0.0,0.715,0.285,1242.3169995462913,27.11936420848823,0.0,20,10,t=10,1.0
6,0.0,0.695,0.305,1305.8094836106216,29.496053528250272,0.0,20,10,t=10,1.0
7,0.0,0.655,0.345,1388.1601566802722,32.47068704071586,0.0,20,10,t=10,1.0
8,0.0,0.625,0.375,1473.193418081975,36.00777434748761,0.0,20,10,t=10,1.0
9,0.0,0.6,0.4,1504.8839496075655,37.60301527123473,0.0,20,10,t=10,1.0
10,0.0,0.58,0.42,1532.950955532156,39.24143440677146,1.0,20,10,t=10,1.0
11,0.0,0.58,0.42,1532.950955532156,39.24143440677146,1.0,20,10,t=10,1.0
12,0.0,0.58,0.42,1532.950955532156,39.24143440677146,1.0,20,10,t=10,1.0
13,0.0,0.58,0.42,1532.950955532156,39.24143440677146,1.0,20,10,t=10,1.0
14,0.0,0.58,0.42,1532.950955532156,39.24143440677146,1.0,20,10,t=10,1.0
0,0.0,0.94,0.06,785.6056602898913,6.646097136026993,0.0,20,20,t=20,1.0
1,0.0,0.89,0.11,888.6580267508174,12.119332634794869,0.0,20,20,t=20,1.0
2,0.0,0.85,0.15,997.7841738928104,17.125533639771362,0.0,20,20,t=20,1.0
3,0.0,0.805,0.195,1102.712299597893,21.597420477020915,0.0,20,20,t=20,1.0
4,0.0,0.755,0.245,1184.0693183961625,24.868531046978205,0.0,20,20,t=20,1.0
5,0.0,0.715,0.285,1242.3169995462913,27.11936420848823,0.0,20,20,t=20,1.0
6,0.0,0.695,0.305,1305.8094836106216,29.496053528250272,0.0,20,20,t=20,1.0
7,0.0,0.655,0.345,1388.1601566802722,32.47068704071586,0.0,20,20,t=20,1.0
8,0.0,0.625,0.375,1473.193418081975,36.00777434748761,0.0,20,20,t=20,1.0
9,0.0,0.6,0.4,1504.8839496075655,37.60301527123473,0.0,20,20,t=20,1.0
10,0.0,0.58,0.42,1532.950955532156,39.24143440677146,0.0,20,20,t=20,1.0
11,0.0,0.545,0.455,1568.8158413227952,41.88437828243539,0.0,20,20,t=20,1.0
12,0.0,0.525,0.475,1585.734830292501,43.56179163475241,0.0,20,20,t=20,1.0
13,0.0,0.495,0.505,1603.8410872213537,46.47294504156107,0.0,20,20,t=20,1.0
14,0.0,0.475,0.525,1608.8316760374048,48.878557593635776,0.0,20,20,t=20,1.0
15,0.0,0.44,0.56,1599.8413731039436,52.323103912079596,0.0,20,20,t=20,1.0
16,0.0,0.415,0.585,1578.122210273653,55.25082740399787,0.0,20,20,t=20,1.0
17,0.0,0.405,0.595,1569.494824654968,56.08134148361948,0.0,20,20,t=20,1.0
18,0.0,0.38,0.62,1547.6900642425526,57.8427033536666,0.0,20,20,t=20,1.0
19,0.0,0.37,0.63,1535.5335723820692,58.692600005555576,0.0,20,20,t=20,1.0
20,0.0,0.35,0.65,1511.346245706747,60.197150700670306,1.0,20,20,t=20,1.0
21,0.0,0.35,0.65,1511.346245706747,60.197150700670306,1.0,20,20,t=20,1.0
22,0.0,0.35,0.65,1511.346245706747,60.197150700670306,1.0,20,20,t=20,1.0
23,0.0,0.35,0.65,1511.346245706747,60.197150700670306,1.0,20,20,t=20,1.0
24,0.0,0.35,0.65,1511.346245706747,60.197150700670306,1.0,20,20,t=20,1.0
0,0.0,0.94,0.06,785.6056602898913,6.646097136026993,0.0,20,40,t=40,1.0
1,0.0,0.89,0.11,888.6580267508174,12.119332634794869,0.0,20,40,t=40,1.0
2,0.0,0.85,0.15,997.7841738928104,17.125533639771362,0.0,20,40,t=40,1.0
3,0.0,0.805,0.195,1102.712299597893,21.597420477020915,0.0,20,40,t=40,1.0
4,0.0,0.755,0.245,1184.0693183961625,24.868531046978205,0.0,20,40,t=40,1.0
5,0.0,0.715,0.285,1242.3169995462913,27.11936420848823,0.0,20,40,t=40,1.0
6,0.0,0.695,0.305,1305.8094836106216,29.496053528250272,0.0,20,40,t=40,1.0
7,0.0,0.655,0.345,1388.1601566802722,32.47068704071586,0.0,20,40,t=40,1.0
8,0.0,0.625,0.375,1473.193418081975,36.00777434748761,0.0,20,40,t=40,1.0
9,0.0,0.6,0.4,1504.8839496075655,37.60301527123473,0.0,20,40,t=40,1.0
10,0.0,0.58,0.42,1532.950955532156,39.24143440677146,0.0,20,40,t=40,1.0
11,0.0,0.545,0.455,1568.8158413227952,41.88437828243539,0.0,20,40,t=40,1.0
12,0.0,0.525,0.475,1585.734830292501,43.56179163475241,0.0,20,40,t=40,1.0
13,0.0,0.495,0.505,1603.8410872213537,46.47294504156107,0.0,20,40,t=40,1.0
14,0.0,0.475,0.525,1608.8316760374048,48.878557593635776,0.0,20,40,t=40,1.0
15,0.0,0.44,0.56,1599.8413731039436,52.323103912079596,0.0,20,40,t=40,1.0
16,0.0,0.415,0.585,1578.122210273653,55.25082740399787,0.0,20,40,t=40,1.0
17,0.0,0.405,0.595,1569.494824654968,56.08134148361948,0.0,20,40,t=40,1.0
18,0.0,0.38,0.62,1547.6900642425526,57.8427033536666,0.0,20,40,t=40,1.0
19,0.0,0.37,0.63,1535.5335723820692,58.692600005555576,0.0,20,40,t=40,1.0
20,0.0,0.35,0.65,1511.346245706747,60.197150700670306,0.0,20,40,t=40,1.0
21,0.0,0.32,0.68,1479.3342255079174,61.93523469298888,0.0,20,40,t=40,1.0
22,0.0,0.305,0.695,1458.5391682726045,62.95215434015711,0.0,20,40,t=40,1.0
23,0.0,0.295,0.705,1439.6879985267108,63.81669022679129,0.0,20,40,t=40,1.0
24,0.0,0.285,0.715,1421.70641631522,64.59851188205442,0.0,20,40,t=40,1.0
25,0.0,0.27,0.73,1378.0303543053615,66.36049342716007,0.0,20,40,t=40,1.0
26,0.0,0.27,0.73,1378.0303543053615,66.36049342716007,0.0,20,40,t=40,1.0
27,0.0,0.26,0.74,1372.5417020370448,66.56849141005497,0.0,20,40,t=40,1.0
28,0.0,0.255,0.745,1360.366718917168,67.0235643615348,0.0,20,40,t=40,1.0
29,0.0,0.25,0.75,1356.2559894411831,67.17387285239911,0.0,20,40,t=40,1.0
30,0.0,0.235,0.765,1310.4461191451237,68.78496654578123,0.0,20,40,t=40,1.0
31,0.0,0.215,0.785,1285.2982476000777,69.61606729465774,0.0,20,40,t=40,1.0
32,0.0,0.205,0.795,1253.7149376214638,70.62085572221739,0.0,20,40,t=40,1.0
33,0.0,0.19,0.81,1187.0456691662234,72.62205470409467,0.0,20,40,t=40,1.0
34,0.0,0.18,0.82,1146.6734786026975,73.76342104935043,0.0,20,40,t=40,1.0
35,0.0,0.175,0.825,1140.5222167258028,73.9325818790917,0.0,20,40,t=40,1.0
36,0.0,0.165,0.835,1124.353718946478,74.37067943163343,0.0,20,40,t=40,1.0
37,0.0,0.15,0.85,1073.1008931981344,75.71762288843348,0.0,20,40,t=40,1.0
38,0.0,0.135,0.865,1032.4799907331035,76.74588093226683,0.0,20,40,t=40,1.0
39,0.0,0.13,0.87,964.3661444764302,78.3923846199647,0.0,20,40,t=40,1.0
40,0.0,0.12,0.88,905.8829081299991,79.7494656703775,1.0,20,40,t=40,1.0
41,0.0,0.12,0.88,905.8829081299991,79.7494656703775,1.0,20,40,t=40,1.0
42,0.0,0.12,0.88,905.8829081299991,79.7494656703775,1.0,20,40,t=40,1.0
43,0.0,0.12,0.88,905.8829081299991,79.7494656703775,1.0,20,40,t=40,1.0
44,0.0,0.12,0.88,905.8829081299991,79.7494656703775,1.0,20,40,t=40,1.0
0,0.0,0.94,0.06,785.6056602898913,6.646097136026993,0.0,20,60,t=60,1.0
1,0.0,0.89,0.11,888.6580267508174,12.119332634794869,0.0,20,60,t=60,1.0
2,0.0,0.85,0.15,997.7841738928104,17.125533639771362,0.0,20,60,t=60,1.0
3,0.0,0.805,0.195,1102.712299597893,21.597420477020915,0.0,20,60,t=60,1.0
4,0.0,0.755,0.245,1184.0693183961625,24.868531046978205,0.0,20,60,t=60,1.0
5,0.0,0.715,0.285,1242.3169995462913,27.11936420848823,0.0,20,60,t=60,1.0
6,0.0,0.695,0.305,1305.8094836106216,29.496053528250272,0.0,20,60,t=60,1.0
7,0.0,0.655,0.345,1388.1601566802722,32.47068704071586,0.0,20,60,t=60,1.0
8,0.0,0.625,0.375,1473.193418081975,36.00777434748761,0.0,20,60,t=60,1.0
9,0.0,0.6,0.4,1504.8839496075655,37.60301527123473,0.0,20,60,t=60,1.0
10,0.0,0.58,0.42,1532.950955532156,39.24143440677146,0.0,20,60,t=60,1.0
11,0.0,0.545,0.455,1568.8158413227952,41.88437828243539,0.0,20,60,t=60,1.0
12,0.0,0.525,0.475,1585.734830292501,43.56179163475241,0.0,20,60,t=60,1.0
13,0.0,0.495,0.505,1603.8410872213537,46.47294504156107,0.0,20,60,t=60,1.0
14,0.0,0.475,0.525,1608.8316760374048,48.878557593635776,0.0,20,60,t=60,1.0
15,0.0,0.44,0.56,1599.8413731039436,52.323103912079596,0.0,20,60,t=60,1.0
16,0.0,0.415,0.585,1578.122210273653,55.25082740399787,0.0,20,60,t=60,1.0
17,0.0,0.405,0.595,1569.494824654968,56.08134148361948,0.0,20,60,t=60,1.0
18,0.0,0.38,0.62,1547.6900642425526,57.8427033536666,0.0,20,60,t=60,1.0
19,0.0,0.37,0.63,1535.5335723820692,58.692600005555576,0.0,20,60,t=60,1.0
20,0.0,0.35,0.65,1511.346245706747,60.197150700670306,0.0,20,60,t=60,1.0
21,0.0,0.32,0.68,1479.3342255079174,61.93523469298888,0.0,20,60,t=60,1.0
22,0.0,0.305,0.695,1458.5391682726045,62.95215434015711,0.0,20,60,t=60,1.0
23,0.0,0.295,0.705,1439.6879985267108,63.81669022679129,0.0,20,60,t=60,1.0
24,0.0,0.285,0.715,1421.70641631522,64.59851188205442,0.0,20,60,t=60,1.0
25,0.0,0.27,0.73,1378.0303543053615,66.36049342716007,0.0,20,60,t=60,1.0
26,0.0,0.27,0.73,1378.0303543053615,66.36049342716007,0.0,20,60,t=60,1.0
27,0.0,0.26,0.74,1372.5417020370448,66.56849141005497,0.0,20,60,t=60,1.0
28,0.0,0.255,0.745,1360.366718917168,67.0235643615348,0.0,20,60,t=60,1.0
29,0.0,0.25,0.75,1356.2559894411831,67.17387285239911,0.0,20,60,t=60,1.0
30,0.0,0.235,0.765,1310.4461191451237,68.78496654578123,0.0,20,60,t=60,1.0
31,0.0,0.215,0.785,1285.2982476000777,69.61606729465774,0.0,20,60,t=60,1.0
32,0.0,0.205,0.795,1253.7149376214638,70.62085572221739,0.0,20,60,t=60,1.0
33,0.0,0.19,0.81,1187.0456691662234,72.62205470409467,0.0,20,60,t=60,1.0
34,0.0,0.18,0.82,1146.6734786026975,73.76342104935043,0.0,20,60,t=60,1.0
35,0.0,0.175,0.825,1140.5222167258028,73.9325818790917,0.0,20,60,t=60,1.0
36,0.0,0.165,0.835,1124.353718946478,74.37067943163343,0.0,20,60,t=60,1.0
37,0.0,0.15,0.85,1073.1008931981344,75.71762288843348,0.0,20,60,t=60,1.0
38,0.0,0.135,0.865,1032.4799907331035,76.74588093226683,0.0,20,60,t=60,1.0
39,0.0,0.13,0.87,964.3661444764302,78.3923846199647,0.0,20,60,t=60,1.0
40,0.0,0.12,0.88,905.8829081299991,79.7494656703775,0.0,20,60,t=60,1.0
41,0.0,0.11,0.89,877.0700499223831,80.39806655683397,0.0,20,60,t=60,1.0
42,0.0,0.1,0.9,831.3163089566747,81.40048528107918,0.0,20,60,t=60,1.0
43,0.0,0.1,0.9,831.3163089566747,81.40048528107918,0.0,20,60,t=60,1.0
44,0.0,0.1,0.9,831.3163089566747,81.40048528107918,0.0,20,60,t=60,1.0
45,0.0,0.095,0.905,812.9733480826658,81.7979908239767,0.0,20,60,t=60,1.0
46,0.0,0.095,0.905,812.9733480826658,81.7979908239767,0.0,20,60,t=60,1.0
47,0.0,0.09,0.91,807.4203275003742,81.9167230622526,0.0,20,60,t=60,1.0
48,0.0,0.08,0.92,789.3063031883703,82.30254246745213,0.0,20,60,t=60,1.0
49,0.0,0.08,0.92,789.3063031883703,82.30254246745213,0.0,20,60,t=60,1.0
50,0.0,0.075,0.925,776.3460053445078,82.57698457494001,0.0,20,60,t=60,1.0
51,0.0,0.075,0.925,776.3460053445078,82.57698457494001,0.0,20,60,t=60,1.0
52,0.0,0.075,0.925,776.3460053445078,82.57698457494001,0.0,20,60,t=60,1.0
53,0.0,0.065,0.935,751.507099070127,83.09730307310085,0.0,20,60,t=60,1.0
54,0.0,0.065,0.935,751.507099070127,83.09730307310085,0.0,20,60,t=60,1.0
55,0.0,0.065,0.935,751.507099070127,83.09730307310085,0.0,20,60,t=60,1.0
56,0.0,0.065,0.935,751.507099070127,83.09730307310085,0.0,20,60,t=60,1.0
57,0.0,0.065,0.935,751.507099070127,83.09730307310085,0.0,20,60,t=60,1.0
58,0.0,0.06,0.94,740.1640166119214,83.33306513314197,0.0,20,60,t=60,1.0
59,0.0,0.05,0.95,719.9401882956408,83.74964256239863,0.0,20,60,t=60,1.0
60,0.0,0.05,0.95,719.9401882956408,83.74964256239863,1.0,20,60,t=60,1.0
61,0.0,0.05,0.95,719.9401882956408,83.74964256239863,1.0,20,60,t=60,1.0
62,0.0,0.05,0.95,719.9401882956408,83.74964256239863,1.0,20,60,t=60,1.0
63,0.0,0.05,0.95,719.9401882956408,83.74964256239863,1.0,20,60,t=60,1.0
0,0.0,0.94,0.06,785.6056602898913,6.646097136026993,0.0,20,80,t=80,1.0
1,0.0,0.89,0.11,888.6580267508174,12.119332634794869,0.0,20,80,t=80,1.0
2,0.0,0.85,0.15,997.7841738928104,17.125533639771362,0.0,20,80,t=80,1.0
3,0.0,0.805,0.195,1102.712299597893,21.597420477020915,0.0,20,80,t=80,1.0
4,0.0,0.755,0.245,1184.0693183961625,24.868531046978205,0.0,20,80,t=80,1.0
5,0.0,0.715,0.285,1242.3169995462913,27.11936420848823,0.0,20,80,t=80,1.0
6,0.0,0.695,0.305,1305.8094836106216,29.496053528250272,0.0,20,80,t=80,1.0
7,0.0,0.655,0.345,1388.1601566802722,32.47068704071586,0.0,20,80,t=80,1.0
8,0.0,0.625,0.375,1473.193418081975,36.00777434748761,0.0,20,80,t=80,1.0
9,0.0,0.6,0.4,1504.8839496075655,37.60301527123473,0.0,20,80,t=80,1.0
10,0.0,0.58,0.42,1532.950955532156,39.24143440677146,0.0,20,80,t=80,1.0
11,0.0,0.545,0.455,1568.8158413227952,41.88437828243539,0.0,20,80,t=80,1.0
12,0.0,0.525,0.475,1585.734830292501,43.56179163475241,0.0,20,80,t=80,1.0
13,0.0,0.495,0.505,1603.8410872213537,46.47294504156107,0.0,20,80,t=80,1.0
14,0.0,0.475,0.525,1608.8316760374048,48.878557593635776,0.0,20,80,t=80,1.0
15,0.0,0.44,0.56,1599.8413731039436,52.323103912079596,0.0,20,80,t=80,1.0
16,0.0,0.415,0.585,1578.122210273653,55.25082740399787,0.0,20,80,t=80,1.0
17,0.0,0.405,0.595,1569.494824654968,56.08134148361948,0.0,20,80,t=80,1.0
18,0.0,0.38,0.62,1547.6900642425526,57.8427033536666,0.0,20,80,t=80,1.0
19,0.0,0.37,0.63,1535.5335723820692,58.692600005555576,0.0,20,80,t=80,1.0
20,0.0,0.35,0.65,1511.346245706747,60.197150700670306,0.0,20,80,t=80,1.0
21,0.0,0.32,0.68,1479.3342255079174,61.93523469298888,0.0,20,80,t=80,1.0
22,0.0,0.305,0.695,1458.5391682726045,62.95215434015711,0.0,20,80,t=80,1.0
23,0.0,0.295,0.705,1439.6879985267108,63.81669022679129,0.0,20,80,t=80,1.0
24,0.0,0.285,0.715,1421.70641631522,64.59851188205442,0.0,20,80,t=80,1.0
25,0.0,0.27,0.73,1378.0303543053615,66.36049342716007,0.0,20,80,t=80,1.0
26,0.0,0.27,0.73,1378.0303543053615,66.36049342716007,0.0,20,80,t=80,1.0
27,0.0,0.26,0.74,1372.5417020370448,66.56849141005497,0.0,20,80,t=80,1.0
28,0.0,0.255,0.745,1360.366718917168,67.0235643615348,0.0,20,80,t=80,1.0
29,0.0,0.25,0.75,1356.2559894411831,67.17387285239911,0.0,20,80,t=80,1.0
30,0.0,0.235,0.765,1310.4461191451237,68.78496654578123,0.0,20,80,t=80,1.0
31,0.0,0.215,0.785,1285.2982476000777,69.61606729465774,0.0,20,80,t=80,1.0
32,0.0,0.205,0.795,1253.7149376214638,70.62085572221739,0.0,20,80,t=80,1.0
33,0.0,0.19,0.81,1187.0456691662234,72.62205470409467,0.0,20,80,t=80,1.0
34,0.0,0.18,0.82,1146.6734786026975,73.76342104935043,0.0,20,80,t=80,1.0
35,0.0,0.175,0.825,1140.5222167258028,73.9325818790917,0.0,20,80,t=80,1.0
36,0.0,0.165,0.835,1124.353718946478,74.37067943163343,0.0,20,80,t=80,1.0
37,0.0,0.15,0.85,1073.1008931981344,75.71762288843348,0.0,20,80,t=80,1.0
38,0.0,0.135,0.865,1032.4799907331035,76.74588093226683,0.0,20,80,t=80,1.0
39,0.0,0.13,0.87,964.3661444764302,78.3923846199647,0.0,20,80,t=80,1.0
40,0.0,0.12,0.88,905.8829081299991,79.7494656703775,0.0,20,80,t=80,1.0
41,0.0,0.11,0.89,877.0700499223831,80.39806655683397,0.0,20,80,t=80,1.0
42,0.0,0.1,0.9,831.3163089566747,81.40048528107918,0.0,20,80,t=80,1.0
43,0.0,0.1,0.9,831.3163089566747,81.40048528107918,0.0,20,80,t=80,1.0
44,0.0,0.1,0.9,831.3163089566747,81.40048528107918,0.0,20,80,t=80,1.0
45,0.0,0.095,0.905,812.9733480826658,81.7979908239767,0.0,20,80,t=80,1.0
46,0.0,0.095,0.905,812.9733480826658,81.7979908239767,0.0,20,80,t=80,1.0
47,0.0,0.09,0.91,807.4203275003742,81.9167230622526,0.0,20,80,t=80,1.0
48,0.0,0.08,0.92,789.3063031883703,82.30254246745213,0.0,20,80,t=80,1.0
49,0.0,0.08,0.92,789.3063031883703,82.30254246745213,0.0,20,80,t=80,1.0
50,0.0,0.075,0.925,776.3460053445078,82.57698457494001,0.0,20,80,t=80,1.0
51,0.0,0.075,0.925,776.3460053445078,82.57698457494001,0.0,20,80,t=80,1.0
52,0.0,0.075,0.925,776.3460053445078,82.57698457494001,0.0,20,80,t=80,1.0
53,0.0,0.065,0.935,751.507099070127,83.09730307310085,0.0,20,80,t=80,1.0
54,0.0,0.065,0.935,751.507099070127,83.09730307310085,0.0,20,80,t=80,1.0
55,0.0,0.065,0.935,751.507099070127,83.09730307310085,0.0,20,80,t=80,1.0
56,0.0,0.065,0.935,751.507099070127,83.09730307310085,0.0,20,80,t=80,1.0
57,0.0,0.065,0.935,751.507099070127,83.09730307310085,0.0,20,80,t=80,1.0
58,0.0,0.06,0.94,740.1640166119214,83.33306513314197,0.0,20,80,t=80,1.0
59,0.0,0.05,0.95,719.9401882956408,83.74964256239863,0.0,20,80,t=80,1.0
60,0.0,0.05,0.95,719.9401882956408,83.74964256239863,0.0,20,80,t=80,1.0
61,0.0,0.05,0.95,719.9401882956408,83.74964256239863,0.0,20,80,t=80,1.0
62,0.0,0.045,0.955,703.6814011964102,84.08038957901263,0.0,20,80,t=80,1.0
63,0.0,0.04,0.96,686.6238860907956,84.42649303298607,0.0,20,80,t=80,1.0
64,0.0,0.035,0.965,679.0692356778827,84.57796230412758,0.0,20,80,t=80,1.0
65,0.0,0.035,0.965,679.0692356778827,84.57796230412758,0.0,20,80,t=80,1.0
66,0.0,0.035,0.965,679.0692356778827,84.57796230412758,0.0,20,80,t=80,1.0
67,0.0,0.035,0.965,679.0692356778827,84.57796230412758,0.0,20,80,t=80,1.0
68,0.0,0.035,0.965,679.0692356778827,84.57796230412758,0.0,20,80,t=80,1.0
69,0.0,0.035,0.965,679.0692356778827,84.57796230412758,0.0,20,80,t=80,1.0
70,0.0,0.035,0.965,679.0692356778827,84.57796230412758,0.0,20,80,t=80,1.0
71,0.0,0.035,0.965,679.0692356778827,84.57796230412758,0.0,20,80,t=80,1.0
72,0.0,0.03,0.97,669.6343009407537,84.76775636140715,0.0,20,80,t=80,1.0
73,0.0,0.03,0.97,669.6343009407537,84.76775636140715,0.0,20,80,t=80,1.0
74,0.0,0.03,0.97,669.6343009407537,84.76775636140715,0.0,20,80,t=80,1.0
75,0.0,0.03,0.97,669.6343009407537,84.76775636140715,0.0,20,80,t=80,1.0
76,0.0,0.03,0.97,669.6343009407537,84.76775636140715,0.0,20,80,t=80,1.0
77,0.0,0.025,0.975,667.8424002002785,84.80338239080523,0.0,20,80,t=80,1.0
78,0.0,0.025,0.975,667.8424002002785,84.80338239080523,0.0,20,80,t=80,1.0
79,0.0,0.025,0.975,667.8424002002785,84.80338239080523,0.0,20,80,t=80,1.0
80,0.0,0.025,0.975,667.8424002002785,84.80338239080523,1.0,20,80,t=80,1.0
81,0.0,0.025,0.975,667.8424002002785,84.80338239080523,1.0,20,80,t=80,1.0
0,0.0,0.94,0.06,787.5582236655887,5.3669347240367955,0.0,22,-1,never,1.0
1,0.0,0.89,0.11,837.1661624933572,8.363060559475322,0.0,22,-1,never,1.0
2,0.0,0.84,0.16,952.7662757674182,13.825736143053037,0.0,22,-1,never,1.0
3,0.0,0.805,0.195,1140.9482340369993,21.675864818530755,0.0,22,-1,never,1.0
4,0.0,0.765,0.235,1216.6153890888056,24.5849580193402,0.0,22,-1,never,1.0
5,0.0,0.72,0.28,1356.3649520836618,29.659003451714533,0.0,22,-1,never,1.0
6,0.0,0.685,0.315,1440.337973949456,32.563141948599565,0.0,22,-1,never,1.0
7,0.0,0.645,0.355,1492.6016734452833,34.565748319277915,0.0,22,-1,never,1.0
8,0.0,0.6,0.4,1630.528961422127,42.100685213740476,0.0,22,-1,never,1.0
9,0.0,0.575,0.425,1650.7724218132287,43.99395108508105,0.0,22,-1,never,1.0
10,0.0,0.55,0.45,1666.7306846929512,46.09066406139368,0.0,22,-1,never,1.0
11,0.0,0.52,0.48,1672.9864728052685,47.35147390682138,0.0,22,-1,never,1.0
12,0.0,0.5,0.5,1677.7767509658534,49.16754220931729,0.0,22,-1,never,1.0
13,0.0,0.48,0.52,1677.9504635559465,50.570093886213996,0.0,22,-1,never,1.0
14,0.0,0.465,0.535,1674.68168678392,52.13068232335672,0.0,22,-1,never,1.0
15,0.0,0.43,0.57,1665.4010169320836,54.08491490157229,0.0,22,-1,never,1.0
16,0.0,0.405,0.595,1657.5415458722898,55.19182448254405,0.0,22,-1,never,1.0
17,0.0,0.39,0.61,1649.1158981517196,56.16565498213922,0.0,22,-1,never,1.0
18,0.0,0.365,0.635,1633.8009833568804,57.65474376002313,0.0,22,-1,never,1.0
19,0.0,0.355,0.645,1629.5891992982051,58.017305651831606,0.0,22,-1,never,1.0
20,0.0,0.335,0.665,1612.7061482577783,59.33225699857121,0.0,22,-1,never,1.0
21,0.0,0.335,0.665,1612.7061482577783,59.33225699857121,0.0,22,-1,never,1.0
22,0.0,0.32,0.68,1599.8213493860007,60.2128455603567,0.0,22,-1,never,1.0
23,0.0,0.295,0.705,1578.401932432184,61.55016405322192,0.0,22,-1,never,1.0
24,0.0,0.265,0.735,1527.1228478671183,64.27118387916613,0.0,22,-1,never,1.0
25,0.0,0.255,0.745,1515.5428418971526,64.81411480339322,0.0,22,-1,never,1.0
26,0.0,0.245,0.755,1504.317612982517,65.32474794939105,0.0,22,-1,never,1.0
27,0.0,0.235,0.765,1492.3656735521242,65.85223242069844,0.0,22,-1,never,1.0
28,0.0,0.225,0.775,1481.9500895265871,66.30140159599378,0.0,22,-1,never,1.0
29,0.0,0.215,0.785,1454.6738698835745,67.42143592467346,0.0,22,-1,never,1.0
30,0.0,0.195,0.805,1371.621186674569,70.4821860219723,0.0,22,-1,never,1.0
31,0.0,0.185,0.815,1328.0930417138914,71.92404939812059,0.0,22,-1,never,1.0
32,0.0,0.175,0.825,1305.4594646475841,72.64416792407872,0.0,22,-1,never,1.0
33,0.0,0.175,0.825,1305.4594646475841,72.64416792407872,0.0,22,-1,never,1.0
34,0.0,0.17,0.83,1300.4463691382969,72.8016608416127,0.0,22,-1,never,1.0
35,0.0,0.16,0.84,1274.3459722075352,73.60924863022524,0.0,22,-1,never,1.0
36,0.0,0.15,0.85,1258.4565759116144,74.08711812434443,0.0,22,-1,never,1.0
37,0.0,0.14,0.86,1244.8765009404535,74.48980063120615,0.0,22,-1,never,1.0
38,0.0,0.135,0.865,1217.1422073050421,75.28773872841228,0.0,22,-1,never,1.0
39,0.0,0.135,0.865,1217.1422073050421,75.28773872841228,0.0,22,-1,never,1.0
40,0.0,0.12,0.88,1198.6025980252925,75.80922405084513,0.0,22,-1,never,1.0
41,0.0,0.115,0.885,1182.2138209445789,76.26481049678432,0.0,22,-1,never,1.0
42,0.0,0.11,0.89,1160.3059942034965,76.86312614233049,0.0,22,-1,never,1.0
43,0.0,0.1,0.9,1147.7514331727948,77.19988263294276,0.0,22,-1,never,1.0
44,0.0,0.09,0.91,1118.7736608288933,77.96091679634759,0.0,22,-1,never,1.0
45,0.0,0.085,0.915,1070.5308717976186,79.20252689093513,0.0,22,-1,never,1.0
46,0.0,0.085,0.915,1070.5308717976186,79.20252689093513,0.0,22,-1,never,1.0
47,0.0,0.075,0.925,1054.9512060565653,79.59222147564125,0.0,22,-1,never,1.0
48,0.0,0.075,0.925,1054.9512060565653,79.59222147564125,0.0,22,-1,never,1.0
49,0.0,0.075,0.925,1054.9512060565653,79.59222147564125,0.0,22,-1,never,1.0
50,0.0,0.075,0.925,1054.9512060565653,79.59222147564125,0.0,22,-1,never,1.0
51,0.0,0.075,0.925,1054.9512060565653,79.59222147564125,0.0,22,-1,never,1.0
0,0.0,0.94,0.06,787.5582236655887,5.3669347240367955,1.0,22,0,t=0,1.0
1,0.0,0.89,0.11,837.1661624933572,8.363060559475322,1.0,22,0,t=0,1.0
2,0.0,0.84,0.16,952.7662757674182,13.825736143053037,1.0,22,0,t=0,1.0
3,0.0,0.805,0.195,1140.9482340369993,21.675864818530755,1.0,22,0,t=0,1.0
4,0.0,0.765,0.235,1216.6153890888056,24.5849580193402,1.0,22,0,t=0,1.0
5,0.0,0.72,0.28,1356.3649520836618,29.659003451714533,1.0,22,0,t=0,1.0
6,0.0,0.72,0.28,1356.3649520836618,29.659003451714533,1.0,22,0,t=0,1.0
7,0.0,0.72,0.28,1356.3649520836618,29.659003451714533,1.0,22,0,t=0,1.0
8,0.0,0.72,0.28,1356.3649520836618,29.659003451714533,1.0,22,0,t=0,1.0
9,0.0,0.72,0.28,1356.3649520836618,29.659003451714533,1.0,22,0,t=0,1.0
0,0.0,0.94,0.06,787.5582236655887,5.3669347240367955,0.0,22,10,t=10,1.0
1,0.0,0.89,0.11,837.1661624933572,8.363060559475322,0.0,22,10,t=10,1.0
2,0.0,0.84,0.16,952.7662757674182,13.825736143053037,0.0,22,10,t=10,1.0
3,0.0,0.805,0.195,1140.9482340369993,21.675864818530755,0.0,22,10,t=10,1.0
4,0.0,0.765,0.235,1216.6153890888056,24.5849580193402,0.0,22,10,t=10,1.0
5,0.0,0.72,0.28,1356.3649520836618,29.659003451714533,0.0,22,10,t=10,1.0
6,0.0,0.685,0.315,1440.337973949456,32.563141948599565,0.0,22,10,t=10,1.0
7,0.0,0.645,0.355,1492.6016734452833,34.565748319277915,0.0,22,10,t=10,1.0
8,0.0,0.6,0.4,1630.528961422127,42.100685213740476,0.0,22,10,t=10,1.0
9,0.0,0.575,0.425,1650.7724218132287,43.99395108508105,0.0,22,10,t=10,1.0
10,0.0,0.55,0.45,1666.7306846929512,46.09066406139368,1.0,22,10,t=10,1.0
11,0.0,0.55,0.45,1666.7306846929512,46.09066406139368,1.0,22,10,t=10,1.0
12,0.0,0.55,0.45,1666.7306846929512,46.09066406139368,1.0,22,10,t=10,1.0
13,0.0,0.55,0.45,1666.7306846929512,46.09066406139368,1.0,22,10,t=10,1.0
14,0.0,0.55,0.45,1666.7306846929512,46.09066406139368,1.0,22,10,t=10,1.0
0,0.0,0.94,0.06,787.5582236655887,5.3669347240367955,0.0,22,20,t=20,1.0
1,0.0,0.89,0.11,837.1661624933572,8.363060559475322,0.0,22,20,t=20,1.0
2,0.0,0.84,0.16,952.7662757674182,13.825736143053037,0.0,22,20,t=20,1.0
3,0.0,0.805,0.195,1140.9482340369993,21.675864818530755,0.0,22,20,t=20,1.0
4,0.0,0.765,0.235,1216.6153890888056,24.5849580193402,0.0,22,20,t=20,1.0
5,0.0,0.72,0.28,1356.3649520836618,29.659003451714533,0.0,22,20,t=20,1.0
6,0.0,0.685,0.315,1440.337973949456,32.563141948599565,0.0,22,20,t=20,1.0
7,0.0,0.645,0.355,1492.6016734452833,34.565748319277915,0.0,22,20,t=20,1.0
8,0.0,0.6,0.4,1630.528961422127,42.100685213740476,0.0,22,20,t=20,1.0
9,0.0,0.575,0.425,1650.7724218132287,43.99395108508105,0.0,22,20,t=20,1.0
10,0.0,0.55,0.45,1666.7306846929512,46.09066406139368,0.0,22,20,t=20,1.0
11,0.0,0.52,0.48,1672.9864728052685,47.35147390682138,0.0,22,20,t=20,1.0
12,0.0,0.5,0.5,1677.7767509658534,49.16754220931729,0.0,22,20,t=20,1.0
13,0.0,0.48,0.52,1677.9504635559465,50.570093886213996,0.0,22,20,t=20,1.0
14,0.0,0.465,0.535,1674.68168678392,52.13068232335672,0.0,22,20,t=20,1.0
15,0.0,0.43,0.57,1665.4010169320836,54.08491490157229,0.0,22,20,t=20,1.0
16,0.0,0.405,0.595,1657.5415458722898,55.19182448254405,0.0,22,20,t=20,1.0
17,0.0,0.39,0.61,1649.1158981517196,56.16565498213922,0.0,22,20,t=20,1.0
18,0.0,0.365,0.635,1633.8009833568804,57.65474376002313,0.0,22,20,t=20,1.0
19,0.0,0.355,0.645,1629.5891992982051,58.017305651831606,0.0,22,20,t=20,1.0
20,0.0,0.335,0.665,1612.7061482577783,59.33225699857121,1.0,22,20,t=20,1.0
21,0.0,0.335,0.665,1612.7061482577783,59.33225699857121,1.0,22,20,t=20,1.0
22,0.0,0.335,0.665,1612.7061482577783,59.33225699857121,1.0,22,20,t=20,1.0
23,0.0,0.335,0.665,1612.7061482577783,59.33225699857121,1.0,22,20,t=20,1.0
24,0.0,0.335,0.665,1612.7061482577783,59.33225699857121,1.0,22,20,t=20,1.0
0,0.0,0.94,0.06,787.5582236655887,5.3669347240367955,0.0,22,40,t=40,1.0
1,0.0,0.89,0.11,837.1661624933572,8.363060559475322,0.0,22,40,t=40,1.0
2,0.0,0.84,0.16,952.7662757674182,13.825736143053037,0.0,22,40,t=40,1.0
3,0.0,0.805,0.195,1140.9482340369993,21.675864818530755,0.0,22,40,t=40,1.0
4,0.0,0.765,0.235,1216.6153890888056,24.5849580193402,0.0,22,40,t=40,1.0
5,0.0,0.72,0.28,1356.3649520836618,29.659003451714533,0.0,22,40,t=40,1.0
6,0.0,0.685,0.315,1440.337973949456,32.563141948599565,0.0,22,40,t=40,1.0
7,0.0,0.645,0.355,1492.6016734452833,34.565748319277915,0.0,22,40,t=40,1.0
8,0.0,0.6,0.4,1630.528961422127,42.100685213740476,0.0,22,40,t=40,1.0
9,0.0,0.575,0.425,1650.7724218132287,43.99395108508105,0.0,22,40,t=40,1.0
10,0.0,0.55,0.45,1666.7306846929512,46.09066406139368,0.0,22,40,t=40,1.0
11,0.0,0.52,0.48,1672.9864728052685,47.35147390682138,0.0,22,40,t=40,1.0
12,0.0,0.5,0.5,1677.7767509658534,49.16754220931729,0.0,22,40,t=40,1.0
13,0.0,0.48,0.52,1677.9504635559465,50.570093886213996,0.0,22,40,t=40,1.0
14,0.0,0.465,0.535,1674.68168678392,52.13068232335672,0.0,22,40,t=40,1.0
15,0.0,0.43,0.57,1665.4010169320836,54.08491490157229,0.0,22,40,t=40,1.0
16,0.0,0.405,0.595,1657.5415458722898,55.19182448254405,0.0,22,40,t=40,1.0
17,0.0,0.39,0.61,1649.1158981517196,56.16565498213922,0.0,22,40,t=40,1.0
18,0.0,0.365,0.635,1633.8009833568804,57.65474376002313,0.0,22,40,t=40,1.0
19,0.0,0.355,0.645,1629.5891992982051,58.017305651831606,0.0,22,40,t=40,1.0
20,0.0,0.335,0.665,1612.7061482577783,59.33225699857121,0.0,22,40,t=40,1.0
21,0.0,0.335,0.665,1612.7061482577783,59.33225699857121,0.0,22,40,t=40,1.0
22,0.0,0.32,0.68,1599.8213493860007,60.2128455603567,0.0,22,40,t=40,1.0
23,0.0,0.295,0.705,1578.401932432184,61.55016405322192,0.0,22,40,t=40,1.0
24,0.0,0.265,0.735,1527.1228478671183,64.27118387916613,0.0,22,40,t=40,1.0
25,0.0,0.255,0.745,1515.5428418971526,64.81411480339322,0.0,22,40,t=40,1.0
26,0.0,0.245,0.755,1504.317612982517,65.32474794939105,0.0,22,40,t=40,1.0
27,0.0,0.235,0.765,1492.3656735521242,65.85223242069844,0.0,22,40,t=40,1.0
28,0.0,0.225,0.775,1481.9500895265871,66.30140159599378,0.0,22,40,t=40,1.0
29,0.0,0.215,0.785,1454.6738698835745,67.42143592467346,0.0,22,40,t=40,1.0
30,0.0,0.195,0.805,1371.621186674569,70.4821860219723,0.0,22,40,t=40,1.0
31,0.0,0.185,0.815,1328.0930417138914,71.92404939812059,0.0,22,40,t=40,1.0
32,0.0,0.175,0.825,1305.4594646475841,72.64416792407872,0.0,22,40,t=40,1.0
33,0.0,0.175,0.825,1305.4594646475841,72.64416792407872,0.0,22,40,t=40,1.0
34,0.0,0.17,0.83,1300.4463691382969,72.8016608416127,0.0,22,40,t=40,1.0
35,0.0,0.16,0.84,1274.3459722075352,73.60924863022524,0.0,22,40,t=40,1.0
36,0.0,0.15,0.85,1258.4565759116144,74.08711812434443,0.0,22,40,t=40,1.0
37,0.0,0.14,0.86,1244.8765009404535,74.48980063120615,0.0,22,40,t=40,1.0
38,0.0,0.135,0.865,1217.1422073050421,75.28773872841228,0.0,22,40,t=40,1.0
39,0.0,0.135,0.865,1217.1422073050421,75.28773872841228,0.0,22,40,t=40,1.0
40,0.0,0.12,0.88,1198.6025980252925,75.80922405084513,1.0,22,40,t=40,1.0
41,0.0,0.12,0.88,1198.6025980252925,75.80922405084513,1.0,22,40,t=40,1.0
42,0.0,0.12,0.88,1198.6025980252925,75.80922405084513,1.0,22,40,t=40,1.0
43,0.0,0.12,0.88,1198.6025980252925,75.80922405084513,1.0,22,40,t=40,1.0
44,0.0,0.12,0.88,1198.6025980252925,75.80922405084513,1.0,22,40,t=40,1.0
0,0.0,0.94,0.06,787.5582236655887,5.3669347240367955,0.0,22,60,t=60,1.0
1,0.0,0.89,0.11,837.1661624933572,8.363060559475322,0.0,22,60,t=60,1.0
2,0.0,0.84,0.16,952.7662757674182,13.825736143053037,0.0,22,60,t=60,1.0
3,0.0,0.805,0.195,1140.9482340369993,21.675864818530755,0.0,22,60,t=60,1.0
4,0.0,0.765,0.235,1216.6153890888056,24.5849580193402,0.0,22,60,t=60,1.0
5,0.0,0.72,0.28,1356.3649520836618,29.659003451714533,0.0,22,60,t=60,1.0
6,0.0,0.685,0.315,1440.337973949456,32.563141948599565,0.0,22,60,t=60,1.0
7,0.0,0.645,0.355,1492.6016734452833,34.565748319277915,0.0,22,60,t=60,1.0
8,0.0,0.6,0.4,1630.528961422127,42.100685213740476,0.0,22,60,t=60,1.0
9,0.0,0.575,0.425,1650.7724218132287,43.99395108508105,0.0,22,60,t=60,1.0
10,0.0,0.55,0.45,1666.7306846929512,46.09066406139368,0.0,22,60,t=60,1.0
11,0.0,0.52,0.48,1672.9864728052685,47.35147390682138,0.0,22,60,t=60,1.0
12,0.0,0.5,0.5,1677.7767509658534,49.16754220931729,0.0,22,60,t=60,1.0
13,0.0,0.48,0.52,1677.9504635559465,50.570093886213996,0.0,22,60,t=60,1.0
14,0.0,0.465,0.535,1674.68168678392,52.13068232335672,0.0,22,60,t=60,1.0
15,0.0,0.43,0.57,1665.4010169320836,54.08491490157229,0.0,22,60,t=60,1.0
16,0.0,0.405,0.595,1657.5415458722898,55.19182448254405,0.0,22,60,t=60,1.0
17,0.0,0.39,0.61,1649.1158981517196,56.16565498213922,0.0,22,60,t=60,1.0
18,0.0,0.365,0.635,1633.8009833568804,57.65474376002313,0.0,22,60,t=60,1.0
19,0.0,0.355,0.645,1629.5891992982051,58.017305651831606,0.0,22,60,t=60,1.0
20,0.0,0.335,0.665,1612.7061482577783,59.33225699857121,0.0,22,60,t=60,1.0
21,0.0,0.335,0.665,1612.7061482577783,59.33225699857121,0.0,22,60,t=60,1.0
22,0.0,0.32,0.68,1599.8213493860007,60.2128455603567,0.0,22,60,t=60,1.0
23,0.0,0.295,0.705,1578.401932432184,61.55016405322192,0.0,22,60,t=60,1.0
24,0.0,0.265,0.735,1527.1228478671183,64.27118387916613,0.0,22,60,t=60,1.0
25,0.0,0.255,0.745,1515.5428418971526,64.81411480339322,0.0,22,60,t=60,1.0
26,0.0,0.245,0.755,1504.317612982517,65.32474794939105,0.0,22,60,t=60,1.0
27,0.0,0.235,0.765,1492.3656735521242,65.85223242069844,0.0,22,60,t=60,1.0
28,0.0,0.225,0.775,1481.9500895265871,66.30140159599378,0.0,22,60,t=60,1.0
29,0.0,0.215,0.785,1454.6738698835745,67.42143592467346,0.0,22,60,t=60,1.0
30,0.0,0.195,0.805,1371.621186674569,70.4821860219723,0.0,22,60,t=60,1.0
31,0.0,0.185,0.815,1328.0930417138914,71.92404939812059,0.0,22,60,t=60,1.0
32,0.0,0.175,0.825,1305.4594646475841,72.64416792407872,0.0,22,60,t=60,1.0
33,0.0,0.175,0.825,1305.4594646475841,72.64416792407872,0.0,22,60,t=60,1.0
34,0.0,0.17,0.83,1300.4463691382969,72.8016608416127,0.0,22,60,t=60,1.0
35,0.0,0.16,0.84,1274.3459722075352,73.60924863022524,0.0,22,60,t=60,1.0
36,0.0,0.15,0.85,1258.4565759116144,74.08711812434443,0.0,22,60,t=60,1.0
37,0.0,0.14,0.86,1244.8765009404535,74.48980063120615,0.0,22,60,t=60,1.0
38,0.0,0.135,0.865,1217.1422073050421,75.28773872841228,0.0,22,60,t=60,1.0
39,0.0,0.135,0.865,1217.1422073050421,75.28773872841228,0.0,22,60,t=60,1.0
40,0.0,0.12,0.88,1198.6025980252925,75.80922405084513,0.0,22,60,t=60,1.0
41,0.0,0.115,0.885,1182.2138209445789,76.26481049678432,0.0,22,60,t=60,1.0
42,0.0,0.11,0.89,1160.3059942034965,76.86312614233049,0.0,22,60,t=60,1.0
43,0.0,0.1,0.9,1147.7514331727948,77.19988263294276,0.0,22,60,t=60,1.0
44,0.0,0.09,0.91,1118.7736608288933,77.96091679634759,0.0,22,60,t=60,1.0
45,0.0,0.085,0.915,1070.5308717976186,79.20252689093513,0.0,22,60,t=60,1.0
46,0.0,0.085,0.915,1070.5308717976186,79.20252689093513,0.0,22,60,t=60,1.0
47,0.0,0.075,0.925,1054.9512060565653,79.59222147564125,0.0,22,60,t=60,1.0
48,0.0,0.075,0.925,1054.9512060565653,79.59222147564125,0.0,22,60,t=60,1.0
49,0.0,0.075,0.925,1054.9512060565653,79.59222147564125,0.0,22,60,t=60,1.0
50,0.0,0.075,0.925,1054.9512060565653,79.59222147564125,0.0,22,60,t=60,1.0
51,0.0,0.075,0.925,1054.9512060565653,79.59222147564125,0.0,22,60,t=60,1.0
52,0.0,0.07,0.93,1042.4015874236347,79.9022496664457,0.0,22,60,t=60,1.0
53,0.0,0.07,0.93,1042.4015874236347,79.9022496664457,0.0,22,60,t=60,1.0
54,0.0,0.07,0.93,1042.4015874236347,79.9022496664457,0.0,22,60,t=60,1.0
55,0.0,0.055,0.945,1027.9951828533299,80.25625866677,0.0,22,60,t=60,1.0
56,0.0,0.05,0.95,1018.871720306272,80.47896117308832,0.0,22,60,t=60,1.0
57,0.0,0.05,0.95,1018.871720306272,80.47896117308832,0.0,22,60,t=60,1.0
58,0.0,0.045,0.955,1012.845898192571,80.62418797184915,0.0,22,60,t=60,1.0
59,0.0,0.04,0.96,988.7140637279399,81.20027453890901,0.0,22,60,t=60,1.0
60,0.0,0.04,0.96,988.7140637279399,81.20027453890901,1.0,22,60,t=60,1.0
61,0.0,0.04,0.96,988.7140637279399,81.20027453890901,1.0,22,60,t=60,1.0
62,0.0,0.04,0.96,988.7140637279399,81.20027453890901,1.0,22,60,t=60,1.0
63,0.0,0.04,0.96,988.7140637279399,81.20027453890901,1.0,22,60,t=60,1.0
0,0.0,0.94,0.06,787.5582236655887,5.3669347240367955,0.0,22,80,t=80,1.0
1,0.0,0.89,0.11,837.1661624933572,8.363060559475322,0.0,22,80,t=80,1.0
2,0.0,0.84,0.16,952.7662757674182,13.825736143053037,0.0,22,80,t=80,1.0
3,0.0,0.805,0.195,1140.9482340369993,21.675864818530755,0.0,22,80,t=80,1.0
4,0.0,0.765,0.235,1216.6153890888056,24.5849580193402,0.0,22,80,t=80,1.0
5,0.0,0.72,0.28,1356.3649520836618,29.659003451714533,0.0,22,80,t=80,1.0
6,0.0,0.685,0.315,1440.337973949456,32.563141948599565,0.0,22,80,t=80,1.0
7,0.0,0.645,0.355,1492.6016734452833,34.565748319277915,0.0,22,80,t=80,1.0
8,0.0,0.6,0.4,1630.528961422127,42.100685213740476,0.0,22,80,t=80,1.0
9,0.0,0.575,0.425,1650.7724218132287,43.99395108508105,0.0,22,80,t=80,1.0
10,0.0,0.55,0.45,1666.7306846929512,46.09066406139368,0.0,22,80,t=80,1.0
11,0.0,0.52,0.48,1672.9864728052685,47.35147390682138,0.0,22,80,t=80,1.0
12,0.0,0.5,0.5,1677.7767509658534,49.16754220931729,0.0,22,80,t=80,1.0
13,0.0,0.48,0.52,1677.9504635559465,50.570093886213996,0.0,22,80,t=80,1.0
14,0.0,0.465,0.535,1674.68168678392,52.13068232335672,0.0,22,80,t=80,1.0
15,0.0,0.43,0.57,1665.4010169320836,54.08491490157229,0.0,22,80,t=80,1.0
16,0.0,0.405,0.595,1657.5415458722898,55.19182448254405,0.0,22,80,t=80,1.0
17,0.0,0.39,0.61,1649.1158981517196,56.16565498213922,0.0,22,80,t=80,1.0
18,0.0,0.365,0.635,1633.8009833568804,57.65474376002313,0.0,22,80,t=80,1.0
19,0.0,0.355,0.645,1629.5891992982051,58.017305651831606,0.0,22,80,t=80,1.0
20,0.0,0.335,0.665,1612.7061482577783,59.33225699857121,0.0,22,80,t=80,1.0
21,0.0,0.335,0.665,1612.7061482577783,59.33225699857121,0.0,22,80,t=80,1.0
22,0.0,0.32,0.68,1599.8213493860007,60.2128455603567,0.0,22,80,t=80,1.0
23,0.0,0.295,0.705,1578.401932432184,61.55016405322192,0.0,22,80,t=80,1.0
24,0.0,0.265,0.735,1527.1228478671183,64.27118387916613,0.0,22,80,t=80,1.0
25,0.0,0.255,0.745,1515.5428418971526,64.81411480339322,0.0,22,80,t=80,1.0
26,0.0,0.245,0.755,1504.317612982517,65.32474794939105,0.0,22,80,t=80,1.0
27,0.0,0.235,0.765,1492.3656735521242,65.85223242069844,0.0,22,80,t=80,1.0
28,0.0,0.225,0.775,1481.9500895265871,66.30140159599378,0.0,22,80,t=80,1.0
29,0.0,0.215,0.785,1454.6738698835745,67.42143592467346,0.0,22,80,t=80,1.0
30,0.0,0.195,0.805,1371.621186674569,70.4821860219723,0.0,22,80,t=80,1.0
31,0.0,0.185,0.815,1328.0930417138914,71.92404939812059,0.0,22,80,t=80,1.0
32,0.0,0.175,0.825,1305.4594646475841,72.64416792407872,0.0,22,80,t=80,1.0
33,0.0,0.175,0.825,1305.4594646475841,72.64416792407872,0.0,22,80,t=80,1.0
34,0.0,0.17,0.83,1300.4463691382969,72.8016608416127,0.0,22,80,t=80,1.0
35,0.0,0.16,0.84,1274.3459722075352,73.60924863022524,0.0,22,80,t=80,1.0
36,0.0,0.15,0.85,1258.4565759116144,74.08711812434443,0.0,22,80,t=80,1.0
37,0.0,0.14,0.86,1244.8765009404535,74.48980063120615,0.0,22,80,t=80,1.0
38,0.0,0.135,0.865,1217.1422073050421,75.28773872841228,0.0,22,80,t=80,1.0
39,0.0,0.135,0.865,1217.1422073050421,75.28773872841228,0.0,22,80,t=80,1.0
40,0.0,0.12,0.88,1198.6025980252925,75.80922405084513,0.0,22,80,t=80,1.0
41,0.0,0.115,0.885,1182.2138209445789,76.26481049678432,0.0,22,80,t=80,1.0
42,0.0,0.11,0.89,1160.3059942034965,76.86312614233049,0.0,22,80,t=80,1.0
43,0.0,0.1,0.9,1147.7514331727948,77.19988263294276,0.0,22,80,t=80,1.0
44,0.0,0.09,0.91,1118.7736608288933,77.96091679634759,0.0,22,80,t=80,1.0
45,0.0,0.085,0.915,1070.5308717976186,79.20252689093513,0.0,22,80,t=80,1.0
46,0.0,0.085,0.915,1070.5308717976186,79.20252689093513,0.0,22,80,t=80,1.0
47,0.0,0.075,0.925,1054.9512060565653,79.59222147564125,0.0,22,80,t=80,1.0
48,0.0,0.075,0.925,1054.9512060565653,79.59222147564125,0.0,22,80,t=80,1.0
49,0.0,0.075,0.925,1054.9512060565653,79.59222147564125,0.0,22,80,t=80,1.0
50,0.0,0.075,0.925,1054.9512060565653,79.59222147564125,0.0,22,80,t=80,1.0
51,0.0,0.075,0.925,1054.9512060565653,79.59222147564125,0.0,22,80,t=80,1.0
52,0.0,0.07,0.93,1042.4015874236347,79.9022496664457,0.0,22,80,t=80,1.0
53,0.0,0.07,0.93,1042.4015874236347,79.9022496664457,0.0,22,80,t=80,1.0
54,0.0,0.07,0.93,1042.4015874236347,79.9022496664457,0.0,22,80,t=80,1.0
55,0.0,0.055,0.945,1027.9951828533299,80.25625866677,0.0,22,80,t=80,1.0
56,0.0,0.05,0.95,1018.871720306272,80.47896117308832,0.0,22,80,t=80,1.0
57,0.0,0.05,0.95,1018.871720306272,80.47896117308832,0.0,22,80,t=80,1.0
58,0.0,0.045,0.955,1012.845898192571,80.62418797184915,0.0,22,80,t=80,1.0
59,0.0,0.04,0.96,988.7140637279399,81.20027453890901,0.0,22,80,t=80,1.0
60,0.0,0.04,0.96,988.7140637279399,81.20027453890901,0.0,22,80,t=80,1.0
61,0.0,0.04,0.96,988.7140637279399,81.20027453890901,0.0,22,80,t=80,1.0
62,0.0,0.035,0.965,985.103167411537,81.28629556106196,0.0,22,80,t=80,1.0
63,0.0,0.035,0.965,985.103167411537,81.28629556106196,0.0,22,80,t=80,1.0
64,0.0,0.03,0.97,977.7429566534788,81.45969904145991,0.0,22,80,t=80,1.0
65,0.0,0.03,0.97,977.7429566534788,81.45969904145991,0.0,22,80,t=80,1.0
66,0.0,0.03,0.97,977.7429566534788,81.45969904145991,0.0,22,80,t=80,1.0
67,0.0,0.03,0.97,977.7429566534788,81.45969904145991,0.0,22,80,t=80,1.0
68,0.0,0.03,0.97,977.7429566534788,81.45969904145991,0.0,22,80,t=80,1.0
69,0.0,0.025,0.975,971.9491300888476,81.5957837267045,0.0,22,80,t=80,1.0
70,0.0,0.025,0.975,971.9491300888476,81.5957837267045,0.0,22,80,t=80,1.0
71,0.0,0.02,0.98,971.3422197195923,81.61017397110815,0.0,22,80,t=80,1.0
72,0.0,0.02,0.98,971.3422197195923,81.61017397110815,0.0,22,80,t=80,1.0
73,0.0,0.02,0.98,971.3422197195923,81.61017397110815,0.0,22,80,t=80,1.0
74,0.0,0.02,0.98,971.3422197195923,81.61017397110815,0.0,22,80,t=80,1.0
75,0.0,0.02,0.98,971.3422197195923,81.61017397110815,0.0,22,80,t=80,1.0
76,0.0,0.015,0.985,961.6036106613774,81.83917789161512,0.0,22,80,t=80,1.0
77,0.0,0.015,0.985,961.6036106613774,81.83917789161512,0.0,22,80,t=80,1.0
78,0.0,0.015,0.985,961.6036106613774,81.83917789161512,0.0,22,80,t=80,1.0
79,0.0,0.015,0.985,961.6036106613774,81.83917789161512,0.0,22,80,t=80,1.0
80,0.0,0.01,0.99,942.8068796542366,82.27417606703736,1.0,22,80,t=80,1.0
81,0.0,0.01,0.99,942.8068796542366,82.27417606703736,1.0,22,80,t=80,1.0
82,0.0,0.01,0.99,942.8068796542366,82.27417606703736,1.0,22,80,t=80,1.0
83,0.0,0.01,0.99,942.8068796542366,82.27417606703736,1.0,22,80,t=80,1.0
84,0.0,0.01,0.99,942.8068796542366,82.27417606703736,1.0,22,80,t=80,1.0
0,0.0,0.94,0.06,1026.9269919872218,6.523110869445183,0.0,21,-1,never,1.0
1,0.0,0.89,0.11,1122.2771372500176,11.528682817320167,0.0,21,-1,never,1.0
2,0.0,0.84,0.16,1228.0533529650124,16.27879149684162,0.0,21,-1,never,1.0
3,0.0,0.795,0.205,1324.0304656098658,20.31703703069182,0.0,21,-1,never,1.0
4,0.0,0.75,0.25,1420.9151941028254,24.170424451769094,0.0,21,-1,never,1.0
5,0.0,0.72,0.28,1498.2929547706856,27.11998649932769,0.0,21,-1,never,1.0
6,0.0,0.675,0.325,1601.5122586630175,30.87842102099849,0.0,21,-1,never,1.0
7,0.0,0.64,0.36,1708.4481355922348,35.37874784164693,0.0,21,-1,never,1.0
8,0.0,0.615,0.385,1752.3765539448373,37.82243307394686,0.0,21,-1,never,1.0
9,0.0,0.585,0.415,1776.9225336233433,39.51963470062893,0.0,21,-1,never,1.0
10,0.0,0.56,0.44,1791.2034264582614,40.70802875604173,0.0,21,-1,never,1.0
11,0.0,0.53,0.47,1815.6817512410994,43.48107182271204,0.0,21,-1,never,1.0
12,0.0,0.52,0.48,1821.8796013737829,44.59012282975588,0.0,21,-1,never,1.0
13,0.0,0.49,0.51,1828.6202696609048,46.989172324051566,0.0,21,-1,never,1.0
14,0.0,0.475,0.525,1827.4889282608153,48.7870600477023,0.0,21,-1,never,1.0
15,0.0,0.455,0.545,1822.917047133582,50.184565631822636,0.0,21,-1,never,1.0
16,0.0,0.425,0.575,1803.9804577475093,53.084144532155875,0.0,21,-1,never,1.0
17,0.0,0.415,0.585,1786.7182962318798,54.77116647423071,0.0,21,-1,never,1.0
18,0.0,0.4,0.6,1780.1013691520006,55.32979027033277,0.0,21,-1,never,1.0
19,0.0,0.375,0.625,1756.110169457866,57.09440508565897,0.0,21,-1,never,1.0
20,0.0,0.365,0.635,1746.062828718511,57.73888052186007,0.0,21,-1,never,1.0
21,0.0,0.35,0.65,1722.0335027305289,59.1413312233492,0.0,21,-1,never,1.0
22,0.0,0.335,0.665,1699.5065101695868,60.32314795601685,0.0,21,-1,never,1.0
23,0.0,0.31,0.69,1677.6219932811791,61.382402755307034,0.0,21,-1,never,1.0
24,0.0,0.29,0.71,1621.423752059454,63.79465066341304,0.0,21,-1,never,1.0
25,0.0,0.275,0.725,1601.8017361329355,64.55780520404954,0.0,21,-1,never,1.0
26,0.0,0.265,0.735,1590.1838798934061,64.9972554265799,0.0,21,-1,never,1.0
27,0.0,0.245,0.755,1557.0190841225688,66.20378443238226,0.0,21,-1,never,1.0
28,0.0,0.235,0.765,1540.7258536892605,66.76583067252449,0.0,21,-1,never,1.0
29,0.0,0.23,0.77,1537.2852739154432,66.88234091161806,0.0,21,-1,never,1.0
30,0.0,0.225,0.775,1535.910031493752,66.9288446718515,0.0,21,-1,never,1.0
31,0.0,0.21,0.79,1514.9791249924335,67.62538155083935,0.0,21,-1,never,1.0
32,0.0,0.21,0.79,1514.9791249924335,67.62538155083935,0.0,21,-1,never,1.0
33,0.0,0.205,0.795,1504.0008492241166,67.98159891510122,0.0,21,-1,never,1.0
34,0.0,0.195,0.805,1474.2094462022637,68.91762517368795,0.0,21,-1,never,1.0
35,0.0,0.19,0.81,1462.240143680787,69.2841174754987,0.0,21,-1,never,1.0
36,0.0,0.185,0.815,1450.8915842728006,69.62856351625786,0.0,21,-1,never,1.0
37,0.0,0.175,0.825,1417.6877645317427,70.60840534999949,0.0,21,-1,never,1.0
38,0.0,0.17,0.83,1411.0388675429665,70.79861220540998,0.0,21,-1,never,1.0
39,0.0,0.16,0.84,1364.9902434747723,72.0878178254214,0.0,21,-1,never,1.0
40,0.0,0.14,0.86,1332.6716740521988,72.95574875469401,0.0,21,-1,never,1.0
41,0.0,0.135,0.865,1326.7043481610995,73.11352382655997,0.0,21,-1,never,1.0
42,0.0,0.12,0.88,1251.505311908993,75.03046266134834,0.0,21,-1,never,1.0
43,0.0,0.11,0.89,1245.0636920121983,75.18920993882311,0.0,21,-1,never,1.0
44,0.0,0.1,0.9,1228.9312586626497,75.58345015652651,0.0,21,-1,never,1.0
45,0.0,0.095,0.905,1216.1718487583294,75.890291497735,0.0,21,-1,never,1.0
46,0.0,0.09,0.91,1203.4734400383813,76.1950587160943,0.0,21,-1,never,1.0
47,0.0,0.085,0.915,1190.9565999294114,76.49033934067714,0.0,21,-1,never,1.0
48,0.0,0.08,0.92,1188.0151281763015,76.55984630495722,0.0,21,-1,never,1.0
49,0.0,0.075,0.925,1180.7457334241367,76.72948098425192,0.0,21,-1,never,1.0
50,0.0,0.07,0.93,1169.2657027824243,76.996412568665,0.0,21,-1,never,1.0
51,0.0,0.065,0.935,1153.4820401449397,77.35934747085533,0.0,21,-1,never,1.0
52,0.0,0.065,0.935,1153.4820401449397,77.35934747085533,0.0,21,-1,never,1.0
53,0.0,0.055,0.945,1141.2857010671705,77.6379108299461,0.0,21,-1,never,1.0
54,0.0,0.05,0.95,1132.8894139252848,77.82876108485178,0.0,21,-1,never,1.0
55,0.0,0.05,0.95,1132.8894139252848,77.82876108485178,0.0,21,-1,never,1.0
56,0.0,0.05,0.95,1132.8894139252848,77.82876108485178,0.0,21,-1,never,1.0
57,0.0,0.05,0.95,1132.8894139252848,77.82876108485178,0.0,21,-1,never,1.0
58,0.0,0.045,0.955,1122.4084059607544,78.06620706891648,0.0,21,-1,never,1.0
59,0.0,0.045,0.955,1122.4084059607544,78.06620706891648,0.0,21,-1,never,1.0
60,0.0,0.045,0.955,1122.4084059607544,78.06620706891648,0.0,21,-1,never,1.0
61,0.0,0.045,0.955,1122.4084059607544,78.06620706891648,0.0,21,-1,never,1.0
62,0.0,0.045,0.955,1122.4084059607544,78.06620706891648,0.0,21,-1,never,1.0
0,0.0,0.94,0.06,1026.9269919872218,6.523110869445183,1.0,21,0,t=0,1.0
1,0.0,0.89,0.11,1122.2771372500176,11.528682817320167,1.0,21,0,t=0,1.0
2,0.0,0.84,0.16,1228.0533529650124,16.27879149684162,1.0,21,0,t=0,1.0
3,0.0,0.795,0.205,1324.0304656098658,20.31703703069182,1.0,21,0,t=0,1.0
4,0.0,0.75,0.25,1420.9151941028254,24.170424451769094,1.0,21,0,t=0,1.0
5,0.0,0.72,0.28,1498.2929547706856,27.11998649932769,1.0,21,0,t=0,1.0
6,0.0,0.72,0.28,1498.2929547706856,27.11998649932769,1.0,21,0,t=0,1.0
7,0.0,0.72,0.28,1498.2929547706856,27.11998649932769,1.0,21,0,t=0,1.0
8,0.0,0.69,0.31,1587.4652720823321,30.368179569699997,1.0,21,0,t=0,1.0
9,0.0,0.69,0.31,1587.4652720823321,30.368179569699997,1.0,21,0,t=0,1.0
10,0.0,0.69,0.31,1587.4652720823321,30.368179569699997,1.0,21,0,t=0,1.0
11,0.0,0.69,0.31,1587.4652720823321,30.368179569699997,1.0,21,0,t=0,1.0
12,0.0,0.69,0.31,1587.4652720823321,30.368179569699997,1.0,21,0,t=0,1.0
0,0.0,0.94,0.06,1026.9269919872218,6.523110869445183,0.0,21,10,t=10,1.0
1,0.0,0.89,0.11,1122.2771372500176,11.528682817320167,0.0,21,10,t=10,1.0
2,0.0,0.84,0.16,1228.0533529650124,16.27879149684162,0.0,21,10,t=10,1.0
3,0.0,0.795,0.205,1324.0304656098658,20.31703703069182,0.0,21,10,t=10,1.0
4,0.0,0.75,0.25,1420.9151941028254,24.170424451769094,0.0,21,10,t=10,1.0
5,0.0,0.72,0.28,1498.2929547706856,27.11998649932769,0.0,21,10,t=10,1.0
6,0.0,0.675,0.325,1601.5122586630175,30.87842102099849,0.0,21,10,t=10,1.0
7,0.0,0.64,0.36,1708.4481355922348,35.37874784164693,0.0,21,10,t=10,1.0
8,0.0,0.615,0.385,1752.3765539448373,37.82243307394686,0.0,21,10,t=10,1.0
9,0.0,0.585,0.415,1776.9225336233433,39.51963470062893,0.0,21,10,t=10,1.0
10,0.0,0.56,0.44,1791.2034264582614,40.70802875604173,1.0,21,10,t=10,1.0
11,0.0,0.56,0.44,1791.2034264582614,40.70802875604173,1.0,21,10,t=10,1.0
12,0.0,0.56,0.44,1791.2034264582614,40.70802875604173,1.0,21,10,t=10,1.0
13,0.0,0.56,0.44,1791.2034264582614,40.70802875604173,1.0,21,10,t=10,1.0
14,0.0,0.56,0.44,1791.2034264582614,40.70802875604173,1.0,21,10,t=10,1.0
0,0.0,0.94,0.06,1026.9269919872218,6.523110869445183,0.0,21,20,t=20,1.0
1,0.0,0.89,0.11,1122.2771372500176,11.528682817320167,0.0,21,20,t=20,1.0
2,0.0,0.84,0.16,1228.0533529650124,16.27879149684162,0.0,21,20,t=20,1.0
3,0.0,0.795,0.205,1324.0304656098658,20.31703703069182,0.0,21,20,t=20,1.0
4,0.0,0.75,0.25,1420.9151941028254,24.170424451769094,0.0,21,20,t=20,1.0
5,0.0,0.72,0.28,1498.2929547706856,27.11998649932769,0.0,21,20,t=20,1.0
6,0.0,0.675,0.325,1601.5122586630175,30.87842102099849,0.0,21,20,t=20,1.0
7,0.0,0.64,0.36,1708.4481355922348,35.37874784164693,0.0,21,20,t=20,1.0
8,0.0,0.615,0.385,1752.3765539448373,37.82243307394686,0.0,21,20,t=20,1.0
9,0.0,0.585,0.415,1776.9225336233433,39.51963470062893,0.0,21,20,t=20,1.0
10,0.0,0.56,0.44,1791.2034264582614,40.70802875604173,0.0,21,20,t=20,1.0
11,0.0,0.53,0.47,1815.6817512410994,43.48107182271204,0.0,21,20,t=20,1.0
12,0.0,0.52,0.48,1821.8796013737829,44.59012282975588,0.0,21,20,t=20,1.0
13,0.0,0.49,0.51,1828.6202696609048,46.989172324051566,0.0,21,20,t=20,1.0
14,0.0,0.475,0.525,1827.4889282608153,48.7870600477023,0.0,21,20,t=20,1.0
15,0.0,0.455,0.545,1822.917047133582,50.184565631822636,0.0,21,20,t=20,1.0
16,0.0,0.425,0.575,1803.9804577475093,53.084144532155875,0.0,21,20,t=20,1.0
17,0.0,0.415,0.585,1786.7182962318798,54.77116647423071,0.0,21,20,t=20,1.0
18,0.0,0.4,0.6,1780.1013691520006,55.32979027033277,0.0,21,20,t=20,1.0
19,0.0,0.375,0.625,1756.110169457866,57.09440508565897,0.0,21,20,t=20,1.0
20,0.0,0.365,0.635,1746.062828718511,57.73888052186007,1.0,21,20,t=20,1.0
21,0.0,0.365,0.635,1746.062828718511,57.73888052186007,1.0,21,20,t=20,1.0
22,0.0,0.365,0.635,1746.062828718511,57.73888052186007,1.0,21,20,t=20,1.0
23,0.0,0.365,0.635,1746.062828718511,57.73888052186007,1.0,21,20,t=20,1.0
24,0.0,0.365,0.635,1746.062828718511,57.73888052186007,1.0,21,20,t=20,1.0
0,0.0,0.94,0.06,1026.9269919872218,6.523110869445183,0.0,21,40,t=40,1.0
1,0.0,0.89,0.11,1122.2771372500176,11.528682817320167,0.0,21,40,t=40,1.0
2,0.0,0.84,0.16,1228.0533529650124,16.27879149684162,0.0,21,40,t=40,1.0
3,0.0,0.795,0.205,1324.0304656098658,20.31703703069182,0.0,21,40,t=40,1.0
4,0.0,0.75,0.25,1420.9151941028254,24.170424451769094,0.0,21,40,t=40,1.0
5,0.0,0.72,0.28,1498.2929547706856,27.11998649932769,0.0,21,40,t=40,1.0
6,0.0,0.675,0.325,1601.5122586630175,30.87842102099849,0.0,21,40,t=40,1.0
7,0.0,0.64,0.36,1708.4481355922348,35.37874784164693,0.0,21,40,t=40,1.0
8,0.0,0.615,0.385,1752.3765539448373,37.82243307394686,0.0,21,40,t=40,1.0
9,0.0,0.585,0.415,1776.9225336233433,39.51963470062893,0.0,21,40,t=40,1.0
10,0.0,0.56,0.44,1791.2034264582614,40.70802875604173,0.0,21,40,t=40,1.0
11,0.0,0.53,0.47,1815.6817512410994,43.48107182271204,0.0,21,40,t=40,1.0
12,0.0,0.52,0.48,1821.8796013737829,44.59012282975588,0.0,21,40,t=40,1.0
13,0.0,0.49,0.51,1828.6202696609048,46.989172324051566,0.0,21,40,t=40,1.0
14,0.0,0.475,0.525,1827.4889282608153,48.7870600477023,0.0,21,40,t=40,1.0
15,0.0,0.455,0.545,1822.917047133582,50.184565631822636,0.0,21,40,t=40,1.0
16,0.0,0.425,0.575,1803.9804577475093,53.084144532155875,0.0,21,40,t=40,1.0
17,0.0,0.415,0.585,1786.7182962318798,54.77116647423071,0.0,21,40,t=40,1.0
18,0.0,0.4,0.6,1780.1013691520006,55.32979027033277,0.0,21,40,t=40,1.0
19,0.0,0.375,0.625,1756.110169457866,57.09440508565897,0.0,21,40,t=40,1.0
20,0.0,0.365,0.635,1746.062828718511,57.73888052186007,0.0,21,40,t=40,1.0
21,0.0,0.35,0.65,1722.0335027305289,59.1413312233492,0.0,21,40,t=40,1.0
22,0.0,0.335,0.665,1699.5065101695868,60.32314795601685,0.0,21,40,t=40,1.0
23,0.0,0.31,0.69,1677.6219932811791,61.382402755307034,0.0,21,40,t=40,1.0
24,0.0,0.29,0.71,1621.423752059454,63.79465066341304,0.0,21,40,t=40,1.0
25,0.0,0.275,0.725,1601.8017361329355,64.55780520404954,0.0,21,40,t=40,1.0
26,0.0,0.265,0.735,1590.1838798934061,64.9972554265799,0.0,21,40,t=40,1.0
27,0.0,0.245,0.755,1557.0190841225688,66.20378443238226,0.0,21,40,t=40,1.0
28,0.0,0.235,0.765,1540.7258536892605,66.76583067252449,0.0,21,40,t=40,1.0
29,0.0,0.23,0.77,1537.2852739154432,66.88234091161806,0.0,21,40,t=40,1.0
30,0.0,0.225,0.775,1535.910031493752,66.9288446718515,0.0,21,40,t=40,1.0
31,0.0,0.21,0.79,1514.9791249924335,67.62538155083935,0.0,21,40,t=40,1.0
32,0.0,0.21,0.79,1514.9791249924335,67.62538155083935,0.0,21,40,t=40,1.0
33,0.0,0.205,0.795,1504.0008492241166,67.98159891510122,0.0,21,40,t=40,1.0
34,0.0,0.195,0.805,1474.2094462022637,68.91762517368795,0.0,21,40,t=40,1.0
35,0.0,0.19,0.81,1462.240143680787,69.2841174754987,0.0,21,40,t=40,1.0
36,0.0,0.185,0.815,1450.8915842728006,69.62856351625786,0.0,21,40,t=40,1.0
37,0.0,0.175,0.825,1417.6877645317427,70.60840534999949,0.0,21,40,t=40,1.0
38,0.0,0.17,0.83,1411.0388675429665,70.79861220540998,0.0,21,40,t=40,1.0
39,0.0,0.16,0.84,1364.9902434747723,72.0878178254214,0.0,21,40,t=40,1.0
40,0.0,0.14,0.86,1332.6716740521988,72.95574875469401,1.0,21,40,t=40,1.0
41,0.0,0.14,0.86,1332.6716740521988,72.95574875469401,1.0,21,40,t=40,1.0
42,0.0,0.14,0.86,1332.6716740521988,72.95574875469401,1.0,21,40,t=40,1.0
43,0.0,0.14,0.86,1332.6716740521988,72.95574875469401,1.0,21,40,t=40,1.0
44,0.0,0.14,0.86,1332.6716740521988,72.95574875469401,1.0,21,40,t=40,1.0
0,0.0,0.94,0.06,1026.9269919872218,6.523110869445183,0.0,21,60,t=60,1.0
1,0.0,0.89,0.11,1122.2771372500176,11.528682817320167,0.0,21,60,t=60,1.0
2,0.0,0.84,0.16,1228.0533529650124,16.27879149684162,0.0,21,60,t=60,1.0
3,0.0,0.795,0.205,1324.0304656098658,20.31703703069182,0.0,21,60,t=60,1.0
4,0.0,0.75,0.25,1420.9151941028254,24.170424451769094,0.0,21,60,t=60,1.0
5,0.0,0.72,0.28,1498.2929547706856,27.11998649932769,0.0,21,60,t=60,1.0
6,0.0,0.675,0.325,1601.5122586630175,30.87842102099849,0.0,21,60,t=60,1.0
7,0.0,0.64,0.36,1708.4481355922348,35.37874784164693,0.0,21,60,t=60,1.0
8,0.0,0.615,0.385,1752.3765539448373,37.82243307394686,0.0,21,60,t=60,1.0
9,0.0,0.585,0.415,1776.9225336233433,39.51963470062893,0.0,21,60,t=60,1.0
10,0.0,0.56,0.44,1791.2034264582614,40.70802875604173,0.0,21,60,t=60,1.0
11,0.0,0.53,0.47,1815.6817512410994,43.48107182271204,0.0,21,60,t=60,1.0
12,0.0,0.52,0.48,1821.8796013737829,44.59012282975588,0.0,21,60,t=60,1.0
13,0.0,0.49,0.51,1828.6202696609048,46.989172324051566,0.0,21,60,t=60,1.0
14,0.0,0.475,0.525,1827.4889282608153,48.7870600477023,0.0,21,60,t=60,1.0
15,0.0,0.455,0.545,1822.917047133582,50.184565631822636,0.0,21,60,t=60,1.0
16,0.0,0.425,0.575,1803.9804577475093,53.084144532155875,0.0,21,60,t=60,1.0
17,0.0,0.415,0.585,1786.7182962318798,54.77116647423071,0.0,21,60,t=60,1.0
18,0.0,0.4,0.6,1780.1013691520006,55.32979027033277,0.0,21,60,t=60,1.0
19,0.0,0.375,0.625,1756.110169457866,57.09440508565897,0.0,21,60,t=60,1.0
20,0.0,0.365,0.635,1746.062828718511,57.73888052186007,0.0,21,60,t=60,1.0
21,0.0,0.35,0.65,1722.0335027305289,59.1413312233492,0.0,21,60,t=60,1.0
22,0.0,0.335,0.665,1699.5065101695868,60.32314795601685,0.0,21,60,t=60,1.0
23,0.0,0.31,0.69,1677.6219932811791,61.382402755307034,0.0,21,60,t=60,1.0
24,0.0,0.29,0.71,1621.423752059454,63.79465066341304,0.0,21,60,t=60,1.0
25,0.0,0.275,0.725,1601.8017361329355,64.55780520404954,0.0,21,60,t=60,1.0
26,0.0,0.265,0.735,1590.1838798934061,64.9972554265799,0.0,21,60,t=60,1.0
27,0.0,0.245,0.755,1557.0190841225688,66.20378443238226,0.0,21,60,t=60,1.0
28,0.0,0.235,0.765,1540.7258536892605,66.76583067252449,0.0,21,60,t=60,1.0
29,0.0,0.23,0.77,1537.2852739154432,66.88234091161806,0.0,21,60,t=60,1.0
30,0.0,0.225,0.775,1535.910031493752,66.9288446718515,0.0,21,60,t=60,1.0
31,0.0,0.21,0.79,1514.9791249924335,67.62538155083935,0.0,21,60,t=60,1.0
32,0.0,0.21,0.79,1514.9791249924335,67.62538155083935,0.0,21,60,t=60,1.0
33,0.0,0.205,0.795,1504.0008492241166,67.98159891510122,0.0,21,60,t=60,1.0
34,0.0,0.195,0.805,1474.2094462022637,68.91762517368795,0.0,21,60,t=60,1.0
35,0.0,0.19,0.81,1462.240143680787,69.2841174754987,0.0,21,60,t=60,1.0
36,0.0,0.185,0.815,1450.8915842728006,69.62856351625786,0.0,21,60,t=60,1.0
37,0.0,0.175,0.825,1417.6877645317427,70.60840534999949,0.0,21,60,t=60,1.0
38,0.0,0.17,0.83,1411.0388675429665,70.79861220540998,0.0,21,60,t=60,1.0
39,0.0,0.16,0.84,1364.9902434747723,72.0878178254214,0.0,21,60,t=60,1.0
40,0.0,0.14,0.86,1332.6716740521988,72.95574875469401,0.0,21,60,t=60,1.0
41,0.0,0.135,0.865,1326.7043481610995,73.11352382655997,0.0,21,60,t=60,1.0
42,0.0,0.12,0.88,1251.505311908993,75.03046266134834,0.0,21,60,t=60,1.0
43,0.0,0.11,0.89,1245.0636920121983,75.18920993882311,0.0,21,60,t=60,1.0
44,0.0,0.1,0.9,1228.9312586626497,75.58345015652651,0.0,21,60,t=60,1.0
45,0.0,0.095,0.905,1216.1718487583294,75.890291497735,0.0,21,60,t=60,1.0
46,0.0,0.09,0.91,1203.4734400383813,76.1950587160943,0.0,21,60,t=60,1.0
47,0.0,0.085,0.915,1190.9565999294114,76.49033934067714,0.0,21,60,t=60,1.0
48,0.0,0.08,0.92,1188.0151281763015,76.55984630495722,0.0,21,60,t=60,1.0
49,0.0,0.075,0.925,1180.7457334241367,76.72948098425192,0.0,21,60,t=60,1.0
50,0.0,0.07,0.93,1169.2657027824243,76.996412568665,0.0,21,60,t=60,1.0
51,0.0,0.065,0.935,1153.4820401449397,77.35934747085533,0.0,21,60,t=60,1.0
52,0.0,0.065,0.935,1153.4820401449397,77.35934747085533,0.0,21,60,t=60,1.0
53,0.0,0.055,0.945,1141.2857010671705,77.6379108299461,0.0,21,60,t=60,1.0
54,0.0,0.05,0.95,1132.8894139252848,77.82876108485178,0.0,21,60,t=60,1.0
55,0.0,0.05,0.95,1132.8894139252848,77.82876108485178,0.0,21,60,t=60,1.0
56,0.0,0.05,0.95,1132.8894139252848,77.82876108485178,0.0,21,60,t=60,1.0
57,0.0,0.05,0.95,1132.8894139252848,77.82876108485178,0.0,21,60,t=60,1.0
58,0.0,0.045,0.955,1122.4084059607544,78.06620706891648,0.0,21,60,t=60,1.0
59,0.0,0.045,0.955,1122.4084059607544,78.06620706891648,0.0,21,60,t=60,1.0
60,0.0,0.045,0.955,1122.4084059607544,78.06620706891648,1.0,21,60,t=60,1.0
61,0.0,0.045,0.955,1122.4084059607544,78.06620706891648,1.0,21,60,t=60,1.0
62,0.0,0.045,0.955,1122.4084059607544,78.06620706891648,1.0,21,60,t=60,1.0
0,0.0,0.94,0.06,1026.9269919872218,6.523110869445183,0.0,21,80,t=80,1.0
1,0.0,0.89,0.11,1122.2771372500176,11.528682817320167,0.0,21,80,t=80,1.0
2,0.0,0.84,0.16,1228.0533529650124,16.27879149684162,0.0,21,80,t=80,1.0
3,0.0,0.795,0.205,1324.0304656098658,20.31703703069182,0.0,21,80,t=80,1.0
4,0.0,0.75,0.25,1420.9151941028254,24.170424451769094,0.0,21,80,t=80,1.0
5,0.0,0.72,0.28,1498.2929547706856,27.11998649932769,0.0,21,80,t=80,1.0
6,0.0,0.675,0.325,1601.5122586630175,30.87842102099849,0.0,21,80,t=80,1.0
7,0.0,0.64,0.36,1708.4481355922348,35.37874784164693,0.0,21,80,t=80,1.0
8,0.0,0.615,0.385,1752.3765539448373,37.82243307394686,0.0,21,80,t=80,1.0
9,0.0,0.585,0.415,1776.9225336233433,39.51963470062893,0.0,21,80,t=80,1.0
10,0.0,0.56,0.44,1791.2034264582614,40.70802875604173,0.0,21,80,t=80,1.0
11,0.0,0.53,0.47,1815.6817512410994,43.48107182271204,0.0,21,80,t=80,1.0
12,0.0,0.52,0.48,1821.8796013737829,44.59012282975588,0.0,21,80,t=80,1.0
13,0.0,0.49,0.51,1828.6202696609048,46.989172324051566,0.0,21,80,t=80,1.0
14,0.0,0.475,0.525,1827.4889282608153,48.7870600477023,0.0,21,80,t=80,1.0
15,0.0,0.455,0.545,1822.917047133582,50.184565631822636,0.0,21,80,t=80,1.0
16,0.0,0.425,0.575,1803.9804577475093,53.084144532155875,0.0,21,80,t=80,1.0
17,0.0,0.415,0.585,1786.7182962318798,54.77116647423071,0.0,21,80,t=80,1.0
18,0.0,0.4,0.6,1780.1013691520006,55.32979027033277,0.0,21,80,t=80,1.0
19,0.0,0.375,0.625,1756.110169457866,57.09440508565897,0.0,21,80,t=80,1.0
20,0.0,0.365,0.635,1746.062828718511,57.73888052186007,0.0,21,80,t=80,1.0
21,0.0,0.35,0.65,1722.0335027305289,59.1413312233492,0.0,21,80,t=80,1.0
22,0.0,0.335,0.665,1699.5065101695868,60.32314795601685,0.0,21,80,t=80,1.0
23,0.0,0.31,0.69,1677.6219932811791,61.382402755307034,0.0,21,80,t=80,1.0
24,0.0,0.29,0.71,1621.423752059454,63.79465066341304,0.0,21,80,t=80,1.0
25,0.0,0.275,0.725,1601.8017361329355,64.55780520404954,0.0,21,80,t=80,1.0
26,0.0,0.265,0.735,1590.1838798934061,64.9972554265799,0.0,21,80,t=80,1.0
27,0.0,0.245,0.755,1557.0190841225688,66.20378443238226,0.0,21,80,t=80,1.0
28,0.0,0.235,0.765,1540.7258536892605,66.76583067252449,0.0,21,80,t=80,1.0
29,0.0,0.23,0.77,1537.2852739154432,66.88234091161806,0.0,21,80,t=80,1.0
30,0.0,0.225,0.775,1535.910031493752,66.9288446718515,0.0,21,80,t=80,1.0
31,0.0,0.21,0.79,1514.9791249924335,67.62538155083935,0.0,21,80,t=80,1.0
32,0.0,0.21,0.79,1514.9791249924335,67.62538155083935,0.0,21,80,t=80,1.0
33,0.0,0.205,0.795,1504.0008492241166,67.98159891510122,0.0,21,80,t=80,1.0
34,0.0,0.195,0.805,1474.2094462022637,68.91762517368795,0.0,21,80,t=80,1.0
35,0.0,0.19,0.81,1462.240143680787,69.2841174754987,0.0,21,80,t=80,1.0
36,0.0,0.185,0.815,1450.8915842728006,69.62856351625786,0.0,21,80,t=80,1.0
37,0.0,0.175,0.825,1417.6877645317427,70.60840534999949,0.0,21,80,t=80,1.0
38,0.0,0.17,0.83,1411.0388675429665,70.79861220540998,0.0,21,80,t=80,1.0
39,0.0,0.16,0.84,1364.9902434747723,72.0878178254214,0.0,21,80,t=80,1.0
40,0.0,0.14,0.86,1332.6716740521988,72.95574875469401,0.0,21,80,t=80,1.0
41,0.0,0.135,0.865,1326.7043481610995,73.11352382655997,0.0,21,80,t=80,1.0
42,0.0,0.12,0.88,1251.505311908993,75.03046266134834,0.0,21,80,t=80,1.0
43,0.0,0.11,0.89,1245.0636920121983,75.18920993882311,0.0,21,80,t=80,1.0
44,0.0,0.1,0.9,1228.9312586626497,75.58345015652651,0.0,21,80,t=80,1.0
45,0.0,0.095,0.905,1216.1718487583294,75.890291497735,0.0,21,80,t=80,1.0
46,0.0,0.09,0.91,1203.4734400383813,76.1950587160943,0.0,21,80,t=80,1.0
47,0.0,0.085,0.915,1190.9565999294114,76.49033934067714,0.0,21,80,t=80,1.0
48,0.0,0.08,0.92,1188.0151281763015,76.55984630495722,0.0,21,80,t=80,1.0
49,0.0,0.075,0.925,1180.7457334241367,76.72948098425192,0.0,21,80,t=80,1.0
50,0.0,0.07,0.93,1169.2657027824243,76.996412568665,0.0,21,80,t=80,1.0
51,0.0,0.065,0.935,1153.4820401449397,77.35934747085533,0.0,21,80,t=80,1.0
52,0.0,0.065,0.935,1153.4820401449397,77.35934747085533,0.0,21,80,t=80,1.0
53,0.0,0.055,0.945,1141.2857010671705,77.6379108299461,0.0,21,80,t=80,1.0
54,0.0,0.05,0.95,1132.8894139252848,77.82876108485178,0.0,21,80,t=80,1.0
55,0.0,0.05,0.95,1132.8894139252848,77.82876108485178,0.0,21,80,t=80,1.0
56,0.0,0.05,0.95,1132.8894139252848,77.82876108485178,0.0,21,80,t=80,1.0
57,0.0,0.05,0.95,1132.8894139252848,77.82876108485178,0.0,21,80,t=80,1.0
58,0.0,0.045,0.955,1122.4084059607544,78.06620706891648,0.0,21,80,t=80,1.0
59,0.0,0.045,0.955,1122.4084059607544,78.06620706891648,0.0,21,80,t=80,1.0
60,0.0,0.045,0.955,1122.4084059607544,78.06620706891648,0.0,21,80,t=80,1.0
61,0.0,0.045,0.955,1122.4084059607544,78.06620706891648,0.0,21,80,t=80,1.0
62,0.0,0.045,0.955,1122.4084059607544,78.06620706891648,0.0,21,80,t=80,1.0
63,0.0,0.045,0.955,1122.4084059607544,78.06620706891648,0.0,21,80,t=80,1.0
64,0.0,0.045,0.955,1122.4084059607544,78.06620706891648,0.0,21,80,t=80,1.0
65,0.0,0.045,0.955,1122.4084059607544,78.06620706891648,0.0,21,80,t=80,1.0
66,0.0,0.035,0.965,1055.9056569975628,79.52645291668591,0.0,21,80,t=80,1.0
67,0.0,0.035,0.965,1055.9056569975628,79.52645291668591,0.0,21,80,t=80,1.0
68,0.0,0.035,0.965,1055.9056569975628,79.52645291668591,0.0,21,80,t=80,1.0
69,0.0,0.035,0.965,1055.9056569975628,79.52645291668591,0.0,21,80,t=80,1.0
70,0.0,0.035,0.965,1055.9056569975628,79.52645291668591,0.0,21,80,t=80,1.0
71,0.0,0.03,0.97,1046.5871071403249,79.72656962443025,0.0,21,80,t=80,1.0
72,0.0,0.03,0.97,1046.5871071403249,79.72656962443025,0.0,21,80,t=80,1.0
73,0.0,0.03,0.97,1046.5871071403249,79.72656962443025,0.0,21,80,t=80,1.0
74,0.0,0.03,0.97,1046.5871071403249,79.72656962443025,0.0,21,80,t=80,1.0
75,0.0,0.03,0.97,1046.5871071403249,79.72656962443025,0.0,21,80,t=80,1.0
76,0.0,0.025,0.975,1020.5354156110434,80.28452197164646,0.0,21,80,t=80,1.0
77,0.0,0.025,0.975,1020.5354156110434,80.28452197164646,0.0,21,80,t=80,1.0
78,0.0,0.025,0.975,1020.5354156110434,80.28452197164646,0.0,21,80,t=80,1.0
79,0.0,0.025,0.975,1020.5354156110434,80.28452197164646,0.0,21,80,t=80,1.0
80,0.0,0.025,0.975,1020.5354156110434,80.28452197164646,1.0,21,80,t=80,1.0
0,0.0,0.94,0.06,950.0464685630596,5.5207280146174575,0.0,23,-1,never,1.0
1,0.0,0.89,0.11,1054.0881678262806,11.457905667150044,0.0,23,-1,never,1.0
2,0.0,0.84,0.16,1143.2821366822282,15.603122735249984,0.0,23,-1,never,1.0
3,0.0,0.8,0.2,1272.1617224219408,21.155031619312787,0.0,23,-1,never,1.0
4,0.0,0.755,0.245,1338.6062714033997,23.86294827155433,0.0,23,-1,never,1.0
5,0.0,0.71,0.29,1458.283996992347,28.488852934487767,0.0,23,-1,never,1.0
6,0.0,0.68,0.32,1570.2973749646505,32.5683009768795,0.0,23,-1,never,1.0
7,0.0,0.65,0.35,1620.0723425553765,34.31967208577652,0.0,23,-1,never,1.0
8,0.0,0.61,0.39,1701.9900000418988,37.55467145369409,0.0,23,-1,never,1.0
9,0.0,0.58,0.42,1748.4430957119562,39.79787280503449,0.0,23,-1,never,1.0
10,0.0,0.55,0.45,1792.7817735924307,42.48430344716019,0.0,23,-1,never,1.0
11,0.0,0.53,0.47,1809.8299063211534,43.77385376823528,0.0,23,-1,never,1.0
12,0.0,0.505,0.495,1828.443392097337,45.498715318966234,0.0,23,-1,never,1.0
13,0.0,0.49,0.51,1839.1373776546534,46.791359819023896,0.0,23,-1,never,1.0
14,0.0,0.47,0.53,1851.8099276383768,49.12569841030995,0.0,23,-1,never,1.0
15,0.0,0.465,0.535,1852.423520827894,49.306004487923765,0.0,23,-1,never,1.0
16,0.0,0.44,0.56,1854.7567372331955,52.40307166362582,0.0,23,-1,never,1.0
17,0.0,0.43,0.57,1852.0529364001684,53.44317508975987,0.0,23,-1,never,1.0
18,0.0,0.41,0.59,1844.1891836748462,55.09853893853865,0.0,23,-1,never,1.0
19,0.0,0.385,0.615,1836.0265741362646,56.27466315102488,0.0,23,-1,never,1.0
20,0.0,0.38,0.62,1834.6504778991448,56.450568957792385,0.0,23,-1,never,1.0
21,0.0,0.36,0.64,1828.1909028447344,57.19301282721024,0.0,23,-1,never,1.0
22,0.0,0.345,0.655,1823.259643264343,57.70122342844654,0.0,23,-1,never,1.0
23,0.0,0.32,0.68,1796.7480284364506,59.95255724236303,0.0,23,-1,never,1.0
24,0.0,0.315,0.685,1792.6857526674687,60.24719567106636,0.0,23,-1,never,1.0
25,0.0,0.295,0.705,1774.7878327454805,61.446855096888825,0.0,23,-1,never,1.0
26,0.0,0.285,0.715,1747.3286108940474,63.0549404438365,0.0,23,-1,never,1.0
27,0.0,0.27,0.73,1713.792944801703,64.78310842146963,0.0,23,-1,never,1.0
28,0.0,0.25,0.75,1675.112924377297,66.55149287270397,0.0,23,-1,never,1.0
29,0.0,0.235,0.765,1659.9956228412698,67.18615599653526,0.0,23,-1,never,1.0
30,0.0,0.22,0.78,1625.0880309652528,68.56604187648571,0.0,23,-1,never,1.0
31,0.0,0.215,0.785,1603.89184489339,69.35374620859581,0.0,23,-1,never,1.0
32,0.0,0.21,0.79,1603.0859761215493,69.38314449152173,0.0,23,-1,never,1.0
33,0.0,0.2,0.8,1551.5403723311981,71.18296094823037,0.0,23,-1,never,1.0
34,0.0,0.19,0.81,1523.005190720778,72.11793130368639,0.0,23,-1,never,1.0
35,0.0,0.185,0.815,1508.9534707836945,72.5622590656453,0.0,23,-1,never,1.0
36,0.0,0.18,0.82,1486.4103914189475,73.26081069118236,0.0,23,-1,never,1.0
37,0.0,0.18,0.82,1486.4103914189475,73.26081069118236,0.0,23,-1,never,1.0
38,0.0,0.155,0.845,1424.3536919017206,75.0836635381711,0.0,23,-1,never,1.0
39,0.0,0.145,0.855,1418.769374193104,75.24092431134402,0.0,23,-1,never,1.0
40,0.0,0.135,0.865,1390.6995707397705,76.02361444402304,0.0,23,-1,never,1.0
41,0.0,0.125,0.875,1344.1053504241283,77.27193740969997,0.0,23,-1,never,1.0
42,0.0,0.11,0.89,1300.608468487916,78.38551524356507,0.0,23,-1,never,1.0
43,0.0,0.105,0.895,1293.7361729687932,78.55875247316098,0.0,23,-1,never,1.0
44,0.0,0.105,0.895,1293.7361729687932,78.55875247316098,0.0,23,-1,never,1.0
45,0.0,0.1,0.9,1238.36042669449,79.91891398818532,0.0,23,-1,never,1.0
46,0.0,0.095,0.905,1230.2133776383316,80.11365899653539,0.0,23,-1,never,1.0
47,0.0,0.09,0.91,1197.357793155495,80.889785371015,0.0,23,-1,never,1.0
48,0.0,0.085,0.915,1181.832626198062,81.250377364765,0.0,23,-1,never,1.0
49,0.0,0.085,0.915,1181.832626198062,81.250377364765,0.0,23,-1,never,1.0
50,0.0,0.075,0.925,1172.8846073165037,81.45664686416028,0.0,23,-1,never,1.0
51,0.0,0.065,0.935,1146.0675266014978,82.06717620366311,0.0,23,-1,never,1.0
52,0.0,0.055,0.945,1135.9995347609129,82.29331884754367,0.0,23,-1,never,1.0
53,0.0,0.05,0.95,1126.5693807268067,82.50459925540193,0.0,23,-1,never,1.0
54,0.0,0.05,0.95,1126.5693807268067,82.50459925540193,0.0,23,-1,never,1.0
55,0.0,0.045,0.955,1117.5140742489448,82.70665052882192,0.0,23,-1,never,1.0
56,0.0,0.045,0.955,1117.5140742489448,82.70665052882192,0.0,23,-1,never,1.0
57,0.0,0.045,0.955,1117.5140742489448,82.70665052882192,0.0,23,-1,never,1.0
58,0.0,0.045,0.955,1117.5140742489448,82.70665052882192,0.0,23,-1,never,1.0
59,0.0,0.04,0.96,1113.0157015824261,82.80670619802717,0.0,23,-1,never,1.0
60,0.0,0.04,0.96,1113.0157015824261,82.80670619802717,0.0,23,-1,never,1.0
61,0.0,0.04,0.96,1113.0157015824261,82.80670619802717,0.0,23,-1,never,1.0
62,0.0,0.035,0.965,1106.30441715089,82.95546102767433,0.0,23,-1,never,1.0
63,0.0,0.03,0.97,1098.6845788461442,83.12202847530449,0.0,23,-1,never,1.0
64,0.0,0.03,0.97,1098.6845788461442,83.12202847530449,0.0,23,-1,never,1.0
65,0.0,0.025,0.975,1095.3846479849271,83.19396875760424,0.0,23,-1,never,1.0
66,0.0,0.025,0.975,1095.3846479849271,83.19396875760424,0.0,23,-1,never,1.0
67,0.0,0.025,0.975,1095.3846479849271,83.19396875760424,0.0,23,-1,never,1.0
68,0.0,0.02,0.98,1089.4422767174128,83.32371730429563,0.0,23,-1,never,1.0
69,0.0,0.02,0.98,1089.4422767174128,83.32371730429563,0.0,23,-1,never,1.0
70,0.0,0.015,0.985,1080.125540781955,83.52667328357789,0.0,23,-1,never,1.0
71,0.0,0.01,0.99,1068.551559377956,83.77591696536638,0.0,23,-1,never,1.0
72,0.0,0.005,0.995,1047.493222071516,84.22570407819232,0.0,23,-1,never,1.0
73,0.0,0.005,0.995,1047.493222071516,84.22570407819232,0.0,23,-1,never,1.0
74,0.0,0.0,1.0,1024.717819318585,84.70752816676638,0.0,23,-1,never,1.0
75,0.0,0.0,1.0,1024.717819318585,84.70752816676638,0.0,23,-1,never,1.0
76,0.0,0.0,1.0,1024.717819318585,84.70752816676638,0.0,23,-1,never,1.0
77,0.0,0.0,1.0,1024.717819318585,84.70752816676638,0.0,23,-1,never,1.0
78,0.0,0.0,1.0,1024.717819318585,84.70752816676638,0.0,23,-1,never,1.0
0,0.0,0.94,0.06,950.0464685630596,5.5207280146174575,1.0,23,0,t=0,1.0
1,0.0,0.89,0.11,1054.0881678262806,11.457905667150044,1.0,23,0,t=0,1.0
2,0.0,0.84,0.16,1143.2821366822282,15.603122735249984,1.0,23,0,t=0,1.0
3,0.0,0.8,0.2,1272.1617224219408,21.155031619312787,1.0,23,0,t=0,1.0
4,0.0,0.755,0.245,1338.6062714033997,23.86294827155433,1.0,23,0,t=0,1.0
5,0.0,0.71,0.29,1458.283996992347,28.488852934487767,1.0,23,0,t=0,1.0
6,0.0,0.68,0.32,1570.2973749646505,32.5683009768795,1.0,23,0,t=0,1.0
7,0.0,0.68,0.32,1570.2973749646505,32.5683009768795,1.0,23,0,t=0,1.0
8,0.0,0.68,0.32,1570.2973749646505,32.5683009768795,1.0,23,0,t=0,1.0
9,0.0,0.68,0.32,1570.2973749646505,32.5683009768795,1.0,23,0,t=0,1.0
10,0.0,0.68,0.32,1570.2973749646505,32.5683009768795,1.0,23,0,t=0,1.0
0,0.0,0.94,0.06,950.0464685630596,5.5207280146174575,0.0,23,10,t=10,1.0
1,0.0,0.89,0.11,1054.0881678262806,11.457905667150044,0.0,23,10,t=10,1.0
2,0.0,0.84,0.16,1143.2821366822282,15.603122735249984,0.0,23,10,t=10,1.0
3,0.0,0.8,0.2,1272.1617224219408,21.155031619312787,0.0,23,10,t=10,1.0
4,0.0,0.755,0.245,1338.6062714033997,23.86294827155433,0.0,23,10,t=10,1.0
5,0.0,0.71,0.29,1458.283996992347,28.488852934487767,0.0,23,10,t=10,1.0
6,0.0,0.68,0.32,1570.2973749646505,32.5683009768795,0.0,23,10,t=10,1.0
7,0.0,0.65,0.35,1620.0723425553765,34.31967208577652,0.0,23,10,t=10,1.0
8,0.0,0.61,0.39,1701.9900000418988,37.55467145369409,0.0,23,10,t=10,1.0
9,0.0,0.58,0.42,1748.4430957119562,39.79787280503449,0.0,23,10,t=10,1.0
10,0.0,0.55,0.45,1792.7817735924307,42.48430344716019,1.0,23,10,t=10,1.0
11,0.0,0.55,0.45,1792.7817735924307,42.48430344716019,1.0,23,10,t=10,1.0
12,0.0,0.55,0.45,1792.7817735924307,42.48430344716019,1.0,23,10,t=10,1.0
13,0.0,0.55,0.45,1792.7817735924307,42.48430344716019,1.0,23,10,t=10,1.0
14,0.0,0.55,0.45,1792.7817735924307,42.48430344716019,1.0,23,10,t=10,1.0
0,0.0,0.94,0.06,950.0464685630596,5.5207280146174575,0.0,23,20,t=20,1.0
1,0.0,0.89,0.11,1054.0881678262806,11.457905667150044,0.0,23,20,t=20,1.0
2,0.0,0.84,0.16,1143.2821366822282,15.603122735249984,0.0,23,20,t=20,1.0
3,0.0,0.8,0.2,1272.1617224219408,21.155031619312787,0.0,23,20,t=20,1.0
4,0.0,0.755,0.245,1338.6062714033997,23.86294827155433,0.0,23,20,t=20,1.0
5,0.0,0.71,0.29,1458.283996992347,28.488852934487767,0.0,23,20,t=20,1.0
6,0.0,0.68,0.32,1570.2973749646505,32.5683009768795,0.0,23,20,t=20,1.0
7,0.0,0.65,0.35,1620.0723425553765,34.31967208577652,0.0,23,20,t=20,1.0
8,0.0,0.61,0.39,1701.9900000418988,37.55467145369409,0.0,23,20,t=20,1.0
9,0.0,0.58,0.42,1748.4430957119562,39.79787280503449,0.0,23,20,t=20,1.0
10,0.0,0.55,0.45,1792.7817735924307,42.48430344716019,0.0,23,20,t=20,1.0
11,0.0,0.53,0.47,1809.8299063211534,43.77385376823528,0.0,23,20,t=20,1.0
12,0.0,0.505,0.495,1828.443392097337,45.498715318966234,0.0,23,20,t=20,1.0
13,0.0,0.49,0.51,1839.1373776546534,46.791359819023896,0.0,23,20,t=20,1.0
14,0.0,0.47,0.53,1851.8099276383768,49.12569841030995,0.0,23,20,t=20,1.0
15,0.0,0.465,0.535,1852.423520827894,49.306004487923765,0.0,23,20,t=20,1.0
16,0.0,0.44,0.56,1854.7567372331955,52.40307166362582,0.0,23,20,t=20,1.0
17,0.0,0.43,0.57,1852.0529364001684,53.44317508975987,0.0,23,20,t=20,1.0
18,0.0,0.41,0.59,1844.1891836748462,55.09853893853865,0.0,23,20,t=20,1.0
19,0.0,0.385,0.615,1836.0265741362646,56.27466315102488,0.0,23,20,t=20,1.0
20,0.0,0.38,0.62,1834.6504778991448,56.450568957792385,1.0,23,20,t=20,1.0
21,0.0,0.38,0.62,1834.6504778991448,56.450568957792385,1.0,23,20,t=20,1.0
22,0.0,0.38,0.62,1834.6504778991448,56.450568957792385,1.0,23,20,t=20,1.0
23,0.0,0.38,0.62,1834.6504778991448,56.450568957792385,1.0,23,20,t=20,1.0
24,0.0,0.38,0.62,1834.6504778991448,56.450568957792385,1.0,23,20,t=20,1.0
0,0.0,0.94,0.06,950.0464685630596,5.5207280146174575,0.0,23,40,t=40,1.0
1,0.0,0.89,0.11,1054.0881678262806,11.457905667150044,0.0,23,40,t=40,1.0
2,0.0,0.84,0.16,1143.2821366822282,15.603122735249984,0.0,23,40,t=40,1.0
3,0.0,0.8,0.2,1272.1617224219408,21.155031619312787,0.0,23,40,t=40,1.0
4,0.0,0.755,0.245,1338.6062714033997,23.86294827155433,0.0,23,40,t=40,1.0
5,0.0,0.71,0.29,1458.283996992347,28.488852934487767,0.0,23,40,t=40,1.0
6,0.0,0.68,0.32,1570.2973749646505,32.5683009768795,0.0,23,40,t=40,1.0
7,0.0,0.65,0.35,1620.0723425553765,34.31967208577652,0.0,23,40,t=40,1.0
8,0.0,0.61,0.39,1701.9900000418988,37.55467145369409,0.0,23,40,t=40,1.0
9,0.0,0.58,0.42,1748.4430957119562,39.79787280503449,0.0,23,40,t=40,1.0
10,0.0,0.55,0.45,1792.7817735924307,42.48430344716019,0.0,23,40,t=40,1.0
11,0.0,0.53,0.47,1809.8299063211534,43.77385376823528,0.0,23,40,t=40,1.0
12,0.0,0.505,0.495,1828.443392097337,45.498715318966234,0.0,23,40,t=40,1.0
13,0.0,0.49,0.51,1839.1373776546534,46.791359819023896,0.0,23,40,t=40,1.0
14,0.0,0.47,0.53,1851.8099276383768,49.12569841030995,0.0,23,40,t=40,1.0
15,0.0,0.465,0.535,1852.423520827894,49.306004487923765,0.0,23,40,t=40,1.0
16,0.0,0.44,0.56,1854.7567372331955,52.40307166362582,0.0,23,40,t=40,1.0
17,0.0,0.43,0.57,1852.0529364001684,53.44317508975987,0.0,23,40,t=40,1.0
18,0.0,0.41,0.59,1844.1891836748462,55.09853893853865,0.0,23,40,t=40,1.0
19,0.0,0.385,0.615,1836.0265741362646,56.27466315102488,0.0,23,40,t=40,1.0
20,0.0,0.38,0.62,1834.6504778991448,56.450568957792385,0.0,23,40,t=40,1.0
21,0.0,0.36,0.64,1828.1909028447344,57.19301282721024,0.0,23,40,t=40,1.0
22,0.0,0.345,0.655,1823.259643264343,57.70122342844654,0.0,23,40,t=40,1.0
23,0.0,0.32,0.68,1796.7480284364506,59.95255724236303,0.0,23,40,t=40,1.0
24,0.0,0.315,0.685,1792.6857526674687,60.24719567106636,0.0,23,40,t=40,1.0
25,0.0,0.295,0.705,1774.7878327454805,61.446855096888825,0.0,23,40,t=40,1.0
26,0.0,0.285,0.715,1747.3286108940474,63.0549404438365,0.0,23,40,t=40,1.0
27,0.0,0.27,0.73,1713.792944801703,64.78310842146963,0.0,23,40,t=40,1.0
28,0.0,0.25,0.75,1675.112924377297,66.55149287270397,0.0,23,40,t=40,1.0
29,0.0,0.235,0.765,1659.9956228412698,67.18615599653526,0.0,23,40,t=40,1.0
30,0.0,0.22,0.78,1625.0880309652528,68.56604187648571,0.0,23,40,t=40,1.0
31,0.0,0.215,0.785,1603.89184489339,69.35374620859581,0.0,23,40,t=40,1.0
32,0.0,0.21,0.79,1603.0859761215493,69.38314449152173,0.0,23,40,t=40,1.0
33,0.0,0.2,0.8,1551.5403723311981,71.18296094823037,0.0,23,40,t=40,1.0
34,0.0,0.19,0.81,1523.005190720778,72.11793130368639,0.0,23,40,t=40,1.0
35,0.0,0.185,0.815,1508.9534707836945,72.5622590656453,0.0,23,40,t=40,1.0
36,0.0,0.18,0.82,1486.4103914189475,73.26081069118236,0.0,23,40,t=40,1.0
37,0.0,0.18,0.82,1486.4103914189475,73.26081069118236,0.0,23,40,t=40,1.0
38,0.0,0.155,0.845,1424.3536919017206,75.0836635381711,0.0,23,40,t=40,1.0
39,0.0,0.145,0.855,1418.769374193104,75.24092431134402,0.0,23,40,t=40,1.0
40,0.0,0.135,0.865,1390.6995707397705,76.02361444402304,1.0,23,40,t=40,1.0
41,0.0,0.135,0.865,1390.6995707397705,76.02361444402304,1.0,23,40,t=40,1.0
42,0.0,0.135,0.865,1390.6995707397705,76.02361444402304,1.0,23,40,t=40,1.0
43,0.0,0.135,0.865,1390.6995707397705,76.02361444402304,1.0,23,40,t=40,1.0
44,0.0,0.135,0.865,1390.6995707397705,76.02361444402304,1.0,23,40,t=40,1.0
0,0.0,0.94,0.06,950.0464685630596,5.5207280146174575,0.0,23,60,t=60,1.0
1,0.0,0.89,0.11,1054.0881678262806,11.457905667150044,0.0,23,60,t=60,1.0
2,0.0,0.84,0.16,1143.2821366822282,15.603122735249984,0.0,23,60,t=60,1.0
3,0.0,0.8,0.2,1272.1617224219408,21.155031619312787,0.0,23,60,t=60,1.0
4,0.0,0.755,0.245,1338.6062714033997,23.86294827155433,0.0,23,60,t=60,1.0
5,0.0,0.71,0.29,1458.283996992347,28.488852934487767,0.0,23,60,t=60,1.0
6,0.0,0.68,0.32,1570.2973749646505,32.5683009768795,0.0,23,60,t=60,1.0
7,0.0,0.65,0.35,1620.0723425553765,34.31967208577652,0.0,23,60,t=60,1.0
8,0.0,0.61,0.39,1701.9900000418988,37.55467145369409,0.0,23,60,t=60,1.0
9,0.0,0.58,0.42,1748.4430957119562,39.79787280503449,0.0,23,60,t=60,1.0
10,0.0,0.55,0.45,1792.7817735924307,42.48430344716019,0.0,23,60,t=60,1.0
11,0.0,0.53,0.47,1809.8299063211534,43.77385376823528,0.0,23,60,t=60,1.0
12,0.0,0.505,0.495,1828.443392097337,45.498715318966234,0.0,23,60,t=60,1.0
13,0.0,0.49,0.51,1839.1373776546534,46.791359819023896,0.0,23,60,t=60,1.0
14,0.0,0.47,0.53,1851.8099276383768,49.12569841030995,0.0,23,60,t=60,1.0
15,0.0,0.465,0.535,1852.423520827894,49.306004487923765,0.0,23,60,t=60,1.0
16,0.0,0.44,0.56,1854.7567372331955,52.40307166362582,0.0,23,60,t=60,1.0
17,0.0,0.43,0.57,1852.0529364001684,53.44317508975987,0.0,23,60,t=60,1.0
18,0.0,0.41,0.59,1844.1891836748462,55.09853893853865,0.0,23,60,t=60,1.0
19,0.0,0.385,0.615,1836.0265741362646,56.27466315102488,0.0,23,60,t=60,1.0
20,0.0,0.38,0.62,1834.6504778991448,56.450568957792385,0.0,23,60,t=60,1.0
21,0.0,0.36,0.64,1828.1909028447344,57.19301282721024,0.0,23,60,t=60,1.0
22,0.0,0.345,0.655,1823.259643264343,57.70122342844654,0.0,23,60,t=60,1.0
23,0.0,0.32,0.68,1796.7480284364506,59.95255724236303,0.0,23,60,t=60,1.0
24,0.0,0.315,0.685,1792.6857526674687,60.24719567106636,0.0,23,60,t=60,1.0
25,0.0,0.295,0.705,1774.7878327454805,61.446855096888825,0.0,23,60,t=60,1.0
26,0.0,0.285,0.715,1747.3286108940474,63.0549404438365,0.0,23,60,t=60,1.0
27,0.0,0.27,0.73,1713.792944801703,64.78310842146963,0.0,23,60,t=60,1.0
28,0.0,0.25,0.75,1675.112924377297,66.55149287270397,0.0,23,60,t=60,1.0
29,0.0,0.235,0.765,1659.9956228412698,67.18615599653526,0.0,23,60,t=60,1.0
30,0.0,0.22,0.78,1625.0880309652528,68.56604187648571,0.0,23,60,t=60,1.0
31,0.0,0.215,0.785,1603.89184489339,69.35374620859581,0.0,23,60,t=60,1.0
32,0.0,0.21,0.79,1603.0859761215493,69.38314449152173,0.0,23,60,t=60,1.0
33,0.0,0.2,0.8,1551.5403723311981,71.18296094823037,0.0,23,60,t=60,1.0
34,0.0,0.19,0.81,1523.005190720778,72.11793130368639,0.0,23,60,t=60,1.0
35,0.0,0.185,0.815,1508.9534707836945,72.5622590656453,0.0,23,60,t=60,1.0
36,0.0,0.18,0.82,1486.4103914189475,73.26081069118236,0.0,23,60,t=60,1.0
37,0.0,0.18,0.82,1486.4103914189475,73.26081069118236,0.0,23,60,t=60,1.0
38,0.0,0.155,0.845,1424.3536919017206,75.0836635381711,0.0,23,60,t=60,1.0
39,0.0,0.145,0.855,1418.769374193104,75.24092431134402,0.0,23,60,t=60,1.0
40,0.0,0.135,0.865,1390.6995707397705,76.02361444402304,0.0,23,60,t=60,1.0
41,0.0,0.125,0.875,1344.1053504241283,77.27193740969997,0.0,23,60,t=60,1.0
42,0.0,0.11,0.89,1300.608468487916,78.38551524356507,0.0,23,60,t=60,1.0
43,0.0,0.105,0.895,1293.7361729687932,78.55875247316098,0.0,23,60,t=60,1.0
44,0.0,0.105,0.895,1293.7361729687932,78.55875247316098,0.0,23,60,t=60,1.0
45,0.0,0.1,0.9,1238.36042669449,79.91891398818532,0.0,23,60,t=60,1.0
46,0.0,0.095,0.905,1230.2133776383316,80.11365899653539,0.0,23,60,t=60,1.0
47,0.0,0.09,0.91,1197.357793155495,80.889785371015,0.0,23,60,t=60,1.0
48,0.0,0.085,0.915,1181.832626198062,81.250377364765,0.0,23,60,t=60,1.0
49,0.0,0.085,0.915,1181.832626198062,81.250377364765,0.0,23,60,t=60,1.0
50,0.0,0.075,0.925,1172.8846073165037,81.45664686416028,0.0,23,60,t=60,1.0
51,0.0,0.065,0.935,1146.0675266014978,82.06717620366311,0.0,23,60,t=60,1.0
52,0.0,0.055,0.945,1135.9995347609129,82.29331884754367,0.0,23,60,t=60,1.0
53,0.0,0.05,0.95,1126.5693807268067,82.50459925540193,0.0,23,60,t=60,1.0
54,0.0,0.05,0.95,1126.5693807268067,82.50459925540193,0.0,23,60,t=60,1.0
55,0.0,0.045,0.955,1117.5140742489448,82.70665052882192,0.0,23,60,t=60,1.0
56,0.0,0.045,0.955,1117.5140742489448,82.70665052882192,0.0,23,60,t=60,1.0
57,0.0,0.045,0.955,1117.5140742489448,82.70665052882192,0.0,23,60,t=60,1.0
58,0.0,0.045,0.955,1117.5140742489448,82.70665052882192,0.0,23,60,t=60,1.0
59,0.0,0.04,0.96,1113.0157015824261,82.80670619802717,0.0,23,60,t=60,1.0
60,0.0,0.04,0.96,1113.0157015824261,82.80670619802717,1.0,23,60,t=60,1.0
61,0.0,0.04,0.96,1113.0157015824261,82.80670619802717,1.0,23,60,t=60,1.0
62,0.0,0.04,0.96,1113.0157015824261,82.80670619802717,1.0,23,60,t=60,1.0
63,0.0,0.04,0.96,1113.0157015824261,82.80670619802717,1.0,23,60,t=60,1.0
0,0.0,0.94,0.06,950.0464685630596,5.5207280146174575,0.0,23,80,t=80,1.0
1,0.0,0.89,0.11,1054.0881678262806,11.457905667150044,0.0,23,80,t=80,1.0
2,0.0,0.84,0.16,1143.2821366822282,15.603122735249984,0.0,23,80,t=80,1.0
3,0.0,0.8,0.2,1272.1617224219408,21.155031619312787,0.0,23,80,t=80,1.0
4,0.0,0.755,0.245,1338.6062714033997,23.86294827155433,0.0,23,80,t=80,1.0
5,0.0,0.71,0.29,1458.283996992347,28.488852934487767,0.0,23,80,t=80,1.0
6,0.0,0.68,0.32,1570.2973749646505,32.5683009768795,0.0,23,80,t=80,1.0
7,0.0,0.65,0.35,1620.0723425553765,34.31967208577652,0.0,23,80,t=80,1.0
8,0.0,0.61,0.39,1701.9900000418988,37.55467145369409,0.0,23,80,t=80,1.0
9,0.0,0.58,0.42,1748.4430957119562,39.79787280503449,0.0,23,80,t=80,1.0
10,0.0,0.55,0.45,1792.7817735924307,42.48430344716019,0.0,23,80,t=80,1.0
11,0.0,0.53,0.47,1809.8299063211534,43.77385376823528,0.0,23,80,t=80,1.0
12,0.0,0.505,0.495,1828.443392097337,45.498715318966234,0.0,23,80,t=80,1.0
13,0.0,0.49,0.51,1839.1373776546534,46.791359819023896,0.0,23,80,t=80,1.0
14,0.0,0.47,0.53,1851.8099276383768,49.12569841030995,0.0,23,80,t=80,1.0
15,0.0,0.465,0.535,1852.423520827894,49.306004487923765,0.0,23,80,t=80,1.0
16,0.0,0.44,0.56,1854.7567372331955,52.40307166362582,0.0,23,80,t=80,1.0
17,0.0,0.43,0.57,1852.0529364001684,53.44317508975987,0.0,23,80,t=80,1.0
18,0.0,0.41,0.59,1844.1891836748462,55.09853893853865,0.0,23,80,t=80,1.0
19,0.0,0.385,0.615,1836.0265741362646,56.27466315102488,0.0,23,80,t=80,1.0
20,0.0,0.38,0.62,1834.6504778991448,56.450568957792385,0.0,23,80,t=80,1.0
21,0.0,0.36,0.64,1828.1909028447344,57.19301282721024,0.0,23,80,t=80,1.0
22,0.0,0.345,0.655,1823.259643264343,57.70122342844654,0.0,23,80,t=80,1.0
23,0.0,0.32,0.68,1796.7480284364506,59.95255724236303,0.0,23,80,t=80,1.0
24,0.0,0.315,0.685,1792.6857526674687,60.24719567106636,0.0,23,80,t=80,1.0
25,0.0,0.295,0.705,1774.7878327454805,61.446855096888825,0.0,23,80,t=80,1.0
26,0.0,0.285,0.715,1747.3286108940474,63.0549404438365,0.0,23,80,t=80,1.0
27,0.0,0.27,0.73,1713.792944801703,64.78310842146963,0.0,23,80,t=80,1.0
28,0.0,0.25,0.75,1675.112924377297,66.55149287270397,0.0,23,80,t=80,1.0
29,0.0,0.235,0.765,1659.9956228412698,67.18615599653526,0.0,23,80,t=80,1.0
30,0.0,0.22,0.78,1625.0880309652528,68.56604187648571,0.0,23,80,t=80,1.0
31,0.0,0.215,0.785,1603.89184489339,69.35374620859581,0.0,23,80,t=80,1.0
32,0.0,0.21,0.79,1603.0859761215493,69.38314449152173,0.0,23,80,t=80,1.0
33,0.0,0.2,0.8,1551.5403723311981,71.18296094823037,0.0,23,80,t=80,1.0
34,0.0,0.19,0.81,1523.005190720778,72.11793130368639,0.0,23,80,t=80,1.0
35,0.0,0.185,0.815,1508.9534707836945,72.5622590656453,0.0,23,80,t=80,1.0
36,0.0,0.18,0.82,1486.4103914189475,73.26081069118236,0.0,23,80,t=80,1.0
37,0.0,0.18,0.82,1486.4103914189475,73.26081069118236,0.0,23,80,t=80,1.0
38,0.0,0.155,0.845,1424.3536919017206,75.0836635381711,0.0,23,80,t=80,1.0
39,0.0,0.145,0.855,1418.769374193104,75.24092431134402,0.0,23,80,t=80,1.0
40,0.0,0.135,0.865,1390.6995707397705,76.02361444402304,0.0,23,80,t=80,1.0
41,0.0,0.125,0.875,1344.1053504241283,77.27193740969997,0.0,23,80,t=80,1.0
42,0.0,0.11,0.89,1300.608468487916,78.38551524356507,0.0,23,80,t=80,1.0
43,0.0,0.105,0.895,1293.7361729687932,78.55875247316098,0.0,23,80,t=80,1.0
44,0.0,0.105,0.895,1293.7361729687932,78.55875247316098,0.0,23,80,t=80,1.0
45,0.0,0.1,0.9,1238.36042669449,79.91891398818532,0.0,23,80,t=80,1.0
46,0.0,0.095,0.905,1230.2133776383316,80.11365899653539,0.0,23,80,t=80,1.0
47,0.0,0.09,0.91,1197.357793155495,80.889785371015,0.0,23,80,t=80,1.0
48,0.0,0.085,0.915,1181.832626198062,81.250377364765,0.0,23,80,t=80,1.0
49,0.0,0.085,0.915,1181.832626198062,81.250377364765,0.0,23,80,t=80,1.0
50,0.0,0.075,0.925,1172.8846073165037,81.45664686416028,0.0,23,80,t=80,1.0
51,0.0,0.065,0.935,1146.0675266014978,82.06717620366311,0.0,23,80,t=80,1.0
52,0.0,0.055,0.945,1135.9995347609129,82.29331884754367,0.0,23,80,t=80,1.0
53,0.0,0.05,0.95,1126.5693807268067,82.50459925540193,0.0,23,80,t=80,1.0
54,0.0,0.05,0.95,1126.5693807268067,82.50459925540193,0.0,23,80,t=80,1.0
55,0.0,0.045,0.955,1117.5140742489448,82.70665052882192,0.0,23,80,t=80,1.0
56,0.0,0.045,0.955,1117.5140742489448,82.70665052882192,0.0,23,80,t=80,1.0
57,0.0,0.045,0.955,1117.5140742489448,82.70665052882192,0.0,23,80,t=80,1.0
58,0.0,0.045,0.955,1117.5140742489448,82.70665052882192,0.0,23,80,t=80,1.0
59,0.0,0.04,0.96,1113.0157015824261,82.80670619802717,0.0,23,80,t=80,1.0
60,0.0,0.04,0.96,1113.0157015824261,82.80670619802717,0.0,23,80,t=80,1.0
61,0.0,0.04,0.96,1113.0157015824261,82.80670619802717,0.0,23,80,t=80,1.0
62,0.0,0.035,0.965,1106.30441715089,82.95546102767433,0.0,23,80,t=80,1.0
63,0.0,0.03,0.97,1098.6845788461442,83.12202847530449,0.0,23,80,t=80,1.0
64,0.0,0.03,0.97,1098.6845788461442,83.12202847530449,0.0,23,80,t=80,1.0
65,0.0,0.025,0.975,1095.3846479849271,83.19396875760424,0.0,23,80,t=80,1.0
66,0.0,0.025,0.975,1095.3846479849271,83.19396875760424,0.0,23,80,t=80,1.0
67,0.0,0.025,0.975,1095.3846479849271,83.19396875760424,0.0,23,80,t=80,1.0
68,0.0,0.02,0.98,1089.4422767174128,83.32371730429563,0.0,23,80,t=80,1.0
69,0.0,0.02,0.98,1089.4422767174128,83.32371730429563,0.0,23,80,t=80,1.0
70,0.0,0.015,0.985,1080.125540781955,83.52667328357789,0.0,23,80,t=80,1.0
71,0.0,0.01,0.99,1068.551559377956,83.77591696536638,0.0,23,80,t=80,1.0
72,0.0,0.005,0.995,1047.493222071516,84.22570407819232,0.0,23,80,t=80,1.0
73,0.0,0.005,0.995,1047.493222071516,84.22570407819232,0.0,23,80,t=80,1.0
74,0.0,0.0,1.0,1024.717819318585,84.70752816676638,0.0,23,80,t=80,1.0
75,0.0,0.0,1.0,1024.717819318585,84.70752816676638,0.0,23,80,t=80,1.0
76,0.0,0.0,1.0,1024.717819318585,84.70752816676638,0.0,23,80,t=80,1.0
77,0.0,0.0,1.0,1024.717819318585,84.70752816676638,0.0,23,80,t=80,1.0
78,0.0,0.0,1.0,1024.717819318585,84.70752816676638,0.0,23,80,t=80,1.0
79,0.0,0.0,1.0,1024.717819318585,84.70752816676638,0.0,23,80,t=80,1.0
80,0.0,0.0,1.0,1024.717819318585,84.70752816676638,1.0,23,80,t=80,1.0
0,0.0,0.94,0.06,1031.5597568773285,4.997562419173592,0.0,24,-1,never,1.0
1,0.0,0.89,0.11,1105.104307125123,9.229656801727264,0.0,24,-1,never,1.0
2,0.0,0.84,0.16,1214.41541237651,14.136871552539453,0.0,24,-1,never,1.0
3,0.0,0.8,0.2,1280.1357299440758,16.886912553888955,0.0,24,-1,never,1.0
4,0.0,0.75,0.25,1445.558892400661,23.345898402283133,0.0,24,-1,never,1.0
5,0.0,0.705,0.295,1530.5355359902646,26.452888657129485,0.0,24,-1,never,1.0
6,0.0,0.665,0.335,1622.9476106342036,29.681025752511765,0.0,24,-1,never,1.0
7,0.0,0.63,0.37,1714.9166864185945,32.85248578364175,0.0,24,-1,never,1.0
8,0.0,0.6,0.4,1788.0272225172328,35.85438459208399,0.0,24,-1,never,1.0
9,0.0,0.575,0.425,1826.1431874120806,37.72183833298426,0.0,24,-1,never,1.0
10,0.0,0.545,0.455,1894.1219346844684,42.14504548328753,0.0,24,-1,never,1.0
11,0.0,0.51,0.49,1920.4063198589947,44.922506355844305,0.0,24,-1,never,1.0
12,0.0,0.49,0.51,1926.2272595219706,45.80913141824744,0.0,24,-1,never,1.0
13,0.0,0.47,0.53,1932.3834084620385,47.08293903252036,0.0,24,-1,never,1.0
14,0.0,0.455,0.545,1936.9510387724772,48.88241000704854,0.0,24,-1,never,1.0
15,0.0,0.435,0.565,1936.8836039580547,50.28328300491402,0.0,24,-1,never,1.0
16,0.0,0.405,0.595,1929.789639664741,52.67139086778525,0.0,24,-1,never,1.0
17,0.0,0.39,0.61,1926.5003419417276,53.31704668632186,0.0,24,-1,never,1.0
18,0.0,0.365,0.635,1918.0843248144208,54.58659449140704,0.0,24,-1,never,1.0
19,0.0,0.345,0.655,1907.2741676600479,55.86247755886528,0.0,24,-1,never,1.0
20,0.0,0.33,0.67,1895.0313408185561,57.05095320137282,0.0,24,-1,never,1.0
21,0.0,0.32,0.68,1881.920758206135,58.13488401268144,0.0,24,-1,never,1.0
22,0.0,0.31,0.69,1878.626947501435,58.38697809474469,0.0,24,-1,never,1.0
23,0.0,0.295,0.705,1856.2702644555718,59.96798607068833,0.0,24,-1,never,1.0
24,0.0,0.275,0.725,1836.3257959924445,61.19469035384773,0.0,24,-1,never,1.0
25,0.0,0.25,0.75,1809.7232563946461,62.66421648837762,0.0,24,-1,never,1.0
26,0.0,0.24,0.76,1772.1076788710957,64.49830085319651,0.0,24,-1,never,1.0
27,0.0,0.22,0.78,1755.3627685235804,65.25187289014322,0.0,24,-1,never,1.0
28,0.0,0.21,0.79,1751.600997199615,65.4162046944022,0.0,24,-1,never,1.0
29,0.0,0.2,0.8,1737.4441924120765,66.02007756876083,0.0,24,-1,never,1.0
30,0.0,0.18,0.82,1692.1956088243662,67.8397108711408,0.0,24,-1,never,1.0
31,0.0,0.17,0.83,1665.700778821625,68.82533726887522,0.0,24,-1,never,1.0
32,0.0,0.16,0.84,1660.0681891894485,69.02835668864732,0.0,24,-1,never,1.0
33,0.0,0.155,0.845,1653.4812849465236,69.26320392774043,0.0,24,-1,never,1.0
34,0.0,0.15,0.85,1645.272428791122,69.55286238522079,0.0,24,-1,never,1.0
35,0.0,0.14,0.86,1631.049069614471,70.04641949974078,0.0,24,-1,never,1.0
36,0.0,0.135,0.865,1628.4083220497162,70.13689833631214,0.0,24,-1,never,1.0
37,0.0,0.13,0.87,1614.062548966446,70.62397173803377,0.0,24,-1,never,1.0
38,0.0,0.12,0.88,1599.8270933111824,71.09516754727235,0.0,24,-1,never,1.0
39,0.0,0.115,0.885,1591.9815458465223,71.35309448510591,0.0,24,-1,never,1.0
40,0.0,0.105,0.895,1588.1658160007923,71.4771928048901,0.0,24,-1,never,1.0
41,0.0,0.105,0.895,1588.1658160007923,71.4771928048901,0.0,24,-1,never,1.0
42,0.0,0.095,0.905,1567.3522919865356,72.14088214094411,0.0,24,-1,never,1.0
43,0.0,0.09,0.91,1540.3793964111842,72.97507335996517,0.0,24,-1,never,1.0
44,0.0,0.09,0.91,1540.3793964111842,72.97507335996517,0.0,24,-1,never,1.0
45,0.0,0.09,0.91,1540.3793964111842,72.97507335996517,0.0,24,-1,never,1.0
46,0.0,0.085,0.915,1526.8749052030764,73.38545893601457,0.0,24,-1,never,1.0
47,0.0,0.085,0.915,1526.8749052030764,73.38545893601457,0.0,24,-1,never,1.0
48,0.0,0.08,0.92,1514.9560779438852,73.7398350079014,0.0,24,-1,never,1.0
49,0.0,0.08,0.92,1514.9560779438852,73.7398350079014,0.0,24,-1,never,1.0
50,0.0,0.075,0.925,1490.5529924194057,74.45905966451795,0.0,24,-1,never,1.0
51,0.0,0.075,0.925,1490.5529924194057,74.45905966451795,0.0,24,-1,never,1.0
52,0.0,0.075,0.925,1490.5529924194057,74.45905966451795,0.0,24,-1,never,1.0
53,0.0,0.075,0.925,1490.5529924194057,74.45905966451795,0.0,24,-1,never,1.0
54,0.0,0.065,0.935,1467.666205085308,75.11443741478705,0.0,24,-1,never,1.0
55,0.0,0.065,0.935,1467.666205085308,75.11443741478705,0.0,24,-1,never,1.0
56,0.0,0.065,0.935,1467.666205085308,75.11443741478705,0.0,24,-1,never,1.0
57,0.0,0.065,0.935,1467.666205085308,75.11443741478705,0.0,24,-1,never,1.0
58,0.0,0.065,0.935,1467.666205085308,75.11443741478705,0.0,24,-1,never,1.0
0,0.0,0.94,0.06,1031.5597568773285,4.997562419173592,1.0,24,0,t=0,1.0
1,0.0,0.89,0.11,1105.104307125123,9.229656801727264,1.0,24,0,t=0,1.0
2,0.0,0.84,0.16,1214.41541237651,14.136871552539453,1.0,24,0,t=0,1.0
3,0.0,0.8,0.2,1280.1357299440758,16.886912553888955,1.0,24,0,t=0,1.0
4,0.0,0.75,0.25,1445.558892400661,23.345898402283133,1.0,24,0,t=0,1.0
5,0.0,0.705,0.295,1530.5355359902646,26.452888657129485,1.0,24,0,t=0,1.0
6,0.0,0.665,0.335,1622.9476106342036,29.681025752511765,1.0,24,0,t=0,1.0
7,0.0,0.665,0.335,1622.9476106342036,29.681025752511765,1.0,24,0,t=0,1.0
8,0.0,0.665,0.335,1622.9476106342036,29.681025752511765,1.0,24,0,t=0,1.0
9,0.0,0.665,0.335,1622.9476106342036,29.681025752511765,1.0,24,0,t=0,1.0
10,0.0,0.665,0.335,1622.9476106342036,29.681025752511765,1.0,24,0,t=0,1.0
0,0.0,0.94,0.06,1031.5597568773285,4.997562419173592,0.0,24,10,t=10,1.0
1,0.0,0.89,0.11,1105.104307125123,9.229656801727264,0.0,24,10,t=10,1.0
2,0.0,0.84,0.16,1214.41541237651,14.136871552539453,0.0,24,10,t=10,1.0
3,0.0,0.8,0.2,1280.1357299440758,16.886912553888955,0.0,24,10,t=10,1.0
4,0.0,0.75,0.25,1445.558892400661,23.345898402283133,0.0,24,10,t=10,1.0
5,0.0,0.705,0.295,1530.5355359902646,26.452888657129485,0.0,24,10,t=10,1.0
6,0.0,0.665,0.335,1622.9476106342036,29.681025752511765,0.0,24,10,t=10,1.0
7,0.0,0.63,0.37,1714.9166864185945,32.85248578364175,0.0,24,10,t=10,1.0
8,0.0,0.6,0.4,1788.0272225172328,35.85438459208399,0.0,24,10,t=10,1.0
9,0.0,0.575,0.425,1826.1431874120806,37.72183833298426,0.0,24,10,t=10,1.0
10,0.0,0.545,0.455,1894.1219346844684,42.14504548328753,1.0,24,10,t=10,1.0
11,0.0,0.545,0.455,1894.1219346844684,42.14504548328753,1.0,24,10,t=10,1.0
12,0.0,0.545,0.455,1894.1219346844684,42.14504548328753,1.0,24,10,t=10,1.0
13,0.0,0.545,0.455,1894.1219346844684,42.14504548328753,1.0,24,10,t=10,1.0
14,0.0,0.545,0.455,1894.1219346844684,42.14504548328753,1.0,24,10,t=10,1.0
0,0.0,0.94,0.06,1031.5597568773285,4.997562419173592,0.0,24,20,t=20,1.0
1,0.0,0.89,0.11,1105.104307125123,9.229656801727264,0.0,24,20,t=20,1.0
2,0.0,0.84,0.16,1214.41541237651,14.136871552539453,0.0,24,20,t=20,1.0
3,0.0,0.8,0.2,1280.1357299440758,16.886912553888955,0.0,24,20,t=20,1.0
4,0.0,0.75,0.25,1445.558892400661,23.345898402283133,0.0,24,20,t=20,1.0
5,0.0,0.705,0.295,1530.5355359902646,26.452888657129485,0.0,24,20,t=20,1.0
6,0.0,0.665,0.335,1622.9476106342036,29.681025752511765,0.0,24,20,t=20,1.0
7,0.0,0.63,0.37,1714.9166864185945,32.85248578364175,0.0,24,20,t=20,1.0
8,0.0,0.6,0.4,1788.0272225172328,35.85438459208399,0.0,24,20,t=20,1.0
9,0.0,0.575,0.425,1826.1431874120806,37.72183833298426,0.0,24,20,t=20,1.0
10,0.0,0.545,0.455,1894.1219346844684,42.14504548328753,0.0,24,20,t=20,1.0
11,0.0,0.51,0.49,1920.4063198589947,44.922506355844305,0.0,24,20,t=20,1.0
12,0.0,0.49,0.51,1926.2272595219706,45.80913141824744,0.0,24,20,t=20,1.0
13,0.0,0.47,0.53,1932.3834084620385,47.08293903252036,0.0,24,20,t=20,1.0
14,0.0,0.455,0.545,1936.9510387724772,48.88241000704854,0.0,24,20,t=20,1.0
15,0.0,0.435,0.565,1936.8836039580547,50.28328300491402,0.0,24,20,t=20,1.0
16,0.0,0.405,0.595,1929.789639664741,52.67139086778525,0.0,24,20,t=20,1.0
17,0.0,0.39,0.61,1926.5003419417276,53.31704668632186,0.0,24,20,t=20,1.0
18,0.0,0.365,0.635,1918.0843248144208,54.58659449140704,0.0,24,20,t=20,1.0
19,0.0,0.345,0.655,1907.2741676600479,55.86247755886528,0.0,24,20,t=20,1.0
20,0.0,0.33,0.67,1895.0313408185561,57.05095320137282,1.0,24,20,t=20,1.0
21,0.0,0.33,0.67,1895.0313408185561,57.05095320137282,1.0,24,20,t=20,1.0
22,0.0,0.33,0.67,1895.0313408185561,57.05095320137282,1.0,24,20,t=20,1.0
23,0.0,0.33,0.67,1895.0313408185561,57.05095320137282,1.0,24,20,t=20,1.0
24,0.0,0.33,0.67,1895.0313408185561,57.05095320137282,1.0,24,20,t=20,1.0
0,0.0,0.94,0.06,1031.5597568773285,4.997562419173592,0.0,24,40,t=40,1.0
1,0.0,0.89,0.11,1105.104307125123,9.229656801727264,0.0,24,40,t=40,1.0
2,0.0,0.84,0.16,1214.41541237651,14.136871552539453,0.0,24,40,t=40,1.0
3,0.0,0.8,0.2,1280.1357299440758,16.886912553888955,0.0,24,40,t=40,1.0
4,0.0,0.75,0.25,1445.558892400661,23.345898402283133,0.0,24,40,t=40,1.0
5,0.0,0.705,0.295,1530.5355359902646,26.452888657129485,0.0,24,40,t=40,1.0
6,0.0,0.665,0.335,1622.9476106342036,29.681025752511765,0.0,24,40,t=40,1.0
7,0.0,0.63,0.37,1714.9166864185945,32.85248578364175,0.0,24,40,t=40,1.0
8,0.0,0.6,0.4,1788.0272225172328,35.85438459208399,0.0,24,40,t=40,1.0
9,0.0,0.575,0.425,1826.1431874120806,37.72183833298426,0.0,24,40,t=40,1.0
10,0.0,0.545,0.455,1894.1219346844684,42.14504548328753,0.0,24,40,t=40,1.0
11,0.0,0.51,0.49,1920.4063198589947,44.922506355844305,0.0,24,40,t=40,1.0
12,0.0,0.49,0.51,1926.2272595219706,45.80913141824744,0.0,24,40,t=40,1.0
13,0.0,0.47,0.53,1932.3834084620385,47.08293903252036,0.0,24,40,t=40,1.0
14,0.0,0.455,0.545,1936.9510387724772,48.88241000704854,0.0,24,40,t=40,1.0
15,0.0,0.435,0.565,1936.8836039580547,50.28328300491402,0.0,24,40,t=40,1.0
16,0.0,0.405,0.595,1929.789639664741,52.67139086778525,0.0,24,40,t=40,1.0
17,0.0,0.39,0.61,1926.5003419417276,53.31704668632186,0.0,24,40,t=40,1.0
18,0.0,0.365,0.635,1918.0843248144208,54.58659449140704,0.0,24,40,t=40,1.0
19,0.0,0.345,0.655,1907.2741676600479,55.86247755886528,0.0,24,40,t=40,1.0
20,0.0,0.33,0.67,1895.0313408185561,57.05095320137282,0.0,24,40,t=40,1.0
21,0.0,0.32,0.68,1881.920758206135,58.13488401268144,0.0,24,40,t=40,1.0
22,0.0,0.31,0.69,1878.626947501435,58.38697809474469,0.0,24,40,t=40,1.0
23,0.0,0.295,0.705,1856.2702644555718,59.96798607068833,0.0,24,40,t=40,1.0
24,0.0,0.275,0.725,1836.3257959924445,61.19469035384773,0.0,24,40,t=40,1.0
25,0.0,0.25,0.75,1809.7232563946461,62.66421648837762,0.0,24,40,t=40,1.0
26,0.0,0.24,0.76,1772.1076788710957,64.49830085319651,0.0,24,40,t=40,1.0
27,0.0,0.22,0.78,1755.3627685235804,65.25187289014322,0.0,24,40,t=40,1.0
28,0.0,0.21,0.79,1751.600997199615,65.4162046944022,0.0,24,40,t=40,1.0
29,0.0,0.2,0.8,1737.4441924120765,66.02007756876083,0.0,24,40,t=40,1.0
30,0.0,0.18,0.82,1692.1956088243662,67.8397108711408,0.0,24,40,t=40,1.0
31,0.0,0.17,0.83,1665.700778821625,68.82533726887522,0.0,24,40,t=40,1.0
32,0.0,0.16,0.84,1660.0681891894485,69.02835668864732,0.0,24,40,t=40,1.0
33,0.0,0.155,0.845,1653.4812849465236,69.26320392774043,0.0,24,40,t=40,1.0
34,0.0,0.15,0.85,1645.272428791122,69.55286238522079,0.0,24,40,t=40,1.0
35,0.0,0.14,0.86,1631.049069614471,70.04641949974078,0.0,24,40,t=40,1.0
36,0.0,0.135,0.865,1628.4083220497162,70.13689833631214,0.0,24,40,t=40,1.0
37,0.0,0.13,0.87,1614.062548966446,70.62397173803377,0.0,24,40,t=40,1.0
38,0.0,0.12,0.88,1599.8270933111824,71.09516754727235,0.0,24,40,t=40,1.0
39,0.0,0.115,0.885,1591.9815458465223,71.35309448510591,0.0,24,40,t=40,1.0
40,0.0,0.105,0.895,1588.1658160007923,71.4771928048901,1.0,24,40,t=40,1.0
41,0.0,0.105,0.895,1588.1658160007923,71.4771928048901,1.0,24,40,t=40,1.0
42,0.0,0.105,0.895,1588.1658160007923,71.4771928048901,1.0,24,40,t=40,1.0
43,0.0,0.105,0.895,1588.1658160007923,71.4771928048901,1.0,24,40,t=40,1.0
44,0.0,0.105,0.895,1588.1658160007923,71.4771928048901,1.0,24,40,t=40,1.0
0,0.0,0.94,0.06,1031.5597568773285,4.997562419173592,0.0,24,60,t=60,1.0
1,0.0,0.89,0.11,1105.104307125123,9.229656801727264,0.0,24,60,t=60,1.0
2,0.0,0.84,0.16,1214.41541237651,14.136871552539453,0.0,24,60,t=60,1.0
3,0.0,0.8,0.2,1280.1357299440758,16.886912553888955,0.0,24,60,t=60,1.0
4,0.0,0.75,0.25,1445.558892400661,23.345898402283133,0.0,24,60,t=60,1.0
5,0.0,0.705,0.295,1530.5355359902646,26.452888657129485,0.0,24,60,t=60,1.0
6,0.0,0.665,0.335,1622.9476106342036,29.681025752511765,0.0,24,60,t=60,1.0
7,0.0,0.63,0.37,1714.9166864185945,32.85248578364175,0.0,24,60,t=60,1.0
8,0.0,0.6,0.4,1788.0272225172328,35.85438459208399,0.0,24,60,t=60,1.0
9,0.0,0.575,0.425,1826.1431874120806,37.72183833298426,0.0,24,60,t=60,1.0
10,0.0,0.545,0.455,1894.1219346844684,42.14504548328753,0.0,24,60,t=60,1.0
11,0.0,0.51,0.49,1920.4063198589947,44.922506355844305,0.0,24,60,t=60,1.0
12,0.0,0.49,0.51,1926.2272595219706,45.80913141824744,0.0,24,60,t=60,1.0
13,0.0,0.47,0.53,1932.3834084620385,47.08293903252036,0.0,24,60,t=60,1.0
14,0.0,0.455,0.545,1936.9510387724772,48.88241000704854,0.0,24,60,t=60,1.0
15,0.0,0.435,0.565,1936.8836039580547,50.28328300491402,0.0,24,60,t=60,1.0
16,0.0,0.405,0.595,1929.789639664741,52.67139086778525,0.0,24,60,t=60,1.0
17,0.0,0.39,0.61,1926.5003419417276,53.31704668632186,0.0,24,60,t=60,1.0
18,0.0,0.365,0.635,1918.0843248144208,54.58659449140704,0.0,24,60,t=60,1.0
19,0.0,0.345,0.655,1907.2741676600479,55.86247755886528,0.0,24,60,t=60,1.0
20,0.0,0.33,0.67,1895.0313408185561,57.05095320137282,0.0,24,60,t=60,1.0
21,0.0,0.32,0.68,1881.920758206135,58.13488401268144,0.0,24,60,t=60,1.0
22,0.0,0.31,0.69,1878.626947501435,58.38697809474469,0.0,24,60,t=60,1.0
23,0.0,0.295,0.705,1856.2702644555718,59.96798607068833,0.0,24,60,t=60,1.0
24,0.0,0.275,0.725,1836.3257959924445,61.19469035384773,0.0,24,60,t=60,1.0
25,0.0,0.25,0.75,1809.7232563946461,62.66421648837762,0.0,24,60,t=60,1.0
26,0.0,0.24,0.76,1772.1076788710957,64.49830085319651,0.0,24,60,t=60,1.0
27,0.0,0.22,0.78,1755.3627685235804,65.25187289014322,0.0,24,60,t=60,1.0
28,0.0,0.21,0.79,1751.600997199615,65.4162046944022,0.0,24,60,t=60,1.0
29,0.0,0.2,0.8,1737.4441924120765,66.02007756876083,0.0,24,60,t=60,1.0
30,0.0,0.18,0.82,1692.1956088243662,67.8397108711408,0.0,24,60,t=60,1.0
31,0.0,0.17,0.83,1665.700778821625,68.82533726887522,0.0,24,60,t=60,1.0
32,0.0,0.16,0.84,1660.0681891894485,69.02835668864732,0.0,24,60,t=60,1.0
33,0.0,0.155,0.845,1653.4812849465236,69.26320392774043,0.0,24,60,t=60,1.0
34,0.0,0.15,0.85,1645.272428791122,69.55286238522079,0.0,24,60,t=60,1.0
35,0.0,0.14,0.86,1631.049069614471,70.04641949974078,0.0,24,60,t=60,1.0
36,0.0,0.135,0.865,1628.4083220497162,70.13689833631214,0.0,24,60,t=60,1.0
37,0.0,0.13,0.87,1614.062548966446,70.62397173803377,0.0,24,60,t=60,1.0
38,0.0,0.12,0.88,1599.8270933111824,71.09516754727235,0.0,24,60,t=60,1.0
39,0.0,0.115,0.885,1591.9815458465223,71.35309448510591,0.0,24,60,t=60,1.0
40,0.0,0.105,0.895,1588.1658160007923,71.4771928048901,0.0,24,60,t=60,1.0
41,0.0,0.105,0.895,1588.1658160007923,71.4771928048901,0.0,24,60,t=60,1.0
42,0.0,0.095,0.905,1567.3522919865356,72.14088214094411,0.0,24,60,t=60,1.0
43,0.0,0.09,0.91,1540.3793964111842,72.97507335996517,0.0,24,60,t=60,1.0
44,0.0,0.09,0.91,1540.3793964111842,72.97507335996517,0.0,24,60,t=60,1.0
45,0.0,0.09,0.91,1540.3793964111842,72.97507335996517,0.0,24,60,t=60,1.0
46,0.0,0.085,0.915,1526.8749052030764,73.38545893601457,0.0,24,60,t=60,1.0
47,0.0,0.085,0.915,1526.8749052030764,73.38545893601457,0.0,24,60,t=60,1.0
48,0.0,0.08,0.92,1514.9560779438852,73.7398350079014,0.0,24,60,t=60,1.0
49,0.0,0.08,0.92,1514.9560779438852,73.7398350079014,0.0,24,60,t=60,1.0
50,0.0,0.075,0.925,1490.5529924194057,74.45905966451795,0.0,24,60,t=60,1.0
51,0.0,0.075,0.925,1490.5529924194057,74.45905966451795,0.0,24,60,t=60,1.0
52,0.0,0.075,0.925,1490.5529924194057,74.45905966451795,0.0,24,60,t=60,1.0
53,0.0,0.075,0.925,1490.5529924194057,74.45905966451795,0.0,24,60,t=60,1.0
54,0.0,0.065,0.935,1467.666205085308,75.11443741478705,0.0,24,60,t=60,1.0
55,0.0,0.065,0.935,1467.666205085308,75.11443741478705,0.0,24,60,t=60,1.0
56,0.0,0.065,0.935,1467.666205085308,75.11443741478705,0.0,24,60,t=60,1.0
57,0.0,0.065,0.935,1467.666205085308,75.11443741478705,0.0,24,60,t=60,1.0
58,0.0,0.065,0.935,1467.666205085308,75.11443741478705,0.0,24,60,t=60,1.0
59,0.0,0.06,0.94,1466.498540233487,75.14760134377212,0.0,24,60,t=60,1.0
60,0.0,0.055,0.945,1450.7537892507307,75.58959129364584,1.0,24,60,t=60,1.0
61,0.0,0.055,0.945,1450.7537892507307,75.58959129364584,1.0,24,60,t=60,1.0
62,0.0,0.055,0.945,1450.7537892507307,75.58959129364584,1.0,24,60,t=60,1.0
63,0.0,0.055,0.945,1450.7537892507307,75.58959129364584,1.0,24,60,t=60,1.0
64,0.0,0.055,0.945,1450.7537892507307,75.58959129364584,1.0,24,60,t=60,1.0
0,0.0,0.94,0.06,1031.5597568773285,4.997562419173592,0.0,24,80,t=80,1.0
1,0.0,0.89,0.11,1105.104307125123,9.229656801727264,0.0,24,80,t=80,1.0
2,0.0,0.84,0.16,1214.41541237651,14.136871552539453,0.0,24,80,t=80,1.0
3,0.0,0.8,0.2,1280.1357299440758,16.886912553888955,0.0,24,80,t=80,1.0
4,0.0,0.75,0.25,1445.558892400661,23.345898402283133,0.0,24,80,t=80,1.0
5,0.0,0.705,0.295,1530.5355359902646,26.452888657129485,0.0,24,80,t=80,1.0
6,0.0,0.665,0.335,1622.9476106342036,29.681025752511765,0.0,24,80,t=80,1.0
7,0.0,0.63,0.37,1714.9166864185945,32.85248578364175,0.0,24,80,t=80,1.0
8,0.0,0.6,0.4,1788.0272225172328,35.85438459208399,0.0,24,80,t=80,1.0
9,0.0,0.575,0.425,1826.1431874120806,37.72183833298426,0.0,24,80,t=80,1.0
10,0.0,0.545,0.455,1894.1219346844684,42.14504548328753,0.0,24,80,t=80,1.0
11,0.0,0.51,0.49,1920.4063198589947,44.922506355844305,0.0,24,80,t=80,1.0
12,0.0,0.49,0.51,1926.2272595219706,45.80913141824744,0.0,24,80,t=80,1.0
13,0.0,0.47,0.53,1932.3834084620385,47.08293903252036,0.0,24,80,t=80,1.0
14,0.0,0.455,0.545,1936.9510387724772,48.88241000704854,0.0,24,80,t=80,1.0
15,0.0,0.435,0.565,1936.8836039580547,50.28328300491402,0.0,24,80,t=80,1.0
16,0.0,0.405,0.595,1929.789639664741,52.67139086778525,0.0,24,80,t=80,1.0
17,0.0,0.39,0.61,1926.5003419417276,53.31704668632186,0.0,24,80,t=80,1.0
18,0.0,0.365,0.635,1918.0843248144208,54.58659449140704,0.0,24,80,t=80,1.0
19,0.0,0.345,0.655,1907.2741676600479,55.86247755886528,0.0,24,80,t=80,1.0
20,0.0,0.33,0.67,1895.0313408185561,57.05095320137282,0.0,24,80,t=80,1.0
21,0.0,0.32,0.68,1881.920758206135,58.13488401268144,0.0,24,80,t=80,1.0
22,0.0,0.31,0.69,1878.626947501435,58.38697809474469,0.0,24,80,t=80,1.0
23,0.0,0.295,0.705,1856.2702644555718,59.96798607068833,0.0,24,80,t=80,1.0
24,0.0,0.275,0.725,1836.3257959924445,61.19469035384773,0.0,24,80,t=80,1.0
25,0.0,0.25,0.75,1809.7232563946461,62.66421648837762,0.0,24,80,t=80,1.0
26,0.0,0.24,0.76,1772.1076788710957,64.49830085319651,0.0,24,80,t=80,1.0
27,0.0,0.22,0.78,1755.3627685235804,65.25187289014322,0.0,24,80,t=80,1.0
28,0.0,0.21,0.79,1751.600997199615,65.4162046944022,0.0,24,80,t=80,1.0
29,0.0,0.2,0.8,1737.4441924120765,66.02007756876083,0.0,24,80,t=80,1.0
30,0.0,0.18,0.82,1692.1956088243662,67.8397108711408,0.0,24,80,t=80,1.0
31,0.0,0.17,0.83,1665.700778821625,68.82533726887522,0.0,24,80,t=80,1.0
32,0.0,0.16,0.84,1660.0681891894485,69.02835668864732,0.0,24,80,t=80,1.0
33,0.0,0.155,0.845,1653.4812849465236,69.26320392774043,0.0,24,80,t=80,1.0
34,0.0,0.15,0.85,1645.272428791122,69.55286238522079,0.0,24,80,t=80,1.0
35,0.0,0.14,0.86,1631.049069614471,70.04641949974078,0.0,24,80,t=80,1.0
36,0.0,0.135,0.865,1628.4083220497162,70.13689833631214,0.0,24,80,t=80,1.0
37,0.0,0.13,0.87,1614.062548966446,70.62397173803377,0.0,24,80,t=80,1.0
38,0.0,0.12,0.88,1599.8270933111824,71.09516754727235,0.0,24,80,t=80,1.0
39,0.0,0.115,0.885,1591.9815458465223,71.35309448510591,0.0,24,80,t=80,1.0
40,0.0,0.105,0.895,1588.1658160007923,71.4771928048901,0.0,24,80,t=80,1.0
41,0.0,0.105,0.895,1588.1658160007923,71.4771928048901,0.0,24,80,t=80,1.0
42,0.0,0.095,0.905,1567.3522919865356,72.14088214094411,0.0,24,80,t=80,1.0
43,0.0,0.09,0.91,1540.3793964111842,72.97507335996517,0.0,24,80,t=80,1.0
44,0.0,0.09,0.91,1540.3793964111842,72.97507335996517,0.0,24,80,t=80,1.0
45,0.0,0.09,0.91,1540.3793964111842,72.97507335996517,0.0,24,80,t=80,1.0
46,0.0,0.085,0.915,1526.8749052030764,73.38545893601457,0.0,24,80,t=80,1.0
47,0.0,0.085,0.915,1526.8749052030764,73.38545893601457,0.0,24,80,t=80,1.0
48,0.0,0.08,0.92,1514.9560779438852,73.7398350079014,0.0,24,80,t=80,1.0
49,0.0,0.08,0.92,1514.9560779438852,73.7398350079014,0.0,24,80,t=80,1.0
50,0.0,0.075,0.925,1490.5529924194057,74.45905966451795,0.0,24,80,t=80,1.0
51,0.0,0.075,0.925,1490.5529924194057,74.45905966451795,0.0,24,80,t=80,1.0
52,0.0,0.075,0.925,1490.5529924194057,74.45905966451795,0.0,24,80,t=80,1.0
53,0.0,0.075,0.925,1490.5529924194057,74.45905966451795,0.0,24,80,t=80,1.0
54,0.0,0.065,0.935,1467.666205085308,75.11443741478705,0.0,24,80,t=80,1.0
55,0.0,0.065,0.935,1467.666205085308,75.11443741478705,0.0,24,80,t=80,1.0
56,0.0,0.065,0.935,1467.666205085308,75.11443741478705,0.0,24,80,t=80,1.0
57,0.0,0.065,0.935,1467.666205085308,75.11443741478705,0.0,24,80,t=80,1.0
58,0.0,0.065,0.935,1467.666205085308,75.11443741478705,0.0,24,80,t=80,1.0
59,0.0,0.06,0.94,1466.498540233487,75.14760134377212,0.0,24,80,t=80,1.0
60,0.0,0.055,0.945,1450.7537892507307,75.58959129364584,0.0,24,80,t=80,1.0
61,0.0,0.05,0.95,1448.355030529433,75.65668893563446,0.0,24,80,t=80,1.0
62,0.0,0.05,0.95,1448.355030529433,75.65668893563446,0.0,24,80,t=80,1.0
63,0.0,0.05,0.95,1448.355030529433,75.65668893563446,0.0,24,80,t=80,1.0
64,0.0,0.04,0.96,1419.6980660433874,76.44077420790133,0.0,24,80,t=80,1.0
65,0.0,0.03,0.97,1395.0166799012277,77.10447745065257,0.0,24,80,t=80,1.0
66,0.0,0.03,0.97,1395.0166799012277,77.10447745065257,0.0,24,80,t=80,1.0
67,0.0,0.03,0.97,1395.0166799012277,77.10447745065257,0.0,24,80,t=80,1.0
68,0.0,0.03,0.97,1395.0166799012277,77.10447745065257,0.0,24,80,t=80,1.0
69,0.0,0.02,0.98,1384.2530032396376,77.3887902054942,0.0,24,80,t=80,1.0
70,0.0,0.02,0.98,1384.2530032396376,77.3887902054942,0.0,24,80,t=80,1.0
71,0.0,0.02,0.98,1384.2530032396376,77.3887902054942,0.0,24,80,t=80,1.0
72,0.0,0.02,0.98,1384.2530032396376,77.3887902054942,0.0,24,80,t=80,1.0
73,0.0,0.02,0.98,1384.2530032396376,77.3887902054942,0.0,24,80,t=80,1.0
74,0.0,0.02,0.98,1384.2530032396376,77.3887902054942,0.0,24,80,t=80,1.0
75,0.0,0.02,0.98,1384.2530032396376,77.3887902054942,0.0,24,80,t=80,1.0
76,0.0,0.02,0.98,1384.2530032396376,77.3887902054942,0.0,24,80,t=80,1.0
77,0.0,0.02,0.98,1384.2530032396376,77.3887902054942,0.0,24,80,t=80,1.0
78,0.0,0.02,0.98,1384.2530032396376,77.3887902054942,0.0,24,80,t=80,1.0
79,0.0,0.015,0.985,1371.8192546313448,77.71229707372818,0.0,24,80,t=80,1.0
80,0.0,0.015,0.985,1371.8192546313448,77.71229707372818,1.0,24,80,t=80,1.0
81,0.0,0.015,0.985,1371.8192546313448,77.71229707372818,1.0,24,80,t=80,1.0
82,0.0,0.015,0.985,1371.8192546313448,77.71229707372818,1.0,24,80,t=80,1.0
83,0.0,0.015,0.985,1371.8192546313448,77.71229707372818,1.0,24,80,t=80,1.0
0,0.0,0.94,0.06,961.6404389933974,3.6391022368658703,0.0,25,-1,never,1.0
1,0.0,0.89,0.11,1028.0219896857916,8.883029581540306,0.0,25,-1,never,1.0
2,0.0,0.845,0.155,1106.850577336937,12.767196457928883,0.0,25,-1,never,1.0
3,0.0,0.805,0.195,1223.2976952397862,17.983542687189022,0.0,25,-1,never,1.0
4,0.0,0.765,0.235,1282.7221827065716,20.501134946851064,0.0,25,-1,never,1.0
5,0.0,0.725,0.275,1354.1483368596075,23.415897215501566,0.0,25,-1,never,1.0
6,0.0,0.685,0.315,1425.9554718888342,26.233640043429475,0.0,25,-1,never,1.0
7,0.0,0.645,0.355,1549.4150496325483,30.838670361560176,0.0,25,-1,never,1.0
8,0.0,0.61,0.39,1637.0194802868432,33.978856531248375,0.0,25,-1,never,1.0
9,0.0,0.58,0.42,1710.3775310271578,37.05116612081366,0.0,25,-1,never,1.0
10,0.0,0.55,0.45,1757.8398044442235,39.52084604193932,0.0,25,-1,never,1.0
11,0.0,0.525,0.475,1777.8846583422987,40.76167176956736,0.0,25,-1,never,1.0
12,0.0,0.505,0.495,1822.9425307211689,44.48618352511317,0.0,25,-1,never,1.0
13,0.0,0.48,0.52,1844.5357165576504,48.08423858937628,0.0,25,-1,never,1.0
14,0.0,0.465,0.535,1846.5059231499715,48.90036921170295,0.0,25,-1,never,1.0
15,0.0,0.425,0.575,1844.780521584242,51.83506046046979,0.0,25,-1,never,1.0
16,0.0,0.41,0.59,1840.4914097556925,52.939144826775326,0.0,25,-1,never,1.0
17,0.0,0.39,0.61,1828.706317500476,54.85502993904749,0.0,25,-1,never,1.0
18,0.0,0.365,0.635,1820.4225398258782,55.847175624890454,0.0,25,-1,never,1.0
19,0.0,0.36,0.64,1818.5050716784783,56.05422649720471,0.0,25,-1,never,1.0
20,0.0,0.335,0.665,1785.7040406128428,58.88769610518472,0.0,25,-1,never,1.0
21,0.0,0.315,0.685,1747.5567802102532,61.32291931117226,0.0,25,-1,never,1.0
22,0.0,0.285,0.715,1695.8610046498954,63.97062811626787,0.0,25,-1,never,1.0
23,0.0,0.285,0.715,1695.8610046498954,63.97062811626787,0.0,25,-1,never,1.0
24,0.0,0.275,0.725,1684.9825698346824,64.47055036740207,0.0,25,-1,never,1.0
25,0.0,0.245,0.755,1605.8856724899847,67.68078371507366,0.0,25,-1,never,1.0
26,0.0,0.23,0.77,1580.7512901869022,68.59618705790918,0.0,25,-1,never,1.0
27,0.0,0.21,0.79,1539.8293073957989,69.99584496019052,0.0,25,-1,never,1.0
28,0.0,0.195,0.805,1532.035554002193,70.25301373930444,0.0,25,-1,never,1.0
29,0.0,0.185,0.815,1521.6807025008184,70.5879737074081,0.0,25,-1,never,1.0
30,0.0,0.165,0.835,1473.002063554363,72.1022958131881,0.0,25,-1,never,1.0
31,0.0,0.145,0.855,1422.6300784486175,73.57987075529317,0.0,25,-1,never,1.0
32,0.0,0.14,0.86,1409.5452496504854,73.94984722866627,0.0,25,-1,never,1.0
33,0.0,0.135,0.865,1390.1461068444412,74.49149929350779,0.0,25,-1,never,1.0
34,0.0,0.125,0.875,1367.480788463055,75.1041774207855,0.0,25,-1,never,1.0
35,0.0,0.125,0.875,1367.480788463055,75.1041774207855,0.0,25,-1,never,1.0
36,0.0,0.125,0.875,1367.480788463055,75.1041774207855,0.0,25,-1,never,1.0
37,0.0,0.125,0.875,1367.480788463055,75.1041774207855,0.0,25,-1,never,1.0
38,0.0,0.12,0.88,1348.9920901631517,75.59829048476658,0.0,25,-1,never,1.0
39,0.0,0.11,0.89,1331.6829602141959,76.05068209414213,0.0,25,-1,never,1.0
40,0.0,0.105,0.895,1273.6088353134037,77.52896170508319,0.0,25,-1,never,1.0
41,0.0,0.095,0.905,1246.0584168850478,78.20500647070071,0.0,25,-1,never,1.0
42,0.0,0.09,0.91,1242.8062138183445,78.28342609938812,0.0,25,-1,never,1.0
43,0.0,0.09,0.91,1242.8062138183445,78.28342609938812,0.0,25,-1,never,1.0
44,0.0,0.085,0.915,1223.784172191576,78.7389135432812,0.0,25,-1,never,1.0
45,0.0,0.085,0.915,1223.784172191576,78.7389135432812,0.0,25,-1,never,1.0
46,0.0,0.085,0.915,1223.784172191576,78.7389135432812,0.0,25,-1,never,1.0
47,0.0,0.075,0.925,1199.7808921941978,79.3043350479551,0.0,25,-1,never,1.0
48,0.0,0.075,0.925,1199.7808921941978,79.3043350479551,0.0,25,-1,never,1.0
49,0.0,0.075,0.925,1199.7808921941978,79.3043350479551,0.0,25,-1,never,1.0
50,0.0,0.065,0.935,1173.1648296507142,79.9207848152591,0.0,25,-1,never,1.0
51,0.0,0.06,0.94,1164.7129825231918,80.11362382502114,0.0,25,-1,never,1.0
52,0.0,0.06,0.94,1164.7129825231918,80.11362382502114,0.0,25,-1,never,1.0
53,0.0,0.06,0.94,1164.7129825231918,80.11362382502114,0.0,25,-1,never,1.0
54,0.0,0.055,0.945,1155.2624853707948,80.32961291862341,0.0,25,-1,never,1.0
55,0.0,0.055,0.945,1155.2624853707948,80.32961291862341,0.0,25,-1,never,1.0
56,0.0,0.05,0.95,1128.3032480582556,80.93878455858913,0.0,25,-1,never,1.0
57,0.0,0.045,0.955,1127.1979710956994,80.96359600128956,0.0,25,-1,never,1.0
58,0.0,0.045,0.955,1127.1979710956994,80.96359600128956,0.0,25,-1,never,1.0
59,0.0,0.04,0.96,1121.5033281410747,81.09104550110035,0.0,25,-1,never,1.0
60,0.0,0.04,0.96,1121.5033281410747,81.09104550110035,0.0,25,-1,never,1.0
61,0.0,0.04,0.96,1121.5033281410747,81.09104550110035,0.0,25,-1,never,1.0
62,0.0,0.04,0.96,1121.5033281410747,81.09104550110035,0.0,25,-1,never,1.0
63,0.0,0.04,0.96,1121.5033281410747,81.09104550110035,0.0,25,-1,never,1.0
0,0.0,0.94,0.06,961.6404389933974,3.6391022368658703,1.0,25,0,t=0,1.0
1,0.0,0.89,0.11,1028.0219896857916,8.883029581540306,1.0,25,0,t=0,1.0
2,0.0,0.845,0.155,1106.850577336937,12.767196457928883,1.0,25,0,t=0,1.0
3,0.0,0.805,0.195,1223.2976952397862,17.983542687189022,1.0,25,0,t=0,1.0
4,0.0,0.765,0.235,1282.7221827065716,20.501134946851064,1.0,25,0,t=0,1.0
5,0.0,0.725,0.275,1354.1483368596075,23.415897215501566,1.0,25,0,t=0,1.0
6,0.0,0.685,0.315,1425.9554718888342,26.233640043429475,1.0,25,0,t=0,1.0
7,0.0,0.645,0.355,1549.4150496325483,30.838670361560176,1.0,25,0,t=0,1.0
8,0.0,0.645,0.355,1549.4150496325483,30.838670361560176,1.0,25,0,t=0,1.0
9,0.0,0.645,0.355,1549.4150496325483,30.838670361560176,1.0,25,0,t=0,1.0
10,0.0,0.645,0.355,1549.4150496325483,30.838670361560176,1.0,25,0,t=0,1.0
11,0.0,0.645,0.355,1549.4150496325483,30.838670361560176,1.0,25,0,t=0,1.0
0,0.0,0.94,0.06,961.6404389933974,3.6391022368658703,0.0,25,10,t=10,1.0
1,0.0,0.89,0.11,1028.0219896857916,8.883029581540306,0.0,25,10,t=10,1.0
2,0.0,0.845,0.155,1106.850577336937,12.767196457928883,0.0,25,10,t=10,1.0
3,0.0,0.805,0.195,1223.2976952397862,17.983542687189022,0.0,25,10,t=10,1.0
4,0.0,0.765,0.235,1282.7221827065716,20.501134946851064,0.0,25,10,t=10,1.0
5,0.0,0.725,0.275,1354.1483368596075,23.415897215501566,0.0,25,10,t=10,1.0
6,0.0,0.685,0.315,1425.9554718888342,26.233640043429475,0.0,25,10,t=10,1.0
7,0.0,0.645,0.355,1549.4150496325483,30.838670361560176,0.0,25,10,t=10,1.0
8,0.0,0.61,0.39,1637.0194802868432,33.978856531248375,0.0,25,10,t=10,1.0
9,0.0,0.58,0.42,1710.3775310271578,37.05116612081366,0.0,25,10,t=10,1.0
10,0.0,0.55,0.45,1757.8398044442235,39.52084604193932,1.0,25,10,t=10,1.0
11,0.0,0.55,0.45,1757.8398044442235,39.52084604193932,1.0,25,10,t=10,1.0
12,0.0,0.55,0.45,1757.8398044442235,39.52084604193932,1.0,25,10,t=10,1.0
13,0.0,0.55,0.45,1757.8398044442235,39.52084604193932,1.0,25,10,t=10,1.0
14,0.0,0.55,0.45,1757.8398044442235,39.52084604193932,1.0,25,10,t=10,1.0
0,0.0,0.94,0.06,961.6404389933974,3.6391022368658703,0.0,25,20,t=20,1.0
1,0.0,0.89,0.11,1028.0219896857916,8.883029581540306,0.0,25,20,t=20,1.0
2,0.0,0.845,0.155,1106.850577336937,12.767196457928883,0.0,25,20,t=20,1.0
3,0.0,0.805,0.195,1223.2976952397862,17.983542687189022,0.0,25,20,t=20,1.0
4,0.0,0.765,0.235,1282.7221827065716,20.501134946851064,0.0,25,20,t=20,1.0
5,0.0,0.725,0.275,1354.1483368596075,23.415897215501566,0.0,25,20,t=20,1.0
6,0.0,0.685,0.315,1425.9554718888342,26.233640043429475,0.0,25,20,t=20,1.0
7,0.0,0.645,0.355,1549.4150496325483,30.838670361560176,0.0,25,20,t=20,1.0
8,0.0,0.61,0.39,1637.0194802868432,33.978856531248375,0.0,25,20,t=20,1.0
9,0.0,0.58,0.42,1710.3775310271578,37.05116612081366,0.0,25,20,t=20,1.0
10,0.0,0.55,0.45,1757.8398044442235,39.52084604193932,0.0,25,20,t=20,1.0
11,0.0,0.525,0.475,1777.8846583422987,40.76167176956736,0.0,25,20,t=20,1.0
12,0.0,0.505,0.495,1822.9425307211689,44.48618352511317,0.0,25,20,t=20,1.0
13,0.0,0.48,0.52,1844.5357165576504,48.08423858937628,0.0,25,20,t=20,1.0
14,0.0,0.465,0.535,1846.5059231499715,48.90036921170295,0.0,25,20,t=20,1.0
15,0.0,0.425,0.575,1844.780521584242,51.83506046046979,0.0,25,20,t=20,1.0
16,0.0,0.41,0.59,1840.4914097556925,52.939144826775326,0.0,25,20,t=20,1.0
17,0.0,0.39,0.61,1828.706317500476,54.85502993904749,0.0,25,20,t=20,1.0
18,0.0,0.365,0.635,1820.4225398258782,55.847175624890454,0.0,25,20,t=20,1.0
19,0.0,0.36,0.64,1818.5050716784783,56.05422649720471,0.0,25,20,t=20,1.0
20,0.0,0.335,0.665,1785.7040406128428,58.88769610518472,1.0,25,20,t=20,1.0
21,0.0,0.335,0.665,1785.7040406128428,58.88769610518472,1.0,25,20,t=20,1.0
22,0.0,0.335,0.665,1785.7040406128428,58.88769610518472,1.0,25,20,t=20,1.0
23,0.0,0.335,0.665,1785.7040406128428,58.88769610518472,1.0,25,20,t=20,1.0
24,0.0,0.335,0.665,1785.7040406128428,58.88769610518472,1.0,25,20,t=20,1.0
0,0.0,0.94,0.06,961.6404389933974,3.6391022368658703,0.0,25,40,t=40,1.0
1,0.0,0.89,0.11,1028.0219896857916,8.883029581540306,0.0,25,40,t=40,1.0
2,0.0,0.845,0.155,1106.850577336937,12.767196457928883,0.0,25,40,t=40,1.0
3,0.0,0.805,0.195,1223.2976952397862,17.983542687189022,0.0,25,40,t=40,1.0
4,0.0,0.765,0.235,1282.7221827065716,20.501134946851064,0.0,25,40,t=40,1.0
5,0.0,0.725,0.275,1354.1483368596075,23.415897215501566,0.0,25,40,t=40,1.0
6,0.0,0.685,0.315,1425.9554718888342,26.233640043429475,0.0,25,40,t=40,1.0
7,0.0,0.645,0.355,1549.4150496325483,30.838670361560176,0.0,25,40,t=40,1.0
8,0.0,0.61,0.39,1637.0194802868432,33.978856531248375,0.0,25,40,t=40,1.0
9,0.0,0.58,0.42,1710.3775310271578,37.05116612081366,0.0,25,40,t=40,1.0
10,0.0,0.55,0.45,1757.8398044442235,39.52084604193932,0.0,25,40,t=40,1.0
11,0.0,0.525,0.475,1777.8846583422987,40.76167176956736,0.0,25,40,t=40,1.0
12,0.0,0.505,0.495,1822.9425307211689,44.48618352511317,0.0,25,40,t=40,1.0
13,0.0,0.48,0.52,1844.5357165576504,48.08423858937628,0.0,25,40,t=40,1.0
14,0.0,0.465,0.535,1846.5059231499715,48.90036921170295,0.0,25,40,t=40,1.0
15,0.0,0.425,0.575,1844.780521584242,51.83506046046979,0.0,25,40,t=40,1.0
16,0.0,0.41,0.59,1840.4914097556925,52.939144826775326,0.0,25,40,t=40,1.0
17,0.0,0.39,0.61,1828.706317500476,54.85502993904749,0.0,25,40,t=40,1.0
18,0.0,0.365,0.635,1820.4225398258782,55.847175624890454,0.0,25,40,t=40,1.0
19,0.0,0.36,0.64,1818.5050716784783,56.05422649720471,0.0,25,40,t=40,1.0
20,0.0,0.335,0.665,1785.7040406128428,58.88769610518472,0.0,25,40,t=40,1.0
21,0.0,0.315,0.685,1747.5567802102532,61.32291931117226,0.0,25,40,t=40,1.0
22,0.0,0.285,0.715,1695.8610046498954,63.97062811626787,0.0,25,40,t=40,1.0
23,0.0,0.285,0.715,1695.8610046498954,63.97062811626787,0.0,25,40,t=40,1.0
24,0.0,0.275,0.725,1684.9825698346824,64.47055036740207,0.0,25,40,t=40,1.0
25,0.0,0.245,0.755,1605.8856724899847,67.68078371507366,0.0,25,40,t=40,1.0
26,0.0,0.23,0.77,1580.7512901869022,68.59618705790918,0.0,25,40,t=40,1.0
27,0.0,0.21,0.79,1539.8293073957989,69.99584496019052,0.0,25,40,t=40,1.0
28,0.0,0.195,0.805,1532.035554002193,70.25301373930444,0.0,25,40,t=40,1.0
29,0.0,0.185,0.815,1521.6807025008184,70.5879737074081,0.0,25,40,t=40,1.0
30,0.0,0.165,0.835,1473.002063554363,72.1022958131881,0.0,25,40,t=40,1.0
31,0.0,0.145,0.855,1422.6300784486175,73.57987075529317,0.0,25,40,t=40,1.0
32,0.0,0.14,0.86,1409.5452496504854,73.94984722866627,0.0,25,40,t=40,1.0
33,0.0,0.135,0.865,1390.1461068444412,74.49149929350779,0.0,25,40,t=40,1.0
34,0.0,0.125,0.875,1367.480788463055,75.1041774207855,0.0,25,40,t=40,1.0
35,0.0,0.125,0.875,1367.480788463055,75.1041774207855,0.0,25,40,t=40,1.0
36,0.0,0.125,0.875,1367.480788463055,75.1041774207855,0.0,25,40,t=40,1.0
37,0.0,0.125,0.875,1367.480788463055,75.1041774207855,0.0,25,40,t=40,1.0
38,0.0,0.12,0.88,1348.9920901631517,75.59829048476658,0.0,25,40,t=40,1.0
39,0.0,0.11,0.89,1331.6829602141959,76.05068209414213,0.0,25,40,t=40,1.0
40,0.0,0.105,0.895,1273.6088353134037,77.52896170508319,1.0,25,40,t=40,1.0
41,0.0,0.105,0.895,1273.6088353134037,77.52896170508319,1.0,25,40,t=40,1.0
42,0.0,0.105,0.895,1273.6088353134037,77.52896170508319,1.0,25,40,t=40,1.0
43,0.0,0.105,0.895,1273.6088353134037,77.52896170508319,1.0,25,40,t=40,1.0
44,0.0,0.105,0.895,1273.6088353134037,77.52896170508319,1.0,25,40,t=40,1.0
0,0.0,0.94,0.06,961.6404389933974,3.6391022368658703,0.0,25,60,t=60,1.0
1,0.0,0.89,0.11,1028.0219896857916,8.883029581540306,0.0,25,60,t=60,1.0
2,0.0,0.845,0.155,1106.850577336937,12.767196457928883,0.0,25,60,t=60,1.0
3,0.0,0.805,0.195,1223.2976952397862,17.983542687189022,0.0,25,60,t=60,1.0
4,0.0,0.765,0.235,1282.7221827065716,20.501134946851064,0.0,25,60,t=60,1.0
5,0.0,0.725,0.275,1354.1483368596075,23.415897215501566,0.0,25,60,t=60,1.0
6,0.0,0.685,0.315,1425.9554718888342,26.233640043429475,0.0,25,60,t=60,1.0
7,0.0,0.645,0.355,1549.4150496325483,30.838670361560176,0.0,25,60,t=60,1.0
8,0.0,0.61,0.39,1637.0194802868432,33.978856531248375,0.0,25,60,t=60,1.0
9,0.0,0.58,0.42,1710.3775310271578,37.05116612081366,0.0,25,60,t=60,1.0
10,0.0,0.55,0.45,1757.8398044442235,39.52084604193932,0.0,25,60,t=60,1.0
11,0.0,0.525,0.475,1777.8846583422987,40.76167176956736,0.0,25,60,t=60,1.0
12,0.0,0.505,0.495,1822.9425307211689,44.48618352511317,0.0,25,60,t=60,1.0
13,0.0,0.48,0.52,1844.5357165576504,48.08423858937628,0.0,25,60,t=60,1.0
14,0.0,0.465,0.535,1846.5059231499715,48.90036921170295,0.0,25,60,t=60,1.0
15,0.0,0.425,0.575,1844.780521584242,51.83506046046979,0.0,25,60,t=60,1.0
16,0.0,0.41,0.59,1840.4914097556925,52.939144826775326,0.0,25,60,t=60,1.0
17,0.0,0.39,0.61,1828.706317500476,54.85502993904749,0.0,25,60,t=60,1.0
18,0.0,0.365,0.635,1820.4225398258782,55.847175624890454,0.0,25,60,t=60,1.0
19,0.0,0.36,0.64,1818.5050716784783,56.05422649720471,0.0,25,60,t=60,1.0
20,0.0,0.335,0.665,1785.7040406128428,58.88769610518472,0.0,25,60,t=60,1.0
21,0.0,0.315,0.685,1747.5567802102532,61.32291931117226,0.0,25,60,t=60,1.0
22,0.0,0.285,0.715,1695.8610046498954,63.97062811626787,0.0,25,60,t=60,1.0
23,0.0,0.285,0.715,1695.8610046498954,63.97062811626787,0.0,25,60,t=60,1.0
24,0.0,0.275,0.725,1684.9825698346824,64.47055036740207,0.0,25,60,t=60,1.0
25,0.0,0.245,0.755,1605.8856724899847,67.68078371507366,0.0,25,60,t=60,1.0
26,0.0,0.23,0.77,1580.7512901869022,68.59618705790918,0.0,25,60,t=60,1.0
27,0.0,0.21,0.79,1539.8293073957989,69.99584496019052,0.0,25,60,t=60,1.0
28,0.0,0.195,0.805,1532.035554002193,70.25301373930444,0.0,25,60,t=60,1.0
29,0.0,0.185,0.815,1521.6807025008184,70.5879737074081,0.0,25,60,t=60,1.0
30,0.0,0.165,0.835,1473.002063554363,72.1022958131881,0.0,25,60,t=60,1.0
31,0.0,0.145,0.855,1422.6300784486175,73.57987075529317,0.0,25,60,t=60,1.0
32,0.0,0.14,0.86,1409.5452496504854,73.94984722866627,0.0,25,60,t=60,1.0
33,0.0,0.135,0.865,1390.1461068444412,74.49149929350779,0.0,25,60,t=60,1.0
34,0.0,0.125,0.875,1367.480788463055,75.1041774207855,0.0,25,60,t=60,1.0
35,0.0,0.125,0.875,1367.480788463055,75.1041774207855,0.0,25,60,t=60,1.0
36,0.0,0.125,0.875,1367.480788463055,75.1041774207855,0.0,25,60,t=60,1.0
37,0.0,0.125,0.875,1367.480788463055,75.1041774207855,0.0,25,60,t=60,1.0
38,0.0,0.12,0.88,1348.9920901631517,75.59829048476658,0.0,25,60,t=60,1.0
39,0.0,0.11,0.89,1331.6829602141959,76.05068209414213,0.0,25,60,t=60,1.0
40,0.0,0.105,0.895,1273.6088353134037,77.52896170508319,0.0,25,60,t=60,1.0
41,0.0,0.095,0.905,1246.0584168850478,78.20500647070071,0.0,25,60,t=60,1.0
42,0.0,0.09,0.91,1242.8062138183445,78.28342609938812,0.0,25,60,t=60,1.0
43,0.0,0.09,0.91,1242.8062138183445,78.28342609938812,0.0,25,60,t=60,1.0
44,0.0,0.085,0.915,1223.784172191576,78.7389135432812,0.0,25,60,t=60,1.0
45,0.0,0.085,0.915,1223.784172191576,78.7389135432812,0.0,25,60,t=60,1.0
46,0.0,0.085,0.915,1223.784172191576,78.7389135432812,0.0,25,60,t=60,1.0
47,0.0,0.075,0.925,1199.7808921941978,79.3043350479551,0.0,25,60,t=60,1.0
48,0.0,0.075,0.925,1199.7808921941978,79.3043350479551,0.0,25,60,t=60,1.0
49,0.0,0.075,0.925,1199.7808921941978,79.3043350479551,0.0,25,60,t=60,1.0
50,0.0,0.065,0.935,1173.1648296507142,79.9207848152591,0.0,25,60,t=60,1.0
51,0.0,0.06,0.94,1164.7129825231918,80.11362382502114,0.0,25,60,t=60,1.0
52,0.0,0.06,0.94,1164.7129825231918,80.11362382502114,0.0,25,60,t=60,1.0
53,0.0,0.06,0.94,1164.7129825231918,80.11362382502114,0.0,25,60,t=60,1.0
54,0.0,0.055,0.945,1155.2624853707948,80.32961291862341,0.0,25,60,t=60,1.0
55,0.0,0.055,0.945,1155.2624853707948,80.32961291862341,0.0,25,60,t=60,1.0
56,0.0,0.05,0.95,1128.3032480582556,80.93878455858913,0.0,25,60,t=60,1.0
57,0.0,0.045,0.955,1127.1979710956994,80.96359600128956,0.0,25,60,t=60,1.0
58,0.0,0.045,0.955,1127.1979710956994,80.96359600128956,0.0,25,60,t=60,1.0
59,0.0,0.04,0.96,1121.5033281410747,81.09104550110035,0.0,25,60,t=60,1.0
60,0.0,0.04,0.96,1121.5033281410747,81.09104550110035,1.0,25,60,t=60,1.0
61,0.0,0.04,0.96,1121.5033281410747,81.09104550110035,1.0,25,60,t=60,1.0
62,0.0,0.04,0.96,1121.5033281410747,81.09104550110035,1.0,25,60,t=60,1.0
63,0.0,0.04,0.96,1121.5033281410747,81.09104550110035,1.0,25,60,t=60,1.0
0,0.0,0.94,0.06,961.6404389933974,3.6391022368658703,0.0,25,80,t=80,1.0
1,0.0,0.89,0.11,1028.0219896857916,8.883029581540306,0.0,25,80,t=80,1.0
2,0.0,0.845,0.155,1106.850577336937,12.767196457928883,0.0,25,80,t=80,1.0
3,0.0,0.805,0.195,1223.2976952397862,17.983542687189022,0.0,25,80,t=80,1.0
4,0.0,0.765,0.235,1282.7221827065716,20.501134946851064,0.0,25,80,t=80,1.0
5,0.0,0.725,0.275,1354.1483368596075,23.415897215501566,0.0,25,80,t=80,1.0
6,0.0,0.685,0.315,1425.9554718888342,26.233640043429475,0.0,25,80,t=80,1.0
7,0.0,0.645,0.355,1549.4150496325483,30.838670361560176,0.0,25,80,t=80,1.0
8,0.0,0.61,0.39,1637.0194802868432,33.978856531248375,0.0,25,80,t=80,1.0
9,0.0,0.58,0.42,1710.3775310271578,37.05116612081366,0.0,25,80,t=80,1.0
10,0.0,0.55,0.45,1757.8398044442235,39.52084604193932,0.0,25,80,t=80,1.0
11,0.0,0.525,0.475,1777.8846583422987,40.76167176956736,0.0,25,80,t=80,1.0
12,0.0,0.505,0.495,1822.9425307211689,44.48618352511317,0.0,25,80,t=80,1.0
13,0.0,0.48,0.52,1844.5357165576504,48.08423858937628,0.0,25,80,t=80,1.0
14,0.0,0.465,0.535,1846.5059231499715,48.90036921170295,0.0,25,80,t=80,1.0
15,0.0,0.425,0.575,1844.780521584242,51.83506046046979,0.0,25,80,t=80,1.0
16,0.0,0.41,0.59,1840.4914097556925,52.939144826775326,0.0,25,80,t=80,1.0
17,0.0,0.39,0.61,1828.706317500476,54.85502993904749,0.0,25,80,t=80,1.0
18,0.0,0.365,0.635,1820.4225398258782,55.847175624890454,0.0,25,80,t=80,1.0
19,0.0,0.36,0.64,1818.5050716784783,56.05422649720471,0.0,25,80,t=80,1.0
20,0.0,0.335,0.665,1785.7040406128428,58.88769610518472,0.0,25,80,t=80,1.0
21,0.0,0.315,0.685,1747.5567802102532,61.32291931117226,0.0,25,80,t=80,1.0
22,0.0,0.285,0.715,1695.8610046498954,63.97062811626787,0.0,25,80,t=80,1.0
23,0.0,0.285,0.715,1695.8610046498954,63.97062811626787,0.0,25,80,t=80,1.0
24,0.0,0.275,0.725,1684.9825698346824,64.47055036740207,0.0,25,80,t=80,1.0
25,0.0,0.245,0.755,1605.8856724899847,67.68078371507366,0.0,25,80,t=80,1.0
26,0.0,0.23,0.77,1580.7512901869022,68.59618705790918,0.0,25,80,t=80,1.0
27,0.0,0.21,0.79,1539.8293073957989,69.99584496019052,0.0,25,80,t=80,1.0
28,0.0,0.195,0.805,1532.035554002193,70.25301373930444,0.0,25,80,t=80,1.0
29,0.0,0.185,0.815,1521.6807025008184,70.5879737074081,0.0,25,80,t=80,1.0
30,0.0,0.165,0.835,1473.002063554363,72.1022958131881,0.0,25,80,t=80,1.0
31,0.0,0.145,0.855,1422.6300784486175,73.57987075529317,0.0,25,80,t=80,1.0
32,0.0,0.14,0.86,1409.5452496504854,73.94984722866627,0.0,25,80,t=80,1.0
33,0.0,0.135,0.865,1390.1461068444412,74.49149929350779,0.0,25,80,t=80,1.0
34,0.0,0.125,0.875,1367.480788463055,75.1041774207855,0.0,25,80,t=80,1.0
35,0.0,0.125,0.875,1367.480788463055,75.1041774207855,0.0,25,80,t=80,1.0
36,0.0,0.125,0.875,1367.480788463055,75.1041774207855,0.0,25,80,t=80,1.0
37,0.0,0.125,0.875,1367.480788463055,75.1041774207855,0.0,25,80,t=80,1.0
38,0.0,0.12,0.88,1348.9920901631517,75.59829048476658,0.0,25,80,t=80,1.0
39,0.0,0.11,0.89,1331.6829602141959,76.05068209414213,0.0,25,80,t=80,1.0
40,0.0,0.105,0.895,1273.6088353134037,77.52896170508319,0.0,25,80,t=80,1.0
41,0.0,0.095,0.905,1246.0584168850478,78.20500647070071,0.0,25,80,t=80,1.0
42,0.0,0.09,0.91,1242.8062138183445,78.28342609938812,0.0,25,80,t=80,1.0
43,0.0,0.09,0.91,1242.8062138183445,78.28342609938812,0.0,25,80,t=80,1.0
44,0.0,0.085,0.915,1223.784172191576,78.7389135432812,0.0,25,80,t=80,1.0
45,0.0,0.085,0.915,1223.784172191576,78.7389135432812,0.0,25,80,t=80,1.0
46,0.0,0.085,0.915,1223.784172191576,78.7389135432812,0.0,25,80,t=80,1.0
47,0.0,0.075,0.925,1199.7808921941978,79.3043350479551,0.0,25,80,t=80,1.0
48,0.0,0.075,0.925,1199.7808921941978,79.3043350479551,0.0,25,80,t=80,1.0
49,0.0,0.075,0.925,1199.7808921941978,79.3043350479551,0.0,25,80,t=80,1.0
50,0.0,0.065,0.935,1173.1648296507142,79.9207848152591,0.0,25,80,t=80,1.0
51,0.0,0.06,0.94,1164.7129825231918,80.11362382502114,0.0,25,80,t=80,1.0
52,0.0,0.06,0.94,1164.7129825231918,80.11362382502114,0.0,25,80,t=80,1.0
53,0.0,0.06,0.94,1164.7129825231918,80.11362382502114,0.0,25,80,t=80,1.0
54,0.0,0.055,0.945,1155.2624853707948,80.32961291862341,0.0,25,80,t=80,1.0
55,0.0,0.055,0.945,1155.2624853707948,80.32961291862341,0.0,25,80,t=80,1.0
56,0.0,0.05,0.95,1128.3032480582556,80.93878455858913,0.0,25,80,t=80,1.0
57,0.0,0.045,0.955,1127.1979710956994,80.96359600128956,0.0,25,80,t=80,1.0
58,0.0,0.045,0.955,1127.1979710956994,80.96359600128956,0.0,25,80,t=80,1.0
59,0.0,0.04,0.96,1121.5033281410747,81.09104550110035,0.0,25,80,t=80,1.0
60,0.0,0.04,0.96,1121.5033281410747,81.09104550110035,0.0,25,80,t=80,1.0
61,0.0,0.04,0.96,1121.5033281410747,81.09104550110035,0.0,25,80,t=80,1.0
62,0.0,0.04,0.96,1121.5033281410747,81.09104550110035,0.0,25,80,t=80,1.0
63,0.0,0.04,0.96,1121.5033281410747,81.09104550110035,0.0,25,80,t=80,1.0
64,0.0,0.035,0.965,1117.250000967214,81.18556523018795,0.0,25,80,t=80,1.0
65,0.0,0.035,0.965,1117.250000967214,81.18556523018795,0.0,25,80,t=80,1.0
66,0.0,0.035,0.965,1117.250000967214,81.18556523018795,0.0,25,80,t=80,1.0
67,0.0,0.035,0.965,1117.250000967214,81.18556523018795,0.0,25,80,t=80,1.0
68,0.0,0.035,0.965,1117.250000967214,81.18556523018795,0.0,25,80,t=80,1.0
69,0.0,0.035,0.965,1117.250000967214,81.18556523018795,0.0,25,80,t=80,1.0
70,0.0,0.035,0.965,1117.250000967214,81.18556523018795,0.0,25,80,t=80,1.0
71,0.0,0.035,0.965,1117.250000967214,81.18556523018795,0.0,25,80,t=80,1.0
72,0.0,0.035,0.965,1117.250000967214,81.18556523018795,0.0,25,80,t=80,1.0
73,0.0,0.03,0.97,1089.8798315768122,81.7903685823871,0.0,25,80,t=80,1.0
74,0.0,0.025,0.975,1069.335667852913,82.23721249578132,0.0,25,80,t=80,1.0
75,0.0,0.025,0.975,1069.335667852913,82.23721249578132,0.0,25,80,t=80,1.0
76,0.0,0.025,0.975,1069.335667852913,82.23721249578132,0.0,25,80,t=80,1.0
77,0.0,0.025,0.975,1069.335667852913,82.23721249578132,0.0,25,80,t=80,1.0
78,0.0,0.025,0.975,1069.335667852913,82.23721249578132,0.0,25,80,t=80,1.0
79,0.0,0.02,0.98,1061.7233270896036,82.40148334190185,0.0,25,80,t=80,1.0
80,0.0,0.02,0.98,1061.7233270896036,82.40148334190185,1.0,25,80,t=80,1.0
81,0.0,0.02,0.98,1061.7233270896036,82.40148334190185,1.0,25,80,t=80,1.0
82,0.0,0.02,0.98,1061.7233270896036,82.40148334190185,1.0,25,80,t=80,1.0
83,0.0,0.02,0.98,1061.7233270896036,82.40148334190185,1.0,25,80,t=80,1.0
0,0.0,0.94,0.06,867.3600365373961,5.335363051260898,0.0,26,-1,never,1.0
1,0.0,0.895,0.105,945.8755617648405,9.876496739757563,0.0,26,-1,never,1.0
2,0.0,0.85,0.15,1051.2038100650725,14.752688944522667,0.0,26,-1,never,1.0
3,0.0,0.805,0.195,1137.6803150664914,18.472707919707688,0.0,26,-1,never,1.0
4,0.0,0.765,0.235,1238.4038748796233,22.556394104320077,0.0,26,-1,never,1.0
5,0.0,0.72,0.28,1339.3094130011225,26.427125169932182,0.0,26,-1,never,1.0
6,0.0,0.69,0.31,1438.8562683371572,30.040538277381206,0.0,26,-1,never,1.0
7,0.0,0.665,0.335,1521.0376769709635,32.88888148651192,0.0,26,-1,never,1.0
8,0.0,0.64,0.36,1594.7923321285546,35.35938278078545,0.0,26,-1,never,1.0
9,0.0,0.605,0.395,1642.1881737452184,37.05747804313435,0.0,26,-1,never,1.0
10,0.0,0.585,0.415,1709.0594737842414,39.809446973369965,0.0,26,-1,never,1.0
11,0.0,0.55,0.45,1769.5727905748279,42.923439799332726,0.0,26,-1,never,1.0
12,0.0,0.52,0.48,1810.2372203646023,45.70712318694271,0.0,26,-1,never,1.0
13,0.0,0.495,0.505,1827.5421031651092,47.23834354987419,0.0,26,-1,never,1.0
14,0.0,0.465,0.535,1844.8267420266184,49.28090965398903,0.0,26,-1,never,1.0
15,0.0,0.445,0.555,1850.7884265821667,50.24864403970995,0.0,26,-1,never,1.0
16,0.0,0.425,0.575,1856.7500096622193,51.64538125528053,0.0,26,-1,never,1.0
17,0.0,0.41,0.59,1859.9755924822837,53.58733586211944,0.0,26,-1,never,1.0
18,0.0,0.385,0.615,1859.308187357598,54.649144190798026,0.0,26,-1,never,1.0
19,0.0,0.345,0.655,1839.2981163231661,58.93602684057504,0.0,26,-1,never,1.0
20,0.0,0.325,0.675,1827.0977451823223,60.301143160669966,0.0,26,-1,never,1.0
21,0.0,0.305,0.695,1809.3614018240607,61.91415691163749,0.0,26,-1,never,1.0
22,0.0,0.3,0.7,1806.7590626220513,62.12326267465354,0.0,26,-1,never,1.0
23,0.0,0.285,0.715,1799.1367885678465,62.71662390245427,0.0,26,-1,never,1.0
24,0.0,0.28,0.72,1796.6008025230738,62.90712564995302,0.0,26,-1,never,1.0
25,0.0,0.275,0.725,1795.7873714196758,62.96715153751583,0.0,26,-1,never,1.0
26,0.0,0.26,0.74,1784.5819370978857,63.759477506290374,0.0,26,-1,never,1.0
27,0.0,0.235,0.765,1752.7634278508274,65.72850611687903,0.0,26,-1,never,1.0
28,0.0,0.21,0.79,1717.7862129331356,67.57921471055307,0.0,26,-1,never,1.0
29,0.0,0.19,0.81,1637.5537646772573,71.12788883137961,0.0,26,-1,never,1.0
30,0.0,0.175,0.825,1624.8325102705526,71.62864233230795,0.0,26,-1,never,1.0
31,0.0,0.165,0.835,1616.1884536359928,71.96454358278908,0.0,26,-1,never,1.0
32,0.0,0.155,0.845,1591.7891684784995,72.87803946653283,0.0,26,-1,never,1.0
33,0.0,0.15,0.85,1581.5192085642236,73.24998923628331,0.0,26,-1,never,1.0
34,0.0,0.145,0.855,1575.0486953222228,73.48241757024294,0.0,26,-1,never,1.0
35,0.0,0.13,0.87,1548.4145288948814,74.41165758692411,0.0,26,-1,never,1.0
36,0.0,0.125,0.875,1510.056723001191,75.69815453508957,0.0,26,-1,never,1.0
37,0.0,0.125,0.875,1510.056723001191,75.69815453508957,0.0,26,-1,never,1.0
38,0.0,0.12,0.88,1505.9762513381427,75.83037726706198,0.0,26,-1,never,1.0
39,0.0,0.12,0.88,1505.9762513381427,75.83037726706198,0.0,26,-1,never,1.0
40,0.0,0.105,0.895,1483.4287573799675,76.54872179627739,0.0,26,-1,never,1.0
41,0.0,0.095,0.905,1408.419376140058,78.79528985239719,0.0,26,-1,never,1.0
42,0.0,0.095,0.905,1408.419376140058,78.79528985239719,0.0,26,-1,never,1.0
43,0.0,0.085,0.915,1393.8368867431805,79.21307194813846,0.0,26,-1,never,1.0
44,0.0,0.085,0.915,1393.8368867431805,79.21307194813846,0.0,26,-1,never,1.0
45,0.0,0.08,0.92,1367.9284087650917,79.94545620512375,0.0,26,-1,never,1.0
46,0.0,0.08,0.92,1367.9284087650917,79.94545620512375,0.0,26,-1,never,1.0
47,0.0,0.08,0.92,1367.9284087650917,79.94545620512375,0.0,26,-1,never,1.0
48,0.0,0.08,0.92,1367.9284087650917,79.94545620512375,0.0,26,-1,never,1.0
49,0.0,0.07,0.93,1335.958741866535,80.81774795912585,0.0,26,-1,never,1.0
50,0.0,0.065,0.935,1322.373126550358,81.18409829291579,0.0,26,-1,never,1.0
51,0.0,0.065,0.935,1322.373126550358,81.18409829291579,0.0,26,-1,never,1.0
52,0.0,0.065,0.935,1322.373126550358,81.18409829291579,0.0,26,-1,never,1.0
53,0.0,0.06,0.94,1311.630438672366,81.46775969090115,0.0,26,-1,never,1.0
54,0.0,0.06,0.94,1311.630438672366,81.46775969090115,0.0,26,-1,never,1.0
55,0.0,0.06,0.94,1311.630438672366,81.46775969090115,0.0,26,-1,never,1.0
56,0.0,0.06,0.94,1311.630438672366,81.46775969090115,0.0,26,-1,never,1.0
57,0.0,0.06,0.94,1311.630438672366,81.46775969090115,0.0,26,-1,never,1.0
0,0.0,0.94,0.06,867.3600365373961,5.335363051260898,1.0,26,0,t=0,1.0
1,0.0,0.895,0.105,945.8755617648405,9.876496739757563,1.0,26,0,t=0,1.0
2,0.0,0.85,0.15,1051.2038100650725,14.752688944522667,1.0,26,0,t=0,1.0
3,0.0,0.805,0.195,1137.6803150664914,18.472707919707688,1.0,26,0,t=0,1.0
4,0.0,0.765,0.235,1238.4038748796233,22.556394104320077,1.0,26,0,t=0,1.0
5,0.0,0.72,0.28,1339.3094130011225,26.427125169932182,1.0,26,0,t=0,1.0
6,0.0,0.69,0.31,1438.8562683371572,30.040538277381206,1.0,26,0,t=0,1.0
7,0.0,0.665,0.335,1521.0376769709635,32.88888148651192,1.0,26,0,t=0,1.0
8,0.0,0.665,0.335,1521.0376769709635,32.88888148651192,1.0,26,0,t=0,1.0
9,0.0,0.63,0.37,1572.3944524859605,34.61054951103331,1.0,26,0,t=0,1.0
10,0.0,0.63,0.37,1572.3944524859605,34.61054951103331,1.0,26,0,t=0,1.0
11,0.0,0.63,0.37,1572.3944524859605,34.61054951103331,1.0,26,0,t=0,1.0
12,0.0,0.63,0.37,1572.3944524859605,34.61054951103331,1.0,26,0,t=0,1.0
13,0.0,0.63,0.37,1572.3944524859605,34.61054951103331,1.0,26,0,t=0,1.0
0,0.0,0.94,0.06,867.3600365373961,5.335363051260898,0.0,26,10,t=10,1.0
1,0.0,0.895,0.105,945.8755617648405,9.876496739757563,0.0,26,10,t=10,1.0
2,0.0,0.85,0.15,1051.2038100650725,14.752688944522667,0.0,26,10,t=10,1.0
3,0.0,0.805,0.195,1137.6803150664914,18.472707919707688,0.0,26,10,t=10,1.0
4,0.0,0.765,0.235,1238.4038748796233,22.556394104320077,0.0,26,10,t=10,1.0
5,0.0,0.72,0.28,1339.3094130011225,26.427125169932182,0.0,26,10,t=10,1.0
6,0.0,0.69,0.31,1438.8562683371572,30.040538277381206,0.0,26,10,t=10,1.0
7,0.0,0.665,0.335,1521.0376769709635,32.88888148651192,0.0,26,10,t=10,1.0
8,0.0,0.64,0.36,1594.7923321285546,35.35938278078545,0.0,26,10,t=10,1.0
9,0.0,0.605,0.395,1642.1881737452184,37.05747804313435,0.0,26,10,t=10,1.0
10,0.0,0.585,0.415,1709.0594737842414,39.809446973369965,1.0,26,10,t=10,1.0
11,0.0,0.585,0.415,1709.0594737842414,39.809446973369965,1.0,26,10,t=10,1.0
12,0.0,0.585,0.415,1709.0594737842414,39.809446973369965,1.0,26,10,t=10,1.0
13,0.0,0.585,0.415,1709.0594737842414,39.809446973369965,1.0,26,10,t=10,1.0
14,0.0,0.585,0.415,1709.0594737842414,39.809446973369965,1.0,26,10,t=10,1.0
0,0.0,0.94,0.06,867.3600365373961,5.335363051260898,0.0,26,20,t=20,1.0
1,0.0,0.895,0.105,945.8755617648405,9.876496739757563,0.0,26,20,t=20,1.0
2,0.0,0.85,0.15,1051.2038100650725,14.752688944522667,0.0,26,20,t=20,1.0
3,0.0,0.805,0.195,1137.6803150664914,18.472707919707688,0.0,26,20,t=20,1.0
4,0.0,0.765,0.235,1238.4038748796233,22.556394104320077,0.0,26,20,t=20,1.0
5,0.0,0.72,0.28,1339.3094130011225,26.427125169932182,0.0,26,20,t=20,1.0
6,0.0,0.69,0.31,1438.8562683371572,30.040538277381206,0.0,26,20,t=20,1.0
7,0.0,0.665,0.335,1521.0376769709635,32.88888148651192,0.0,26,20,t=20,1.0
8,0.0,0.64,0.36,1594.7923321285546,35.35938278078545,0.0,26,20,t=20,1.0
9,0.0,0.605,0.395,1642.1881737452184,37.05747804313435,0.0,26,20,t=20,1.0
10,0.0,0.585,0.415,1709.0594737842414,39.809446973369965,0.0,26,20,t=20,1.0
11,0.0,0.55,0.45,1769.5727905748279,42.923439799332726,0.0,26,20,t=20,1.0
12,0.0,0.52,0.48,1810.2372203646023,45.70712318694271,0.0,26,20,t=20,1.0
13,0.0,0.495,0.505,1827.5421031651092,47.23834354987419,0.0,26,20,t=20,1.0
14,0.0,0.465,0.535,1844.8267420266184,49.28090965398903,0.0,26,20,t=20,1.0
15,0.0,0.445,0.555,1850.7884265821667,50.24864403970995,0.0,26,20,t=20,1.0
16,0.0,0.425,0.575,1856.7500096622193,51.64538125528053,0.0,26,20,t=20,1.0
17,0.0,0.41,0.59,1859.9755924822837,53.58733586211944,0.0,26,20,t=20,1.0
18,0.0,0.385,0.615,1859.308187357598,54.649144190798026,0.0,26,20,t=20,1.0
19,0.0,0.345,0.655,1839.2981163231661,58.93602684057504,0.0,26,20,t=20,1.0
20,0.0,0.325,0.675,1827.0977451823223,60.301143160669966,1.0,26,20,t=20,1.0
21,0.0,0.325,0.675,1827.0977451823223,60.301143160669966,1.0,26,20,t=20,1.0
22,0.0,0.325,0.675,1827.0977451823223,60.301143160669966,1.0,26,20,t=20,1.0
23,0.0,0.325,0.675,1827.0977451823223,60.301143160669966,1.0,26,20,t=20,1.0
24,0.0,0.325,0.675,1827.0977451823223,60.301143160669966,1.0,26,20,t=20,1.0
0,0.0,0.94,0.06,867.3600365373961,5.335363051260898,0.0,26,40,t=40,1.0
1,0.0,0.895,0.105,945.8755617648405,9.876496739757563,0.0,26,40,t=40,1.0
2,0.0,0.85,0.15,1051.2038100650725,14.752688944522667,0.0,26,40,t=40,1.0
3,0.0,0.805,0.195,1137.6803150664914,18.472707919707688,0.0,26,40,t=40,1.0
4,0.0,0.765,0.235,1238.4038748796233,22.556394104320077,0.0,26,40,t=40,1.0
5,0.0,0.72,0.28,1339.3094130011225,26.427125169932182,0.0,26,40,t=40,1.0
6,0.0,0.69,0.31,1438.8562683371572,30.040538277381206,0.0,26,40,t=40,1.0
7,0.0,0.665,0.335,1521.0376769709635,32.88888148651192,0.0,26,40,t=40,1.0
8,0.0,0.64,0.36,1594.7923321285546,35.35938278078545,0.0,26,40,t=40,1.0
9,0.0,0.605,0.395,1642.1881737452184,37.05747804313435,0.0,26,40,t=40,1.0
10,0.0,0.585,0.415,1709.0594737842414,39.809446973369965,0.0,26,40,t=40,1.0
11,0.0,0.55,0.45,1769.5727905748279,42.923439799332726,0.0,26,40,t=40,1.0
12,0.0,0.52,0.48,1810.2372203646023,45.70712318694271,0.0,26,40,t=40,1.0
13,0.0,0.495,0.505,1827.5421031651092,47.23834354987419,0.0,26,40,t=40,1.0
14,0.0,0.465,0.535,1844.8267420266184,49.28090965398903,0.0,26,40,t=40,1.0
15,0.0,0.445,0.555,1850.7884265821667,50.24864403970995,0.0,26,40,t=40,1.0
16,0.0,0.425,0.575,1856.7500096622193,51.64538125528053,0.0,26,40,t=40,1.0
17,0.0,0.41,0.59,1859.9755924822837,53.58733586211944,0.0,26,40,t=40,1.0
18,0.0,0.385,0.615,1859.308187357598,54.649144190798026,0.0,26,40,t=40,1.0
19,0.0,0.345,0.655,1839.2981163231661,58.93602684057504,0.0,26,40,t=40,1.0
20,0.0,0.325,0.675,1827.0977451823223,60.301143160669966,0.0,26,40,t=40,1.0
21,0.0,0.305,0.695,1809.3614018240607,61.91415691163749,0.0,26,40,t=40,1.0
22,0.0,0.3,0.7,1806.7590626220513,62.12326267465354,0.0,26,40,t=40,1.0
23,0.0,0.285,0.715,1799.1367885678465,62.71662390245427,0.0,26,40,t=40,1.0
24,0.0,0.28,0.72,1796.6008025230738,62.90712564995302,0.0,26,40,t=40,1.0
25,0.0,0.275,0.725,1795.7873714196758,62.96715153751583,0.0,26,40,t=40,1.0
26,0.0,0.26,0.74,1784.5819370978857,63.759477506290374,0.0,26,40,t=40,1.0
27,0.0,0.235,0.765,1752.7634278508274,65.72850611687903,0.0,26,40,t=40,1.0
28,0.0,0.21,0.79,1717.7862129331356,67.57921471055307,0.0,26,40,t=40,1.0
29,0.0,0.19,0.81,1637.5537646772573,71.12788883137961,0.0,26,40,t=40,1.0
30,0.0,0.175,0.825,1624.8325102705526,71.62864233230795,0.0,26,40,t=40,1.0
31,0.0,0.165,0.835,1616.1884536359928,71.96454358278908,0.0,26,40,t=40,1.0
32,0.0,0.155,0.845,1591.7891684784995,72.87803946653283,0.0,26,40,t=40,1.0
33,0.0,0.15,0.85,1581.5192085642236,73.24998923628331,0.0,26,40,t=40,1.0
34,0.0,0.145,0.855,1575.0486953222228,73.48241757024294,0.0,26,40,t=40,1.0
35,0.0,0.13,0.87,1548.4145288948814,74.41165758692411,0.0,26,40,t=40,1.0
36,0.0,0.125,0.875,1510.056723001191,75.69815453508957,0.0,26,40,t=40,1.0
37,0.0,0.125,0.875,1510.056723001191,75.69815453508957,0.0,26,40,t=40,1.0
38,0.0,0.12,0.88,1505.9762513381427,75.83037726706198,0.0,26,40,t=40,1.0
39,0.0,0.12,0.88,1505.9762513381427,75.83037726706198,0.0,26,40,t=40,1.0
40,0.0,0.105,0.895,1483.4287573799675,76.54872179627739,1.0,26,40,t=40,1.0
41,0.0,0.105,0.895,1483.4287573799675,76.54872179627739,1.0,26,40,t=40,1.0
42,0.0,0.105,0.895,1483.4287573799675,76.54872179627739,1.0,26,40,t=40,1.0
43,0.0,0.105,0.895,1483.4287573799675,76.54872179627739,1.0,26,40,t=40,1.0
44,0.0,0.105,0.895,1483.4287573799675,76.54872179627739,1.0,26,40,t=40,1.0
0,0.0,0.94,0.06,867.3600365373961,5.335363051260898,0.0,26,60,t=60,1.0
1,0.0,0.895,0.105,945.8755617648405,9.876496739757563,0.0,26,60,t=60,1.0
2,0.0,0.85,0.15,1051.2038100650725,14.752688944522667,0.0,26,60,t=60,1.0
3,0.0,0.805,0.195,1137.6803150664914,18.472707919707688,0.0,26,60,t=60,1.0
4,0.0,0.765,0.235,1238.4038748796233,22.556394104320077,0.0,26,60,t=60,1.0
5,0.0,0.72,0.28,1339.3094130011225,26.427125169932182,0.0,26,60,t=60,1.0
6,0.0,0.69,0.31,1438.8562683371572,30.040538277381206,0.0,26,60,t=60,1.0
7,0.0,0.665,0.335,1521.0376769709635,32.88888148651192,0.0,26,60,t=60,1.0
8,0.0,0.64,0.36,1594.7923321285546,35.35938278078545,0.0,26,60,t=60,1.0
9,0.0,0.605,0.395,1642.1881737452184,37.05747804313435,0.0,26,60,t=60,1.0
10,0.0,0.585,0.415,1709.0594737842414,39.809446973369965,0.0,26,60,t=60,1.0
11,0.0,0.55,0.45,1769.5727905748279,42.923439799332726,0.0,26,60,t=60,1.0
12,0.0,0.52,0.48,1810.2372203646023,45.70712318694271,0.0,26,60,t=60,1.0
13,0.0,0.495,0.505,1827.5421031651092,47.23834354987419,0.0,26,60,t=60,1.0
14,0.0,0.465,0.535,1844.8267420266184,49.28090965398903,0.0,26,60,t=60,1.0
15,0.0,0.445,0.555,1850.7884265821667,50.24864403970995,0.0,26,60,t=60,1.0
16,0.0,0.425,0.575,1856.7500096622193,51.64538125528053,0.0,26,60,t=60,1.0
17,0.0,0.41,0.59,1859.9755924822837,53.58733586211944,0.0,26,60,t=60,1.0
18,0.0,0.385,0.615,1859.308187357598,54.649144190798026,0.0,26,60,t=60,1.0
19,0.0,0.345,0.655,1839.2981163231661,58.93602684057504,0.0,26,60,t=60,1.0
20,0.0,0.325,0.675,1827.0977451823223,60.301143160669966,0.0,26,60,t=60,1.0
21,0.0,0.305,0.695,1809.3614018240607,61.91415691163749,0.0,26,60,t=60,1.0
22,0.0,0.3,0.7,1806.7590626220513,62.12326267465354,0.0,26,60,t=60,1.0
23,0.0,0.285,0.715,1799.1367885678465,62.71662390245427,0.0,26,60,t=60,1.0
24,0.0,0.28,0.72,1796.6008025230738,62.90712564995302,0.0,26,60,t=60,1.0
25,0.0,0.275,0.725,1795.7873714196758,62.96715153751583,0.0,26,60,t=60,1.0
26,0.0,0.26,0.74,1784.5819370978857,63.759477506290374,0.0,26,60,t=60,1.0
27,0.0,0.235,0.765,1752.7634278508274,65.72850611687903,0.0,26,60,t=60,1.0
28,0.0,0.21,0.79,1717.7862129331356,67.57921471055307,0.0,26,60,t=60,1.0
29,0.0,0.19,0.81,1637.5537646772573,71.12788883137961,0.0,26,60,t=60,1.0
30,0.0,0.175,0.825,1624.8325102705526,71.62864233230795,0.0,26,60,t=60,1.0
31,0.0,0.165,0.835,1616.1884536359928,71.96454358278908,0.0,26,60,t=60,1.0
32,0.0,0.155,0.845,1591.7891684784995,72.87803946653283,0.0,26,60,t=60,1.0
33,0.0,0.15,0.85,1581.5192085642236,73.24998923628331,0.0,26,60,t=60,1.0
34,0.0,0.145,0.855,1575.0486953222228,73.48241757024294,0.0,26,60,t=60,1.0
35,0.0,0.13,0.87,1548.4145288948814,74.41165758692411,0.0,26,60,t=60,1.0
36,0.0,0.125,0.875,1510.056723001191,75.69815453508957,0.0,26,60,t=60,1.0
37,0.0,0.125,0.875,1510.056723001191,75.69815453508957,0.0,26,60,t=60,1.0
38,0.0,0.12,0.88,1505.9762513381427,75.83037726706198,0.0,26,60,t=60,1.0
39,0.0,0.12,0.88,1505.9762513381427,75.83037726706198,0.0,26,60,t=60,1.0
40,0.0,0.105,0.895,1483.4287573799675,76.54872179627739,0.0,26,60,t=60,1.0
41,0.0,0.095,0.905,1408.419376140058,78.79528985239719,0.0,26,60,t=60,1.0
42,0.0,0.095,0.905,1408.419376140058,78.79528985239719,0.0,26,60,t=60,1.0
43,0.0,0.085,0.915,1393.8368867431805,79.21307194813846,0.0,26,60,t=60,1.0
44,0.0,0.085,0.915,1393.8368867431805,79.21307194813846,0.0,26,60,t=60,1.0
45,0.0,0.08,0.92,1367.9284087650917,79.94545620512375,0.0,26,60,t=60,1.0
46,0.0,0.08,0.92,1367.9284087650917,79.94545620512375,0.0,26,60,t=60,1.0
47,0.0,0.08,0.92,1367.9284087650917,79.94545620512375,0.0,26,60,t=60,1.0
48,0.0,0.08,0.92,1367.9284087650917,79.94545620512375,0.0,26,60,t=60,1.0
49,0.0,0.07,0.93,1335.958741866535,80.81774795912585,0.0,26,60,t=60,1.0
50,0.0,0.065,0.935,1322.373126550358,81.18409829291579,0.0,26,60,t=60,1.0
51,0.0,0.065,0.935,1322.373126550358,81.18409829291579,0.0,26,60,t=60,1.0
52,0.0,0.065,0.935,1322.373126550358,81.18409829291579,0.0,26,60,t=60,1.0
53,0.0,0.06,0.94,1311.630438672366,81.46775969090115,0.0,26,60,t=60,1.0
54,0.0,0.06,0.94,1311.630438672366,81.46775969090115,0.0,26,60,t=60,1.0
55,0.0,0.06,0.94,1311.630438672366,81.46775969090115,0.0,26,60,t=60,1.0
56,0.0,0.06,0.94,1311.630438672366,81.46775969090115,0.0,26,60,t=60,1.0
57,0.0,0.06,0.94,1311.630438672366,81.46775969090115,0.0,26,60,t=60,1.0
58,0.0,0.055,0.945,1301.0549618753857,81.74668954030801,0.0,26,60,t=60,1.0
59,0.0,0.05,0.95,1296.7738285053401,81.85799922572701,0.0,26,60,t=60,1.0
60,0.0,0.045,0.955,1288.966270302572,82.06262025102308,1.0,26,60,t=60,1.0
61,0.0,0.045,0.955,1288.966270302572,82.06262025102308,1.0,26,60,t=60,1.0
62,0.0,0.045,0.955,1288.966270302572,82.06262025102308,1.0,26,60,t=60,1.0
63,0.0,0.045,0.955,1288.966270302572,82.06262025102308,1.0,26,60,t=60,1.0
64,0.0,0.045,0.955,1288.966270302572,82.06262025102308,1.0,26,60,t=60,1.0
0,0.0,0.94,0.06,867.3600365373961,5.335363051260898,0.0,26,80,t=80,1.0
1,0.0,0.895,0.105,945.8755617648405,9.876496739757563,0.0,26,80,t=80,1.0
2,0.0,0.85,0.15,1051.2038100650725,14.752688944522667,0.0,26,80,t=80,1.0
3,0.0,0.805,0.195,1137.6803150664914,18.472707919707688,0.0,26,80,t=80,1.0
4,0.0,0.765,0.235,1238.4038748796233,22.556394104320077,0.0,26,80,t=80,1.0
5,0.0,0.72,0.28,1339.3094130011225,26.427125169932182,0.0,26,80,t=80,1.0
6,0.0,0.69,0.31,1438.8562683371572,30.040538277381206,0.0,26,80,t=80,1.0
7,0.0,0.665,0.335,1521.0376769709635,32.88888148651192,0.0,26,80,t=80,1.0
8,0.0,0.64,0.36,1594.7923321285546,35.35938278078545,0.0,26,80,t=80,1.0
9,0.0,0.605,0.395,1642.1881737452184,37.05747804313435,0.0,26,80,t=80,1.0
10,0.0,0.585,0.415,1709.0594737842414,39.809446973369965,0.0,26,80,t=80,1.0
11,0.0,0.55,0.45,1769.5727905748279,42.923439799332726,0.0,26,80,t=80,1.0
12,0.0,0.52,0.48,1810.2372203646023,45.70712318694271,0.0,26,80,t=80,1.0
13,0.0,0.495,0.505,1827.5421031651092,47.23834354987419,0.0,26,80,t=80,1.0
14,0.0,0.465,0.535,1844.8267420266184,49.28090965398903,0.0,26,80,t=80,1.0
15,0.0,0.445,0.555,1850.7884265821667,50.24864403970995,0.0,26,80,t=80,1.0
16,0.0,0.425,0.575,1856.7500096622193,51.64538125528053,0.0,26,80,t=80,1.0
17,0.0,0.41,0.59,1859.9755924822837,53.58733586211944,0.0,26,80,t=80,1.0
18,0.0,0.385,0.615,1859.308187357598,54.649144190798026,0.0,26,80,t=80,1.0
19,0.0,0.345,0.655,1839.2981163231661,58.93602684057504,0.0,26,80,t=80,1.0
20,0.0,0.325,0.675,1827.0977451823223,60.301143160669966,0.0,26,80,t=80,1.0
21,0.0,0.305,0.695,1809.3614018240607,61.91415691163749,0.0,26,80,t=80,1.0
22,0.0,0.3,0.7,1806.7590626220513,62.12326267465354,0.0,26,80,t=80,1.0
23,0.0,0.285,0.715,1799.1367885678465,62.71662390245427,0.0,26,80,t=80,1.0
24,0.0,0.28,0.72,1796.6008025230738,62.90712564995302,0.0,26,80,t=80,1.0
25,0.0,0.275,0.725,1795.7873714196758,62.96715153751583,0.0,26,80,t=80,1.0
26,0.0,0.26,0.74,1784.5819370978857,63.759477506290374,0.0,26,80,t=80,1.0
27,0.0,0.235,0.765,1752.7634278508274,65.72850611687903,0.0,26,80,t=80,1.0
28,0.0,0.21,0.79,1717.7862129331356,67.57921471055307,0.0,26,80,t=80,1.0
29,0.0,0.19,0.81,1637.5537646772573,71.12788883137961,0.0,26,80,t=80,1.0
30,0.0,0.175,0.825,1624.8325102705526,71.62864233230795,0.0,26,80,t=80,1.0
31,0.0,0.165,0.835,1616.1884536359928,71.96454358278908,0.0,26,80,t=80,1.0
32,0.0,0.155,0.845,1591.7891684784995,72.87803946653283,0.0,26,80,t=80,1.0
33,0.0,0.15,0.85,1581.5192085642236,73.24998923628331,0.0,26,80,t=80,1.0
34,0.0,0.145,0.855,1575.0486953222228,73.48241757024294,0.0,26,80,t=80,1.0
35,0.0,0.13,0.87,1548.4145288948814,74.41165758692411,0.0,26,80,t=80,1.0
36,0.0,0.125,0.875,1510.056723001191,75.69815453508957,0.0,26,80,t=80,1.0
37,0.0,0.125,0.875,1510.056723001191,75.69815453508957,0.0,26,80,t=80,1.0
38,0.0,0.12,0.88,1505.9762513381427,75.83037726706198,0.0,26,80,t=80,1.0
39,0.0,0.12,0.88,1505.9762513381427,75.83037726706198,0.0,26,80,t=80,1.0
40,0.0,0.105,0.895,1483.4287573799675,76.54872179627739,0.0,26,80,t=80,1.0
41,0.0,0.095,0.905,1408.419376140058,78.79528985239719,0.0,26,80,t=80,1.0
42,0.0,0.095,0.905,1408.419376140058,78.79528985239719,0.0,26,80,t=80,1.0
43,0.0,0.085,0.915,1393.8368867431805,79.21307194813846,0.0,26,80,t=80,1.0
44,0.0,0.085,0.915,1393.8368867431805,79.21307194813846,0.0,26,80,t=80,1.0
45,0.0,0.08,0.92,1367.9284087650917,79.94545620512375,0.0,26,80,t=80,1.0
46,0.0,0.08,0.92,1367.9284087650917,79.94545620512375,0.0,26,80,t=80,1.0
47,0.0,0.08,0.92,1367.9284087650917,79.94545620512375,0.0,26,80,t=80,1.0
48,0.0,0.08,0.92,1367.9284087650917,79.94545620512375,0.0,26,80,t=80,1.0
49,0.0,0.07,0.93,1335.958741866535,80.81774795912585,0.0,26,80,t=80,1.0
50,0.0,0.065,0.935,1322.373126550358,81.18409829291579,0.0,26,80,t=80,1.0
51,0.0,0.065,0.935,1322.373126550358,81.18409829291579,0.0,26,80,t=80,1.0
52,0.0,0.065,0.935,1322.373126550358,81.18409829291579,0.0,26,80,t=80,1.0
53,0.0,0.06,0.94,1311.630438672366,81.46775969090115,0.0,26,80,t=80,1.0
54,0.0,0.06,0.94,1311.630438672366,81.46775969090115,0.0,26,80,t=80,1.0
55,0.0,0.06,0.94,1311.630438672366,81.46775969090115,0.0,26,80,t=80,1.0
56,0.0,0.06,0.94,1311.630438672366,81.46775969090115,0.0,26,80,t=80,1.0
57,0.0,0.06,0.94,1311.630438672366,81.46775969090115,0.0,26,80,t=80,1.0
58,0.0,0.055,0.945,1301.0549618753857,81.74668954030801,0.0,26,80,t=80,1.0
59,0.0,0.05,0.95,1296.7738285053401,81.85799922572701,0.0,26,80,t=80,1.0
60,0.0,0.045,0.955,1288.966270302572,82.06262025102308,0.0,26,80,t=80,1.0
61,0.0,0.035,0.965,1275.1627150460422,82.41810056647334,0.0,26,80,t=80,1.0
62,0.0,0.035,0.965,1275.1627150460422,82.41810056647334,0.0,26,80,t=80,1.0
63,0.0,0.03,0.97,1270.1287257065765,82.54649867794015,0.0,26,80,t=80,1.0
64,0.0,0.03,0.97,1270.1287257065765,82.54649867794015,0.0,26,80,t=80,1.0
65,0.0,0.03,0.97,1270.1287257065765,82.54649867794015,0.0,26,80,t=80,1.0
66,0.0,0.025,0.975,1268.1460171130047,82.59729922330114,0.0,26,80,t=80,1.0
67,0.0,0.025,0.975,1268.1460171130047,82.59729922330114,0.0,26,80,t=80,1.0
68,0.0,0.025,0.975,1268.1460171130047,82.59729922330114,0.0,26,80,t=80,1.0
69,0.0,0.025,0.975,1268.1460171130047,82.59729922330114,0.0,26,80,t=80,1.0
70,0.0,0.02,0.98,1264.4275197350385,82.69153635564467,0.0,26,80,t=80,1.0
71,0.0,0.02,0.98,1264.4275197350385,82.69153635564467,0.0,26,80,t=80,1.0
72,0.0,0.02,0.98,1264.4275197350385,82.69153635564467,0.0,26,80,t=80,1.0
73,0.0,0.02,0.98,1264.4275197350385,82.69153635564467,0.0,26,80,t=80,1.0
74,0.0,0.02,0.98,1264.4275197350385,82.69153635564467,0.0,26,80,t=80,1.0
75,0.0,0.01,0.99,1247.020255885,83.1302902376039,0.0,26,80,t=80,1.0
76,0.0,0.01,0.99,1247.020255885,83.1302902376039,0.0,26,80,t=80,1.0
77,0.0,0.01,0.99,1247.020255885,83.1302902376039,0.0,26,80,t=80,1.0
78,0.0,0.01,0.99,1247.020255885,83.1302902376039,0.0,26,80,t=80,1.0
79,0.0,0.01,0.99,1247.020255885,83.1302902376039,0.0,26,80,t=80,1.0
80,0.0,0.01,0.99,1247.020255885,83.1302902376039,1.0,26,80,t=80,1.0
0,0.0,0.94,0.06,949.876224835848,7.17358830502874,0.0,27,-1,never,1.0
1,0.0,0.89,0.11,1063.1432885682207,12.834026228895095,0.0,27,-1,never,1.0
2,0.0,0.845,0.155,1151.7566071457597,16.762811236807714,0.0,27,-1,never,1.0
3,0.0,0.8,0.2,1322.8585761676286,23.775899689719115,0.0,27,-1,never,1.0
4,0.0,0.755,0.245,1430.330639266707,27.848624559379495,0.0,27,-1,never,1.0
5,0.0,0.71,0.29,1533.9256282833737,31.5710481896226,0.0,27,-1,never,1.0
6,0.0,0.675,0.325,1597.3305002914533,33.75421566744139,0.0,27,-1,never,1.0
7,0.0,0.63,0.37,1684.7484728120025,36.66035995388589,0.0,27,-1,never,1.0
8,0.0,0.605,0.395,1749.8556350595093,38.88604620457485,0.0,27,-1,never,1.0
9,0.0,0.575,0.425,1818.6534630876947,41.621083957779824,0.0,27,-1,never,1.0
10,0.0,0.545,0.455,1875.499353141491,44.371713541995966,0.0,27,-1,never,1.0
11,0.0,0.525,0.475,1923.6963478622213,47.3959394274825,0.0,27,-1,never,1.0
12,0.0,0.505,0.495,1940.0618856432222,48.701827727675024,0.0,27,-1,never,1.0
13,0.0,0.475,0.525,1963.3037173122425,51.120759025324084,0.0,27,-1,never,1.0
14,0.0,0.455,0.545,1968.5158154865474,51.848444093389276,0.0,27,-1,never,1.0
15,0.0,0.425,0.575,1973.6545976661337,52.718285899601824,0.0,27,-1,never,1.0
16,0.0,0.395,0.605,1979.900053548863,54.23325019128654,0.0,27,-1,never,1.0
17,0.0,0.385,0.615,1981.4657128797314,54.897950385060376,0.0,27,-1,never,1.0
18,0.0,0.36,0.64,1981.7717212716555,57.17416357792834,0.0,27,-1,never,1.0
19,0.0,0.35,0.65,1981.2187244623678,57.47527630615337,0.0,27,-1,never,1.0
20,0.0,0.335,0.665,1976.9205048441636,58.89555129419334,0.0,27,-1,never,1.0
21,0.0,0.315,0.685,1971.242101561777,60.03036317967076,0.0,27,-1,never,1.0
22,0.0,0.3,0.7,1955.3648100749974,62.174715600116,0.0,27,-1,never,1.0
23,0.0,0.28,0.72,1942.7437950749722,63.45249628909197,0.0,27,-1,never,1.0
24,0.0,0.25,0.75,1920.8022209200165,65.25081653729177,0.0,27,-1,never,1.0
25,0.0,0.23,0.77,1893.811245077958,67.09473501403289,0.0,27,-1,never,1.0
26,0.0,0.225,0.775,1889.3136783269988,67.37467679026057,0.0,27,-1,never,1.0
27,0.0,0.21,0.79,1863.238321528687,68.87678681931024,0.0,27,-1,never,1.0
28,0.0,0.2,0.8,1838.6700725680134,70.14862384030027,0.0,27,-1,never,1.0
29,0.0,0.19,0.81,1827.4790999553115,70.68929905150206,0.0,27,-1,never,1.0
30,0.0,0.175,0.825,1814.8227411938688,71.27904298442958,0.0,27,-1,never,1.0
31,0.0,0.17,0.83,1809.5681411431253,71.51659276339925,0.0,27,-1,never,1.0
32,0.0,0.16,0.84,1796.716514772953,72.08846439260259,0.0,27,-1,never,1.0
33,0.0,0.16,0.84,1796.716514772953,72.08846439260259,0.0,27,-1,never,1.0
34,0.0,0.16,0.84,1796.716514772953,72.08846439260259,0.0,27,-1,never,1.0
35,0.0,0.145,0.855,1768.2450448546488,73.29264338473887,0.0,27,-1,never,1.0
36,0.0,0.14,0.86,1753.1049837519329,73.89984105609346,0.0,27,-1,never,1.0
37,0.0,0.13,0.87,1742.1543851420513,74.3292314344107,0.0,27,-1,never,1.0
38,0.0,0.12,0.88,1727.7147874122081,74.88256225252206,0.0,27,-1,never,1.0
39,0.0,0.11,0.89,1685.9182004290008,76.39225996618546,0.0,27,-1,never,1.0
40,0.0,0.105,0.895,1672.8869465992473,76.84766102373433,0.0,27,-1,never,1.0
41,0.0,0.1,0.9,1664.3892927077115,77.14008107053259,0.0,27,-1,never,1.0
42,0.0,0.095,0.905,1663.8081829693688,77.15999049430458,0.0,27,-1,never,1.0
43,0.0,0.095,0.905,1663.8081829693688,77.15999049430458,0.0,27,-1,never,1.0
44,0.0,0.095,0.905,1663.8081829693688,77.15999049430458,0.0,27,-1,never,1.0
45,0.0,0.095,0.905,1663.8081829693688,77.15999049430458,0.0,27,-1,never,1.0
46,0.0,0.09,0.91,1658.9277293347823,77.32463053255385,0.0,27,-1,never,1.0
47,0.0,0.08,0.92,1642.4809731881016,77.87611904560202,0.0,27,-1,never,1.0
48,0.0,0.08,0.92,1642.4809731881016,77.87611904560202,0.0,27,-1,never,1.0
49,0.0,0.075,0.925,1636.7906220678356,78.06323782006373,0.0,27,-1,never,1.0
50,0.0,0.06,0.94,1613.6465547747978,78.80553300592243,0.0,27,-1,never,1.0
51,0.0,0.06,0.94,1613.6465547747978,78.80553300592243,0.0,27,-1,never,1.0
52,0.0,0.055,0.945,1608.0632825527503,78.98126231422424,0.0,27,-1,never,1.0
53,0.0,0.055,0.945,1608.0632825527503,78.98126231422424,0.0,27,-1,never,1.0
54,0.0,0.045,0.955,1584.0799057255929,79.72989347366014,0.0,27,-1,never,1.0
55,0.0,0.04,0.96,1581.0801356124684,79.82122167242466,0.0,27,-1,never,1.0
56,0.0,0.035,0.965,1573.830630786719,80.04191702696407,0.0,27,-1,never,1.0
57,0.0,0.03,0.97,1557.42211580827,80.53182386579593,0.0,27,-1,never,1.0
58,0.0,0.03,0.97,1557.42211580827,80.53182386579593,0.0,27,-1,never,1.0
59,0.0,0.02,0.98,1522.4071805318717,81.55927571559084,0.0,27,-1,never,1.0
60,0.0,0.02,0.98,1522.4071805318717,81.55927571559084,0.0,27,-1,never,1.0
61,0.0,0.02,0.98,1522.4071805318717,81.55927571559084,0.0,27,-1,never,1.0
62,0.0,0.02,0.98,1522.4071805318717,81.55927571559084,0.0,27,-1,never,1.0
63,0.0,0.02,0.98,1522.4071805318717,81.55927571559084,0.0,27,-1,never,1.0
0,0.0,0.94,0.06,949.876224835848,7.17358830502874,1.0,27,0,t=0,1.0
1,0.0,0.89,0.11,1063.1432885682207,12.834026228895095,1.0,27,0,t=0,1.0
2,0.0,0.845,0.155,1151.7566071457597,16.762811236807714,1.0,27,0,t=0,1.0
3,0.0,0.8,0.2,1322.8585761676286,23.775899689719115,1.0,27,0,t=0,1.0
4,0.0,0.755,0.245,1430.330639266707,27.848624559379495,1.0,27,0,t=0,1.0
5,0.0,0.71,0.29,1533.9256282833737,31.5710481896226,1.0,27,0,t=0,1.0
6,0.0,0.675,0.325,1597.3305002914533,33.75421566744139,1.0,27,0,t=0,1.0
7,0.0,0.63,0.37,1684.7484728120025,36.66035995388589,1.0,27,0,t=0,1.0
8,0.0,0.63,0.37,1684.7484728120025,36.66035995388589,1.0,27,0,t=0,1.0
9,0.0,0.63,0.37,1684.7484728120025,36.66035995388589,1.0,27,0,t=0,1.0
10,0.0,0.63,0.37,1684.7484728120025,36.66035995388589,1.0,27,0,t=0,1.0
11,0.0,0.63,0.37,1684.7484728120025,36.66035995388589,1.0,27,0,t=0,1.0
0,0.0,0.94,0.06,949.876224835848,7.17358830502874,0.0,27,10,t=10,1.0
1,0.0,0.89,0.11,1063.1432885682207,12.834026228895095,0.0,27,10,t=10,1.0
2,0.0,0.845,0.155,1151.7566071457597,16.762811236807714,0.0,27,10,t=10,1.0
3,0.0,0.8,0.2,1322.8585761676286,23.775899689719115,0.0,27,10,t=10,1.0
4,0.0,0.755,0.245,1430.330639266707,27.848624559379495,0.0,27,10,t=10,1.0
5,0.0,0.71,0.29,1533.9256282833737,31.5710481896226,0.0,27,10,t=10,1.0
6,0.0,0.675,0.325,1597.3305002914533,33.75421566744139,0.0,27,10,t=10,1.0
7,0.0,0.63,0.37,1684.7484728120025,36.66035995388589,0.0,27,10,t=10,1.0
8,0.0,0.605,0.395,1749.8556350595093,38.88604620457485,0.0,27,10,t=10,1.0
9,0.0,0.575,0.425,1818.6534630876947,41.621083957779824,0.0,27,10,t=10,1.0
10,0.0,0.545,0.455,1875.499353141491,44.371713541995966,1.0,27,10,t=10,1.0
11,0.0,0.545,0.455,1875.499353141491,44.371713541995966,1.0,27,10,t=10,1.0
12,0.0,0.545,0.455,1875.499353141491,44.371713541995966,1.0,27,10,t=10,1.0
13,0.0,0.545,0.455,1875.499353141491,44.371713541995966,1.0,27,10,t=10,1.0
14,0.0,0.545,0.455,1875.499353141491,44.371713541995966,1.0,27,10,t=10,1.0
0,0.0,0.94,0.06,949.876224835848,7.17358830502874,0.0,27,20,t=20,1.0
1,0.0,0.89,0.11,1063.1432885682207,12.834026228895095,0.0,27,20,t=20,1.0
2,0.0,0.845,0.155,1151.7566071457597,16.762811236807714,0.0,27,20,t=20,1.0
3,0.0,0.8,0.2,1322.8585761676286,23.775899689719115,0.0,27,20,t=20,1.0
4,0.0,0.755,0.245,1430.330639266707,27.848624559379495,0.0,27,20,t=20,1.0
5,0.0,0.71,0.29,1533.9256282833737,31.5710481896226,0.0,27,20,t=20,1.0
6,0.0,0.675,0.325,1597.3305002914533,33.75421566744139,0.0,27,20,t=20,1.0
7,0.0,0.63,0.37,1684.7484728120025,36.66035995388589,0.0,27,20,t=20,1.0
8,0.0,0.605,0.395,1749.8556350595093,38.88604620457485,0.0,27,20,t=20,1.0
9,0.0,0.575,0.425,1818.6534630876947,41.621083957779824,0.0,27,20,t=20,1.0
10,0.0,0.545,0.455,1875.499353141491,44.371713541995966,0.0,27,20,t=20,1.0
11,0.0,0.525,0.475,1923.6963478622213,47.3959394274825,0.0,27,20,t=20,1.0
12,0.0,0.505,0.495,1940.0618856432222,48.701827727675024,0.0,27,20,t=20,1.0
13,0.0,0.475,0.525,1963.3037173122425,51.120759025324084,0.0,27,20,t=20,1.0
14,0.0,0.455,0.545,1968.5158154865474,51.848444093389276,0.0,27,20,t=20,1.0
15,0.0,0.425,0.575,1973.6545976661337,52.718285899601824,0.0,27,20,t=20,1.0
16,0.0,0.395,0.605,1979.900053548863,54.23325019128654,0.0,27,20,t=20,1.0
17,0.0,0.385,0.615,1981.4657128797314,54.897950385060376,0.0,27,20,t=20,1.0
18,0.0,0.36,0.64,1981.7717212716555,57.17416357792834,0.0,27,20,t=20,1.0
19,0.0,0.35,0.65,1981.2187244623678,57.47527630615337,0.0,27,20,t=20,1.0
20,0.0,0.335,0.665,1976.9205048441636,58.89555129419334,1.0,27,20,t=20,1.0
21,0.0,0.335,0.665,1976.9205048441636,58.89555129419334,1.0,27,20,t=20,1.0
22,0.0,0.335,0.665,1976.9205048441636,58.89555129419334,1.0,27,20,t=20,1.0
23,0.0,0.335,0.665,1976.9205048441636,58.89555129419334,1.0,27,20,t=20,1.0
24,0.0,0.335,0.665,1976.9205048441636,58.89555129419334,1.0,27,20,t=20,1.0
0,0.0,0.94,0.06,949.876224835848,7.17358830502874,0.0,27,40,t=40,1.0
1,0.0,0.89,0.11,1063.1432885682207,12.834026228895095,0.0,27,40,t=40,1.0
2,0.0,0.845,0.155,1151.7566071457597,16.762811236807714,0.0,27,40,t=40,1.0
3,0.0,0.8,0.2,1322.8585761676286,23.775899689719115,0.0,27,40,t=40,1.0
4,0.0,0.755,0.245,1430.330639266707,27.848624559379495,0.0,27,40,t=40,1.0
5,0.0,0.71,0.29,1533.9256282833737,31.5710481896226,0.0,27,40,t=40,1.0
6,0.0,0.675,0.325,1597.3305002914533,33.75421566744139,0.0,27,40,t=40,1.0
7,0.0,0.63,0.37,1684.7484728120025,36.66035995388589,0.0,27,40,t=40,1.0
8,0.0,0.605,0.395,1749.8556350595093,38.88604620457485,0.0,27,40,t=40,1.0
9,0.0,0.575,0.425,1818.6534630876947,41.621083957779824,0.0,27,40,t=40,1.0
10,0.0,0.545,0.455,1875.499353141491,44.371713541995966,0.0,27,40,t=40,1.0
11,0.0,0.525,0.475,1923.6963478622213,47.3959394274825,0.0,27,40,t=40,1.0
12,0.0,0.505,0.495,1940.0618856432222,48.701827727675024,0.0,27,40,t=40,1.0
13,0.0,0.475,0.525,1963.3037173122425,51.120759025324084,0.0,27,40,t=40,1.0
14,0.0,0.455,0.545,1968.5158154865474,51.848444093389276,0.0,27,40,t=40,1.0
15,0.0,0.425,0.575,1973.6545976661337,52.718285899601824,0.0,27,40,t=40,1.0
16,0.0,0.395,0.605,1979.900053548863,54.23325019128654,0.0,27,40,t=40,1.0
17,0.0,0.385,0.615,1981.4657128797314,54.897950385060376,0.0,27,40,t=40,1.0
18,0.0,0.36,0.64,1981.7717212716555,57.17416357792834,0.0,27,40,t=40,1.0
19,0.0,0.35,0.65,1981.2187244623678,57.47527630615337,0.0,27,40,t=40,1.0
20,0.0,0.335,0.665,1976.9205048441636,58.89555129419334,0.0,27,40,t=40,1.0
21,0.0,0.315,0.685,1971.242101561777,60.03036317967076,0.0,27,40,t=40,1.0
22,0.0,0.3,0.7,1955.3648100749974,62.174715600116,0.0,27,40,t=40,1.0
23,0.0,0.28,0.72,1942.7437950749722,63.45249628909197,0.0,27,40,t=40,1.0
24,0.0,0.25,0.75,1920.8022209200165,65.25081653729177,0.0,27,40,t=40,1.0
25,0.0,0.23,0.77,1893.811245077958,67.09473501403289,0.0,27,40,t=40,1.0
26,0.0,0.225,0.775,1889.3136783269988,67.37467679026057,0.0,27,40,t=40,1.0
27,0.0,0.21,0.79,1863.238321528687,68.87678681931024,0.0,27,40,t=40,1.0
28,0.0,0.2,0.8,1838.6700725680134,70.14862384030027,0.0,27,40,t=40,1.0
29,0.0,0.19,0.81,1827.4790999553115,70.68929905150206,0.0,27,40,t=40,1.0
30,0.0,0.175,0.825,1814.8227411938688,71.27904298442958,0.0,27,40,t=40,1.0
31,0.0,0.17,0.83,1809.5681411431253,71.51659276339925,0.0,27,40,t=40,1.0
32,0.0,0.16,0.84,1796.716514772953,72.08846439260259,0.0,27,40,t=40,1.0
33,0.0,0.16,0.84,1796.716514772953,72.08846439260259,0.0,27,40,t=40,1.0
34,0.0,0.16,0.84,1796.716514772953,72.08846439260259,0.0,27,40,t=40,1.0
35,0.0,0.145,0.855,1768.2450448546488,73.29264338473887,0.0,27,40,t=40,1.0
36,0.0,0.14,0.86,1753.1049837519329,73.89984105609346,0.0,27,40,t=40,1.0
37,0.0,0.13,0.87,1742.1543851420513,74.3292314344107,0.0,27,40,t=40,1.0
38,0.0,0.12,0.88,1727.7147874122081,74.88256225252206,0.0,27,40,t=40,1.0
39,0.0,0.11,0.89,1685.9182004290008,76.39225996618546,0.0,27,40,t=40,1.0
40,0.0,0.105,0.895,1672.8869465992473,76.84766102373433,1.0,27,40,t=40,1.0
41,0.0,0.105,0.895,1672.8869465992473,76.84766102373433,1.0,27,40,t=40,1.0
42,0.0,0.105,0.895,1672.8869465992473,76.84766102373433,1.0,27,40,t=40,1.0
43,0.0,0.105,0.895,1672.8869465992473,76.84766102373433,1.0,27,40,t=40,1.0
44,0.0,0.105,0.895,1672.8869465992473,76.84766102373433,1.0,27,40,t=40,1.0
0,0.0,0.94,0.06,949.876224835848,7.17358830502874,0.0,27,60,t=60,1.0
1,0.0,0.89,0.11,1063.1432885682207,12.834026228895095,0.0,27,60,t=60,1.0
2,0.0,0.845,0.155,1151.7566071457597,16.762811236807714,0.0,27,60,t=60,1.0
3,0.0,0.8,0.2,1322.8585761676286,23.775899689719115,0.0,27,60,t=60,1.0
4,0.0,0.755,0.245,1430.330639266707,27.848624559379495,0.0,27,60,t=60,1.0
5,0.0,0.71,0.29,1533.9256282833737,31.5710481896226,0.0,27,60,t=60,1.0
6,0.0,0.675,0.325,1597.3305002914533,33.75421566744139,0.0,27,60,t=60,1.0
7,0.0,0.63,0.37,1684.7484728120025,36.66035995388589,0.0,27,60,t=60,1.0
8,0.0,0.605,0.395,1749.8556350595093,38.88604620457485,0.0,27,60,t=60,1.0
9,0.0,0.575,0.425,1818.6534630876947,41.621083957779824,0.0,27,60,t=60,1.0
10,0.0,0.545,0.455,1875.499353141491,44.371713541995966,0.0,27,60,t=60,1.0
11,0.0,0.525,0.475,1923.6963478622213,47.3959394274825,0.0,27,60,t=60,1.0
12,0.0,0.505,0.495,1940.0618856432222,48.701827727675024,0.0,27,60,t=60,1.0
13,0.0,0.475,0.525,1963.3037173122425,51.120759025324084,0.0,27,60,t=60,1.0
14,0.0,0.455,0.545,1968.5158154865474,51.848444093389276,0.0,27,60,t=60,1.0
15,0.0,0.425,0.575,1973.6545976661337,52.718285899601824,0.0,27,60,t=60,1.0
16,0.0,0.395,0.605,1979.900053548863,54.23325019128654,0.0,27,60,t=60,1.0
17,0.0,0.385,0.615,1981.4657128797314,54.897950385060376,0.0,27,60,t=60,1.0
18,0.0,0.36,0.64,1981.7717212716555,57.17416357792834,0.0,27,60,t=60,1.0
19,0.0,0.35,0.65,1981.2187244623678,57.47527630615337,0.0,27,60,t=60,1.0
20,0.0,0.335,0.665,1976.9205048441636,58.89555129419334,0.0,27,60,t=60,1.0
21,0.0,0.315,0.685,1971.242101561777,60.03036317967076,0.0,27,60,t=60,1.0
22,0.0,0.3,0.7,1955.3648100749974,62.174715600116,0.0,27,60,t=60,1.0
23,0.0,0.28,0.72,1942.7437950749722,63.45249628909197,0.0,27,60,t=60,1.0
24,0.0,0.25,0.75,1920.8022209200165,65.25081653729177,0.0,27,60,t=60,1.0
25,0.0,0.23,0.77,1893.811245077958,67.09473501403289,0.0,27,60,t=60,1.0
26,0.0,0.225,0.775,1889.3136783269988,67.37467679026057,0.0,27,60,t=60,1.0
27,0.0,0.21,0.79,1863.238321528687,68.87678681931024,0.0,27,60,t=60,1.0
28,0.0,0.2,0.8,1838.6700725680134,70.14862384030027,0.0,27,60,t=60,1.0
29,0.0,0.19,0.81,1827.4790999553115,70.68929905150206,0.0,27,60,t=60,1.0
30,0.0,0.175,0.825,1814.8227411938688,71.27904298442958,0.0,27,60,t=60,1.0
31,0.0,0.17,0.83,1809.5681411431253,71.51659276339925,0.0,27,60,t=60,1.0
32,0.0,0.16,0.84,1796.716514772953,72.08846439260259,0.0,27,60,t=60,1.0
33,0.0,0.16,0.84,1796.716514772953,72.08846439260259,0.0,27,60,t=60,1.0
34,0.0,0.16,0.84,1796.716514772953,72.08846439260259,0.0,27,60,t=60,1.0
35,0.0,0.145,0.855,1768.2450448546488,73.29264338473887,0.0,27,60,t=60,1.0
36,0.0,0.14,0.86,1753.1049837519329,73.89984105609346,0.0,27,60,t=60,1.0
37,0.0,0.13,0.87,1742.1543851420513,74.3292314344107,0.0,27,60,t=60,1.0
38,0.0,0.12,0.88,1727.7147874122081,74.88256225252206,0.0,27,60,t=60,1.0
39,0.0,0.11,0.89,1685.9182004290008,76.39225996618546,0.0,27,60,t=60,1.0
40,0.0,0.105,0.895,1672.8869465992473,76.84766102373433,0.0,27,60,t=60,1.0
41,0.0,0.1,0.9,1664.3892927077115,77.14008107053259,0.0,27,60,t=60,1.0
42,0.0,0.095,0.905,1663.8081829693688,77.15999049430458,0.0,27,60,t=60,1.0
43,0.0,0.095,0.905,1663.8081829693688,77.15999049430458,0.0,27,60,t=60,1.0
44,0.0,0.095,0.905,1663.8081829693688,77.15999049430458,0.0,27,60,t=60,1.0
45,0.0,0.095,0.905,1663.8081829693688,77.15999049430458,0.0,27,60,t=60,1.0
46,0.0,0.09,0.91,1658.9277293347823,77.32463053255385,0.0,27,60,t=60,1.0
47,0.0,0.08,0.92,1642.4809731881016,77.87611904560202,0.0,27,60,t=60,1.0
48,0.0,0.08,0.92,1642.4809731881016,77.87611904560202,0.0,27,60,t=60,1.0
49,0.0,0.075,0.925,1636.7906220678356,78.06323782006373,0.0,27,60,t=60,1.0
50,0.0,0.06,0.94,1613.6465547747978,78.80553300592243,0.0,27,60,t=60,1.0
51,0.0,0.06,0.94,1613.6465547747978,78.80553300592243,0.0,27,60,t=60,1.0
52,0.0,0.055,0.945,1608.0632825527503,78.98126231422424,0.0,27,60,t=60,1.0
53,0.0,0.055,0.945,1608.0632825527503,78.98126231422424,0.0,27,60,t=60,1.0
54,0.0,0.045,0.955,1584.0799057255929,79.72989347366014,0.0,27,60,t=60,1.0
55,0.0,0.04,0.96,1581.0801356124684,79.82122167242466,0.0,27,60,t=60,1.0
56,0.0,0.035,0.965,1573.830630786719,80.04191702696407,0.0,27,60,t=60,1.0
57,0.0,0.03,0.97,1557.42211580827,80.53182386579593,0.0,27,60,t=60,1.0
58,0.0,0.03,0.97,1557.42211580827,80.53182386579593,0.0,27,60,t=60,1.0
59,0.0,0.02,0.98,1522.4071805318717,81.55927571559084,0.0,27,60,t=60,1.0
60,0.0,0.02,0.98,1522.4071805318717,81.55927571559084,1.0,27,60,t=60,1.0
61,0.0,0.02,0.98,1522.4071805318717,81.55927571559084,1.0,27,60,t=60,1.0
62,0.0,0.02,0.98,1522.4071805318717,81.55927571559084,1.0,27,60,t=60,1.0
63,0.0,0.02,0.98,1522.4071805318717,81.55927571559084,1.0,27,60,t=60,1.0
0,0.0,0.94,0.06,949.876224835848,7.17358830502874,0.0,27,80,t=80,1.0
1,0.0,0.89,0.11,1063.1432885682207,12.834026228895095,0.0,27,80,t=80,1.0
2,0.0,0.845,0.155,1151.7566071457597,16.762811236807714,0.0,27,80,t=80,1.0
3,0.0,0.8,0.2,1322.8585761676286,23.775899689719115,0.0,27,80,t=80,1.0
4,0.0,0.755,0.245,1430.330639266707,27.848624559379495,0.0,27,80,t=80,1.0
5,0.0,0.71,0.29,1533.9256282833737,31.5710481896226,0.0,27,80,t=80,1.0
6,0.0,0.675,0.325,1597.3305002914533,33.75421566744139,0.0,27,80,t=80,1.0
7,0.0,0.63,0.37,1684.7484728120025,36.66035995388589,0.0,27,80,t=80,1.0
8,0.0,0.605,0.395,1749.8556350595093,38.88604620457485,0.0,27,80,t=80,1.0
9,0.0,0.575,0.425,1818.6534630876947,41.621083957779824,0.0,27,80,t=80,1.0
10,0.0,0.545,0.455,1875.499353141491,44.371713541995966,0.0,27,80,t=80,1.0
11,0.0,0.525,0.475,1923.6963478622213,47.3959394274825,0.0,27,80,t=80,1.0
12,0.0,0.505,0.495,1940.0618856432222,48.701827727675024,0.0,27,80,t=80,1.0
13,0.0,0.475,0.525,1963.3037173122425,51.120759025324084,0.0,27,80,t=80,1.0
14,0.0,0.455,0.545,1968.5158154865474,51.848444093389276,0.0,27,80,t=80,1.0
15,0.0,0.425,0.575,1973.6545976661337,52.718285899601824,0.0,27,80,t=80,1.0
16,0.0,0.395,0.605,1979.900053548863,54.23325019128654,0.0,27,80,t=80,1.0
17,0.0,0.385,0.615,1981.4657128797314,54.897950385060376,0.0,27,80,t=80,1.0
18,0.0,0.36,0.64,1981.7717212716555,57.17416357792834,0.0,27,80,t=80,1.0
19,0.0,0.35,0.65,1981.2187244623678,57.47527630615337,0.0,27,80,t=80,1.0
20,0.0,0.335,0.665,1976.9205048441636,58.89555129419334,0.0,27,80,t=80,1.0
21,0.0,0.315,0.685,1971.242101561777,60.03036317967076,0.0,27,80,t=80,1.0
22,0.0,0.3,0.7,1955.3648100749974,62.174715600116,0.0,27,80,t=80,1.0
23,0.0,0.28,0.72,1942.7437950749722,63.45249628909197,0.0,27,80,t=80,1.0
24,0.0,0.25,0.75,1920.8022209200165,65.25081653729177,0.0,27,80,t=80,1.0
25,0.0,0.23,0.77,1893.811245077958,67.09473501403289,0.0,27,80,t=80,1.0
26,0.0,0.225,0.775,1889.3136783269988,67.37467679026057,0.0,27,80,t=80,1.0
27,0.0,0.21,0.79,1863.238321528687,68.87678681931024,0.0,27,80,t=80,1.0
28,0.0,0.2,0.8,1838.6700725680134,70.14862384030027,0.0,27,80,t=80,1.0
29,0.0,0.19,0.81,1827.4790999553115,70.68929905150206,0.0,27,80,t=80,1.0
30,0.0,0.175,0.825,1814.8227411938688,71.27904298442958,0.0,27,80,t=80,1.0
31,0.0,0.17,0.83,1809.5681411431253,71.51659276339925,0.0,27,80,t=80,1.0
32,0.0,0.16,0.84,1796.716514772953,72.08846439260259,0.0,27,80,t=80,1.0
33,0.0,0.16,0.84,1796.716514772953,72.08846439260259,0.0,27,80,t=80,1.0
34,0.0,0.16,0.84,1796.716514772953,72.08846439260259,0.0,27,80,t=80,1.0
35,0.0,0.145,0.855,1768.2450448546488,73.29264338473887,0.0,27,80,t=80,1.0
36,0.0,0.14,0.86,1753.1049837519329,73.89984105609346,0.0,27,80,t=80,1.0
37,0.0,0.13,0.87,1742.1543851420513,74.3292314344107,0.0,27,80,t=80,1.0
38,0.0,0.12,0.88,1727.7147874122081,74.88256225252206,0.0,27,80,t=80,1.0
39,0.0,0.11,0.89,1685.9182004290008,76.39225996618546,0.0,27,80,t=80,1.0
40,0.0,0.105,0.895,1672.8869465992473,76.84766102373433,0.0,27,80,t=80,1.0
41,0.0,0.1,0.9,1664.3892927077115,77.14008107053259,0.0,27,80,t=80,1.0
42,0.0,0.095,0.905,1663.8081829693688,77.15999049430458,0.0,27,80,t=80,1.0
43,0.0,0.095,0.905,1663.8081829693688,77.15999049430458,0.0,27,80,t=80,1.0
44,0.0,0.095,0.905,1663.8081829693688,77.15999049430458,0.0,27,80,t=80,1.0
45,0.0,0.095,0.905,1663.8081829693688,77.15999049430458,0.0,27,80,t=80,1.0
46,0.0,0.09,0.91,1658.9277293347823,77.32463053255385,0.0,27,80,t=80,1.0
47,0.0,0.08,0.92,1642.4809731881016,77.87611904560202,0.0,27,80,t=80,1.0
48,0.0,0.08,0.92,1642.4809731881016,77.87611904560202,0.0,27,80,t=80,1.0
49,0.0,0.075,0.925,1636.7906220678356,78.06323782006373,0.0,27,80,t=80,1.0
50,0.0,0.06,0.94,1613.6465547747978,78.80553300592243,0.0,27,80,t=80,1.0
51,0.0,0.06,0.94,1613.6465547747978,78.80553300592243,0.0,27,80,t=80,1.0
52,0.0,0.055,0.945,1608.0632825527503,78.98126231422424,0.0,27,80,t=80,1.0
53,0.0,0.055,0.945,1608.0632825527503,78.98126231422424,0.0,27,80,t=80,1.0
54,0.0,0.045,0.955,1584.0799057255929,79.72989347366014,0.0,27,80,t=80,1.0
55,0.0,0.04,0.96,1581.0801356124684,79.82122167242466,0.0,27,80,t=80,1.0
56,0.0,0.035,0.965,1573.830630786719,80.04191702696407,0.0,27,80,t=80,1.0
57,0.0,0.03,0.97,1557.42211580827,80.53182386579593,0.0,27,80,t=80,1.0
58,0.0,0.03,0.97,1557.42211580827,80.53182386579593,0.0,27,80,t=80,1.0
59,0.0,0.02,0.98,1522.4071805318717,81.55927571559084,0.0,27,80,t=80,1.0
60,0.0,0.02,0.98,1522.4071805318717,81.55927571559084,0.0,27,80,t=80,1.0
61,0.0,0.02,0.98,1522.4071805318717,81.55927571559084,0.0,27,80,t=80,1.0
62,0.0,0.02,0.98,1522.4071805318717,81.55927571559084,0.0,27,80,t=80,1.0
63,0.0,0.02,0.98,1522.4071805318717,81.55927571559084,0.0,27,80,t=80,1.0
64,0.0,0.02,0.98,1522.4071805318717,81.55927571559084,0.0,27,80,t=80,1.0
65,0.0,0.02,0.98,1522.4071805318717,81.55927571559084,0.0,27,80,t=80,1.0
66,0.0,0.02,0.98,1522.4071805318717,81.55927571559084,0.0,27,80,t=80,1.0
67,0.0,0.02,0.98,1522.4071805318717,81.55927571559084,0.0,27,80,t=80,1.0
68,0.0,0.02,0.98,1522.4071805318717,81.55927571559084,0.0,27,80,t=80,1.0
69,0.0,0.02,0.98,1522.4071805318717,81.55927571559084,0.0,27,80,t=80,1.0
70,0.0,0.02,0.98,1522.4071805318717,81.55927571559084,0.0,27,80,t=80,1.0
71,0.0,0.02,0.98,1522.4071805318717,81.55927571559084,0.0,27,80,t=80,1.0
72,0.0,0.015,0.985,1499.8608325633468,82.20014748004353,0.0,27,80,t=80,1.0
73,0.0,0.015,0.985,1499.8608325633468,82.20014748004353,0.0,27,80,t=80,1.0
74,0.0,0.015,0.985,1499.8608325633468,82.20014748004353,0.0,27,80,t=80,1.0
75,0.0,0.015,0.985,1499.8608325633468,82.20014748004353,0.0,27,80,t=80,1.0
76,0.0,0.015,0.985,1499.8608325633468,82.20014748004353,0.0,27,80,t=80,1.0
77,0.0,0.01,0.99,1482.611541531483,82.68115459704973,0.0,27,80,t=80,1.0
78,0.0,0.01,0.99,1482.611541531483,82.68115459704973,0.0,27,80,t=80,1.0
79,0.0,0.01,0.99,1482.611541531483,82.68115459704973,0.0,27,80,t=80,1.0
80,0.0,0.01,0.99,1482.611541531483,82.68115459704973,1.0,27,80,t=80,1.0
81,0.0,0.01,0.99,1482.611541531483,82.68115459704973,1.0,27,80,t=80,1.0
0,0.0,0.94,0.06,931.4863180079863,6.676683069662157,0.0,28,-1,never,1.0
1,0.0,0.89,0.11,1038.9856238740108,11.76168044994347,0.0,28,-1,never,1.0
2,0.0,0.84,0.16,1154.2355515784616,16.563678960463278,0.0,28,-1,never,1.0
3,0.0,0.795,0.205,1253.3830719656075,20.424794933883774,0.0,28,-1,never,1.0
4,0.0,0.76,0.24,1315.1717765853816,22.71927141263971,0.0,28,-1,never,1.0
5,0.0,0.715,0.285,1437.4487041657146,27.042334353444662,0.0,28,-1,never,1.0
6,0.0,0.68,0.32,1505.1259659174802,29.320895667554314,0.0,28,-1,never,1.0
7,0.0,0.635,0.365,1729.9777962775686,37.07840365562729,0.0,28,-1,never,1.0
8,0.0,0.615,0.385,1767.5843060505551,38.74596344785897,0.0,28,-1,never,1.0
9,0.0,0.575,0.425,1821.8067524549874,41.57684399972128,0.0,28,-1,never,1.0
10,0.0,0.55,0.45,1834.4610706196688,42.35202401501901,0.0,28,-1,never,1.0
11,0.0,0.525,0.475,1855.4909332520497,43.79543929846559,0.0,28,-1,never,1.0
12,0.0,0.505,0.495,1878.1319304005274,45.68485935122979,0.0,28,-1,never,1.0
13,0.0,0.46,0.54,1911.5774123356732,50.51360899927762,0.0,28,-1,never,1.0
14,0.0,0.44,0.56,1914.7561688087274,51.7623936433542,0.0,28,-1,never,1.0
15,0.0,0.41,0.59,1912.1527205621885,54.97154249156787,0.0,28,-1,never,1.0
16,0.0,0.39,0.61,1909.556022641882,55.67073172509677,0.0,28,-1,never,1.0
17,0.0,0.36,0.64,1904.6007484697907,56.73405156012303,0.0,28,-1,never,1.0
18,0.0,0.35,0.65,1903.6061523784128,56.90862056552126,0.0,28,-1,never,1.0
19,0.0,0.33,0.67,1889.4239977220536,58.873799100980655,0.0,28,-1,never,1.0
20,0.0,0.315,0.685,1882.2912931125268,59.655003782524844,0.0,28,-1,never,1.0
21,0.0,0.295,0.705,1868.72007627486,60.95042783083054,0.0,28,-1,never,1.0
22,0.0,0.28,0.72,1864.4439042135496,61.31662975848329,0.0,28,-1,never,1.0
23,0.0,0.26,0.74,1851.407875592241,62.360027618525415,0.0,28,-1,never,1.0
24,0.0,0.255,0.745,1850.59333962019,62.42273709064162,0.0,28,-1,never,1.0
25,0.0,0.23,0.77,1828.6675244982855,63.95893074228063,0.0,28,-1,never,1.0
26,0.0,0.215,0.785,1797.5916298788607,65.8536091487552,0.0,28,-1,never,1.0
27,0.0,0.205,0.795,1793.3599733858437,66.09173688354893,0.0,28,-1,never,1.0
28,0.0,0.195,0.805,1787.7696524668058,66.39876989430049,0.0,28,-1,never,1.0
29,0.0,0.19,0.81,1778.6282006229314,66.88524821627699,0.0,28,-1,never,1.0
30,0.0,0.185,0.815,1763.143672727034,67.6864839548006,0.0,28,-1,never,1.0
31,0.0,0.17,0.83,1755.770144071365,68.05100494087117,0.0,28,-1,never,1.0
32,0.0,0.165,0.835,1752.8219668444563,68.19318603720706,0.0,28,-1,never,1.0
33,0.0,0.16,0.84,1746.6595606870496,68.49130491683394,0.0,28,-1,never,1.0
34,0.0,0.14,0.86,1700.3403025879327,70.57497740583362,0.0,28,-1,never,1.0
35,0.0,0.13,0.87,1692.784785548987,70.89205971170271,0.0,28,-1,never,1.0
36,0.0,0.13,0.87,1692.784785548987,70.89205971170271,0.0,28,-1,never,1.0
37,0.0,0.125,0.875,1682.8149752024806,71.30817143451233,0.0,28,-1,never,1.0
38,0.0,0.12,0.88,1681.2990907232977,71.36993664058954,0.0,28,-1,never,1.0
39,0.0,0.12,0.88,1681.2990907232977,71.36993664058954,0.0,28,-1,never,1.0
40,0.0,0.115,0.885,1672.3100941220787,71.73067065409565,0.0,28,-1,never,1.0
41,0.0,0.105,0.895,1648.5075812551586,72.66607312471614,0.0,28,-1,never,1.0
42,0.0,0.1,0.9,1641.6421272104917,72.93098826371349,0.0,28,-1,never,1.0
43,0.0,0.095,0.905,1628.0792636000854,73.44173011453452,0.0,28,-1,never,1.0
44,0.0,0.085,0.915,1610.850666408191,74.07833485993393,0.0,28,-1,never,1.0
45,0.0,0.08,0.92,1598.9856209805846,74.50690113005199,0.0,28,-1,never,1.0
46,0.0,0.08,0.92,1598.9856209805846,74.50690113005199,0.0,28,-1,never,1.0
47,0.0,0.065,0.935,1580.9996285982565,75.14166945311277,0.0,28,-1,never,1.0
48,0.0,0.045,0.955,1558.3436245856435,75.91622619145866,0.0,28,-1,never,1.0
49,0.0,0.045,0.955,1558.3436245856435,75.91622619145866,0.0,28,-1,never,1.0
50,0.0,0.045,0.955,1558.3436245856435,75.91622619145866,0.0,28,-1,never,1.0
51,0.0,0.045,0.955,1558.3436245856435,75.91622619145866,0.0,28,-1,never,1.0
52,0.0,0.045,0.955,1558.3436245856435,75.91622619145866,0.0,28,-1,never,1.0
0,0.0,0.94,0.06,931.4863180079863,6.676683069662157,1.0,28,0,t=0,1.0
1,0.0,0.89,0.11,1038.9856238740108,11.76168044994347,1.0,28,0,t=0,1.0
2,0.0,0.84,0.16,1154.2355515784616,16.563678960463278,1.0,28,0,t=0,1.0
3,0.0,0.795,0.205,1253.3830719656075,20.424794933883774,1.0,28,0,t=0,1.0
4,0.0,0.76,0.24,1315.1717765853816,22.71927141263971,1.0,28,0,t=0,1.0
5,0.0,0.715,0.285,1437.4487041657146,27.042334353444662,1.0,28,0,t=0,1.0
6,0.0,0.68,0.32,1505.1259659174802,29.320895667554314,1.0,28,0,t=0,1.0
7,0.0,0.68,0.32,1505.1259659174802,29.320895667554314,1.0,28,0,t=0,1.0
8,0.0,0.655,0.345,1569.088803132248,31.410325672596628,1.0,28,0,t=0,1.0
9,0.0,0.655,0.345,1569.088803132248,31.410325672596628,1.0,28,0,t=0,1.0
10,0.0,0.655,0.345,1569.088803132248,31.410325672596628,1.0,28,0,t=0,1.0
11,0.0,0.655,0.345,1569.088803132248,31.410325672596628,1.0,28,0,t=0,1.0
12,0.0,0.655,0.345,1569.088803132248,31.410325672596628,1.0,28,0,t=0,1.0
0,0.0,0.94,0.06,931.4863180079863,6.676683069662157,0.0,28,10,t=10,1.0
1,0.0,0.89,0.11,1038.9856238740108,11.76168044994347,0.0,28,10,t=10,1.0
2,0.0,0.84,0.16,1154.2355515784616,16.563678960463278,0.0,28,10,t=10,1.0
3,0.0,0.795,0.205,1253.3830719656075,20.424794933883774,0.0,28,10,t=10,1.0
4,0.0,0.76,0.24,1315.1717765853816,22.71927141263971,0.0,28,10,t=10,1.0
5,0.0,0.715,0.285,1437.4487041657146,27.042334353444662,0.0,28,10,t=10,1.0
6,0.0,0.68,0.32,1505.1259659174802,29.320895667554314,0.0,28,10,t=10,1.0
7,0.0,0.635,0.365,1729.9777962775686,37.07840365562729,0.0,28,10,t=10,1.0
8,0.0,0.615,0.385,1767.5843060505551,38.74596344785897,0.0,28,10,t=10,1.0
9,0.0,0.575,0.425,1821.8067524549874,41.57684399972128,0.0,28,10,t=10,1.0
10,0.0,0.55,0.45,1834.4610706196688,42.35202401501901,1.0,28,10,t=10,1.0
11,0.0,0.55,0.45,1834.4610706196688,42.35202401501901,1.0,28,10,t=10,1.0
12,0.0,0.55,0.45,1834.4610706196688,42.35202401501901,1.0,28,10,t=10,1.0
13,0.0,0.55,0.45,1834.4610706196688,42.35202401501901,1.0,28,10,t=10,1.0
14,0.0,0.55,0.45,1834.4610706196688,42.35202401501901,1.0,28,10,t=10,1.0
0,0.0,0.94,0.06,931.4863180079863,6.676683069662157,0.0,28,20,t=20,1.0
1,0.0,0.89,0.11,1038.9856238740108,11.76168044994347,0.0,28,20,t=20,1.0
2,0.0,0.84,0.16,1154.2355515784616,16.563678960463278,0.0,28,20,t=20,1.0
3,0.0,0.795,0.205,1253.3830719656075,20.424794933883774,0.0,28,20,t=20,1.0
4,0.0,0.76,0.24,1315.1717765853816,22.71927141263971,0.0,28,20,t=20,1.0
5,0.0,0.715,0.285,1437.4487041657146,27.042334353444662,0.0,28,20,t=20,1.0
6,0.0,0.68,0.32,1505.1259659174802,29.320895667554314,0.0,28,20,t=20,1.0
7,0.0,0.635,0.365,1729.9777962775686,37.07840365562729,0.0,28,20,t=20,1.0
8,0.0,0.615,0.385,1767.5843060505551,38.74596344785897,0.0,28,20,t=20,1.0
9,0.0,0.575,0.425,1821.8067524549874,41.57684399972128,0.0,28,20,t=20,1.0
10,0.0,0.55,0.45,1834.4610706196688,42.35202401501901,0.0,28,20,t=20,1.0
11,0.0,0.525,0.475,1855.4909332520497,43.79543929846559,0.0,28,20,t=20,1.0
12,0.0,0.505,0.495,1878.1319304005274,45.68485935122979,0.0,28,20,t=20,1.0
13,0.0,0.46,0.54,1911.5774123356732,50.51360899927762,0.0,28,20,t=20,1.0
14,0.0,0.44,0.56,1914.7561688087274,51.7623936433542,0.0,28,20,t=20,1.0
15,0.0,0.41,0.59,1912.1527205621885,54.97154249156787,0.0,28,20,t=20,1.0
16,0.0,0.39,0.61,1909.556022641882,55.67073172509677,0.0,28,20,t=20,1.0
17,0.0,0.36,0.64,1904.6007484697907,56.73405156012303,0.0,28,20,t=20,1.0
18,0.0,0.35,0.65,1903.6061523784128,56.90862056552126,0.0,28,20,t=20,1.0
19,0.0,0.33,0.67,1889.4239977220536,58.873799100980655,0.0,28,20,t=20,1.0
20,0.0,0.315,0.685,1882.2912931125268,59.655003782524844,1.0,28,20,t=20,1.0
21,0.0,0.315,0.685,1882.2912931125268,59.655003782524844,1.0,28,20,t=20,1.0
22,0.0,0.315,0.685,1882.2912931125268,59.655003782524844,1.0,28,20,t=20,1.0
23,0.0,0.315,0.685,1882.2912931125268,59.655003782524844,1.0,28,20,t=20,1.0
24,0.0,0.315,0.685,1882.2912931125268,59.655003782524844,1.0,28,20,t=20,1.0
0,0.0,0.94,0.06,931.4863180079863,6.676683069662157,0.0,28,40,t=40,1.0
1,0.0,0.89,0.11,1038.9856238740108,11.76168044994347,0.0,28,40,t=40,1.0
2,0.0,0.84,0.16,1154.2355515784616,16.563678960463278,0.0,28,40,t=40,1.0
3,0.0,0.795,0.205,1253.3830719656075,20.424794933883774,0.0,28,40,t=40,1.0
4,0.0,0.76,0.24,1315.1717765853816,22.71927141263971,0.0,28,40,t=40,1.0
5,0.0,0.715,0.285,1437.4487041657146,27.042334353444662,0.0,28,40,t=40,1.0
6,0.0,0.68,0.32,1505.1259659174802,29.320895667554314,0.0,28,40,t=40,1.0
7,0.0,0.635,0.365,1729.9777962775686,37.07840365562729,0.0,28,40,t=40,1.0
8,0.0,0.615,0.385,1767.5843060505551,38.74596344785897,0.0,28,40,t=40,1.0
9,0.0,0.575,0.425,1821.8067524549874,41.57684399972128,0.0,28,40,t=40,1.0
10,0.0,0.55,0.45,1834.4610706196688,42.35202401501901,0.0,28,40,t=40,1.0
11,0.0,0.525,0.475,1855.4909332520497,43.79543929846559,0.0,28,40,t=40,1.0
12,0.0,0.505,0.495,1878.1319304005274,45.68485935122979,0.0,28,40,t=40,1.0
13,0.0,0.46,0.54,1911.5774123356732,50.51360899927762,0.0,28,40,t=40,1.0
14,0.0,0.44,0.56,1914.7561688087274,51.7623936433542,0.0,28,40,t=40,1.0
15,0.0,0.41,0.59,1912.1527205621885,54.97154249156787,0.0,28,40,t=40,1.0
16,0.0,0.39,0.61,1909.556022641882,55.67073172509677,0.0,28,40,t=40,1.0
17,0.0,0.36,0.64,1904.6007484697907,56.73405156012303,0.0,28,40,t=40,1.0
18,0.0,0.35,0.65,1903.6061523784128,56.90862056552126,0.0,28,40,t=40,1.0
19,0.0,0.33,0.67,1889.4239977220536,58.873799100980655,0.0,28,40,t=40,1.0
20,0.0,0.315,0.685,1882.2912931125268,59.655003782524844,0.0,28,40,t=40,1.0
21,0.0,0.295,0.705,1868.72007627486,60.95042783083054,0.0,28,40,t=40,1.0
22,0.0,0.28,0.72,1864.4439042135496,61.31662975848329,0.0,28,40,t=40,1.0
23,0.0,0.26,0.74,1851.407875592241,62.360027618525415,0.0,28,40,t=40,1.0
24,0.0,0.255,0.745,1850.59333962019,62.42273709064162,0.0,28,40,t=40,1.0
25,0.0,0.23,0.77,1828.6675244982855,63.95893074228063,0.0,28,40,t=40,1.0
26,0.0,0.215,0.785,1797.5916298788607,65.8536091487552,0.0,28,40,t=40,1.0
27,0.0,0.205,0.795,1793.3599733858437,66.09173688354893,0.0,28,40,t=40,1.0
28,0.0,0.195,0.805,1787.7696524668058,66.39876989430049,0.0,28,40,t=40,1.0
29,0.0,0.19,0.81,1778.6282006229314,66.88524821627699,0.0,28,40,t=40,1.0
30,0.0,0.185,0.815,1763.143672727034,67.6864839548006,0.0,28,40,t=40,1.0
31,0.0,0.17,0.83,1755.770144071365,68.05100494087117,0.0,28,40,t=40,1.0
32,0.0,0.165,0.835,1752.8219668444563,68.19318603720706,0.0,28,40,t=40,1.0
33,0.0,0.16,0.84,1746.6595606870496,68.49130491683394,0.0,28,40,t=40,1.0
34,0.0,0.14,0.86,1700.3403025879327,70.57497740583362,0.0,28,40,t=40,1.0
35,0.0,0.13,0.87,1692.784785548987,70.89205971170271,0.0,28,40,t=40,1.0
36,0.0,0.13,0.87,1692.784785548987,70.89205971170271,0.0,28,40,t=40,1.0
37,0.0,0.125,0.875,1682.8149752024806,71.30817143451233,0.0,28,40,t=40,1.0
38,0.0,0.12,0.88,1681.2990907232977,71.36993664058954,0.0,28,40,t=40,1.0
39,0.0,0.12,0.88,1681.2990907232977,71.36993664058954,0.0,28,40,t=40,1.0
40,0.0,0.115,0.885,1672.3100941220787,71.73067065409565,1.0,28,40,t=40,1.0
41,0.0,0.115,0.885,1672.3100941220787,71.73067065409565,1.0,28,40,t=40,1.0
42,0.0,0.115,0.885,1672.3100941220787,71.73067065409565,1.0,28,40,t=40,1.0
43,0.0,0.115,0.885,1672.3100941220787,71.73067065409565,1.0,28,40,t=40,1.0
44,0.0,0.115,0.885,1672.3100941220787,71.73067065409565,1.0,28,40,t=40,1.0
0,0.0,0.94,0.06,931.4863180079863,6.676683069662157,0.0,28,60,t=60,1.0
1,0.0,0.89,0.11,1038.9856238740108,11.76168044994347,0.0,28,60,t=60,1.0
2,0.0,0.84,0.16,1154.2355515784616,16.563678960463278,0.0,28,60,t=60,1.0
3,0.0,0.795,0.205,1253.3830719656075,20.424794933883774,0.0,28,60,t=60,1.0
4,0.0,0.76,0.24,1315.1717765853816,22.71927141263971,0.0,28,60,t=60,1.0
5,0.0,0.715,0.285,1437.4487041657146,27.042334353444662,0.0,28,60,t=60,1.0
6,0.0,0.68,0.32,1505.1259659174802,29.320895667554314,0.0,28,60,t=60,1.0
7,0.0,0.635,0.365,1729.9777962775686,37.07840365562729,0.0,28,60,t=60,1.0
8,0.0,0.615,0.385,1767.5843060505551,38.74596344785897,0.0,28,60,t=60,1.0
9,0.0,0.575,0.425,1821.8067524549874,41.57684399972128,0.0,28,60,t=60,1.0
10,0.0,0.55,0.45,1834.4610706196688,42.35202401501901,0.0,28,60,t=60,1.0
11,0.0,0.525,0.475,1855.4909332520497,43.79543929846559,0.0,28,60,t=60,1.0
12,0.0,0.505,0.495,1878.1319304005274,45.68485935122979,0.0,28,60,t=60,1.0
13,0.0,0.46,0.54,1911.5774123356732,50.51360899927762,0.0,28,60,t=60,1.0
14,0.0,0.44,0.56,1914.7561688087274,51.7623936433542,0.0,28,60,t=60,1.0
15,0.0,0.41,0.59,1912.1527205621885,54.97154249156787,0.0,28,60,t=60,1.0
16,0.0,0.39,0.61,1909.556022641882,55.67073172509677,0.0,28,60,t=60,1.0
17,0.0,0.36,0.64,1904.6007484697907,56.73405156012303,0.0,28,60,t=60,1.0
18,0.0,0.35,0.65,1903.6061523784128,56.90862056552126,0.0,28,60,t=60,1.0
19,0.0,0.33,0.67,1889.4239977220536,58.873799100980655,0.0,28,60,t=60,1.0
20,0.0,0.315,0.685,1882.2912931125268,59.655003782524844,0.0,28,60,t=60,1.0
21,0.0,0.295,0.705,1868.72007627486,60.95042783083054,0.0,28,60,t=60,1.0
22,0.0,0.28,0.72,1864.4439042135496,61.31662975848329,0.0,28,60,t=60,1.0
23,0.0,0.26,0.74,1851.407875592241,62.360027618525415,0.0,28,60,t=60,1.0
24,0.0,0.255,0.745,1850.59333962019,62.42273709064162,0.0,28,60,t=60,1.0
25,0.0,0.23,0.77,1828.6675244982855,63.95893074228063,0.0,28,60,t=60,1.0
26,0.0,0.215,0.785,1797.5916298788607,65.8536091487552,0.0,28,60,t=60,1.0
27,0.0,0.205,0.795,1793.3599733858437,66.09173688354893,0.0,28,60,t=60,1.0
28,0.0,0.195,0.805,1787.7696524668058,66.39876989430049,0.0,28,60,t=60,1.0
29,0.0,0.19,0.81,1778.6282006229314,66.88524821627699,0.0,28,60,t=60,1.0
30,0.0,0.185,0.815,1763.143672727034,67.6864839548006,0.0,28,60,t=60,1.0
31,0.0,0.17,0.83,1755.770144071365,68.05100494087117,0.0,28,60,t=60,1.0
32,0.0,0.165,0.835,1752.8219668444563,68.19318603720706,0.0,28,60,t=60,1.0
33,0.0,0.16,0.84,1746.6595606870496,68.49130491683394,0.0,28,60,t=60,1.0
34,0.0,0.14,0.86,1700.3403025879327,70.57497740583362,0.0,28,60,t=60,1.0
35,0.0,0.13,0.87,1692.784785548987,70.89205971170271,0.0,28,60,t=60,1.0
36,0.0,0.13,0.87,1692.784785548987,70.89205971170271,0.0,28,60,t=60,1.0
37,0.0,0.125,0.875,1682.8149752024806,71.30817143451233,0.0,28,60,t=60,1.0
38,0.0,0.12,0.88,1681.2990907232977,71.36993664058954,0.0,28,60,t=60,1.0
39,0.0,0.12,0.88,1681.2990907232977,71.36993664058954,0.0,28,60,t=60,1.0
40,0.0,0.115,0.885,1672.3100941220787,71.73067065409565,0.0,28,60,t=60,1.0
41,0.0,0.105,0.895,1648.5075812551586,72.66607312471614,0.0,28,60,t=60,1.0
42,0.0,0.1,0.9,1641.6421272104917,72.93098826371349,0.0,28,60,t=60,1.0
43,0.0,0.095,0.905,1628.0792636000854,73.44173011453452,0.0,28,60,t=60,1.0
44,0.0,0.085,0.915,1610.850666408191,74.07833485993393,0.0,28,60,t=60,1.0
45,0.0,0.08,0.92,1598.9856209805846,74.50690113005199,0.0,28,60,t=60,1.0
46,0.0,0.08,0.92,1598.9856209805846,74.50690113005199,0.0,28,60,t=60,1.0
47,0.0,0.065,0.935,1580.9996285982565,75.14166945311277,0.0,28,60,t=60,1.0
48,0.0,0.045,0.955,1558.3436245856435,75.91622619145866,0.0,28,60,t=60,1.0
49,0.0,0.045,0.955,1558.3436245856435,75.91622619145866,0.0,28,60,t=60,1.0
50,0.0,0.045,0.955,1558.3436245856435,75.91622619145866,0.0,28,60,t=60,1.0
51,0.0,0.045,0.955,1558.3436245856435,75.91622619145866,0.0,28,60,t=60,1.0
52,0.0,0.045,0.955,1558.3436245856435,75.91622619145866,0.0,28,60,t=60,1.0
53,0.0,0.035,0.965,1534.1998405474437,76.715073210544,0.0,28,60,t=60,1.0
54,0.0,0.03,0.97,1533.5752929993619,76.73540296674597,0.0,28,60,t=60,1.0
55,0.0,0.025,0.975,1528.2644510303458,76.90981820727015,0.0,28,60,t=60,1.0
56,0.0,0.025,0.975,1528.2644510303458,76.90981820727015,0.0,28,60,t=60,1.0
57,0.0,0.02,0.98,1515.961251826006,77.31152329496675,0.0,28,60,t=60,1.0
58,0.0,0.02,0.98,1515.961251826006,77.31152329496675,0.0,28,60,t=60,1.0
59,0.0,0.015,0.985,1498.0125336232359,77.88482417196431,0.0,28,60,t=60,1.0
60,0.0,0.015,0.985,1498.0125336232359,77.88482417196431,1.0,28,60,t=60,1.0
61,0.0,0.015,0.985,1498.0125336232359,77.88482417196431,1.0,28,60,t=60,1.0
62,0.0,0.015,0.985,1498.0125336232359,77.88482417196431,1.0,28,60,t=60,1.0
63,0.0,0.015,0.985,1498.0125336232359,77.88482417196431,1.0,28,60,t=60,1.0
0,0.0,0.94,0.06,931.4863180079863,6.676683069662157,0.0,28,80,t=80,1.0
1,0.0,0.89,0.11,1038.9856238740108,11.76168044994347,0.0,28,80,t=80,1.0
2,0.0,0.84,0.16,1154.2355515784616,16.563678960463278,0.0,28,80,t=80,1.0
3,0.0,0.795,0.205,1253.3830719656075,20.424794933883774,0.0,28,80,t=80,1.0
4,0.0,0.76,0.24,1315.1717765853816,22.71927141263971,0.0,28,80,t=80,1.0
5,0.0,0.715,0.285,1437.4487041657146,27.042334353444662,0.0,28,80,t=80,1.0
6,0.0,0.68,0.32,1505.1259659174802,29.320895667554314,0.0,28,80,t=80,1.0
7,0.0,0.635,0.365,1729.9777962775686,37.07840365562729,0.0,28,80,t=80,1.0
8,0.0,0.615,0.385,1767.5843060505551,38.74596344785897,0.0,28,80,t=80,1.0
9,0.0,0.575,0.425,1821.8067524549874,41.57684399972128,0.0,28,80,t=80,1.0
10,0.0,0.55,0.45,1834.4610706196688,42.35202401501901,0.0,28,80,t=80,1.0
11,0.0,0.525,0.475,1855.4909332520497,43.79543929846559,0.0,28,80,t=80,1.0
12,0.0,0.505,0.495,1878.1319304005274,45.68485935122979,0.0,28,80,t=80,1.0
13,0.0,0.46,0.54,1911.5774123356732,50.51360899927762,0.0,28,80,t=80,1.0
14,0.0,0.44,0.56,1914.7561688087274,51.7623936433542,0.0,28,80,t=80,1.0
15,0.0,0.41,0.59,1912.1527205621885,54.97154249156787,0.0,28,80,t=80,1.0
16,0.0,0.39,0.61,1909.556022641882,55.67073172509677,0.0,28,80,t=80,1.0
17,0.0,0.36,0.64,1904.6007484697907,56.73405156012303,0.0,28,80,t=80,1.0
18,0.0,0.35,0.65,1903.6061523784128,56.90862056552126,0.0,28,80,t=80,1.0
19,0.0,0.33,0.67,1889.4239977220536,58.873799100980655,0.0,28,80,t=80,1.0
20,0.0,0.315,0.685,1882.2912931125268,59.655003782524844,0.0,28,80,t=80,1.0
21,0.0,0.295,0.705,1868.72007627486,60.95042783083054,0.0,28,80,t=80,1.0
22,0.0,0.28,0.72,1864.4439042135496,61.31662975848329,0.0,28,80,t=80,1.0
23,0.0,0.26,0.74,1851.407875592241,62.360027618525415,0.0,28,80,t=80,1.0
24,0.0,0.255,0.745,1850.59333962019,62.42273709064162,0.0,28,80,t=80,1.0
25,0.0,0.23,0.77,1828.6675244982855,63.95893074228063,0.0,28,80,t=80,1.0
26,0.0,0.215,0.785,1797.5916298788607,65.8536091487552,0.0,28,80,t=80,1.0
27,0.0,0.205,0.795,1793.3599733858437,66.09173688354893,0.0,28,80,t=80,1.0
28,0.0,0.195,0.805,1787.7696524668058,66.39876989430049,0.0,28,80,t=80,1.0
29,0.0,0.19,0.81,1778.6282006229314,66.88524821627699,0.0,28,80,t=80,1.0
30,0.0,0.185,0.815,1763.143672727034,67.6864839548006,0.0,28,80,t=80,1.0
31,0.0,0.17,0.83,1755.770144071365,68.05100494087117,0.0,28,80,t=80,1.0
32,0.0,0.165,0.835,1752.8219668444563,68.19318603720706,0.0,28,80,t=80,1.0
33,0.0,0.16,0.84,1746.6595606870496,68.49130491683394,0.0,28,80,t=80,1.0
34,0.0,0.14,0.86,1700.3403025879327,70.57497740583362,0.0,28,80,t=80,1.0
35,0.0,0.13,0.87,1692.784785548987,70.89205971170271,0.0,28,80,t=80,1.0
36,0.0,0.13,0.87,1692.784785548987,70.89205971170271,0.0,28,80,t=80,1.0
37,0.0,0.125,0.875,1682.8149752024806,71.30817143451233,0.0,28,80,t=80,1.0
38,0.0,0.12,0.88,1681.2990907232977,71.36993664058954,0.0,28,80,t=80,1.0
39,0.0,0.12,0.88,1681.2990907232977,71.36993664058954,0.0,28,80,t=80,1.0
40,0.0,0.115,0.885,1672.3100941220787,71.73067065409565,0.0,28,80,t=80,1.0
41,0.0,0.105,0.895,1648.5075812551586,72.66607312471614,0.0,28,80,t=80,1.0
42,0.0,0.1,0.9,1641.6421272104917,72.93098826371349,0.0,28,80,t=80,1.0
43,0.0,0.095,0.905,1628.0792636000854,73.44173011453452,0.0,28,80,t=80,1.0
44,0.0,0.085,0.915,1610.850666408191,74.07833485993393,0.0,28,80,t=80,1.0
45,0.0,0.08,0.92,1598.9856209805846,74.50690113005199,0.0,28,80,t=80,1.0
46,0.0,0.08,0.92,1598.9856209805846,74.50690113005199,0.0,28,80,t=80,1.0
47,0.0,0.065,0.935,1580.9996285982565,75.14166945311277,0.0,28,80,t=80,1.0
48,0.0,0.045,0.955,1558.3436245856435,75.91622619145866,0.0,28,80,t=80,1.0
49,0.0,0.045,0.955,1558.3436245856435,75.91622619145866,0.0,28,80,t=80,1.0
50,0.0,0.045,0.955,1558.3436245856435,75.91622619145866,0.0,28,80,t=80,1.0
51,0.0,0.045,0.955,1558.3436245856435,75.91622619145866,0.0,28,80,t=80,1.0
52,0.0,0.045,0.955,1558.3436245856435,75.91622619145866,0.0,28,80,t=80,1.0
53,0.0,0.035,0.965,1534.1998405474437,76.715073210544,0.0,28,80,t=80,1.0
54,0.0,0.03,0.97,1533.5752929993619,76.73540296674597,0.0,28,80,t=80,1.0
55,0.0,0.025,0.975,1528.2644510303458,76.90981820727015,0.0,28,80,t=80,1.0
56,0.0,0.025,0.975,1528.2644510303458,76.90981820727015,0.0,28,80,t=80,1.0
57,0.0,0.02,0.98,1515.961251826006,77.31152329496675,0.0,28,80,t=80,1.0
58,0.0,0.02,0.98,1515.961251826006,77.31152329496675,0.0,28,80,t=80,1.0
59,0.0,0.015,0.985,1498.0125336232359,77.88482417196431,0.0,28,80,t=80,1.0
60,0.0,0.015,0.985,1498.0125336232359,77.88482417196431,0.0,28,80,t=80,1.0
61,0.0,0.015,0.985,1498.0125336232359,77.88482417196431,0.0,28,80,t=80,1.0
62,0.0,0.015,0.985,1498.0125336232359,77.88482417196431,0.0,28,80,t=80,1.0
63,0.0,0.015,0.985,1498.0125336232359,77.88482417196431,0.0,28,80,t=80,1.0
64,0.0,0.015,0.985,1498.0125336232359,77.88482417196431,0.0,28,80,t=80,1.0
65,0.0,0.015,0.985,1498.0125336232359,77.88482417196431,0.0,28,80,t=80,1.0
66,0.0,0.015,0.985,1498.0125336232359,77.88482417196431,0.0,28,80,t=80,1.0
67,0.0,0.015,0.985,1498.0125336232359,77.88482417196431,0.0,28,80,t=80,1.0
68,0.0,0.015,0.985,1498.0125336232359,77.88482417196431,0.0,28,80,t=80,1.0
69,0.0,0.015,0.985,1498.0125336232359,77.88482417196431,0.0,28,80,t=80,1.0
70,0.0,0.015,0.985,1498.0125336232359,77.88482417196431,0.0,28,80,t=80,1.0
71,0.0,0.005,0.995,1472.3369917606765,78.68153938619146,0.0,28,80,t=80,1.0
72,0.0,0.005,0.995,1472.3369917606765,78.68153938619146,0.0,28,80,t=80,1.0
73,0.0,0.005,0.995,1472.3369917606765,78.68153938619146,0.0,28,80,t=80,1.0
74,0.0,0.005,0.995,1472.3369917606765,78.68153938619146,0.0,28,80,t=80,1.0
75,0.0,0.005,0.995,1472.3369917606765,78.68153938619146,0.0,28,80,t=80,1.0
76,0.0,0.005,0.995,1472.3369917606765,78.68153938619146,0.0,28,80,t=80,1.0
77,0.0,0.005,0.995,1472.3369917606765,78.68153938619146,0.0,28,80,t=80,1.0
78,0.0,0.005,0.995,1472.3369917606765,78.68153938619146,0.0,28,80,t=80,1.0
79,0.0,0.005,0.995,1472.3369917606765,78.68153938619146,0.0,28,80,t=80,1.0
80,0.0,0.005,0.995,1472.3369917606765,78.68153938619146,1.0,28,80,t=80,1.0
0,0.0,0.94,0.06,848.483465865738,6.070352953317068,0.0,30,-1,never,1.0
1,0.0,0.895,0.105,964.2773139315796,11.907899643018244,0.0,30,-1,never,1.0
2,0.0,0.85,0.15,1032.9460243961432,14.922277693105553,0.0,30,-1,never,1.0
3,0.0,0.805,0.195,1176.6783951254358,20.800334327912694,0.0,30,-1,never,1.0
4,0.0,0.765,0.235,1278.4519307374944,24.660452629235508,0.0,30,-1,never,1.0
5,0.0,0.725,0.275,1384.8016222738322,28.46992180318894,0.0,30,-1,never,1.0
6,0.0,0.68,0.32,1547.9168131207923,34.16222128493135,0.0,30,-1,never,1.0
7,0.0,0.645,0.355,1636.036354831369,38.11279442382096,0.0,30,-1,never,1.0
8,0.0,0.625,0.375,1664.269095370096,39.69114564288037,0.0,30,-1,never,1.0
9,0.0,0.585,0.415,1699.5746483603452,42.0944389964385,0.0,30,-1,never,1.0
10,0.0,0.54,0.46,1732.664384093192,45.28246574566145,0.0,30,-1,never,1.0
11,0.0,0.515,0.485,1745.9166783211913,47.386723149625986,0.0,30,-1,never,1.0
12,0.0,0.485,0.515,1751.213833434536,48.959949534890626,0.0,30,-1,never,1.0
13,0.0,0.465,0.535,1752.6767156263172,49.89188203655403,0.0,30,-1,never,1.0
14,0.0,0.44,0.56,1751.5463866496445,51.79397959706918,0.0,30,-1,never,1.0
15,0.0,0.42,0.58,1746.4038221039891,53.38314759359238,0.0,30,-1,never,1.0
16,0.0,0.39,0.61,1738.6238181211395,54.79433304482138,0.0,30,-1,never,1.0
17,0.0,0.385,0.615,1736.6096037220832,55.08872011849765,0.0,30,-1,never,1.0
18,0.0,0.355,0.645,1713.5681224656153,57.72026235512607,0.0,30,-1,never,1.0
19,0.0,0.33,0.67,1687.2099542341075,59.8807249209103,0.0,30,-1,never,1.0
20,0.0,0.32,0.68,1681.1399304681881,60.30760430446241,0.0,30,-1,never,1.0
21,0.0,0.3,0.7,1668.6868599222548,61.14318038919639,0.0,30,-1,never,1.0
22,0.0,0.3,0.7,1668.6868599222548,61.14318038919639,0.0,30,-1,never,1.0
23,0.0,0.285,0.715,1643.1298275721092,62.6818428271813,0.0,30,-1,never,1.0
24,0.0,0.26,0.74,1609.6405865621632,64.45760357525899,0.0,30,-1,never,1.0
25,0.0,0.25,0.75,1596.202304248984,65.1074506349432,0.0,30,-1,never,1.0
26,0.0,0.245,0.755,1588.977912586935,65.44545684046611,0.0,30,-1,never,1.0
27,0.0,0.24,0.76,1585.0617808361665,65.62858883634789,0.0,30,-1,never,1.0
28,0.0,0.235,0.765,1584.1574112128892,65.67041076142155,0.0,30,-1,never,1.0
29,0.0,0.22,0.78,1533.0728129314766,67.8927461860249,0.0,30,-1,never,1.0
30,0.0,0.21,0.79,1509.2564817238558,68.83070949506936,0.0,30,-1,never,1.0
31,0.0,0.205,0.795,1502.014143187982,69.10768755689053,0.0,30,-1,never,1.0
32,0.0,0.2,0.8,1496.0270745163639,69.33549446150063,0.0,30,-1,never,1.0
33,0.0,0.19,0.81,1481.5927169769457,69.87603129352962,0.0,30,-1,never,1.0
34,0.0,0.19,0.81,1481.5927169769457,69.87603129352962,0.0,30,-1,never,1.0
35,0.0,0.18,0.82,1469.934536855957,70.29788107900447,0.0,30,-1,never,1.0
36,0.0,0.165,0.835,1439.92982172806,71.3516604228487,0.0,30,-1,never,1.0
37,0.0,0.155,0.845,1421.9454764347893,71.96315285974316,0.0,30,-1,never,1.0
38,0.0,0.145,0.855,1395.9943805549885,72.82272359763607,0.0,30,-1,never,1.0
39,0.0,0.13,0.87,1369.7261725411577,73.65727918094149,0.0,30,-1,never,1.0
40,0.0,0.125,0.875,1366.5562882618558,73.75681078381137,0.0,30,-1,never,1.0
41,0.0,0.11,0.89,1346.585558354024,74.37216806364074,0.0,30,-1,never,1.0
42,0.0,0.11,0.89,1346.585558354024,74.37216806364074,0.0,30,-1,never,1.0
43,0.0,0.1,0.9,1310.5643846099513,75.45198109995762,0.0,30,-1,never,1.0
44,0.0,0.1,0.9,1310.5643846099513,75.45198109995762,0.0,30,-1,never,1.0
45,0.0,0.095,0.905,1292.5007734689311,75.97912897807586,0.0,30,-1,never,1.0
46,0.0,0.09,0.91,1287.0867406359434,76.13563032674826,0.0,30,-1,never,1.0
47,0.0,0.085,0.915,1281.0746979711212,76.30698027757987,0.0,30,-1,never,1.0
48,0.0,0.08,0.92,1271.928411510973,76.56830619651176,0.0,30,-1,never,1.0
49,0.0,0.08,0.92,1271.928411510973,76.56830619651176,0.0,30,-1,never,1.0
50,0.0,0.07,0.93,1211.471736038989,78.23206688380188,0.0,30,-1,never,1.0
51,0.0,0.07,0.93,1211.471736038989,78.23206688380188,0.0,30,-1,never,1.0
52,0.0,0.065,0.935,1200.2684017906904,78.53252237130931,0.0,30,-1,never,1.0
53,0.0,0.05,0.95,1168.4333522641114,79.37307713641852,0.0,30,-1,never,1.0
54,0.0,0.04,0.96,1137.9754090170054,80.15244615359104,0.0,30,-1,never,1.0
55,0.0,0.04,0.96,1137.9754090170054,80.15244615359104,0.0,30,-1,never,1.0
56,0.0,0.04,0.96,1137.9754090170054,80.15244615359104,0.0,30,-1,never,1.0
57,0.0,0.04,0.96,1137.9754090170054,80.15244615359104,0.0,30,-1,never,1.0
58,0.0,0.04,0.96,1137.9754090170054,80.15244615359104,0.0,30,-1,never,1.0
0,0.0,0.94,0.06,848.483465865738,6.070352953317068,1.0,30,0,t=0,1.0
1,0.0,0.895,0.105,964.2773139315796,11.907899643018244,1.0,30,0,t=0,1.0
2,0.0,0.85,0.15,1032.9460243961432,14.922277693105553,1.0,30,0,t=0,1.0
3,0.0,0.805,0.195,1176.6783951254358,20.800334327912694,1.0,30,0,t=0,1.0
4,0.0,0.765,0.235,1278.4519307374944,24.660452629235508,1.0,30,0,t=0,1.0
5,0.0,0.725,0.275,1384.8016222738322,28.46992180318894,1.0,30,0,t=0,1.0
6,0.0,0.725,0.275,1384.8016222738322,28.46992180318894,1.0,30,0,t=0,1.0
7,0.0,0.725,0.275,1384.8016222738322,28.46992180318894,1.0,30,0,t=0,1.0
8,0.0,0.7,0.3,1437.7878259325203,30.294579721655467,1.0,30,0,t=0,1.0
9,0.0,0.7,0.3,1437.7878259325203,30.294579721655467,1.0,30,0,t=0,1.0
10,0.0,0.7,0.3,1437.7878259325203,30.294579721655467,1.0,30,0,t=0,1.0
11,0.0,0.7,0.3,1437.7878259325203,30.294579721655467,1.0,30,0,t=0,1.0
12,0.0,0.7,0.3,1437.7878259325203,30.294579721655467,1.0,30,0,t=0,1.0
0,0.0,0.94,0.06,848.483465865738,6.070352953317068,0.0,30,10,t=10,1.0
1,0.0,0.895,0.105,964.2773139315796,11.907899643018244,0.0,30,10,t=10,1.0
2,0.0,0.85,0.15,1032.9460243961432,14.922277693105553,0.0,30,10,t=10,1.0
3,0.0,0.805,0.195,1176.6783951254358,20.800334327912694,0.0,30,10,t=10,1.0
4,0.0,0.765,0.235,1278.4519307374944,24.660452629235508,0.0,30,10,t=10,1.0
5,0.0,0.725,0.275,1384.8016222738322,28.46992180318894,0.0,30,10,t=10,1.0
6,0.0,0.68,0.32,1547.9168131207923,34.16222128493135,0.0,30,10,t=10,1.0
7,0.0,0.645,0.355,1636.036354831369,38.11279442382096,0.0,30,10,t=10,1.0
8,0.0,0.625,0.375,1664.269095370096,39.69114564288037,0.0,30,10,t=10,1.0
9,0.0,0.585,0.415,1699.5746483603452,42.0944389964385,0.0,30,10,t=10,1.0
10,0.0,0.54,0.46,1732.664384093192,45.28246574566145,1.0,30,10,t=10,1.0
11,0.0,0.54,0.46,1732.664384093192,45.28246574566145,1.0,30,10,t=10,1.0
12,0.0,0.54,0.46,1732.664384093192,45.28246574566145,1.0,30,10,t=10,1.0
13,0.0,0.54,0.46,1732.664384093192,45.28246574566145,1.0,30,10,t=10,1.0
14,0.0,0.54,0.46,1732.664384093192,45.28246574566145,1.0,30,10,t=10,1.0
0,0.0,0.94,0.06,848.483465865738,6.070352953317068,0.0,30,20,t=20,1.0
1,0.0,0.895,0.105,964.2773139315796,11.907899643018244,0.0,30,20,t=20,1.0
2,0.0,0.85,0.15,1032.9460243961432,14.922277693105553,0.0,30,20,t=20,1.0
3,0.0,0.805,0.195,1176.6783951254358,20.800334327912694,0.0,30,20,t=20,1.0
4,0.0,0.765,0.235,1278.4519307374944,24.660452629235508,0.0,30,20,t=20,1.0
5,0.0,0.725,0.275,1384.8016222738322,28.46992180318894,0.0,30,20,t=20,1.0
6,0.0,0.68,0.32,1547.9168131207923,34.16222128493135,0.0,30,20,t=20,1.0
7,0.0,0.645,0.355,1636.036354831369,38.11279442382096,0.0,30,20,t=20,1.0
8,0.0,0.625,0.375,1664.269095370096,39.69114564288037,0.0,30,20,t=20,1.0
9,0.0,0.585,0.415,1699.5746483603452,42.0944389964385,0.0,30,20,t=20,1.0
10,0.0,0.54,0.46,1732.664384093192,45.28246574566145,0.0,30,20,t=20,1.0
11,0.0,0.515,0.485,1745.9166783211913,47.386723149625986,0.0,30,20,t=20,1.0
12,0.0,0.485,0.515,1751.213833434536,48.959949534890626,0.0,30,20,t=20,1.0
13,0.0,0.465,0.535,1752.6767156263172,49.89188203655403,0.0,30,20,t=20,1.0
14,0.0,0.44,0.56,1751.5463866496445,51.79397959706918,0.0,30,20,t=20,1.0
15,0.0,0.42,0.58,1746.4038221039891,53.38314759359238,0.0,30,20,t=20,1.0
16,0.0,0.39,0.61,1738.6238181211395,54.79433304482138,0.0,30,20,t=20,1.0
17,0.0,0.385,0.615,1736.6096037220832,55.08872011849765,0.0,30,20,t=20,1.0
18,0.0,0.355,0.645,1713.5681224656153,57.72026235512607,0.0,30,20,t=20,1.0
19,0.0,0.33,0.67,1687.2099542341075,59.8807249209103,0.0,30,20,t=20,1.0
20,0.0,0.32,0.68,1681.1399304681881,60.30760430446241,1.0,30,20,t=20,1.0
21,0.0,0.32,0.68,1681.1399304681881,60.30760430446241,1.0,30,20,t=20,1.0
22,0.0,0.32,0.68,1681.1399304681881,60.30760430446241,1.0,30,20,t=20,1.0
23,0.0,0.32,0.68,1681.1399304681881,60.30760430446241,1.0,30,20,t=20,1.0
24,0.0,0.32,0.68,1681.1399304681881,60.30760430446241,1.0,30,20,t=20,1.0
0,0.0,0.94,0.06,848.483465865738,6.070352953317068,0.0,30,40,t=40,1.0
1,0.0,0.895,0.105,964.2773139315796,11.907899643018244,0.0,30,40,t=40,1.0
2,0.0,0.85,0.15,1032.9460243961432,14.922277693105553,0.0,30,40,t=40,1.0
3,0.0,0.805,0.195,1176.6783951254358,20.800334327912694,0.0,30,40,t=40,1.0
4,0.0,0.765,0.235,1278.4519307374944,24.660452629235508,0.0,30,40,t=40,1.0
5,0.0,0.725,0.275,1384.8016222738322,28.46992180318894,0.0,30,40,t=40,1.0
6,0.0,0.68,0.32,1547.9168131207923,34.16222128493135,0.0,30,40,t=40,1.0
7,0.0,0.645,0.355,1636.036354831369,38.11279442382096,0.0,30,40,t=40,1.0
8,0.0,0.625,0.375,1664.269095370096,39.69114564288037,0.0,30,40,t=40,1.0
9,0.0,0.585,0.415,1699.5746483603452,42.0944389964385,0.0,30,40,t=40,1.0
10,0.0,0.54,0.46,1732.664384093192,45.28246574566145,0.0,30,40,t=40,1.0
11,0.0,0.515,0.485,1745.9166783211913,47.386723149625986,0.0,30,40,t=40,1.0
12,0.0,0.485,0.515,1751.213833434536,48.959949534890626,0.0,30,40,t=40,1.0
13,0.0,0.465,0.535,1752.6767156263172,49.89188203655403,0.0,30,40,t=40,1.0
14,0.0,0.44,0.56,1751.5463866496445,51.79397959706918,0.0,30,40,t=40,1.0
15,0.0,0.42,0.58,1746.4038221039891,53.38314759359238,0.0,30,40,t=40,1.0
16,0.0,0.39,0.61,1738.6238181211395,54.79433304482138,0.0,30,40,t=40,1.0
17,0.0,0.385,0.615,1736.6096037220832,55.08872011849765,0.0,30,40,t=40,1.0
18,0.0,0.355,0.645,1713.5681224656153,57.72026235512607,0.0,30,40,t=40,1.0
19,0.0,0.33,0.67,1687.2099542341075,59.8807249209103,0.0,30,40,t=40,1.0
20,0.0,0.32,0.68,1681.1399304681881,60.30760430446241,0.0,30,40,t=40,1.0
21,0.0,0.3,0.7,1668.6868599222548,61.14318038919639,0.0,30,40,t=40,1.0
22,0.0,0.3,0.7,1668.6868599222548,61.14318038919639,0.0,30,40,t=40,1.0
23,0.0,0.285,0.715,1643.1298275721092,62.6818428271813,0.0,30,40,t=40,1.0
24,0.0,0.26,0.74,1609.6405865621632,64.45760357525899,0.0,30,40,t=40,1.0
25,0.0,0.25,0.75,1596.202304248984,65.1074506349432,0.0,30,40,t=40,1.0
26,0.0,0.245,0.755,1588.977912586935,65.44545684046611,0.0,30,40,t=40,1.0
27,0.0,0.24,0.76,1585.0617808361665,65.62858883634789,0.0,30,40,t=40,1.0
28,0.0,0.235,0.765,1584.1574112128892,65.67041076142155,0.0,30,40,t=40,1.0
29,0.0,0.22,0.78,1533.0728129314766,67.8927461860249,0.0,30,40,t=40,1.0
30,0.0,0.21,0.79,1509.2564817238558,68.83070949506936,0.0,30,40,t=40,1.0
31,0.0,0.205,0.795,1502.014143187982,69.10768755689053,0.0,30,40,t=40,1.0
32,0.0,0.2,0.8,1496.0270745163639,69.33549446150063,0.0,30,40,t=40,1.0
33,0.0,0.19,0.81,1481.5927169769457,69.87603129352962,0.0,30,40,t=40,1.0
34,0.0,0.19,0.81,1481.5927169769457,69.87603129352962,0.0,30,40,t=40,1.0
35,0.0,0.18,0.82,1469.934536855957,70.29788107900447,0.0,30,40,t=40,1.0
36,0.0,0.165,0.835,1439.92982172806,71.3516604228487,0.0,30,40,t=40,1.0
37,0.0,0.155,0.845,1421.9454764347893,71.96315285974316,0.0,30,40,t=40,1.0
38,0.0,0.145,0.855,1395.9943805549885,72.82272359763607,0.0,30,40,t=40,1.0
39,0.0,0.13,0.87,1369.7261725411577,73.65727918094149,0.0,30,40,t=40,1.0
40,0.0,0.125,0.875,1366.5562882618558,73.75681078381137,1.0,30,40,t=40,1.0
41,0.0,0.125,0.875,1366.5562882618558,73.75681078381137,1.0,30,40,t=40,1.0
42,0.0,0.125,0.875,1366.5562882618558,73.75681078381137,1.0,30,40,t=40,1.0
43,0.0,0.125,0.875,1366.5562882618558,73.75681078381137,1.0,30,40,t=40,1.0
44,0.0,0.125,0.875,1366.5562882618558,73.75681078381137,1.0,30,40,t=40,1.0
0,0.0,0.94,0.06,848.483465865738,6.070352953317068,0.0,30,60,t=60,1.0
1,0.0,0.895,0.105,964.2773139315796,11.907899643018244,0.0,30,60,t=60,1.0
2,0.0,0.85,0.15,1032.9460243961432,14.922277693105553,0.0,30,60,t=60,1.0
3,0.0,0.805,0.195,1176.6783951254358,20.800334327912694,0.0,30,60,t=60,1.0
4,0.0,0.765,0.235,1278.4519307374944,24.660452629235508,0.0,30,60,t=60,1.0
5,0.0,0.725,0.275,1384.8016222738322,28.46992180318894,0.0,30,60,t=60,1.0
6,0.0,0.68,0.32,1547.9168131207923,34.16222128493135,0.0,30,60,t=60,1.0
7,0.0,0.645,0.355,1636.036354831369,38.11279442382096,0.0,30,60,t=60,1.0
8,0.0,0.625,0.375,1664.269095370096,39.69114564288037,0.0,30,60,t=60,1.0
9,0.0,0.585,0.415,1699.5746483603452,42.0944389964385,0.0,30,60,t=60,1.0
10,0.0,0.54,0.46,1732.664384093192,45.28246574566145,0.0,30,60,t=60,1.0
11,0.0,0.515,0.485,1745.9166783211913,47.386723149625986,0.0,30,60,t=60,1.0
12,0.0,0.485,0.515,1751.213833434536,48.959949534890626,0.0,30,60,t=60,1.0
13,0.0,0.465,0.535,1752.6767156263172,49.89188203655403,0.0,30,60,t=60,1.0
14,0.0,0.44,0.56,1751.5463866496445,51.79397959706918,0.0,30,60,t=60,1.0
15,0.0,0.42,0.58,1746.4038221039891,53.38314759359238,0.0,30,60,t=60,1.0
16,0.0,0.39,0.61,1738.6238181211395,54.79433304482138,0.0,30,60,t=60,1.0
17,0.0,0.385,0.615,1736.6096037220832,55.08872011849765,0.0,30,60,t=60,1.0
18,0.0,0.355,0.645,1713.5681224656153,57.72026235512607,0.0,30,60,t=60,1.0
19,0.0,0.33,0.67,1687.2099542341075,59.8807249209103,0.0,30,60,t=60,1.0
20,0.0,0.32,0.68,1681.1399304681881,60.30760430446241,0.0,30,60,t=60,1.0
21,0.0,0.3,0.7,1668.6868599222548,61.14318038919639,0.0,30,60,t=60,1.0
22,0.0,0.3,0.7,1668.6868599222548,61.14318038919639,0.0,30,60,t=60,1.0
23,0.0,0.285,0.715,1643.1298275721092,62.6818428271813,0.0,30,60,t=60,1.0
24,0.0,0.26,0.74,1609.6405865621632,64.45760357525899,0.0,30,60,t=60,1.0
25,0.0,0.25,0.75,1596.202304248984,65.1074506349432,0.0,30,60,t=60,1.0
26,0.0,0.245,0.755,1588.977912586935,65.44545684046611,0.0,30,60,t=60,1.0
27,0.0,0.24,0.76,1585.0617808361665,65.62858883634789,0.0,30,60,t=60,1.0
28,0.0,0.235,0.765,1584.1574112128892,65.67041076142155,0.0,30,60,t=60,1.0
29,0.0,0.22,0.78,1533.0728129314766,67.8927461860249,0.0,30,60,t=60,1.0
30,0.0,0.21,0.79,1509.2564817238558,68.83070949506936,0.0,30,60,t=60,1.0
31,0.0,0.205,0.795,1502.014143187982,69.10768755689053,0.0,30,60,t=60,1.0
32,0.0,0.2,0.8,1496.0270745163639,69.33549446150063,0.0,30,60,t=60,1.0
33,0.0,0.19,0.81,1481.5927169769457,69.87603129352962,0.0,30,60,t=60,1.0
34,0.0,0.19,0.81,1481.5927169769457,69.87603129352962,0.0,30,60,t=60,1.0
35,0.0,0.18,0.82,1469.934536855957,70.29788107900447,0.0,30,60,t=60,1.0
36,0.0,0.165,0.835,1439.92982172806,71.3516604228487,0.0,30,60,t=60,1.0
37,0.0,0.155,0.845,1421.9454764347893,71.96315285974316,0.0,30,60,t=60,1.0
38,0.0,0.145,0.855,1395.9943805549885,72.82272359763607,0.0,30,60,t=60,1.0
39,0.0,0.13,0.87,1369.7261725411577,73.65727918094149,0.0,30,60,t=60,1.0
40,0.0,0.125,0.875,1366.5562882618558,73.75681078381137,0.0,30,60,t=60,1.0
41,0.0,0.11,0.89,1346.585558354024,74.37216806364074,0.0,30,60,t=60,1.0
42,0.0,0.11,0.89,1346.585558354024,74.37216806364074,0.0,30,60,t=60,1.0
43,0.0,0.1,0.9,1310.5643846099513,75.45198109995762,0.0,30,60,t=60,1.0
44,0.0,0.1,0.9,1310.5643846099513,75.45198109995762,0.0,30,60,t=60,1.0
45,0.0,0.095,0.905,1292.5007734689311,75.97912897807586,0.0,30,60,t=60,1.0
46,0.0,0.09,0.91,1287.0867406359434,76.13563032674826,0.0,30,60,t=60,1.0
47,0.0,0.085,0.915,1281.0746979711212,76.30698027757987,0.0,30,60,t=60,1.0
48,0.0,0.08,0.92,1271.928411510973,76.56830619651176,0.0,30,60,t=60,1.0
49,0.0,0.08,0.92,1271.928411510973,76.56830619651176,0.0,30,60,t=60,1.0
50,0.0,0.07,0.93,1211.471736038989,78.23206688380188,0.0,30,60,t=60,1.0
51,0.0,0.07,0.93,1211.471736038989,78.23206688380188,0.0,30,60,t=60,1.0
52,0.0,0.065,0.935,1200.2684017906904,78.53252237130931,0.0,30,60,t=60,1.0
53,0.0,0.05,0.95,1168.4333522641114,79.37307713641852,0.0,30,60,t=60,1.0
54,0.0,0.04,0.96,1137.9754090170054,80.15244615359104,0.0,30,60,t=60,1.0
55,0.0,0.04,0.96,1137.9754090170054,80.15244615359104,0.0,30,60,t=60,1.0
56,0.0,0.04,0.96,1137.9754090170054,80.15244615359104,0.0,30,60,t=60,1.0
57,0.0,0.04,0.96,1137.9754090170054,80.15244615359104,0.0,30,60,t=60,1.0
58,0.0,0.04,0.96,1137.9754090170054,80.15244615359104,0.0,30,60,t=60,1.0
59,0.0,0.04,0.96,1137.9754090170054,80.15244615359104,0.0,30,60,t=60,1.0
60,0.0,0.04,0.96,1137.9754090170054,80.15244615359104,1.0,30,60,t=60,1.0
0,0.0,0.94,0.06,848.483465865738,6.070352953317068,0.0,30,80,t=80,1.0
1,0.0,0.895,0.105,964.2773139315796,11.907899643018244,0.0,30,80,t=80,1.0
2,0.0,0.85,0.15,1032.9460243961432,14.922277693105553,0.0,30,80,t=80,1.0
3,0.0,0.805,0.195,1176.6783951254358,20.800334327912694,0.0,30,80,t=80,1.0
4,0.0,0.765,0.235,1278.4519307374944,24.660452629235508,0.0,30,80,t=80,1.0
5,0.0,0.725,0.275,1384.8016222738322,28.46992180318894,0.0,30,80,t=80,1.0
6,0.0,0.68,0.32,1547.9168131207923,34.16222128493135,0.0,30,80,t=80,1.0
7,0.0,0.645,0.355,1636.036354831369,38.11279442382096,0.0,30,80,t=80,1.0
8,0.0,0.625,0.375,1664.269095370096,39.69114564288037,0.0,30,80,t=80,1.0
9,0.0,0.585,0.415,1699.5746483603452,42.0944389964385,0.0,30,80,t=80,1.0
10,0.0,0.54,0.46,1732.664384093192,45.28246574566145,0.0,30,80,t=80,1.0
11,0.0,0.515,0.485,1745.9166783211913,47.386723149625986,0.0,30,80,t=80,1.0
12,0.0,0.485,0.515,1751.213833434536,48.959949534890626,0.0,30,80,t=80,1.0
13,0.0,0.465,0.535,1752.6767156263172,49.89188203655403,0.0,30,80,t=80,1.0
14,0.0,0.44,0.56,1751.5463866496445,51.79397959706918,0.0,30,80,t=80,1.0
15,0.0,0.42,0.58,1746.4038221039891,53.38314759359238,0.0,30,80,t=80,1.0
16,0.0,0.39,0.61,1738.6238181211395,54.79433304482138,0.0,30,80,t=80,1.0
17,0.0,0.385,0.615,1736.6096037220832,55.08872011849765,0.0,30,80,t=80,1.0
18,0.0,0.355,0.645,1713.5681224656153,57.72026235512607,0.0,30,80,t=80,1.0
19,0.0,0.33,0.67,1687.2099542341075,59.8807249209103,0.0,30,80,t=80,1.0
20,0.0,0.32,0.68,1681.1399304681881,60.30760430446241,0.0,30,80,t=80,1.0
21,0.0,0.3,0.7,1668.6868599222548,61.14318038919639,0.0,30,80,t=80,1.0
22,0.0,0.3,0.7,1668.6868599222548,61.14318038919639,0.0,30,80,t=80,1.0
23,0.0,0.285,0.715,1643.1298275721092,62.6818428271813,0.0,30,80,t=80,1.0
24,0.0,0.26,0.74,1609.6405865621632,64.45760357525899,0.0,30,80,t=80,1.0
25,0.0,0.25,0.75,1596.202304248984,65.1074506349432,0.0,30,80,t=80,1.0
26,0.0,0.245,0.755,1588.977912586935,65.44545684046611,0.0,30,80,t=80,1.0
27,0.0,0.24,0.76,1585.0617808361665,65.62858883634789,0.0,30,80,t=80,1.0
28,0.0,0.235,0.765,1584.1574112128892,65.67041076142155,0.0,30,80,t=80,1.0
29,0.0,0.22,0.78,1533.0728129314766,67.8927461860249,0.0,30,80,t=80,1.0
30,0.0,0.21,0.79,1509.2564817238558,68.83070949506936,0.0,30,80,t=80,1.0
31,0.0,0.205,0.795,1502.014143187982,69.10768755689053,0.0,30,80,t=80,1.0
32,0.0,0.2,0.8,1496.0270745163639,69.33549446150063,0.0,30,80,t=80,1.0
33,0.0,0.19,0.81,1481.5927169769457,69.87603129352962,0.0,30,80,t=80,1.0
34,0.0,0.19,0.81,1481.5927169769457,69.87603129352962,0.0,30,80,t=80,1.0
35,0.0,0.18,0.82,1469.934536855957,70.29788107900447,0.0,30,80,t=80,1.0
36,0.0,0.165,0.835,1439.92982172806,71.3516604228487,0.0,30,80,t=80,1.0
37,0.0,0.155,0.845,1421.9454764347893,71.96315285974316,0.0,30,80,t=80,1.0
38,0.0,0.145,0.855,1395.9943805549885,72.82272359763607,0.0,30,80,t=80,1.0
39,0.0,0.13,0.87,1369.7261725411577,73.65727918094149,0.0,30,80,t=80,1.0
40,0.0,0.125,0.875,1366.5562882618558,73.75681078381137,0.0,30,80,t=80,1.0
41,0.0,0.11,0.89,1346.585558354024,74.37216806364074,0.0,30,80,t=80,1.0
42,0.0,0.11,0.89,1346.585558354024,74.37216806364074,0.0,30,80,t=80,1.0
43,0.0,0.1,0.9,1310.5643846099513,75.45198109995762,0.0,30,80,t=80,1.0
44,0.0,0.1,0.9,1310.5643846099513,75.45198109995762,0.0,30,80,t=80,1.0
45,0.0,0.095,0.905,1292.5007734689311,75.97912897807586,0.0,30,80,t=80,1.0
46,0.0,0.09,0.91,1287.0867406359434,76.13563032674826,0.0,30,80,t=80,1.0
47,0.0,0.085,0.915,1281.0746979711212,76.30698027757987,0.0,30,80,t=80,1.0
48,0.0,0.08,0.92,1271.928411510973,76.56830619651176,0.0,30,80,t=80,1.0
49,0.0,0.08,0.92,1271.928411510973,76.56830619651176,0.0,30,80,t=80,1.0
50,0.0,0.07,0.93,1211.471736038989,78.23206688380188,0.0,30,80,t=80,1.0
51,0.0,0.07,0.93,1211.471736038989,78.23206688380188,0.0,30,80,t=80,1.0
52,0.0,0.065,0.935,1200.2684017906904,78.53252237130931,0.0,30,80,t=80,1.0
53,0.0,0.05,0.95,1168.4333522641114,79.37307713641852,0.0,30,80,t=80,1.0
54,0.0,0.04,0.96,1137.9754090170054,80.15244615359104,0.0,30,80,t=80,1.0
55,0.0,0.04,0.96,1137.9754090170054,80.15244615359104,0.0,30,80,t=80,1.0
56,0.0,0.04,0.96,1137.9754090170054,80.15244615359104,0.0,30,80,t=80,1.0
57,0.0,0.04,0.96,1137.9754090170054,80.15244615359104,0.0,30,80,t=80,1.0
58,0.0,0.04,0.96,1137.9754090170054,80.15244615359104,0.0,30,80,t=80,1.0
59,0.0,0.04,0.96,1137.9754090170054,80.15244615359104,0.0,30,80,t=80,1.0
60,0.0,0.04,0.96,1137.9754090170054,80.15244615359104,0.0,30,80,t=80,1.0
61,0.0,0.035,0.965,1130.040204243342,80.35290088550471,0.0,30,80,t=80,1.0
62,0.0,0.035,0.965,1130.040204243342,80.35290088550471,0.0,30,80,t=80,1.0
63,0.0,0.03,0.97,1127.1563945294356,80.42537820526829,0.0,30,80,t=80,1.0
64,0.0,0.03,0.97,1127.1563945294356,80.42537820526829,0.0,30,80,t=80,1.0
65,0.0,0.03,0.97,1127.1563945294356,80.42537820526829,0.0,30,80,t=80,1.0
66,0.0,0.025,0.975,1100.3157044984764,81.09701955210724,0.0,30,80,t=80,1.0
67,0.0,0.02,0.98,1091.6420828867917,81.31044023273171,0.0,30,80,t=80,1.0
68,0.0,0.02,0.98,1091.6420828867917,81.31044023273171,0.0,30,80,t=80,1.0
69,0.0,0.015,0.985,1080.1790594175613,81.59355444096457,0.0,30,80,t=80,1.0
70,0.0,0.01,0.99,1069.5055507589668,81.85434386798111,0.0,30,80,t=80,1.0
71,0.0,0.01,0.99,1069.5055507589668,81.85434386798111,0.0,30,80,t=80,1.0
72,0.0,0.01,0.99,1069.5055507589668,81.85434386798111,0.0,30,80,t=80,1.0
73,0.0,0.01,0.99,1069.5055507589668,81.85434386798111,0.0,30,80,t=80,1.0
74,0.0,0.01,0.99,1069.5055507589668,81.85434386798111,0.0,30,80,t=80,1.0
75,0.0,0.01,0.99,1069.5055507589668,81.85434386798111,0.0,30,80,t=80,1.0
76,0.0,0.01,0.99,1069.5055507589668,81.85434386798111,0.0,30,80,t=80,1.0
77,0.0,0.01,0.99,1069.5055507589668,81.85434386798111,0.0,30,80,t=80,1.0
78,0.0,0.01,0.99,1069.5055507589668,81.85434386798111,0.0,30,80,t=80,1.0
79,0.0,0.01,0.99,1069.5055507589668,81.85434386798111,0.0,30,80,t=80,1.0
80,0.0,0.01,0.99,1069.5055507589668,81.85434386798111,1.0,30,80,t=80,1.0
0,0.0,0.94,0.06,1099.8883435125904,8.171667175452075,0.0,29,-1,never,1.0
1,0.0,0.89,0.11,1218.9619306894817,13.772554717056444,0.0,29,-1,never,1.0
2,0.0,0.85,0.15,1323.581553950978,18.21611664735036,0.0,29,-1,never,1.0
3,0.0,0.81,0.19,1414.270167115919,21.864031563243895,0.0,29,-1,never,1.0
4,0.0,0.775,0.225,1487.3693460258974,24.676290938677237,0.0,29,-1,never,1.0
5,0.0,0.74,0.26,1590.6902400458898,28.465148106529746,0.0,29,-1,never,1.0
6,0.0,0.7,0.3,1667.7687352987105,31.16959481254351,0.0,29,-1,never,1.0
7,0.0,0.655,0.345,1781.800553863078,35.348618045766415,0.0,29,-1,never,1.0
8,0.0,0.62,0.38,1850.0168090100206,38.53043346093023,0.0,29,-1,never,1.0
9,0.0,0.585,0.415,1893.227365411846,41.1388275564331,0.0,29,-1,never,1.0
10,0.0,0.555,0.445,1941.356737957035,45.58177760768194,0.0,29,-1,never,1.0
11,0.0,0.525,0.475,1952.4779165566206,47.54577663642989,0.0,29,-1,never,1.0
12,0.0,0.5,0.5,1957.0648398901278,49.209154401426424,0.0,29,-1,never,1.0
13,0.0,0.48,0.52,1957.7633969035896,50.49719115163789,0.0,29,-1,never,1.0
14,0.0,0.44,0.56,1945.2499376742405,54.15394876632337,0.0,29,-1,never,1.0
15,0.0,0.425,0.575,1935.5011456154168,55.502707133511805,0.0,29,-1,never,1.0
16,0.0,0.395,0.605,1921.9600684977363,56.95561221170591,0.0,29,-1,never,1.0
17,0.0,0.38,0.62,1904.7835136081649,58.45456121933318,0.0,29,-1,never,1.0
18,0.0,0.35,0.65,1879.544246150038,60.25785151546482,0.0,29,-1,never,1.0
19,0.0,0.33,0.67,1860.8711391964703,61.41976410824258,0.0,29,-1,never,1.0
20,0.0,0.315,0.685,1836.379373402272,62.779006285501815,0.0,29,-1,never,1.0
21,0.0,0.305,0.695,1828.839512213689,63.17191065763552,0.0,29,-1,never,1.0
22,0.0,0.275,0.725,1790.1911403116185,65.02424114952464,0.0,29,-1,never,1.0
23,0.0,0.27,0.73,1778.3291253337952,65.54737303304593,0.0,29,-1,never,1.0
24,0.0,0.265,0.735,1775.67910417104,65.66194984446153,0.0,29,-1,never,1.0
25,0.0,0.25,0.75,1767.8884195830544,65.99593681105642,0.0,29,-1,never,1.0
26,0.0,0.235,0.765,1744.7507292161763,66.94890116081773,0.0,29,-1,never,1.0
27,0.0,0.22,0.78,1726.7887205237093,67.66300313296034,0.0,29,-1,never,1.0
28,0.0,0.2,0.8,1698.014689380228,68.74301400457594,0.0,29,-1,never,1.0
29,0.0,0.195,0.805,1690.5749209146354,69.01314477340591,0.0,29,-1,never,1.0
30,0.0,0.185,0.815,1668.68691704491,69.79205137721918,0.0,29,-1,never,1.0
31,0.0,0.165,0.835,1632.8324430363557,71.00805111809491,0.0,29,-1,never,1.0
32,0.0,0.155,0.845,1614.4329087821154,71.60973048938253,0.0,29,-1,never,1.0
33,0.0,0.145,0.855,1603.0511454018658,71.97306586821267,0.0,29,-1,never,1.0
34,0.0,0.14,0.86,1597.9804336943555,72.13241495787304,0.0,29,-1,never,1.0
35,0.0,0.125,0.875,1570.4316482177055,72.98701809262523,0.0,29,-1,never,1.0
36,0.0,0.12,0.88,1558.036467146382,73.3590551361992,0.0,29,-1,never,1.0
37,0.0,0.11,0.89,1550.065597289415,73.59565086674753,0.0,29,-1,never,1.0
38,0.0,0.105,0.895,1528.8358470147398,74.22143330661876,0.0,29,-1,never,1.0
39,0.0,0.105,0.895,1528.8358470147398,74.22143330661876,0.0,29,-1,never,1.0
40,0.0,0.105,0.895,1528.8358470147398,74.22143330661876,0.0,29,-1,never,1.0
41,0.0,0.105,0.895,1528.8358470147398,74.22143330661876,0.0,29,-1,never,1.0
42,0.0,0.095,0.905,1503.0809494535345,74.9568756042789,0.0,29,-1,never,1.0
43,0.0,0.09,0.91,1486.0511972577876,75.43168885578537,0.0,29,-1,never,1.0
44,0.0,0.085,0.915,1460.9801814696552,76.11567536402617,0.0,29,-1,never,1.0
45,0.0,0.085,0.915,1460.9801814696552,76.11567536402617,0.0,29,-1,never,1.0
46,0.0,0.08,0.92,1446.1444441663211,76.51725786064128,0.0,29,-1,never,1.0
47,0.0,0.075,0.925,1442.5071485132507,76.61406154522035,0.0,29,-1,never,1.0
48,0.0,0.075,0.925,1442.5071485132507,76.61406154522035,0.0,29,-1,never,1.0
49,0.0,0.07,0.93,1432.6264222777081,76.87548913358864,0.0,29,-1,never,1.0
50,0.0,0.07,0.93,1432.6264222777081,76.87548913358864,0.0,29,-1,never,1.0
51,0.0,0.07,0.93,1432.6264222777081,76.87548913358864,0.0,29,-1,never,1.0
52,0.0,0.055,0.945,1414.2198897070516,77.35867150666706,0.0,29,-1,never,1.0
53,0.0,0.05,0.95,1406.4041011378022,77.56032973107395,0.0,29,-1,never,1.0
54,0.0,0.05,0.95,1406.4041011378022,77.56032973107395,0.0,29,-1,never,1.0
55,0.0,0.045,0.955,1387.8960027463472,78.03782251032379,0.0,29,-1,never,1.0
56,0.0,0.045,0.955,1387.8960027463472,78.03782251032379,0.0,29,-1,never,1.0
57,0.0,0.045,0.955,1387.8960027463472,78.03782251032379,0.0,29,-1,never,1.0
58,0.0,0.035,0.965,1372.8376299203,78.41730283108771,0.0,29,-1,never,1.0
59,0.0,0.035,0.965,1372.8376299203,78.41730283108771,0.0,29,-1,never,1.0
60,0.0,0.025,0.975,1368.3545170634243,78.52956000555392,0.0,29,-1,never,1.0
61,0.0,0.025,0.975,1368.3545170634243,78.52956000555392,0.0,29,-1,never,1.0
62,0.0,0.02,0.98,1357.2849134581784,78.8052910073528,0.0,29,-1,never,1.0
63,0.0,0.02,0.98,1357.2849134581784,78.8052910073528,0.0,29,-1,never,1.0
64,0.0,0.015,0.985,1335.833574515435,79.33599378070411,0.0,29,-1,never,1.0
65,0.0,0.015,0.985,1335.833574515435,79.33599378070411,0.0,29,-1,never,1.0
66,0.0,0.015,0.985,1335.833574515435,79.33599378070411,0.0,29,-1,never,1.0
67,0.0,0.015,0.985,1335.833574515435,79.33599378070411,0.0,29,-1,never,1.0
68,0.0,0.01,0.99,1307.0916040719767,80.03345828908424,0.0,29,-1,never,1.0
69,0.0,0.01,0.99,1307.0916040719767,80.03345828908424,0.0,29,-1,never,1.0
70,0.0,0.01,0.99,1307.0916040719767,80.03345828908424,0.0,29,-1,never,1.0
71,0.0,0.01,0.99,1307.0916040719767,80.03345828908424,0.0,29,-1,never,1.0
72,0.0,0.01,0.99,1307.0916040719767,80.03345828908424,0.0,29,-1,never,1.0
0,0.0,0.94,0.06,1099.8883435125904,8.171667175452075,1.0,29,0,t=0,1.0
1,0.0,0.89,0.11,1218.9619306894817,13.772554717056444,1.0,29,0,t=0,1.0
2,0.0,0.85,0.15,1323.581553950978,18.21611664735036,1.0,29,0,t=0,1.0
3,0.0,0.81,0.19,1414.270167115919,21.864031563243895,1.0,29,0,t=0,1.0
4,0.0,0.775,0.225,1487.3693460258974,24.676290938677237,1.0,29,0,t=0,1.0
5,0.0,0.74,0.26,1590.6902400458898,28.465148106529746,1.0,29,0,t=0,1.0
6,0.0,0.7,0.3,1667.7687352987105,31.16959481254351,1.0,29,0,t=0,1.0
7,0.0,0.7,0.3,1667.7687352987105,31.16959481254351,1.0,29,0,t=0,1.0
8,0.0,0.7,0.3,1667.7687352987105,31.16959481254351,1.0,29,0,t=0,1.0
9,0.0,0.7,0.3,1667.7687352987105,31.16959481254351,1.0,29,0,t=0,1.0
10,0.0,0.7,0.3,1667.7687352987105,31.16959481254351,1.0,29,0,t=0,1.0
0,0.0,0.94,0.06,1099.8883435125904,8.171667175452075,0.0,29,10,t=10,1.0
1,0.0,0.89,0.11,1218.9619306894817,13.772554717056444,0.0,29,10,t=10,1.0
2,0.0,0.85,0.15,1323.581553950978,18.21611664735036,0.0,29,10,t=10,1.0
3,0.0,0.81,0.19,1414.270167115919,21.864031563243895,0.0,29,10,t=10,1.0
4,0.0,0.775,0.225,1487.3693460258974,24.676290938677237,0.0,29,10,t=10,1.0
5,0.0,0.74,0.26,1590.6902400458898,28.465148106529746,0.0,29,10,t=10,1.0
6,0.0,0.7,0.3,1667.7687352987105,31.16959481254351,0.0,29,10,t=10,1.0
7,0.0,0.655,0.345,1781.800553863078,35.348618045766415,0.0,29,10,t=10,1.0
8,0.0,0.62,0.38,1850.0168090100206,38.53043346093023,0.0,29,10,t=10,1.0
9,0.0,0.585,0.415,1893.227365411846,41.1388275564331,0.0,29,10,t=10,1.0
10,0.0,0.555,0.445,1941.356737957035,45.58177760768194,1.0,29,10,t=10,1.0
11,0.0,0.555,0.445,1941.356737957035,45.58177760768194,1.0,29,10,t=10,1.0
12,0.0,0.555,0.445,1941.356737957035,45.58177760768194,1.0,29,10,t=10,1.0
13,0.0,0.555,0.445,1941.356737957035,45.58177760768194,1.0,29,10,t=10,1.0
14,0.0,0.555,0.445,1941.356737957035,45.58177760768194,1.0,29,10,t=10,1.0
0,0.0,0.94,0.06,1099.8883435125904,8.171667175452075,0.0,29,20,t=20,1.0
1,0.0,0.89,0.11,1218.9619306894817,13.772554717056444,0.0,29,20,t=20,1.0
2,0.0,0.85,0.15,1323.581553950978,18.21611664735036,0.0,29,20,t=20,1.0
3,0.0,0.81,0.19,1414.270167115919,21.864031563243895,0.0,29,20,t=20,1.0
4,0.0,0.775,0.225,1487.3693460258974,24.676290938677237,0.0,29,20,t=20,1.0
5,0.0,0.74,0.26,1590.6902400458898,28.465148106529746,0.0,29,20,t=20,1.0
6,0.0,0.7,0.3,1667.7687352987105,31.16959481254351,0.0,29,20,t=20,1.0
7,0.0,0.655,0.345,1781.800553863078,35.348618045766415,0.0,29,20,t=20,1.0
8,0.0,0.62,0.38,1850.0168090100206,38.53043346093023,0.0,29,20,t=20,1.0
9,0.0,0.585,0.415,1893.227365411846,41.1388275564331,0.0,29,20,t=20,1.0
10,0.0,0.555,0.445,1941.356737957035,45.58177760768194,0.0,29,20,t=20,1.0
11,0.0,0.525,0.475,1952.4779165566206,47.54577663642989,0.0,29,20,t=20,1.0
12,0.0,0.5,0.5,1957.0648398901278,49.209154401426424,0.0,29,20,t=20,1.0
13,0.0,0.48,0.52,1957.7633969035896,50.49719115163789,0.0,29,20,t=20,1.0
14,0.0,0.44,0.56,1945.2499376742405,54.15394876632337,0.0,29,20,t=20,1.0
15,0.0,0.425,0.575,1935.5011456154168,55.502707133511805,0.0,29,20,t=20,1.0
16,0.0,0.395,0.605,1921.9600684977363,56.95561221170591,0.0,29,20,t=20,1.0
17,0.0,0.38,0.62,1904.7835136081649,58.45456121933318,0.0,29,20,t=20,1.0
18,0.0,0.35,0.65,1879.544246150038,60.25785151546482,0.0,29,20,t=20,1.0
19,0.0,0.33,0.67,1860.8711391964703,61.41976410824258,0.0,29,20,t=20,1.0
20,0.0,0.315,0.685,1836.379373402272,62.779006285501815,1.0,29,20,t=20,1.0
21,0.0,0.315,0.685,1836.379373402272,62.779006285501815,1.0,29,20,t=20,1.0
22,0.0,0.315,0.685,1836.379373402272,62.779006285501815,1.0,29,20,t=20,1.0
23,0.0,0.315,0.685,1836.379373402272,62.779006285501815,1.0,29,20,t=20,1.0
24,0.0,0.315,0.685,1836.379373402272,62.779006285501815,1.0,29,20,t=20,1.0
0,0.0,0.94,0.06,1099.8883435125904,8.171667175452075,0.0,29,40,t=40,1.0
1,0.0,0.89,0.11,1218.9619306894817,13.772554717056444,0.0,29,40,t=40,1.0
2,0.0,0.85,0.15,1323.581553950978,18.21611664735036,0.0,29,40,t=40,1.0
3,0.0,0.81,0.19,1414.270167115919,21.864031563243895,0.0,29,40,t=40,1.0
4,0.0,0.775,0.225,1487.3693460258974,24.676290938677237,0.0,29,40,t=40,1.0
5,0.0,0.74,0.26,1590.6902400458898,28.465148106529746,0.0,29,40,t=40,1.0
6,0.0,0.7,0.3,1667.7687352987105,31.16959481254351,0.0,29,40,t=40,1.0
7,0.0,0.655,0.345,1781.800553863078,35.348618045766415,0.0,29,40,t=40,1.0
8,0.0,0.62,0.38,1850.0168090100206,38.53043346093023,0.0,29,40,t=40,1.0
9,0.0,0.585,0.415,1893.227365411846,41.1388275564331,0.0,29,40,t=40,1.0
10,0.0,0.555,0.445,1941.356737957035,45.58177760768194,0.0,29,40,t=40,1.0
11,0.0,0.525,0.475,1952.4779165566206,47.54577663642989,0.0,29,40,t=40,1.0
12,0.0,0.5,0.5,1957.0648398901278,49.209154401426424,0.0,29,40,t=40,1.0
13,0.0,0.48,0.52,1957.7633969035896,50.49719115163789,0.0,29,40,t=40,1.0
14,0.0,0.44,0.56,1945.2499376742405,54.15394876632337,0.0,29,40,t=40,1.0
15,0.0,0.425,0.575,1935.5011456154168,55.502707133511805,0.0,29,40,t=40,1.0
16,0.0,0.395,0.605,1921.9600684977363,56.95561221170591,0.0,29,40,t=40,1.0
17,0.0,0.38,0.62,1904.7835136081649,58.45456121933318,0.0,29,40,t=40,1.0
18,0.0,0.35,0.65,1879.544246150038,60.25785151546482,0.0,29,40,t=40,1.0
19,0.0,0.33,0.67,1860.8711391964703,61.41976410824258,0.0,29,40,t=40,1.0
20,0.0,0.315,0.685,1836.379373402272,62.779006285501815,0.0,29,40,t=40,1.0
21,0.0,0.305,0.695,1828.839512213689,63.17191065763552,0.0,29,40,t=40,1.0
22,0.0,0.275,0.725,1790.1911403116185,65.02424114952464,0.0,29,40,t=40,1.0
23,0.0,0.27,0.73,1778.3291253337952,65.54737303304593,0.0,29,40,t=40,1.0
24,0.0,0.265,0.735,1775.67910417104,65.66194984446153,0.0,29,40,t=40,1.0
25,0.0,0.25,0.75,1767.8884195830544,65.99593681105642,0.0,29,40,t=40,1.0
26,0.0,0.235,0.765,1744.7507292161763,66.94890116081773,0.0,29,40,t=40,1.0
27,0.0,0.22,0.78,1726.7887205237093,67.66300313296034,0.0,29,40,t=40,1.0
28,0.0,0.2,0.8,1698.014689380228,68.74301400457594,0.0,29,40,t=40,1.0
29,0.0,0.195,0.805,1690.5749209146354,69.01314477340591,0.0,29,40,t=40,1.0
30,0.0,0.185,0.815,1668.68691704491,69.79205137721918,0.0,29,40,t=40,1.0
31,0.0,0.165,0.835,1632.8324430363557,71.00805111809491,0.0,29,40,t=40,1.0
32,0.0,0.155,0.845,1614.4329087821154,71.60973048938253,0.0,29,40,t=40,1.0
33,0.0,0.145,0.855,1603.0511454018658,71.97306586821267,0.0,29,40,t=40,1.0
34,0.0,0.14,0.86,1597.9804336943555,72.13241495787304,0.0,29,40,t=40,1.0
35,0.0,0.125,0.875,1570.4316482177055,72.98701809262523,0.0,29,40,t=40,1.0
36,0.0,0.12,0.88,1558.036467146382,73.3590551361992,0.0,29,40,t=40,1.0
37,0.0,0.11,0.89,1550.065597289415,73.59565086674753,0.0,29,40,t=40,1.0
38,0.0,0.105,0.895,1528.8358470147398,74.22143330661876,0.0,29,40,t=40,1.0
39,0.0,0.105,0.895,1528.8358470147398,74.22143330661876,0.0,29,40,t=40,1.0
40,0.0,0.105,0.895,1528.8358470147398,74.22143330661876,1.0,29,40,t=40,1.0
41,0.0,0.105,0.895,1528.8358470147398,74.22143330661876,1.0,29,40,t=40,1.0
42,0.0,0.105,0.895,1528.8358470147398,74.22143330661876,1.0,29,40,t=40,1.0
0,0.0,0.94,0.06,1099.8883435125904,8.171667175452075,0.0,29,60,t=60,1.0
1,0.0,0.89,0.11,1218.9619306894817,13.772554717056444,0.0,29,60,t=60,1.0
2,0.0,0.85,0.15,1323.581553950978,18.21611664735036,0.0,29,60,t=60,1.0
3,0.0,0.81,0.19,1414.270167115919,21.864031563243895,0.0,29,60,t=60,1.0
4,0.0,0.775,0.225,1487.3693460258974,24.676290938677237,0.0,29,60,t=60,1.0
5,0.0,0.74,0.26,1590.6902400458898,28.465148106529746,0.0,29,60,t=60,1.0
6,0.0,0.7,0.3,1667.7687352987105,31.16959481254351,0.0,29,60,t=60,1.0
7,0.0,0.655,0.345,1781.800553863078,35.348618045766415,0.0,29,60,t=60,1.0
8,0.0,0.62,0.38,1850.0168090100206,38.53043346093023,0.0,29,60,t=60,1.0
9,0.0,0.585,0.415,1893.227365411846,41.1388275564331,0.0,29,60,t=60,1.0
10,0.0,0.555,0.445,1941.356737957035,45.58177760768194,0.0,29,60,t=60,1.0
11,0.0,0.525,0.475,1952.4779165566206,47.54577663642989,0.0,29,60,t=60,1.0
12,0.0,0.5,0.5,1957.0648398901278,49.209154401426424,0.0,29,60,t=60,1.0
13,0.0,0.48,0.52,1957.7633969035896,50.49719115163789,0.0,29,60,t=60,1.0
14,0.0,0.44,0.56,1945.2499376742405,54.15394876632337,0.0,29,60,t=60,1.0
15,0.0,0.425,0.575,1935.5011456154168,55.502707133511805,0.0,29,60,t=60,1.0
16,0.0,0.395,0.605,1921.9600684977363,56.95561221170591,0.0,29,60,t=60,1.0
17,0.0,0.38,0.62,1904.7835136081649,58.45456121933318,0.0,29,60,t=60,1.0
18,0.0,0.35,0.65,1879.544246150038,60.25785151546482,0.0,29,60,t=60,1.0
19,0.0,0.33,0.67,1860.8711391964703,61.41976410824258,0.0,29,60,t=60,1.0
20,0.0,0.315,0.685,1836.379373402272,62.779006285501815,0.0,29,60,t=60,1.0
21,0.0,0.305,0.695,1828.839512213689,63.17191065763552,0.0,29,60,t=60,1.0
22,0.0,0.275,0.725,1790.1911403116185,65.02424114952464,0.0,29,60,t=60,1.0
23,0.0,0.27,0.73,1778.3291253337952,65.54737303304593,0.0,29,60,t=60,1.0
24,0.0,0.265,0.735,1775.67910417104,65.66194984446153,0.0,29,60,t=60,1.0
25,0.0,0.25,0.75,1767.8884195830544,65.99593681105642,0.0,29,60,t=60,1.0
26,0.0,0.235,0.765,1744.7507292161763,66.94890116081773,0.0,29,60,t=60,1.0
27,0.0,0.22,0.78,1726.7887205237093,67.66300313296034,0.0,29,60,t=60,1.0
28,0.0,0.2,0.8,1698.014689380228,68.74301400457594,0.0,29,60,t=60,1.0
29,0.0,0.195,0.805,1690.5749209146354,69.01314477340591,0.0,29,60,t=60,1.0
30,0.0,0.185,0.815,1668.68691704491,69.79205137721918,0.0,29,60,t=60,1.0
31,0.0,0.165,0.835,1632.8324430363557,71.00805111809491,0.0,29,60,t=60,1.0
32,0.0,0.155,0.845,1614.4329087821154,71.60973048938253,0.0,29,60,t=60,1.0
33,0.0,0.145,0.855,1603.0511454018658,71.97306586821267,0.0,29,60,t=60,1.0
34,0.0,0.14,0.86,1597.9804336943555,72.13241495787304,0.0,29,60,t=60,1.0
35,0.0,0.125,0.875,1570.4316482177055,72.98701809262523,0.0,29,60,t=60,1.0
36,0.0,0.12,0.88,1558.036467146382,73.3590551361992,0.0,29,60,t=60,1.0
37,0.0,0.11,0.89,1550.065597289415,73.59565086674753,0.0,29,60,t=60,1.0
38,0.0,0.105,0.895,1528.8358470147398,74.22143330661876,0.0,29,60,t=60,1.0
39,0.0,0.105,0.895,1528.8358470147398,74.22143330661876,0.0,29,60,t=60,1.0
40,0.0,0.105,0.895,1528.8358470147398,74.22143330661876,0.0,29,60,t=60,1.0
41,0.0,0.105,0.895,1528.8358470147398,74.22143330661876,0.0,29,60,t=60,1.0
42,0.0,0.095,0.905,1503.0809494535345,74.9568756042789,0.0,29,60,t=60,1.0
43,0.0,0.09,0.91,1486.0511972577876,75.43168885578537,0.0,29,60,t=60,1.0
44,0.0,0.085,0.915,1460.9801814696552,76.11567536402617,0.0,29,60,t=60,1.0
45,0.0,0.085,0.915,1460.9801814696552,76.11567536402617,0.0,29,60,t=60,1.0
46,0.0,0.08,0.92,1446.1444441663211,76.51725786064128,0.0,29,60,t=60,1.0
47,0.0,0.075,0.925,1442.5071485132507,76.61406154522035,0.0,29,60,t=60,1.0
48,0.0,0.075,0.925,1442.5071485132507,76.61406154522035,0.0,29,60,t=60,1.0
49,0.0,0.07,0.93,1432.6264222777081,76.87548913358864,0.0,29,60,t=60,1.0
50,0.0,0.07,0.93,1432.6264222777081,76.87548913358864,0.0,29,60,t=60,1.0
51,0.0,0.07,0.93,1432.6264222777081,76.87548913358864,0.0,29,60,t=60,1.0
52,0.0,0.055,0.945,1414.2198897070516,77.35867150666706,0.0,29,60,t=60,1.0
53,0.0,0.05,0.95,1406.4041011378022,77.56032973107395,0.0,29,60,t=60,1.0
54,0.0,0.05,0.95,1406.4041011378022,77.56032973107395,0.0,29,60,t=60,1.0
55,0.0,0.045,0.955,1387.8960027463472,78.03782251032379,0.0,29,60,t=60,1.0
56,0.0,0.045,0.955,1387.8960027463472,78.03782251032379,0.0,29,60,t=60,1.0
57,0.0,0.045,0.955,1387.8960027463472,78.03782251032379,0.0,29,60,t=60,1.0
58,0.0,0.035,0.965,1372.8376299203,78.41730283108771,0.0,29,60,t=60,1.0
59,0.0,0.035,0.965,1372.8376299203,78.41730283108771,0.0,29,60,t=60,1.0
60,0.0,0.025,0.975,1368.3545170634243,78.52956000555392,1.0,29,60,t=60,1.0
61,0.0,0.025,0.975,1368.3545170634243,78.52956000555392,1.0,29,60,t=60,1.0
62,0.0,0.025,0.975,1368.3545170634243,78.52956000555392,1.0,29,60,t=60,1.0
63,0.0,0.025,0.975,1368.3545170634243,78.52956000555392,1.0,29,60,t=60,1.0
64,0.0,0.025,0.975,1368.3545170634243,78.52956000555392,1.0,29,60,t=60,1.0
0,0.0,0.94,0.06,1099.8883435125904,8.171667175452075,0.0,29,80,t=80,1.0
1,0.0,0.89,0.11,1218.9619306894817,13.772554717056444,0.0,29,80,t=80,1.0
2,0.0,0.85,0.15,1323.581553950978,18.21611664735036,0.0,29,80,t=80,1.0
3,0.0,0.81,0.19,1414.270167115919,21.864031563243895,0.0,29,80,t=80,1.0
4,0.0,0.775,0.225,1487.3693460258974,24.676290938677237,0.0,29,80,t=80,1.0
5,0.0,0.74,0.26,1590.6902400458898,28.465148106529746,0.0,29,80,t=80,1.0
6,0.0,0.7,0.3,1667.7687352987105,31.16959481254351,0.0,29,80,t=80,1.0
7,0.0,0.655,0.345,1781.800553863078,35.348618045766415,0.0,29,80,t=80,1.0
8,0.0,0.62,0.38,1850.0168090100206,38.53043346093023,0.0,29,80,t=80,1.0
9,0.0,0.585,0.415,1893.227365411846,41.1388275564331,0.0,29,80,t=80,1.0
10,0.0,0.555,0.445,1941.356737957035,45.58177760768194,0.0,29,80,t=80,1.0
11,0.0,0.525,0.475,1952.4779165566206,47.54577663642989,0.0,29,80,t=80,1.0
12,0.0,0.5,0.5,1957.0648398901278,49.209154401426424,0.0,29,80,t=80,1.0
13,0.0,0.48,0.52,1957.7633969035896,50.49719115163789,0.0,29,80,t=80,1.0
14,0.0,0.44,0.56,1945.2499376742405,54.15394876632337,0.0,29,80,t=80,1.0
15,0.0,0.425,0.575,1935.5011456154168,55.502707133511805,0.0,29,80,t=80,1.0
16,0.0,0.395,0.605,1921.9600684977363,56.95561221170591,0.0,29,80,t=80,1.0
17,0.0,0.38,0.62,1904.7835136081649,58.45456121933318,0.0,29,80,t=80,1.0
18,0.0,0.35,0.65,1879.544246150038,60.25785151546482,0.0,29,80,t=80,1.0
19,0.0,0.33,0.67,1860.8711391964703,61.41976410824258,0.0,29,80,t=80,1.0
20,0.0,0.315,0.685,1836.379373402272,62.779006285501815,0.0,29,80,t=80,1.0
21,0.0,0.305,0.695,1828.839512213689,63.17191065763552,0.0,29,80,t=80,1.0
22,0.0,0.275,0.725,1790.1911403116185,65.02424114952464,0.0,29,80,t=80,1.0
23,0.0,0.27,0.73,1778.3291253337952,65.54737303304593,0.0,29,80,t=80,1.0
24,0.0,0.265,0.735,1775.67910417104,65.66194984446153,0.0,29,80,t=80,1.0
25,0.0,0.25,0.75,1767.8884195830544,65.99593681105642,0.0,29,80,t=80,1.0
26,0.0,0.235,0.765,1744.7507292161763,66.94890116081773,0.0,29,80,t=80,1.0
27,0.0,0.22,0.78,1726.7887205237093,67.66300313296034,0.0,29,80,t=80,1.0
28,0.0,0.2,0.8,1698.014689380228,68.74301400457594,0.0,29,80,t=80,1.0
29,0.0,0.195,0.805,1690.5749209146354,69.01314477340591,0.0,29,80,t=80,1.0
30,0.0,0.185,0.815,1668.68691704491,69.79205137721918,0.0,29,80,t=80,1.0
31,0.0,0.165,0.835,1632.8324430363557,71.00805111809491,0.0,29,80,t=80,1.0
32,0.0,0.155,0.845,1614.4329087821154,71.60973048938253,0.0,29,80,t=80,1.0
33,0.0,0.145,0.855,1603.0511454018658,71.97306586821267,0.0,29,80,t=80,1.0
34,0.0,0.14,0.86,1597.9804336943555,72.13241495787304,0.0,29,80,t=80,1.0
35,0.0,0.125,0.875,1570.4316482177055,72.98701809262523,0.0,29,80,t=80,1.0
36,0.0,0.12,0.88,1558.036467146382,73.3590551361992,0.0,29,80,t=80,1.0
37,0.0,0.11,0.89,1550.065597289415,73.59565086674753,0.0,29,80,t=80,1.0
38,0.0,0.105,0.895,1528.8358470147398,74.22143330661876,0.0,29,80,t=80,1.0
39,0.0,0.105,0.895,1528.8358470147398,74.22143330661876,0.0,29,80,t=80,1.0
40,0.0,0.105,0.895,1528.8358470147398,74.22143330661876,0.0,29,80,t=80,1.0
41,0.0,0.105,0.895,1528.8358470147398,74.22143330661876,0.0,29,80,t=80,1.0
42,0.0,0.095,0.905,1503.0809494535345,74.9568756042789,0.0,29,80,t=80,1.0
43,0.0,0.09,0.91,1486.0511972577876,75.43168885578537,0.0,29,80,t=80,1.0
44,0.0,0.085,0.915,1460.9801814696552,76.11567536402617,0.0,29,80,t=80,1.0
45,0.0,0.085,0.915,1460.9801814696552,76.11567536402617,0.0,29,80,t=80,1.0
46,0.0,0.08,0.92,1446.1444441663211,76.51725786064128,0.0,29,80,t=80,1.0
47,0.0,0.075,0.925,1442.5071485132507,76.61406154522035,0.0,29,80,t=80,1.0
48,0.0,0.075,0.925,1442.5071485132507,76.61406154522035,0.0,29,80,t=80,1.0
49,0.0,0.07,0.93,1432.6264222777081,76.87548913358864,0.0,29,80,t=80,1.0
50,0.0,0.07,0.93,1432.6264222777081,76.87548913358864,0.0,29,80,t=80,1.0
51,0.0,0.07,0.93,1432.6264222777081,76.87548913358864,0.0,29,80,t=80,1.0
52,0.0,0.055,0.945,1414.2198897070516,77.35867150666706,0.0,29,80,t=80,1.0
53,0.0,0.05,0.95,1406.4041011378022,77.56032973107395,0.0,29,80,t=80,1.0
54,0.0,0.05,0.95,1406.4041011378022,77.56032973107395,0.0,29,80,t=80,1.0
55,0.0,0.045,0.955,1387.8960027463472,78.03782251032379,0.0,29,80,t=80,1.0
56,0.0,0.045,0.955,1387.8960027463472,78.03782251032379,0.0,29,80,t=80,1.0
57,0.0,0.045,0.955,1387.8960027463472,78.03782251032379,0.0,29,80,t=80,1.0
58,0.0,0.035,0.965,1372.8376299203,78.41730283108771,0.0,29,80,t=80,1.0
59,0.0,0.035,0.965,1372.8376299203,78.41730283108771,0.0,29,80,t=80,1.0
60,0.0,0.025,0.975,1368.3545170634243,78.52956000555392,0.0,29,80,t=80,1.0
61,0.0,0.025,0.975,1368.3545170634243,78.52956000555392,0.0,29,80,t=80,1.0
62,0.0,0.02,0.98,1357.2849134581784,78.8052910073528,0.0,29,80,t=80,1.0
63,0.0,0.02,0.98,1357.2849134581784,78.8052910073528,0.0,29,80,t=80,1.0
64,0.0,0.015,0.985,1335.833574515435,79.33599378070411,0.0,29,80,t=80,1.0
65,0.0,0.015,0.985,1335.833574515435,79.33599378070411,0.0,29,80,t=80,1.0
66,0.0,0.015,0.985,1335.833574515435,79.33599378070411,0.0,29,80,t=80,1.0
67,0.0,0.015,0.985,1335.833574515435,79.33599378070411,0.0,29,80,t=80,1.0
68,0.0,0.01,0.99,1307.0916040719767,80.03345828908424,0.0,29,80,t=80,1.0
69,0.0,0.01,0.99,1307.0916040719767,80.03345828908424,0.0,29,80,t=80,1.0
70,0.0,0.01,0.99,1307.0916040719767,80.03345828908424,0.0,29,80,t=80,1.0
71,0.0,0.01,0.99,1307.0916040719767,80.03345828908424,0.0,29,80,t=80,1.0
72,0.0,0.01,0.99,1307.0916040719767,80.03345828908424,0.0,29,80,t=80,1.0
73,0.0,0.01,0.99,1307.0916040719767,80.03345828908424,0.0,29,80,t=80,1.0
74,0.0,0.005,0.995,1295.4613115703273,80.31203187935486,0.0,29,80,t=80,1.0
75,0.0,0.005,0.995,1295.4613115703273,80.31203187935486,0.0,29,80,t=80,1.0
76,0.0,0.005,0.995,1295.4613115703273,80.31203187935486,0.0,29,80,t=80,1.0
77,0.0,0.005,0.995,1295.4613115703273,80.31203187935486,0.0,29,80,t=80,1.0
78,0.0,0.005,0.995,1295.4613115703273,80.31203187935486,0.0,29,80,t=80,1.0
79,0.0,0.005,0.995,1295.4613115703273,80.31203187935486,0.0,29,80,t=80,1.0
80,0.0,0.005,0.995,1295.4613115703273,80.31203187935486,1.0,29,80,t=80,1.0
0,0.0,0.94,0.06,766.6169726630623,4.3064444733522045,0.0,31,-1,never,1.0
1,0.0,0.89,0.11,830.5405023879005,8.796132687618577,0.0,31,-1,never,1.0
2,0.0,0.845,0.155,951.0887330667415,14.619710880636312,0.0,31,-1,never,1.0
3,0.0,0.795,0.205,1048.3914368837331,18.898753095758476,0.0,31,-1,never,1.0
4,0.0,0.755,0.245,1135.118989819416,22.488013795563255,0.0,31,-1,never,1.0
5,0.0,0.715,0.285,1344.8757033551842,30.45344039700642,0.0,31,-1,never,1.0
6,0.0,0.68,0.32,1446.133279878766,34.017172077467336,0.0,31,-1,never,1.0
7,0.0,0.635,0.365,1523.6005281671635,37.063342137904314,0.0,31,-1,never,1.0
8,0.0,0.595,0.405,1586.5596970978174,40.1534547355945,0.0,31,-1,never,1.0
9,0.0,0.56,0.44,1630.3790355865408,42.973262122682144,0.0,31,-1,never,1.0
10,0.0,0.53,0.47,1674.181859052873,47.57566922828893,0.0,31,-1,never,1.0
11,0.0,0.505,0.495,1682.6488461373724,49.51167763346876,0.0,31,-1,never,1.0
12,0.0,0.48,0.52,1683.76783024363,52.639316303464895,0.0,31,-1,never,1.0
13,0.0,0.44,0.56,1678.0170495188192,54.338625910898116,0.0,31,-1,never,1.0
14,0.0,0.415,0.585,1661.0818944794287,56.89352089923609,0.0,31,-1,never,1.0
15,0.0,0.39,0.61,1645.6005683537028,58.477386288749706,0.0,31,-1,never,1.0
16,0.0,0.375,0.625,1609.788021600195,61.255336684877136,0.0,31,-1,never,1.0
17,0.0,0.35,0.65,1587.6946438904786,62.64015112569999,0.0,31,-1,never,1.0
18,0.0,0.33,0.67,1550.0028606015078,64.68145869871202,0.0,31,-1,never,1.0
19,0.0,0.315,0.685,1539.592479528818,65.1955439245612,0.0,31,-1,never,1.0
20,0.0,0.305,0.695,1517.3669112934874,66.22567745229436,0.0,31,-1,never,1.0
21,0.0,0.295,0.705,1498.708955414008,67.04281336305176,0.0,31,-1,never,1.0
22,0.0,0.28,0.72,1446.9465426322424,69.13535552789097,0.0,31,-1,never,1.0
23,0.0,0.265,0.735,1431.8738611159986,69.70227357673136,0.0,31,-1,never,1.0
24,0.0,0.25,0.75,1412.9508427597232,70.39248620698336,0.0,31,-1,never,1.0
25,0.0,0.25,0.75,1412.9508427597232,70.39248620698336,0.0,31,-1,never,1.0
26,0.0,0.245,0.755,1402.1907439472664,70.77599770588144,0.0,31,-1,never,1.0
27,0.0,0.23,0.77,1376.617164353199,71.65853112344584,0.0,31,-1,never,1.0
28,0.0,0.22,0.78,1336.8072399484893,72.96057766525577,0.0,31,-1,never,1.0
29,0.0,0.205,0.795,1298.1754622425765,74.159176775802,0.0,31,-1,never,1.0
30,0.0,0.19,0.81,1269.8318008308704,75.00855651718113,0.0,31,-1,never,1.0
31,0.0,0.185,0.815,1259.0836950105095,75.32343455049171,0.0,31,-1,never,1.0
32,0.0,0.18,0.82,1253.4929585313228,75.48486599677761,0.0,31,-1,never,1.0
33,0.0,0.165,0.835,1234.1653669661289,76.03500871602444,0.0,31,-1,never,1.0
34,0.0,0.16,0.84,1231.5963184576206,76.10721211715014,0.0,31,-1,never,1.0
35,0.0,0.15,0.85,1203.9059117626427,76.87743089654344,0.0,31,-1,never,1.0
36,0.0,0.145,0.855,1194.0716155470757,77.14742640485127,0.0,31,-1,never,1.0
37,0.0,0.145,0.855,1194.0716155470757,77.14742640485127,0.0,31,-1,never,1.0
38,0.0,0.13,0.87,1154.9169812709956,78.19657030557394,0.0,31,-1,never,1.0
39,0.0,0.12,0.88,1142.2273581808322,78.52797112357075,0.0,31,-1,never,1.0
40,0.0,0.12,0.88,1142.2273581808322,78.52797112357075,0.0,31,-1,never,1.0
41,0.0,0.12,0.88,1142.2273581808322,78.52797112357075,0.0,31,-1,never,1.0
42,0.0,0.115,0.885,1119.0728006200525,79.12432985890612,0.0,31,-1,never,1.0
43,0.0,0.095,0.905,1065.9581142377815,80.44859976681968,0.0,31,-1,never,1.0
44,0.0,0.08,0.92,1036.7076234100887,81.15871746145625,0.0,31,-1,never,1.0
45,0.0,0.075,0.925,1016.1589092005402,81.648773614208,0.0,31,-1,never,1.0
46,0.0,0.065,0.935,982.2702319387063,82.44222560981575,0.0,31,-1,never,1.0
47,0.0,0.055,0.945,941.5015046884423,83.37369863782993,0.0,31,-1,never,1.0
48,0.0,0.05,0.95,930.3948086724317,83.62450272783369,0.0,31,-1,never,1.0
49,0.0,0.045,0.955,918.472829204844,83.8897830257564,0.0,31,-1,never,1.0
50,0.0,0.045,0.955,918.472829204844,83.8897830257564,0.0,31,-1,never,1.0
51,0.0,0.04,0.96,912.3600179508098,84.02476120849141,0.0,31,-1,never,1.0
52,0.0,0.035,0.965,906.9820098013483,84.14429341971297,0.0,31,-1,never,1.0
53,0.0,0.03,0.97,885.7427530021841,84.60949549886708,0.0,31,-1,never,1.0
54,0.0,0.03,0.97,885.7427530021841,84.60949549886708,0.0,31,-1,never,1.0
55,0.0,0.03,0.97,885.7427530021841,84.60949549886708,0.0,31,-1,never,1.0
56,0.0,0.03,0.97,885.7427530021841,84.60949549886708,0.0,31,-1,never,1.0
57,0.0,0.025,0.975,877.7161703936636,84.78465801297773,0.0,31,-1,never,1.0
58,0.0,0.025,0.975,877.7161703936636,84.78465801297773,0.0,31,-1,never,1.0
59,0.0,0.025,0.975,877.7161703936636,84.78465801297773,0.0,31,-1,never,1.0
60,0.0,0.025,0.975,877.7161703936636,84.78465801297773,0.0,31,-1,never,1.0
61,0.0,0.025,0.975,877.7161703936636,84.78465801297773,0.0,31,-1,never,1.0
0,0.0,0.94,0.06,766.6169726630623,4.3064444733522045,1.0,31,0,t=0,1.0
1,0.0,0.89,0.11,830.5405023879005,8.796132687618577,1.0,31,0,t=0,1.0
2,0.0,0.845,0.155,951.0887330667415,14.619710880636312,1.0,31,0,t=0,1.0
3,0.0,0.795,0.205,1048.3914368837331,18.898753095758476,1.0,31,0,t=0,1.0
4,0.0,0.755,0.245,1135.118989819416,22.488013795563255,1.0,31,0,t=0,1.0
5,0.0,0.715,0.285,1344.8757033551842,30.45344039700642,1.0,31,0,t=0,1.0
6,0.0,0.715,0.285,1344.8757033551842,30.45344039700642,1.0,31,0,t=0,1.0
7,0.0,0.715,0.285,1344.8757033551842,30.45344039700642,1.0,31,0,t=0,1.0
8,0.0,0.715,0.285,1344.8757033551842,30.45344039700642,1.0,31,0,t=0,1.0
9,0.0,0.715,0.285,1344.8757033551842,30.45344039700642,1.0,31,0,t=0,1.0
0,0.0,0.94,0.06,766.6169726630623,4.3064444733522045,0.0,31,10,t=10,1.0
1,0.0,0.89,0.11,830.5405023879005,8.796132687618577,0.0,31,10,t=10,1.0
2,0.0,0.845,0.155,951.0887330667415,14.619710880636312,0.0,31,10,t=10,1.0
3,0.0,0.795,0.205,1048.3914368837331,18.898753095758476,0.0,31,10,t=10,1.0
4,0.0,0.755,0.245,1135.118989819416,22.488013795563255,0.0,31,10,t=10,1.0
5,0.0,0.715,0.285,1344.8757033551842,30.45344039700642,0.0,31,10,t=10,1.0
6,0.0,0.68,0.32,1446.133279878766,34.017172077467336,0.0,31,10,t=10,1.0
7,0.0,0.635,0.365,1523.6005281671635,37.063342137904314,0.0,31,10,t=10,1.0
8,0.0,0.595,0.405,1586.5596970978174,40.1534547355945,0.0,31,10,t=10,1.0
9,0.0,0.56,0.44,1630.3790355865408,42.973262122682144,0.0,31,10,t=10,1.0
10,0.0,0.53,0.47,1674.181859052873,47.57566922828893,1.0,31,10,t=10,1.0
11,0.0,0.53,0.47,1674.181859052873,47.57566922828893,1.0,31,10,t=10,1.0
12,0.0,0.53,0.47,1674.181859052873,47.57566922828893,1.0,31,10,t=10,1.0
13,0.0,0.53,0.47,1674.181859052873,47.57566922828893,1.0,31,10,t=10,1.0
14,0.0,0.53,0.47,1674.181859052873,47.57566922828893,1.0,31,10,t=10,1.0
0,0.0,0.94,0.06,766.6169726630623,4.3064444733522045,0.0,31,20,t=20,1.0
1,0.0,0.89,0.11,830.5405023879005,8.796132687618577,0.0,31,20,t=20,1.0
2,0.0,0.845,0.155,951.0887330667415,14.619710880636312,0.0,31,20,t=20,1.0
3,0.0,0.795,0.205,1048.3914368837331,18.898753095758476,0.0,31,20,t=20,1.0
4,0.0,0.755,0.245,1135.118989819416,22.488013795563255,0.0,31,20,t=20,1.0
5,0.0,0.715,0.285,1344.8757033551842,30.45344039700642,0.0,31,20,t=20,1.0
6,0.0,0.68,0.32,1446.133279878766,34.017172077467336,0.0,31,20,t=20,1.0
7,0.0,0.635,0.365,1523.6005281671635,37.063342137904314,0.0,31,20,t=20,1.0
8,0.0,0.595,0.405,1586.5596970978174,40.1534547355945,0.0,31,20,t=20,1.0
9,0.0,0.56,0.44,1630.3790355865408,42.973262122682144,0.0,31,20,t=20,1.0
10,0.0,0.53,0.47,1674.181859052873,47.57566922828893,0.0,31,20,t=20,1.0
11,0.0,0.505,0.495,1682.6488461373724,49.51167763346876,0.0,31,20,t=20,1.0
12,0.0,0.48,0.52,1683.76783024363,52.639316303464895,0.0,31,20,t=20,1.0
13,0.0,0.44,0.56,1678.0170495188192,54.338625910898116,0.0,31,20,t=20,1.0
14,0.0,0.415,0.585,1661.0818944794287,56.89352089923609,0.0,31,20,t=20,1.0
15,0.0,0.39,0.61,1645.6005683537028,58.477386288749706,0.0,31,20,t=20,1.0
16,0.0,0.375,0.625,1609.788021600195,61.255336684877136,0.0,31,20,t=20,1.0
17,0.0,0.35,0.65,1587.6946438904786,62.64015112569999,0.0,31,20,t=20,1.0
18,0.0,0.33,0.67,1550.0028606015078,64.68145869871202,0.0,31,20,t=20,1.0
19,0.0,0.315,0.685,1539.592479528818,65.1955439245612,0.0,31,20,t=20,1.0
20,0.0,0.305,0.695,1517.3669112934874,66.22567745229436,1.0,31,20,t=20,1.0
21,0.0,0.305,0.695,1517.3669112934874,66.22567745229436,1.0,31,20,t=20,1.0
22,0.0,0.305,0.695,1517.3669112934874,66.22567745229436,1.0,31,20,t=20,1.0
23,0.0,0.305,0.695,1517.3669112934874,66.22567745229436,1.0,31,20,t=20,1.0
24,0.0,0.305,0.695,1517.3669112934874,66.22567745229436,1.0,31,20,t=20,1.0
0,0.0,0.94,0.06,766.6169726630623,4.3064444733522045,0.0,31,40,t=40,1.0
1,0.0,0.89,0.11,830.5405023879005,8.796132687618577,0.0,31,40,t=40,1.0
2,0.0,0.845,0.155,951.0887330667415,14.619710880636312,0.0,31,40,t=40,1.0
3,0.0,0.795,0.205,1048.3914368837331,18.898753095758476,0.0,31,40,t=40,1.0
4,0.0,0.755,0.245,1135.118989819416,22.488013795563255,0.0,31,40,t=40,1.0
5,0.0,0.715,0.285,1344.8757033551842,30.45344039700642,0.0,31,40,t=40,1.0
6,0.0,0.68,0.32,1446.133279878766,34.017172077467336,0.0,31,40,t=40,1.0
7,0.0,0.635,0.365,1523.6005281671635,37.063342137904314,0.0,31,40,t=40,1.0
8,0.0,0.595,0.405,1586.5596970978174,40.1534547355945,0.0,31,40,t=40,1.0
9,0.0,0.56,0.44,1630.3790355865408,42.973262122682144,0.0,31,40,t=40,1.0
10,0.0,0.53,0.47,1674.181859052873,47.57566922828893,0.0,31,40,t=40,1.0
11,0.0,0.505,0.495,1682.6488461373724,49.51167763346876,0.0,31,40,t=40,1.0
12,0.0,0.48,0.52,1683.76783024363,52.639316303464895,0.0,31,40,t=40,1.0
13,0.0,0.44,0.56,1678.0170495188192,54.338625910898116,0.0,31,40,t=40,1.0
14,0.0,0.415,0.585,1661.0818944794287,56.89352089923609,0.0,31,40,t=40,1.0
15,0.0,0.39,0.61,1645.6005683537028,58.477386288749706,0.0,31,40,t=40,1.0
16,0.0,0.375,0.625,1609.788021600195,61.255336684877136,0.0,31,40,t=40,1.0
17,0.0,0.35,0.65,1587.6946438904786,62.64015112569999,0.0,31,40,t=40,1.0
18,0.0,0.33,0.67,1550.0028606015078,64.68145869871202,0.0,31,40,t=40,1.0
19,0.0,0.315,0.685,1539.592479528818,65.1955439245612,0.0,31,40,t=40,1.0
20,0.0,0.305,0.695,1517.3669112934874,66.22567745229436,0.0,31,40,t=40,1.0
21,0.0,0.295,0.705,1498.708955414008,67.04281336305176,0.0,31,40,t=40,1.0
22,0.0,0.28,0.72,1446.9465426322424,69.13535552789097,0.0,31,40,t=40,1.0
23,0.0,0.265,0.735,1431.8738611159986,69.70227357673136,0.0,31,40,t=40,1.0
24,0.0,0.25,0.75,1412.9508427597232,70.39248620698336,0.0,31,40,t=40,1.0
25,0.0,0.25,0.75,1412.9508427597232,70.39248620698336,0.0,31,40,t=40,1.0
26,0.0,0.245,0.755,1402.1907439472664,70.77599770588144,0.0,31,40,t=40,1.0
27,0.0,0.23,0.77,1376.617164353199,71.65853112344584,0.0,31,40,t=40,1.0
28,0.0,0.22,0.78,1336.8072399484893,72.96057766525577,0.0,31,40,t=40,1.0
29,0.0,0.205,0.795,1298.1754622425765,74.159176775802,0.0,31,40,t=40,1.0
30,0.0,0.19,0.81,1269.8318008308704,75.00855651718113,0.0,31,40,t=40,1.0
31,0.0,0.185,0.815,1259.0836950105095,75.32343455049171,0.0,31,40,t=40,1.0
32,0.0,0.18,0.82,1253.4929585313228,75.48486599677761,0.0,31,40,t=40,1.0
33,0.0,0.165,0.835,1234.1653669661289,76.03500871602444,0.0,31,40,t=40,1.0
34,0.0,0.16,0.84,1231.5963184576206,76.10721211715014,0.0,31,40,t=40,1.0
35,0.0,0.15,0.85,1203.9059117626427,76.87743089654344,0.0,31,40,t=40,1.0
36,0.0,0.145,0.855,1194.0716155470757,77.14742640485127,0.0,31,40,t=40,1.0
37,0.0,0.145,0.855,1194.0716155470757,77.14742640485127,0.0,31,40,t=40,1.0
38,0.0,0.13,0.87,1154.9169812709956,78.19657030557394,0.0,31,40,t=40,1.0
39,0.0,0.12,0.88,1142.2273581808322,78.52797112357075,0.0,31,40,t=40,1.0
40,0.0,0.12,0.88,1142.2273581808322,78.52797112357075,1.0,31,40,t=40,1.0
41,0.0,0.12,0.88,1142.2273581808322,78.52797112357075,1.0,31,40,t=40,1.0
42,0.0,0.12,0.88,1142.2273581808322,78.52797112357075,1.0,31,40,t=40,1.0
43,0.0,0.12,0.88,1142.2273581808322,78.52797112357075,1.0,31,40,t=40,1.0
0,0.0,0.94,0.06,766.6169726630623,4.3064444733522045,0.0,31,60,t=60,1.0
1,0.0,0.89,0.11,830.5405023879005,8.796132687618577,0.0,31,60,t=60,1.0
2,0.0,0.845,0.155,951.0887330667415,14.619710880636312,0.0,31,60,t=60,1.0
3,0.0,0.795,0.205,1048.3914368837331,18.898753095758476,0.0,31,60,t=60,1.0
4,0.0,0.755,0.245,1135.118989819416,22.488013795563255,0.0,31,60,t=60,1.0
5,0.0,0.715,0.285,1344.8757033551842,30.45344039700642,0.0,31,60,t=60,1.0
6,0.0,0.68,0.32,1446.133279878766,34.017172077467336,0.0,31,60,t=60,1.0
7,0.0,0.635,0.365,1523.6005281671635,37.063342137904314,0.0,31,60,t=60,1.0
8,0.0,0.595,0.405,1586.5596970978174,40.1534547355945,0.0,31,60,t=60,1.0
9,0.0,0.56,0.44,1630.3790355865408,42.973262122682144,0.0,31,60,t=60,1.0
10,0.0,0.53,0.47,1674.181859052873,47.57566922828893,0.0,31,60,t=60,1.0
11,0.0,0.505,0.495,1682.6488461373724,49.51167763346876,0.0,31,60,t=60,1.0
12,0.0,0.48,0.52,1683.76783024363,52.639316303464895,0.0,31,60,t=60,1.0
13,0.0,0.44,0.56,1678.0170495188192,54.338625910898116,0.0,31,60,t=60,1.0
14,0.0,0.415,0.585,1661.0818944794287,56.89352089923609,0.0,31,60,t=60,1.0
15,0.0,0.39,0.61,1645.6005683537028,58.477386288749706,0.0,31,60,t=60,1.0
16,0.0,0.375,0.625,1609.788021600195,61.255336684877136,0.0,31,60,t=60,1.0
17,0.0,0.35,0.65,1587.6946438904786,62.64015112569999,0.0,31,60,t=60,1.0
18,0.0,0.33,0.67,1550.0028606015078,64.68145869871202,0.0,31,60,t=60,1.0
19,0.0,0.315,0.685,1539.592479528818,65.1955439245612,0.0,31,60,t=60,1.0
20,0.0,0.305,0.695,1517.3669112934874,66.22567745229436,0.0,31,60,t=60,1.0
21,0.0,0.295,0.705,1498.708955414008,67.04281336305176,0.0,31,60,t=60,1.0
22,0.0,0.28,0.72,1446.9465426322424,69.13535552789097,0.0,31,60,t=60,1.0
23,0.0,0.265,0.735,1431.8738611159986,69.70227357673136,0.0,31,60,t=60,1.0
24,0.0,0.25,0.75,1412.9508427597232,70.39248620698336,0.0,31,60,t=60,1.0
25,0.0,0.25,0.75,1412.9508427597232,70.39248620698336,0.0,31,60,t=60,1.0
26,0.0,0.245,0.755,1402.1907439472664,70.77599770588144,0.0,31,60,t=60,1.0
27,0.0,0.23,0.77,1376.617164353199,71.65853112344584,0.0,31,60,t=60,1.0
28,0.0,0.22,0.78,1336.8072399484893,72.96057766525577,0.0,31,60,t=60,1.0
29,0.0,0.205,0.795,1298.1754622425765,74.159176775802,0.0,31,60,t=60,1.0
30,0.0,0.19,0.81,1269.8318008308704,75.00855651718113,0.0,31,60,t=60,1.0
31,0.0,0.185,0.815,1259.0836950105095,75.32343455049171,0.0,31,60,t=60,1.0
32,0.0,0.18,0.82,1253.4929585313228,75.48486599677761,0.0,31,60,t=60,1.0
33,0.0,0.165,0.835,1234.1653669661289,76.03500871602444,0.0,31,60,t=60,1.0
34,0.0,0.16,0.84,1231.5963184576206,76.10721211715014,0.0,31,60,t=60,1.0
35,0.0,0.15,0.85,1203.9059117626427,76.87743089654344,0.0,31,60,t=60,1.0
36,0.0,0.145,0.855,1194.0716155470757,77.14742640485127,0.0,31,60,t=60,1.0
37,0.0,0.145,0.855,1194.0716155470757,77.14742640485127,0.0,31,60,t=60,1.0
38,0.0,0.13,0.87,1154.9169812709956,78.19657030557394,0.0,31,60,t=60,1.0
39,0.0,0.12,0.88,1142.2273581808322,78.52797112357075,0.0,31,60,t=60,1.0
40,0.0,0.12,0.88,1142.2273581808322,78.52797112357075,0.0,31,60,t=60,1.0
41,0.0,0.12,0.88,1142.2273581808322,78.52797112357075,0.0,31,60,t=60,1.0
42,0.0,0.115,0.885,1119.0728006200525,79.12432985890612,0.0,31,60,t=60,1.0
43,0.0,0.095,0.905,1065.9581142377815,80.44859976681968,0.0,31,60,t=60,1.0
44,0.0,0.08,0.92,1036.7076234100887,81.15871746145625,0.0,31,60,t=60,1.0
45,0.0,0.075,0.925,1016.1589092005402,81.648773614208,0.0,31,60,t=60,1.0
46,0.0,0.065,0.935,982.2702319387063,82.44222560981575,0.0,31,60,t=60,1.0
47,0.0,0.055,0.945,941.5015046884423,83.37369863782993,0.0,31,60,t=60,1.0
48,0.0,0.05,0.95,930.3948086724317,83.62450272783369,0.0,31,60,t=60,1.0
49,0.0,0.045,0.955,918.472829204844,83.8897830257564,0.0,31,60,t=60,1.0
50,0.0,0.045,0.955,918.472829204844,83.8897830257564,0.0,31,60,t=60,1.0
51,0.0,0.04,0.96,912.3600179508098,84.02476120849141,0.0,31,60,t=60,1.0
52,0.0,0.035,0.965,906.9820098013483,84.14429341971297,0.0,31,60,t=60,1.0
53,0.0,0.03,0.97,885.7427530021841,84.60949549886708,0.0,31,60,t=60,1.0
54,0.0,0.03,0.97,885.7427530021841,84.60949549886708,0.0,31,60,t=60,1.0
55,0.0,0.03,0.97,885.7427530021841,84.60949549886708,0.0,31,60,t=60,1.0
56,0.0,0.03,0.97,885.7427530021841,84.60949549886708,0.0,31,60,t=60,1.0
57,0.0,0.025,0.975,877.7161703936636,84.78465801297773,0.0,31,60,t=60,1.0
58,0.0,0.025,0.975,877.7161703936636,84.78465801297773,0.0,31,60,t=60,1.0
59,0.0,0.025,0.975,877.7161703936636,84.78465801297773,0.0,31,60,t=60,1.0
60,0.0,0.025,0.975,877.7161703936636,84.78465801297773,1.0,31,60,t=60,1.0
61,0.0,0.025,0.975,877.7161703936636,84.78465801297773,1.0,31,60,t=60,1.0
0,0.0,0.94,0.06,766.6169726630623,4.3064444733522045,0.0,31,80,t=80,1.0
1,0.0,0.89,0.11,830.5405023879005,8.796132687618577,0.0,31,80,t=80,1.0
2,0.0,0.845,0.155,951.0887330667415,14.619710880636312,0.0,31,80,t=80,1.0
3,0.0,0.795,0.205,1048.3914368837331,18.898753095758476,0.0,31,80,t=80,1.0
4,0.0,0.755,0.245,1135.118989819416,22.488013795563255,0.0,31,80,t=80,1.0
5,0.0,0.715,0.285,1344.8757033551842,30.45344039700642,0.0,31,80,t=80,1.0
6,0.0,0.68,0.32,1446.133279878766,34.017172077467336,0.0,31,80,t=80,1.0
7,0.0,0.635,0.365,1523.6005281671635,37.063342137904314,0.0,31,80,t=80,1.0
8,0.0,0.595,0.405,1586.5596970978174,40.1534547355945,0.0,31,80,t=80,1.0
9,0.0,0.56,0.44,1630.3790355865408,42.973262122682144,0.0,31,80,t=80,1.0
10,0.0,0.53,0.47,1674.181859052873,47.57566922828893,0.0,31,80,t=80,1.0
11,0.0,0.505,0.495,1682.6488461373724,49.51167763346876,0.0,31,80,t=80,1.0
12,0.0,0.48,0.52,1683.76783024363,52.639316303464895,0.0,31,80,t=80,1.0
13,0.0,0.44,0.56,1678.0170495188192,54.338625910898116,0.0,31,80,t=80,1.0
14,0.0,0.415,0.585,1661.0818944794287,56.89352089923609,0.0,31,80,t=80,1.0
15,0.0,0.39,0.61,1645.6005683537028,58.477386288749706,0.0,31,80,t=80,1.0
16,0.0,0.375,0.625,1609.788021600195,61.255336684877136,0.0,31,80,t=80,1.0
17,0.0,0.35,0.65,1587.6946438904786,62.64015112569999,0.0,31,80,t=80,1.0
18,0.0,0.33,0.67,1550.0028606015078,64.68145869871202,0.0,31,80,t=80,1.0
19,0.0,0.315,0.685,1539.592479528818,65.1955439245612,0.0,31,80,t=80,1.0
20,0.0,0.305,0.695,1517.3669112934874,66.22567745229436,0.0,31,80,t=80,1.0
21,0.0,0.295,0.705,1498.708955414008,67.04281336305176,0.0,31,80,t=80,1.0
22,0.0,0.28,0.72,1446.9465426322424,69.13535552789097,0.0,31,80,t=80,1.0
23,0.0,0.265,0.735,1431.8738611159986,69.70227357673136,0.0,31,80,t=80,1.0
24,0.0,0.25,0.75,1412.9508427597232,70.39248620698336,0.0,31,80,t=80,1.0
25,0.0,0.25,0.75,1412.9508427597232,70.39248620698336,0.0,31,80,t=80,1.0
26,0.0,0.245,0.755,1402.1907439472664,70.77599770588144,0.0,31,80,t=80,1.0
27,0.0,0.23,0.77,1376.617164353199,71.65853112344584,0.0,31,80,t=80,1.0
28,0.0,0.22,0.78,1336.8072399484893,72.96057766525577,0.0,31,80,t=80,1.0
29,0.0,0.205,0.795,1298.1754622425765,74.159176775802,0.0,31,80,t=80,1.0
30,0.0,0.19,0.81,1269.8318008308704,75.00855651718113,0.0,31,80,t=80,1.0
31,0.0,0.185,0.815,1259.0836950105095,75.32343455049171,0.0,31,80,t=80,1.0
32,0.0,0.18,0.82,1253.4929585313228,75.48486599677761,0.0,31,80,t=80,1.0
33,0.0,0.165,0.835,1234.1653669661289,76.03500871602444,0.0,31,80,t=80,1.0
34,0.0,0.16,0.84,1231.5963184576206,76.10721211715014,0.0,31,80,t=80,1.0
35,0.0,0.15,0.85,1203.9059117626427,76.87743089654344,0.0,31,80,t=80,1.0
36,0.0,0.145,0.855,1194.0716155470757,77.14742640485127,0.0,31,80,t=80,1.0
37,0.0,0.145,0.855,1194.0716155470757,77.14742640485127,0.0,31,80,t=80,1.0
38,0.0,0.13,0.87,1154.9169812709956,78.19657030557394,0.0,31,80,t=80,1.0
39,0.0,0.12,0.88,1142.2273581808322,78.52797112357075,0.0,31,80,t=80,1.0
40,0.0,0.12,0.88,1142.2273581808322,78.52797112357075,0.0,31,80,t=80,1.0
41,0.0,0.12,0.88,1142.2273581808322,78.52797112357075,0.0,31,80,t=80,1.0
42,0.0,0.115,0.885,1119.0728006200525,79.12432985890612,0.0,31,80,t=80,1.0
43,0.0,0.095,0.905,1065.9581142377815,80.44859976681968,0.0,31,80,t=80,1.0
44,0.0,0.08,0.92,1036.7076234100887,81.15871746145625,0.0,31,80,t=80,1.0
45,0.0,0.075,0.925,1016.1589092005402,81.648773614208,0.0,31,80,t=80,1.0
46,0.0,0.065,0.935,982.2702319387063,82.44222560981575,0.0,31,80,t=80,1.0
47,0.0,0.055,0.945,941.5015046884423,83.37369863782993,0.0,31,80,t=80,1.0
48,0.0,0.05,0.95,930.3948086724317,83.62450272783369,0.0,31,80,t=80,1.0
49,0.0,0.045,0.955,918.472829204844,83.8897830257564,0.0,31,80,t=80,1.0
50,0.0,0.045,0.955,918.472829204844,83.8897830257564,0.0,31,80,t=80,1.0
51,0.0,0.04,0.96,912.3600179508098,84.02476120849141,0.0,31,80,t=80,1.0
52,0.0,0.035,0.965,906.9820098013483,84.14429341971297,0.0,31,80,t=80,1.0
53,0.0,0.03,0.97,885.7427530021841,84.60949549886708,0.0,31,80,t=80,1.0
54,0.0,0.03,0.97,885.7427530021841,84.60949549886708,0.0,31,80,t=80,1.0
55,0.0,0.03,0.97,885.7427530021841,84.60949549886708,0.0,31,80,t=80,1.0
56,0.0,0.03,0.97,885.7427530021841,84.60949549886708,0.0,31,80,t=80,1.0
57,0.0,0.025,0.975,877.7161703936636,84.78465801297773,0.0,31,80,t=80,1.0
58,0.0,0.025,0.975,877.7161703936636,84.78465801297773,0.0,31,80,t=80,1.0
59,0.0,0.025,0.975,877.7161703936636,84.78465801297773,0.0,31,80,t=80,1.0
60,0.0,0.025,0.975,877.7161703936636,84.78465801297773,0.0,31,80,t=80,1.0
61,0.0,0.025,0.975,877.7161703936636,84.78465801297773,0.0,31,80,t=80,1.0
62,0.0,0.02,0.98,861.8334057879351,85.12894307461463,0.0,31,80,t=80,1.0
63,0.0,0.02,0.98,861.8334057879351,85.12894307461463,0.0,31,80,t=80,1.0
64,0.0,0.015,0.985,852.9213713975787,85.31993963535001,0.0,31,80,t=80,1.0
65,0.0,0.01,0.99,837.9018084115883,85.64007778145776,0.0,31,80,t=80,1.0
66,0.0,0.01,0.99,837.9018084115883,85.64007778145776,0.0,31,80,t=80,1.0
67,0.0,0.01,0.99,837.9018084115883,85.64007778145776,0.0,31,80,t=80,1.0
68,0.0,0.005,0.995,830.1175309775203,85.80600832501312,0.0,31,80,t=80,1.0
69,0.0,0.005,0.995,830.1175309775203,85.80600832501312,0.0,31,80,t=80,1.0
70,0.0,0.0,1.0,820.7214940005033,86.00402683979496,0.0,31,80,t=80,1.0
71,0.0,0.0,1.0,820.7214940005033,86.00402683979496,0.0,31,80,t=80,1.0
72,0.0,0.0,1.0,820.7214940005033,86.00402683979496,0.0,31,80,t=80,1.0
73,0.0,0.0,1.0,820.7214940005033,86.00402683979496,0.0,31,80,t=80,1.0
74,0.0,0.0,1.0,820.7214940005033,86.00402683979496,0.0,31,80,t=80,1.0
75,0.0,0.0,1.0,820.7214940005033,86.00402683979496,0.0,31,80,t=80,1.0
76,0.0,0.0,1.0,820.7214940005033,86.00402683979496,0.0,31,80,t=80,1.0
77,0.0,0.0,1.0,820.7214940005033,86.00402683979496,0.0,31,80,t=80,1.0
78,0.0,0.0,1.0,820.7214940005033,86.00402683979496,0.0,31,80,t=80,1.0
79,0.0,0.0,1.0,820.7214940005033,86.00402683979496,0.0,31,80,t=80,1.0
80,0.0,0.0,1.0,820.7214940005033,86.00402683979496,1.0,31,80,t=80,1.0
0,0.0,0.94,0.06,992.9366901508414,7.368171494915139,0.0,32,-1,never,1.0
1,0.0,0.89,0.11,1081.5313405556906,11.975064914387408,0.0,32,-1,never,1.0
2,0.0,0.845,0.155,1155.975610575372,15.427712798122823,0.0,32,-1,never,1.0
3,0.0,0.805,0.195,1274.7869434094694,20.583269757820467,0.0,32,-1,never,1.0
4,0.0,0.76,0.24,1394.6960069348138,25.434020731144273,0.0,32,-1,never,1.0
5,0.0,0.73,0.27,1495.6876017069287,29.289711197771496,0.0,32,-1,never,1.0
6,0.0,0.69,0.31,1594.5546948999092,32.870636724256485,0.0,32,-1,never,1.0
7,0.0,0.655,0.345,1707.520380424489,36.75519889662537,0.0,32,-1,never,1.0
8,0.0,0.625,0.375,1804.6435081270984,39.94353206124465,0.0,32,-1,never,1.0
9,0.0,0.6,0.4,1866.6961652725943,41.93208105130302,0.0,32,-1,never,1.0
10,0.0,0.575,0.425,1887.6933442809782,42.645580061580695,0.0,32,-1,never,1.0
11,0.0,0.54,0.46,1975.675952943433,46.00350970599381,0.0,32,-1,never,1.0
12,0.0,0.505,0.495,2039.9513752759856,49.0899704853483,0.0,32,-1,never,1.0
13,0.0,0.475,0.525,2074.0912726155548,51.13986898345618,0.0,32,-1,never,1.0
14,0.0,0.455,0.545,2092.7234694084905,52.473235971096756,0.0,32,-1,never,1.0
15,0.0,0.425,0.575,2111.5497012951973,54.08847366063695,0.0,32,-1,never,1.0
16,0.0,0.4,0.6,2132.215407047691,56.51061391900119,0.0,32,-1,never,1.0
17,0.0,0.37,0.63,2144.47386742117,59.331448383474395,0.0,32,-1,never,1.0
18,0.0,0.345,0.655,2146.301075632252,60.61808533076653,0.0,32,-1,never,1.0
19,0.0,0.32,0.68,2144.733021459267,62.28543111165094,0.0,32,-1,never,1.0
20,0.0,0.305,0.695,2139.5397615506436,63.85344658459932,0.0,32,-1,never,1.0
21,0.0,0.3,0.7,2137.990933908922,64.18600129961172,0.0,32,-1,never,1.0
22,0.0,0.29,0.71,2134.837236725054,64.76218842449744,0.0,32,-1,never,1.0
23,0.0,0.27,0.73,2120.481082188508,66.70637184715619,0.0,32,-1,never,1.0
24,0.0,0.265,0.735,2116.3623413148625,67.1630853994923,0.0,32,-1,never,1.0
25,0.0,0.255,0.745,2102.4901798451488,68.5072268618292,0.0,32,-1,never,1.0
26,0.0,0.235,0.765,2092.4980988791704,69.35515404019387,0.0,32,-1,never,1.0
27,0.0,0.21,0.79,2068.5246398005966,71.09685705882123,0.0,32,-1,never,1.0
28,0.0,0.2,0.8,2052.1559139811,72.14562296600567,0.0,32,-1,never,1.0
29,0.0,0.195,0.805,2044.3249020591138,72.61390362375019,0.0,32,-1,never,1.0
30,0.0,0.185,0.815,2036.97789172292,73.03918513890434,0.0,32,-1,never,1.0
31,0.0,0.175,0.825,2016.209903813567,74.16562208555442,0.0,32,-1,never,1.0
32,0.0,0.16,0.84,1993.7631280611727,75.28781092522829,0.0,32,-1,never,1.0
33,0.0,0.15,0.85,1984.9096020006273,75.71080690808128,0.0,32,-1,never,1.0
34,0.0,0.14,0.86,1966.3273148577541,76.56697223738765,0.0,32,-1,never,1.0
35,0.0,0.13,0.87,1957.1669114435538,76.96922750715808,0.0,32,-1,never,1.0
36,0.0,0.13,0.87,1957.1669114435538,76.96922750715808,0.0,32,-1,never,1.0
37,0.0,0.13,0.87,1957.1669114435538,76.96922750715808,0.0,32,-1,never,1.0
38,0.0,0.12,0.88,1953.2705715608793,77.13708730529646,0.0,32,-1,never,1.0
39,0.0,0.115,0.885,1947.813977299351,77.3717532295792,0.0,32,-1,never,1.0
40,0.0,0.11,0.89,1945.8925903190586,77.45370379246836,0.0,32,-1,never,1.0
41,0.0,0.105,0.895,1933.3164363488338,77.97505851737324,0.0,32,-1,never,1.0
42,0.0,0.1,0.9,1921.8591521546675,78.44137772223597,0.0,32,-1,never,1.0
43,0.0,0.095,0.905,1914.5053200360417,78.73508987951793,0.0,32,-1,never,1.0
44,0.0,0.095,0.905,1914.5053200360417,78.73508987951793,0.0,32,-1,never,1.0
45,0.0,0.09,0.91,1909.9093919978575,78.91472507669022,0.0,32,-1,never,1.0
46,0.0,0.08,0.92,1891.2823352156151,79.62732216033413,0.0,32,-1,never,1.0
47,0.0,0.08,0.92,1891.2823352156151,79.62732216033413,0.0,32,-1,never,1.0
48,0.0,0.075,0.925,1884.0575567798278,79.89686237860298,0.0,32,-1,never,1.0
49,0.0,0.065,0.935,1864.3230285849313,80.62185141827317,0.0,32,-1,never,1.0
50,0.0,0.065,0.935,1864.3230285849313,80.62185141827317,0.0,32,-1,never,1.0
51,0.0,0.06,0.94,1858.8360236971164,80.81737356758498,0.0,32,-1,never,1.0
52,0.0,0.055,0.945,1845.223927073023,81.29601637369316,0.0,32,-1,never,1.0
53,0.0,0.05,0.95,1834.9622013644298,81.65442028283496,0.0,32,-1,never,1.0
54,0.0,0.04,0.96,1826.9292298962393,81.9294564300553,0.0,32,-1,never,1.0
55,0.0,0.035,0.965,1820.729919310697,82.1400502998921,0.0,32,-1,never,1.0
56,0.0,0.035,0.965,1820.729919310697,82.1400502998921,0.0,32,-1,never,1.0
57,0.0,0.035,0.965,1820.729919310697,82.1400502998921,0.0,32,-1,never,1.0
58,0.0,0.03,0.97,1817.6670313350855,82.24394739553681,0.0,32,-1,never,1.0
59,0.0,0.03,0.97,1817.6670313350855,82.24394739553681,0.0,32,-1,never,1.0
60,0.0,0.03,0.97,1817.6670313350855,82.24394739553681,0.0,32,-1,never,1.0
61,0.0,0.03,0.97,1817.6670313350855,82.24394739553681,0.0,32,-1,never,1.0
62,0.0,0.03,0.97,1817.6670313350855,82.24394739553681,0.0,32,-1,never,1.0
0,0.0,0.94,0.06,992.9366901508414,7.368171494915139,1.0,32,0,t=0,1.0
1,0.0,0.89,0.11,1081.5313405556906,11.975064914387408,1.0,32,0,t=0,1.0
2,0.0,0.845,0.155,1155.975610575372,15.427712798122823,1.0,32,0,t=0,1.0
3,0.0,0.805,0.195,1274.7869434094694,20.583269757820467,1.0,32,0,t=0,1.0
4,0.0,0.76,0.24,1394.6960069348138,25.434020731144273,1.0,32,0,t=0,1.0
5,0.0,0.73,0.27,1495.6876017069287,29.289711197771496,1.0,32,0,t=0,1.0
6,0.0,0.69,0.31,1594.5546948999092,32.870636724256485,1.0,32,0,t=0,1.0
7,0.0,0.655,0.345,1707.520380424489,36.75519889662537,1.0,32,0,t=0,1.0
8,0.0,0.625,0.375,1804.6435081270984,39.94353206124465,1.0,32,0,t=0,1.0
9,0.0,0.625,0.375,1804.6435081270984,39.94353206124465,1.0,32,0,t=0,1.0
10,0.0,0.6,0.4,1827.1867000010036,40.66520909909767,1.0,32,0,t=0,1.0
11,0.0,0.6,0.4,1827.1867000010036,40.66520909909767,1.0,32,0,t=0,1.0
12,0.0,0.6,0.4,1827.1867000010036,40.66520909909767,1.0,32,0,t=0,1.0
13,0.0,0.6,0.4,1827.1867000010036,40.66520909909767,1.0,32,0,t=0,1.0
14,0.0,0.6,0.4,1827.1867000010036,40.66520909909767,1.0,32,0,t=0,1.0
0,0.0,0.94,0.06,992.9366901508414,7.368171494915139,0.0,32,10,t=10,1.0
1,0.0,0.89,0.11,1081.5313405556906,11.975064914387408,0.0,32,10,t=10,1.0
2,0.0,0.845,0.155,1155.975610575372,15.427712798122823,0.0,32,10,t=10,1.0
3,0.0,0.805,0.195,1274.7869434094694,20.583269757820467,0.0,32,10,t=10,1.0
4,0.0,0.76,0.24,1394.6960069348138,25.434020731144273,0.0,32,10,t=10,1.0
5,0.0,0.73,0.27,1495.6876017069287,29.289711197771496,0.0,32,10,t=10,1.0
6,0.0,0.69,0.31,1594.5546948999092,32.870636724256485,0.0,32,10,t=10,1.0
7,0.0,0.655,0.345,1707.520380424489,36.75519889662537,0.0,32,10,t=10,1.0
8,0.0,0.625,0.375,1804.6435081270984,39.94353206124465,0.0,32,10,t=10,1.0
9,0.0,0.6,0.4,1866.6961652725943,41.93208105130302,0.0,32,10,t=10,1.0
10,0.0,0.575,0.425,1887.6933442809782,42.645580061580695,1.0,32,10,t=10,1.0
11,0.0,0.575,0.425,1887.6933442809782,42.645580061580695,1.0,32,10,t=10,1.0
12,0.0,0.575,0.425,1887.6933442809782,42.645580061580695,1.0,32,10,t=10,1.0
13,0.0,0.575,0.425,1887.6933442809782,42.645580061580695,1.0,32,10,t=10,1.0
14,0.0,0.575,0.425,1887.6933442809782,42.645580061580695,1.0,32,10,t=10,1.0
0,0.0,0.94,0.06,992.9366901508414,7.368171494915139,0.0,32,20,t=20,1.0
1,0.0,0.89,0.11,1081.5313405556906,11.975064914387408,0.0,32,20,t=20,1.0
2,0.0,0.845,0.155,1155.975610575372,15.427712798122823,0.0,32,20,t=20,1.0
3,0.0,0.805,0.195,1274.7869434094694,20.583269757820467,0.0,32,20,t=20,1.0
4,0.0,0.76,0.24,1394.6960069348138,25.434020731144273,0.0,32,20,t=20,1.0
5,0.0,0.73,0.27,1495.6876017069287,29.289711197771496,0.0,32,20,t=20,1.0
6,0.0,0.69,0.31,1594.5546948999092,32.870636724256485,0.0,32,20,t=20,1.0
7,0.0,0.655,0.345,1707.520380424489,36.75519889662537,0.0,32,20,t=20,1.0
8,0.0,0.625,0.375,1804.6435081270984,39.94353206124465,0.0,32,20,t=20,1.0
9,0.0,0.6,0.4,1866.6961652725943,41.93208105130302,0.0,32,20,t=20,1.0
10,0.0,0.575,0.425,1887.6933442809782,42.645580061580695,0.0,32,20,t=20,1.0
11,0.0,0.54,0.46,1975.675952943433,46.00350970599381,0.0,32,20,t=20,1.0
12,0.0,0.505,0.495,2039.9513752759856,49.0899704853483,0.0,32,20,t=20,1.0
13,0.0,0.475,0.525,2074.0912726155548,51.13986898345618,0.0,32,20,t=20,1.0
14,0.0,0.455,0.545,2092.7234694084905,52.473235971096756,0.0,32,20,t=20,1.0
15,0.0,0.425,0.575,2111.5497012951973,54.08847366063695,0.0,32,20,t=20,1.0
16,0.0,0.4,0.6,2132.215407047691,56.51061391900119,0.0,32,20,t=20,1.0
17,0.0,0.37,0.63,2144.47386742117,59.331448383474395,0.0,32,20,t=20,1.0
18,0.0,0.345,0.655,2146.301075632252,60.61808533076653,0.0,32,20,t=20,1.0
19,0.0,0.32,0.68,2144.733021459267,62.28543111165094,0.0,32,20,t=20,1.0
20,0.0,0.305,0.695,2139.5397615506436,63.85344658459932,1.0,32,20,t=20,1.0
21,0.0,0.305,0.695,2139.5397615506436,63.85344658459932,1.0,32,20,t=20,1.0
22,0.0,0.305,0.695,2139.5397615506436,63.85344658459932,1.0,32,20,t=20,1.0
23,0.0,0.305,0.695,2139.5397615506436,63.85344658459932,1.0,32,20,t=20,1.0
24,0.0,0.305,0.695,2139.5397615506436,63.85344658459932,1.0,32,20,t=20,1.0
0,0.0,0.94,0.06,992.9366901508414,7.368171494915139,0.0,32,40,t=40,1.0
1,0.0,0.89,0.11,1081.5313405556906,11.975064914387408,0.0,32,40,t=40,1.0
2,0.0,0.845,0.155,1155.975610575372,15.427712798122823,0.0,32,40,t=40,1.0
3,0.0,0.805,0.195,1274.7869434094694,20.583269757820467,0.0,32,40,t=40,1.0
4,0.0,0.76,0.24,1394.6960069348138,25.434020731144273,0.0,32,40,t=40,1.0
5,0.0,0.73,0.27,1495.6876017069287,29.289711197771496,0.0,32,40,t=40,1.0
6,0.0,0.69,0.31,1594.5546948999092,32.870636724256485,0.0,32,40,t=40,1.0
7,0.0,0.655,0.345,1707.520380424489,36.75519889662537,0.0,32,40,t=40,1.0
8,0.0,0.625,0.375,1804.6435081270984,39.94353206124465,0.0,32,40,t=40,1.0
9,0.0,0.6,0.4,1866.6961652725943,41.93208105130302,0.0,32,40,t=40,1.0
10,0.0,0.575,0.425,1887.6933442809782,42.645580061580695,0.0,32,40,t=40,1.0
11,0.0,0.54,0.46,1975.675952943433,46.00350970599381,0.0,32,40,t=40,1.0
12,0.0,0.505,0.495,2039.9513752759856,49.0899704853483,0.0,32,40,t=40,1.0
13,0.0,0.475,0.525,2074.0912726155548,51.13986898345618,0.0,32,40,t=40,1.0
14,0.0,0.455,0.545,2092.7234694084905,52.473235971096756,0.0,32,40,t=40,1.0
15,0.0,0.425,0.575,2111.5497012951973,54.08847366063695,0.0,32,40,t=40,1.0
16,0.0,0.4,0.6,2132.215407047691,56.51061391900119,0.0,32,40,t=40,1.0
17,0.0,0.37,0.63,2144.47386742117,59.331448383474395,0.0,32,40,t=40,1.0
18,0.0,0.345,0.655,2146.301075632252,60.61808533076653,0.0,32,40,t=40,1.0
19,0.0,0.32,0.68,2144.733021459267,62.28543111165094,0.0,32,40,t=40,1.0
20,0.0,0.305,0.695,2139.5397615506436,63.85344658459932,0.0,32,40,t=40,1.0
21,0.0,0.3,0.7,2137.990933908922,64.18600129961172,0.0,32,40,t=40,1.0
22,0.0,0.29,0.71,2134.837236725054,64.76218842449744,0.0,32,40,t=40,1.0
23,0.0,0.27,0.73,2120.481082188508,66.70637184715619,0.0,32,40,t=40,1.0
24,0.0,0.265,0.735,2116.3623413148625,67.1630853994923,0.0,32,40,t=40,1.0
25,0.0,0.255,0.745,2102.4901798451488,68.5072268618292,0.0,32,40,t=40,1.0
26,0.0,0.235,0.765,2092.4980988791704,69.35515404019387,0.0,32,40,t=40,1.0
27,0.0,0.21,0.79,2068.5246398005966,71.09685705882123,0.0,32,40,t=40,1.0
28,0.0,0.2,0.8,2052.1559139811,72.14562296600567,0.0,32,40,t=40,1.0
29,0.0,0.195,0.805,2044.3249020591138,72.61390362375019,0.0,32,40,t=40,1.0
30,0.0,0.185,0.815,2036.97789172292,73.03918513890434,0.0,32,40,t=40,1.0
31,0.0,0.175,0.825,2016.209903813567,74.16562208555442,0.0,32,40,t=40,1.0
32,0.0,0.16,0.84,1993.7631280611727,75.28781092522829,0.0,32,40,t=40,1.0
33,0.0,0.15,0.85,1984.9096020006273,75.71080690808128,0.0,32,40,t=40,1.0
34,0.0,0.14,0.86,1966.3273148577541,76.56697223738765,0.0,32,40,t=40,1.0
35,0.0,0.13,0.87,1957.1669114435538,76.96922750715808,0.0,32,40,t=40,1.0
36,0.0,0.13,0.87,1957.1669114435538,76.96922750715808,0.0,32,40,t=40,1.0
37,0.0,0.13,0.87,1957.1669114435538,76.96922750715808,0.0,32,40,t=40,1.0
38,0.0,0.12,0.88,1953.2705715608793,77.13708730529646,0.0,32,40,t=40,1.0
39,0.0,0.115,0.885,1947.813977299351,77.3717532295792,0.0,32,40,t=40,1.0
40,0.0,0.11,0.89,1945.8925903190586,77.45370379246836,1.0,32,40,t=40,1.0
41,0.0,0.11,0.89,1945.8925903190586,77.45370379246836,1.0,32,40,t=40,1.0
42,0.0,0.11,0.89,1945.8925903190586,77.45370379246836,1.0,32,40,t=40,1.0
43,0.0,0.11,0.89,1945.8925903190586,77.45370379246836,1.0,32,40,t=40,1.0
44,0.0,0.11,0.89,1945.8925903190586,77.45370379246836,1.0,32,40,t=40,1.0
0,0.0,0.94,0.06,992.9366901508414,7.368171494915139,0.0,32,60,t=60,1.0
1,0.0,0.89,0.11,1081.5313405556906,11.975064914387408,0.0,32,60,t=60,1.0
2,0.0,0.845,0.155,1155.975610575372,15.427712798122823,0.0,32,60,t=60,1.0
3,0.0,0.805,0.195,1274.7869434094694,20.583269757820467,0.0,32,60,t=60,1.0
4,0.0,0.76,0.24,1394.6960069348138,25.434020731144273,0.0,32,60,t=60,1.0
5,0.0,0.73,0.27,1495.6876017069287,29.289711197771496,0.0,32,60,t=60,1.0
6,0.0,0.69,0.31,1594.5546948999092,32.870636724256485,0.0,32,60,t=60,1.0
7,0.0,0.655,0.345,1707.520380424489,36.75519889662537,0.0,32,60,t=60,1.0
8,0.0,0.625,0.375,1804.6435081270984,39.94353206124465,0.0,32,60,t=60,1.0
9,0.0,0.6,0.4,1866.6961652725943,41.93208105130302,0.0,32,60,t=60,1.0
10,0.0,0.575,0.425,1887.6933442809782,42.645580061580695,0.0,32,60,t=60,1.0
11,0.0,0.54,0.46,1975.675952943433,46.00350970599381,0.0,32,60,t=60,1.0
12,0.0,0.505,0.495,2039.9513752759856,49.0899704853483,0.0,32,60,t=60,1.0
13,0.0,0.475,0.525,2074.0912726155548,51.13986898345618,0.0,32,60,t=60,1.0
14,0.0,0.455,0.545,2092.7234694084905,52.473235971096756,0.0,32,60,t=60,1.0
15,0.0,0.425,0.575,2111.5497012951973,54.08847366063695,0.0,32,60,t=60,1.0
16,0.0,0.4,0.6,2132.215407047691,56.51061391900119,0.0,32,60,t=60,1.0
17,0.0,0.37,0.63,2144.47386742117,59.331448383474395,0.0,32,60,t=60,1.0
18,0.0,0.345,0.655,2146.301075632252,60.61808533076653,0.0,32,60,t=60,1.0
19,0.0,0.32,0.68,2144.733021459267,62.28543111165094,0.0,32,60,t=60,1.0
20,0.0,0.305,0.695,2139.5397615506436,63.85344658459932,0.0,32,60,t=60,1.0
21,0.0,0.3,0.7,2137.990933908922,64.18600129961172,0.0,32,60,t=60,1.0
22,0.0,0.29,0.71,2134.837236725054,64.76218842449744,0.0,32,60,t=60,1.0
23,0.0,0.27,0.73,2120.481082188508,66.70637184715619,0.0,32,60,t=60,1.0
24,0.0,0.265,0.735,2116.3623413148625,67.1630853994923,0.0,32,60,t=60,1.0
25,0.0,0.255,0.745,2102.4901798451488,68.5072268618292,0.0,32,60,t=60,1.0
26,0.0,0.235,0.765,2092.4980988791704,69.35515404019387,0.0,32,60,t=60,1.0
27,0.0,0.21,0.79,2068.5246398005966,71.09685705882123,0.0,32,60,t=60,1.0
28,0.0,0.2,0.8,2052.1559139811,72.14562296600567,0.0,32,60,t=60,1.0
29,0.0,0.195,0.805,2044.3249020591138,72.61390362375019,0.0,32,60,t=60,1.0
30,0.0,0.185,0.815,2036.97789172292,73.03918513890434,0.0,32,60,t=60,1.0
31,0.0,0.175,0.825,2016.209903813567,74.16562208555442,0.0,32,60,t=60,1.0
32,0.0,0.16,0.84,1993.7631280611727,75.28781092522829,0.0,32,60,t=60,1.0
33,0.0,0.15,0.85,1984.9096020006273,75.71080690808128,0.0,32,60,t=60,1.0
34,0.0,0.14,0.86,1966.3273148577541,76.56697223738765,0.0,32,60,t=60,1.0
35,0.0,0.13,0.87,1957.1669114435538,76.96922750715808,0.0,32,60,t=60,1.0
36,0.0,0.13,0.87,1957.1669114435538,76.96922750715808,0.0,32,60,t=60,1.0
37,0.0,0.13,0.87,1957.1669114435538,76.96922750715808,0.0,32,60,t=60,1.0
38,0.0,0.12,0.88,1953.2705715608793,77.13708730529646,0.0,32,60,t=60,1.0
39,0.0,0.115,0.885,1947.813977299351,77.3717532295792,0.0,32,60,t=60,1.0
40,0.0,0.11,0.89,1945.8925903190586,77.45370379246836,0.0,32,60,t=60,1.0
41,0.0,0.105,0.895,1933.3164363488338,77.97505851737324,0.0,32,60,t=60,1.0
42,0.0,0.1,0.9,1921.8591521546675,78.44137772223597,0.0,32,60,t=60,1.0
43,0.0,0.095,0.905,1914.5053200360417,78.73508987951793,0.0,32,60,t=60,1.0
44,0.0,0.095,0.905,1914.5053200360417,78.73508987951793,0.0,32,60,t=60,1.0
45,0.0,0.09,0.91,1909.9093919978575,78.91472507669022,0.0,32,60,t=60,1.0
46,0.0,0.08,0.92,1891.2823352156151,79.62732216033413,0.0,32,60,t=60,1.0
47,0.0,0.08,0.92,1891.2823352156151,79.62732216033413,0.0,32,60,t=60,1.0
48,0.0,0.075,0.925,1884.0575567798278,79.89686237860298,0.0,32,60,t=60,1.0
49,0.0,0.065,0.935,1864.3230285849313,80.62185141827317,0.0,32,60,t=60,1.0
50,0.0,0.065,0.935,1864.3230285849313,80.62185141827317,0.0,32,60,t=60,1.0
51,0.0,0.06,0.94,1858.8360236971164,80.81737356758498,0.0,32,60,t=60,1.0
52,0.0,0.055,0.945,1845.223927073023,81.29601637369316,0.0,32,60,t=60,1.0
53,0.0,0.05,0.95,1834.9622013644298,81.65442028283496,0.0,32,60,t=60,1.0
54,0.0,0.04,0.96,1826.9292298962393,81.9294564300553,0.0,32,60,t=60,1.0
55,0.0,0.035,0.965,1820.729919310697,82.1400502998921,0.0,32,60,t=60,1.0
56,0.0,0.035,0.965,1820.729919310697,82.1400502998921,0.0,32,60,t=60,1.0
57,0.0,0.035,0.965,1820.729919310697,82.1400502998921,0.0,32,60,t=60,1.0
58,0.0,0.03,0.97,1817.6670313350855,82.24394739553681,0.0,32,60,t=60,1.0
59,0.0,0.03,0.97,1817.6670313350855,82.24394739553681,0.0,32,60,t=60,1.0
60,0.0,0.03,0.97,1817.6670313350855,82.24394739553681,1.0,32,60,t=60,1.0
61,0.0,0.03,0.97,1817.6670313350855,82.24394739553681,1.0,32,60,t=60,1.0
62,0.0,0.03,0.97,1817.6670313350855,82.24394739553681,1.0,32,60,t=60,1.0
0,0.0,0.94,0.06,992.9366901508414,7.368171494915139,0.0,32,80,t=80,1.0
1,0.0,0.89,0.11,1081.5313405556906,11.975064914387408,0.0,32,80,t=80,1.0
2,0.0,0.845,0.155,1155.975610575372,15.427712798122823,0.0,32,80,t=80,1.0
3,0.0,0.805,0.195,1274.7869434094694,20.583269757820467,0.0,32,80,t=80,1.0
4,0.0,0.76,0.24,1394.6960069348138,25.434020731144273,0.0,32,80,t=80,1.0
5,0.0,0.73,0.27,1495.6876017069287,29.289711197771496,0.0,32,80,t=80,1.0
6,0.0,0.69,0.31,1594.5546948999092,32.870636724256485,0.0,32,80,t=80,1.0
7,0.0,0.655,0.345,1707.520380424489,36.75519889662537,0.0,32,80,t=80,1.0
8,0.0,0.625,0.375,1804.6435081270984,39.94353206124465,0.0,32,80,t=80,1.0
9,0.0,0.6,0.4,1866.6961652725943,41.93208105130302,0.0,32,80,t=80,1.0
10,0.0,0.575,0.425,1887.6933442809782,42.645580061580695,0.0,32,80,t=80,1.0
11,0.0,0.54,0.46,1975.675952943433,46.00350970599381,0.0,32,80,t=80,1.0
12,0.0,0.505,0.495,2039.9513752759856,49.0899704853483,0.0,32,80,t=80,1.0
13,0.0,0.475,0.525,2074.0912726155548,51.13986898345618,0.0,32,80,t=80,1.0
14,0.0,0.455,0.545,2092.7234694084905,52.473235971096756,0.0,32,80,t=80,1.0
15,0.0,0.425,0.575,2111.5497012951973,54.08847366063695,0.0,32,80,t=80,1.0
16,0.0,0.4,0.6,2132.215407047691,56.51061391900119,0.0,32,80,t=80,1.0
17,0.0,0.37,0.63,2144.47386742117,59.331448383474395,0.0,32,80,t=80,1.0
18,0.0,0.345,0.655,2146.301075632252,60.61808533076653,0.0,32,80,t=80,1.0
19,0.0,0.32,0.68,2144.733021459267,62.28543111165094,0.0,32,80,t=80,1.0
20,0.0,0.305,0.695,2139.5397615506436,63.85344658459932,0.0,32,80,t=80,1.0
21,0.0,0.3,0.7,2137.990933908922,64.18600129961172,0.0,32,80,t=80,1.0
22,0.0,0.29,0.71,2134.837236725054,64.76218842449744,0.0,32,80,t=80,1.0
23,0.0,0.27,0.73,2120.481082188508,66.70637184715619,0.0,32,80,t=80,1.0
24,0.0,0.265,0.735,2116.3623413148625,67.1630853994923,0.0,32,80,t=80,1.0
25,0.0,0.255,0.745,2102.4901798451488,68.5072268618292,0.0,32,80,t=80,1.0
26,0.0,0.235,0.765,2092.4980988791704,69.35515404019387,0.0,32,80,t=80,1.0
27,0.0,0.21,0.79,2068.5246398005966,71.09685705882123,0.0,32,80,t=80,1.0
28,0.0,0.2,0.8,2052.1559139811,72.14562296600567,0.0,32,80,t=80,1.0
29,0.0,0.195,0.805,2044.3249020591138,72.61390362375019,0.0,32,80,t=80,1.0
30,0.0,0.185,0.815,2036.97789172292,73.03918513890434,0.0,32,80,t=80,1.0
31,0.0,0.175,0.825,2016.209903813567,74.16562208555442,0.0,32,80,t=80,1.0
32,0.0,0.16,0.84,1993.7631280611727,75.28781092522829,0.0,32,80,t=80,1.0
33,0.0,0.15,0.85,1984.9096020006273,75.71080690808128,0.0,32,80,t=80,1.0
34,0.0,0.14,0.86,1966.3273148577541,76.56697223738765,0.0,32,80,t=80,1.0
35,0.0,0.13,0.87,1957.1669114435538,76.96922750715808,0.0,32,80,t=80,1.0
36,0.0,0.13,0.87,1957.1669114435538,76.96922750715808,0.0,32,80,t=80,1.0
37,0.0,0.13,0.87,1957.1669114435538,76.96922750715808,0.0,32,80,t=80,1.0
38,0.0,0.12,0.88,1953.2705715608793,77.13708730529646,0.0,32,80,t=80,1.0
39,0.0,0.115,0.885,1947.813977299351,77.3717532295792,0.0,32,80,t=80,1.0
40,0.0,0.11,0.89,1945.8925903190586,77.45370379246836,0.0,32,80,t=80,1.0
41,0.0,0.105,0.895,1933.3164363488338,77.97505851737324,0.0,32,80,t=80,1.0
42,0.0,0.1,0.9,1921.8591521546675,78.44137772223597,0.0,32,80,t=80,1.0
43,0.0,0.095,0.905,1914.5053200360417,78.73508987951793,0.0,32,80,t=80,1.0
44,0.0,0.095,0.905,1914.5053200360417,78.73508987951793,0.0,32,80,t=80,1.0
45,0.0,0.09,0.91,1909.9093919978575,78.91472507669022,0.0,32,80,t=80,1.0
46,0.0,0.08,0.92,1891.2823352156151,79.62732216033413,0.0,32,80,t=80,1.0
47,0.0,0.08,0.92,1891.2823352156151,79.62732216033413,0.0,32,80,t=80,1.0
48,0.0,0.075,0.925,1884.0575567798278,79.89686237860298,0.0,32,80,t=80,1.0
49,0.0,0.065,0.935,1864.3230285849313,80.62185141827317,0.0,32,80,t=80,1.0
50,0.0,0.065,0.935,1864.3230285849313,80.62185141827317,0.0,32,80,t=80,1.0
51,0.0,0.06,0.94,1858.8360236971164,80.81737356758498,0.0,32,80,t=80,1.0
52,0.0,0.055,0.945,1845.223927073023,81.29601637369316,0.0,32,80,t=80,1.0
53,0.0,0.05,0.95,1834.9622013644298,81.65442028283496,0.0,32,80,t=80,1.0
54,0.0,0.04,0.96,1826.9292298962393,81.9294564300553,0.0,32,80,t=80,1.0
55,0.0,0.035,0.965,1820.729919310697,82.1400502998921,0.0,32,80,t=80,1.0
56,0.0,0.035,0.965,1820.729919310697,82.1400502998921,0.0,32,80,t=80,1.0
57,0.0,0.035,0.965,1820.729919310697,82.1400502998921,0.0,32,80,t=80,1.0
58,0.0,0.03,0.97,1817.6670313350855,82.24394739553681,0.0,32,80,t=80,1.0
59,0.0,0.03,0.97,1817.6670313350855,82.24394739553681,0.0,32,80,t=80,1.0
60,0.0,0.03,0.97,1817.6670313350855,82.24394739553681,0.0,32,80,t=80,1.0
61,0.0,0.03,0.97,1817.6670313350855,82.24394739553681,0.0,32,80,t=80,1.0
62,0.0,0.03,0.97,1817.6670313350855,82.24394739553681,0.0,32,80,t=80,1.0
63,0.0,0.025,0.975,1814.3428265501216,82.35572917308289,0.0,32,80,t=80,1.0
64,0.0,0.025,0.975,1814.3428265501216,82.35572917308289,0.0,32,80,t=80,1.0
65,0.0,0.025,0.975,1814.3428265501216,82.35572917308289,0.0,32,80,t=80,1.0
66,0.0,0.02,0.98,1806.6689685256263,82.61147779022487,0.0,32,80,t=80,1.0
67,0.0,0.015,0.985,1781.6284705909293,83.42415488493728,0.0,32,80,t=80,1.0
68,0.0,0.015,0.985,1781.6284705909293,83.42415488493728,0.0,32,80,t=80,1.0
69,0.0,0.015,0.985,1781.6284705909293,83.42415488493728,0.0,32,80,t=80,1.0
70,0.0,0.015,0.985,1781.6284705909293,83.42415488493728,0.0,32,80,t=80,1.0
71,0.0,0.015,0.985,1781.6284705909293,83.42415488493728,0.0,32,80,t=80,1.0
72,0.0,0.01,0.99,1769.029366330424,83.82192468671157,0.0,32,80,t=80,1.0
73,0.0,0.01,0.99,1769.029366330424,83.82192468671157,0.0,32,80,t=80,1.0
74,0.0,0.01,0.99,1769.029366330424,83.82192468671157,0.0,32,80,t=80,1.0
75,0.0,0.01,0.99,1769.029366330424,83.82192468671157,0.0,32,80,t=80,1.0
76,0.0,0.01,0.99,1769.029366330424,83.82192468671157,0.0,32,80,t=80,1.0
77,0.0,0.01,0.99,1769.029366330424,83.82192468671157,0.0,32,80,t=80,1.0
78,0.0,0.01,0.99,1769.029366330424,83.82192468671157,0.0,32,80,t=80,1.0
79,0.0,0.01,0.99,1769.029366330424,83.82192468671157,0.0,32,80,t=80,1.0
80,0.0,0.01,0.99,1769.029366330424,83.82192468671157,1.0,32,80,t=80,1.0
0,0.0,0.94,0.06,856.7695070119105,6.805555648608143,0.0,33,-1,never,1.0
1,0.0,0.895,0.105,988.078204927485,13.109235569264651,0.0,33,-1,never,1.0
2,0.0,0.845,0.155,1045.4583237757215,15.579813044875044,0.0,33,-1,never,1.0
3,0.0,0.815,0.185,1107.838197673383,18.161297375748244,0.0,33,-1,never,1.0
4,0.0,0.775,0.225,1184.7108368024647,21.2056727791187,0.0,33,-1,never,1.0
5,0.0,0.735,0.265,1278.249792070061,24.732113781247115,0.0,33,-1,never,1.0
6,0.0,0.69,0.31,1451.5655578675899,30.82112808058533,0.0,33,-1,never,1.0
7,0.0,0.65,0.35,1587.030354317549,35.649006842583816,0.0,33,-1,never,1.0
8,0.0,0.62,0.38,1670.698753422383,39.5831159686999,0.0,33,-1,never,1.0
9,0.0,0.585,0.415,1711.1371926041206,42.101167937850754,0.0,33,-1,never,1.0
10,0.0,0.565,0.435,1728.477045596021,43.43266781767474,0.0,33,-1,never,1.0
11,0.0,0.53,0.47,1754.1306705331156,46.019927238452766,0.0,33,-1,never,1.0
12,0.0,0.495,0.505,1771.5894363416278,49.20770569657768,0.0,33,-1,never,1.0
13,0.0,0.46,0.54,1774.7098142408927,51.19608892243443,0.0,33,-1,never,1.0
14,0.0,0.44,0.56,1773.8971426678568,52.19955824505885,0.0,33,-1,never,1.0
15,0.0,0.42,0.58,1771.7311914208897,53.198904604118056,0.0,33,-1,never,1.0
16,0.0,0.4,0.6,1769.1583621524628,53.922019069413935,0.0,33,-1,never,1.0
17,0.0,0.39,0.61,1765.7600309019492,54.65863200835492,0.0,33,-1,never,1.0
18,0.0,0.375,0.625,1759.159572662742,55.796428496102514,0.0,33,-1,never,1.0
19,0.0,0.365,0.635,1751.9713480104217,56.766267005954504,0.0,33,-1,never,1.0
20,0.0,0.335,0.665,1716.5433009022977,60.130228356421554,0.0,33,-1,never,1.0
21,0.0,0.32,0.68,1712.1694978986552,60.465973192039044,0.0,33,-1,never,1.0
22,0.0,0.29,0.71,1673.8571247679147,63.00109932092843,0.0,33,-1,never,1.0
23,0.0,0.27,0.73,1659.3760717910643,63.834679404830204,0.0,33,-1,never,1.0
24,0.0,0.25,0.75,1628.0237592116,65.47373939164724,0.0,33,-1,never,1.0
25,0.0,0.24,0.76,1613.8188908955872,66.16513404137123,0.0,33,-1,never,1.0
26,0.0,0.23,0.77,1606.6632821212604,66.50059207119675,0.0,33,-1,never,1.0
27,0.0,0.23,0.77,1606.6632821212604,66.50059207119675,0.0,33,-1,never,1.0
28,0.0,0.22,0.78,1583.1325955425473,67.55344514104118,0.0,33,-1,never,1.0
29,0.0,0.2,0.8,1551.4062492681255,68.88372001431593,0.0,33,-1,never,1.0
30,0.0,0.185,0.815,1526.9092658431596,69.85999983607076,0.0,33,-1,never,1.0
31,0.0,0.175,0.825,1505.5559784657664,70.66642997141093,0.0,33,-1,never,1.0
32,0.0,0.16,0.84,1486.5945216652447,71.36452109707963,0.0,33,-1,never,1.0
33,0.0,0.15,0.85,1470.0252186969524,71.95323994709378,0.0,33,-1,never,1.0
34,0.0,0.15,0.85,1470.0252186969524,71.95323994709378,0.0,33,-1,never,1.0
35,0.0,0.14,0.86,1456.3308694550487,72.42635855680003,0.0,33,-1,never,1.0
36,0.0,0.135,0.865,1452.9251919758224,72.54266151598492,0.0,33,-1,never,1.0
37,0.0,0.13,0.87,1445.299883891989,72.80106441649582,0.0,33,-1,never,1.0
38,0.0,0.12,0.88,1417.7518931274087,73.71689087324765,0.0,33,-1,never,1.0
39,0.0,0.12,0.88,1417.7518931274087,73.71689087324765,0.0,33,-1,never,1.0
40,0.0,0.115,0.885,1395.2674418317483,74.446687994646,0.0,33,-1,never,1.0
41,0.0,0.115,0.885,1395.2674418317483,74.446687994646,0.0,33,-1,never,1.0
42,0.0,0.1,0.9,1339.5215389208083,76.15610262690544,0.0,33,-1,never,1.0
43,0.0,0.1,0.9,1339.5215389208083,76.15610262690544,0.0,33,-1,never,1.0
44,0.0,0.09,0.91,1294.4700557317578,77.47119298512555,0.0,33,-1,never,1.0
45,0.0,0.08,0.92,1271.9666966348263,78.10741873972242,0.0,33,-1,never,1.0
46,0.0,0.08,0.92,1271.9666966348263,78.10741873972242,0.0,33,-1,never,1.0
47,0.0,0.075,0.925,1262.279951534902,78.37631609934998,0.0,33,-1,never,1.0
48,0.0,0.075,0.925,1262.279951534902,78.37631609934998,0.0,33,-1,never,1.0
49,0.0,0.07,0.93,1256.5677406797668,78.53377512890405,0.0,33,-1,never,1.0
50,0.0,0.065,0.935,1253.4525101990876,78.61913520466372,0.0,33,-1,never,1.0
51,0.0,0.055,0.945,1228.3454361998215,79.3063374653853,0.0,33,-1,never,1.0
52,0.0,0.055,0.945,1228.3454361998215,79.3063374653853,0.0,33,-1,never,1.0
53,0.0,0.055,0.945,1228.3454361998215,79.3063374653853,0.0,33,-1,never,1.0
54,0.0,0.05,0.95,1221.8908800853237,79.47888916899205,0.0,33,-1,never,1.0
55,0.0,0.045,0.955,1220.0385651601714,79.52890956885037,0.0,33,-1,never,1.0
56,0.0,0.035,0.965,1196.5627898379435,80.15212877257079,0.0,33,-1,never,1.0
57,0.0,0.035,0.965,1196.5627898379435,80.15212877257079,0.0,33,-1,never,1.0
58,0.0,0.035,0.965,1196.5627898379435,80.15212877257079,0.0,33,-1,never,1.0
59,0.0,0.035,0.965,1196.5627898379435,80.15212877257079,0.0,33,-1,never,1.0
60,0.0,0.035,0.965,1196.5627898379435,80.15212877257079,0.0,33,-1,never,1.0
0,0.0,0.94,0.06,856.7695070119105,6.805555648608143,1.0,33,0,t=0,1.0
1,0.0,0.895,0.105,988.078204927485,13.109235569264651,1.0,33,0,t=0,1.0
2,0.0,0.845,0.155,1045.4583237757215,15.579813044875044,1.0,33,0,t=0,1.0
3,0.0,0.815,0.185,1107.838197673383,18.161297375748244,1.0,33,0,t=0,1.0
4,0.0,0.775,0.225,1184.7108368024647,21.2056727791187,1.0,33,0,t=0,1.0
5,0.0,0.735,0.265,1278.249792070061,24.732113781247115,1.0,33,0,t=0,1.0
6,0.0,0.69,0.31,1451.5655578675899,30.82112808058533,1.0,33,0,t=0,1.0
7,0.0,0.69,0.31,1451.5655578675899,30.82112808058533,1.0,33,0,t=0,1.0
8,0.0,0.69,0.31,1451.5655578675899,30.82112808058533,1.0,33,0,t=0,1.0
9,0.0,0.69,0.31,1451.5655578675899,30.82112808058533,1.0,33,0,t=0,1.0
10,0.0,0.69,0.31,1451.5655578675899,30.82112808058533,1.0,33,0,t=0,1.0
0,0.0,0.94,0.06,856.7695070119105,6.805555648608143,0.0,33,10,t=10,1.0
1,0.0,0.895,0.105,988.078204927485,13.109235569264651,0.0,33,10,t=10,1.0
2,0.0,0.845,0.155,1045.4583237757215,15.579813044875044,0.0,33,10,t=10,1.0
3,0.0,0.815,0.185,1107.838197673383,18.161297375748244,0.0,33,10,t=10,1.0
4,0.0,0.775,0.225,1184.7108368024647,21.2056727791187,0.0,33,10,t=10,1.0
5,0.0,0.735,0.265,1278.249792070061,24.732113781247115,0.0,33,10,t=10,1.0
6,0.0,0.69,0.31,1451.5655578675899,30.82112808058533,0.0,33,10,t=10,1.0
7,0.0,0.65,0.35,1587.030354317549,35.649006842583816,0.0,33,10,t=10,1.0
8,0.0,0.62,0.38,1670.698753422383,39.5831159686999,0.0,33,10,t=10,1.0
9,0.0,0.585,0.415,1711.1371926041206,42.101167937850754,0.0,33,10,t=10,1.0
10,0.0,0.565,0.435,1728.477045596021,43.43266781767474,1.0,33,10,t=10,1.0
11,0.0,0.565,0.435,1728.477045596021,43.43266781767474,1.0,33,10,t=10,1.0
12,0.0,0.565,0.435,1728.477045596021,43.43266781767474,1.0,33,10,t=10,1.0
13,0.0,0.565,0.435,1728.477045596021,43.43266781767474,1.0,33,10,t=10,1.0
14,0.0,0.565,0.435,1728.477045596021,43.43266781767474,1.0,33,10,t=10,1.0
0,0.0,0.94,0.06,856.7695070119105,6.805555648608143,0.0,33,20,t=20,1.0
1,0.0,0.895,0.105,988.078204927485,13.109235569264651,0.0,33,20,t=20,1.0
2,0.0,0.845,0.155,1045.4583237757215,15.579813044875044,0.0,33,20,t=20,1.0
3,0.0,0.815,0.185,1107.838197673383,18.161297375748244,0.0,33,20,t=20,1.0
4,0.0,0.775,0.225,1184.7108368024647,21.2056727791187,0.0,33,20,t=20,1.0
5,0.0,0.735,0.265,1278.249792070061,24.732113781247115,0.0,33,20,t=20,1.0
6,0.0,0.69,0.31,1451.5655578675899,30.82112808058533,0.0,33,20,t=20,1.0
7,0.0,0.65,0.35,1587.030354317549,35.649006842583816,0.0,33,20,t=20,1.0
8,0.0,0.62,0.38,1670.698753422383,39.5831159686999,0.0,33,20,t=20,1.0
9,0.0,0.585,0.415,1711.1371926041206,42.101167937850754,0.0,33,20,t=20,1.0
10,0.0,0.565,0.435,1728.477045596021,43.43266781767474,0.0,33,20,t=20,1.0
11,0.0,0.53,0.47,1754.1306705331156,46.019927238452766,0.0,33,20,t=20,1.0
12,0.0,0.495,0.505,1771.5894363416278,49.20770569657768,0.0,33,20,t=20,1.0
13,0.0,0.46,0.54,1774.7098142408927,51.19608892243443,0.0,33,20,t=20,1.0
14,0.0,0.44,0.56,1773.8971426678568,52.19955824505885,0.0,33,20,t=20,1.0
15,0.0,0.42,0.58,1771.7311914208897,53.198904604118056,0.0,33,20,t=20,1.0
16,0.0,0.4,0.6,1769.1583621524628,53.922019069413935,0.0,33,20,t=20,1.0
17,0.0,0.39,0.61,1765.7600309019492,54.65863200835492,0.0,33,20,t=20,1.0
18,0.0,0.375,0.625,1759.159572662742,55.796428496102514,0.0,33,20,t=20,1.0
19,0.0,0.365,0.635,1751.9713480104217,56.766267005954504,0.0,33,20,t=20,1.0
20,0.0,0.335,0.665,1716.5433009022977,60.130228356421554,1.0,33,20,t=20,1.0
21,0.0,0.335,0.665,1716.5433009022977,60.130228356421554,1.0,33,20,t=20,1.0
22,0.0,0.335,0.665,1716.5433009022977,60.130228356421554,1.0,33,20,t=20,1.0
23,0.0,0.335,0.665,1716.5433009022977,60.130228356421554,1.0,33,20,t=20,1.0
24,0.0,0.335,0.665,1716.5433009022977,60.130228356421554,1.0,33,20,t=20,1.0
0,0.0,0.94,0.06,856.7695070119105,6.805555648608143,0.0,33,40,t=40,1.0
1,0.0,0.895,0.105,988.078204927485,13.109235569264651,0.0,33,40,t=40,1.0
2,0.0,0.845,0.155,1045.4583237757215,15.579813044875044,0.0,33,40,t=40,1.0
3,0.0,0.815,0.185,1107.838197673383,18.161297375748244,0.0,33,40,t=40,1.0
4,0.0,0.775,0.225,1184.7108368024647,21.2056727791187,0.0,33,40,t=40,1.0
5,0.0,0.735,0.265,1278.249792070061,24.732113781247115,0.0,33,40,t=40,1.0
6,0.0,0.69,0.31,1451.5655578675899,30.82112808058533,0.0,33,40,t=40,1.0
7,0.0,0.65,0.35,1587.030354317549,35.649006842583816,0.0,33,40,t=40,1.0
8,0.0,0.62,0.38,1670.698753422383,39.5831159686999,0.0,33,40,t=40,1.0
9,0.0,0.585,0.415,1711.1371926041206,42.101167937850754,0.0,33,40,t=40,1.0
10,0.0,0.565,0.435,1728.477045596021,43.43266781767474,0.0,33,40,t=40,1.0
11,0.0,0.53,0.47,1754.1306705331156,46.019927238452766,0.0,33,40,t=40,1.0
12,0.0,0.495,0.505,1771.5894363416278,49.20770569657768,0.0,33,40,t=40,1.0
13,0.0,0.46,0.54,1774.7098142408927,51.19608892243443,0.0,33,40,t=40,1.0
14,0.0,0.44,0.56,1773.8971426678568,52.19955824505885,0.0,33,40,t=40,1.0
15,0.0,0.42,0.58,1771.7311914208897,53.198904604118056,0.0,33,40,t=40,1.0
16,0.0,0.4,0.6,1769.1583621524628,53.922019069413935,0.0,33,40,t=40,1.0
17,0.0,0.39,0.61,1765.7600309019492,54.65863200835492,0.0,33,40,t=40,1.0
18,0.0,0.375,0.625,1759.159572662742,55.796428496102514,0.0,33,40,t=40,1.0
19,0.0,0.365,0.635,1751.9713480104217,56.766267005954504,0.0,33,40,t=40,1.0
20,0.0,0.335,0.665,1716.5433009022977,60.130228356421554,0.0,33,40,t=40,1.0
21,0.0,0.32,0.68,1712.1694978986552,60.465973192039044,0.0,33,40,t=40,1.0
22,0.0,0.29,0.71,1673.8571247679147,63.00109932092843,0.0,33,40,t=40,1.0
23,0.0,0.27,0.73,1659.3760717910643,63.834679404830204,0.0,33,40,t=40,1.0
24,0.0,0.25,0.75,1628.0237592116,65.47373939164724,0.0,33,40,t=40,1.0
25,0.0,0.24,0.76,1613.8188908955872,66.16513404137123,0.0,33,40,t=40,1.0
26,0.0,0.23,0.77,1606.6632821212604,66.50059207119675,0.0,33,40,t=40,1.0
27,0.0,0.23,0.77,1606.6632821212604,66.50059207119675,0.0,33,40,t=40,1.0
28,0.0,0.22,0.78,1583.1325955425473,67.55344514104118,0.0,33,40,t=40,1.0
29,0.0,0.2,0.8,1551.4062492681255,68.88372001431593,0.0,33,40,t=40,1.0
30,0.0,0.185,0.815,1526.9092658431596,69.85999983607076,0.0,33,40,t=40,1.0
31,0.0,0.175,0.825,1505.5559784657664,70.66642997141093,0.0,33,40,t=40,1.0
32,0.0,0.16,0.84,1486.5945216652447,71.36452109707963,0.0,33,40,t=40,1.0
33,0.0,0.15,0.85,1470.0252186969524,71.95323994709378,0.0,33,40,t=40,1.0
34,0.0,0.15,0.85,1470.0252186969524,71.95323994709378,0.0,33,40,t=40,1.0
35,0.0,0.14,0.86,1456.3308694550487,72.42635855680003,0.0,33,40,t=40,1.0
36,0.0,0.135,0.865,1452.9251919758224,72.54266151598492,0.0,33,40,t=40,1.0
37,0.0,0.13,0.87,1445.299883891989,72.80106441649582,0.0,33,40,t=40,1.0
38,0.0,0.12,0.88,1417.7518931274087,73.71689087324765,0.0,33,40,t=40,1.0
39,0.0,0.12,0.88,1417.7518931274087,73.71689087324765,0.0,33,40,t=40,1.0
40,0.0,0.115,0.885,1395.2674418317483,74.446687994646,1.0,33,40,t=40,1.0
41,0.0,0.115,0.885,1395.2674418317483,74.446687994646,1.0,33,40,t=40,1.0
42,0.0,0.115,0.885,1395.2674418317483,74.446687994646,1.0,33,40,t=40,1.0
43,0.0,0.115,0.885,1395.2674418317483,74.446687994646,1.0,33,40,t=40,1.0
44,0.0,0.115,0.885,1395.2674418317483,74.446687994646,1.0,33,40,t=40,1.0
0,0.0,0.94,0.06,856.7695070119105,6.805555648608143,0.0,33,60,t=60,1.0
1,0.0,0.895,0.105,988.078204927485,13.109235569264651,0.0,33,60,t=60,1.0
2,0.0,0.845,0.155,1045.4583237757215,15.579813044875044,0.0,33,60,t=60,1.0
3,0.0,0.815,0.185,1107.838197673383,18.161297375748244,0.0,33,60,t=60,1.0
4,0.0,0.775,0.225,1184.7108368024647,21.2056727791187,0.0,33,60,t=60,1.0
5,0.0,0.735,0.265,1278.249792070061,24.732113781247115,0.0,33,60,t=60,1.0
6,0.0,0.69,0.31,1451.5655578675899,30.82112808058533,0.0,33,60,t=60,1.0
7,0.0,0.65,0.35,1587.030354317549,35.649006842583816,0.0,33,60,t=60,1.0
8,0.0,0.62,0.38,1670.698753422383,39.5831159686999,0.0,33,60,t=60,1.0
9,0.0,0.585,0.415,1711.1371926041206,42.101167937850754,0.0,33,60,t=60,1.0
10,0.0,0.565,0.435,1728.477045596021,43.43266781767474,0.0,33,60,t=60,1.0
11,0.0,0.53,0.47,1754.1306705331156,46.019927238452766,0.0,33,60,t=60,1.0
12,0.0,0.495,0.505,1771.5894363416278,49.20770569657768,0.0,33,60,t=60,1.0
13,0.0,0.46,0.54,1774.7098142408927,51.19608892243443,0.0,33,60,t=60,1.0
14,0.0,0.44,0.56,1773.8971426678568,52.19955824505885,0.0,33,60,t=60,1.0
15,0.0,0.42,0.58,1771.7311914208897,53.198904604118056,0.0,33,60,t=60,1.0
16,0.0,0.4,0.6,1769.1583621524628,53.922019069413935,0.0,33,60,t=60,1.0
17,0.0,0.39,0.61,1765.7600309019492,54.65863200835492,0.0,33,60,t=60,1.0
18,0.0,0.375,0.625,1759.159572662742,55.796428496102514,0.0,33,60,t=60,1.0
19,0.0,0.365,0.635,1751.9713480104217,56.766267005954504,0.0,33,60,t=60,1.0
20,0.0,0.335,0.665,1716.5433009022977,60.130228356421554,0.0,33,60,t=60,1.0
21,0.0,0.32,0.68,1712.1694978986552,60.465973192039044,0.0,33,60,t=60,1.0
22,0.0,0.29,0.71,1673.8571247679147,63.00109932092843,0.0,33,60,t=60,1.0
23,0.0,0.27,0.73,1659.3760717910643,63.834679404830204,0.0,33,60,t=60,1.0
24,0.0,0.25,0.75,1628.0237592116,65.47373939164724,0.0,33,60,t=60,1.0
25,0.0,0.24,0.76,1613.8188908955872,66.16513404137123,0.0,33,60,t=60,1.0
26,0.0,0.23,0.77,1606.6632821212604,66.50059207119675,0.0,33,60,t=60,1.0
27,0.0,0.23,0.77,1606.6632821212604,66.50059207119675,0.0,33,60,t=60,1.0
28,0.0,0.22,0.78,1583.1325955425473,67.55344514104118,0.0,33,60,t=60,1.0
29,0.0,0.2,0.8,1551.4062492681255,68.88372001431593,0.0,33,60,t=60,1.0
30,0.0,0.185,0.815,1526.9092658431596,69.85999983607076,0.0,33,60,t=60,1.0
31,0.0,0.175,0.825,1505.5559784657664,70.66642997141093,0.0,33,60,t=60,1.0
32,0.0,0.16,0.84,1486.5945216652447,71.36452109707963,0.0,33,60,t=60,1.0
33,0.0,0.15,0.85,1470.0252186969524,71.95323994709378,0.0,33,60,t=60,1.0
34,0.0,0.15,0.85,1470.0252186969524,71.95323994709378,0.0,33,60,t=60,1.0
35,0.0,0.14,0.86,1456.3308694550487,72.42635855680003,0.0,33,60,t=60,1.0
36,0.0,0.135,0.865,1452.9251919758224,72.54266151598492,0.0,33,60,t=60,1.0
37,0.0,0.13,0.87,1445.299883891989,72.80106441649582,0.0,33,60,t=60,1.0
38,0.0,0.12,0.88,1417.7518931274087,73.71689087324765,0.0,33,60,t=60,1.0
39,0.0,0.12,0.88,1417.7518931274087,73.71689087324765,0.0,33,60,t=60,1.0
40,0.0,0.115,0.885,1395.2674418317483,74.446687994646,0.0,33,60,t=60,1.0
41,0.0,0.115,0.885,1395.2674418317483,74.446687994646,0.0,33,60,t=60,1.0
42,0.0,0.1,0.9,1339.5215389208083,76.15610262690544,0.0,33,60,t=60,1.0
43,0.0,0.1,0.9,1339.5215389208083,76.15610262690544,0.0,33,60,t=60,1.0
44,0.0,0.09,0.91,1294.4700557317578,77.47119298512555,0.0,33,60,t=60,1.0
45,0.0,0.08,0.92,1271.9666966348263,78.10741873972242,0.0,33,60,t=60,1.0
46,0.0,0.08,0.92,1271.9666966348263,78.10741873972242,0.0,33,60,t=60,1.0
47,0.0,0.075,0.925,1262.279951534902,78.37631609934998,0.0,33,60,t=60,1.0
48,0.0,0.075,0.925,1262.279951534902,78.37631609934998,0.0,33,60,t=60,1.0
49,0.0,0.07,0.93,1256.5677406797668,78.53377512890405,0.0,33,60,t=60,1.0
50,0.0,0.065,0.935,1253.4525101990876,78.61913520466372,0.0,33,60,t=60,1.0
51,0.0,0.055,0.945,1228.3454361998215,79.3063374653853,0.0,33,60,t=60,1.0
52,0.0,0.055,0.945,1228.3454361998215,79.3063374653853,0.0,33,60,t=60,1.0
53,0.0,0.055,0.945,1228.3454361998215,79.3063374653853,0.0,33,60,t=60,1.0
54,0.0,0.05,0.95,1221.8908800853237,79.47888916899205,0.0,33,60,t=60,1.0
55,0.0,0.045,0.955,1220.0385651601714,79.52890956885037,0.0,33,60,t=60,1.0
56,0.0,0.035,0.965,1196.5627898379435,80.15212877257079,0.0,33,60,t=60,1.0
57,0.0,0.035,0.965,1196.5627898379435,80.15212877257079,0.0,33,60,t=60,1.0
58,0.0,0.035,0.965,1196.5627898379435,80.15212877257079,0.0,33,60,t=60,1.0
59,0.0,0.035,0.965,1196.5627898379435,80.15212877257079,0.0,33,60,t=60,1.0
60,0.0,0.035,0.965,1196.5627898379435,80.15212877257079,1.0,33,60,t=60,1.0
0,0.0,0.94,0.06,856.7695070119105,6.805555648608143,0.0,33,80,t=80,1.0
1,0.0,0.895,0.105,988.078204927485,13.109235569264651,0.0,33,80,t=80,1.0
2,0.0,0.845,0.155,1045.4583237757215,15.579813044875044,0.0,33,80,t=80,1.0
3,0.0,0.815,0.185,1107.838197673383,18.161297375748244,0.0,33,80,t=80,1.0
4,0.0,0.775,0.225,1184.7108368024647,21.2056727791187,0.0,33,80,t=80,1.0
5,0.0,0.735,0.265,1278.249792070061,24.732113781247115,0.0,33,80,t=80,1.0
6,0.0,0.69,0.31,1451.5655578675899,30.82112808058533,0.0,33,80,t=80,1.0
7,0.0,0.65,0.35,1587.030354317549,35.649006842583816,0.0,33,80,t=80,1.0
8,0.0,0.62,0.38,1670.698753422383,39.5831159686999,0.0,33,80,t=80,1.0
9,0.0,0.585,0.415,1711.1371926041206,42.101167937850754,0.0,33,80,t=80,1.0
10,0.0,0.565,0.435,1728.477045596021,43.43266781767474,0.0,33,80,t=80,1.0
11,0.0,0.53,0.47,1754.1306705331156,46.019927238452766,0.0,33,80,t=80,1.0
12,0.0,0.495,0.505,1771.5894363416278,49.20770569657768,0.0,33,80,t=80,1.0
13,0.0,0.46,0.54,1774.7098142408927,51.19608892243443,0.0,33,80,t=80,1.0
14,0.0,0.44,0.56,1773.8971426678568,52.19955824505885,0.0,33,80,t=80,1.0
15,0.0,0.42,0.58,1771.7311914208897,53.198904604118056,0.0,33,80,t=80,1.0
16,0.0,0.4,0.6,1769.1583621524628,53.922019069413935,0.0,33,80,t=80,1.0
17,0.0,0.39,0.61,1765.7600309019492,54.65863200835492,0.0,33,80,t=80,1.0
18,0.0,0.375,0.625,1759.159572662742,55.796428496102514,0.0,33,80,t=80,1.0
19,0.0,0.365,0.635,1751.9713480104217,56.766267005954504,0.0,33,80,t=80,1.0
20,0.0,0.335,0.665,1716.5433009022977,60.130228356421554,0.0,33,80,t=80,1.0
21,0.0,0.32,0.68,1712.1694978986552,60.465973192039044,0.0,33,80,t=80,1.0
22,0.0,0.29,0.71,1673.8571247679147,63.00109932092843,0.0,33,80,t=80,1.0
23,0.0,0.27,0.73,1659.3760717910643,63.834679404830204,0.0,33,80,t=80,1.0
24,0.0,0.25,0.75,1628.0237592116,65.47373939164724,0.0,33,80,t=80,1.0
25,0.0,0.24,0.76,1613.8188908955872,66.16513404137123,0.0,33,80,t=80,1.0
26,0.0,0.23,0.77,1606.6632821212604,66.50059207119675,0.0,33,80,t=80,1.0
27,0.0,0.23,0.77,1606.6632821212604,66.50059207119675,0.0,33,80,t=80,1.0
28,0.0,0.22,0.78,1583.1325955425473,67.55344514104118,0.0,33,80,t=80,1.0
29,0.0,0.2,0.8,1551.4062492681255,68.88372001431593,0.0,33,80,t=80,1.0
30,0.0,0.185,0.815,1526.9092658431596,69.85999983607076,0.0,33,80,t=80,1.0
31,0.0,0.175,0.825,1505.5559784657664,70.66642997141093,0.0,33,80,t=80,1.0
32,0.0,0.16,0.84,1486.5945216652447,71.36452109707963,0.0,33,80,t=80,1.0
33,0.0,0.15,0.85,1470.0252186969524,71.95323994709378,0.0,33,80,t=80,1.0
34,0.0,0.15,0.85,1470.0252186969524,71.95323994709378,0.0,33,80,t=80,1.0
35,0.0,0.14,0.86,1456.3308694550487,72.42635855680003,0.0,33,80,t=80,1.0
36,0.0,0.135,0.865,1452.9251919758224,72.54266151598492,0.0,33,80,t=80,1.0
37,0.0,0.13,0.87,1445.299883891989,72.80106441649582,0.0,33,80,t=80,1.0
38,0.0,0.12,0.88,1417.7518931274087,73.71689087324765,0.0,33,80,t=80,1.0
39,0.0,0.12,0.88,1417.7518931274087,73.71689087324765,0.0,33,80,t=80,1.0
40,0.0,0.115,0.885,1395.2674418317483,74.446687994646,0.0,33,80,t=80,1.0
41,0.0,0.115,0.885,1395.2674418317483,74.446687994646,0.0,33,80,t=80,1.0
42,0.0,0.1,0.9,1339.5215389208083,76.15610262690544,0.0,33,80,t=80,1.0
43,0.0,0.1,0.9,1339.5215389208083,76.15610262690544,0.0,33,80,t=80,1.0
44,0.0,0.09,0.91,1294.4700557317578,77.47119298512555,0.0,33,80,t=80,1.0
45,0.0,0.08,0.92,1271.9666966348263,78.10741873972242,0.0,33,80,t=80,1.0
46,0.0,0.08,0.92,1271.9666966348263,78.10741873972242,0.0,33,80,t=80,1.0
47,0.0,0.075,0.925,1262.279951534902,78.37631609934998,0.0,33,80,t=80,1.0
48,0.0,0.075,0.925,1262.279951534902,78.37631609934998,0.0,33,80,t=80,1.0
49,0.0,0.07,0.93,1256.5677406797668,78.53377512890405,0.0,33,80,t=80,1.0
50,0.0,0.065,0.935,1253.4525101990876,78.61913520466372,0.0,33,80,t=80,1.0
51,0.0,0.055,0.945,1228.3454361998215,79.3063374653853,0.0,33,80,t=80,1.0
52,0.0,0.055,0.945,1228.3454361998215,79.3063374653853,0.0,33,80,t=80,1.0
53,0.0,0.055,0.945,1228.3454361998215,79.3063374653853,0.0,33,80,t=80,1.0
54,0.0,0.05,0.95,1221.8908800853237,79.47888916899205,0.0,33,80,t=80,1.0
55,0.0,0.045,0.955,1220.0385651601714,79.52890956885037,0.0,33,80,t=80,1.0
56,0.0,0.035,0.965,1196.5627898379435,80.15212877257079,0.0,33,80,t=80,1.0
57,0.0,0.035,0.965,1196.5627898379435,80.15212877257079,0.0,33,80,t=80,1.0
58,0.0,0.035,0.965,1196.5627898379435,80.15212877257079,0.0,33,80,t=80,1.0
59,0.0,0.035,0.965,1196.5627898379435,80.15212877257079,0.0,33,80,t=80,1.0
60,0.0,0.035,0.965,1196.5627898379435,80.15212877257079,0.0,33,80,t=80,1.0
61,0.0,0.03,0.97,1184.9232480247815,80.45880271651666,0.0,33,80,t=80,1.0
62,0.0,0.03,0.97,1184.9232480247815,80.45880271651666,0.0,33,80,t=80,1.0
63,0.0,0.03,0.97,1184.9232480247815,80.45880271651666,0.0,33,80,t=80,1.0
64,0.0,0.03,0.97,1184.9232480247815,80.45880271651666,0.0,33,80,t=80,1.0
65,0.0,0.02,0.98,1176.7984880680906,80.67033728779163,0.0,33,80,t=80,1.0
66,0.0,0.02,0.98,1176.7984880680906,80.67033728779163,0.0,33,80,t=80,1.0
67,0.0,0.015,0.985,1167.8873340506225,80.90182828611216,0.0,33,80,t=80,1.0
68,0.0,0.015,0.985,1167.8873340506225,80.90182828611216,0.0,33,80,t=80,1.0
69,0.0,0.015,0.985,1167.8873340506225,80.90182828611216,0.0,33,80,t=80,1.0
70,0.0,0.015,0.985,1167.8873340506225,80.90182828611216,0.0,33,80,t=80,1.0
71,0.0,0.015,0.985,1167.8873340506225,80.90182828611216,0.0,33,80,t=80,1.0
72,0.0,0.015,0.985,1167.8873340506225,80.90182828611216,0.0,33,80,t=80,1.0
73,0.0,0.015,0.985,1167.8873340506225,80.90182828611216,0.0,33,80,t=80,1.0
74,0.0,0.015,0.985,1167.8873340506225,80.90182828611216,0.0,33,80,t=80,1.0
75,0.0,0.015,0.985,1167.8873340506225,80.90182828611216,0.0,33,80,t=80,1.0
76,0.0,0.015,0.985,1167.8873340506225,80.90182828611216,0.0,33,80,t=80,1.0
77,0.0,0.015,0.985,1167.8873340506225,80.90182828611216,0.0,33,80,t=80,1.0
78,0.0,0.015,0.985,1167.8873340506225,80.90182828611216,0.0,33,80,t=80,1.0
79,0.0,0.015,0.985,1167.8873340506225,80.90182828611216,0.0,33,80,t=80,1.0
80,0.0,0.015,0.985,1167.8873340506225,80.90182828611216,1.0,33,80,t=80,1.0
0,0.0,0.94,0.06,917.2303538827183,5.6384082439041014,0.0,34,-1,never,1.0
1,0.0,0.89,0.11,1001.8238750787522,10.212192315466977,0.0,34,-1,never,1.0
2,0.0,0.845,0.155,1069.2350885272788,13.279540211692023,0.0,34,-1,never,1.0
3,0.0,0.81,0.19,1128.4867869528784,15.837127924531675,0.0,34,-1,never,1.0
4,0.0,0.765,0.235,1249.6292392200935,20.761973430020614,0.0,34,-1,never,1.0
5,0.0,0.73,0.27,1339.6261134112415,24.20610672463193,0.0,34,-1,never,1.0
6,0.0,0.695,0.305,1468.201629667194,28.85673468472704,0.0,34,-1,never,1.0
7,0.0,0.67,0.33,1526.3336829697341,30.859442074507562,0.0,34,-1,never,1.0
8,0.0,0.63,0.37,1648.6414961312694,35.01889985135503,0.0,34,-1,never,1.0
9,0.0,0.615,0.385,1677.5100082811837,36.11694516801589,0.0,34,-1,never,1.0
10,0.0,0.585,0.415,1745.4792354808003,39.06510044742851,0.0,34,-1,never,1.0
11,0.0,0.56,0.44,1796.542394212313,41.84842340264147,0.0,34,-1,never,1.0
12,0.0,0.53,0.47,1830.2370315504438,44.19577068911663,0.0,34,-1,never,1.0
13,0.0,0.51,0.49,1842.7231932654508,45.27524809499303,0.0,34,-1,never,1.0
14,0.0,0.49,0.51,1851.2369880509623,46.119088530203214,0.0,34,-1,never,1.0
15,0.0,0.455,0.545,1872.5941187674152,49.1152073862162,0.0,34,-1,never,1.0
16,0.0,0.44,0.56,1876.5274845855793,50.086208771226346,0.0,34,-1,never,1.0
17,0.0,0.42,0.58,1880.1192207344295,51.92627159959838,0.0,34,-1,never,1.0
18,0.0,0.395,0.605,1877.8154568435696,54.10312501263965,0.0,34,-1,never,1.0
19,0.0,0.385,0.615,1872.8201583198188,55.455643590133036,0.0,34,-1,never,1.0
20,0.0,0.37,0.63,1868.1563159776717,56.31659121598091,0.0,34,-1,never,1.0
21,0.0,0.35,0.65,1862.3170992184023,57.18627450059901,0.0,34,-1,never,1.0
22,0.0,0.335,0.665,1855.6269607412464,58.02196465842661,0.0,34,-1,never,1.0
23,0.0,0.32,0.68,1845.093538598787,59.154320213082464,0.0,34,-1,never,1.0
24,0.0,0.31,0.69,1842.911485099573,59.366151597149376,0.0,34,-1,never,1.0
25,0.0,0.3,0.7,1834.0688701393005,60.177977475323615,0.0,34,-1,never,1.0
26,0.0,0.29,0.71,1827.7161882617993,60.70752322060905,0.0,34,-1,never,1.0
27,0.0,0.275,0.725,1813.3511931171872,61.7949821643307,0.0,34,-1,never,1.0
28,0.0,0.26,0.74,1802.066721641353,62.572775332150385,0.0,34,-1,never,1.0
29,0.0,0.255,0.745,1796.5292359325188,62.939582551376354,0.0,34,-1,never,1.0
30,0.0,0.25,0.75,1793.488381009236,63.134327725359256,0.0,34,-1,never,1.0
31,0.0,0.235,0.765,1785.9924673449648,63.597877561401006,0.0,34,-1,never,1.0
32,0.0,0.22,0.78,1771.713645064961,64.43648043251139,0.0,34,-1,never,1.0
33,0.0,0.2,0.8,1748.361836405733,65.70317330194075,0.0,34,-1,never,1.0
34,0.0,0.185,0.815,1718.485585359031,67.17313769115911,0.0,34,-1,never,1.0
35,0.0,0.17,0.83,1699.491692784754,68.03465431886235,0.0,34,-1,never,1.0
36,0.0,0.165,0.835,1696.902161149795,68.15027170024445,0.0,34,-1,never,1.0
37,0.0,0.16,0.84,1694.27326346392,68.2653094020359,0.0,34,-1,never,1.0
38,0.0,0.16,0.84,1694.27326346392,68.2653094020359,0.0,34,-1,never,1.0
39,0.0,0.145,0.855,1676.7956153124574,69.0132141365209,0.0,34,-1,never,1.0
40,0.0,0.14,0.86,1667.9973559176062,69.37768795979187,0.0,34,-1,never,1.0
41,0.0,0.13,0.87,1651.442556937504,70.05231744919726,0.0,34,-1,never,1.0
42,0.0,0.115,0.885,1620.3079854046412,71.26169963027976,0.0,34,-1,never,1.0
43,0.0,0.11,0.89,1615.1924852249144,71.45336096294645,0.0,34,-1,never,1.0
44,0.0,0.11,0.89,1615.1924852249144,71.45336096294645,0.0,34,-1,never,1.0
45,0.0,0.095,0.905,1580.6181818387636,72.69399531338206,0.0,34,-1,never,1.0
46,0.0,0.095,0.905,1580.6181818387636,72.69399531338206,0.0,34,-1,never,1.0
47,0.0,0.085,0.915,1557.5987308736585,73.4893855779838,0.0,34,-1,never,1.0
48,0.0,0.085,0.915,1557.5987308736585,73.4893855779838,0.0,34,-1,never,1.0
49,0.0,0.075,0.925,1527.3717129065058,74.4927682871359,0.0,34,-1,never,1.0
50,0.0,0.06,0.94,1516.4875133807143,74.84462442299619,0.0,34,-1,never,1.0
51,0.0,0.055,0.945,1507.126856448151,75.14536139666528,0.0,34,-1,never,1.0
52,0.0,0.05,0.95,1500.299369071621,75.35992763502118,0.0,34,-1,never,1.0
53,0.0,0.05,0.95,1500.299369071621,75.35992763502118,0.0,34,-1,never,1.0
54,0.0,0.05,0.95,1500.299369071621,75.35992763502118,0.0,34,-1,never,1.0
55,0.0,0.045,0.955,1463.1959956987434,76.49793483094025,0.0,34,-1,never,1.0
56,0.0,0.04,0.96,1424.2239564242582,77.656864124711,0.0,34,-1,never,1.0
57,0.0,0.04,0.96,1424.2239564242582,77.656864124711,0.0,34,-1,never,1.0
58,0.0,0.04,0.96,1424.2239564242582,77.656864124711,0.0,34,-1,never,1.0
59,0.0,0.035,0.965,1412.4514519903992,77.99715480532703,0.0,34,-1,never,1.0
60,0.0,0.035,0.965,1412.4514519903992,77.99715480532703,0.0,34,-1,never,1.0
61,0.0,0.035,0.965,1412.4514519903992,77.99715480532703,0.0,34,-1,never,1.0
62,0.0,0.035,0.965,1412.4514519903992,77.99715480532703,0.0,34,-1,never,1.0
63,0.0,0.03,0.97,1399.4298247290417,78.36554651232609,0.0,34,-1,never,1.0
64,0.0,0.03,0.97,1399.4298247290417,78.36554651232609,0.0,34,-1,never,1.0
65,0.0,0.03,0.97,1399.4298247290417,78.36554651232609,0.0,34,-1,never,1.0
66,0.0,0.02,0.98,1370.3215150835022,79.17886096236535,0.0,34,-1,never,1.0
67,0.0,0.015,0.985,1322.0523352166738,80.49042154627902,0.0,34,-1,never,1.0
68,0.0,0.01,0.99,1315.5154181780522,80.66346195571992,0.0,34,-1,never,1.0
69,0.0,0.01,0.99,1315.5154181780522,80.66346195571992,0.0,34,-1,never,1.0
70,0.0,0.01,0.99,1315.5154181780522,80.66346195571992,0.0,34,-1,never,1.0
71,0.0,0.01,0.99,1315.5154181780522,80.66346195571992,0.0,34,-1,never,1.0
72,0.0,0.01,0.99,1315.5154181780522,80.66346195571992,0.0,34,-1,never,1.0
0,0.0,0.94,0.06,917.2303538827183,5.6384082439041014,1.0,34,0,t=0,1.0
1,0.0,0.89,0.11,1001.8238750787522,10.212192315466977,1.0,34,0,t=0,1.0
2,0.0,0.845,0.155,1069.2350885272788,13.279540211692023,1.0,34,0,t=0,1.0
3,0.0,0.81,0.19,1128.4867869528784,15.837127924531675,1.0,34,0,t=0,1.0
4,0.0,0.765,0.235,1249.6292392200935,20.761973430020614,1.0,34,0,t=0,1.0
5,0.0,0.73,0.27,1339.6261134112415,24.20610672463193,1.0,34,0,t=0,1.0
6,0.0,0.695,0.305,1468.201629667194,28.85673468472704,1.0,34,0,t=0,1.0
7,0.0,0.67,0.33,1526.3336829697341,30.859442074507562,1.0,34,0,t=0,1.0
8,0.0,0.67,0.33,1526.3336829697341,30.859442074507562,1.0,34,0,t=0,1.0
9,0.0,0.655,0.345,1559.6748015715707,31.983934351040514,1.0,34,0,t=0,1.0
10,0.0,0.655,0.345,1559.6748015715707,31.983934351040514,1.0,34,0,t=0,1.0
11,0.0,0.655,0.345,1559.6748015715707,31.983934351040514,1.0,34,0,t=0,1.0
12,0.0,0.655,0.345,1559.6748015715707,31.983934351040514,1.0,34,0,t=0,1.0
13,0.0,0.655,0.345,1559.6748015715707,31.983934351040514,1.0,34,0,t=0,1.0
0,0.0,0.94,0.06,917.2303538827183,5.6384082439041014,0.0,34,10,t=10,1.0
1,0.0,0.89,0.11,1001.8238750787522,10.212192315466977,0.0,34,10,t=10,1.0
2,0.0,0.845,0.155,1069.2350885272788,13.279540211692023,0.0,34,10,t=10,1.0
3,0.0,0.81,0.19,1128.4867869528784,15.837127924531675,0.0,34,10,t=10,1.0
4,0.0,0.765,0.235,1249.6292392200935,20.761973430020614,0.0,34,10,t=10,1.0
5,0.0,0.73,0.27,1339.6261134112415,24.20610672463193,0.0,34,10,t=10,1.0
6,0.0,0.695,0.305,1468.201629667194,28.85673468472704,0.0,34,10,t=10,1.0
7,0.0,0.67,0.33,1526.3336829697341,30.859442074507562,0.0,34,10,t=10,1.0
8,0.0,0.63,0.37,1648.6414961312694,35.01889985135503,0.0,34,10,t=10,1.0
9,0.0,0.615,0.385,1677.5100082811837,36.11694516801589,0.0,34,10,t=10,1.0
10,0.0,0.585,0.415,1745.4792354808003,39.06510044742851,1.0,34,10,t=10,1.0
11,0.0,0.585,0.415,1745.4792354808003,39.06510044742851,1.0,34,10,t=10,1.0
12,0.0,0.585,0.415,1745.4792354808003,39.06510044742851,1.0,34,10,t=10,1.0
13,0.0,0.585,0.415,1745.4792354808003,39.06510044742851,1.0,34,10,t=10,1.0
14,0.0,0.585,0.415,1745.4792354808003,39.06510044742851,1.0,34,10,t=10,1.0
0,0.0,0.94,0.06,917.2303538827183,5.6384082439041014,0.0,34,20,t=20,1.0
1,0.0,0.89,0.11,1001.8238750787522,10.212192315466977,0.0,34,20,t=20,1.0
2,0.0,0.845,0.155,1069.2350885272788,13.279540211692023,0.0,34,20,t=20,1.0
3,0.0,0.81,0.19,1128.4867869528784,15.837127924531675,0.0,34,20,t=20,1.0
4,0.0,0.765,0.235,1249.6292392200935,20.761973430020614,0.0,34,20,t=20,1.0
5,0.0,0.73,0.27,1339.6261134112415,24.20610672463193,0.0,34,20,t=20,1.0
6,0.0,0.695,0.305,1468.201629667194,28.85673468472704,0.0,34,20,t=20,1.0
7,0.0,0.67,0.33,1526.3336829697341,30.859442074507562,0.0,34,20,t=20,1.0
8,0.0,0.63,0.37,1648.6414961312694,35.01889985135503,0.0,34,20,t=20,1.0
9,0.0,0.615,0.385,1677.5100082811837,36.11694516801589,0.0,34,20,t=20,1.0
10,0.0,0.585,0.415,1745.4792354808003,39.06510044742851,0.0,34,20,t=20,1.0
11,0.0,0.56,0.44,1796.542394212313,41.84842340264147,0.0,34,20,t=20,1.0
12,0.0,0.53,0.47,1830.2370315504438,44.19577068911663,0.0,34,20,t=20,1.0
13,0.0,0.51,0.49,1842.7231932654508,45.27524809499303,0.0,34,20,t=20,1.0
14,0.0,0.49,0.51,1851.2369880509623,46.119088530203214,0.0,34,20,t=20,1.0
15,0.0,0.455,0.545,1872.5941187674152,49.1152073862162,0.0,34,20,t=20,1.0
16,0.0,0.44,0.56,1876.5274845855793,50.086208771226346,0.0,34,20,t=20,1.0
17,0.0,0.42,0.58,1880.1192207344295,51.92627159959838,0.0,34,20,t=20,1.0
18,0.0,0.395,0.605,1877.8154568435696,54.10312501263965,0.0,34,20,t=20,1.0
19,0.0,0.385,0.615,1872.8201583198188,55.455643590133036,0.0,34,20,t=20,1.0
20,0.0,0.37,0.63,1868.1563159776717,56.31659121598091,1.0,34,20,t=20,1.0
21,0.0,0.37,0.63,1868.1563159776717,56.31659121598091,1.0,34,20,t=20,1.0
22,0.0,0.37,0.63,1868.1563159776717,56.31659121598091,1.0,34,20,t=20,1.0
23,0.0,0.37,0.63,1868.1563159776717,56.31659121598091,1.0,34,20,t=20,1.0
24,0.0,0.37,0.63,1868.1563159776717,56.31659121598091,1.0,34,20,t=20,1.0
0,0.0,0.94,0.06,917.2303538827183,5.6384082439041014,0.0,34,40,t=40,1.0
1,0.0,0.89,0.11,1001.8238750787522,10.212192315466977,0.0,34,40,t=40,1.0
2,0.0,0.845,0.155,1069.2350885272788,13.279540211692023,0.0,34,40,t=40,1.0
3,0.0,0.81,0.19,1128.4867869528784,15.837127924531675,0.0,34,40,t=40,1.0
4,0.0,0.765,0.235,1249.6292392200935,20.761973430020614,0.0,34,40,t=40,1.0
5,0.0,0.73,0.27,1339.6261134112415,24.20610672463193,0.0,34,40,t=40,1.0
6,0.0,0.695,0.305,1468.201629667194,28.85673468472704,0.0,34,40,t=40,1.0
7,0.0,0.67,0.33,1526.3336829697341,30.859442074507562,0.0,34,40,t=40,1.0
8,0.0,0.63,0.37,1648.6414961312694,35.01889985135503,0.0,34,40,t=40,1.0
9,0.0,0.615,0.385,1677.5100082811837,36.11694516801589,0.0,34,40,t=40,1.0
10,0.0,0.585,0.415,1745.4792354808003,39.06510044742851,0.0,34,40,t=40,1.0
11,0.0,0.56,0.44,1796.542394212313,41.84842340264147,0.0,34,40,t=40,1.0
12,0.0,0.53,0.47,1830.2370315504438,44.19577068911663,0.0,34,40,t=40,1.0
13,0.0,0.51,0.49,1842.7231932654508,45.27524809499303,0.0,34,40,t=40,1.0
14,0.0,0.49,0.51,1851.2369880509623,46.119088530203214,0.0,34,40,t=40,1.0
15,0.0,0.455,0.545,1872.5941187674152,49.1152073862162,0.0,34,40,t=40,1.0
16,0.0,0.44,0.56,1876.5274845855793,50.086208771226346,0.0,34,40,t=40,1.0
17,0.0,0.42,0.58,1880.1192207344295,51.92627159959838,0.0,34,40,t=40,1.0
18,0.0,0.395,0.605,1877.8154568435696,54.10312501263965,0.0,34,40,t=40,1.0
19,0.0,0.385,0.615,1872.8201583198188,55.455643590133036,0.0,34,40,t=40,1.0
20,0.0,0.37,0.63,1868.1563159776717,56.31659121598091,0.0,34,40,t=40,1.0
21,0.0,0.35,0.65,1862.3170992184023,57.18627450059901,0.0,34,40,t=40,1.0
22,0.0,0.335,0.665,1855.6269607412464,58.02196465842661,0.0,34,40,t=40,1.0
23,0.0,0.32,0.68,1845.093538598787,59.154320213082464,0.0,34,40,t=40,1.0
24,0.0,0.31,0.69,1842.911485099573,59.366151597149376,0.0,34,40,t=40,1.0
25,0.0,0.3,0.7,1834.0688701393005,60.177977475323615,0.0,34,40,t=40,1.0
26,0.0,0.29,0.71,1827.7161882617993,60.70752322060905,0.0,34,40,t=40,1.0
27,0.0,0.275,0.725,1813.3511931171872,61.7949821643307,0.0,34,40,t=40,1.0
28,0.0,0.26,0.74,1802.066721641353,62.572775332150385,0.0,34,40,t=40,1.0
29,0.0,0.255,0.745,1796.5292359325188,62.939582551376354,0.0,34,40,t=40,1.0
30,0.0,0.25,0.75,1793.488381009236,63.134327725359256,0.0,34,40,t=40,1.0
31,0.0,0.235,0.765,1785.9924673449648,63.597877561401006,0.0,34,40,t=40,1.0
32,0.0,0.22,0.78,1771.713645064961,64.43648043251139,0.0,34,40,t=40,1.0
33,0.0,0.2,0.8,1748.361836405733,65.70317330194075,0.0,34,40,t=40,1.0
34,0.0,0.185,0.815,1718.485585359031,67.17313769115911,0.0,34,40,t=40,1.0
35,0.0,0.17,0.83,1699.491692784754,68.03465431886235,0.0,34,40,t=40,1.0
36,0.0,0.165,0.835,1696.902161149795,68.15027170024445,0.0,34,40,t=40,1.0
37,0.0,0.16,0.84,1694.27326346392,68.2653094020359,0.0,34,40,t=40,1.0
38,0.0,0.16,0.84,1694.27326346392,68.2653094020359,0.0,34,40,t=40,1.0
39,0.0,0.145,0.855,1676.7956153124574,69.0132141365209,0.0,34,40,t=40,1.0
40,0.0,0.14,0.86,1667.9973559176062,69.37768795979187,1.0,34,40,t=40,1.0
41,0.0,0.14,0.86,1667.9973559176062,69.37768795979187,1.0,34,40,t=40,1.0
42,0.0,0.14,0.86,1667.9973559176062,69.37768795979187,1.0,34,40,t=40,1.0
43,0.0,0.14,0.86,1667.9973559176062,69.37768795979187,1.0,34,40,t=40,1.0
44,0.0,0.14,0.86,1667.9973559176062,69.37768795979187,1.0,34,40,t=40,1.0
0,0.0,0.94,0.06,917.2303538827183,5.6384082439041014,0.0,34,60,t=60,1.0
1,0.0,0.89,0.11,1001.8238750787522,10.212192315466977,0.0,34,60,t=60,1.0
2,0.0,0.845,0.155,1069.2350885272788,13.279540211692023,0.0,34,60,t=60,1.0
3,0.0,0.81,0.19,1128.4867869528784,15.837127924531675,0.0,34,60,t=60,1.0
4,0.0,0.765,0.235,1249.6292392200935,20.761973430020614,0.0,34,60,t=60,1.0
5,0.0,0.73,0.27,1339.6261134112415,24.20610672463193,0.0,34,60,t=60,1.0
6,0.0,0.695,0.305,1468.201629667194,28.85673468472704,0.0,34,60,t=60,1.0
7,0.0,0.67,0.33,1526.3336829697341,30.859442074507562,0.0,34,60,t=60,1.0
8,0.0,0.63,0.37,1648.6414961312694,35.01889985135503,0.0,34,60,t=60,1.0
9,0.0,0.615,0.385,1677.5100082811837,36.11694516801589,0.0,34,60,t=60,1.0
10,0.0,0.585,0.415,1745.4792354808003,39.06510044742851,0.0,34,60,t=60,1.0
11,0.0,0.56,0.44,1796.542394212313,41.84842340264147,0.0,34,60,t=60,1.0
12,0.0,0.53,0.47,1830.2370315504438,44.19577068911663,0.0,34,60,t=60,1.0
13,0.0,0.51,0.49,1842.7231932654508,45.27524809499303,0.0,34,60,t=60,1.0
14,0.0,0.49,0.51,1851.2369880509623,46.119088530203214,0.0,34,60,t=60,1.0
15,0.0,0.455,0.545,1872.5941187674152,49.1152073862162,0.0,34,60,t=60,1.0
16,0.0,0.44,0.56,1876.5274845855793,50.086208771226346,0.0,34,60,t=60,1.0
17,0.0,0.42,0.58,1880.1192207344295,51.92627159959838,0.0,34,60,t=60,1.0
18,0.0,0.395,0.605,1877.8154568435696,54.10312501263965,0.0,34,60,t=60,1.0
19,0.0,0.385,0.615,1872.8201583198188,55.455643590133036,0.0,34,60,t=60,1.0
20,0.0,0.37,0.63,1868.1563159776717,56.31659121598091,0.0,34,60,t=60,1.0
21,0.0,0.35,0.65,1862.3170992184023,57.18627450059901,0.0,34,60,t=60,1.0
22,0.0,0.335,0.665,1855.6269607412464,58.02196465842661,0.0,34,60,t=60,1.0
23,0.0,0.32,0.68,1845.093538598787,59.154320213082464,0.0,34,60,t=60,1.0
24,0.0,0.31,0.69,1842.911485099573,59.366151597149376,0.0,34,60,t=60,1.0
25,0.0,0.3,0.7,1834.0688701393005,60.177977475323615,0.0,34,60,t=60,1.0
26,0.0,0.29,0.71,1827.7161882617993,60.70752322060905,0.0,34,60,t=60,1.0
27,0.0,0.275,0.725,1813.3511931171872,61.7949821643307,0.0,34,60,t=60,1.0
28,0.0,0.26,0.74,1802.066721641353,62.572775332150385,0.0,34,60,t=60,1.0
29,0.0,0.255,0.745,1796.5292359325188,62.939582551376354,0.0,34,60,t=60,1.0
30,0.0,0.25,0.75,1793.488381009236,63.134327725359256,0.0,34,60,t=60,1.0
31,0.0,0.235,0.765,1785.9924673449648,63.597877561401006,0.0,34,60,t=60,1.0
32,0.0,0.22,0.78,1771.713645064961,64.43648043251139,0.0,34,60,t=60,1.0
33,0.0,0.2,0.8,1748.361836405733,65.70317330194075,0.0,34,60,t=60,1.0
34,0.0,0.185,0.815,1718.485585359031,67.17313769115911,0.0,34,60,t=60,1.0
35,0.0,0.17,0.83,1699.491692784754,68.03465431886235,0.0,34,60,t=60,1.0
36,0.0,0.165,0.835,1696.902161149795,68.15027170024445,0.0,34,60,t=60,1.0
37,0.0,0.16,0.84,1694.27326346392,68.2653094020359,0.0,34,60,t=60,1.0
38,0.0,0.16,0.84,1694.27326346392,68.2653094020359,0.0,34,60,t=60,1.0
39,0.0,0.145,0.855,1676.7956153124574,69.0132141365209,0.0,34,60,t=60,1.0
40,0.0,0.14,0.86,1667.9973559176062,69.37768795979187,0.0,34,60,t=60,1.0
41,0.0,0.13,0.87,1651.442556937504,70.05231744919726,0.0,34,60,t=60,1.0
42,0.0,0.115,0.885,1620.3079854046412,71.26169963027976,0.0,34,60,t=60,1.0
43,0.0,0.11,0.89,1615.1924852249144,71.45336096294645,0.0,34,60,t=60,1.0
44,0.0,0.11,0.89,1615.1924852249144,71.45336096294645,0.0,34,60,t=60,1.0
45,0.0,0.095,0.905,1580.6181818387636,72.69399531338206,0.0,34,60,t=60,1.0
46,0.0,0.095,0.905,1580.6181818387636,72.69399531338206,0.0,34,60,t=60,1.0
47,0.0,0.085,0.915,1557.5987308736585,73.4893855779838,0.0,34,60,t=60,1.0
48,0.0,0.085,0.915,1557.5987308736585,73.4893855779838,0.0,34,60,t=60,1.0
49,0.0,0.075,0.925,1527.3717129065058,74.4927682871359,0.0,34,60,t=60,1.0
50,0.0,0.06,0.94,1516.4875133807143,74.84462442299619,0.0,34,60,t=60,1.0
51,0.0,0.055,0.945,1507.126856448151,75.14536139666528,0.0,34,60,t=60,1.0
52,0.0,0.05,0.95,1500.299369071621,75.35992763502118,0.0,34,60,t=60,1.0
53,0.0,0.05,0.95,1500.299369071621,75.35992763502118,0.0,34,60,t=60,1.0
54,0.0,0.05,0.95,1500.299369071621,75.35992763502118,0.0,34,60,t=60,1.0
55,0.0,0.045,0.955,1463.1959956987434,76.49793483094025,0.0,34,60,t=60,1.0
56,0.0,0.04,0.96,1424.2239564242582,77.656864124711,0.0,34,60,t=60,1.0
57,0.0,0.04,0.96,1424.2239564242582,77.656864124711,0.0,34,60,t=60,1.0
58,0.0,0.04,0.96,1424.2239564242582,77.656864124711,0.0,34,60,t=60,1.0
59,0.0,0.035,0.965,1412.4514519903992,77.99715480532703,0.0,34,60,t=60,1.0
60,0.0,0.035,0.965,1412.4514519903992,77.99715480532703,1.0,34,60,t=60,1.0
61,0.0,0.035,0.965,1412.4514519903992,77.99715480532703,1.0,34,60,t=60,1.0
62,0.0,0.035,0.965,1412.4514519903992,77.99715480532703,1.0,34,60,t=60,1.0
63,0.0,0.035,0.965,1412.4514519903992,77.99715480532703,1.0,34,60,t=60,1.0
0,0.0,0.94,0.06,917.2303538827183,5.6384082439041014,0.0,34,80,t=80,1.0
1,0.0,0.89,0.11,1001.8238750787522,10.212192315466977,0.0,34,80,t=80,1.0
2,0.0,0.845,0.155,1069.2350885272788,13.279540211692023,0.0,34,80,t=80,1.0
3,0.0,0.81,0.19,1128.4867869528784,15.837127924531675,0.0,34,80,t=80,1.0
4,0.0,0.765,0.235,1249.6292392200935,20.761973430020614,0.0,34,80,t=80,1.0
5,0.0,0.73,0.27,1339.6261134112415,24.20610672463193,0.0,34,80,t=80,1.0
6,0.0,0.695,0.305,1468.201629667194,28.85673468472704,0.0,34,80,t=80,1.0
7,0.0,0.67,0.33,1526.3336829697341,30.859442074507562,0.0,34,80,t=80,1.0
8,0.0,0.63,0.37,1648.6414961312694,35.01889985135503,0.0,34,80,t=80,1.0
9,0.0,0.615,0.385,1677.5100082811837,36.11694516801589,0.0,34,80,t=80,1.0
10,0.0,0.585,0.415,1745.4792354808003,39.06510044742851,0.0,34,80,t=80,1.0
11,0.0,0.56,0.44,1796.542394212313,41.84842340264147,0.0,34,80,t=80,1.0
12,0.0,0.53,0.47,1830.2370315504438,44.19577068911663,0.0,34,80,t=80,1.0
13,0.0,0.51,0.49,1842.7231932654508,45.27524809499303,0.0,34,80,t=80,1.0
14,0.0,0.49,0.51,1851.2369880509623,46.119088530203214,0.0,34,80,t=80,1.0
15,0.0,0.455,0.545,1872.5941187674152,49.1152073862162,0.0,34,80,t=80,1.0
16,0.0,0.44,0.56,1876.5274845855793,50.086208771226346,0.0,34,80,t=80,1.0
17,0.0,0.42,0.58,1880.1192207344295,51.92627159959838,0.0,34,80,t=80,1.0
18,0.0,0.395,0.605,1877.8154568435696,54.10312501263965,0.0,34,80,t=80,1.0
19,0.0,0.385,0.615,1872.8201583198188,55.455643590133036,0.0,34,80,t=80,1.0
20,0.0,0.37,0.63,1868.1563159776717,56.31659121598091,0.0,34,80,t=80,1.0
21,0.0,0.35,0.65,1862.3170992184023,57.18627450059901,0.0,34,80,t=80,1.0
22,0.0,0.335,0.665,1855.6269607412464,58.02196465842661,0.0,34,80,t=80,1.0
23,0.0,0.32,0.68,1845.093538598787,59.154320213082464,0.0,34,80,t=80,1.0
24,0.0,0.31,0.69,1842.911485099573,59.366151597149376,0.0,34,80,t=80,1.0
25,0.0,0.3,0.7,1834.0688701393005,60.177977475323615,0.0,34,80,t=80,1.0
26,0.0,0.29,0.71,1827.7161882617993,60.70752322060905,0.0,34,80,t=80,1.0
27,0.0,0.275,0.725,1813.3511931171872,61.7949821643307,0.0,34,80,t=80,1.0
28,0.0,0.26,0.74,1802.066721641353,62.572775332150385,0.0,34,80,t=80,1.0
29,0.0,0.255,0.745,1796.5292359325188,62.939582551376354,0.0,34,80,t=80,1.0
30,0.0,0.25,0.75,1793.488381009236,63.134327725359256,0.0,34,80,t=80,1.0
31,0.0,0.235,0.765,1785.9924673449648,63.597877561401006,0.0,34,80,t=80,1.0
32,0.0,0.22,0.78,1771.713645064961,64.43648043251139,0.0,34,80,t=80,1.0
33,0.0,0.2,0.8,1748.361836405733,65.70317330194075,0.0,34,80,t=80,1.0
34,0.0,0.185,0.815,1718.485585359031,67.17313769115911,0.0,34,80,t=80,1.0
35,0.0,0.17,0.83,1699.491692784754,68.03465431886235,0.0,34,80,t=80,1.0
36,0.0,0.165,0.835,1696.902161149795,68.15027170024445,0.0,34,80,t=80,1.0
37,0.0,0.16,0.84,1694.27326346392,68.2653094020359,0.0,34,80,t=80,1.0
38,0.0,0.16,0.84,1694.27326346392,68.2653094020359,0.0,34,80,t=80,1.0
39,0.0,0.145,0.855,1676.7956153124574,69.0132141365209,0.0,34,80,t=80,1.0
40,0.0,0.14,0.86,1667.9973559176062,69.37768795979187,0.0,34,80,t=80,1.0
41,0.0,0.13,0.87,1651.442556937504,70.05231744919726,0.0,34,80,t=80,1.0
42,0.0,0.115,0.885,1620.3079854046412,71.26169963027976,0.0,34,80,t=80,1.0
43,0.0,0.11,0.89,1615.1924852249144,71.45336096294645,0.0,34,80,t=80,1.0
44,0.0,0.11,0.89,1615.1924852249144,71.45336096294645,0.0,34,80,t=80,1.0
45,0.0,0.095,0.905,1580.6181818387636,72.69399531338206,0.0,34,80,t=80,1.0
46,0.0,0.095,0.905,1580.6181818387636,72.69399531338206,0.0,34,80,t=80,1.0
47,0.0,0.085,0.915,1557.5987308736585,73.4893855779838,0.0,34,80,t=80,1.0
48,0.0,0.085,0.915,1557.5987308736585,73.4893855779838,0.0,34,80,t=80,1.0
49,0.0,0.075,0.925,1527.3717129065058,74.4927682871359,0.0,34,80,t=80,1.0
50,0.0,0.06,0.94,1516.4875133807143,74.84462442299619,0.0,34,80,t=80,1.0
51,0.0,0.055,0.945,1507.126856448151,75.14536139666528,0.0,34,80,t=80,1.0
52,0.0,0.05,0.95,1500.299369071621,75.35992763502118,0.0,34,80,t=80,1.0
53,0.0,0.05,0.95,1500.299369071621,75.35992763502118,0.0,34,80,t=80,1.0
54,0.0,0.05,0.95,1500.299369071621,75.35992763502118,0.0,34,80,t=80,1.0
55,0.0,0.045,0.955,1463.1959956987434,76.49793483094025,0.0,34,80,t=80,1.0
56,0.0,0.04,0.96,1424.2239564242582,77.656864124711,0.0,34,80,t=80,1.0
57,0.0,0.04,0.96,1424.2239564242582,77.656864124711,0.0,34,80,t=80,1.0
58,0.0,0.04,0.96,1424.2239564242582,77.656864124711,0.0,34,80,t=80,1.0
59,0.0,0.035,0.965,1412.4514519903992,77.99715480532703,0.0,34,80,t=80,1.0
60,0.0,0.035,0.965,1412.4514519903992,77.99715480532703,0.0,34,80,t=80,1.0
61,0.0,0.035,0.965,1412.4514519903992,77.99715480532703,0.0,34,80,t=80,1.0
62,0.0,0.035,0.965,1412.4514519903992,77.99715480532703,0.0,34,80,t=80,1.0
63,0.0,0.03,0.97,1399.4298247290417,78.36554651232609,0.0,34,80,t=80,1.0
64,0.0,0.03,0.97,1399.4298247290417,78.36554651232609,0.0,34,80,t=80,1.0
65,0.0,0.03,0.97,1399.4298247290417,78.36554651232609,0.0,34,80,t=80,1.0
66,0.0,0.02,0.98,1370.3215150835022,79.17886096236535,0.0,34,80,t=80,1.0
67,0.0,0.015,0.985,1322.0523352166738,80.49042154627902,0.0,34,80,t=80,1.0
68,0.0,0.01,0.99,1315.5154181780522,80.66346195571992,0.0,34,80,t=80,1.0
69,0.0,0.01,0.99,1315.5154181780522,80.66346195571992,0.0,34,80,t=80,1.0
70,0.0,0.01,0.99,1315.5154181780522,80.66346195571992,0.0,34,80,t=80,1.0
71,0.0,0.01,0.99,1315.5154181780522,80.66346195571992,0.0,34,80,t=80,1.0
72,0.0,0.01,0.99,1315.5154181780522,80.66346195571992,0.0,34,80,t=80,1.0
73,0.0,0.005,0.995,1302.098680634926,81.0178352017295,0.0,34,80,t=80,1.0
74,0.0,0.005,0.995,1302.098680634926,81.0178352017295,0.0,34,80,t=80,1.0
75,0.0,0.005,0.995,1302.098680634926,81.0178352017295,0.0,34,80,t=80,1.0
76,0.0,0.005,0.995,1302.098680634926,81.0178352017295,0.0,34,80,t=80,1.0
77,0.0,0.005,0.995,1302.098680634926,81.0178352017295,0.0,34,80,t=80,1.0
78,0.0,0.005,0.995,1302.098680634926,81.0178352017295,0.0,34,80,t=80,1.0
79,0.0,0.005,0.995,1302.098680634926,81.0178352017295,0.0,34,80,t=80,1.0
80,0.0,0.005,0.995,1302.098680634926,81.0178352017295,1.0,34,80,t=80,1.0
0,0.0,0.94,0.06,871.8266439137793,5.017958626593637,0.0,35,-1,never,1.0
1,0.0,0.89,0.11,956.5496017665515,9.61835654918947,0.0,35,-1,never,1.0
2,0.0,0.85,0.15,1046.678298324318,13.584732034219048,0.0,35,-1,never,1.0
3,0.0,0.805,0.195,1128.0873673508725,16.938322067282797,0.0,35,-1,never,1.0
4,0.0,0.765,0.235,1264.5542339714946,22.189351207275905,0.0,35,-1,never,1.0
5,0.0,0.725,0.275,1342.8209216178507,25.03034545487553,0.0,35,-1,never,1.0
6,0.0,0.71,0.29,1382.8950195866526,26.432605408087696,0.0,35,-1,never,1.0
7,0.0,0.68,0.32,1466.3631123989312,29.261489901686456,0.0,35,-1,never,1.0
8,0.0,0.635,0.365,1576.8314306441655,32.86026315075556,0.0,35,-1,never,1.0
9,0.0,0.605,0.395,1629.7000543634601,34.68783145987803,0.0,35,-1,never,1.0
10,0.0,0.575,0.425,1702.8678922334104,37.613341013591764,0.0,35,-1,never,1.0
11,0.0,0.545,0.455,1750.0944472425304,39.87328184520305,0.0,35,-1,never,1.0
12,0.0,0.5,0.5,1820.990869657201,44.36840469720697,0.0,35,-1,never,1.0
13,0.0,0.48,0.52,1833.7171121299466,45.484063252761615,0.0,35,-1,never,1.0
14,0.0,0.44,0.56,1860.9345706360514,48.937215985229884,0.0,35,-1,never,1.0
15,0.0,0.41,0.59,1870.2354057689704,51.68495909501293,0.0,35,-1,never,1.0
16,0.0,0.395,0.605,1870.8407108981405,52.58858261640333,0.0,35,-1,never,1.0
17,0.0,0.375,0.625,1869.2857794152749,54.070926204036155,0.0,35,-1,never,1.0
18,0.0,0.36,0.64,1867.6897111164826,54.71192751221852,0.0,35,-1,never,1.0
19,0.0,0.345,0.655,1862.0993598505977,56.088076839101454,0.0,35,-1,never,1.0
20,0.0,0.33,0.67,1855.8945531322456,57.1664209251025,0.0,35,-1,never,1.0
21,0.0,0.32,0.68,1842.6592801093511,58.921558903328624,0.0,35,-1,never,1.0
22,0.0,0.305,0.695,1832.3646784593748,59.98963756969515,0.0,35,-1,never,1.0
23,0.0,0.285,0.715,1817.9996881075294,61.26728300285458,0.0,35,-1,never,1.0
24,0.0,0.285,0.715,1817.9996881075294,61.26728300285458,0.0,35,-1,never,1.0
25,0.0,0.26,0.74,1801.8427002535398,62.513712786507206,0.0,35,-1,never,1.0
26,0.0,0.24,0.76,1773.9683121715987,64.36308238406875,0.0,35,-1,never,1.0
27,0.0,0.215,0.785,1735.4340226125817,66.55495652486931,0.0,35,-1,never,1.0
28,0.0,0.2,0.8,1718.8540492346406,67.4036887548672,0.0,35,-1,never,1.0
29,0.0,0.18,0.82,1698.5233457948896,68.38207754296336,0.0,35,-1,never,1.0
30,0.0,0.175,0.825,1683.9106592429798,69.0491820142323,0.0,35,-1,never,1.0
31,0.0,0.165,0.835,1675.975974760726,69.40706131429033,0.0,35,-1,never,1.0
32,0.0,0.15,0.85,1660.7130952125967,70.07548049874808,0.0,35,-1,never,1.0
33,0.0,0.145,0.855,1653.5242404692078,70.384371508356,0.0,35,-1,never,1.0
34,0.0,0.14,0.86,1645.9529300000254,70.69877340790552,0.0,35,-1,never,1.0
35,0.0,0.12,0.88,1615.1101409677217,71.9394897569183,0.0,35,-1,never,1.0
36,0.0,0.12,0.88,1615.1101409677217,71.9394897569183,0.0,35,-1,never,1.0
37,0.0,0.11,0.89,1584.7304952547536,73.10238168162506,0.0,35,-1,never,1.0
38,0.0,0.11,0.89,1584.7304952547536,73.10238168162506,0.0,35,-1,never,1.0
39,0.0,0.11,0.89,1584.7304952547536,73.10238168162506,0.0,35,-1,never,1.0
40,0.0,0.11,0.89,1584.7304952547536,73.10238168162506,0.0,35,-1,never,1.0
41,0.0,0.105,0.895,1567.701597051445,73.72110217627664,0.0,35,-1,never,1.0
42,0.0,0.1,0.9,1562.6607253792483,73.9032116968762,0.0,35,-1,never,1.0
43,0.0,0.095,0.905,1558.8812957924195,74.03744240744146,0.0,35,-1,never,1.0
44,0.0,0.085,0.915,1536.990226005992,74.8116925416582,0.0,35,-1,never,1.0
45,0.0,0.085,0.915,1536.990226005992,74.8116925416582,0.0,35,-1,never,1.0
46,0.0,0.08,0.92,1515.0685988057062,75.55505903798661,0.0,35,-1,never,1.0
47,0.0,0.07,0.93,1506.9286737601033,75.82816323070611,0.0,35,-1,never,1.0
48,0.0,0.07,0.93,1506.9286737601033,75.82816323070611,0.0,35,-1,never,1.0
49,0.0,0.065,0.935,1489.2789597255255,76.40681675683417,0.0,35,-1,never,1.0
50,0.0,0.06,0.94,1486.8592772922307,76.48518308474263,0.0,35,-1,never,1.0
51,0.0,0.055,0.945,1482.265130595617,76.63499278695372,0.0,35,-1,never,1.0
52,0.0,0.055,0.945,1482.265130595617,76.63499278695372,0.0,35,-1,never,1.0
53,0.0,0.05,0.95,1469.7616071746002,77.0375252960514,0.0,35,-1,never,1.0
54,0.0,0.04,0.96,1458.618067524881,77.39139101027735,0.0,35,-1,never,1.0
55,0.0,0.04,0.96,1458.618067524881,77.39139101027735,0.0,35,-1,never,1.0
56,0.0,0.04,0.96,1458.618067524881,77.39139101027735,0.0,35,-1,never,1.0
57,0.0,0.04,0.96,1458.618067524881,77.39139101027735,0.0,35,-1,never,1.0
58,0.0,0.04,0.96,1458.618067524881,77.39139101027735,0.0,35,-1,never,1.0
0,0.0,0.94,0.06,871.8266439137793,5.017958626593637,1.0,35,0,t=0,1.0
1,0.0,0.89,0.11,956.5496017665515,9.61835654918947,1.0,35,0,t=0,1.0
2,0.0,0.85,0.15,1046.678298324318,13.584732034219048,1.0,35,0,t=0,1.0
3,0.0,0.805,0.195,1128.0873673508725,16.938322067282797,1.0,35,0,t=0,1.0
4,0.0,0.765,0.235,1264.5542339714946,22.189351207275905,1.0,35,0,t=0,1.0
5,0.0,0.725,0.275,1342.8209216178507,25.03034545487553,1.0,35,0,t=0,1.0
6,0.0,0.71,0.29,1382.8950195866526,26.432605408087696,1.0,35,0,t=0,1.0
7,0.0,0.68,0.32,1466.3631123989312,29.261489901686456,1.0,35,0,t=0,1.0
8,0.0,0.68,0.32,1466.3631123989312,29.261489901686456,1.0,35,0,t=0,1.0
9,0.0,0.65,0.35,1523.227304111868,31.127628522734796,1.0,35,0,t=0,1.0
10,0.0,0.65,0.35,1523.227304111868,31.127628522734796,1.0,35,0,t=0,1.0
11,0.0,0.65,0.35,1523.227304111868,31.127628522734796,1.0,35,0,t=0,1.0
12,0.0,0.65,0.35,1523.227304111868,31.127628522734796,1.0,35,0,t=0,1.0
13,0.0,0.65,0.35,1523.227304111868,31.127628522734796,1.0,35,0,t=0,1.0
0,0.0,0.94,0.06,871.8266439137793,5.017958626593637,0.0,35,10,t=10,1.0
1,0.0,0.89,0.11,956.5496017665515,9.61835654918947,0.0,35,10,t=10,1.0
2,0.0,0.85,0.15,1046.678298324318,13.584732034219048,0.0,35,10,t=10,1.0
3,0.0,0.805,0.195,1128.0873673508725,16.938322067282797,0.0,35,10,t=10,1.0
4,0.0,0.765,0.235,1264.5542339714946,22.189351207275905,0.0,35,10,t=10,1.0
5,0.0,0.725,0.275,1342.8209216178507,25.03034545487553,0.0,35,10,t=10,1.0
6,0.0,0.71,0.29,1382.8950195866526,26.432605408087696,0.0,35,10,t=10,1.0
7,0.0,0.68,0.32,1466.3631123989312,29.261489901686456,0.0,35,10,t=10,1.0
8,0.0,0.635,0.365,1576.8314306441655,32.86026315075556,0.0,35,10,t=10,1.0
9,0.0,0.605,0.395,1629.7000543634601,34.68783145987803,0.0,35,10,t=10,1.0
10,0.0,0.575,0.425,1702.8678922334104,37.613341013591764,1.0,35,10,t=10,1.0
11,0.0,0.575,0.425,1702.8678922334104,37.613341013591764,1.0,35,10,t=10,1.0
12,0.0,0.575,0.425,1702.8678922334104,37.613341013591764,1.0,35,10,t=10,1.0
13,0.0,0.575,0.425,1702.8678922334104,37.613341013591764,1.0,35,10,t=10,1.0
14,0.0,0.575,0.425,1702.8678922334104,37.613341013591764,1.0,35,10,t=10,1.0
0,0.0,0.94,0.06,871.8266439137793,5.017958626593637,0.0,35,20,t=20,1.0
1,0.0,0.89,0.11,956.5496017665515,9.61835654918947,0.0,35,20,t=20,1.0
2,0.0,0.85,0.15,1046.678298324318,13.584732034219048,0.0,35,20,t=20,1.0
3,0.0,0.805,0.195,1128.0873673508725,16.938322067282797,0.0,35,20,t=20,1.0
4,0.0,0.765,0.235,1264.5542339714946,22.189351207275905,0.0,35,20,t=20,1.0
5,0.0,0.725,0.275,1342.8209216178507,25.03034545487553,0.0,35,20,t=20,1.0
6,0.0,0.71,0.29,1382.8950195866526,26.432605408087696,0.0,35,20,t=20,1.0
7,0.0,0.68,0.32,1466.3631123989312,29.261489901686456,0.0,35,20,t=20,1.0
8,0.0,0.635,0.365,1576.8314306441655,32.86026315075556,0.0,35,20,t=20,1.0
9,0.0,0.605,0.395,1629.7000543634601,34.68783145987803,0.0,35,20,t=20,1.0
10,0.0,0.575,0.425,1702.8678922334104,37.613341013591764,0.0,35,20,t=20,1.0
11,0.0,0.545,0.455,1750.0944472425304,39.87328184520305,0.0,35,20,t=20,1.0
12,0.0,0.5,0.5,1820.990869657201,44.36840469720697,0.0,35,20,t=20,1.0
13,0.0,0.48,0.52,1833.7171121299466,45.484063252761615,0.0,35,20,t=20,1.0
14,0.0,0.44,0.56,1860.9345706360514,48.937215985229884,0.0,35,20,t=20,1.0
15,0.0,0.41,0.59,1870.2354057689704,51.68495909501293,0.0,35,20,t=20,1.0
16,0.0,0.395,0.605,1870.8407108981405,52.58858261640333,0.0,35,20,t=20,1.0
17,0.0,0.375,0.625,1869.2857794152749,54.070926204036155,0.0,35,20,t=20,1.0
18,0.0,0.36,0.64,1867.6897111164826,54.71192751221852,0.0,35,20,t=20,1.0
19,0.0,0.345,0.655,1862.0993598505977,56.088076839101454,0.0,35,20,t=20,1.0
20,0.0,0.33,0.67,1855.8945531322456,57.1664209251025,1.0,35,20,t=20,1.0
21,0.0,0.33,0.67,1855.8945531322456,57.1664209251025,1.0,35,20,t=20,1.0
22,0.0,0.33,0.67,1855.8945531322456,57.1664209251025,1.0,35,20,t=20,1.0
23,0.0,0.33,0.67,1855.8945531322456,57.1664209251025,1.0,35,20,t=20,1.0
24,0.0,0.33,0.67,1855.8945531322456,57.1664209251025,1.0,35,20,t=20,1.0
0,0.0,0.94,0.06,871.8266439137793,5.017958626593637,0.0,35,40,t=40,1.0
1,0.0,0.89,0.11,956.5496017665515,9.61835654918947,0.0,35,40,t=40,1.0
2,0.0,0.85,0.15,1046.678298324318,13.584732034219048,0.0,35,40,t=40,1.0
3,0.0,0.805,0.195,1128.0873673508725,16.938322067282797,0.0,35,40,t=40,1.0
4,0.0,0.765,0.235,1264.5542339714946,22.189351207275905,0.0,35,40,t=40,1.0
5,0.0,0.725,0.275,1342.8209216178507,25.03034545487553,0.0,35,40,t=40,1.0
6,0.0,0.71,0.29,1382.8950195866526,26.432605408087696,0.0,35,40,t=40,1.0
7,0.0,0.68,0.32,1466.3631123989312,29.261489901686456,0.0,35,40,t=40,1.0
8,0.0,0.635,0.365,1576.8314306441655,32.86026315075556,0.0,35,40,t=40,1.0
9,0.0,0.605,0.395,1629.7000543634601,34.68783145987803,0.0,35,40,t=40,1.0
10,0.0,0.575,0.425,1702.8678922334104,37.613341013591764,0.0,35,40,t=40,1.0
11,0.0,0.545,0.455,1750.0944472425304,39.87328184520305,0.0,35,40,t=40,1.0
12,0.0,0.5,0.5,1820.990869657201,44.36840469720697,0.0,35,40,t=40,1.0
13,0.0,0.48,0.52,1833.7171121299466,45.484063252761615,0.0,35,40,t=40,1.0
14,0.0,0.44,0.56,1860.9345706360514,48.937215985229884,0.0,35,40,t=40,1.0
15,0.0,0.41,0.59,1870.2354057689704,51.68495909501293,0.0,35,40,t=40,1.0
16,0.0,0.395,0.605,1870.8407108981405,52.58858261640333,0.0,35,40,t=40,1.0
17,0.0,0.375,0.625,1869.2857794152749,54.070926204036155,0.0,35,40,t=40,1.0
18,0.0,0.36,0.64,1867.6897111164826,54.71192751221852,0.0,35,40,t=40,1.0
19,0.0,0.345,0.655,1862.0993598505977,56.088076839101454,0.0,35,40,t=40,1.0
20,0.0,0.33,0.67,1855.8945531322456,57.1664209251025,0.0,35,40,t=40,1.0
21,0.0,0.32,0.68,1842.6592801093511,58.921558903328624,0.0,35,40,t=40,1.0
22,0.0,0.305,0.695,1832.3646784593748,59.98963756969515,0.0,35,40,t=40,1.0
23,0.0,0.285,0.715,1817.9996881075294,61.26728300285458,0.0,35,40,t=40,1.0
24,0.0,0.285,0.715,1817.9996881075294,61.26728300285458,0.0,35,40,t=40,1.0
25,0.0,0.26,0.74,1801.8427002535398,62.513712786507206,0.0,35,40,t=40,1.0
26,0.0,0.24,0.76,1773.9683121715987,64.36308238406875,0.0,35,40,t=40,1.0
27,0.0,0.215,0.785,1735.4340226125817,66.55495652486931,0.0,35,40,t=40,1.0
28,0.0,0.2,0.8,1718.8540492346406,67.4036887548672,0.0,35,40,t=40,1.0
29,0.0,0.18,0.82,1698.5233457948896,68.38207754296336,0.0,35,40,t=40,1.0
30,0.0,0.175,0.825,1683.9106592429798,69.0491820142323,0.0,35,40,t=40,1.0
31,0.0,0.165,0.835,1675.975974760726,69.40706131429033,0.0,35,40,t=40,1.0
32,0.0,0.15,0.85,1660.7130952125967,70.07548049874808,0.0,35,40,t=40,1.0
33,0.0,0.145,0.855,1653.5242404692078,70.384371508356,0.0,35,40,t=40,1.0
34,0.0,0.14,0.86,1645.9529300000254,70.69877340790552,0.0,35,40,t=40,1.0
35,0.0,0.12,0.88,1615.1101409677217,71.9394897569183,0.0,35,40,t=40,1.0
36,0.0,0.12,0.88,1615.1101409677217,71.9394897569183,0.0,35,40,t=40,1.0
37,0.0,0.11,0.89,1584.7304952547536,73.10238168162506,0.0,35,40,t=40,1.0
38,0.0,0.11,0.89,1584.7304952547536,73.10238168162506,0.0,35,40,t=40,1.0
39,0.0,0.11,0.89,1584.7304952547536,73.10238168162506,0.0,35,40,t=40,1.0
40,0.0,0.11,0.89,1584.7304952547536,73.10238168162506,1.0,35,40,t=40,1.0
41,0.0,0.11,0.89,1584.7304952547536,73.10238168162506,1.0,35,40,t=40,1.0
0,0.0,0.94,0.06,871.8266439137793,5.017958626593637,0.0,35,60,t=60,1.0
1,0.0,0.89,0.11,956.5496017665515,9.61835654918947,0.0,35,60,t=60,1.0
2,0.0,0.85,0.15,1046.678298324318,13.584732034219048,0.0,35,60,t=60,1.0
3,0.0,0.805,0.195,1128.0873673508725,16.938322067282797,0.0,35,60,t=60,1.0
4,0.0,0.765,0.235,1264.5542339714946,22.189351207275905,0.0,35,60,t=60,1.0
5,0.0,0.725,0.275,1342.8209216178507,25.03034545487553,0.0,35,60,t=60,1.0
6,0.0,0.71,0.29,1382.8950195866526,26.432605408087696,0.0,35,60,t=60,1.0
7,0.0,0.68,0.32,1466.3631123989312,29.261489901686456,0.0,35,60,t=60,1.0
8,0.0,0.635,0.365,1576.8314306441655,32.86026315075556,0.0,35,60,t=60,1.0
9,0.0,0.605,0.395,1629.7000543634601,34.68783145987803,0.0,35,60,t=60,1.0
10,0.0,0.575,0.425,1702.8678922334104,37.613341013591764,0.0,35,60,t=60,1.0
11,0.0,0.545,0.455,1750.0944472425304,39.87328184520305,0.0,35,60,t=60,1.0
12,0.0,0.5,0.5,1820.990869657201,44.36840469720697,0.0,35,60,t=60,1.0
13,0.0,0.48,0.52,1833.7171121299466,45.484063252761615,0.0,35,60,t=60,1.0
14,0.0,0.44,0.56,1860.9345706360514,48.937215985229884,0.0,35,60,t=60,1.0
15,0.0,0.41,0.59,1870.2354057689704,51.68495909501293,0.0,35,60,t=60,1.0
16,0.0,0.395,0.605,1870.8407108981405,52.58858261640333,0.0,35,60,t=60,1.0
17,0.0,0.375,0.625,1869.2857794152749,54.070926204036155,0.0,35,60,t=60,1.0
18,0.0,0.36,0.64,1867.6897111164826,54.71192751221852,0.0,35,60,t=60,1.0
19,0.0,0.345,0.655,1862.0993598505977,56.088076839101454,0.0,35,60,t=60,1.0
20,0.0,0.33,0.67,1855.8945531322456,57.1664209251025,0.0,35,60,t=60,1.0
21,0.0,0.32,0.68,1842.6592801093511,58.921558903328624,0.0,35,60,t=60,1.0
22,0.0,0.305,0.695,1832.3646784593748,59.98963756969515,0.0,35,60,t=60,1.0
23,0.0,0.285,0.715,1817.9996881075294,61.26728300285458,0.0,35,60,t=60,1.0
24,0.0,0.285,0.715,1817.9996881075294,61.26728300285458,0.0,35,60,t=60,1.0
25,0.0,0.26,0.74,1801.8427002535398,62.513712786507206,0.0,35,60,t=60,1.0
26,0.0,0.24,0.76,1773.9683121715987,64.36308238406875,0.0,35,60,t=60,1.0
27,0.0,0.215,0.785,1735.4340226125817,66.55495652486931,0.0,35,60,t=60,1.0
28,0.0,0.2,0.8,1718.8540492346406,67.4036887548672,0.0,35,60,t=60,1.0
29,0.0,0.18,0.82,1698.5233457948896,68.38207754296336,0.0,35,60,t=60,1.0
30,0.0,0.175,0.825,1683.9106592429798,69.0491820142323,0.0,35,60,t=60,1.0
31,0.0,0.165,0.835,1675.975974760726,69.40706131429033,0.0,35,60,t=60,1.0
32,0.0,0.15,0.85,1660.7130952125967,70.07548049874808,0.0,35,60,t=60,1.0
33,0.0,0.145,0.855,1653.5242404692078,70.384371508356,0.0,35,60,t=60,1.0
34,0.0,0.14,0.86,1645.9529300000254,70.69877340790552,0.0,35,60,t=60,1.0
35,0.0,0.12,0.88,1615.1101409677217,71.9394897569183,0.0,35,60,t=60,1.0
36,0.0,0.12,0.88,1615.1101409677217,71.9394897569183,0.0,35,60,t=60,1.0
37,0.0,0.11,0.89,1584.7304952547536,73.10238168162506,0.0,35,60,t=60,1.0
38,0.0,0.11,0.89,1584.7304952547536,73.10238168162506,0.0,35,60,t=60,1.0
39,0.0,0.11,0.89,1584.7304952547536,73.10238168162506,0.0,35,60,t=60,1.0
40,0.0,0.11,0.89,1584.7304952547536,73.10238168162506,0.0,35,60,t=60,1.0
41,0.0,0.105,0.895,1567.701597051445,73.72110217627664,0.0,35,60,t=60,1.0
42,0.0,0.1,0.9,1562.6607253792483,73.9032116968762,0.0,35,60,t=60,1.0
43,0.0,0.095,0.905,1558.8812957924195,74.03744240744146,0.0,35,60,t=60,1.0
44,0.0,0.085,0.915,1536.990226005992,74.8116925416582,0.0,35,60,t=60,1.0
45,0.0,0.085,0.915,1536.990226005992,74.8116925416582,0.0,35,60,t=60,1.0
46,0.0,0.08,0.92,1515.0685988057062,75.55505903798661,0.0,35,60,t=60,1.0
47,0.0,0.07,0.93,1506.9286737601033,75.82816323070611,0.0,35,60,t=60,1.0
48,0.0,0.07,0.93,1506.9286737601033,75.82816323070611,0.0,35,60,t=60,1.0
49,0.0,0.065,0.935,1489.2789597255255,76.40681675683417,0.0,35,60,t=60,1.0
50,0.0,0.06,0.94,1486.8592772922307,76.48518308474263,0.0,35,60,t=60,1.0
51,0.0,0.055,0.945,1482.265130595617,76.63499278695372,0.0,35,60,t=60,1.0
52,0.0,0.055,0.945,1482.265130595617,76.63499278695372,0.0,35,60,t=60,1.0
53,0.0,0.05,0.95,1469.7616071746002,77.0375252960514,0.0,35,60,t=60,1.0
54,0.0,0.04,0.96,1458.618067524881,77.39139101027735,0.0,35,60,t=60,1.0
55,0.0,0.04,0.96,1458.618067524881,77.39139101027735,0.0,35,60,t=60,1.0
56,0.0,0.04,0.96,1458.618067524881,77.39139101027735,0.0,35,60,t=60,1.0
57,0.0,0.04,0.96,1458.618067524881,77.39139101027735,0.0,35,60,t=60,1.0
58,0.0,0.04,0.96,1458.618067524881,77.39139101027735,0.0,35,60,t=60,1.0
59,0.0,0.04,0.96,1458.618067524881,77.39139101027735,0.0,35,60,t=60,1.0
60,0.0,0.035,0.965,1456.6495336918315,77.45394801476417,1.0,35,60,t=60,1.0
61,0.0,0.035,0.965,1456.6495336918315,77.45394801476417,1.0,35,60,t=60,1.0
62,0.0,0.035,0.965,1456.6495336918315,77.45394801476417,1.0,35,60,t=60,1.0
63,0.0,0.035,0.965,1456.6495336918315,77.45394801476417,1.0,35,60,t=60,1.0
64,0.0,0.035,0.965,1456.6495336918315,77.45394801476417,1.0,35,60,t=60,1.0
0,0.0,0.94,0.06,871.8266439137793,5.017958626593637,0.0,35,80,t=80,1.0
1,0.0,0.89,0.11,956.5496017665515,9.61835654918947,0.0,35,80,t=80,1.0
2,0.0,0.85,0.15,1046.678298324318,13.584732034219048,0.0,35,80,t=80,1.0
3,0.0,0.805,0.195,1128.0873673508725,16.938322067282797,0.0,35,80,t=80,1.0
4,0.0,0.765,0.235,1264.5542339714946,22.189351207275905,0.0,35,80,t=80,1.0
5,0.0,0.725,0.275,1342.8209216178507,25.03034545487553,0.0,35,80,t=80,1.0
6,0.0,0.71,0.29,1382.8950195866526,26.432605408087696,0.0,35,80,t=80,1.0
7,0.0,0.68,0.32,1466.3631123989312,29.261489901686456,0.0,35,80,t=80,1.0
8,0.0,0.635,0.365,1576.8314306441655,32.86026315075556,0.0,35,80,t=80,1.0
9,0.0,0.605,0.395,1629.7000543634601,34.68783145987803,0.0,35,80,t=80,1.0
10,0.0,0.575,0.425,1702.8678922334104,37.613341013591764,0.0,35,80,t=80,1.0
11,0.0,0.545,0.455,1750.0944472425304,39.87328184520305,0.0,35,80,t=80,1.0
12,0.0,0.5,0.5,1820.990869657201,44.36840469720697,0.0,35,80,t=80,1.0
13,0.0,0.48,0.52,1833.7171121299466,45.484063252761615,0.0,35,80,t=80,1.0
14,0.0,0.44,0.56,1860.9345706360514,48.937215985229884,0.0,35,80,t=80,1.0
15,0.0,0.41,0.59,1870.2354057689704,51.68495909501293,0.0,35,80,t=80,1.0
16,0.0,0.395,0.605,1870.8407108981405,52.58858261640333,0.0,35,80,t=80,1.0
17,0.0,0.375,0.625,1869.2857794152749,54.070926204036155,0.0,35,80,t=80,1.0
18,0.0,0.36,0.64,1867.6897111164826,54.71192751221852,0.0,35,80,t=80,1.0
19,0.0,0.345,0.655,1862.0993598505977,56.088076839101454,0.0,35,80,t=80,1.0
20,0.0,0.33,0.67,1855.8945531322456,57.1664209251025,0.0,35,80,t=80,1.0
21,0.0,0.32,0.68,1842.6592801093511,58.921558903328624,0.0,35,80,t=80,1.0
22,0.0,0.305,0.695,1832.3646784593748,59.98963756969515,0.0,35,80,t=80,1.0
23,0.0,0.285,0.715,1817.9996881075294,61.26728300285458,0.0,35,80,t=80,1.0
24,0.0,0.285,0.715,1817.9996881075294,61.26728300285458,0.0,35,80,t=80,1.0
25,0.0,0.26,0.74,1801.8427002535398,62.513712786507206,0.0,35,80,t=80,1.0
26,0.0,0.24,0.76,1773.9683121715987,64.36308238406875,0.0,35,80,t=80,1.0
27,0.0,0.215,0.785,1735.4340226125817,66.55495652486931,0.0,35,80,t=80,1.0
28,0.0,0.2,0.8,1718.8540492346406,67.4036887548672,0.0,35,80,t=80,1.0
29,0.0,0.18,0.82,1698.5233457948896,68.38207754296336,0.0,35,80,t=80,1.0
30,0.0,0.175,0.825,1683.9106592429798,69.0491820142323,0.0,35,80,t=80,1.0
31,0.0,0.165,0.835,1675.975974760726,69.40706131429033,0.0,35,80,t=80,1.0
32,0.0,0.15,0.85,1660.7130952125967,70.07548049874808,0.0,35,80,t=80,1.0
33,0.0,0.145,0.855,1653.5242404692078,70.384371508356,0.0,35,80,t=80,1.0
34,0.0,0.14,0.86,1645.9529300000254,70.69877340790552,0.0,35,80,t=80,1.0
35,0.0,0.12,0.88,1615.1101409677217,71.9394897569183,0.0,35,80,t=80,1.0
36,0.0,0.12,0.88,1615.1101409677217,71.9394897569183,0.0,35,80,t=80,1.0
37,0.0,0.11,0.89,1584.7304952547536,73.10238168162506,0.0,35,80,t=80,1.0
38,0.0,0.11,0.89,1584.7304952547536,73.10238168162506,0.0,35,80,t=80,1.0
39,0.0,0.11,0.89,1584.7304952547536,73.10238168162506,0.0,35,80,t=80,1.0
40,0.0,0.11,0.89,1584.7304952547536,73.10238168162506,0.0,35,80,t=80,1.0
41,0.0,0.105,0.895,1567.701597051445,73.72110217627664,0.0,35,80,t=80,1.0
42,0.0,0.1,0.9,1562.6607253792483,73.9032116968762,0.0,35,80,t=80,1.0
43,0.0,0.095,0.905,1558.8812957924195,74.03744240744146,0.0,35,80,t=80,1.0
44,0.0,0.085,0.915,1536.990226005992,74.8116925416582,0.0,35,80,t=80,1.0
45,0.0,0.085,0.915,1536.990226005992,74.8116925416582,0.0,35,80,t=80,1.0
46,0.0,0.08,0.92,1515.0685988057062,75.55505903798661,0.0,35,80,t=80,1.0
47,0.0,0.07,0.93,1506.9286737601033,75.82816323070611,0.0,35,80,t=80,1.0
48,0.0,0.07,0.93,1506.9286737601033,75.82816323070611,0.0,35,80,t=80,1.0
49,0.0,0.065,0.935,1489.2789597255255,76.40681675683417,0.0,35,80,t=80,1.0
50,0.0,0.06,0.94,1486.8592772922307,76.48518308474263,0.0,35,80,t=80,1.0
51,0.0,0.055,0.945,1482.265130595617,76.63499278695372,0.0,35,80,t=80,1.0
52,0.0,0.055,0.945,1482.265130595617,76.63499278695372,0.0,35,80,t=80,1.0
53,0.0,0.05,0.95,1469.7616071746002,77.0375252960514,0.0,35,80,t=80,1.0
54,0.0,0.04,0.96,1458.618067524881,77.39139101027735,0.0,35,80,t=80,1.0
55,0.0,0.04,0.96,1458.618067524881,77.39139101027735,0.0,35,80,t=80,1.0
56,0.0,0.04,0.96,1458.618067524881,77.39139101027735,0.0,35,80,t=80,1.0
57,0.0,0.04,0.96,1458.618067524881,77.39139101027735,0.0,35,80,t=80,1.0
58,0.0,0.04,0.96,1458.618067524881,77.39139101027735,0.0,35,80,t=80,1.0
59,0.0,0.04,0.96,1458.618067524881,77.39139101027735,0.0,35,80,t=80,1.0
60,0.0,0.035,0.965,1456.6495336918315,77.45394801476417,0.0,35,80,t=80,1.0
61,0.0,0.035,0.965,1456.6495336918315,77.45394801476417,0.0,35,80,t=80,1.0
62,0.0,0.035,0.965,1456.6495336918315,77.45394801476417,0.0,35,80,t=80,1.0
63,0.0,0.03,0.97,1452.4944541925292,77.58528109208984,0.0,35,80,t=80,1.0
64,0.0,0.03,0.97,1452.4944541925292,77.58528109208984,0.0,35,80,t=80,1.0
65,0.0,0.03,0.97,1452.4944541925292,77.58528109208984,0.0,35,80,t=80,1.0
66,0.0,0.03,0.97,1452.4944541925292,77.58528109208984,0.0,35,80,t=80,1.0
67,0.0,0.03,0.97,1452.4944541925292,77.58528109208984,0.0,35,80,t=80,1.0
68,0.0,0.03,0.97,1452.4944541925292,77.58528109208984,0.0,35,80,t=80,1.0
69,0.0,0.025,0.975,1443.7882271668768,77.85566438715465,0.0,35,80,t=80,1.0
70,0.0,0.025,0.975,1443.7882271668768,77.85566438715465,0.0,35,80,t=80,1.0
71,0.0,0.025,0.975,1443.7882271668768,77.85566438715465,0.0,35,80,t=80,1.0
72,0.0,0.02,0.98,1435.7233700361867,78.10664065154492,0.0,35,80,t=80,1.0
73,0.0,0.02,0.98,1435.7233700361867,78.10664065154492,0.0,35,80,t=80,1.0
74,0.0,0.02,0.98,1435.7233700361867,78.10664065154492,0.0,35,80,t=80,1.0
75,0.0,0.02,0.98,1435.7233700361867,78.10664065154492,0.0,35,80,t=80,1.0
76,0.0,0.02,0.98,1435.7233700361867,78.10664065154492,0.0,35,80,t=80,1.0
77,0.0,0.015,0.985,1401.512778718597,79.13906226548939,0.0,35,80,t=80,1.0
78,0.0,0.005,0.995,1387.7206503492234,79.54646199013416,0.0,35,80,t=80,1.0
79,0.0,0.0,1.0,1382.2963206759605,79.70608299444774,0.0,35,80,t=80,1.0
80,0.0,0.0,1.0,1382.2963206759605,79.70608299444774,1.0,35,80,t=80,1.0
81,0.0,0.0,1.0,1382.2963206759605,79.70608299444774,1.0,35,80,t=80,1.0
82,0.0,0.0,1.0,1382.2963206759605,79.70608299444774,1.0,35,80,t=80,1.0
83,0.0,0.0,1.0,1382.2963206759605,79.70608299444774,1.0,35,80,t=80,1.0
