t,share_N,share_E,share_F,W,C_ext,run_id,fee_multiple
0,0.0,1.0,0.0,943.3021625114227,0.0,3,0.0
1,0.0,0.95,0.05,848.8112236013449,4.723487520462342,3,0.0
2,0.0,0.905,0.095,918.8279399395201,8.856797545946751,3,0.0
3,0.0,0.855,0.145,1056.7601880351035,15.009564680705044,3,0.0
4,0.0,0.82,0.18,1164.768640203216,19.39731097375087,3,0.0
5,0.0,0.79,0.21,1311.4597444450508,24.93020381653475,3,0.0
6,0.0,0.755,0.245,1399.2750586354948,28.03642546878693,3,0.0
7,0.0,0.715,0.285,1478.7898084840551,30.728292769902435,3,0.0
8,0.0,0.675,0.325,1604.9182961026568,34.957949330393504,3,0.0
9,0.0,0.64,0.36,1658.7170251798543,37.05359921753427,3,0.0
10,0.0,0.615,0.385,1721.6780918575087,39.95676523953933,3,0.0
11,0.0,0.59,0.41,1742.1406850983062,41.061100578050436,3,0.0
12,0.0,0.555,0.445,1782.5975226678497,43.65810756459338,3,0.0
13,0.0,0.525,0.475,1831.0640634095635,48.58473847140978,3,0.0
14,0.0,0.495,0.505,1841.811803035193,51.28690483998109,3,0.0
15,0.0,0.47,0.53,1843.2423333618317,52.76707552855041,3,0.0
16,0.0,0.445,0.555,1842.3235729170324,53.71865561172321,3,0.0
17,0.0,0.42,0.58,1838.0276145429389,55.26398204910154,3,0.0
18,0.0,0.4,0.6,1833.9851588663246,56.17042149640926,3,0.0
19,0.0,0.365,0.635,1820.9966276575406,58.14422214681352,3,0.0
20,0.0,0.36,0.64,1818.2188982032362,58.49211576261157,3,0.0
21,0.0,0.34,0.66,1802.7278501873502,60.14160095228948,3,0.0
22,0.0,0.32,0.68,1789.2968814072906,61.29875295544855,3,0.0
23,0.0,0.305,0.695,1784.7244041916533,61.66655609981591,3,0.0
24,0.0,0.295,0.705,1776.5683572684475,62.28580744213978,3,0.0
25,0.0,0.29,0.71,1775.7558583695418,62.34502575576209,3,0.0
26,0.0,0.265,0.735,1765.8020635028802,63.04842512088745,3,0.0
27,0.0,0.245,0.755,1743.9568425432935,64.45065698891825,3,0.0
28,0.0,0.24,0.76,1732.8799503292964,65.10076020159207,3,0.0
29,0.0,0.23,0.77,1727.2360629310203,65.42354893944551,3,0.0
30,0.0,0.22,0.78,1723.431322650748,65.63429774030335,3,0.0
31,0.0,0.215,0.785,1719.2281989536507,65.86613656808854,3,0.0
32,0.0,0.215,0.785,1719.2281989536507,65.86613656808854,3,0.0
33,0.0,0.21,0.79,1713.0290035348307,66.2000194514712,3,0.0
34,0.0,0.205,0.795,1709.3182562340803,66.39457983944878,3,0.0
35,0.0,0.205,0.795,1709.3182562340803,66.39457983944878,3,0.0
36,0.0,0.195,0.805,1699.9059672251094,66.87743823432167,3,0.0
37,0.0,0.18,0.82,1678.5255271555188,67.93598870686225,3,0.0
38,0.0,0.17,0.83,1671.2122836759659,68.28327940625621,3,0.0
39,0.0,0.16,0.84,1653.1210882736557,69.10274001866465,3,0.0
40,0.0,0.155,0.845,1647.062116576852,69.37219502427496,3,0.0
41,0.0,0.15,0.85,1631.4323401517534,70.05137239754403,3,0.0
42,0.0,0.15,0.85,1631.4323401517534,70.05137239754403,3,0.0
43,0.0,0.145,0.855,1625.6847021557417,70.29481223793614,3,0.0
44,0.0,0.135,0.865,1614.0779213601672,70.77064069998039,3,0.0
45,0.0,0.125,0.875,1603.215823830754,71.20966705262089,3,0.0
46,0.0,0.12,0.88,1591.1572415596625,71.68066866906997,3,0.0
47,0.0,0.11,0.89,1587.8043077324585,71.8101315289076,3,0.0
48,0.0,0.1,0.9,1561.1531327240066,72.8223925862874,3,0.0
49,0.0,0.085,0.915,1527.0534018612268,74.04700108318164,3,0.0
50,0.0,0.085,0.915,1527.0534018612268,74.04700108318164,3,0.0
51,0.0,0.085,0.915,1527.0534018612268,74.04700108318164,3,0.0
52,0.0,0.085,0.915,1527.0534018612268,74.04700108318164,3,0.0
53,0.0,0.075,0.925,1514.0126571802234,74.49923654062782,3,0.0
54,0.0,0.07,0.93,1511.1754012992697,74.59710179750432,3,0.0
55,0.0,0.065,0.935,1491.8140793222597,75.25683982622428,3,0.0
56,0.0,0.065,0.935,1491.8140793222597,75.25683982622428,3,0.0
57,0.0,0.065,0.935,1491.8140793222597,75.25683982622428,3,0.0
58,0.0,0.06,0.94,1477.8663383644232,75.7164920931425,3,0.0
59,0.0,0.055,0.945,1474.2060990720008,75.83553390150266,3,0.0
60,0.0,0.055,0.945,1474.2060990720008,75.83553390150266,3,0.0
61,0.0,0.055,0.945,1474.2060990720008,75.83553390150266,3,0.0
62,0.0,0.055,0.945,1474.2060990720008,75.83553390150266,3,0.0
63,0.0,0.055,0.945,1474.2060990720008,75.83553390150266,3,0.0
0,0.0,1.0,0.0,943.3021625114227,0.0,3,0.5
1,0.0,0.95,0.05,848.8112236013449,4.723487520462342,3,0.5
2,0.0,0.905,0.095,918.8279399395201,8.856797545946751,3,0.5
3,0.0,0.855,0.145,1056.7601880351035,15.009564680705044,3,0.5
4,0.0,0.82,0.18,1164.768640203216,19.39731097375087,3,0.5
5,0.0,0.79,0.21,1311.4597444450508,24.93020381653475,3,0.5
6,0.0,0.755,0.245,1399.2750586354948,28.03642546878693,3,0.5
7,0.0,0.715,0.285,1478.7898084840551,30.728292769902435,3,0.5
8,0.0,0.675,0.325,1604.9182961026568,34.957949330393504,3,0.5
9,0.0,0.64,0.36,1658.7170251798543,37.05359921753427,3,0.5
10,0.0,0.615,0.385,1721.6780918575087,39.95676523953933,3,0.5
11,0.0,0.59,0.41,1742.1406850983062,41.061100578050436,3,0.5
12,0.0,0.555,0.445,1782.5975226678497,43.65810756459338,3,0.5
13,0.0,0.525,0.475,1831.0640634095635,48.58473847140978,3,0.5
14,0.0,0.495,0.505,1841.811803035193,51.28690483998109,3,0.5
15,0.0,0.47,0.53,1843.2423333618317,52.76707552855041,3,0.5
16,0.0,0.445,0.555,1842.3235729170324,53.71865561172321,3,0.5
17,0.0,0.42,0.58,1838.0276145429389,55.26398204910154,3,0.5
18,0.0,0.4,0.6,1833.9851588663246,56.17042149640926,3,0.5
19,0.0,0.365,0.635,1820.9966276575406,58.14422214681352,3,0.5
20,0.0,0.36,0.64,1818.2188982032362,58.49211576261157,3,0.5
21,0.0,0.34,0.66,1802.7278501873502,60.14160095228948,3,0.5
22,0.0,0.32,0.68,1789.2968814072906,61.29875295544855,3,0.5
23,0.0,0.305,0.695,1784.7244041916533,61.66655609981591,3,0.5
24,0.0,0.295,0.705,1776.5683572684475,62.28580744213978,3,0.5
25,0.0,0.29,0.71,1775.7558583695418,62.34502575576209,3,0.5
26,0.0,0.265,0.735,1765.8020635028802,63.04842512088745,3,0.5
27,0.0,0.245,0.755,1743.9568425432935,64.45065698891825,3,0.5
28,0.0,0.24,0.76,1732.8799503292964,65.10076020159207,3,0.5
29,0.0,0.23,0.77,1727.2360629310203,65.42354893944551,3,0.5
30,0.0,0.22,0.78,1723.431322650748,65.63429774030335,3,0.5
31,0.0,0.215,0.785,1719.2281989536507,65.86613656808854,3,0.5
32,0.0,0.215,0.785,1719.2281989536507,65.86613656808854,3,0.5
33,0.0,0.21,0.79,1713.0290035348307,66.2000194514712,3,0.5
34,0.0,0.205,0.795,1709.3182562340803,66.39457983944878,3,0.5
35,0.0,0.205,0.795,1709.3182562340803,66.39457983944878,3,0.5
36,0.0,0.195,0.805,1699.9059672251094,66.87743823432167,3,0.5
37,0.0,0.18,0.82,1678.5255271555188,67.93598870686225,3,0.5
38,0.0,0.17,0.83,1671.2122836759659,68.28327940625621,3,0.5
39,0.0,0.16,0.84,1653.1210882736557,69.10274001866465,3,0.5
40,0.0,0.155,0.845,1647.062116576852,69.37219502427496,3,0.5
41,0.0,0.15,0.85,1631.4323401517534,70.05137239754403,3,0.5
42,0.0,0.15,0.85,1631.4323401517534,70.05137239754403,3,0.5
43,0.0,0.145,0.855,1625.6847021557417,70.29481223793614,3,0.5
44,0.0,0.135,0.865,1614.0779213601672,70.77064069998039,3,0.5
45,0.0,0.125,0.875,1603.215823830754,71.20966705262089,3,0.5
46,0.0,0.12,0.88,1591.1572415596625,71.68066866906997,3,0.5
47,0.0,0.11,0.89,1587.8043077324585,71.8101315289076,3,0.5
48,0.0,0.1,0.9,1561.1531327240066,72.8223925862874,3,0.5
49,0.0,0.085,0.915,1527.0534018612268,74.04700108318164,3,0.5
50,0.0,0.085,0.915,1527.0534018612268,74.04700108318164,3,0.5
51,0.0,0.085,0.915,1527.0534018612268,74.04700108318164,3,0.5
52,0.0,0.085,0.915,1527.0534018612268,74.04700108318164,3,0.5
53,0.0,0.075,0.925,1514.0126571802234,74.49923654062782,3,0.5
54,0.0,0.07,0.93,1511.1754012992697,74.59710179750432,3,0.5
55,0.0,0.065,0.935,1491.8140793222597,75.25683982622428,3,0.5
56,0.0,0.065,0.935,1491.8140793222597,75.25683982622428,3,0.5
57,0.0,0.065,0.935,1491.8140793222597,75.25683982622428,3,0.5
58,0.0,0.06,0.94,1477.8663383644232,75.7164920931425,3,0.5
59,0.0,0.055,0.945,1474.2060990720008,75.83553390150266,3,0.5
60,0.0,0.055,0.945,1474.2060990720008,75.83553390150266,3,0.5
61,0.0,0.055,0.945,1474.2060990720008,75.83553390150266,3,0.5
62,0.0,0.055,0.945,1474.2060990720008,75.83553390150266,3,0.5
63,0.0,0.055,0.945,1474.2060990720008,75.83553390150266,3,0.5
0,0.0,1.0,0.0,943.3021625114227,0.0,3,1.0
1,0.0,0.95,0.05,848.8112236013449,4.723487520462342,3,1.0
2,0.0,0.905,0.095,918.8279399395201,8.856797545946751,3,1.0
3,0.0,0.855,0.145,1056.7601880351035,15.009564680705044,3,1.0
4,0.0,0.82,0.18,1164.768640203216,19.39731097375087,3,1.0
5,0.0,0.79,0.21,1311.4597444450508,24.93020381653475,3,1.0
6,0.0,0.755,0.245,1399.2750586354948,28.03642546878693,3,1.0
7,0.0,0.715,0.285,1478.7898084840551,30.728292769902435,3,1.0
8,0.0,0.715,0.285,1478.7898084840551,30.728292769902435,3,1.0
9,0.0,0.715,0.285,1478.7898084840551,30.728292769902435,3,1.0
10,0.0,0.715,0.285,1478.7898084840551,30.728292769902435,3,1.0
11,0.0,0.715,0.285,1478.7898084840551,30.728292769902435,3,1.0
0,0.0,1.0,0.0,943.3021625114227,0.0,3,1.5
1,0.0,0.95,0.05,848.8112236013449,4.723487520462342,3,1.5
2,0.0,0.905,0.095,918.8279399395201,8.856797545946751,3,1.5
3,0.0,0.855,0.145,1056.7601880351035,15.009564680705044,3,1.5
4,0.0,0.82,0.18,1164.768640203216,19.39731097375087,3,1.5
5,0.0,0.79,0.21,1311.4597444450508,24.93020381653475,3,1.5
6,0.0,0.755,0.245,1399.2750586354948,28.03642546878693,3,1.5
7,0.0,0.715,0.285,1478.7898084840551,30.728292769902435,3,1.5
8,0.0,0.725,0.275,1447.9950229122587,29.69907030323896,3,1.5
9,0.0,0.69,0.31,1513.0947140267235,31.85893284501921,3,1.5
10,0.0,0.71,0.29,1484.8491971402316,30.931281222303987,3,1.5
11,0.0,0.725,0.275,1436.06730999501,29.30057897129003,3,1.5
12,0.0,0.685,0.315,1523.2932609359373,32.195589121709375,3,1.5
13,0.0,0.7,0.3,1476.8502158658348,30.672046218157295,3,1.5
14,0.0,0.715,0.285,1418.557630906822,28.70120474161392,3,1.5
15,0.0,0.725,0.275,1402.3098017372015,28.145723587131243,3,1.5
16,0.0,0.69,0.31,1477.2987127594106,30.69040982359557,3,1.5
17,0.0,0.695,0.305,1467.305860560365,30.358748602930465,3,1.5
18,0.0,0.665,0.335,1537.3741394534252,32.65824088892133,3,1.5
19,0.0,0.675,0.325,1524.6383545633103,32.24648279362503,3,1.5
20,0.0,0.705,0.295,1457.9754897500768,30.049368092354012,3,1.5
21,0.0,0.725,0.275,1421.6295152409039,28.822915556800588,3,1.5
22,0.0,0.685,0.315,1517.9745374370725,32.0382856990847,3,1.5
23,0.0,0.7,0.3,1453.5104742784706,29.91427912469812,3,1.5
24,0.0,0.66,0.34,1537.4558265745534,32.67596135801291,3,1.5
25,0.0,0.67,0.33,1493.0463236982491,31.226255696804674,3,1.5
26,0.0,0.68,0.32,1484.4869787798725,30.944694086071593,3,1.5
27,0.0,0.695,0.305,1467.8380170144123,30.390587519306578,3,1.5
28,0.0,0.67,0.33,1523.6604023198831,32.23125206916579,3,1.5
29,0.0,0.68,0.32,1496.6545331830976,31.348472374520863,3,1.5
30,0.0,0.695,0.305,1453.8994576898376,29.926961888243206,3,1.5
31,0.0,0.665,0.335,1536.4455158134888,32.64424803614318,3,1.5
32,0.0,0.685,0.315,1423.593217518096,28.891159131240727,3,1.5
33,0.0,0.66,0.34,1489.5033449309856,31.101659470044716,3,1.5
34,0.0,0.675,0.325,1449.1601029686972,29.758697356273984,3,1.5
35,0.0,0.655,0.345,1498.4979360679647,31.399055354038403,3,1.5
36,0.0,0.67,0.33,1477.2800280212493,30.699170779966124,3,1.5
37,0.0,0.685,0.315,1439.0350549604625,29.41454349367703,3,1.5
38,0.0,0.65,0.35,1518.55403901788,32.054283586744376,3,1.5
39,0.0,0.67,0.33,1478.2820168821825,30.73032333791894,3,1.5
40,0.0,0.695,0.305,1413.687693078209,28.552312645051824,3,1.5
41,0.0,0.705,0.295,1402.7280183302612,28.175524281284265,3,1.5
42,0.0,0.675,0.325,1448.2403992213574,29.7256018247146,3,1.5
43,0.0,0.645,0.355,1513.1413364555199,31.877660558782836,3,1.5
44,0.0,0.67,0.33,1473.4076272400366,30.568741569698833,3,1.5
45,0.0,0.675,0.325,1464.1506817749205,30.259096288888546,3,1.5
46,0.0,0.69,0.31,1421.264757824718,28.81227854533829,3,1.5
47,0.0,0.66,0.34,1472.4385951029121,30.536674033041486,3,1.5
48,0.0,0.685,0.315,1394.5183825286224,27.893344187652836,3,1.5
49,0.0,0.645,0.355,1505.1086164254536,31.614331714106267,3,1.5
50,0.0,0.645,0.355,1505.1086164254536,31.614331714106267,3,1.5
51,0.0,0.68,0.32,1421.5131698695013,28.81830678807951,3,1.5
52,0.0,0.65,0.35,1515.4700816749182,31.951687135621444,3,1.5
53,0.0,0.675,0.325,1459.1440230737044,30.091343870260935,3,1.5
54,0.0,0.645,0.355,1511.7042663371317,31.82367833035844,3,1.5
55,0.0,0.65,0.35,1503.8362638862309,31.567286797775488,3,1.5
56,0.0,0.625,0.375,1537.149733845847,32.6517991334563,3,1.5
57,0.0,0.64,0.36,1478.3356509803557,30.731744740281115,3,1.5
58,0.0,0.665,0.335,1423.6829984617025,28.89040571821029,3,1.5
59,0.0,0.63,0.37,1491.3204246756584,31.154238975830587,3,1.5
60,0.0,0.62,0.38,1518.463636947606,32.04532799909022,3,1.5
61,0.0,0.645,0.355,1456.0947007032855,29.983479287593937,3,1.5
62,0.0,0.61,0.39,1496.6527836864582,31.330911877545766,3,1.5
63,0.0,0.635,0.365,1461.3113096383906,30.157201825407817,3,1.5
64,0.0,0.6,0.4,1517.8803788938462,32.02754494520803,3,1.5
65,0.0,0.62,0.38,1483.8362044147161,30.911363839335937,3,1.5
66,0.0,0.65,0.35,1462.1986761866017,30.191054547647845,3,1.5
67,0.0,0.66,0.34,1456.1861234510986,29.989877370069355,3,1.5
68,0.0,0.625,0.375,1529.8188950026356,32.41683367764051,3,1.5
69,0.0,0.635,0.365,1484.090420637297,30.91843772649862,3,1.5
70,0.0,0.65,0.35,1445.075275866597,29.616005848434526,3,1.5
71,0.0,0.675,0.325,1361.3380405500566,26.730961355218007,3,1.5
72,0.0,0.64,0.36,1452.9132054754684,29.880857741899163,3,1.5
73,0.0,0.61,0.39,1533.8462153506678,32.54626160099113,3,1.5
74,0.0,0.63,0.37,1477.3892063848402,30.698244573997652,3,1.5
75,0.0,0.64,0.36,1460.4234368280408,30.13298008382479,3,1.5
76,0.0,0.61,0.39,1526.4144146682447,32.30361232956602,3,1.5
77,0.0,0.625,0.375,1493.5340114488044,31.227898538125984,3,1.5
78,0.0,0.63,0.37,1481.8330827433388,30.841975640687945,3,1.5
79,0.0,0.64,0.36,1456.0448002092564,29.981167970017935,3,1.5
80,0.0,0.61,0.39,1511.3478668563087,31.809618830138046,3,1.5
81,0.0,0.63,0.37,1455.571617688097,29.96587238542069,3,1.5
82,0.0,0.645,0.355,1440.8304505560632,29.468535958551435,3,1.5
83,0.0,0.615,0.385,1505.0209309033232,31.60099408670049,3,1.5
84,0.0,0.63,0.37,1482.3784470976477,30.85345782848171,3,1.5
85,0.0,0.64,0.36,1450.3804623064248,29.785512619384033,3,1.5
86,0.0,0.655,0.345,1411.05089819593,28.450190042934246,3,1.5
87,0.0,0.62,0.38,1539.2474556595337,32.707098056177685,3,1.5
88,0.0,0.655,0.345,1458.9920808592099,30.07438104350528,3,1.5
89,0.0,0.66,0.34,1443.127986542021,29.539713116793287,3,1.5
90,0.0,0.665,0.335,1419.450345995895,28.733526005651257,3,1.5
91,0.0,0.67,0.33,1391.995070220066,27.786600924149592,3,1.5
92,0.0,0.63,0.37,1480.6096547206128,30.792486140981048,3,1.5
93,0.0,0.615,0.385,1514.0958854458881,31.893756617667904,3,1.5
94,0.0,0.62,0.38,1496.0369675824368,31.303775684035074,3,1.5
95,0.0,0.605,0.395,1537.8309273819955,32.65942391399903,3,1.5
96,0.0,0.62,0.38,1510.8848108223654,31.78428330435215,3,1.5
97,0.0,0.645,0.355,1431.33228317937,29.132745023967168,3,1.5
98,0.0,0.62,0.38,1524.7214785930917,32.240803759916446,3,1.5
99,0.0,0.64,0.36,1455.9973426926479,29.967964667676352,3,1.5
100,0.0,0.61,0.39,1512.314919060736,31.83175357345195,3,1.5
0,0.0,1.0,0.0,943.3021625114227,0.0,3,2.0
1,0.0,0.95,0.05,848.8112236013449,4.723487520462342,3,2.0
2,0.0,0.905,0.095,918.8279399395201,8.856797545946751,3,2.0
3,0.0,0.855,0.145,1056.7601880351035,15.009564680705044,3,2.0
4,0.0,0.82,0.18,1164.768640203216,19.39731097375087,3,2.0
5,0.0,0.79,0.21,1311.4597444450508,24.93020381653475,3,2.0
6,0.0,0.755,0.245,1399.2750586354948,28.03642546878693,3,2.0
7,0.0,0.715,0.285,1478.7898084840551,30.728292769902435,3,2.0
8,0.0,0.725,0.275,1447.9950229122587,29.69907030323896,3,2.0
9,0.0,0.69,0.31,1513.0947140267235,31.85893284501921,3,2.0
10,0.0,0.71,0.29,1484.8491971402316,30.931281222303987,3,2.0
11,0.0,0.725,0.275,1436.06730999501,29.30057897129003,3,2.0
12,0.0,0.685,0.315,1523.2932609359373,32.195589121709375,3,2.0
13,0.0,0.7,0.3,1476.8502158658348,30.672046218157295,3,2.0
14,0.0,0.715,0.285,1418.557630906822,28.70120474161392,3,2.0
15,0.0,0.725,0.275,1402.3098017372015,28.145723587131243,3,2.0
16,0.0,0.69,0.31,1477.2987127594106,30.69040982359557,3,2.0
17,0.0,0.695,0.305,1467.305860560365,30.358748602930465,3,2.0
18,0.0,0.665,0.335,1537.3741394534252,32.65824088892133,3,2.0
19,0.0,0.675,0.325,1524.6383545633103,32.24648279362503,3,2.0
20,0.0,0.705,0.295,1457.9754897500768,30.049368092354012,3,2.0
21,0.0,0.725,0.275,1421.6295152409039,28.822915556800588,3,2.0
22,0.0,0.685,0.315,1517.9745374370725,32.0382856990847,3,2.0
23,0.0,0.7,0.3,1453.5104742784706,29.91427912469812,3,2.0
24,0.0,0.66,0.34,1537.4558265745534,32.67596135801291,3,2.0
25,0.0,0.67,0.33,1493.0463236982491,31.226255696804674,3,2.0
26,0.0,0.68,0.32,1484.4869787798725,30.944694086071593,3,2.0
27,0.0,0.695,0.305,1467.8380170144123,30.390587519306578,3,2.0
28,0.0,0.67,0.33,1523.6604023198831,32.23125206916579,3,2.0
29,0.0,0.68,0.32,1496.6545331830976,31.348472374520863,3,2.0
30,0.0,0.695,0.305,1453.8994576898376,29.926961888243206,3,2.0
31,0.0,0.665,0.335,1536.4455158134888,32.64424803614318,3,2.0
32,0.0,0.685,0.315,1423.593217518096,28.891159131240727,3,2.0
33,0.0,0.66,0.34,1489.5033449309856,31.101659470044716,3,2.0
34,0.0,0.675,0.325,1449.1601029686972,29.758697356273984,3,2.0
35,0.0,0.655,0.345,1498.4979360679647,31.399055354038403,3,2.0
36,0.0,0.67,0.33,1477.2800280212493,30.699170779966124,3,2.0
37,0.0,0.685,0.315,1439.0350549604625,29.41454349367703,3,2.0
38,0.0,0.65,0.35,1518.55403901788,32.054283586744376,3,2.0
39,0.0,0.67,0.33,1478.2820168821825,30.73032333791894,3,2.0
40,0.0,0.695,0.305,1413.687693078209,28.552312645051824,3,2.0
41,0.0,0.705,0.295,1402.7280183302612,28.175524281284265,3,2.0
42,0.0,0.675,0.325,1448.2403992213574,29.7256018247146,3,2.0
43,0.0,0.645,0.355,1513.1413364555199,31.877660558782836,3,2.0
44,0.0,0.67,0.33,1473.4076272400366,30.568741569698833,3,2.0
45,0.0,0.675,0.325,1464.1506817749205,30.259096288888546,3,2.0
46,0.0,0.69,0.31,1421.264757824718,28.81227854533829,3,2.0
47,0.0,0.66,0.34,1472.4385951029121,30.536674033041486,3,2.0
48,0.0,0.685,0.315,1394.5183825286224,27.893344187652836,3,2.0
49,0.0,0.645,0.355,1505.1086164254536,31.614331714106267,3,2.0
50,0.0,0.645,0.355,1505.1086164254536,31.614331714106267,3,2.0
51,0.0,0.68,0.32,1421.5131698695013,28.81830678807951,3,2.0
52,0.0,0.65,0.35,1515.4700816749182,31.951687135621444,3,2.0
53,0.0,0.675,0.325,1459.1440230737044,30.091343870260935,3,2.0
54,0.0,0.645,0.355,1511.7042663371317,31.82367833035844,3,2.0
55,0.0,0.65,0.35,1503.8362638862309,31.567286797775488,3,2.0
56,0.0,0.625,0.375,1537.149733845847,32.6517991334563,3,2.0
57,0.0,0.64,0.36,1478.3356509803557,30.731744740281115,3,2.0
58,0.0,0.665,0.335,1423.6829984617025,28.89040571821029,3,2.0
59,0.0,0.63,0.37,1491.3204246756584,31.154238975830587,3,2.0
60,0.0,0.62,0.38,1518.463636947606,32.04532799909022,3,2.0
61,0.0,0.645,0.355,1456.0947007032855,29.983479287593937,3,2.0
62,0.0,0.61,0.39,1496.6527836864582,31.330911877545766,3,2.0
63,0.0,0.635,0.365,1461.3113096383906,30.157201825407817,3,2.0
64,0.0,0.6,0.4,1517.8803788938462,32.02754494520803,3,2.0
65,0.0,0.62,0.38,1483.8362044147161,30.911363839335937,3,2.0
66,0.0,0.65,0.35,1462.1986761866017,30.191054547647845,3,2.0
67,0.0,0.66,0.34,1456.1861234510986,29.989877370069355,3,2.0
68,0.0,0.625,0.375,1529.8188950026356,32.41683367764051,3,2.0
69,0.0,0.635,0.365,1484.090420637297,30.91843772649862,3,2.0
70,0.0,0.65,0.35,1445.075275866597,29.616005848434526,3,2.0
71,0.0,0.675,0.325,1361.3380405500566,26.730961355218007,3,2.0
72,0.0,0.64,0.36,1452.9132054754684,29.880857741899163,3,2.0
73,0.0,0.61,0.39,1533.8462153506678,32.54626160099113,3,2.0
74,0.0,0.63,0.37,1477.3892063848402,30.698244573997652,3,2.0
75,0.0,0.64,0.36,1460.4234368280408,30.13298008382479,3,2.0
76,0.0,0.61,0.39,1526.4144146682447,32.30361232956602,3,2.0
77,0.0,0.625,0.375,1493.5340114488044,31.227898538125984,3,2.0
78,0.0,0.63,0.37,1481.8330827433388,30.841975640687945,3,2.0
79,0.0,0.64,0.36,1456.0448002092564,29.981167970017935,3,2.0
80,0.0,0.61,0.39,1511.3478668563087,31.809618830138046,3,2.0
81,0.0,0.63,0.37,1455.571617688097,29.96587238542069,3,2.0
82,0.0,0.645,0.355,1440.8304505560632,29.468535958551435,3,2.0
83,0.0,0.615,0.385,1505.0209309033232,31.60099408670049,3,2.0
84,0.0,0.63,0.37,1482.3784470976477,30.85345782848171,3,2.0
85,0.0,0.64,0.36,1450.3804623064248,29.785512619384033,3,2.0
86,0.0,0.655,0.345,1411.05089819593,28.450190042934246,3,2.0
87,0.0,0.62,0.38,1539.2474556595337,32.707098056177685,3,2.0
88,0.0,0.655,0.345,1458.9920808592099,30.07438104350528,3,2.0
89,0.0,0.66,0.34,1443.127986542021,29.539713116793287,3,2.0
90,0.0,0.665,0.335,1419.450345995895,28.733526005651257,3,2.0
91,0.0,0.67,0.33,1391.995070220066,27.786600924149592,3,2.0
92,0.0,0.63,0.37,1480.6096547206128,30.792486140981048,3,2.0
93,0.0,0.615,0.385,1514.0958854458881,31.893756617667904,3,2.0
94,0.0,0.62,0.38,1496.0369675824368,31.303775684035074,3,2.0
95,0.0,0.605,0.395,1537.8309273819955,32.65942391399903,3,2.0
96,0.0,0.62,0.38,1510.8848108223654,31.78428330435215,3,2.0
97,0.0,0.645,0.355,1431.33228317937,29.132745023967168,3,2.0
98,0.0,0.62,0.38,1524.7214785930917,32.240803759916446,3,2.0
99,0.0,0.64,0.36,1455.9973426926479,29.967964667676352,3,2.0
100,0.0,0.61,0.39,1512.314919060736,31.83175357345195,3,2.0
0,0.0,1.0,0.0,992.5648373136935,0.0,1,0.0
1,0.0,0.95,0.05,898.1955495865591,5.652536855072434,1,0.0
2,0.0,0.9,0.1,988.2271877320463,10.764555174811303,1,0.0
3,0.0,0.85,0.15,1068.705382650237,14.534010015106514,1,0.0
4,0.0,0.81,0.19,1163.8835827759963,18.705253184153772,1,0.0
5,0.0,0.765,0.235,1264.5313780643721,22.85257894111752,1,0.0
6,0.0,0.72,0.28,1342.7530469177616,25.91415772720476,1,0.0
7,0.0,0.695,0.305,1489.5281319318392,31.338521660958936,1,0.0
8,0.0,0.67,0.33,1549.8091757268137,33.45452687814676,1,0.0
9,0.0,0.625,0.375,1671.035818944165,37.51823401634064,1,0.0
10,0.0,0.595,0.405,1752.5352589896208,40.13981787354449,1,0.0
11,0.0,0.57,0.43,1810.8958637808757,42.14853589886464,1,0.0
12,0.0,0.54,0.46,1885.608572880249,45.14807996174051,1,0.0
13,0.0,0.51,0.49,1927.4519861475587,47.15207898835669,1,0.0
14,0.0,0.485,0.515,1957.3991976843038,48.83335747912266,1,0.0
15,0.0,0.46,0.54,1977.784933988337,50.146759600559434,1,0.0
16,0.0,0.44,0.56,1986.6265227764873,50.777496731057475,1,0.0
17,0.0,0.42,0.58,2007.3306540789927,52.505858001405464,1,0.0
18,0.0,0.395,0.605,2029.5688026813932,55.05691063846429,1,0.0
19,0.0,0.37,0.63,2043.568815035067,58.49473788154775,1,0.0
20,0.0,0.35,0.65,2041.9680089604672,61.21839665523715,1,0.0
21,0.0,0.335,0.665,2039.6483123292749,61.954256670572775,1,0.0
22,0.0,0.32,0.68,2036.7763555259598,62.636738051071895,1,0.0
23,0.0,0.305,0.695,2032.7095995045122,63.42264890808924,1,0.0
24,0.0,0.3,0.7,2030.4536296913325,63.79820713715683,1,0.0
25,0.0,0.29,0.71,2026.4505687927349,64.38011115676927,1,0.0
26,0.0,0.28,0.72,2019.2640063318358,65.30226920507374,1,0.0
27,0.0,0.27,0.73,2014.9053072667284,65.79801990243229,1,0.0
28,0.0,0.26,0.74,2008.257808809849,66.48019286491139,1,0.0
29,0.0,0.25,0.75,2002.4568597713996,67.02561922584873,1,0.0
30,0.0,0.235,0.765,1989.299712729487,68.15156357641149,1,0.0
31,0.0,0.225,0.775,1974.5034629563263,69.25827719637586,1,0.0
32,0.0,0.215,0.785,1963.2066519938235,70.0296374130148,1,0.0
33,0.0,0.205,0.795,1957.671143778821,70.38824086397591,1,0.0
34,0.0,0.2,0.8,1955.9518365661993,70.49686069084547,1,0.0
35,0.0,0.19,0.81,1948.8954318432332,70.93785840930181,1,0.0
36,0.0,0.185,0.815,1945.320745477304,71.15495576177845,1,0.0
37,0.0,0.175,0.825,1915.1906424010647,72.85862075039581,1,0.0
38,0.0,0.165,0.835,1903.288453860773,73.4745014964126,1,0.0
39,0.0,0.165,0.835,1903.288453860773,73.4745014964126,1,0.0
40,0.0,0.155,0.845,1888.7499291533181,74.18618848619234,1,0.0
41,0.0,0.145,0.855,1873.210124176825,74.91541614030447,1,0.0
42,0.0,0.13,0.87,1851.7977215383798,75.87542620080849,1,0.0
43,0.0,0.115,0.885,1822.6228135182519,77.10229546800686,1,0.0
44,0.0,0.105,0.895,1786.1233033937199,78.52492273128568,1,0.0
45,0.0,0.105,0.895,1786.1233033937199,78.52492273128568,1,0.0
46,0.0,0.105,0.895,1786.1233033937199,78.52492273128568,1,0.0
47,0.0,0.1,0.9,1779.4935870858246,78.77641719267262,1,0.0
48,0.0,0.1,0.9,1779.4935870858246,78.77641719267262,1,0.0
49,0.0,0.1,0.9,1779.4935870858246,78.77641719267262,1,0.0
50,0.0,0.095,0.905,1769.5142202436937,79.14958996535773,1,0.0
51,0.0,0.09,0.91,1755.6689839058517,79.65400099948361,1,0.0
52,0.0,0.085,0.915,1752.01420588732,79.78587295464271,1,0.0
53,0.0,0.085,0.915,1752.01420588732,79.78587295464271,1,0.0
54,0.0,0.075,0.925,1733.4473377058766,80.43752399255192,1,0.0
55,0.0,0.065,0.935,1705.9803772752882,81.37605692704975,1,0.0
56,0.0,0.065,0.935,1705.9803772752882,81.37605692704975,1,0.0
57,0.0,0.05,0.95,1682.0735767059368,82.16280908773088,1,0.0
58,0.0,0.05,0.95,1682.0735767059368,82.16280908773088,1,0.0
59,0.0,0.05,0.95,1682.0735767059368,82.16280908773088,1,0.0
60,0.0,0.05,0.95,1682.0735767059368,82.16280908773088,1,0.0
61,0.0,0.05,0.95,1682.0735767059368,82.16280908773088,1,0.0
0,0.0,1.0,0.0,992.5648373136935,0.0,1,0.5
1,0.0,0.95,0.05,898.1955495865591,5.652536855072434,1,0.5
2,0.0,0.9,0.1,988.2271877320463,10.764555174811303,1,0.5
3,0.0,0.85,0.15,1068.705382650237,14.534010015106514,1,0.5
4,0.0,0.81,0.19,1163.8835827759963,18.705253184153772,1,0.5
5,0.0,0.765,0.235,1264.5313780643721,22.85257894111752,1,0.5
6,0.0,0.72,0.28,1342.7530469177616,25.91415772720476,1,0.5
7,0.0,0.695,0.305,1489.5281319318392,31.338521660958936,1,0.5
8,0.0,0.67,0.33,1549.8091757268137,33.45452687814676,1,0.5
9,0.0,0.625,0.375,1671.035818944165,37.51823401634064,1,0.5
10,0.0,0.595,0.405,1752.5352589896208,40.13981787354449,1,0.5
11,0.0,0.57,0.43,1810.8958637808757,42.14853589886464,1,0.5
12,0.0,0.54,0.46,1885.608572880249,45.14807996174051,1,0.5
13,0.0,0.51,0.49,1927.4519861475587,47.15207898835669,1,0.5
14,0.0,0.485,0.515,1957.3991976843038,48.83335747912266,1,0.5
15,0.0,0.46,0.54,1977.784933988337,50.146759600559434,1,0.5
16,0.0,0.44,0.56,1986.6265227764873,50.777496731057475,1,0.5
17,0.0,0.42,0.58,2007.3306540789927,52.505858001405464,1,0.5
18,0.0,0.395,0.605,2029.5688026813932,55.05691063846429,1,0.5
19,0.0,0.37,0.63,2043.568815035067,58.49473788154775,1,0.5
20,0.0,0.35,0.65,2041.9680089604672,61.21839665523715,1,0.5
21,0.0,0.335,0.665,2039.6483123292749,61.954256670572775,1,0.5
22,0.0,0.32,0.68,2036.7763555259598,62.636738051071895,1,0.5
23,0.0,0.305,0.695,2032.7095995045122,63.42264890808924,1,0.5
24,0.0,0.3,0.7,2030.4536296913325,63.79820713715683,1,0.5
25,0.0,0.29,0.71,2026.4505687927349,64.38011115676927,1,0.5
26,0.0,0.28,0.72,2019.2640063318358,65.30226920507374,1,0.5
27,0.0,0.27,0.73,2014.9053072667284,65.79801990243229,1,0.5
28,0.0,0.26,0.74,2008.257808809849,66.48019286491139,1,0.5
29,0.0,0.25,0.75,2002.4568597713996,67.02561922584873,1,0.5
30,0.0,0.235,0.765,1989.299712729487,68.15156357641149,1,0.5
31,0.0,0.225,0.775,1974.5034629563263,69.25827719637586,1,0.5
32,0.0,0.215,0.785,1963.2066519938235,70.0296374130148,1,0.5
33,0.0,0.205,0.795,1957.671143778821,70.38824086397591,1,0.5
34,0.0,0.2,0.8,1955.9518365661993,70.49686069084547,1,0.5
35,0.0,0.19,0.81,1948.8954318432332,70.93785840930181,1,0.5
36,0.0,0.185,0.815,1945.320745477304,71.15495576177845,1,0.5
37,0.0,0.175,0.825,1915.1906424010647,72.85862075039581,1,0.5
38,0.0,0.165,0.835,1903.288453860773,73.4745014964126,1,0.5
39,0.0,0.165,0.835,1903.288453860773,73.4745014964126,1,0.5
40,0.0,0.155,0.845,1888.7499291533181,74.18618848619234,1,0.5
41,0.0,0.145,0.855,1873.210124176825,74.91541614030447,1,0.5
42,0.0,0.13,0.87,1851.7977215383798,75.87542620080849,1,0.5
43,0.0,0.115,0.885,1822.6228135182519,77.10229546800686,1,0.5
44,0.0,0.105,0.895,1786.1233033937199,78.52492273128568,1,0.5
45,0.0,0.105,0.895,1786.1233033937199,78.52492273128568,1,0.5
46,0.0,0.105,0.895,1786.1233033937199,78.52492273128568,1,0.5
47,0.0,0.1,0.9,1779.4935870858246,78.77641719267262,1,0.5
48,0.0,0.1,0.9,1779.4935870858246,78.77641719267262,1,0.5
49,0.0,0.1,0.9,1779.4935870858246,78.77641719267262,1,0.5
50,0.0,0.095,0.905,1769.5142202436937,79.14958996535773,1,0.5
51,0.0,0.09,0.91,1755.6689839058517,79.65400099948361,1,0.5
52,0.0,0.085,0.915,1752.01420588732,79.78587295464271,1,0.5
53,0.0,0.085,0.915,1752.01420588732,79.78587295464271,1,0.5
54,0.0,0.075,0.925,1733.4473377058766,80.43752399255192,1,0.5
55,0.0,0.065,0.935,1705.9803772752882,81.37605692704975,1,0.5
56,0.0,0.065,0.935,1705.9803772752882,81.37605692704975,1,0.5
57,0.0,0.05,0.95,1682.0735767059368,82.16280908773088,1,0.5
58,0.0,0.05,0.95,1682.0735767059368,82.16280908773088,1,0.5
59,0.0,0.05,0.95,1682.0735767059368,82.16280908773088,1,0.5
60,0.0,0.05,0.95,1682.0735767059368,82.16280908773088,1,0.5
61,0.0,0.05,0.95,1682.0735767059368,82.16280908773088,1,0.5
0,0.0,1.0,0.0,992.5648373136935,0.0,1,1.0
1,0.0,0.95,0.05,898.1955495865591,5.652536855072434,1,1.0
2,0.0,0.9,0.1,988.2271877320463,10.764555174811303,1,1.0
3,0.0,0.85,0.15,1068.705382650237,14.534010015106514,1,1.0
4,0.0,0.81,0.19,1163.8835827759963,18.705253184153772,1,1.0
5,0.0,0.765,0.235,1264.5313780643721,22.85257894111752,1,1.0
6,0.0,0.72,0.28,1342.7530469177616,25.91415772720476,1,1.0
7,0.0,0.695,0.305,1489.5281319318392,31.338521660958936,1,1.0
8,0.0,0.67,0.33,1549.8091757268137,33.45452687814676,1,1.0
9,0.0,0.625,0.375,1671.035818944165,37.51823401634064,1,1.0
10,0.0,0.625,0.375,1671.035818944165,37.51823401634064,1,1.0
11,0.0,0.6,0.4,1734.5744938612363,39.55690611718498,1,1.0
12,0.0,0.6,0.4,1734.5744938612363,39.55690611718498,1,1.0
13,0.0,0.6,0.4,1734.5744938612363,39.55690611718498,1,1.0
14,0.0,0.6,0.4,1734.5744938612363,39.55690611718498,1,1.0
15,0.0,0.6,0.4,1734.5744938612363,39.55690611718498,1,1.0
0,0.0,1.0,0.0,992.5648373136935,0.0,1,1.5
1,0.0,0.95,0.05,898.1955495865591,5.652536855072434,1,1.5
2,0.0,0.9,0.1,988.2271877320463,10.764555174811303,1,1.5
3,0.0,0.85,0.15,1068.705382650237,14.534010015106514,1,1.5
4,0.0,0.81,0.19,1163.8835827759963,18.705253184153772,1,1.5
5,0.0,0.765,0.235,1264.5313780643721,22.85257894111752,1,1.5
6,0.0,0.72,0.28,1342.7530469177616,25.91415772720476,1,1.5
7,0.0,0.695,0.305,1489.5281319318392,31.338521660958936,1,1.5
8,0.0,0.67,0.33,1549.8091757268137,33.45452687814676,1,1.5
9,0.0,0.625,0.375,1671.035818944165,37.51823401634064,1,1.5
10,0.0,0.645,0.355,1619.2293006596253,35.80852856229368,1,1.5
11,0.0,0.615,0.385,1687.1508267944444,38.03844587837534,1,1.5
12,0.0,0.63,0.37,1623.1793829185315,35.93446185830067,1,1.5
13,0.0,0.6,0.4,1687.5617565123005,38.046567548340334,1,1.5
14,0.0,0.625,0.375,1584.5731505183842,34.624805739085936,1,1.5
15,0.0,0.595,0.405,1633.3615106027898,36.26060331050685,1,1.5
16,0.0,0.575,0.425,1654.0962037144227,36.94416754543995,1,1.5
17,0.0,0.6,0.4,1582.1094996341296,34.54321225324806,1,1.5
18,0.0,0.565,0.435,1687.4326797892547,38.040930352779824,1,1.5
19,0.0,0.575,0.425,1654.6529830156373,36.96929465965427,1,1.5
20,0.0,0.6,0.4,1583.2363854995056,34.585059280838024,1,1.5
21,0.0,0.575,0.425,1665.5196252815233,37.33228175113062,1,1.5
22,0.0,0.555,0.445,1702.9221653078723,38.54721156741311,1,1.5
23,0.0,0.57,0.43,1668.1178718658891,37.4190855384431,1,1.5
24,0.0,0.605,0.395,1598.0253646389178,35.09586212788497,1,1.5
25,0.0,0.585,0.415,1630.666480132225,36.191051004270236,1,1.5
26,0.0,0.555,0.445,1729.5983660200498,39.40011270346455,1,1.5
27,0.0,0.58,0.42,1632.0490151006486,36.2282474179642,1,1.5
28,0.0,0.59,0.41,1621.4167047267047,35.87571153667439,1,1.5
29,0.0,0.56,0.44,1699.799925921272,38.44312875447113,1,1.5
30,0.0,0.58,0.42,1671.4500429262077,37.52703710572064,1,1.5
31,0.0,0.61,0.39,1606.588161660541,35.377751104227755,1,1.5
32,0.0,0.58,0.42,1697.4686003741094,38.37147504708792,1,1.5
33,0.0,0.6,0.4,1661.0558367796923,37.18817115504397,1,1.5
34,0.0,0.615,0.385,1602.580537710209,35.249671475341884,1,1.5
35,0.0,0.59,0.41,1646.9789866115107,36.7275220842611,1,1.5
36,0.0,0.565,0.435,1673.9569007630623,37.6092128447569,1,1.5
37,0.0,0.59,0.41,1607.1273987913319,35.39945465350631,1,1.5
38,0.0,0.56,0.44,1685.5157102268895,37.9855886399561,1,1.5
39,0.0,0.585,0.415,1643.7597702594524,36.61720679516546,1,1.5
40,0.0,0.61,0.39,1594.2350301617107,34.96282513201368,1,1.5
41,0.0,0.585,0.415,1659.0224227923914,37.1214310119298,1,1.5
42,0.0,0.61,0.39,1608.3405415499426,35.4443822318142,1,1.5
43,0.0,0.565,0.435,1711.8523761455704,38.83655582236963,1,1.5
44,0.0,0.595,0.405,1643.3367292614073,36.60665577900582,1,1.5
45,0.0,0.565,0.435,1731.9238016528323,39.475455146598065,1,1.5
46,0.0,0.56,0.44,1734.8527743004615,39.568052474932315,1,1.5
47,0.0,0.58,0.42,1615.4960523577429,35.67705654482221,1,1.5
48,0.0,0.555,0.445,1709.2810651664106,38.74759606111289,1,1.5
49,0.0,0.57,0.43,1695.5232800157228,38.3046587982729,1,1.5
50,0.0,0.59,0.41,1651.9803238432576,36.88947186351035,1,1.5
51,0.0,0.605,0.395,1631.9220899261518,36.22684188081794,1,1.5
52,0.0,0.57,0.43,1703.6747295176929,38.56897203987306,1,1.5
53,0.0,0.605,0.395,1641.3938587267812,36.53927567563759,1,1.5
54,0.0,0.565,0.435,1722.9836098868493,39.18891083887982,1,1.5
55,0.0,0.585,0.415,1676.3700787718612,37.68665468040071,1,1.5
56,0.0,0.605,0.395,1640.3854412519925,36.50504647206316,1,1.5
57,0.0,0.615,0.385,1615.1857308780463,35.66781368337777,1,1.5
58,0.0,0.625,0.375,1588.8674341764113,34.781023009318304,1,1.5
59,0.0,0.595,0.405,1657.3827311617963,37.064671888347405,1,1.5
60,0.0,0.62,0.38,1608.2935837515452,35.43253720208808,1,1.5
61,0.0,0.605,0.395,1641.3992802114349,36.5385256718786,1,1.5
62,0.0,0.575,0.425,1696.8173449510832,38.34608181329703,1,1.5
63,0.0,0.6,0.4,1627.502469926972,36.07806655987946,1,1.5
64,0.0,0.58,0.42,1674.6741529182757,37.633832805068955,1,1.5
65,0.0,0.605,0.395,1631.7313822245026,36.226335958799474,1,1.5
66,0.0,0.575,0.425,1704.8404155603087,38.612960468980745,1,1.5
67,0.0,0.605,0.395,1573.7997453645348,34.2676629526784,1,1.5
68,0.0,0.575,0.425,1673.1179469123153,37.58216886634424,1,1.5
69,0.0,0.555,0.445,1721.472451493259,39.14276721459139,1,1.5
70,0.0,0.595,0.405,1624.5373644294295,35.98031717902768,1,1.5
71,0.0,0.61,0.39,1595.1414371564251,34.997710262509415,1,1.5
72,0.0,0.565,0.435,1688.4286456445855,38.07889203299177,1,1.5
73,0.0,0.575,0.425,1673.8726513338966,37.60562013997638,1,1.5
74,0.0,0.595,0.405,1604.8041203108953,35.318533678041334,1,1.5
75,0.0,0.56,0.44,1695.481658109846,38.30326421419821,1,1.5
76,0.0,0.59,0.41,1628.0356034364606,36.09185830050124,1,1.5
77,0.0,0.575,0.425,1671.3529530736373,37.51689111050922,1,1.5
78,0.0,0.6,0.4,1593.7325804198276,34.93926456615569,1,1.5
79,0.0,0.62,0.38,1546.672627468321,33.32935484328222,1,1.5
80,0.0,0.595,0.405,1622.6800921808085,35.91283998352044,1,1.5
81,0.0,0.57,0.43,1659.88159245724,37.145098557865396,1,1.5
82,0.0,0.6,0.4,1597.9835960956784,35.08768022166498,1,1.5
83,0.0,0.575,0.425,1684.7890499962452,37.9573471506673,1,1.5
84,0.0,0.605,0.395,1617.1551275902327,35.73187996252061,1,1.5
85,0.0,0.57,0.43,1711.4638622842303,38.82079762913969,1,1.5
86,0.0,0.595,0.405,1642.4841378686926,36.578403086147816,1,1.5
87,0.0,0.57,0.43,1696.7377048042365,38.35078676204893,1,1.5
88,0.0,0.585,0.415,1659.1687513168936,37.127700800524856,1,1.5
89,0.0,0.59,0.41,1608.1739818781416,35.43255016859149,1,1.5
90,0.0,0.6,0.4,1573.452259438667,34.256684101705524,1,1.5
91,0.0,0.585,0.415,1642.9047545050928,36.592888295549955,1,1.5
92,0.0,0.56,0.44,1699.3138170370567,38.43534234916922,1,1.5
93,0.0,0.58,0.42,1637.0424937918895,36.39737193915908,1,1.5
94,0.0,0.595,0.405,1588.2723732685554,34.761410247825424,1,1.5
95,0.0,0.55,0.45,1719.0402076253165,39.06505665338608,1,1.5
96,0.0,0.585,0.415,1642.6795190423675,36.58398501081783,1,1.5
97,0.0,0.555,0.445,1710.4587940430572,38.79339848696054,1,1.5
98,0.0,0.575,0.425,1681.5229749352427,37.85939431443886,1,1.5
99,0.0,0.59,0.41,1635.3980121719144,36.3462735959491,1,1.5
100,0.0,0.595,0.405,1628.985528569095,36.13356037085573,1,1.5
0,0.0,1.0,0.0,992.5648373136935,0.0,1,2.0
1,0.0,0.95,0.05,898.1955495865591,5.652536855072434,1,2.0
2,0.0,0.9,0.1,988.2271877320463,10.764555174811303,1,2.0
3,0.0,0.85,0.15,1068.705382650237,14.534010015106514,1,2.0
4,0.0,0.81,0.19,1163.8835827759963,18.705253184153772,1,2.0
5,0.0,0.765,0.235,1264.5313780643721,22.85257894111752,1,2.0
6,0.0,0.72,0.28,1342.7530469177616,25.91415772720476,1,2.0
7,0.0,0.695,0.305,1489.5281319318392,31.338521660958936,1,2.0
8,0.0,0.67,0.33,1549.8091757268137,33.45452687814676,1,2.0
9,0.0,0.625,0.375,1671.035818944165,37.51823401634064,1,2.0
10,0.0,0.645,0.355,1619.2293006596253,35.80852856229368,1,2.0
11,0.0,0.615,0.385,1687.1508267944444,38.03844587837534,1,2.0
12,0.0,0.63,0.37,1623.1793829185315,35.93446185830067,1,2.0
13,0.0,0.6,0.4,1687.5617565123005,38.046567548340334,1,2.0
14,0.0,0.625,0.375,1584.5731505183842,34.624805739085936,1,2.0
15,0.0,0.595,0.405,1633.3615106027898,36.26060331050685,1,2.0
16,0.0,0.575,0.425,1654.0962037144227,36.94416754543995,1,2.0
17,0.0,0.6,0.4,1582.1094996341296,34.54321225324806,1,2.0
18,0.0,0.565,0.435,1687.4326797892547,38.040930352779824,1,2.0
19,0.0,0.575,0.425,1654.6529830156373,36.96929465965427,1,2.0
20,0.0,0.6,0.4,1583.2363854995056,34.585059280838024,1,2.0
21,0.0,0.575,0.425,1665.5196252815233,37.33228175113062,1,2.0
22,0.0,0.555,0.445,1702.9221653078723,38.54721156741311,1,2.0
23,0.0,0.57,0.43,1668.1178718658891,37.4190855384431,1,2.0
24,0.0,0.605,0.395,1598.0253646389178,35.09586212788497,1,2.0
25,0.0,0.585,0.415,1630.666480132225,36.191051004270236,1,2.0
26,0.0,0.555,0.445,1729.5983660200498,39.40011270346455,1,2.0
27,0.0,0.58,0.42,1632.0490151006486,36.2282474179642,1,2.0
28,0.0,0.59,0.41,1621.4167047267047,35.87571153667439,1,2.0
29,0.0,0.56,0.44,1699.799925921272,38.44312875447113,1,2.0
30,0.0,0.58,0.42,1671.4500429262077,37.52703710572064,1,2.0
31,0.0,0.61,0.39,1606.588161660541,35.377751104227755,1,2.0
32,0.0,0.58,0.42,1697.4686003741094,38.37147504708792,1,2.0
33,0.0,0.6,0.4,1661.0558367796923,37.18817115504397,1,2.0
34,0.0,0.615,0.385,1602.580537710209,35.249671475341884,1,2.0
35,0.0,0.59,0.41,1646.9789866115107,36.7275220842611,1,2.0
36,0.0,0.565,0.435,1673.9569007630623,37.6092128447569,1,2.0
37,0.0,0.59,0.41,1607.1273987913319,35.39945465350631,1,2.0
38,0.0,0.56,0.44,1685.5157102268895,37.9855886399561,1,2.0
39,0.0,0.585,0.415,1643.7597702594524,36.61720679516546,1,2.0
40,0.0,0.61,0.39,1594.2350301617107,34.96282513201368,1,2.0
41,0.0,0.585,0.415,1659.0224227923914,37.1214310119298,1,2.0
42,0.0,0.61,0.39,1608.3405415499426,35.4443822318142,1,2.0
43,0.0,0.565,0.435,1711.8523761455704,38.83655582236963,1,2.0
44,0.0,0.595,0.405,1643.3367292614073,36.60665577900582,1,2.0
45,0.0,0.565,0.435,1731.9238016528323,39.475455146598065,1,2.0
46,0.0,0.56,0.44,1734.8527743004615,39.568052474932315,1,2.0
47,0.0,0.58,0.42,1615.4960523577429,35.67705654482221,1,2.0
48,0.0,0.555,0.445,1709.2810651664106,38.74759606111289,1,2.0
49,0.0,0.57,0.43,1695.5232800157228,38.3046587982729,1,2.0
50,0.0,0.59,0.41,1651.9803238432576,36.88947186351035,1,2.0
51,0.0,0.605,0.395,1631.9220899261518,36.22684188081794,1,2.0
52,0.0,0.57,0.43,1703.6747295176929,38.56897203987306,1,2.0
53,0.0,0.605,0.395,1641.3938587267812,36.53927567563759,1,2.0
54,0.0,0.565,0.435,1722.9836098868493,39.18891083887982,1,2.0
55,0.0,0.585,0.415,1676.3700787718612,37.68665468040071,1,2.0
56,0.0,0.605,0.395,1640.3854412519925,36.50504647206316,1,2.0
57,0.0,0.615,0.385,1615.1857308780463,35.66781368337777,1,2.0
58,0.0,0.625,0.375,1588.8674341764113,34.781023009318304,1,2.0
59,0.0,0.595,0.405,1657.3827311617963,37.064671888347405,1,2.0
60,0.0,0.62,0.38,1608.2935837515452,35.43253720208808,1,2.0
61,0.0,0.605,0.395,1641.3992802114349,36.5385256718786,1,2.0
62,0.0,0.575,0.425,1696.8173449510832,38.34608181329703,1,2.0
63,0.0,0.6,0.4,1627.502469926972,36.07806655987946,1,2.0
64,0.0,0.58,0.42,1674.6741529182757,37.633832805068955,1,2.0
65,0.0,0.605,0.395,1631.7313822245026,36.226335958799474,1,2.0
66,0.0,0.575,0.425,1704.8404155603087,38.612960468980745,1,2.0
67,0.0,0.605,0.395,1573.7997453645348,34.2676629526784,1,2.0
68,0.0,0.575,0.425,1673.1179469123153,37.58216886634424,1,2.0
69,0.0,0.555,0.445,1721.472451493259,39.14276721459139,1,2.0
70,0.0,0.595,0.405,1624.5373644294295,35.98031717902768,1,2.0
71,0.0,0.61,0.39,1595.1414371564251,34.997710262509415,1,2.0
72,0.0,0.565,0.435,1688.4286456445855,38.07889203299177,1,2.0
73,0.0,0.575,0.425,1673.8726513338966,37.60562013997638,1,2.0
74,0.0,0.595,0.405,1604.8041203108953,35.318533678041334,1,2.0
75,0.0,0.56,0.44,1695.481658109846,38.30326421419821,1,2.0
76,0.0,0.59,0.41,1628.0356034364606,36.09185830050124,1,2.0
77,0.0,0.575,0.425,1671.3529530736373,37.51689111050922,1,2.0
78,0.0,0.6,0.4,1593.7325804198276,34.93926456615569,1,2.0
79,0.0,0.62,0.38,1546.672627468321,33.32935484328222,1,2.0
80,0.0,0.595,0.405,1622.6800921808085,35.91283998352044,1,2.0
81,0.0,0.57,0.43,1659.88159245724,37.145098557865396,1,2.0
82,0.0,0.6,0.4,1597.9835960956784,35.08768022166498,1,2.0
83,0.0,0.575,0.425,1684.7890499962452,37.9573471506673,1,2.0
84,0.0,0.605,0.395,1617.1551275902327,35.73187996252061,1,2.0
85,0.0,0.57,0.43,1711.4638622842303,38.82079762913969,1,2.0
86,0.0,0.595,0.405,1642.4841378686926,36.578403086147816,1,2.0
87,0.0,0.57,0.43,1696.7377048042365,38.35078676204893,1,2.0
88,0.0,0.585,0.415,1659.1687513168936,37.127700800524856,1,2.0
89,0.0,0.59,0.41,1608.1739818781416,35.43255016859149,1,2.0
90,0.0,0.6,0.4,1573.452259438667,34.256684101705524,1,2.0
91,0.0,0.585,0.415,1642.9047545050928,36.592888295549955,1,2.0
92,0.0,0.56,0.44,1699.3138170370567,38.43534234916922,1,2.0
93,0.0,0.58,0.42,1637.0424937918895,36.39737193915908,1,2.0
94,0.0,0.595,0.405,1588.2723732685554,34.761410247825424,1,2.0
95,0.0,0.55,0.45,1719.0402076253165,39.06505665338608,1,2.0
96,0.0,0.585,0.415,1642.6795190423675,36.58398501081783,1,2.0
97,0.0,0.555,0.445,1710.4587940430572,38.79339848696054,1,2.0
98,0.0,0.575,0.425,1681.5229749352427,37.85939431443886,1,2.0
99,0.0,0.59,0.41,1635.3980121719144,36.3462735959491,1,2.0
100,0.0,0.595,0.405,1628.985528569095,36.13356037085573,1,2.0
0,0.0,1.0,0.0,1115.9313068244933,0.0,0,0.0
1,0.0,0.95,0.05,1026.9414173077548,4.719162067866574,0,0.0
2,0.0,0.91,0.09,1069.2465480237943,7.5829440294497115,0,0.0
3,0.0,0.86,0.14,1148.4963827850056,11.463908205844445,0,0.0
4,0.0,0.82,0.18,1273.6666544325365,16.895838645795962,0,0.0
5,0.0,0.775,0.225,1373.698108927872,20.932656663701003,0,0.0
6,0.0,0.74,0.26,1503.0728478890094,25.845543299801985,0,0.0
7,0.0,0.71,0.29,1553.3683142153131,27.798399085265878,0,0.0
8,0.0,0.685,0.315,1612.6647525777425,30.533330383145213,0,0.0
9,0.0,0.65,0.35,1657.3123837472826,33.13113023377358,0,0.0
10,0.0,0.625,0.375,1676.7686925286678,34.53890436577636,0,0.0
11,0.0,0.59,0.41,1721.399273867529,40.07657084481322,0,0.0
12,0.0,0.55,0.45,1721.7256512650129,44.41184252389021,0,0.0
13,0.0,0.53,0.47,1714.8956800712972,45.88827633284659,0,0.0
14,0.0,0.5,0.5,1706.055822854046,47.17318473606026,0,0.0
15,0.0,0.49,0.51,1701.8603822093082,47.67513594418821,0,0.0
16,0.0,0.47,0.53,1690.8816948817557,48.82840685244064,0,0.0
17,0.0,0.44,0.56,1657.1104842949808,51.52380333386914,0,0.0
18,0.0,0.42,0.58,1631.669428301293,53.1286867690061,0,0.0
19,0.0,0.4,0.6,1604.1337172225553,54.6443933266188,0,0.0
20,0.0,0.39,0.61,1594.3264620257228,55.14267472270939,0,0.0
21,0.0,0.365,0.635,1561.7487213558288,56.68116333351091,0,0.0
22,0.0,0.35,0.65,1541.9493630480906,57.53989099197928,0,0.0
23,0.0,0.335,0.665,1519.0335124043497,58.480577337323034,0,0.0
24,0.0,0.315,0.685,1497.8884309704135,59.30370013997799,0,0.0
25,0.0,0.305,0.695,1482.1048548086983,59.89167730185446,0,0.0
26,0.0,0.29,0.71,1457.3990582088193,60.78455018458978,0,0.0
27,0.0,0.28,0.72,1449.8463308037442,61.048346893903854,0,0.0
28,0.0,0.27,0.73,1433.1494480996885,61.61802222929669,0,0.0
29,0.0,0.26,0.74,1420.0820182945888,62.05579952816858,0,0.0
30,0.0,0.255,0.745,1404.8105134548944,62.55379462675139,0,0.0
31,0.0,0.245,0.755,1368.4772475258728,63.696812744767946,0,0.0
32,0.0,0.235,0.765,1348.6642129057657,64.30026734407892,0,0.0
33,0.0,0.22,0.78,1330.2162925881134,64.84496286572599,0,0.0
34,0.0,0.22,0.78,1330.2162925881134,64.84496286572599,0,0.0
35,0.0,0.21,0.79,1280.1334152401494,66.27750752999037,0,0.0
36,0.0,0.21,0.79,1280.1334152401494,66.27750752999037,0,0.0
37,0.0,0.19,0.81,1162.54786426649,69.36300881566933,0,0.0
38,0.0,0.175,0.825,1114.4008726301495,70.53118174790853,0,0.0
39,0.0,0.165,0.835,1084.4381947382158,71.24106222817409,0,0.0
40,0.0,0.16,0.84,1078.8057458518492,71.37206698731852,0,0.0
41,0.0,0.145,0.855,1036.4939963073434,72.34396518430263,0,0.0
42,0.0,0.145,0.855,1036.4939963073434,72.34396518430263,0,0.0
43,0.0,0.135,0.865,1000.8093015073932,73.14486892660832,0,0.0
44,0.0,0.13,0.87,994.591528335262,73.28142170003687,0,0.0
45,0.0,0.125,0.875,977.5598213703947,73.65661298544585,0,0.0
46,0.0,0.12,0.88,958.2310214089089,74.07411425069257,0,0.0
47,0.0,0.12,0.88,958.2310214089089,74.07411425069257,0,0.0
48,0.0,0.115,0.885,955.9058616462448,74.12437447222901,0,0.0
49,0.0,0.11,0.89,951.6776846579683,74.21493886837038,0,0.0
50,0.0,0.11,0.89,951.6776846579683,74.21493886837038,0,0.0
51,0.0,0.105,0.895,946.0673775446248,74.33465924412047,0,0.0
52,0.0,0.105,0.895,946.0673775446248,74.33465924412047,0,0.0
53,0.0,0.1,0.9,924.7725610906887,74.78834620678677,0,0.0
54,0.0,0.1,0.9,924.7725610906887,74.78834620678677,0,0.0
55,0.0,0.09,0.91,908.4250330520849,75.13258434631956,0,0.0
56,0.0,0.08,0.92,891.9311738748206,75.47785746697942,0,0.0
57,0.0,0.075,0.925,867.3774926576884,75.98257033536709,0,0.0
58,0.0,0.07,0.93,864.3673806753495,76.04399999631761,0,0.0
59,0.0,0.07,0.93,864.3673806753495,76.04399999631761,0,0.0
60,0.0,0.065,0.935,854.5764618600465,76.24303816774005,0,0.0
61,0.0,0.065,0.935,854.5764618600465,76.24303816774005,0,0.0
62,0.0,0.065,0.935,854.5764618600465,76.24303816774005,0,0.0
63,0.0,0.06,0.94,832.3076155533672,76.69183713005549,0,0.0
64,0.0,0.055,0.945,827.346022088132,76.79183427518552,0,0.0
65,0.0,0.05,0.95,823.3038897539018,76.87337293372792,0,0.0
66,0.0,0.05,0.95,823.3038897539018,76.87337293372792,0,0.0
67,0.0,0.05,0.95,823.3038897539018,76.87337293372792,0,0.0
68,0.0,0.045,0.955,814.7230334643523,77.04465608935524,0,0.0
69,0.0,0.035,0.965,806.3732594214061,77.2106920962757,0,0.0
70,0.0,0.035,0.965,806.3732594214061,77.2106920962757,0,0.0
71,0.0,0.035,0.965,806.3732594214061,77.2106920962757,0,0.0
72,0.0,0.035,0.965,806.3732594214061,77.2106920962757,0,0.0
73,0.0,0.035,0.965,806.3732594214061,77.2106920962757,0,0.0
0,0.0,1.0,0.0,1115.9313068244933,0.0,0,0.5
1,0.0,0.95,0.05,1026.9414173077548,4.719162067866574,0,0.5
2,0.0,0.91,0.09,1069.2465480237943,7.5829440294497115,0,0.5
3,0.0,0.86,0.14,1148.4963827850056,11.463908205844445,0,0.5
4,0.0,0.82,0.18,1273.6666544325365,16.895838645795962,0,0.5
5,0.0,0.775,0.225,1373.698108927872,20.932656663701003,0,0.5
6,0.0,0.74,0.26,1503.0728478890094,25.845543299801985,0,0.5
7,0.0,0.71,0.29,1553.3683142153131,27.798399085265878,0,0.5
8,0.0,0.685,0.315,1612.6647525777425,30.533330383145213,0,0.5
9,0.0,0.65,0.35,1657.3123837472826,33.13113023377358,0,0.5
10,0.0,0.625,0.375,1676.7686925286678,34.53890436577636,0,0.5
11,0.0,0.59,0.41,1721.399273867529,40.07657084481322,0,0.5
12,0.0,0.55,0.45,1721.7256512650129,44.41184252389021,0,0.5
13,0.0,0.53,0.47,1714.8956800712972,45.88827633284659,0,0.5
14,0.0,0.5,0.5,1706.055822854046,47.17318473606026,0,0.5
15,0.0,0.49,0.51,1701.8603822093082,47.67513594418821,0,0.5
16,0.0,0.47,0.53,1690.8816948817557,48.82840685244064,0,0.5
17,0.0,0.44,0.56,1657.1104842949808,51.52380333386914,0,0.5
18,0.0,0.42,0.58,1631.669428301293,53.1286867690061,0,0.5
19,0.0,0.4,0.6,1604.1337172225553,54.6443933266188,0,0.5
20,0.0,0.39,0.61,1594.3264620257228,55.14267472270939,0,0.5
21,0.0,0.365,0.635,1561.7487213558288,56.68116333351091,0,0.5
22,0.0,0.35,0.65,1541.9493630480906,57.53989099197928,0,0.5
23,0.0,0.335,0.665,1519.0335124043497,58.480577337323034,0,0.5
24,0.0,0.315,0.685,1497.8884309704135,59.30370013997799,0,0.5
25,0.0,0.305,0.695,1482.1048548086983,59.89167730185446,0,0.5
26,0.0,0.29,0.71,1457.3990582088193,60.78455018458978,0,0.5
27,0.0,0.28,0.72,1449.8463308037442,61.048346893903854,0,0.5
28,0.0,0.27,0.73,1433.1494480996885,61.61802222929669,0,0.5
29,0.0,0.26,0.74,1420.0820182945888,62.05579952816858,0,0.5
30,0.0,0.255,0.745,1404.8105134548944,62.55379462675139,0,0.5
31,0.0,0.245,0.755,1368.4772475258728,63.696812744767946,0,0.5
32,0.0,0.235,0.765,1348.6642129057657,64.30026734407892,0,0.5
33,0.0,0.22,0.78,1330.2162925881134,64.84496286572599,0,0.5
34,0.0,0.22,0.78,1330.2162925881134,64.84496286572599,0,0.5
35,0.0,0.21,0.79,1280.1334152401494,66.27750752999037,0,0.5
36,0.0,0.21,0.79,1280.1334152401494,66.27750752999037,0,0.5
37,0.0,0.19,0.81,1162.54786426649,69.36300881566933,0,0.5
38,0.0,0.175,0.825,1114.4008726301495,70.53118174790853,0,0.5
39,0.0,0.165,0.835,1084.4381947382158,71.24106222817409,0,0.5
40,0.0,0.16,0.84,1078.8057458518492,71.37206698731852,0,0.5
41,0.0,0.145,0.855,1036.4939963073434,72.34396518430263,0,0.5
42,0.0,0.145,0.855,1036.4939963073434,72.34396518430263,0,0.5
43,0.0,0.135,0.865,1000.8093015073932,73.14486892660832,0,0.5
44,0.0,0.13,0.87,994.591528335262,73.28142170003687,0,0.5
45,0.0,0.125,0.875,977.5598213703947,73.65661298544585,0,0.5
46,0.0,0.12,0.88,958.2310214089089,74.07411425069257,0,0.5
47,0.0,0.12,0.88,958.2310214089089,74.07411425069257,0,0.5
48,0.0,0.115,0.885,955.9058616462448,74.12437447222901,0,0.5
49,0.0,0.11,0.89,951.6776846579683,74.21493886837038,0,0.5
50,0.0,0.11,0.89,951.6776846579683,74.21493886837038,0,0.5
51,0.0,0.105,0.895,946.0673775446248,74.33465924412047,0,0.5
52,0.0,0.105,0.895,946.0673775446248,74.33465924412047,0,0.5
53,0.0,0.1,0.9,924.7725610906887,74.78834620678677,0,0.5
54,0.0,0.1,0.9,924.7725610906887,74.78834620678677,0,0.5
55,0.0,0.09,0.91,908.4250330520849,75.13258434631956,0,0.5
56,0.0,0.08,0.92,891.9311738748206,75.47785746697942,0,0.5
57,0.0,0.075,0.925,867.3774926576884,75.98257033536709,0,0.5
58,0.0,0.07,0.93,864.3673806753495,76.04399999631761,0,0.5
59,0.0,0.07,0.93,864.3673806753495,76.04399999631761,0,0.5
60,0.0,0.065,0.935,854.5764618600465,76.24303816774005,0,0.5
61,0.0,0.065,0.935,854.5764618600465,76.24303816774005,0,0.5
62,0.0,0.065,0.935,854.5764618600465,76.24303816774005,0,0.5
63,0.0,0.06,0.94,832.3076155533672,76.69183713005549,0,0.5
64,0.0,0.055,0.945,827.346022088132,76.79183427518552,0,0.5
65,0.0,0.05,0.95,823.3038897539018,76.87337293372792,0,0.5
66,0.0,0.05,0.95,823.3038897539018,76.87337293372792,0,0.5
67,0.0,0.05,0.95,823.3038897539018,76.87337293372792,0,0.5
68,0.0,0.045,0.955,814.7230334643523,77.04465608935524,0,0.5
69,0.0,0.035,0.965,806.3732594214061,77.2106920962757,0,0.5
70,0.0,0.035,0.965,806.3732594214061,77.2106920962757,0,0.5
71,0.0,0.035,0.965,806.3732594214061,77.2106920962757,0,0.5
72,0.0,0.035,0.965,806.3732594214061,77.2106920962757,0,0.5
73,0.0,0.035,0.965,806.3732594214061,77.2106920962757,0,0.5
0,0.0,1.0,0.0,1115.9313068244933,0.0,0,1.0
1,0.0,0.95,0.05,1026.9414173077548,4.719162067866574,0,1.0
2,0.0,0.91,0.09,1069.2465480237943,7.5829440294497115,0,1.0
3,0.0,0.86,0.14,1148.4963827850056,11.463908205844445,0,1.0
4,0.0,0.82,0.18,1273.6666544325365,16.895838645795962,0,1.0
5,0.0,0.775,0.225,1373.698108927872,20.932656663701003,0,1.0
6,0.0,0.74,0.26,1503.0728478890094,25.845543299801985,0,1.0
7,0.0,0.74,0.26,1503.0728478890094,25.845543299801985,0,1.0
8,0.0,0.74,0.26,1503.0728478890094,25.845543299801985,0,1.0
9,0.0,0.74,0.26,1503.0728478890094,25.845543299801985,0,1.0
10,0.0,0.74,0.26,1503.0728478890094,25.845543299801985,0,1.0
0,0.0,1.0,0.0,1115.9313068244933,0.0,0,1.5
1,0.0,0.95,0.05,1026.9414173077548,4.719162067866574,0,1.5
2,0.0,0.91,0.09,1069.2465480237943,7.5829440294497115,0,1.5
3,0.0,0.86,0.14,1148.4963827850056,11.463908205844445,0,1.5
4,0.0,0.82,0.18,1273.6666544325365,16.895838645795962,0,1.5
5,0.0,0.775,0.225,1373.698108927872,20.932656663701003,0,1.5
6,0.0,0.74,0.26,1503.0728478890094,25.845543299801985,0,1.5
7,0.0,0.76,0.24,1456.7664872983883,24.131851680782543,0,1.5
8,0.0,0.785,0.215,1399.1771323162607,21.927859384533697,0,1.5
9,0.0,0.745,0.255,1479.1368212283055,24.961578072016856,0,1.5
10,0.0,0.77,0.23,1438.377788508798,23.43142707947024,0,1.5
11,0.0,0.775,0.225,1408.3749893324616,22.281503651400566,0,1.5
12,0.0,0.785,0.215,1391.3739632021677,21.620652485593517,0,1.5
13,0.0,0.74,0.26,1495.5451073712088,25.558221093024216,0,1.5
14,0.0,0.755,0.245,1465.029460062623,24.422118735583734,0,1.5
15,0.0,0.77,0.23,1437.921182964903,23.400915975887834,0,1.5
16,0.0,0.78,0.22,1410.9226533815693,22.36671389601154,0,1.5
17,0.0,0.79,0.21,1382.0327837860739,21.244058234149474,0,1.5
18,0.0,0.75,0.25,1455.8562966863126,24.073315307190278,0,1.5
19,0.0,0.755,0.245,1441.5489565365099,23.532503188729564,0,1.5
20,0.0,0.74,0.26,1462.8292741489252,24.333941474238017,0,1.5
21,0.0,0.755,0.245,1436.3878196744288,23.33937514472509,0,1.5
22,0.0,0.725,0.275,1486.302158662089,25.211846101341322,0,1.5
23,0.0,0.735,0.265,1461.720621788789,24.295699275782965,0,1.5
24,0.0,0.75,0.25,1434.067997025337,23.25290241239192,0,1.5
25,0.0,0.715,0.285,1495.9884938660477,25.57446138858525,0,1.5
26,0.0,0.72,0.28,1489.8252257802874,25.34674960688051,0,1.5
27,0.0,0.73,0.27,1479.3609377715725,24.960186931502598,0,1.5
28,0.0,0.745,0.255,1455.5439199085286,24.070740791354112,0,1.5
29,0.0,0.715,0.285,1504.9832415427616,25.906443863349047,0,1.5
30,0.0,0.745,0.255,1441.53877808618,23.542572076092796,0,1.5
31,0.0,0.76,0.24,1414.9101177762457,22.530079427448257,0,1.5
32,0.0,0.73,0.27,1480.2021113915011,24.99382254241138,0,1.5
33,0.0,0.75,0.25,1431.1642805244946,23.147060188225048,0,1.5
34,0.0,0.755,0.245,1414.8602668577585,22.525950941396943,0,1.5
35,0.0,0.77,0.23,1388.242421505301,21.491970994933695,0,1.5
36,0.0,0.745,0.255,1451.1418261103033,23.900073777362245,0,1.5
37,0.0,0.75,0.25,1438.8338113326486,23.434074534185413,0,1.5
38,0.0,0.765,0.235,1400.094381018408,21.94670880663854,0,1.5
39,0.0,0.775,0.225,1384.139200072913,21.326325332819394,0,1.5
40,0.0,0.735,0.265,1473.873876162101,24.744506269774227,0,1.5
41,0.0,0.745,0.255,1452.8866308925403,23.959378229646575,0,1.5
42,0.0,0.76,0.24,1417.2522764999146,22.606477468144284,0,1.5
43,0.0,0.73,0.27,1495.2981626618307,25.540345809013544,0,1.5
44,0.0,0.735,0.265,1490.090709838089,25.34840821733841,0,1.5
45,0.0,0.74,0.26,1458.7953325402973,24.184380778969636,0,1.5
46,0.0,0.76,0.24,1391.5744764992978,21.614676758394324,0,1.5
47,0.0,0.72,0.28,1469.2809322343169,24.58344391032131,0,1.5
48,0.0,0.735,0.265,1422.50393474357,22.821074883834193,0,1.5
49,0.0,0.74,0.26,1414.275138286929,22.50446681584684,0,1.5
50,0.0,0.71,0.29,1487.8602171963219,25.275933090039693,0,1.5
51,0.0,0.74,0.26,1399.5109386584677,21.935070460330643,0,1.5
52,0.0,0.71,0.29,1446.3485254782504,23.725334326073572,0,1.5
53,0.0,0.725,0.275,1402.7640696525461,22.059995659917274,0,1.5
54,0.0,0.745,0.255,1357.2137382472044,20.27838098460714,0,1.5
55,0.0,0.71,0.29,1441.7442541854405,23.553239475228843,0,1.5
56,0.0,0.72,0.28,1411.5428679692936,22.403553043524866,0,1.5
57,0.0,0.735,0.265,1370.1215074917288,20.79298410853334,0,1.5
58,0.0,0.695,0.305,1503.135739679187,25.851325371620042,0,1.5
59,0.0,0.705,0.295,1484.909210843146,25.181588361196624,0,1.5
60,0.0,0.725,0.275,1434.592750394261,23.293157415644103,0,1.5
61,0.0,0.735,0.265,1421.669069960963,22.800968432086776,0,1.5
62,0.0,0.735,0.265,1421.669069960963,22.800968432086776,0,1.5
63,0.0,0.705,0.295,1489.8482074533135,25.3649312788174,0,1.5
64,0.0,0.725,0.275,1452.2063092242379,23.963666218948426,0,1.5
65,0.0,0.735,0.265,1413.753687826002,22.50342021552124,0,1.5
66,0.0,0.69,0.31,1479.7047304694124,24.990067847949007,0,1.5
67,0.0,0.7,0.3,1461.3106823010855,24.30261374702995,0,1.5
68,0.0,0.71,0.29,1452.205517219703,23.961314821833255,0,1.5
69,0.0,0.725,0.275,1430.6073111579929,23.140447863736554,0,1.5
70,0.0,0.745,0.255,1388.9071377123903,21.532837596279315,0,1.5
71,0.0,0.72,0.28,1427.1661713019944,23.01330122122142,0,1.5
72,0.0,0.7,0.3,1444.1614701929107,23.661138715195676,0,1.5
73,0.0,0.67,0.33,1494.9848401752897,25.55901199525458,0,1.5
74,0.0,0.69,0.31,1452.1152342821993,23.95958337824109,0,1.5
75,0.0,0.705,0.295,1438.138673670194,23.42971294741884,0,1.5
76,0.0,0.72,0.28,1392.1092183643577,21.65973340039757,0,1.5
77,0.0,0.69,0.31,1463.1078087817414,24.36410875840292,0,1.5
78,0.0,0.7,0.3,1430.1172131106002,23.115519902026477,0,1.5
79,0.0,0.715,0.285,1404.533432861701,22.13334626819119,0,1.5
80,0.0,0.725,0.275,1394.3915095924394,21.739447848096816,0,1.5
81,0.0,0.75,0.25,1361.8195581832977,20.461038442127,0,1.5
82,0.0,0.715,0.285,1417.6013891317712,22.635784293285862,0,1.5
83,0.0,0.67,0.33,1501.160568069989,25.771731615984265,0,1.5
84,0.0,0.69,0.31,1467.1564620171985,24.51231158032125,0,1.5
85,0.0,0.705,0.295,1448.594260759741,23.816833888771118,0,1.5
86,0.0,0.72,0.28,1421.4103372613577,22.78653342328661,0,1.5
87,0.0,0.73,0.27,1407.8460906179046,22.265400366169466,0,1.5
88,0.0,0.735,0.265,1396.793527527371,21.83909952093673,0,1.5
89,0.0,0.695,0.305,1480.8978873927183,25.02844973202839,0,1.5
90,0.0,0.71,0.29,1441.9352472566738,23.565111849116803,0,1.5
91,0.0,0.72,0.28,1436.2131077404968,23.34754445841925,0,1.5
92,0.0,0.73,0.27,1426.1050817621374,22.96099275515904,0,1.5
93,0.0,0.69,0.31,1500.1738391181598,25.731919199247084,0,1.5
94,0.0,0.705,0.295,1467.8835488587379,24.531903026794865,0,1.5
95,0.0,0.72,0.28,1444.490245265629,23.65046615767005,0,1.5
96,0.0,0.725,0.275,1440.1162927867047,23.484446775176153,0,1.5
97,0.0,0.735,0.265,1422.5686010401255,22.815139247570066,0,1.5
98,0.0,0.7,0.3,1473.937896690217,24.751089265939523,0,1.5
99,0.0,0.73,0.27,1434.4072694481013,23.264224723261353,0,1.5
100,0.0,0.7,0.3,1477.6613709681592,24.88743609290177,0,1.5
0,0.0,1.0,0.0,1115.9313068244933,0.0,0,2.0
1,0.0,0.95,0.05,1026.9414173077548,4.719162067866574,0,2.0
2,0.0,0.91,0.09,1069.2465480237943,7.5829440294497115,0,2.0
3,0.0,0.86,0.14,1148.4963827850056,11.463908205844445,0,2.0
4,0.0,0.82,0.18,1273.6666544325365,16.895838645795962,0,2.0
5,0.0,0.775,0.225,1373.698108927872,20.932656663701003,0,2.0
6,0.0,0.74,0.26,1503.0728478890094,25.845543299801985,0,2.0
7,0.0,0.76,0.24,1456.7664872983883,24.131851680782543,0,2.0
8,0.0,0.785,0.215,1399.1771323162607,21.927859384533697,0,2.0
9,0.0,0.745,0.255,1479.1368212283055,24.961578072016856,0,2.0
10,0.0,0.77,0.23,1438.377788508798,23.43142707947024,0,2.0
11,0.0,0.775,0.225,1408.3749893324616,22.281503651400566,0,2.0
12,0.0,0.785,0.215,1391.3739632021677,21.620652485593517,0,2.0
13,0.0,0.74,0.26,1495.5451073712088,25.558221093024216,0,2.0
14,0.0,0.755,0.245,1465.029460062623,24.422118735583734,0,2.0
15,0.0,0.77,0.23,1437.921182964903,23.400915975887834,0,2.0
16,0.0,0.78,0.22,1410.9226533815693,22.36671389601154,0,2.0
17,0.0,0.79,0.21,1382.0327837860739,21.244058234149474,0,2.0
18,0.0,0.75,0.25,1455.8562966863126,24.073315307190278,0,2.0
19,0.0,0.755,0.245,1441.5489565365099,23.532503188729564,0,2.0
20,0.0,0.74,0.26,1462.8292741489252,24.333941474238017,0,2.0
21,0.0,0.755,0.245,1436.3878196744288,23.33937514472509,0,2.0
22,0.0,0.725,0.275,1486.302158662089,25.211846101341322,0,2.0
23,0.0,0.735,0.265,1461.720621788789,24.295699275782965,0,2.0
24,0.0,0.75,0.25,1434.067997025337,23.25290241239192,0,2.0
25,0.0,0.715,0.285,1495.9884938660477,25.57446138858525,0,2.0
26,0.0,0.72,0.28,1489.8252257802874,25.34674960688051,0,2.0
27,0.0,0.73,0.27,1479.3609377715725,24.960186931502598,0,2.0
28,0.0,0.745,0.255,1455.5439199085286,24.070740791354112,0,2.0
29,0.0,0.715,0.285,1504.9832415427616,25.906443863349047,0,2.0
30,0.0,0.745,0.255,1441.53877808618,23.542572076092796,0,2.0
31,0.0,0.76,0.24,1414.9101177762457,22.530079427448257,0,2.0
32,0.0,0.73,0.27,1480.2021113915011,24.99382254241138,0,2.0
33,0.0,0.75,0.25,1431.1642805244946,23.147060188225048,0,2.0
34,0.0,0.755,0.245,1414.8602668577585,22.525950941396943,0,2.0
35,0.0,0.77,0.23,1388.242421505301,21.491970994933695,0,2.0
36,0.0,0.745,0.255,1451.1418261103033,23.900073777362245,0,2.0
37,0.0,0.75,0.25,1438.8338113326486,23.434074534185413,0,2.0
38,0.0,0.765,0.235,1400.094381018408,21.94670880663854,0,2.0
39,0.0,0.775,0.225,1384.139200072913,21.326325332819394,0,2.0
40,0.0,0.735,0.265,1473.873876162101,24.744506269774227,0,2.0
41,0.0,0.745,0.255,1452.8866308925403,23.959378229646575,0,2.0
42,0.0,0.76,0.24,1417.2522764999146,22.606477468144284,0,2.0
43,0.0,0.73,0.27,1495.2981626618307,25.540345809013544,0,2.0
44,0.0,0.735,0.265,1490.090709838089,25.34840821733841,0,2.0
45,0.0,0.74,0.26,1458.7953325402973,24.184380778969636,0,2.0
46,0.0,0.76,0.24,1391.5744764992978,21.614676758394324,0,2.0
47,0.0,0.72,0.28,1469.2809322343169,24.58344391032131,0,2.0
48,0.0,0.735,0.265,1422.50393474357,22.821074883834193,0,2.0
49,0.0,0.74,0.26,1414.275138286929,22.50446681584684,0,2.0
50,0.0,0.71,0.29,1487.8602171963219,25.275933090039693,0,2.0
51,0.0,0.74,0.26,1399.5109386584677,21.935070460330643,0,2.0
52,0.0,0.71,0.29,1446.3485254782504,23.725334326073572,0,2.0
53,0.0,0.725,0.275,1402.7640696525461,22.059995659917274,0,2.0
54,0.0,0.745,0.255,1357.2137382472044,20.27838098460714,0,2.0
55,0.0,0.71,0.29,1441.7442541854405,23.553239475228843,0,2.0
56,0.0,0.72,0.28,1411.5428679692936,22.403553043524866,0,2.0
57,0.0,0.735,0.265,1370.1215074917288,20.79298410853334,0,2.0
58,0.0,0.695,0.305,1503.135739679187,25.851325371620042,0,2.0
59,0.0,0.705,0.295,1484.909210843146,25.181588361196624,0,2.0
60,0.0,0.725,0.275,1434.592750394261,23.293157415644103,0,2.0
61,0.0,0.735,0.265,1421.669069960963,22.800968432086776,0,2.0
62,0.0,0.735,0.265,1421.669069960963,22.800968432086776,0,2.0
63,0.0,0.705,0.295,1489.8482074533135,25.3649312788174,0,2.0
64,0.0,0.725,0.275,1452.2063092242379,23.963666218948426,0,2.0
65,0.0,0.735,0.265,1413.753687826002,22.50342021552124,0,2.0
66,0.0,0.69,0.31,1479.7047304694124,24.990067847949007,0,2.0
67,0.0,0.7,0.3,1461.3106823010855,24.30261374702995,0,2.0
68,0.0,0.71,0.29,1452.205517219703,23.961314821833255,0,2.0
69,0.0,0.725,0.275,1430.6073111579929,23.140447863736554,0,2.0
70,0.0,0.745,0.255,1388.9071377123903,21.532837596279315,0,2.0
71,0.0,0.72,0.28,1427.1661713019944,23.01330122122142,0,2.0
72,0.0,0.7,0.3,1444.1614701929107,23.661138715195676,0,2.0
73,0.0,0.67,0.33,1494.9848401752897,25.55901199525458,0,2.0
74,0.0,0.69,0.31,1452.1152342821993,23.95958337824109,0,2.0
75,0.0,0.705,0.295,1438.138673670194,23.42971294741884,0,2.0
76,0.0,0.72,0.28,1392.1092183643577,21.65973340039757,0,2.0
77,0.0,0.69,0.31,1463.1078087817414,24.36410875840292,0,2.0
78,0.0,0.7,0.3,1430.1172131106002,23.115519902026477,0,2.0
79,0.0,0.715,0.285,1404.533432861701,22.13334626819119,0,2.0
80,0.0,0.725,0.275,1394.3915095924394,21.739447848096816,0,2.0
81,0.0,0.75,0.25,1361.8195581832977,20.461038442127,0,2.0
82,0.0,0.715,0.285,1417.6013891317712,22.635784293285862,0,2.0
83,0.0,0.67,0.33,1501.160568069989,25.771731615984265,0,2.0
84,0.0,0.69,0.31,1467.1564620171985,24.51231158032125,0,2.0
85,0.0,0.705,0.295,1448.594260759741,23.816833888771118,0,2.0
86,0.0,0.72,0.28,1421.4103372613577,22.78653342328661,0,2.0
87,0.0,0.73,0.27,1407.8460906179046,22.265400366169466,0,2.0
88,0.0,0.735,0.265,1396.793527527371,21.83909952093673,0,2.0
89,0.0,0.695,0.305,1480.8978873927183,25.02844973202839,0,2.0
90,0.0,0.71,0.29,1441.9352472566738,23.565111849116803,0,2.0
91,0.0,0.72,0.28,1436.2131077404968,23.34754445841925,0,2.0
92,0.0,0.73,0.27,1426.1050817621374,22.96099275515904,0,2.0
93,0.0,0.69,0.31,1500.1738391181598,25.731919199247084,0,2.0
94,0.0,0.705,0.295,1467.8835488587379,24.531903026794865,0,2.0
95,0.0,0.72,0.28,1444.490245265629,23.65046615767005,0,2.0
96,0.0,0.725,0.275,1440.1162927867047,23.484446775176153,0,2.0
97,0.0,0.735,0.265,1422.5686010401255,22.815139247570066,0,2.0
98,0.0,0.7,0.3,1473.937896690217,24.751089265939523,0,2.0
99,0.0,0.73,0.27,1434.4072694481013,23.264224723261353,0,2.0
100,0.0,0.7,0.3,1477.6613709681592,24.88743609290177,0,2.0
0,0.0,1.0,0.0,1144.567994924898,0.0,2,0.0
1,0.0,0.95,0.05,1058.5051775217546,5.07661537266932,2,0.0
2,0.0,0.905,0.095,1156.9780954937905,10.64649021368391,2,0.0
3,0.0,0.855,0.145,1271.437513515263,15.771004574808673,2,0.0
4,0.0,0.805,0.195,1350.0397997739778,19.05764563910815,2,0.0
5,0.0,0.76,0.24,1442.821464674202,22.757673070004028,2,0.0
6,0.0,0.72,0.28,1536.0753290869202,26.28748659497974,2,0.0
7,0.0,0.69,0.31,1611.1465187460676,29.009470535780686,2,0.0
8,0.0,0.645,0.355,1711.1301641814757,32.49980348077946,2,0.0
9,0.0,0.6,0.4,1823.414114671792,36.64216278021419,2,0.0
10,0.0,0.58,0.42,1847.1216941009777,37.6798985705703,2,0.0
11,0.0,0.54,0.46,1896.8449874986634,40.181068762704754,2,0.0
12,0.0,0.51,0.49,1933.3134886009855,42.46954037585115,2,0.0
13,0.0,0.475,0.525,1965.9832893668583,45.22482570525095,2,0.0
14,0.0,0.45,0.55,1983.7151585163026,47.504276704514325,2,0.0
15,0.0,0.435,0.565,1988.0945285803589,48.31793801031113,2,0.0
16,0.0,0.415,0.585,1993.7957935596828,52.35858516567047,2,0.0
17,0.0,0.41,0.59,1991.7919699124748,53.20498610632138,2,0.0
18,0.0,0.385,0.615,1976.0982110587559,56.2216572161105,2,0.0
19,0.0,0.345,0.655,1949.2556998804685,58.99163497393633,2,0.0
20,0.0,0.32,0.68,1930.1001589186167,60.49039331393396,2,0.0
21,0.0,0.31,0.69,1918.746925153695,61.26608491802163,2,0.0
22,0.0,0.305,0.695,1913.4833734941712,61.607179570838966,2,0.0
23,0.0,0.285,0.715,1892.3614770707582,62.88677037715636,2,0.0
24,0.0,0.265,0.735,1881.4176470640323,63.4975981486257,2,0.0
25,0.0,0.25,0.75,1865.112332196558,64.36187617302045,2,0.0
26,0.0,0.235,0.765,1818.7192614577157,66.57751975097828,2,0.0
27,0.0,0.215,0.785,1786.2428648128105,67.95319624339177,2,0.0
28,0.0,0.21,0.79,1777.6283268508548,68.30311457577344,2,0.0
29,0.0,0.195,0.805,1755.2177324199545,69.18330649948774,2,0.0
30,0.0,0.185,0.815,1738.6738508833494,69.79993433961707,2,0.0
31,0.0,0.17,0.83,1719.7260976565042,70.4903202029613,2,0.0
32,0.0,0.155,0.845,1689.5550538542536,71.54346751161282,2,0.0
33,0.0,0.155,0.845,1689.5550538542536,71.54346751161282,2,0.0
34,0.0,0.155,0.845,1689.5550538542536,71.54346751161282,2,0.0
35,0.0,0.15,0.85,1681.2662235825424,71.82249809855139,2,0.0
36,0.0,0.14,0.86,1657.9072749950715,72.59370686961286,2,0.0
37,0.0,0.13,0.87,1644.7639517363878,73.01816508558102,2,0.0
38,0.0,0.115,0.885,1602.4505892114987,74.33390086665415,2,0.0
39,0.0,0.11,0.89,1582.7372548782785,74.92778547853979,2,0.0
40,0.0,0.105,0.895,1568.5208961473022,75.3431099870727,2,0.0
41,0.0,0.09,0.91,1552.3467938005658,75.80977889054816,2,0.0
42,0.0,0.09,0.91,1552.3467938005658,75.80977889054816,2,0.0
43,0.0,0.085,0.915,1544.2355069340497,76.04176484288246,2,0.0
44,0.0,0.08,0.92,1534.6105472670747,76.31218312861233,2,0.0
45,0.0,0.075,0.925,1525.9158881325372,76.55503982572327,2,0.0
46,0.0,0.075,0.925,1525.9158881325372,76.55503982572327,2,0.0
47,0.0,0.07,0.93,1503.9893887318885,77.16355472349431,2,0.0
48,0.0,0.065,0.935,1483.3540308483575,77.72550789000569,2,0.0
49,0.0,0.055,0.945,1458.843957399939,78.37720732104806,2,0.0
50,0.0,0.055,0.945,1458.843957399939,78.37720732104806,2,0.0
51,0.0,0.055,0.945,1458.843957399939,78.37720732104806,2,0.0
52,0.0,0.055,0.945,1458.843957399939,78.37720732104806,2,0.0
53,0.0,0.05,0.95,1449.3703667199638,78.62646159004953,2,0.0
54,0.0,0.045,0.955,1434.5970015119656,79.01129483074224,2,0.0
55,0.0,0.045,0.955,1434.5970015119656,79.01129483074224,2,0.0
56,0.0,0.04,0.96,1430.1668507969239,79.12472777136978,2,0.0
57,0.0,0.025,0.975,1412.49935239646,79.57318722956035,2,0.0
58,0.0,0.02,0.98,1400.1477998052737,79.88221522854984,2,0.0
59,0.0,0.02,0.98,1400.1477998052737,79.88221522854984,2,0.0
60,0.0,0.02,0.98,1400.1477998052737,79.88221522854984,2,0.0
61,0.0,0.02,0.98,1400.1477998052737,79.88221522854984,2,0.0
62,0.0,0.02,0.98,1400.1477998052737,79.88221522854984,2,0.0
0,0.0,1.0,0.0,1144.567994924898,0.0,2,0.5
1,0.0,0.95,0.05,1058.5051775217546,5.07661537266932,2,0.5
2,0.0,0.905,0.095,1156.9780954937905,10.64649021368391,2,0.5
3,0.0,0.855,0.145,1271.437513515263,15.771004574808673,2,0.5
4,0.0,0.805,0.195,1350.0397997739778,19.05764563910815,2,0.5
5,0.0,0.76,0.24,1442.821464674202,22.757673070004028,2,0.5
6,0.0,0.72,0.28,1536.0753290869202,26.28748659497974,2,0.5
7,0.0,0.69,0.31,1611.1465187460676,29.009470535780686,2,0.5
8,0.0,0.645,0.355,1711.1301641814757,32.49980348077946,2,0.5
9,0.0,0.6,0.4,1823.414114671792,36.64216278021419,2,0.5
10,0.0,0.58,0.42,1847.1216941009777,37.6798985705703,2,0.5
11,0.0,0.54,0.46,1896.8449874986634,40.181068762704754,2,0.5
12,0.0,0.51,0.49,1933.3134886009855,42.46954037585115,2,0.5
13,0.0,0.475,0.525,1965.9832893668583,45.22482570525095,2,0.5
14,0.0,0.45,0.55,1983.7151585163026,47.504276704514325,2,0.5
15,0.0,0.435,0.565,1988.0945285803589,48.31793801031113,2,0.5
16,0.0,0.415,0.585,1993.7957935596828,52.35858516567047,2,0.5
17,0.0,0.41,0.59,1991.7919699124748,53.20498610632138,2,0.5
18,0.0,0.385,0.615,1976.0982110587559,56.2216572161105,2,0.5
19,0.0,0.345,0.655,1949.2556998804685,58.99163497393633,2,0.5
20,0.0,0.32,0.68,1930.1001589186167,60.49039331393396,2,0.5
21,0.0,0.31,0.69,1918.746925153695,61.26608491802163,2,0.5
22,0.0,0.305,0.695,1913.4833734941712,61.607179570838966,2,0.5
23,0.0,0.285,0.715,1892.3614770707582,62.88677037715636,2,0.5
24,0.0,0.265,0.735,1881.4176470640323,63.4975981486257,2,0.5
25,0.0,0.25,0.75,1865.112332196558,64.36187617302045,2,0.5
26,0.0,0.235,0.765,1818.7192614577157,66.57751975097828,2,0.5
27,0.0,0.215,0.785,1786.2428648128105,67.95319624339177,2,0.5
28,0.0,0.21,0.79,1777.6283268508548,68.30311457577344,2,0.5
29,0.0,0.195,0.805,1755.2177324199545,69.18330649948774,2,0.5
30,0.0,0.185,0.815,1738.6738508833494,69.79993433961707,2,0.5
31,0.0,0.17,0.83,1719.7260976565042,70.4903202029613,2,0.5
32,0.0,0.155,0.845,1689.5550538542536,71.54346751161282,2,0.5
33,0.0,0.155,0.845,1689.5550538542536,71.54346751161282,2,0.5
34,0.0,0.155,0.845,1689.5550538542536,71.54346751161282,2,0.5
35,0.0,0.15,0.85,1681.2662235825424,71.82249809855139,2,0.5
36,0.0,0.14,0.86,1657.9072749950715,72.59370686961286,2,0.5
37,0.0,0.13,0.87,1644.7639517363878,73.01816508558102,2,0.5
38,0.0,0.115,0.885,1602.4505892114987,74.33390086665415,2,0.5
39,0.0,0.11,0.89,1582.7372548782785,74.92778547853979,2,0.5
40,0.0,0.105,0.895,1568.5208961473022,75.3431099870727,2,0.5
41,0.0,0.09,0.91,1552.3467938005658,75.80977889054816,2,0.5
42,0.0,0.09,0.91,1552.3467938005658,75.80977889054816,2,0.5
43,0.0,0.085,0.915,1544.2355069340497,76.04176484288246,2,0.5
44,0.0,0.08,0.92,1534.6105472670747,76.31218312861233,2,0.5
45,0.0,0.075,0.925,1525.9158881325372,76.55503982572327,2,0.5
46,0.0,0.075,0.925,1525.9158881325372,76.55503982572327,2,0.5
47,0.0,0.07,0.93,1503.9893887318885,77.16355472349431,2,0.5
48,0.0,0.065,0.935,1483.3540308483575,77.72550789000569,2,0.5
49,0.0,0.055,0.945,1458.843957399939,78.37720732104806,2,0.5
50,0.0,0.055,0.945,1458.843957399939,78.37720732104806,2,0.5
51,0.0,0.055,0.945,1458.843957399939,78.37720732104806,2,0.5
52,0.0,0.055,0.945,1458.843957399939,78.37720732104806,2,0.5
53,0.0,0.05,0.95,1449.3703667199638,78.62646159004953,2,0.5
54,0.0,0.045,0.955,1434.5970015119656,79.01129483074224,2,0.5
55,0.0,0.045,0.955,1434.5970015119656,79.01129483074224,2,0.5
56,0.0,0.04,0.96,1430.1668507969239,79.12472777136978,2,0.5
57,0.0,0.025,0.975,1412.49935239646,79.57318722956035,2,0.5
58,0.0,0.02,0.98,1400.1477998052737,79.88221522854984,2,0.5
59,0.0,0.02,0.98,1400.1477998052737,79.88221522854984,2,0.5
60,0.0,0.02,0.98,1400.1477998052737,79.88221522854984,2,0.5
61,0.0,0.02,0.98,1400.1477998052737,79.88221522854984,2,0.5
62,0.0,0.02,0.98,1400.1477998052737,79.88221522854984,2,0.5
0,0.0,1.0,0.0,1144.567994924898,0.0,2,1.0
1,0.0,0.95,0.05,1058.5051775217546,5.07661537266932,2,1.0
2,0.0,0.905,0.095,1156.9780954937905,10.64649021368391,2,1.0
3,0.0,0.855,0.145,1271.437513515263,15.771004574808673,2,1.0
4,0.0,0.805,0.195,1350.0397997739778,19.05764563910815,2,1.0
5,0.0,0.76,0.24,1442.821464674202,22.757673070004028,2,1.0
6,0.0,0.72,0.28,1536.0753290869202,26.28748659497974,2,1.0
7,0.0,0.69,0.31,1611.1465187460676,29.009470535780686,2,1.0
8,0.0,0.645,0.355,1711.1301641814757,32.49980348077946,2,1.0
9,0.0,0.645,0.355,1711.1301641814757,32.49980348077946,2,1.0
10,0.0,0.645,0.355,1711.1301641814757,32.49980348077946,2,1.0
11,0.0,0.645,0.355,1711.1301641814757,32.49980348077946,2,1.0
12,0.0,0.645,0.355,1711.1301641814757,32.49980348077946,2,1.0
0,0.0,1.0,0.0,1144.567994924898,0.0,2,1.5
1,0.0,0.95,0.05,1058.5051775217546,5.07661537266932,2,1.5
2,0.0,0.905,0.095,1156.9780954937905,10.64649021368391,2,1.5
3,0.0,0.855,0.145,1271.437513515263,15.771004574808673,2,1.5
4,0.0,0.805,0.195,1350.0397997739778,19.05764563910815,2,1.5
5,0.0,0.76,0.24,1442.821464674202,22.757673070004028,2,1.5
6,0.0,0.72,0.28,1536.0753290869202,26.28748659497974,2,1.5
7,0.0,0.69,0.31,1611.1465187460676,29.009470535780686,2,1.5
8,0.0,0.645,0.355,1711.1301641814757,32.49980348077946,2,1.5
9,0.0,0.65,0.35,1708.5389688269788,32.41191440830306,2,1.5
10,0.0,0.68,0.32,1641.6663695379918,30.098393756976506,2,1.5
11,0.0,0.64,0.36,1717.3121676268966,32.71238709950925,2,1.5
12,0.0,0.655,0.345,1704.440352806717,32.27385347113937,2,1.5
13,0.0,0.66,0.34,1695.301316717632,31.96064801341042,2,1.5
14,0.0,0.675,0.325,1660.5788378206273,30.76147533619721,2,1.5
15,0.0,0.655,0.345,1692.1416727009841,31.851859696339222,2,1.5
16,0.0,0.675,0.325,1627.6083036064374,29.61024789872966,2,1.5
17,0.0,0.65,0.35,1683.5515997372322,31.56468436497009,2,1.5
18,0.0,0.665,0.335,1649.1027409007834,30.368837277162342,2,1.5
19,0.0,0.67,0.33,1639.4312873700667,30.02851943885266,2,1.5
20,0.0,0.635,0.365,1707.1925204412987,32.3726437516953,2,1.5
21,0.0,0.655,0.345,1655.8406994096015,30.597226967769423,2,1.5
22,0.0,0.67,0.33,1593.1096382595333,28.379464724163903,2,1.5
23,0.0,0.635,0.365,1650.4338839241784,30.41553863334948,2,1.5
24,0.0,0.6,0.4,1703.9160793079038,32.26350306389416,2,1.5
25,0.0,0.62,0.38,1675.824107217092,31.300984113238613,2,1.5
26,0.0,0.635,0.365,1602.6844263531189,28.722296878943276,2,1.5
27,0.0,0.605,0.395,1681.3730196597423,31.488706439889313,2,1.5
28,0.0,0.625,0.375,1640.7177385428645,30.071435646114757,2,1.5
29,0.0,0.605,0.395,1675.2756208911264,31.272323803156365,2,1.5
30,0.0,0.635,0.365,1578.0860919663335,27.83986119149245,2,1.5
31,0.0,0.595,0.405,1645.5459714187048,30.24245240514138,2,1.5
32,0.0,0.615,0.385,1608.1653307811166,28.92192212648343,2,1.5
33,0.0,0.595,0.405,1649.2075123571,30.3747205379043,2,1.5
34,0.0,0.58,0.42,1670.2233717283825,31.107187261013006,2,1.5
35,0.0,0.555,0.445,1721.60647882067,32.86994137723556,2,1.5
36,0.0,0.575,0.425,1690.2899932770877,31.8034175450456,2,1.5
37,0.0,0.59,0.41,1677.3424931736863,31.35756755695292,2,1.5
38,0.0,0.615,0.385,1633.982952349288,29.847304771135928,2,1.5
39,0.0,0.635,0.365,1601.3865627282337,28.687174212275128,2,1.5
40,0.0,0.6,0.4,1681.975879733367,31.51820136317062,2,1.5
41,0.0,0.575,0.425,1727.8969388340286,33.08068745572788,2,1.5
42,0.0,0.595,0.405,1674.6344728582333,31.260352337267335,2,1.5
43,0.0,0.6,0.4,1668.4561199281281,31.045679528035972,2,1.5
44,0.0,0.585,0.415,1704.8596775091512,32.29740232108935,2,1.5
45,0.0,0.595,0.405,1693.729843503507,31.918156715480357,2,1.5
46,0.0,0.61,0.39,1659.9527578723491,30.752164426179252,2,1.5
47,0.0,0.62,0.38,1628.9897583140023,29.661253914415756,2,1.5
48,0.0,0.58,0.42,1712.3278088874877,32.55010927917094,2,1.5
49,0.0,0.595,0.405,1697.8785782258274,32.05600341311296,2,1.5
50,0.0,0.605,0.395,1683.1334056796293,31.54833319687443,2,1.5
51,0.0,0.63,0.37,1627.8423545832159,29.616852158323262,2,1.5
52,0.0,0.635,0.365,1625.4373097201699,29.531880911549784,2,1.5
53,0.0,0.605,0.395,1693.9334678524906,31.918647452800023,2,1.5
54,0.0,0.625,0.375,1651.5815770090976,30.452958236055036,2,1.5
55,0.0,0.59,0.41,1710.1448161563276,32.47309250321536,2,1.5
56,0.0,0.58,0.42,1721.4626573142311,32.85804222899822,2,1.5
57,0.0,0.595,0.405,1693.6444578396167,31.907931625718096,2,1.5
58,0.0,0.61,0.39,1663.7244380563066,30.872617458905403,2,1.5
59,0.0,0.625,0.375,1637.9497550075819,29.971166808252452,2,1.5
60,0.0,0.635,0.365,1619.172876681951,29.306077307108886,2,1.5
61,0.0,0.605,0.395,1710.4737909910311,32.476628862085505,2,1.5
62,0.0,0.625,0.375,1679.5788949368423,31.417003125017132,2,1.5
63,0.0,0.645,0.355,1622.7194745339473,29.427748208940116,2,1.5
64,0.0,0.61,0.39,1680.682633466833,31.455543584345005,2,1.5
65,0.0,0.62,0.38,1662.5641017451435,30.82590746541647,2,1.5
66,0.0,0.59,0.41,1729.0875225364057,33.105461720104344,2,1.5
67,0.0,0.6,0.4,1694.8923806996572,31.94664177398146,2,1.5
68,0.0,0.63,0.37,1650.6796669159824,30.41613032929446,2,1.5
69,0.0,0.635,0.365,1640.4920748874526,30.05771253677255,2,1.5
70,0.0,0.645,0.355,1585.4428348790993,28.101335895713962,2,1.5
71,0.0,0.62,0.38,1644.339082080555,30.198312132662032,2,1.5
72,0.0,0.63,0.37,1622.295232031672,29.422267487948126,2,1.5
73,0.0,0.595,0.405,1697.5981874373601,32.04135291106058,2,1.5
74,0.0,0.62,0.38,1607.6888502723214,28.90594739147363,2,1.5
75,0.0,0.65,0.35,1547.89068802722,26.738421586091594,2,1.5
76,0.0,0.62,0.38,1598.0447313063287,28.55848516848045,2,1.5
77,0.0,0.59,0.41,1667.8696797808448,31.02522998340854,2,1.5
78,0.0,0.6,0.4,1653.7156360112772,30.532759068137008,2,1.5
79,0.0,0.57,0.43,1728.0652458777456,33.08403730550545,2,1.5
80,0.0,0.585,0.415,1689.0839340129764,31.755021359957418,2,1.5
81,0.0,0.605,0.395,1651.0541870119591,30.43670416135774,2,1.5
82,0.0,0.58,0.42,1725.8121926340568,33.01030787619855,2,1.5
83,0.0,0.605,0.395,1668.8069690102525,31.058643287644536,2,1.5
84,0.0,0.575,0.425,1707.5818951866354,32.390785212668675,2,1.5
85,0.0,0.595,0.405,1675.445049446696,31.289146844203223,2,1.5
86,0.0,0.625,0.375,1617.3304068581315,29.252806809979333,2,1.5
87,0.0,0.6,0.4,1669.6578723284351,31.088661808751283,2,1.5
88,0.0,0.62,0.38,1629.2082220053378,29.667581840013263,2,1.5
89,0.0,0.59,0.41,1709.8373452238538,32.45924213274402,2,1.5
90,0.0,0.595,0.405,1706.7364310128964,32.35346161357831,2,1.5
91,0.0,0.62,0.38,1662.5932696826746,30.831689901362434,2,1.5
92,0.0,0.63,0.37,1636.5628674050947,29.919204595648672,2,1.5
93,0.0,0.595,0.405,1695.9898821531526,31.98271311697565,2,1.5
94,0.0,0.61,0.39,1666.1045527267943,30.95213383214284,2,1.5
95,0.0,0.565,0.435,1728.5283994372421,33.0860654141474,2,1.5
96,0.0,0.58,0.42,1714.7117087969393,32.61821075749798,2,1.5
97,0.0,0.595,0.405,1686.9001490744458,31.66872016417535,2,1.5
98,0.0,0.61,0.39,1673.2346555298238,31.19843792216655,2,1.5
99,0.0,0.625,0.375,1648.7284630152594,30.34511877423103,2,1.5
100,0.0,0.595,0.405,1691.0104206311842,31.80898020338294,2,1.5
0,0.0,1.0,0.0,1144.567994924898,0.0,2,2.0
1,0.0,0.95,0.05,1058.5051775217546,5.07661537266932,2,2.0
2,0.0,0.905,0.095,1156.9780954937905,10.64649021368391,2,2.0
3,0.0,0.855,0.145,1271.437513515263,15.771004574808673,2,2.0
4,0.0,0.805,0.195,1350.0397997739778,19.05764563910815,2,2.0
5,0.0,0.76,0.24,1442.821464674202,22.757673070004028,2,2.0
6,0.0,0.72,0.28,1536.0753290869202,26.28748659497974,2,2.0
7,0.0,0.69,0.31,1611.1465187460676,29.009470535780686,2,2.0
8,0.0,0.645,0.355,1711.1301641814757,32.49980348077946,2,2.0
9,0.0,0.65,0.35,1708.5389688269788,32.41191440830306,2,2.0
10,0.0,0.68,0.32,1641.6663695379918,30.098393756976506,2,2.0
11,0.0,0.64,0.36,1717.3121676268966,32.71238709950925,2,2.0
12,0.0,0.655,0.345,1704.440352806717,32.27385347113937,2,2.0
13,0.0,0.66,0.34,1695.301316717632,31.96064801341042,2,2.0
14,0.0,0.675,0.325,1660.5788378206273,30.76147533619721,2,2.0
15,0.0,0.655,0.345,1692.1416727009841,31.851859696339222,2,2.0
16,0.0,0.675,0.325,1627.6083036064374,29.61024789872966,2,2.0
17,0.0,0.65,0.35,1683.5515997372322,31.56468436497009,2,2.0
18,0.0,0.665,0.335,1649.1027409007834,30.368837277162342,2,2.0
19,0.0,0.67,0.33,1639.4312873700667,30.02851943885266,2,2.0
20,0.0,0.635,0.365,1707.1925204412987,32.3726437516953,2,2.0
21,0.0,0.655,0.345,1655.8406994096015,30.597226967769423,2,2.0
22,0.0,0.67,0.33,1593.1096382595333,28.379464724163903,2,2.0
23,0.0,0.635,0.365,1650.4338839241784,30.41553863334948,2,2.0
24,0.0,0.6,0.4,1703.9160793079038,32.26350306389416,2,2.0
25,0.0,0.62,0.38,1675.824107217092,31.300984113238613,2,2.0
26,0.0,0.635,0.365,1602.6844263531189,28.722296878943276,2,2.0
27,0.0,0.605,0.395,1681.3730196597423,31.488706439889313,2,2.0
28,0.0,0.625,0.375,1640.7177385428645,30.071435646114757,2,2.0
29,0.0,0.605,0.395,1675.2756208911264,31.272323803156365,2,2.0
30,0.0,0.635,0.365,1578.0860919663335,27.83986119149245,2,2.0
31,0.0,0.595,0.405,1645.5459714187048,30.24245240514138,2,2.0
32,0.0,0.615,0.385,1608.1653307811166,28.92192212648343,2,2.0
33,0.0,0.595,0.405,1649.2075123571,30.3747205379043,2,2.0
34,0.0,0.58,0.42,1670.2233717283825,31.107187261013006,2,2.0
35,0.0,0.555,0.445,1721.60647882067,32.86994137723556,2,2.0
36,0.0,0.575,0.425,1690.2899932770877,31.8034175450456,2,2.0
37,0.0,0.59,0.41,1677.3424931736863,31.35756755695292,2,2.0
38,0.0,0.615,0.385,1633.982952349288,29.847304771135928,2,2.0
39,0.0,0.635,0.365,1601.3865627282337,28.687174212275128,2,2.0
40,0.0,0.6,0.4,1681.975879733367,31.51820136317062,2,2.0
41,0.0,0.575,0.425,1727.8969388340286,33.08068745572788,2,2.0
42,0.0,0.595,0.405,1674.6344728582333,31.260352337267335,2,2.0
43,0.0,0.6,0.4,1668.4561199281281,31.045679528035972,2,2.0
44,0.0,0.585,0.415,1704.8596775091512,32.29740232108935,2,2.0
45,0.0,0.595,0.405,1693.729843503507,31.918156715480357,2,2.0
46,0.0,0.61,0.39,1659.9527578723491,30.752164426179252,2,2.0
47,0.0,0.62,0.38,1628.9897583140023,29.661253914415756,2,2.0
48,0.0,0.58,0.42,1712.3278088874877,32.55010927917094,2,2.0
49,0.0,0.595,0.405,1697.8785782258274,32.05600341311296,2,2.0
50,0.0,0.605,0.395,1683.1334056796293,31.54833319687443,2,2.0
51,0.0,0.63,0.37,1627.8423545832159,29.616852158323262,2,2.0
52,0.0,0.635,0.365,1625.4373097201699,29.531880911549784,2,2.0
53,0.0,0.605,0.395,1693.9334678524906,31.918647452800023,2,2.0
54,0.0,0.625,0.375,1651.5815770090976,30.452958236055036,2,2.0
55,0.0,0.59,0.41,1710.1448161563276,32.47309250321536,2,2.0
56,0.0,0.58,0.42,1721.4626573142311,32.85804222899822,2,2.0
57,0.0,0.595,0.405,1693.6444578396167,31.907931625718096,2,2.0
58,0.0,0.61,0.39,1663.7244380563066,30.872617458905403,2,2.0
59,0.0,0.625,0.375,1637.9497550075819,29.971166808252452,2,2.0
60,0.0,0.635,0.365,1619.172876681951,29.306077307108886,2,2.0
61,0.0,0.605,0.395,1710.4737909910311,32.476628862085505,2,2.0
62,0.0,0.625,0.375,1679.5788949368423,31.417003125017132,2,2.0
63,0.0,0.645,0.355,1622.7194745339473,29.427748208940116,2,2.0
64,0.0,0.61,0.39,1680.682633466833,31.455543584345005,2,2.0
65,0.0,0.62,0.38,1662.5641017451435,30.82590746541647,2,2.0
66,0.0,0.59,0.41,1729.0875225364057,33.105461720104344,2,2.0
67,0.0,0.6,0.4,1694.8923806996572,31.94664177398146,2,2.0
68,0.0,0.63,0.37,1650.6796669159824,30.41613032929446,2,2.0
69,0.0,0.635,0.365,1640.4920748874526,30.05771253677255,2,2.0
70,0.0,0.645,0.355,1585.4428348790993,28.101335895713962,2,2.0
71,0.0,0.62,0.38,1644.339082080555,30.198312132662032,2,2.0
72,0.0,0.63,0.37,1622.295232031672,29.422267487948126,2,2.0
73,0.0,0.595,0.405,1697.5981874373601,32.04135291106058,2,2.0
74,0.0,0.62,0.38,1607.6888502723214,28.90594739147363,2,2.0
75,0.0,0.65,0.35,1547.89068802722,26.738421586091594,2,2.0
76,0.0,0.62,0.38,1598.0447313063287,28.55848516848045,2,2.0
77,0.0,0.59,0.41,1667.8696797808448,31.02522998340854,2,2.0
78,0.0,0.6,0.4,1653.7156360112772,30.532759068137008,2,2.0
79,0.0,0.57,0.43,1728.0652458777456,33.08403730550545,2,2.0
80,0.0,0.585,0.415,1689.0839340129764,31.755021359957418,2,2.0
81,0.0,0.605,0.395,1651.0541870119591,30.43670416135774,2,2.0
82,0.0,0.58,0.42,1725.8121926340568,33.01030787619855,2,2.0
83,0.0,0.605,0.395,1668.8069690102525,31.058643287644536,2,2.0
84,0.0,0.575,0.425,1707.5818951866354,32.390785212668675,2,2.0
85,0.0,0.595,0.405,1675.445049446696,31.289146844203223,2,2.0
86,0.0,0.625,0.375,1617.3304068581315,29.252806809979333,2,2.0
87,0.0,0.6,0.4,1669.6578723284351,31.088661808751283,2,2.0
88,0.0,0.62,0.38,1629.2082220053378,29.667581840013263,2,2.0
89,0.0,0.59,0.41,1709.8373452238538,32.45924213274402,2,2.0
90,0.0,0.595,0.405,1706.7364310128964,32.35346161357831,2,2.0
91,0.0,0.62,0.38,1662.5932696826746,30.831689901362434,2,2.0
92,0.0,0.63,0.37,1636.5628674050947,29.919204595648672,2,2.0
93,0.0,0.595,0.405,1695.9898821531526,31.98271311697565,2,2.0
94,0.0,0.61,0.39,1666.1045527267943,30.95213383214284,2,2.0
95,0.0,0.565,0.435,1728.5283994372421,33.0860654141474,2,2.0
96,0.0,0.58,0.42,1714.7117087969393,32.61821075749798,2,2.0
97,0.0,0.595,0.405,1686.9001490744458,31.66872016417535,2,2.0
98,0.0,0.61,0.39,1673.2346555298238,31.19843792216655,2,2.0
99,0.0,0.625,0.375,1648.7284630152594,30.34511877423103,2,2.0
100,0.0,0.595,0.405,1691.0104206311842,31.80898020338294,2,2.0
0,0.0,1.0,0.0,1018.3435580856587,0.0,5,0.0
1,0.0,0.95,0.05,964.57988706224,7.367312475782626,5,0.0
2,0.0,0.905,0.095,1019.818478879326,10.147484568269693,5,0.0
3,0.0,0.86,0.14,1122.0599783442476,14.716200193335723,5,0.0
4,0.0,0.815,0.185,1222.308463883064,18.882975887412876,5,0.0
5,0.0,0.77,0.23,1339.9027768674655,23.459036284992223,5,0.0
6,0.0,0.735,0.265,1449.1302761016402,27.460937878471345,5,0.0
7,0.0,0.69,0.31,1561.3625437989567,31.7558526832384,5,0.0
8,0.0,0.655,0.345,1599.050714768433,33.53745667025156,5,0.0
9,0.0,0.63,0.37,1625.9366804139681,34.98932784122857,5,0.0
10,0.0,0.585,0.415,1674.2374021579876,38.29295521680346,5,0.0
11,0.0,0.56,0.44,1693.833982001889,40.19113289081744,5,0.0
12,0.0,0.53,0.47,1707.7566531688012,42.09674645912213,5,0.0
13,0.0,0.505,0.495,1713.2515527518492,43.23446638881819,5,0.0
14,0.0,0.475,0.525,1717.5659517538238,46.33341402577751,5,0.0
15,0.0,0.455,0.545,1715.9183040261823,47.34274939948181,5,0.0
16,0.0,0.43,0.57,1709.1622106311288,49.05942204832512,5,0.0
17,0.0,0.405,0.595,1684.0361585989244,52.329745947779614,5,0.0
18,0.0,0.38,0.62,1668.6988090962539,53.694254429168346,5,0.0
19,0.0,0.35,0.65,1632.830051130115,56.25005377797764,5,0.0
20,0.0,0.315,0.685,1573.7449920318475,59.47708899160443,5,0.0
21,0.0,0.3,0.7,1546.7224383339947,60.73209575086959,5,0.0
22,0.0,0.3,0.7,1546.7224383339947,60.73209575086959,5,0.0
23,0.0,0.295,0.705,1545.1362320866458,60.802259112616156,5,0.0
24,0.0,0.27,0.73,1483.0180112993817,63.34934706413836,5,0.0
25,0.0,0.26,0.74,1474.536705759898,63.67100931819594,5,0.0
26,0.0,0.235,0.765,1437.0228574587543,65.02821120511459,5,0.0
27,0.0,0.215,0.785,1367.6168759475208,67.34899434809887,5,0.0
28,0.0,0.21,0.79,1350.6366619570254,67.87781683044022,5,0.0
29,0.0,0.205,0.795,1312.6900680815513,69.03042789376917,5,0.0
30,0.0,0.2,0.8,1308.5149221089189,69.15425949955551,5,0.0
31,0.0,0.195,0.805,1301.3658031915093,69.36341844503637,5,0.0
32,0.0,0.185,0.815,1272.5267801547843,70.19568863798253,5,0.0
33,0.0,0.18,0.82,1268.8343981676542,70.30061340637188,5,0.0
34,0.0,0.17,0.83,1234.22901278391,71.26262917689417,5,0.0
35,0.0,0.165,0.835,1222.5713819485227,71.5801439914533,5,0.0
36,0.0,0.155,0.845,1209.020801376203,71.94435247140642,5,0.0
37,0.0,0.15,0.85,1169.9852044992504,72.96339418600935,5,0.0
38,0.0,0.145,0.855,1161.1853869486563,73.18825760749084,5,0.0
39,0.0,0.14,0.86,1154.7190701045329,73.35327713684532,5,0.0
40,0.0,0.13,0.87,1129.1561303619355,73.99735672022888,5,0.0
41,0.0,0.125,0.875,1113.932707979774,74.37337374757186,5,0.0
42,0.0,0.125,0.875,1113.932707979774,74.37337374757186,5,0.0
43,0.0,0.1,0.9,1067.0550796477332,75.50629382654353,5,0.0
44,0.0,0.1,0.9,1067.0550796477332,75.50629382654353,5,0.0
45,0.0,0.1,0.9,1067.0550796477332,75.50629382654353,5,0.0
46,0.0,0.1,0.9,1067.0550796477332,75.50629382654353,5,0.0
47,0.0,0.09,0.91,1034.3941380032838,76.27215527945381,5,0.0
48,0.0,0.09,0.91,1034.3941380032838,76.27215527945381,5,0.0
49,0.0,0.085,0.915,1021.8502480297702,76.56212720236879,5,0.0
50,0.0,0.08,0.92,1011.2211562399698,76.80846912993913,5,0.0
51,0.0,0.07,0.93,994.8387756952548,77.18438543123555,5,0.0
52,0.0,0.06,0.94,969.4849174538481,77.75775917031439,5,0.0
53,0.0,0.06,0.94,969.4849174538481,77.75775917031439,5,0.0
54,0.0,0.06,0.94,969.4849174538481,77.75775917031439,5,0.0
55,0.0,0.06,0.94,969.4849174538481,77.75775917031439,5,0.0
56,0.0,0.06,0.94,969.4849174538481,77.75775917031439,5,0.0
0,0.0,1.0,0.0,1018.3435580856587,0.0,5,0.5
1,0.0,0.95,0.05,964.57988706224,7.367312475782626,5,0.5
2,0.0,0.905,0.095,1019.818478879326,10.147484568269693,5,0.5
3,0.0,0.86,0.14,1122.0599783442476,14.716200193335723,5,0.5
4,0.0,0.815,0.185,1222.308463883064,18.882975887412876,5,0.5
5,0.0,0.77,0.23,1339.9027768674655,23.459036284992223,5,0.5
6,0.0,0.735,0.265,1449.1302761016402,27.460937878471345,5,0.5
7,0.0,0.69,0.31,1561.3625437989567,31.7558526832384,5,0.5
8,0.0,0.655,0.345,1599.050714768433,33.53745667025156,5,0.5
9,0.0,0.63,0.37,1625.9366804139681,34.98932784122857,5,0.5
10,0.0,0.585,0.415,1674.2374021579876,38.29295521680346,5,0.5
11,0.0,0.56,0.44,1693.833982001889,40.19113289081744,5,0.5
12,0.0,0.53,0.47,1707.7566531688012,42.09674645912213,5,0.5
13,0.0,0.505,0.495,1713.2515527518492,43.23446638881819,5,0.5
14,0.0,0.475,0.525,1717.5659517538238,46.33341402577751,5,0.5
15,0.0,0.455,0.545,1715.9183040261823,47.34274939948181,5,0.5
16,0.0,0.43,0.57,1709.1622106311288,49.05942204832512,5,0.5
17,0.0,0.405,0.595,1684.0361585989244,52.329745947779614,5,0.5
18,0.0,0.38,0.62,1668.6988090962539,53.694254429168346,5,0.5
19,0.0,0.35,0.65,1632.830051130115,56.25005377797764,5,0.5
20,0.0,0.315,0.685,1573.7449920318475,59.47708899160443,5,0.5
21,0.0,0.3,0.7,1546.7224383339947,60.73209575086959,5,0.5
22,0.0,0.3,0.7,1546.7224383339947,60.73209575086959,5,0.5
23,0.0,0.295,0.705,1545.1362320866458,60.802259112616156,5,0.5
24,0.0,0.27,0.73,1483.0180112993817,63.34934706413836,5,0.5
25,0.0,0.26,0.74,1474.536705759898,63.67100931819594,5,0.5
26,0.0,0.235,0.765,1437.0228574587543,65.02821120511459,5,0.5
27,0.0,0.215,0.785,1367.6168759475208,67.34899434809887,5,0.5
28,0.0,0.21,0.79,1350.6366619570254,67.87781683044022,5,0.5
29,0.0,0.205,0.795,1312.6900680815513,69.03042789376917,5,0.5
30,0.0,0.2,0.8,1308.5149221089189,69.15425949955551,5,0.5
31,0.0,0.195,0.805,1301.3658031915093,69.36341844503637,5,0.5
32,0.0,0.185,0.815,1272.5267801547843,70.19568863798253,5,0.5
33,0.0,0.18,0.82,1268.8343981676542,70.30061340637188,5,0.5
34,0.0,0.17,0.83,1234.22901278391,71.26262917689417,5,0.5
35,0.0,0.165,0.835,1222.5713819485227,71.5801439914533,5,0.5
36,0.0,0.155,0.845,1209.020801376203,71.94435247140642,5,0.5
37,0.0,0.15,0.85,1169.9852044992504,72.96339418600935,5,0.5
38,0.0,0.145,0.855,1161.1853869486563,73.18825760749084,5,0.5
39,0.0,0.14,0.86,1154.7190701045329,73.35327713684532,5,0.5
40,0.0,0.13,0.87,1129.1561303619355,73.99735672022888,5,0.5
41,0.0,0.125,0.875,1113.932707979774,74.37337374757186,5,0.5
42,0.0,0.125,0.875,1113.932707979774,74.37337374757186,5,0.5
43,0.0,0.1,0.9,1067.0550796477332,75.50629382654353,5,0.5
44,0.0,0.1,0.9,1067.0550796477332,75.50629382654353,5,0.5
45,0.0,0.1,0.9,1067.0550796477332,75.50629382654353,5,0.5
46,0.0,0.1,0.9,1067.0550796477332,75.50629382654353,5,0.5
47,0.0,0.09,0.91,1034.3941380032838,76.27215527945381,5,0.5
48,0.0,0.09,0.91,1034.3941380032838,76.27215527945381,5,0.5
49,0.0,0.085,0.915,1021.8502480297702,76.56212720236879,5,0.5
50,0.0,0.08,0.92,1011.2211562399698,76.80846912993913,5,0.5
51,0.0,0.07,0.93,994.8387756952548,77.18438543123555,5,0.5
52,0.0,0.06,0.94,969.4849174538481,77.75775917031439,5,0.5
53,0.0,0.06,0.94,969.4849174538481,77.75775917031439,5,0.5
54,0.0,0.06,0.94,969.4849174538481,77.75775917031439,5,0.5
55,0.0,0.06,0.94,969.4849174538481,77.75775917031439,5,0.5
56,0.0,0.06,0.94,969.4849174538481,77.75775917031439,5,0.5
0,0.0,1.0,0.0,1018.3435580856587,0.0,5,1.0
1,0.0,0.95,0.05,964.57988706224,7.367312475782626,5,1.0
2,0.0,0.905,0.095,1019.818478879326,10.147484568269693,5,1.0
3,0.0,0.86,0.14,1122.0599783442476,14.716200193335723,5,1.0
4,0.0,0.815,0.185,1222.308463883064,18.882975887412876,5,1.0
5,0.0,0.77,0.23,1339.9027768674655,23.459036284992223,5,1.0
6,0.0,0.735,0.265,1449.1302761016402,27.460937878471345,5,1.0
7,0.0,0.735,0.265,1449.1302761016402,27.460937878471345,5,1.0
8,0.0,0.735,0.265,1449.1302761016402,27.460937878471345,5,1.0
9,0.0,0.735,0.265,1449.1302761016402,27.460937878471345,5,1.0
10,0.0,0.735,0.265,1449.1302761016402,27.460937878471345,5,1.0
0,0.0,1.0,0.0,1018.3435580856587,0.0,5,1.5
1,0.0,0.95,0.05,964.57988706224,7.367312475782626,5,1.5
2,0.0,0.905,0.095,1019.818478879326,10.147484568269693,5,1.5
3,0.0,0.86,0.14,1122.0599783442476,14.716200193335723,5,1.5
4,0.0,0.815,0.185,1222.308463883064,18.882975887412876,5,1.5
5,0.0,0.77,0.23,1339.9027768674655,23.459036284992223,5,1.5
6,0.0,0.735,0.265,1449.1302761016402,27.460937878471345,5,1.5
7,0.0,0.74,0.26,1440.3354833843657,27.14662673650556,5,1.5
8,0.0,0.755,0.245,1402.6138040262977,25.78522157774715,5,1.5
9,0.0,0.765,0.235,1368.6412875981425,24.53537655766481,5,1.5
10,0.0,0.72,0.28,1465.5942513289876,28.039865215656654,5,1.5
11,0.0,0.73,0.27,1440.60652999973,27.15078248565466,5,1.5
12,0.0,0.74,0.26,1395.95740381413,25.541070905622284,5,1.5
13,0.0,0.695,0.305,1459.5432174683026,27.82849897774006,5,1.5
14,0.0,0.705,0.295,1394.9065995310016,25.502033299688463,5,1.5
15,0.0,0.715,0.285,1373.9409245854326,24.73178812487412,5,1.5
16,0.0,0.73,0.27,1340.0558456581057,23.469185299055287,5,1.5
17,0.0,0.695,0.305,1463.9091568418103,27.985627356870996,5,1.5
18,0.0,0.705,0.295,1457.7805896238458,27.769543692193388,5,1.5
19,0.0,0.715,0.285,1438.289007042892,27.07697106674149,5,1.5
20,0.0,0.73,0.27,1402.3669739721965,25.781070418540885,5,1.5
21,0.0,0.7,0.3,1472.8339123578455,28.299121275467535,5,1.5
22,0.0,0.725,0.275,1402.4125588578263,25.78000840482072,5,1.5
23,0.0,0.745,0.255,1357.3178983140474,24.11475478697043,5,1.5
24,0.0,0.75,0.25,1344.1082443924765,23.6217243735003,5,1.5
25,0.0,0.72,0.28,1413.1744446476273,26.169459585318393,5,1.5
26,0.0,0.735,0.265,1365.5400561374665,24.41642050330332,5,1.5
27,0.0,0.74,0.26,1352.1124655580113,23.916832410673752,5,1.5
28,0.0,0.71,0.29,1438.8255937523215,27.093788880702316,5,1.5
29,0.0,0.72,0.28,1415.6198794030518,26.257613868541064,5,1.5
30,0.0,0.74,0.26,1362.2204520554196,24.30015534534911,5,1.5
31,0.0,0.715,0.285,1409.034573620243,26.023235229447387,5,1.5
32,0.0,0.735,0.265,1341.3685968851983,23.52147245128519,5,1.5
33,0.0,0.7,0.3,1395.640112175907,25.53831368754731,5,1.5
34,0.0,0.72,0.28,1338.7550827392831,23.42596030142675,5,1.5
35,0.0,0.69,0.31,1412.431734509809,26.143761716631268,5,1.5
36,0.0,0.705,0.295,1383.5872226987453,25.087232792319483,5,1.5
37,0.0,0.72,0.28,1347.7071989954766,23.75393811841237,5,1.5
38,0.0,0.69,0.31,1402.6727222179277,25.78912559079405,5,1.5
39,0.0,0.695,0.305,1394.6511735470551,25.497184322835537,5,1.5
40,0.0,0.675,0.325,1469.3900981935612,28.183157864746192,5,1.5
41,0.0,0.7,0.3,1404.6667769034775,25.8641543691499,5,1.5
42,0.0,0.67,0.33,1469.0859743454546,28.1667094035977,5,1.5
43,0.0,0.68,0.32,1442.2601242498458,27.21714135870934,5,1.5
44,0.0,0.71,0.29,1380.0497481884393,24.962016605633707,5,1.5
45,0.0,0.68,0.32,1469.6807930303914,28.194204534106834,5,1.5
46,0.0,0.7,0.3,1419.4189566512064,26.396051915162943,5,1.5
47,0.0,0.725,0.275,1347.8774105894136,23.754206167025238,5,1.5
48,0.0,0.69,0.31,1404.4636499298638,25.84284998525059,5,1.5
49,0.0,0.7,0.3,1381.4035550004837,24.99813473116782,5,1.5
50,0.0,0.705,0.295,1378.095111706991,24.876500196188736,5,1.5
51,0.0,0.665,0.335,1463.3489924528503,27.957223440772424,5,1.5
52,0.0,0.695,0.305,1421.7668343547293,26.471138762205268,5,1.5
53,0.0,0.705,0.295,1401.0034280315983,25.719832242802248,5,1.5
54,0.0,0.71,0.29,1396.7162763089898,25.562904810361836,5,1.5
55,0.0,0.72,0.28,1376.4609730340667,24.8165795753128,5,1.5
56,0.0,0.68,0.32,1458.6106099672554,27.790282655656927,5,1.5
57,0.0,0.7,0.3,1399.7505535113776,25.67708458617187,5,1.5
58,0.0,0.71,0.29,1362.4869038229883,24.305553382001953,5,1.5
59,0.0,0.67,0.33,1430.5352309048874,26.791254530588247,5,1.5
60,0.0,0.695,0.305,1362.4167762939492,24.303460448825376,5,1.5
61,0.0,0.68,0.32,1377.9216840451363,24.87898477277858,5,1.5
62,0.0,0.7,0.3,1342.0196223702528,23.54445534906426,5,1.5
63,0.0,0.7,0.3,1342.0196223702528,23.54445534906426,5,1.5
64,0.0,0.67,0.33,1457.8281747179117,27.772189788138554,5,1.5
65,0.0,0.69,0.31,1433.9361825992419,26.919746269982745,5,1.5
66,0.0,0.72,0.28,1312.606127965811,22.4345431363776,5,1.5
67,0.0,0.695,0.305,1366.5661902316804,24.47152154195996,5,1.5
68,0.0,0.715,0.285,1329.7941719434284,23.09580597493256,5,1.5
69,0.0,0.7,0.3,1415.060644930384,26.255358842610946,5,1.5
70,0.0,0.705,0.295,1400.0708886733842,25.711893352757592,5,1.5
71,0.0,0.675,0.325,1454.95963929639,27.690124740325658,5,1.5
72,0.0,0.69,0.31,1415.8723317345962,26.28944424672491,5,1.5
73,0.0,0.7,0.3,1409.6271018495543,26.063879969478606,5,1.5
74,0.0,0.715,0.285,1392.3312697433928,25.433621707103484,5,1.5
75,0.0,0.695,0.305,1459.3032882940822,27.842327404758393,5,1.5
76,0.0,0.715,0.285,1399.7925917961104,25.70733050429117,5,1.5
77,0.0,0.69,0.31,1466.4605867855153,28.097129673714505,5,1.5
78,0.0,0.7,0.3,1458.950335202017,27.831633677318806,5,1.5
79,0.0,0.71,0.29,1421.36261261719,26.491734920374995,5,1.5
80,0.0,0.72,0.28,1406.7907835206215,25.962320481601832,5,1.5
81,0.0,0.735,0.265,1393.0159816811822,25.458086818466267,5,1.5
82,0.0,0.745,0.255,1370.127572530235,24.614080937044225,5,1.5
83,0.0,0.71,0.29,1417.2679374656525,26.342104947540825,5,1.5
84,0.0,0.72,0.28,1405.134229983807,25.902779191532577,5,1.5
85,0.0,0.735,0.265,1389.883317642918,25.343996966203182,5,1.5
86,0.0,0.71,0.29,1450.8967639716172,27.549798217118262,5,1.5
87,0.0,0.73,0.27,1421.2547596599723,26.488733009371366,5,1.5
88,0.0,0.695,0.305,1454.3393110212996,27.671793495950077,5,1.5
89,0.0,0.725,0.275,1416.277085522666,26.308394843721402,5,1.5
90,0.0,0.745,0.255,1367.9464527877556,24.531473334497157,5,1.5
91,0.0,0.7,0.3,1447.5467471891154,27.42969414736925,5,1.5
92,0.0,0.72,0.28,1399.6976887457702,25.7027095859585,5,1.5
93,0.0,0.725,0.275,1358.5500221068799,24.18794938227469,5,1.5
94,0.0,0.685,0.315,1430.5152825108037,26.823977608873022,5,1.5
95,0.0,0.675,0.325,1454.9997562074586,27.6955949934272,5,1.5
96,0.0,0.7,0.3,1391.4483220225054,25.40179000564405,5,1.5
97,0.0,0.68,0.32,1459.3131386720647,27.84249539649867,5,1.5
98,0.0,0.69,0.31,1437.3271756981521,27.059350339417946,5,1.5
99,0.0,0.705,0.295,1382.0443141440678,25.048939354427393,5,1.5
100,0.0,0.71,0.29,1367.7483293793416,24.518394138161128,5,1.5
0,0.0,1.0,0.0,1018.3435580856587,0.0,5,2.0
1,0.0,0.95,0.05,964.57988706224,7.367312475782626,5,2.0
2,0.0,0.905,0.095,1019.818478879326,10.147484568269693,5,2.0
3,0.0,0.86,0.14,1122.0599783442476,14.716200193335723,5,2.0
4,0.0,0.815,0.185,1222.308463883064,18.882975887412876,5,2.0
5,0.0,0.77,0.23,1339.9027768674655,23.459036284992223,5,2.0
6,0.0,0.735,0.265,1449.1302761016402,27.460937878471345,5,2.0
7,0.0,0.74,0.26,1440.3354833843657,27.14662673650556,5,2.0
8,0.0,0.755,0.245,1402.6138040262977,25.78522157774715,5,2.0
9,0.0,0.765,0.235,1368.6412875981425,24.53537655766481,5,2.0
10,0.0,0.72,0.28,1465.5942513289876,28.039865215656654,5,2.0
11,0.0,0.73,0.27,1440.60652999973,27.15078248565466,5,2.0
12,0.0,0.74,0.26,1395.95740381413,25.541070905622284,5,2.0
13,0.0,0.695,0.305,1459.5432174683026,27.82849897774006,5,2.0
14,0.0,0.705,0.295,1394.9065995310016,25.502033299688463,5,2.0
15,0.0,0.715,0.285,1373.9409245854326,24.73178812487412,5,2.0
16,0.0,0.73,0.27,1340.0558456581057,23.469185299055287,5,2.0
17,0.0,0.695,0.305,1463.9091568418103,27.985627356870996,5,2.0
18,0.0,0.705,0.295,1457.7805896238458,27.769543692193388,5,2.0
19,0.0,0.715,0.285,1438.289007042892,27.07697106674149,5,2.0
20,0.0,0.73,0.27,1402.3669739721965,25.781070418540885,5,2.0
21,0.0,0.7,0.3,1472.8339123578455,28.299121275467535,5,2.0
22,0.0,0.725,0.275,1402.4125588578263,25.78000840482072,5,2.0
23,0.0,0.745,0.255,1357.3178983140474,24.11475478697043,5,2.0
24,0.0,0.75,0.25,1344.1082443924765,23.6217243735003,5,2.0
25,0.0,0.72,0.28,1413.1744446476273,26.169459585318393,5,2.0
26,0.0,0.735,0.265,1365.5400561374665,24.41642050330332,5,2.0
27,0.0,0.74,0.26,1352.1124655580113,23.916832410673752,5,2.0
28,0.0,0.71,0.29,1438.8255937523215,27.093788880702316,5,2.0
29,0.0,0.72,0.28,1415.6198794030518,26.257613868541064,5,2.0
30,0.0,0.74,0.26,1362.2204520554196,24.30015534534911,5,2.0
31,0.0,0.715,0.285,1409.034573620243,26.023235229447387,5,2.0
32,0.0,0.735,0.265,1341.3685968851983,23.52147245128519,5,2.0
33,0.0,0.7,0.3,1395.640112175907,25.53831368754731,5,2.0
34,0.0,0.72,0.28,1338.7550827392831,23.42596030142675,5,2.0
35,0.0,0.69,0.31,1412.431734509809,26.143761716631268,5,2.0
36,0.0,0.705,0.295,1383.5872226987453,25.087232792319483,5,2.0
37,0.0,0.72,0.28,1347.7071989954766,23.75393811841237,5,2.0
38,0.0,0.69,0.31,1402.6727222179277,25.78912559079405,5,2.0
39,0.0,0.695,0.305,1394.6511735470551,25.497184322835537,5,2.0
40,0.0,0.675,0.325,1469.3900981935612,28.183157864746192,5,2.0
41,0.0,0.7,0.3,1404.6667769034775,25.8641543691499,5,2.0
42,0.0,0.67,0.33,1469.0859743454546,28.1667094035977,5,2.0
43,0.0,0.68,0.32,1442.2601242498458,27.21714135870934,5,2.0
44,0.0,0.71,0.29,1380.0497481884393,24.962016605633707,5,2.0
45,0.0,0.68,0.32,1469.6807930303914,28.194204534106834,5,2.0
46,0.0,0.7,0.3,1419.4189566512064,26.396051915162943,5,2.0
47,0.0,0.725,0.275,1347.8774105894136,23.754206167025238,5,2.0
48,0.0,0.69,0.31,1404.4636499298638,25.84284998525059,5,2.0
49,0.0,0.7,0.3,1381.4035550004837,24.99813473116782,5,2.0
50,0.0,0.705,0.295,1378.095111706991,24.876500196188736,5,2.0
51,0.0,0.665,0.335,1463.3489924528503,27.957223440772424,5,2.0
52,0.0,0.695,0.305,1421.7668343547293,26.471138762205268,5,2.0
53,0.0,0.705,0.295,1401.0034280315983,25.719832242802248,5,2.0
54,0.0,0.71,0.29,1396.7162763089898,25.562904810361836,5,2.0
55,0.0,0.72,0.28,1376.4609730340667,24.8165795753128,5,2.0
56,0.0,0.68,0.32,1458.6106099672554,27.790282655656927,5,2.0
57,0.0,0.7,0.3,1399.7505535113776,25.67708458617187,5,2.0
58,0.0,0.71,0.29,1362.4869038229883,24.305553382001953,5,2.0
59,0.0,0.67,0.33,1430.5352309048874,26.791254530588247,5,2.0
60,0.0,0.695,0.305,1362.4167762939492,24.303460448825376,5,2.0
61,0.0,0.68,0.32,1377.9216840451363,24.87898477277858,5,2.0
62,0.0,0.7,0.3,1342.0196223702528,23.54445534906426,5,2.0
63,0.0,0.7,0.3,1342.0196223702528,23.54445534906426,5,2.0
64,0.0,0.67,0.33,1457.8281747179117,27.772189788138554,5,2.0
65,0.0,0.69,0.31,1433.9361825992419,26.919746269982745,5,2.0
66,0.0,0.72,0.28,1312.606127965811,22.4345431363776,5,2.0
67,0.0,0.695,0.305,1366.5661902316804,24.47152154195996,5,2.0
68,0.0,0.715,0.285,1329.7941719434284,23.09580597493256,5,2.0
69,0.0,0.7,0.3,1415.060644930384,26.255358842610946,5,2.0
70,0.0,0.705,0.295,1400.0708886733842,25.711893352757592,5,2.0
71,0.0,0.675,0.325,1454.95963929639,27.690124740325658,5,2.0
72,0.0,0.69,0.31,1415.8723317345962,26.28944424672491,5,2.0
73,0.0,0.7,0.3,1409.6271018495543,26.063879969478606,5,2.0
74,0.0,0.715,0.285,1392.3312697433928,25.433621707103484,5,2.0
75,0.0,0.695,0.305,1459.3032882940822,27.842327404758393,5,2.0
76,0.0,0.715,0.285,1399.7925917961104,25.70733050429117,5,2.0
77,0.0,0.69,0.31,1466.4605867855153,28.097129673714505,5,2.0
78,0.0,0.7,0.3,1458.950335202017,27.831633677318806,5,2.0
79,0.0,0.71,0.29,1421.36261261719,26.491734920374995,5,2.0
80,0.0,0.72,0.28,1406.7907835206215,25.962320481601832,5,2.0
81,0.0,0.735,0.265,1393.0159816811822,25.458086818466267,5,2.0
82,0.0,0.745,0.255,1370.127572530235,24.614080937044225,5,2.0
83,0.0,0.71,0.29,1417.2679374656525,26.342104947540825,5,2.0
84,0.0,0.72,0.28,1405.134229983807,25.902779191532577,5,2.0
85,0.0,0.735,0.265,1389.883317642918,25.343996966203182,5,2.0
86,0.0,0.71,0.29,1450.8967639716172,27.549798217118262,5,2.0
87,0.0,0.73,0.27,1421.2547596599723,26.488733009371366,5,2.0
88,0.0,0.695,0.305,1454.3393110212996,27.671793495950077,5,2.0
89,0.0,0.725,0.275,1416.277085522666,26.308394843721402,5,2.0
90,0.0,0.745,0.255,1367.9464527877556,24.531473334497157,5,2.0
91,0.0,0.7,0.3,1447.5467471891154,27.42969414736925,5,2.0
92,0.0,0.72,0.28,1399.6976887457702,25.7027095859585,5,2.0
93,0.0,0.725,0.275,1358.5500221068799,24.18794938227469,5,2.0
94,0.0,0.685,0.315,1430.5152825108037,26.823977608873022,5,2.0
95,0.0,0.675,0.325,1454.9997562074586,27.6955949934272,5,2.0
96,0.0,0.7,0.3,1391.4483220225054,25.40179000564405,5,2.0
97,0.0,0.68,0.32,1459.3131386720647,27.84249539649867,5,2.0
98,0.0,0.69,0.31,1437.3271756981521,27.059350339417946,5,2.0
99,0.0,0.705,0.295,1382.0443141440678,25.048939354427393,5,2.0
100,0.0,0.71,0.29,1367.7483293793416,24.518394138161128,5,2.0
0,0.0,1.0,0.0,945.0383827500715,0.0,4,0.0
1,0.0,0.95,0.05,889.5985156112417,6.872919056943466,4,0.0
2,0.0,0.9,0.1,968.7124451457083,10.659052599570943,4,0.0
3,0.0,0.85,0.15,1063.1208501971241,14.687348208370935,4,0.0
4,0.0,0.81,0.19,1202.0243363629227,20.158194166763934,4,0.0
5,0.0,0.77,0.23,1296.6198385388245,23.633549554683846,4,0.0
6,0.0,0.73,0.27,1384.5415044354668,26.705915011444958,4,0.0
7,0.0,0.695,0.305,1475.9653056409916,29.761526345933397,4,0.0
8,0.0,0.665,0.335,1567.8236318020422,32.691091208669555,4,0.0
9,0.0,0.635,0.365,1630.4809357864872,34.62048253044155,4,0.0
10,0.0,0.6,0.4,1693.4773845513562,36.52160986715784,4,0.0
11,0.0,0.585,0.415,1731.727051699214,37.74438229169888,4,0.0
12,0.0,0.55,0.45,1811.3503892015785,40.588190885029675,4,0.0
13,0.0,0.525,0.475,1850.626893561642,42.18024593816087,4,0.0
14,0.0,0.505,0.495,1881.5837782606402,43.56462052930222,4,0.0
15,0.0,0.47,0.53,1916.7948025334279,45.325540642860865,4,0.0
16,0.0,0.455,0.545,1948.5095755209372,47.17591060438458,4,0.0
17,0.0,0.43,0.57,1971.682678185966,48.765690225651014,4,0.0
18,0.0,0.42,0.58,1983.3159877968053,49.663411511616985,4,0.0
19,0.0,0.39,0.61,2006.790339185091,51.91203394555018,4,0.0
20,0.0,0.38,0.62,2015.143499124854,52.93751587356758,4,0.0
21,0.0,0.345,0.655,2029.2491079456659,55.4502131144759,4,0.0
22,0.0,0.315,0.685,2033.6185557975004,57.00953371188044,4,0.0
23,0.0,0.3,0.7,2034.6353963140964,58.02713811055867,4,0.0
24,0.0,0.285,0.715,2033.7864342351863,59.369843816202064,4,0.0
25,0.0,0.265,0.735,2027.6561671000727,61.47173438487245,4,0.0
26,0.0,0.235,0.765,2014.803990479341,63.729385259901235,4,0.0
27,0.0,0.22,0.78,2003.803561278423,65.10072657545152,4,0.0
28,0.0,0.21,0.79,2000.9469427502618,65.41401545486869,4,0.0
29,0.0,0.21,0.79,2000.9469427502618,65.41401545486869,4,0.0
30,0.0,0.205,0.795,1998.2872313960113,65.69735626565412,4,0.0
31,0.0,0.19,0.81,1985.577536162502,66.90600461449881,4,0.0
32,0.0,0.19,0.81,1985.577536162502,66.90600461449881,4,0.0
33,0.0,0.185,0.815,1982.4881008545028,67.18133568966958,4,0.0
34,0.0,0.165,0.835,1974.0445698986666,67.88028869364754,4,0.0
35,0.0,0.165,0.835,1974.0445698986666,67.88028869364754,4,0.0
36,0.0,0.165,0.835,1974.0445698986666,67.88028869364754,4,0.0
37,0.0,0.16,0.84,1968.4117259170241,68.33172083272581,4,0.0
38,0.0,0.16,0.84,1968.4117259170241,68.33172083272581,4,0.0
39,0.0,0.15,0.85,1964.618368812892,68.62217854785322,4,0.0
40,0.0,0.135,0.865,1955.646709970421,69.27077013155605,4,0.0
41,0.0,0.135,0.865,1955.646709970421,69.27077013155605,4,0.0
42,0.0,0.13,0.87,1952.7140577543082,69.48027997293525,4,0.0
43,0.0,0.125,0.875,1946.0426170671105,69.93827992183873,4,0.0
44,0.0,0.115,0.885,1939.2408622238288,70.3843492686603,4,0.0
45,0.0,0.115,0.885,1939.2408622238288,70.3843492686603,4,0.0
46,0.0,0.115,0.885,1939.2408622238288,70.3843492686603,4,0.0
47,0.0,0.1,0.9,1926.4100359705674,71.19404369576611,4,0.0
48,0.0,0.09,0.91,1913.1775526732026,71.97557507747022,4,0.0
49,0.0,0.09,0.91,1913.1775526732026,71.97557507747022,4,0.0
50,0.0,0.09,0.91,1913.1775526732026,71.97557507747022,4,0.0
51,0.0,0.085,0.915,1896.2153962109476,72.9166019299424,4,0.0
52,0.0,0.085,0.915,1896.2153962109476,72.9166019299424,4,0.0
53,0.0,0.085,0.915,1896.2153962109476,72.9166019299424,4,0.0
54,0.0,0.085,0.915,1896.2153962109476,72.9166019299424,4,0.0
55,0.0,0.085,0.915,1896.2153962109476,72.9166019299424,4,0.0
0,0.0,1.0,0.0,945.0383827500715,0.0,4,0.5
1,0.0,0.95,0.05,889.5985156112417,6.872919056943466,4,0.5
2,0.0,0.9,0.1,968.7124451457083,10.659052599570943,4,0.5
3,0.0,0.85,0.15,1063.1208501971241,14.687348208370935,4,0.5
4,0.0,0.81,0.19,1202.0243363629227,20.158194166763934,4,0.5
5,0.0,0.77,0.23,1296.6198385388245,23.633549554683846,4,0.5
6,0.0,0.73,0.27,1384.5415044354668,26.705915011444958,4,0.5
7,0.0,0.695,0.305,1475.9653056409916,29.761526345933397,4,0.5
8,0.0,0.665,0.335,1567.8236318020422,32.691091208669555,4,0.5
9,0.0,0.635,0.365,1630.4809357864872,34.62048253044155,4,0.5
10,0.0,0.6,0.4,1693.4773845513562,36.52160986715784,4,0.5
11,0.0,0.585,0.415,1731.727051699214,37.74438229169888,4,0.5
12,0.0,0.55,0.45,1811.3503892015785,40.588190885029675,4,0.5
13,0.0,0.525,0.475,1850.626893561642,42.18024593816087,4,0.5
14,0.0,0.505,0.495,1881.5837782606402,43.56462052930222,4,0.5
15,0.0,0.47,0.53,1916.7948025334279,45.325540642860865,4,0.5
16,0.0,0.455,0.545,1948.5095755209372,47.17591060438458,4,0.5
17,0.0,0.43,0.57,1971.682678185966,48.765690225651014,4,0.5
18,0.0,0.42,0.58,1983.3159877968053,49.663411511616985,4,0.5
19,0.0,0.39,0.61,2006.790339185091,51.91203394555018,4,0.5
20,0.0,0.38,0.62,2015.143499124854,52.93751587356758,4,0.5
21,0.0,0.345,0.655,2029.2491079456659,55.4502131144759,4,0.5
22,0.0,0.315,0.685,2033.6185557975004,57.00953371188044,4,0.5
23,0.0,0.3,0.7,2034.6353963140964,58.02713811055867,4,0.5
24,0.0,0.285,0.715,2033.7864342351863,59.369843816202064,4,0.5
25,0.0,0.265,0.735,2027.6561671000727,61.47173438487245,4,0.5
26,0.0,0.235,0.765,2014.803990479341,63.729385259901235,4,0.5
27,0.0,0.22,0.78,2003.803561278423,65.10072657545152,4,0.5
28,0.0,0.21,0.79,2000.9469427502618,65.41401545486869,4,0.5
29,0.0,0.21,0.79,2000.9469427502618,65.41401545486869,4,0.5
30,0.0,0.205,0.795,1998.2872313960113,65.69735626565412,4,0.5
31,0.0,0.19,0.81,1985.577536162502,66.90600461449881,4,0.5
32,0.0,0.19,0.81,1985.577536162502,66.90600461449881,4,0.5
33,0.0,0.185,0.815,1982.4881008545028,67.18133568966958,4,0.5
34,0.0,0.165,0.835,1974.0445698986666,67.88028869364754,4,0.5
35,0.0,0.165,0.835,1974.0445698986666,67.88028869364754,4,0.5
36,0.0,0.165,0.835,1974.0445698986666,67.88028869364754,4,0.5
37,0.0,0.16,0.84,1968.4117259170241,68.33172083272581,4,0.5
38,0.0,0.16,0.84,1968.4117259170241,68.33172083272581,4,0.5
39,0.0,0.15,0.85,1964.618368812892,68.62217854785322,4,0.5
40,0.0,0.135,0.865,1955.646709970421,69.27077013155605,4,0.5
41,0.0,0.135,0.865,1955.646709970421,69.27077013155605,4,0.5
42,0.0,0.13,0.87,1952.7140577543082,69.48027997293525,4,0.5
43,0.0,0.125,0.875,1946.0426170671105,69.93827992183873,4,0.5
44,0.0,0.115,0.885,1939.2408622238288,70.3843492686603,4,0.5
45,0.0,0.115,0.885,1939.2408622238288,70.3843492686603,4,0.5
46,0.0,0.115,0.885,1939.2408622238288,70.3843492686603,4,0.5
47,0.0,0.1,0.9,1926.4100359705674,71.19404369576611,4,0.5
48,0.0,0.09,0.91,1913.1775526732026,71.97557507747022,4,0.5
49,0.0,0.09,0.91,1913.1775526732026,71.97557507747022,4,0.5
50,0.0,0.09,0.91,1913.1775526732026,71.97557507747022,4,0.5
51,0.0,0.085,0.915,1896.2153962109476,72.9166019299424,4,0.5
52,0.0,0.085,0.915,1896.2153962109476,72.9166019299424,4,0.5
53,0.0,0.085,0.915,1896.2153962109476,72.9166019299424,4,0.5
54,0.0,0.085,0.915,1896.2153962109476,72.9166019299424,4,0.5
55,0.0,0.085,0.915,1896.2153962109476,72.9166019299424,4,0.5
0,0.0,1.0,0.0,945.0383827500715,0.0,4,1.0
1,0.0,0.95,0.05,889.5985156112417,6.872919056943466,4,1.0
2,0.0,0.9,0.1,968.7124451457083,10.659052599570943,4,1.0
3,0.0,0.85,0.15,1063.1208501971241,14.687348208370935,4,1.0
4,0.0,0.81,0.19,1202.0243363629227,20.158194166763934,4,1.0
5,0.0,0.77,0.23,1296.6198385388245,23.633549554683846,4,1.0
6,0.0,0.73,0.27,1384.5415044354668,26.705915011444958,4,1.0
7,0.0,0.695,0.305,1475.9653056409916,29.761526345933397,4,1.0
8,0.0,0.665,0.335,1567.8236318020422,32.691091208669555,4,1.0
9,0.0,0.635,0.365,1630.4809357864872,34.62048253044155,4,1.0
10,0.0,0.635,0.365,1630.4809357864872,34.62048253044155,4,1.0
11,0.0,0.635,0.365,1630.4809357864872,34.62048253044155,4,1.0
12,0.0,0.635,0.365,1630.4809357864872,34.62048253044155,4,1.0
13,0.0,0.635,0.365,1630.4809357864872,34.62048253044155,4,1.0
0,0.0,1.0,0.0,945.0383827500715,0.0,4,1.5
1,0.0,0.95,0.05,889.5985156112417,6.872919056943466,4,1.5
2,0.0,0.9,0.1,968.7124451457083,10.659052599570943,4,1.5
3,0.0,0.85,0.15,1063.1208501971241,14.687348208370935,4,1.5
4,0.0,0.81,0.19,1202.0243363629227,20.158194166763934,4,1.5
5,0.0,0.77,0.23,1296.6198385388245,23.633549554683846,4,1.5
6,0.0,0.73,0.27,1384.5415044354668,26.705915011444958,4,1.5
7,0.0,0.695,0.305,1475.9653056409916,29.761526345933397,4,1.5
8,0.0,0.665,0.335,1567.8236318020422,32.691091208669555,4,1.5
9,0.0,0.635,0.365,1630.4809357864872,34.62048253044155,4,1.5
10,0.0,0.65,0.35,1606.074352049764,33.8780986948623,4,1.5
11,0.0,0.635,0.365,1647.0221510065799,35.12040179360289,4,1.5
12,0.0,0.65,0.35,1620.009842766013,34.30493881722205,4,1.5
13,0.0,0.67,0.33,1558.431880316629,32.40444110967198,4,1.5
14,0.0,0.65,0.35,1605.8642385545556,33.87348142488354,4,1.5
15,0.0,0.665,0.335,1548.725443908651,32.09945618842514,4,1.5
16,0.0,0.645,0.355,1621.3298580085393,34.35165703847589,4,1.5
17,0.0,0.66,0.34,1541.6419292827238,31.877619657555893,4,1.5
18,0.0,0.63,0.37,1618.3565029060944,34.254825078052335,4,1.5
19,0.0,0.645,0.355,1584.8571780294385,33.226008549998404,4,1.5
20,0.0,0.66,0.34,1537.3372654772095,31.73944706686172,4,1.5
21,0.0,0.62,0.38,1630.1818218880385,34.61869260355192,4,1.5
22,0.0,0.635,0.365,1583.8347346405028,33.19430143857286,4,1.5
23,0.0,0.6,0.4,1662.4066694604264,35.58027556024324,4,1.5
24,0.0,0.615,0.385,1598.0896735882686,33.626258235222906,4,1.5
25,0.0,0.63,0.37,1578.0923272450682,33.00888974190585,4,1.5
26,0.0,0.645,0.355,1555.1048229239195,32.289136377501876,4,1.5
27,0.0,0.605,0.395,1655.291306014055,35.361434794148906,4,1.5
28,0.0,0.635,0.365,1570.8205051502111,32.7862777735815,4,1.5
29,0.0,0.6,0.4,1657.7191472735815,35.436984817067824,4,1.5
30,0.0,0.625,0.375,1586.6640198353332,33.275623147406094,4,1.5
31,0.0,0.635,0.365,1566.8052482464261,32.656194453539094,4,1.5
32,0.0,0.65,0.35,1498.953855035011,30.497387807519672,4,1.5
33,0.0,0.615,0.385,1591.2529157711335,33.40698217209357,4,1.5
34,0.0,0.58,0.42,1657.2357656724967,35.415341505132005,4,1.5
35,0.0,0.615,0.385,1572.7459317247867,32.83251056598385,4,1.5
36,0.0,0.63,0.37,1547.7094374978699,32.04823539948879,4,1.5
37,0.0,0.645,0.355,1517.5937705660674,31.095437264993414,4,1.5
38,0.0,0.61,0.39,1593.5374256849739,33.47902418064791,4,1.5
39,0.0,0.625,0.375,1571.1051690192567,32.78558969240205,4,1.5
40,0.0,0.58,0.42,1643.9963859167478,35.02024016792705,4,1.5
41,0.0,0.595,0.405,1627.5340666794652,34.520963387956726,4,1.5
42,0.0,0.62,0.38,1530.5562493565,31.509646637585448,4,1.5
43,0.0,0.59,0.41,1631.1335210824116,34.63374026527275,4,1.5
44,0.0,0.605,0.395,1561.3983391947656,32.48213734840155,4,1.5
45,0.0,0.62,0.38,1514.8258809473512,31.011420394171168,4,1.5
46,0.0,0.6,0.4,1557.0618285664366,32.35037179005681,4,1.5
47,0.0,0.57,0.43,1615.3251733560776,34.15166997252052,4,1.5
48,0.0,0.595,0.405,1557.0428407346749,32.34586042208463,4,1.5
49,0.0,0.605,0.395,1512.4103388355156,30.925214318619723,4,1.5
50,0.0,0.575,0.425,1590.0859236374095,33.36366368864949,4,1.5
51,0.0,0.595,0.405,1533.1374079150628,31.582976407403066,4,1.5
52,0.0,0.57,0.43,1580.723598376376,33.072628842850676,4,1.5
53,0.0,0.545,0.455,1653.695903472661,35.30688034164487,4,1.5
54,0.0,0.56,0.44,1615.9706235925316,34.16696317006431,4,1.5
55,0.0,0.58,0.42,1576.1388294217613,32.94098366834062,4,1.5
56,0.0,0.555,0.445,1632.1586023482396,34.66300330234235,4,1.5
57,0.0,0.585,0.415,1564.4509196064444,32.580823534374225,4,1.5
58,0.0,0.56,0.44,1663.5930752204276,35.61235278006666,4,1.5
59,0.0,0.58,0.42,1616.8936796255348,34.20553554896355,4,1.5
60,0.0,0.59,0.41,1609.570195798701,33.98147947688433,4,1.5
61,0.0,0.61,0.39,1567.5564903225502,32.68137699671772,4,1.5
62,0.0,0.575,0.425,1656.0405754634369,35.384983515068235,4,1.5
63,0.0,0.59,0.41,1606.01893877512,33.86783334275863,4,1.5
64,0.0,0.615,0.385,1578.312326666796,33.01365455237418,4,1.5
65,0.0,0.59,0.41,1662.5231197872824,35.58266950493894,4,1.5
66,0.0,0.605,0.395,1599.4394720057587,33.671166486237524,4,1.5
67,0.0,0.625,0.375,1561.2913954233604,32.489877491760836,4,1.5
68,0.0,0.635,0.365,1532.7755844632898,31.592644992963415,4,1.5
69,0.0,0.61,0.39,1598.6740940601305,33.65283775615852,4,1.5
70,0.0,0.57,0.43,1665.8057749125448,35.68857817917901,4,1.5
71,0.0,0.6,0.4,1600.4545185638794,33.70712068128525,4,1.5
72,0.0,0.625,0.375,1542.765059184829,31.909396994607746,4,1.5
73,0.0,0.605,0.395,1571.1171852528028,32.80149142658317,4,1.5
74,0.0,0.58,0.42,1654.3114649928696,35.342553246066075,4,1.5
75,0.0,0.6,0.4,1594.1244845284307,33.50687864167567,4,1.5
76,0.0,0.62,0.38,1569.0635183353133,32.72878223637824,4,1.5
77,0.0,0.63,0.37,1535.0165418397723,31.65944040556886,4,1.5
78,0.0,0.605,0.395,1568.6028787949226,32.716200055394246,4,1.5
79,0.0,0.58,0.42,1638.2549835751095,34.85037168250412,4,1.5
80,0.0,0.61,0.39,1591.215200790853,33.41289667120406,4,1.5
81,0.0,0.585,0.415,1639.1247507431417,34.87526544296325,4,1.5
82,0.0,0.595,0.405,1616.3710534739575,34.18635547038678,4,1.5
83,0.0,0.62,0.38,1573.0113197273524,32.8521879185898,4,1.5
84,0.0,0.59,0.41,1665.7574802989832,35.67839773247225,4,1.5
85,0.0,0.605,0.395,1639.4925757047718,34.89212213858761,4,1.5
86,0.0,0.62,0.38,1574.7601278503712,32.90303051867794,4,1.5
87,0.0,0.595,0.405,1650.3797642970908,35.21476001557574,4,1.5
88,0.0,0.61,0.39,1610.5660551796054,34.008536458016806,4,1.5
89,0.0,0.63,0.37,1550.5663175980148,32.14896591514892,4,1.5
90,0.0,0.645,0.355,1505.5077616005046,30.71163918580598,4,1.5
91,0.0,0.605,0.395,1613.937140254699,34.11294258102481,4,1.5
92,0.0,0.64,0.36,1530.3380703880616,31.507652382302,4,1.5
93,0.0,0.6,0.4,1634.5633338802263,34.7335940860839,4,1.5
94,0.0,0.63,0.37,1584.1834695511295,33.19414213429521,4,1.5
95,0.0,0.645,0.355,1532.7899694192,31.57932369155082,4,1.5
96,0.0,0.62,0.38,1604.4142761114379,33.81235722292996,4,1.5
97,0.0,0.65,0.35,1549.575852970589,32.11209824686419,4,1.5
98,0.0,0.615,0.385,1653.5409972705024,35.302720475214855,4,1.5
99,0.0,0.63,0.37,1623.0689974857762,34.379514508265665,4,1.5
100,0.0,0.645,0.355,1584.7677091853313,33.20517832004536,4,1.5
0,0.0,1.0,0.0,945.0383827500715,0.0,4,2.0
1,0.0,0.95,0.05,889.5985156112417,6.872919056943466,4,2.0
2,0.0,0.9,0.1,968.7124451457083,10.659052599570943,4,2.0
3,0.0,0.85,0.15,1063.1208501971241,14.687348208370935,4,2.0
4,0.0,0.81,0.19,1202.0243363629227,20.158194166763934,4,2.0
5,0.0,0.77,0.23,1296.6198385388245,23.633549554683846,4,2.0
6,0.0,0.73,0.27,1384.5415044354668,26.705915011444958,4,2.0
7,0.0,0.695,0.305,1475.9653056409916,29.761526345933397,4,2.0
8,0.0,0.665,0.335,1567.8236318020422,32.691091208669555,4,2.0
9,0.0,0.635,0.365,1630.4809357864872,34.62048253044155,4,2.0
10,0.0,0.65,0.35,1606.074352049764,33.8780986948623,4,2.0
11,0.0,0.635,0.365,1647.0221510065799,35.12040179360289,4,2.0
12,0.0,0.65,0.35,1620.009842766013,34.30493881722205,4,2.0
13,0.0,0.67,0.33,1558.431880316629,32.40444110967198,4,2.0
14,0.0,0.65,0.35,1605.8642385545556,33.87348142488354,4,2.0
15,0.0,0.665,0.335,1548.725443908651,32.09945618842514,4,2.0
16,0.0,0.645,0.355,1621.3298580085393,34.35165703847589,4,2.0
17,0.0,0.66,0.34,1541.6419292827238,31.877619657555893,4,2.0
18,0.0,0.63,0.37,1618.3565029060944,34.254825078052335,4,2.0
19,0.0,0.645,0.355,1584.8571780294385,33.226008549998404,4,2.0
20,0.0,0.66,0.34,1537.3372654772095,31.73944706686172,4,2.0
21,0.0,0.62,0.38,1630.1818218880385,34.61869260355192,4,2.0
22,0.0,0.635,0.365,1583.8347346405028,33.19430143857286,4,2.0
23,0.0,0.6,0.4,1662.4066694604264,35.58027556024324,4,2.0
24,0.0,0.615,0.385,1598.0896735882686,33.626258235222906,4,2.0
25,0.0,0.63,0.37,1578.0923272450682,33.00888974190585,4,2.0
26,0.0,0.645,0.355,1555.1048229239195,32.289136377501876,4,2.0
27,0.0,0.605,0.395,1655.291306014055,35.361434794148906,4,2.0
28,0.0,0.635,0.365,1570.8205051502111,32.7862777735815,4,2.0
29,0.0,0.6,0.4,1657.7191472735815,35.436984817067824,4,2.0
30,0.0,0.625,0.375,1586.6640198353332,33.275623147406094,4,2.0
31,0.0,0.635,0.365,1566.8052482464261,32.656194453539094,4,2.0
32,0.0,0.65,0.35,1498.953855035011,30.497387807519672,4,2.0
33,0.0,0.615,0.385,1591.2529157711335,33.40698217209357,4,2.0
34,0.0,0.58,0.42,1657.2357656724967,35.415341505132005,4,2.0
35,0.0,0.615,0.385,1572.7459317247867,32.83251056598385,4,2.0
36,0.0,0.63,0.37,1547.7094374978699,32.04823539948879,4,2.0
37,0.0,0.645,0.355,1517.5937705660674,31.095437264993414,4,2.0
38,0.0,0.61,0.39,1593.5374256849739,33.47902418064791,4,2.0
39,0.0,0.625,0.375,1571.1051690192567,32.78558969240205,4,2.0
40,0.0,0.58,0.42,1643.9963859167478,35.02024016792705,4,2.0
41,0.0,0.595,0.405,1627.5340666794652,34.520963387956726,4,2.0
42,0.0,0.62,0.38,1530.5562493565,31.509646637585448,4,2.0
43,0.0,0.59,0.41,1631.1335210824116,34.63374026527275,4,2.0
44,0.0,0.605,0.395,1561.3983391947656,32.48213734840155,4,2.0
45,0.0,0.62,0.38,1514.8258809473512,31.011420394171168,4,2.0
46,0.0,0.6,0.4,1557.0618285664366,32.35037179005681,4,2.0
47,0.0,0.57,0.43,1615.3251733560776,34.15166997252052,4,2.0
48,0.0,0.595,0.405,1557.0428407346749,32.34586042208463,4,2.0
49,0.0,0.605,0.395,1512.4103388355156,30.925214318619723,4,2.0
50,0.0,0.575,0.425,1590.0859236374095,33.36366368864949,4,2.0
51,0.0,0.595,0.405,1533.1374079150628,31.582976407403066,4,2.0
52,0.0,0.57,0.43,1580.723598376376,33.072628842850676,4,2.0
53,0.0,0.545,0.455,1653.695903472661,35.30688034164487,4,2.0
54,0.0,0.56,0.44,1615.9706235925316,34.16696317006431,4,2.0
55,0.0,0.58,0.42,1576.1388294217613,32.94098366834062,4,2.0
56,0.0,0.555,0.445,1632.1586023482396,34.66300330234235,4,2.0
57,0.0,0.585,0.415,1564.4509196064444,32.580823534374225,4,2.0
58,0.0,0.56,0.44,1663.5930752204276,35.61235278006666,4,2.0
59,0.0,0.58,0.42,1616.8936796255348,34.20553554896355,4,2.0
60,0.0,0.59,0.41,1609.570195798701,33.98147947688433,4,2.0
61,0.0,0.61,0.39,1567.5564903225502,32.68137699671772,4,2.0
62,0.0,0.575,0.425,1656.0405754634369,35.384983515068235,4,2.0
63,0.0,0.59,0.41,1606.01893877512,33.86783334275863,4,2.0
64,0.0,0.615,0.385,1578.312326666796,33.01365455237418,4,2.0
65,0.0,0.59,0.41,1662.5231197872824,35.58266950493894,4,2.0
66,0.0,0.605,0.395,1599.4394720057587,33.671166486237524,4,2.0
67,0.0,0.625,0.375,1561.2913954233604,32.489877491760836,4,2.0
68,0.0,0.635,0.365,1532.7755844632898,31.592644992963415,4,2.0
69,0.0,0.61,0.39,1598.6740940601305,33.65283775615852,4,2.0
70,0.0,0.57,0.43,1665.8057749125448,35.68857817917901,4,2.0
71,0.0,0.6,0.4,1600.4545185638794,33.70712068128525,4,2.0
72,0.0,0.625,0.375,1542.765059184829,31.909396994607746,4,2.0
73,0.0,0.605,0.395,1571.1171852528028,32.80149142658317,4,2.0
74,0.0,0.58,0.42,1654.3114649928696,35.342553246066075,4,2.0
75,0.0,0.6,0.4,1594.1244845284307,33.50687864167567,4,2.0
76,0.0,0.62,0.38,1569.0635183353133,32.72878223637824,4,2.0
77,0.0,0.63,0.37,1535.0165418397723,31.65944040556886,4,2.0
78,0.0,0.605,0.395,1568.6028787949226,32.716200055394246,4,2.0
79,0.0,0.58,0.42,1638.2549835751095,34.85037168250412,4,2.0
80,0.0,0.61,0.39,1591.215200790853,33.41289667120406,4,2.0
81,0.0,0.585,0.415,1639.1247507431417,34.87526544296325,4,2.0
82,0.0,0.595,0.405,1616.3710534739575,34.18635547038678,4,2.0
83,0.0,0.62,0.38,1573.0113197273524,32.8521879185898,4,2.0
84,0.0,0.59,0.41,1665.7574802989832,35.67839773247225,4,2.0
85,0.0,0.605,0.395,1639.4925757047718,34.89212213858761,4,2.0
86,0.0,0.62,0.38,1574.7601278503712,32.90303051867794,4,2.0
87,0.0,0.595,0.405,1650.3797642970908,35.21476001557574,4,2.0
88,0.0,0.61,0.39,1610.5660551796054,34.008536458016806,4,2.0
89,0.0,0.63,0.37,1550.5663175980148,32.14896591514892,4,2.0
90,0.0,0.645,0.355,1505.5077616005046,30.71163918580598,4,2.0
91,0.0,0.605,0.395,1613.937140254699,34.11294258102481,4,2.0
92,0.0,0.64,0.36,1530.3380703880616,31.507652382302,4,2.0
93,0.0,0.6,0.4,1634.5633338802263,34.7335940860839,4,2.0
94,0.0,0.63,0.37,1584.1834695511295,33.19414213429521,4,2.0
95,0.0,0.645,0.355,1532.7899694192,31.57932369155082,4,2.0
96,0.0,0.62,0.38,1604.4142761114379,33.81235722292996,4,2.0
97,0.0,0.65,0.35,1549.575852970589,32.11209824686419,4,2.0
98,0.0,0.615,0.385,1653.5409972705024,35.302720475214855,4,2.0
99,0.0,0.63,0.37,1623.0689974857762,34.379514508265665,4,2.0
100,0.0,0.645,0.355,1584.7677091853313,33.20517832004536,4,2.0
0,0.0,1.0,0.0,985.0183373681498,0.0,6,0.0
1,0.0,0.95,0.05,887.7851797576227,4.269537338158887,6,0.0
2,0.0,0.9,0.1,993.5770935842924,10.420327854083013,6,0.0
3,0.0,0.86,0.14,1095.745752966346,14.934788000443646,6,0.0
4,0.0,0.815,0.185,1184.5269107051354,18.59026687668448,6,0.0
5,0.0,0.765,0.235,1284.0407939718166,22.46713788334558,6,0.0
6,0.0,0.735,0.265,1384.0073011811019,26.15136937334852,6,0.0
7,0.0,0.705,0.295,1481.154546047669,29.552551041535295,6,0.0
8,0.0,0.665,0.335,1581.146824460596,32.88392047887636,6,0.0
9,0.0,0.635,0.365,1645.4629104100525,34.947769522274704,6,0.0
10,0.0,0.59,0.41,1751.1214790877536,38.73678474223866,6,0.0
11,0.0,0.555,0.445,1798.3623851806092,40.77565052691068,6,0.0
12,0.0,0.535,0.465,1825.2259833364074,42.08483036766884,6,0.0
13,0.0,0.52,0.48,1854.3400110776413,43.68494535665308,6,0.0
14,0.0,0.495,0.505,1887.4574517893686,45.85599082641592,6,0.0
15,0.0,0.47,0.53,1896.5526487468005,46.551272865964435,6,0.0
16,0.0,0.45,0.55,1915.111807362313,48.20595331194326,6,0.0
17,0.0,0.435,0.565,1925.3075827601156,49.33750566378632,6,0.0
18,0.0,0.415,0.585,1941.5238067969892,51.936297474140424,6,0.0
19,0.0,0.41,0.59,1944.0662981344944,52.61336890523942,6,0.0
20,0.0,0.39,0.61,1946.8774837505089,56.21933098465844,6,0.0
21,0.0,0.37,0.63,1942.229111816825,57.785843525999006,6,0.0
22,0.0,0.355,0.645,1938.035695359666,58.66365579643719,6,0.0
23,0.0,0.34,0.66,1931.066409202289,59.75705320235876,6,0.0
24,0.0,0.32,0.68,1917.9220108849167,61.35566507707345,6,0.0
25,0.0,0.31,0.69,1913.9978634132926,61.76744762767198,6,0.0
26,0.0,0.295,0.705,1898.92810038495,63.16193613146818,6,0.0
27,0.0,0.28,0.72,1889.9180261066672,63.89645326601729,6,0.0
28,0.0,0.26,0.74,1877.5392587371202,64.82176018909959,6,0.0
29,0.0,0.25,0.75,1865.9614639349438,65.61904722712616,6,0.0
30,0.0,0.225,0.775,1850.330114972384,66.61522567604771,6,0.0
31,0.0,0.21,0.79,1801.1239452906766,69.34600753981243,6,0.0
32,0.0,0.205,0.795,1798.6640730559582,69.46779631950903,6,0.0
33,0.0,0.2,0.8,1787.9063709409354,69.99195725847953,6,0.0
34,0.0,0.19,0.81,1764.3330683280356,71.09809526816564,6,0.0
35,0.0,0.185,0.815,1752.7047063803222,71.61152010907821,6,0.0
36,0.0,0.175,0.825,1745.5414694446636,71.92337504581151,6,0.0
37,0.0,0.17,0.83,1740.3540590644657,72.1444476687239,6,0.0
38,0.0,0.155,0.845,1713.8623872991377,73.23806220462055,6,0.0
39,0.0,0.145,0.855,1693.5716056288395,74.04379123570796,6,0.0
40,0.0,0.13,0.87,1671.2411361211196,74.89807970240011,6,0.0
41,0.0,0.12,0.88,1665.347296818819,75.1188844632151,6,0.0
42,0.0,0.115,0.885,1663.090541460944,75.20149048425728,6,0.0
43,0.0,0.105,0.895,1649.7790930050746,75.68858862595724,6,0.0
44,0.0,0.095,0.905,1632.7606601642149,76.29236581028603,6,0.0
45,0.0,0.095,0.905,1632.7606601642149,76.29236581028603,6,0.0
46,0.0,0.095,0.905,1632.7606601642149,76.29236581028603,6,0.0
47,0.0,0.095,0.905,1632.7606601642149,76.29236581028603,6,0.0
48,0.0,0.09,0.91,1629.397387363648,76.41052597628978,6,0.0
49,0.0,0.08,0.92,1620.957650691255,76.70498894679683,6,0.0
50,0.0,0.075,0.925,1615.6369437106919,76.89000015808446,6,0.0
51,0.0,0.07,0.93,1607.2198922821447,77.17821592263996,6,0.0
52,0.0,0.065,0.935,1589.6666253147682,77.76244926375344,6,0.0
53,0.0,0.06,0.94,1586.8787314067897,77.85420636764539,6,0.0
54,0.0,0.045,0.955,1577.2765792555006,78.1688854473239,6,0.0
55,0.0,0.045,0.955,1577.2765792555006,78.1688854473239,6,0.0
56,0.0,0.035,0.965,1557.6903182278584,78.80458560242906,6,0.0
57,0.0,0.035,0.965,1557.6903182278584,78.80458560242906,6,0.0
58,0.0,0.03,0.97,1546.001646962553,79.17769636884152,6,0.0
59,0.0,0.03,0.97,1546.001646962553,79.17769636884152,6,0.0
60,0.0,0.03,0.97,1546.001646962553,79.17769636884152,6,0.0
61,0.0,0.025,0.975,1537.8893134355358,79.43312673529476,6,0.0
62,0.0,0.025,0.975,1537.8893134355358,79.43312673529476,6,0.0
63,0.0,0.025,0.975,1537.8893134355358,79.43312673529476,6,0.0
64,0.0,0.025,0.975,1537.8893134355358,79.43312673529476,6,0.0
65,0.0,0.025,0.975,1537.8893134355358,79.43312673529476,6,0.0
0,0.0,1.0,0.0,985.0183373681498,0.0,6,0.5
1,0.0,0.95,0.05,887.7851797576227,4.269537338158887,6,0.5
2,0.0,0.9,0.1,993.5770935842924,10.420327854083013,6,0.5
3,0.0,0.86,0.14,1095.745752966346,14.934788000443646,6,0.5
4,0.0,0.815,0.185,1184.5269107051354,18.59026687668448,6,0.5
5,0.0,0.765,0.235,1284.0407939718166,22.46713788334558,6,0.5
6,0.0,0.735,0.265,1384.0073011811019,26.15136937334852,6,0.5
7,0.0,0.705,0.295,1481.154546047669,29.552551041535295,6,0.5
8,0.0,0.665,0.335,1581.146824460596,32.88392047887636,6,0.5
9,0.0,0.635,0.365,1645.4629104100525,34.947769522274704,6,0.5
10,0.0,0.59,0.41,1751.1214790877536,38.73678474223866,6,0.5
11,0.0,0.555,0.445,1798.3623851806092,40.77565052691068,6,0.5
12,0.0,0.535,0.465,1825.2259833364074,42.08483036766884,6,0.5
13,0.0,0.52,0.48,1854.3400110776413,43.68494535665308,6,0.5
14,0.0,0.495,0.505,1887.4574517893686,45.85599082641592,6,0.5
15,0.0,0.47,0.53,1896.5526487468005,46.551272865964435,6,0.5
16,0.0,0.45,0.55,1915.111807362313,48.20595331194326,6,0.5
17,0.0,0.435,0.565,1925.3075827601156,49.33750566378632,6,0.5
18,0.0,0.415,0.585,1941.5238067969892,51.936297474140424,6,0.5
19,0.0,0.41,0.59,1944.0662981344944,52.61336890523942,6,0.5
20,0.0,0.39,0.61,1946.8774837505089,56.21933098465844,6,0.5
21,0.0,0.37,0.63,1942.229111816825,57.785843525999006,6,0.5
22,0.0,0.355,0.645,1938.035695359666,58.66365579643719,6,0.5
23,0.0,0.34,0.66,1931.066409202289,59.75705320235876,6,0.5
24,0.0,0.32,0.68,1917.9220108849167,61.35566507707345,6,0.5
25,0.0,0.31,0.69,1913.9978634132926,61.76744762767198,6,0.5
26,0.0,0.295,0.705,1898.92810038495,63.16193613146818,6,0.5
27,0.0,0.28,0.72,1889.9180261066672,63.89645326601729,6,0.5
28,0.0,0.26,0.74,1877.5392587371202,64.82176018909959,6,0.5
29,0.0,0.25,0.75,1865.9614639349438,65.61904722712616,6,0.5
30,0.0,0.225,0.775,1850.330114972384,66.61522567604771,6,0.5
31,0.0,0.21,0.79,1801.1239452906766,69.34600753981243,6,0.5
32,0.0,0.205,0.795,1798.6640730559582,69.46779631950903,6,0.5
33,0.0,0.2,0.8,1787.9063709409354,69.99195725847953,6,0.5
34,0.0,0.19,0.81,1764.3330683280356,71.09809526816564,6,0.5
35,0.0,0.185,0.815,1752.7047063803222,71.61152010907821,6,0.5
36,0.0,0.175,0.825,1745.5414694446636,71.92337504581151,6,0.5
37,0.0,0.17,0.83,1740.3540590644657,72.1444476687239,6,0.5
38,0.0,0.155,0.845,1713.8623872991377,73.23806220462055,6,0.5
39,0.0,0.145,0.855,1693.5716056288395,74.04379123570796,6,0.5
40,0.0,0.13,0.87,1671.2411361211196,74.89807970240011,6,0.5
41,0.0,0.12,0.88,1665.347296818819,75.1188844632151,6,0.5
42,0.0,0.115,0.885,1663.090541460944,75.20149048425728,6,0.5
43,0.0,0.105,0.895,1649.7790930050746,75.68858862595724,6,0.5
44,0.0,0.095,0.905,1632.7606601642149,76.29236581028603,6,0.5
45,0.0,0.095,0.905,1632.7606601642149,76.29236581028603,6,0.5
46,0.0,0.095,0.905,1632.7606601642149,76.29236581028603,6,0.5
47,0.0,0.095,0.905,1632.7606601642149,76.29236581028603,6,0.5
48,0.0,0.09,0.91,1629.397387363648,76.41052597628978,6,0.5
49,0.0,0.08,0.92,1620.957650691255,76.70498894679683,6,0.5
50,0.0,0.075,0.925,1615.6369437106919,76.89000015808446,6,0.5
51,0.0,0.07,0.93,1607.2198922821447,77.17821592263996,6,0.5
52,0.0,0.065,0.935,1589.6666253147682,77.76244926375344,6,0.5
53,0.0,0.06,0.94,1586.8787314067897,77.85420636764539,6,0.5
54,0.0,0.045,0.955,1577.2765792555006,78.1688854473239,6,0.5
55,0.0,0.045,0.955,1577.2765792555006,78.1688854473239,6,0.5
56,0.0,0.035,0.965,1557.6903182278584,78.80458560242906,6,0.5
57,0.0,0.035,0.965,1557.6903182278584,78.80458560242906,6,0.5
58,0.0,0.03,0.97,1546.001646962553,79.17769636884152,6,0.5
59,0.0,0.03,0.97,1546.001646962553,79.17769636884152,6,0.5
60,0.0,0.03,0.97,1546.001646962553,79.17769636884152,6,0.5
61,0.0,0.025,0.975,1537.8893134355358,79.43312673529476,6,0.5
62,0.0,0.025,0.975,1537.8893134355358,79.43312673529476,6,0.5
63,0.0,0.025,0.975,1537.8893134355358,79.43312673529476,6,0.5
64,0.0,0.025,0.975,1537.8893134355358,79.43312673529476,6,0.5
65,0.0,0.025,0.975,1537.8893134355358,79.43312673529476,6,0.5
0,0.0,1.0,0.0,985.0183373681498,0.0,6,1.0
1,0.0,0.95,0.05,887.7851797576227,4.269537338158887,6,1.0
2,0.0,0.9,0.1,993.5770935842924,10.420327854083013,6,1.0
3,0.0,0.86,0.14,1095.745752966346,14.934788000443646,6,1.0
4,0.0,0.815,0.185,1184.5269107051354,18.59026687668448,6,1.0
5,0.0,0.765,0.235,1284.0407939718166,22.46713788334558,6,1.0
6,0.0,0.735,0.265,1384.0073011811019,26.15136937334852,6,1.0
7,0.0,0.705,0.295,1481.154546047669,29.552551041535295,6,1.0
8,0.0,0.665,0.335,1581.146824460596,32.88392047887636,6,1.0
9,0.0,0.665,0.335,1581.146824460596,32.88392047887636,6,1.0
10,0.0,0.665,0.335,1581.146824460596,32.88392047887636,6,1.0
11,0.0,0.665,0.335,1581.146824460596,32.88392047887636,6,1.0
12,0.0,0.64,0.36,1633.0697918568012,34.55458605453789,6,1.0
13,0.0,0.64,0.36,1633.0697918568012,34.55458605453789,6,1.0
14,0.0,0.64,0.36,1633.0697918568012,34.55458605453789,6,1.0
15,0.0,0.64,0.36,1633.0697918568012,34.55458605453789,6,1.0
16,0.0,0.64,0.36,1633.0697918568012,34.55458605453789,6,1.0
0,0.0,1.0,0.0,985.0183373681498,0.0,6,1.5
1,0.0,0.95,0.05,887.7851797576227,4.269537338158887,6,1.5
2,0.0,0.9,0.1,993.5770935842924,10.420327854083013,6,1.5
3,0.0,0.86,0.14,1095.745752966346,14.934788000443646,6,1.5
4,0.0,0.815,0.185,1184.5269107051354,18.59026687668448,6,1.5
5,0.0,0.765,0.235,1284.0407939718166,22.46713788334558,6,1.5
6,0.0,0.735,0.265,1384.0073011811019,26.15136937334852,6,1.5
7,0.0,0.705,0.295,1481.154546047669,29.552551041535295,6,1.5
8,0.0,0.665,0.335,1581.146824460596,32.88392047887636,6,1.5
9,0.0,0.685,0.315,1528.9824329588073,31.161862756772198,6,1.5
10,0.0,0.69,0.31,1508.2728549886322,30.466257416147855,6,1.5
11,0.0,0.65,0.35,1578.9310984037943,32.810079617742645,6,1.5
12,0.0,0.625,0.375,1630.821208716954,34.481456188898065,6,1.5
13,0.0,0.655,0.345,1588.2245026234402,33.11741597521956,6,1.5
14,0.0,0.67,0.33,1530.5868547752084,31.22589621079974,6,1.5
15,0.0,0.64,0.36,1560.7881967719725,32.225294051767094,6,1.5
16,0.0,0.655,0.345,1518.1542496423383,30.810051379293014,6,1.5
17,0.0,0.63,0.37,1585.7021811912714,33.04363237886767,6,1.5
18,0.0,0.65,0.35,1525.2048966981017,31.04684762470024,6,1.5
19,0.0,0.635,0.365,1583.5949577313108,32.97386022500909,6,1.5
20,0.0,0.655,0.345,1489.5951655369738,29.841228686494432,6,1.5
21,0.0,0.625,0.375,1561.9728630073905,32.25305588914691,6,1.5
22,0.0,0.6,0.4,1628.6693777961623,34.41025232261613,6,1.5
23,0.0,0.625,0.375,1558.3097905752943,32.13136752707069,6,1.5
24,0.0,0.64,0.36,1504.6711815100216,30.340713899147815,6,1.5
25,0.0,0.605,0.395,1591.282288376042,33.20282136563288,6,1.5
26,0.0,0.63,0.37,1551.3721242477964,31.896720026599745,6,1.5
27,0.0,0.6,0.4,1607.113330204218,33.70926292757122,6,1.5
28,0.0,0.615,0.385,1560.5262408391752,32.19601582247637,6,1.5
29,0.0,0.635,0.365,1515.0124412701714,30.683207760594456,6,1.5
30,0.0,0.6,0.4,1587.5847273500917,33.081359787541885,6,1.5
31,0.0,0.615,0.385,1560.322515767558,32.18904935324463,6,1.5
32,0.0,0.63,0.37,1516.6161545882462,30.739233801899296,6,1.5
33,0.0,0.61,0.39,1580.2991461300508,32.84487676991199,6,1.5
34,0.0,0.62,0.38,1546.8991457080263,31.752466961522558,6,1.5
35,0.0,0.605,0.395,1594.5565964596008,33.313766310082435,6,1.5
36,0.0,0.58,0.42,1635.3672911639428,34.622679526646095,6,1.5
37,0.0,0.615,0.385,1560.3221810418438,32.197111585700114,6,1.5
38,0.0,0.63,0.37,1519.665947323573,30.84948467142611,6,1.5
39,0.0,0.65,0.35,1448.9948717535256,28.442427957864204,6,1.5
40,0.0,0.605,0.395,1611.9006972983186,33.87461165225081,6,1.5
41,0.0,0.625,0.375,1585.104522911098,33.010937887269094,6,1.5
42,0.0,0.64,0.36,1548.6850652591734,31.81456991431105,6,1.5
43,0.0,0.61,0.39,1600.019006586981,33.491446962701914,6,1.5
44,0.0,0.625,0.375,1574.840104331468,32.67869343477655,6,1.5
45,0.0,0.645,0.355,1547.757459120363,31.787857103066568,6,1.5
46,0.0,0.615,0.385,1616.9006012807852,34.042053455273056,6,1.5
47,0.0,0.63,0.37,1586.517007837775,33.06458847558491,6,1.5
48,0.0,0.595,0.405,1627.542412787766,34.3807473586933,6,1.5
49,0.0,0.605,0.395,1614.78051057846,33.97210865200171,6,1.5
50,0.0,0.635,0.365,1513.1038591314866,30.63684147191882,6,1.5
51,0.0,0.65,0.35,1465.7731293592954,29.02537734326671,6,1.5
52,0.0,0.62,0.38,1603.52412445,33.6089932604185,6,1.5
53,0.0,0.635,0.365,1556.2641365835227,32.068927567905476,6,1.5
54,0.0,0.595,0.405,1634.8047819845149,34.61030616912233,6,1.5
55,0.0,0.63,0.37,1539.2137280342063,31.509312131317436,6,1.5
56,0.0,0.605,0.395,1601.4668445633379,33.54260010308893,6,1.5
57,0.0,0.63,0.37,1526.2531771759825,31.071319519163417,6,1.5
58,0.0,0.595,0.405,1611.5750070129423,33.86314924087431,6,1.5
59,0.0,0.61,0.39,1588.772122112038,33.12834563942627,6,1.5
60,0.0,0.59,0.41,1633.1999481555192,34.55029663169702,6,1.5
61,0.0,0.61,0.39,1554.4376053365613,31.99817491687126,6,1.5
62,0.0,0.57,0.43,1630.1794958689209,34.45251298951669,6,1.5
63,0.0,0.6,0.4,1529.1398930646062,31.168016657447694,6,1.5
64,0.0,0.62,0.38,1495.6157892654053,30.039609815028605,6,1.5
65,0.0,0.585,0.415,1574.1143535439342,32.653815156319865,6,1.5
66,0.0,0.59,0.41,1569.1811031659,32.49333715880219,6,1.5
67,0.0,0.605,0.395,1565.2863653173988,32.3658621946022,6,1.5
68,0.0,0.625,0.375,1531.658485126218,31.254495769698142,6,1.5
69,0.0,0.585,0.415,1616.2815462301712,34.01449379695256,6,1.5
70,0.0,0.615,0.385,1547.576428653027,31.78264876968654,6,1.5
71,0.0,0.615,0.385,1547.576428653027,31.78264876968654,6,1.5
72,0.0,0.575,0.425,1632.0341488763133,34.52234162116315,6,1.5
73,0.0,0.6,0.4,1552.0460725054436,31.93264221656401,6,1.5
74,0.0,0.58,0.42,1613.5854994820063,33.93696542826156,6,1.5
75,0.0,0.6,0.4,1554.1782483088573,32.0044671897727,6,1.5
76,0.0,0.605,0.395,1552.0453750818426,31.934492147705377,6,1.5
77,0.0,0.615,0.385,1539.860579268364,31.53009065767445,6,1.5
78,0.0,0.585,0.415,1610.6147309375278,33.830986151474946,6,1.5
79,0.0,0.605,0.395,1514.289197966174,30.673173949851318,6,1.5
80,0.0,0.59,0.41,1544.9811433219654,31.699527425821145,6,1.5
81,0.0,0.565,0.435,1597.418291684997,33.41406945140998,6,1.5
82,0.0,0.565,0.435,1597.418291684997,33.41406945140998,6,1.5
83,0.0,0.585,0.415,1546.5607128847632,31.751249493701568,6,1.5
84,0.0,0.605,0.395,1503.6071676167205,30.31901709704851,6,1.5
85,0.0,0.57,0.43,1596.3336760527739,33.377948122101834,6,1.5
86,0.0,0.6,0.4,1557.5054603795254,32.116323408949896,6,1.5
87,0.0,0.58,0.42,1594.3892697011308,33.318903299327935,6,1.5
88,0.0,0.605,0.395,1539.4184984187248,31.515464630011998,6,1.5
89,0.0,0.62,0.38,1525.650302417985,31.05865253398921,6,1.5
90,0.0,0.59,0.41,1574.9085173519256,32.68545402098156,6,1.5
91,0.0,0.615,0.385,1521.5800606341159,30.919142944368332,6,1.5
92,0.0,0.635,0.365,1461.892796492998,28.886941041347693,6,1.5
93,0.0,0.605,0.395,1571.270476778685,32.5639244937836,6,1.5
94,0.0,0.62,0.38,1536.0493325945392,31.40681357362114,6,1.5
95,0.0,0.585,0.415,1618.860700773076,34.1080565379778,6,1.5
96,0.0,0.605,0.395,1593.1972692556362,33.28301708720131,6,1.5
97,0.0,0.615,0.385,1582.032330198972,32.9208258741193,6,1.5
98,0.0,0.64,0.36,1530.21219262061,31.21116608289687,6,1.5
99,0.0,0.605,0.395,1592.230812392376,33.24956607843596,6,1.5
100,0.0,0.62,0.38,1539.4612820900861,31.519362992458422,6,1.5
0,0.0,1.0,0.0,985.0183373681498,0.0,6,2.0
1,0.0,0.95,0.05,887.7851797576227,4.269537338158887,6,2.0
2,0.0,0.9,0.1,993.5770935842924,10.420327854083013,6,2.0
3,0.0,0.86,0.14,1095.745752966346,14.934788000443646,6,2.0
4,0.0,0.815,0.185,1184.5269107051354,18.59026687668448,6,2.0
5,0.0,0.765,0.235,1284.0407939718166,22.46713788334558,6,2.0
6,0.0,0.735,0.265,1384.0073011811019,26.15136937334852,6,2.0
7,0.0,0.705,0.295,1481.154546047669,29.552551041535295,6,2.0
8,0.0,0.665,0.335,1581.146824460596,32.88392047887636,6,2.0
9,0.0,0.685,0.315,1528.9824329588073,31.161862756772198,6,2.0
10,0.0,0.69,0.31,1508.2728549886322,30.466257416147855,6,2.0
11,0.0,0.65,0.35,1578.9310984037943,32.810079617742645,6,2.0
12,0.0,0.625,0.375,1630.821208716954,34.481456188898065,6,2.0
13,0.0,0.655,0.345,1588.2245026234402,33.11741597521956,6,2.0
14,0.0,0.67,0.33,1530.5868547752084,31.22589621079974,6,2.0
15,0.0,0.64,0.36,1560.7881967719725,32.225294051767094,6,2.0
16,0.0,0.655,0.345,1518.1542496423383,30.810051379293014,6,2.0
17,0.0,0.63,0.37,1585.7021811912714,33.04363237886767,6,2.0
18,0.0,0.65,0.35,1525.2048966981017,31.04684762470024,6,2.0
19,0.0,0.635,0.365,1583.5949577313108,32.97386022500909,6,2.0
20,0.0,0.655,0.345,1489.5951655369738,29.841228686494432,6,2.0
21,0.0,0.625,0.375,1561.9728630073905,32.25305588914691,6,2.0
22,0.0,0.6,0.4,1628.6693777961623,34.41025232261613,6,2.0
23,0.0,0.625,0.375,1558.3097905752943,32.13136752707069,6,2.0
24,0.0,0.64,0.36,1504.6711815100216,30.340713899147815,6,2.0
25,0.0,0.605,0.395,1591.282288376042,33.20282136563288,6,2.0
26,0.0,0.63,0.37,1551.3721242477964,31.896720026599745,6,2.0
27,0.0,0.6,0.4,1607.113330204218,33.70926292757122,6,2.0
28,0.0,0.615,0.385,1560.5262408391752,32.19601582247637,6,2.0
29,0.0,0.635,0.365,1515.0124412701714,30.683207760594456,6,2.0
30,0.0,0.6,0.4,1587.5847273500917,33.081359787541885,6,2.0
31,0.0,0.615,0.385,1560.322515767558,32.18904935324463,6,2.0
32,0.0,0.63,0.37,1516.6161545882462,30.739233801899296,6,2.0
33,0.0,0.61,0.39,1580.2991461300508,32.84487676991199,6,2.0
34,0.0,0.62,0.38,1546.8991457080263,31.752466961522558,6,2.0
35,0.0,0.605,0.395,1594.5565964596008,33.313766310082435,6,2.0
36,0.0,0.58,0.42,1635.3672911639428,34.622679526646095,6,2.0
37,0.0,0.615,0.385,1560.3221810418438,32.197111585700114,6,2.0
38,0.0,0.63,0.37,1519.665947323573,30.84948467142611,6,2.0
39,0.0,0.65,0.35,1448.9948717535256,28.442427957864204,6,2.0
40,0.0,0.605,0.395,1611.9006972983186,33.87461165225081,6,2.0
41,0.0,0.625,0.375,1585.104522911098,33.010937887269094,6,2.0
42,0.0,0.64,0.36,1548.6850652591734,31.81456991431105,6,2.0
43,0.0,0.61,0.39,1600.019006586981,33.491446962701914,6,2.0
44,0.0,0.625,0.375,1574.840104331468,32.67869343477655,6,2.0
45,0.0,0.645,0.355,1547.757459120363,31.787857103066568,6,2.0
46,0.0,0.615,0.385,1616.9006012807852,34.042053455273056,6,2.0
47,0.0,0.63,0.37,1586.517007837775,33.06458847558491,6,2.0
48,0.0,0.595,0.405,1627.542412787766,34.3807473586933,6,2.0
49,0.0,0.605,0.395,1614.78051057846,33.97210865200171,6,2.0
50,0.0,0.635,0.365,1513.1038591314866,30.63684147191882,6,2.0
51,0.0,0.65,0.35,1465.7731293592954,29.02537734326671,6,2.0
52,0.0,0.62,0.38,1603.52412445,33.6089932604185,6,2.0
53,0.0,0.635,0.365,1556.2641365835227,32.068927567905476,6,2.0
54,0.0,0.595,0.405,1634.8047819845149,34.61030616912233,6,2.0
55,0.0,0.63,0.37,1539.2137280342063,31.509312131317436,6,2.0
56,0.0,0.605,0.395,1601.4668445633379,33.54260010308893,6,2.0
57,0.0,0.63,0.37,1526.2531771759825,31.071319519163417,6,2.0
58,0.0,0.595,0.405,1611.5750070129423,33.86314924087431,6,2.0
59,0.0,0.61,0.39,1588.772122112038,33.12834563942627,6,2.0
60,0.0,0.59,0.41,1633.1999481555192,34.55029663169702,6,2.0
61,0.0,0.61,0.39,1554.4376053365613,31.99817491687126,6,2.0
62,0.0,0.57,0.43,1630.1794958689209,34.45251298951669,6,2.0
63,0.0,0.6,0.4,1529.1398930646062,31.168016657447694,6,2.0
64,0.0,0.62,0.38,1495.6157892654053,30.039609815028605,6,2.0
65,0.0,0.585,0.415,1574.1143535439342,32.653815156319865,6,2.0
66,0.0,0.59,0.41,1569.1811031659,32.49333715880219,6,2.0
67,0.0,0.605,0.395,1565.2863653173988,32.3658621946022,6,2.0
68,0.0,0.625,0.375,1531.658485126218,31.254495769698142,6,2.0
69,0.0,0.585,0.415,1616.2815462301712,34.01449379695256,6,2.0
70,0.0,0.615,0.385,1547.576428653027,31.78264876968654,6,2.0
71,0.0,0.615,0.385,1547.576428653027,31.78264876968654,6,2.0
72,0.0,0.575,0.425,1632.0341488763133,34.52234162116315,6,2.0
73,0.0,0.6,0.4,1552.0460725054436,31.93264221656401,6,2.0
74,0.0,0.58,0.42,1613.5854994820063,33.93696542826156,6,2.0
75,0.0,0.6,0.4,1554.1782483088573,32.0044671897727,6,2.0
76,0.0,0.605,0.395,1552.0453750818426,31.934492147705377,6,2.0
77,0.0,0.615,0.385,1539.860579268364,31.53009065767445,6,2.0
78,0.0,0.585,0.415,1610.6147309375278,33.830986151474946,6,2.0
79,0.0,0.605,0.395,1514.289197966174,30.673173949851318,6,2.0
80,0.0,0.59,0.41,1544.9811433219654,31.699527425821145,6,2.0
81,0.0,0.565,0.435,1597.418291684997,33.41406945140998,6,2.0
82,0.0,0.565,0.435,1597.418291684997,33.41406945140998,6,2.0
83,0.0,0.585,0.415,1546.5607128847632,31.751249493701568,6,2.0
84,0.0,0.605,0.395,1503.6071676167205,30.31901709704851,6,2.0
85,0.0,0.57,0.43,1596.3336760527739,33.377948122101834,6,2.0
86,0.0,0.6,0.4,1557.5054603795254,32.116323408949896,6,2.0
87,0.0,0.58,0.42,1594.3892697011308,33.318903299327935,6,2.0
88,0.0,0.605,0.395,1539.4184984187248,31.515464630011998,6,2.0
89,0.0,0.62,0.38,1525.650302417985,31.05865253398921,6,2.0
90,0.0,0.59,0.41,1574.9085173519256,32.68545402098156,6,2.0
91,0.0,0.615,0.385,1521.5800606341159,30.919142944368332,6,2.0
92,0.0,0.635,0.365,1461.892796492998,28.886941041347693,6,2.0
93,0.0,0.605,0.395,1571.270476778685,32.5639244937836,6,2.0
94,0.0,0.62,0.38,1536.0493325945392,31.40681357362114,6,2.0
95,0.0,0.585,0.415,1618.860700773076,34.1080565379778,6,2.0
96,0.0,0.605,0.395,1593.1972692556362,33.28301708720131,6,2.0
97,0.0,0.615,0.385,1582.032330198972,32.9208258741193,6,2.0
98,0.0,0.64,0.36,1530.21219262061,31.21116608289687,6,2.0
99,0.0,0.605,0.395,1592.230812392376,33.24956607843596,6,2.0
100,0.0,0.62,0.38,1539.4612820900861,31.519362992458422,6,2.0
0,0.0,1.0,0.0,983.9163305709235,0.0,7,0.0
1,0.0,0.95,0.05,900.8642087284509,4.361342711399223,7,0.0
2,0.0,0.905,0.095,999.9002722241655,9.590103578166417,7,0.0
3,0.0,0.855,0.145,1098.795456507026,13.712372962591697,7,0.0
4,0.0,0.805,0.195,1232.6818740656224,18.85510845349076,7,0.0
5,0.0,0.76,0.24,1343.9525931647827,22.834354877883285,7,0.0
6,0.0,0.72,0.28,1470.6831962431822,27.06858693263737,7,0.0
7,0.0,0.695,0.305,1585.394353332012,30.71961047629335,7,0.0
8,0.0,0.655,0.345,1665.5472574548621,33.55811932495622,7,0.0
9,0.0,0.63,0.37,1679.3891100657595,34.09962289946021,7,0.0
10,0.0,0.61,0.39,1724.3890839469161,35.99223916099739,7,0.0
11,0.0,0.595,0.405,1746.4706602091564,37.02387807263066,7,0.0
12,0.0,0.565,0.435,1790.1553880133642,39.343161471136426,7,0.0
13,0.0,0.545,0.455,1814.2584751939357,40.856454418339,7,0.0
14,0.0,0.515,0.485,1846.6800908554944,43.37533581111725,7,0.0
15,0.0,0.485,0.515,1882.2487750479322,47.9124923707129,7,0.0
16,0.0,0.46,0.54,1886.0135767595457,48.911059792456626,7,0.0
17,0.0,0.44,0.56,1888.8516829419846,50.13821982357207,7,0.0
18,0.0,0.425,0.575,1888.7628365254004,51.98205975775789,7,0.0
19,0.0,0.4,0.6,1884.8041143994142,53.68390236617282,7,0.0
20,0.0,0.385,0.615,1882.1777223673726,54.32331219003121,7,0.0
21,0.0,0.37,0.63,1874.3141007354807,55.7639489180216,7,0.0
22,0.0,0.345,0.655,1866.5937913337066,56.85993550758892,7,0.0
23,0.0,0.32,0.68,1857.181740350356,57.96927006686872,7,0.0
24,0.0,0.305,0.695,1847.9039991667628,58.89844444798902,7,0.0
25,0.0,0.285,0.715,1844.4152469695855,59.22431016399942,7,0.0
26,0.0,0.28,0.72,1840.8306395057675,59.552543448299396,7,0.0
27,0.0,0.275,0.725,1838.5024804872814,59.75880860121741,7,0.0
28,0.0,0.27,0.73,1834.38243978448,60.104727127888815,7,0.0
29,0.0,0.26,0.74,1827.4486030716264,60.67363271219354,7,0.0
30,0.0,0.25,0.75,1824.2559288000693,60.922845566172036,7,0.0
31,0.0,0.245,0.755,1822.5720094977958,61.05314047962476,7,0.0
32,0.0,0.245,0.755,1822.5720094977958,61.05314047962476,7,0.0
33,0.0,0.23,0.77,1804.3307870341243,62.36458899225877,7,0.0
34,0.0,0.23,0.77,1804.3307870341243,62.36458899225877,7,0.0
35,0.0,0.22,0.78,1793.1990940755177,63.10181836198985,7,0.0
36,0.0,0.19,0.81,1771.4487904246623,64.42360031607191,7,0.0
37,0.0,0.175,0.825,1760.218076309813,65.05666494111732,7,0.0
38,0.0,0.165,0.835,1746.7578950545114,65.7821204477901,7,0.0
39,0.0,0.165,0.835,1746.7578950545114,65.7821204477901,7,0.0
40,0.0,0.15,0.85,1739.88474491921,66.1402313571604,7,0.0
41,0.0,0.14,0.86,1734.897159748475,66.3970980557983,7,0.0
42,0.0,0.135,0.865,1734.3465980821302,66.42498909599772,7,0.0
43,0.0,0.13,0.87,1732.9458347970049,66.49548994027262,7,0.0
44,0.0,0.125,0.875,1728.6201856738062,66.71401497474855,7,0.0
45,0.0,0.115,0.885,1720.756187579846,67.10323917569326,7,0.0
46,0.0,0.11,0.89,1703.975604374023,67.90009413189318,7,0.0
47,0.0,0.105,0.895,1697.93219718749,68.18071244908421,7,0.0
48,0.0,0.1,0.9,1689.239546038829,68.5766494970073,7,0.0
49,0.0,0.1,0.9,1689.239546038829,68.5766494970073,7,0.0
50,0.0,0.09,0.91,1649.2284518604613,70.32150170990752,7,0.0
51,0.0,0.09,0.91,1649.2284518604613,70.32150170990752,7,0.0
52,0.0,0.085,0.915,1631.7858638351695,71.03150010702257,7,0.0
53,0.0,0.085,0.915,1631.7858638351695,71.03150010702257,7,0.0
54,0.0,0.08,0.92,1628.6985398231216,71.15517401659051,7,0.0
55,0.0,0.07,0.93,1614.9567480380963,71.70447580274646,7,0.0
56,0.0,0.055,0.945,1578.3469666742592,73.10001231995389,7,0.0
57,0.0,0.05,0.95,1570.5663733189044,73.38634604289348,7,0.0
58,0.0,0.05,0.95,1570.5663733189044,73.38634604289348,7,0.0
59,0.0,0.05,0.95,1570.5663733189044,73.38634604289348,7,0.0
60,0.0,0.045,0.955,1566.1187291870176,73.54836960830902,7,0.0
61,0.0,0.04,0.96,1556.6417256665811,73.89340681091176,7,0.0
62,0.0,0.04,0.96,1556.6417256665811,73.89340681091176,7,0.0
63,0.0,0.04,0.96,1556.6417256665811,73.89340681091176,7,0.0
64,0.0,0.04,0.96,1556.6417256665811,73.89340681091176,7,0.0
65,0.0,0.04,0.96,1556.6417256665811,73.89340681091176,7,0.0
0,0.0,1.0,0.0,983.9163305709235,0.0,7,0.5
1,0.0,0.95,0.05,900.8642087284509,4.361342711399223,7,0.5
2,0.0,0.905,0.095,999.9002722241655,9.590103578166417,7,0.5
3,0.0,0.855,0.145,1098.795456507026,13.712372962591697,7,0.5
4,0.0,0.805,0.195,1232.6818740656224,18.85510845349076,7,0.5
5,0.0,0.76,0.24,1343.9525931647827,22.834354877883285,7,0.5
6,0.0,0.72,0.28,1470.6831962431822,27.06858693263737,7,0.5
7,0.0,0.695,0.305,1585.394353332012,30.71961047629335,7,0.5
8,0.0,0.655,0.345,1665.5472574548621,33.55811932495622,7,0.5
9,0.0,0.63,0.37,1679.3891100657595,34.09962289946021,7,0.5
10,0.0,0.61,0.39,1724.3890839469161,35.99223916099739,7,0.5
11,0.0,0.595,0.405,1746.4706602091564,37.02387807263066,7,0.5
12,0.0,0.565,0.435,1790.1553880133642,39.343161471136426,7,0.5
13,0.0,0.545,0.455,1814.2584751939357,40.856454418339,7,0.5
14,0.0,0.515,0.485,1846.6800908554944,43.37533581111725,7,0.5
15,0.0,0.485,0.515,1882.2487750479322,47.9124923707129,7,0.5
16,0.0,0.46,0.54,1886.0135767595457,48.911059792456626,7,0.5
17,0.0,0.44,0.56,1888.8516829419846,50.13821982357207,7,0.5
18,0.0,0.425,0.575,1888.7628365254004,51.98205975775789,7,0.5
19,0.0,0.4,0.6,1884.8041143994142,53.68390236617282,7,0.5
20,0.0,0.385,0.615,1882.1777223673726,54.32331219003121,7,0.5
21,0.0,0.37,0.63,1874.3141007354807,55.7639489180216,7,0.5
22,0.0,0.345,0.655,1866.5937913337066,56.85993550758892,7,0.5
23,0.0,0.32,0.68,1857.181740350356,57.96927006686872,7,0.5
24,0.0,0.305,0.695,1847.9039991667628,58.89844444798902,7,0.5
25,0.0,0.285,0.715,1844.4152469695855,59.22431016399942,7,0.5
26,0.0,0.28,0.72,1840.8306395057675,59.552543448299396,7,0.5
27,0.0,0.275,0.725,1838.5024804872814,59.75880860121741,7,0.5
28,0.0,0.27,0.73,1834.38243978448,60.104727127888815,7,0.5
29,0.0,0.26,0.74,1827.4486030716264,60.67363271219354,7,0.5
30,0.0,0.25,0.75,1824.2559288000693,60.922845566172036,7,0.5
31,0.0,0.245,0.755,1822.5720094977958,61.05314047962476,7,0.5
32,0.0,0.245,0.755,1822.5720094977958,61.05314047962476,7,0.5
33,0.0,0.23,0.77,1804.3307870341243,62.36458899225877,7,0.5
34,0.0,0.23,0.77,1804.3307870341243,62.36458899225877,7,0.5
35,0.0,0.22,0.78,1793.1990940755177,63.10181836198985,7,0.5
36,0.0,0.19,0.81,1771.4487904246623,64.42360031607191,7,0.5
37,0.0,0.175,0.825,1760.218076309813,65.05666494111732,7,0.5
38,0.0,0.165,0.835,1746.7578950545114,65.7821204477901,7,0.5
39,0.0,0.165,0.835,1746.7578950545114,65.7821204477901,7,0.5
40,0.0,0.15,0.85,1739.88474491921,66.1402313571604,7,0.5
41,0.0,0.14,0.86,1734.897159748475,66.3970980557983,7,0.5
42,0.0,0.135,0.865,1734.3465980821302,66.42498909599772,7,0.5
43,0.0,0.13,0.87,1732.9458347970049,66.49548994027262,7,0.5
44,0.0,0.125,0.875,1728.6201856738062,66.71401497474855,7,0.5
45,0.0,0.115,0.885,1720.756187579846,67.10323917569326,7,0.5
46,0.0,0.11,0.89,1703.975604374023,67.90009413189318,7,0.5
47,0.0,0.105,0.895,1697.93219718749,68.18071244908421,7,0.5
48,0.0,0.1,0.9,1689.239546038829,68.5766494970073,7,0.5
49,0.0,0.1,0.9,1689.239546038829,68.5766494970073,7,0.5
50,0.0,0.09,0.91,1649.2284518604613,70.32150170990752,7,0.5
51,0.0,0.09,0.91,1649.2284518604613,70.32150170990752,7,0.5
52,0.0,0.085,0.915,1631.7858638351695,71.03150010702257,7,0.5
53,0.0,0.085,0.915,1631.7858638351695,71.03150010702257,7,0.5
54,0.0,0.08,0.92,1628.6985398231216,71.15517401659051,7,0.5
55,0.0,0.07,0.93,1614.9567480380963,71.70447580274646,7,0.5
56,0.0,0.055,0.945,1578.3469666742592,73.10001231995389,7,0.5
57,0.0,0.05,0.95,1570.5663733189044,73.38634604289348,7,0.5
58,0.0,0.05,0.95,1570.5663733189044,73.38634604289348,7,0.5
59,0.0,0.05,0.95,1570.5663733189044,73.38634604289348,7,0.5
60,0.0,0.045,0.955,1566.1187291870176,73.54836960830902,7,0.5
61,0.0,0.04,0.96,1556.6417256665811,73.89340681091176,7,0.5
62,0.0,0.04,0.96,1556.6417256665811,73.89340681091176,7,0.5
63,0.0,0.04,0.96,1556.6417256665811,73.89340681091176,7,0.5
64,0.0,0.04,0.96,1556.6417256665811,73.89340681091176,7,0.5
65,0.0,0.04,0.96,1556.6417256665811,73.89340681091176,7,0.5
0,0.0,1.0,0.0,983.9163305709235,0.0,7,1.0
1,0.0,0.95,0.05,900.8642087284509,4.361342711399223,7,1.0
2,0.0,0.905,0.095,999.9002722241655,9.590103578166417,7,1.0
3,0.0,0.855,0.145,1098.795456507026,13.712372962591697,7,1.0
4,0.0,0.805,0.195,1232.6818740656224,18.85510845349076,7,1.0
5,0.0,0.76,0.24,1343.9525931647827,22.834354877883285,7,1.0
6,0.0,0.72,0.28,1470.6831962431822,27.06858693263737,7,1.0
7,0.0,0.72,0.28,1470.6831962431822,27.06858693263737,7,1.0
8,0.0,0.72,0.28,1470.6831962431822,27.06858693263737,7,1.0
9,0.0,0.69,0.31,1496.153967966963,27.89193111728342,7,1.0
10,0.0,0.69,0.31,1496.153967966963,27.89193111728342,7,1.0
11,0.0,0.69,0.31,1496.153967966963,27.89193111728342,7,1.0
12,0.0,0.69,0.31,1496.153967966963,27.89193111728342,7,1.0
13,0.0,0.69,0.31,1496.153967966963,27.89193111728342,7,1.0
0,0.0,1.0,0.0,983.9163305709235,0.0,7,1.5
1,0.0,0.95,0.05,900.8642087284509,4.361342711399223,7,1.5
2,0.0,0.905,0.095,999.9002722241655,9.590103578166417,7,1.5
3,0.0,0.855,0.145,1098.795456507026,13.712372962591697,7,1.5
4,0.0,0.805,0.195,1232.6818740656224,18.85510845349076,7,1.5
5,0.0,0.76,0.24,1343.9525931647827,22.834354877883285,7,1.5
6,0.0,0.72,0.28,1470.6831962431822,27.06858693263737,7,1.5
7,0.0,0.745,0.255,1407.2718221874384,24.979174112480038,7,1.5
8,0.0,0.705,0.295,1496.778585735109,27.917236183028955,7,1.5
9,0.0,0.67,0.33,1539.0061266948533,29.255661999336194,7,1.5
10,0.0,0.7,0.3,1461.1370692660664,26.762598682317055,7,1.5
11,0.0,0.725,0.275,1401.26529052218,24.781287760980078,7,1.5
12,0.0,0.68,0.32,1516.849867810117,28.55935701163327,7,1.5
13,0.0,0.695,0.305,1501.4557188411497,28.068941561664726,7,1.5
14,0.0,0.71,0.29,1471.0549636699234,27.08768411637553,7,1.5
15,0.0,0.715,0.285,1450.6516927860516,26.42343673647049,7,1.5
16,0.0,0.67,0.33,1517.183983584989,28.570223062845674,7,1.5
17,0.0,0.695,0.305,1481.2427643779693,27.41883321992751,7,1.5
18,0.0,0.715,0.285,1453.4899223372292,26.516364385150407,7,1.5
19,0.0,0.73,0.27,1383.6983875670396,24.194741079647287,7,1.5
20,0.0,0.695,0.305,1453.4627969113915,26.522679973692682,7,1.5
21,0.0,0.675,0.325,1550.3870611819336,29.623229043067596,7,1.5
22,0.0,0.685,0.315,1530.4869849874894,28.997791497414354,7,1.5
23,0.0,0.7,0.3,1502.6219103145513,28.11308284003006,7,1.5
24,0.0,0.715,0.285,1450.4894839450951,26.423629972926626,7,1.5
25,0.0,0.675,0.325,1507.38508791965,28.263304425668785,7,1.5
26,0.0,0.695,0.305,1459.4334799557732,26.721489490486807,7,1.5
27,0.0,0.665,0.335,1528.992153006208,28.95029800308384,7,1.5
28,0.0,0.645,0.355,1553.722621424054,29.72655285123752,7,1.5
29,0.0,0.66,0.34,1487.2518444551183,27.61701172657386,7,1.5
30,0.0,0.635,0.365,1520.7397785556918,28.687207510348685,7,1.5
31,0.0,0.66,0.34,1451.3948933922293,26.449853293674472,7,1.5
32,0.0,0.625,0.375,1550.0546403019353,29.60598633597111,7,1.5
33,0.0,0.655,0.345,1488.0893231965015,27.643866894677636,7,1.5
34,0.0,0.67,0.33,1476.4050866736766,27.267229415362152,7,1.5
35,0.0,0.685,0.315,1439.382369175903,26.05710967386937,7,1.5
36,0.0,0.645,0.355,1509.677836308989,28.33189130705597,7,1.5
37,0.0,0.655,0.345,1473.1604410422785,27.154601107748306,7,1.5
38,0.0,0.62,0.38,1543.9811215162385,29.411916248323042,7,1.5
39,0.0,0.65,0.35,1497.0157889757354,27.92630045137119,7,1.5
40,0.0,0.62,0.38,1525.416007759318,28.829049016741592,7,1.5
41,0.0,0.645,0.355,1483.8030142248513,27.502521992951223,7,1.5
42,0.0,0.625,0.375,1532.6735402198133,29.05847235067309,7,1.5
43,0.0,0.655,0.345,1453.3111623322886,26.510796217684117,7,1.5
44,0.0,0.615,0.385,1540.4989353912893,29.298412998006278,7,1.5
45,0.0,0.635,0.365,1522.067820600782,28.71725792547082,7,1.5
46,0.0,0.645,0.355,1496.5948793239515,27.904708227711577,7,1.5
47,0.0,0.665,0.335,1427.7087552729668,25.657222023134963,7,1.5
48,0.0,0.67,0.33,1419.8071611740204,25.39374104808917,7,1.5
49,0.0,0.635,0.365,1484.9861701497664,27.528476009307436,7,1.5
50,0.0,0.655,0.345,1438.660512015829,26.017516880000485,7,1.5
51,0.0,0.62,0.38,1551.9842162071536,29.64001736441662,7,1.5
52,0.0,0.635,0.365,1462.4579514112731,26.78956522020736,7,1.5
53,0.0,0.655,0.345,1417.3590557493249,25.304885888015747,7,1.5
54,0.0,0.625,0.375,1503.8246564865603,28.12936300968598,7,1.5
55,0.0,0.645,0.355,1445.2304561981964,26.229497964536627,7,1.5
56,0.0,0.615,0.385,1541.7288810436112,29.328524565026168,7,1.5
57,0.0,0.64,0.36,1503.3962251931578,28.11461742888902,7,1.5
58,0.0,0.665,0.335,1466.1619596424794,26.91613339297175,7,1.5
59,0.0,0.675,0.325,1439.125109589913,26.034092474051285,7,1.5
60,0.0,0.635,0.365,1535.0280004829572,29.12595106896915,7,1.5
61,0.0,0.66,0.34,1469.0062789627618,27.0247927075756,7,1.5
62,0.0,0.63,0.37,1548.1213524897432,29.54548872858429,7,1.5
63,0.0,0.645,0.355,1513.1302147046815,28.442653706211196,7,1.5
64,0.0,0.665,0.335,1439.3890534347345,26.054763385559312,7,1.5
65,0.0,0.63,0.37,1513.319093324322,28.4435278861395,7,1.5
66,0.0,0.635,0.365,1481.3459013808083,27.418178557073137,7,1.5
67,0.0,0.655,0.345,1448.1896532215865,26.33718835259893,7,1.5
68,0.0,0.665,0.335,1419.7495020637302,25.39945649348275,7,1.5
69,0.0,0.68,0.32,1380.3612481879413,24.074600689699285,7,1.5
70,0.0,0.645,0.355,1455.8481756013566,26.591209381662953,7,1.5
71,0.0,0.615,0.385,1501.1683077351695,28.053732015543815,7,1.5
72,0.0,0.595,0.405,1547.6685299366388,29.521867527840442,7,1.5
73,0.0,0.625,0.375,1467.3714379840492,26.962406682122264,7,1.5
74,0.0,0.6,0.4,1554.3329457400405,29.729140449093872,7,1.5
75,0.0,0.63,0.37,1445.4241668375516,26.243677326223935,7,1.5
76,0.0,0.645,0.355,1429.452406929621,25.715839407908003,7,1.5
77,0.0,0.66,0.34,1412.6192484250225,25.156445624875005,7,1.5
78,0.0,0.63,0.37,1498.958519262614,27.97777859545038,7,1.5
79,0.0,0.645,0.355,1466.2330660831062,26.91971331329362,7,1.5
80,0.0,0.615,0.385,1535.4171657175984,29.130467951717133,7,1.5
81,0.0,0.645,0.355,1461.093565642813,26.750412192696636,7,1.5
82,0.0,0.655,0.345,1416.9763529896518,25.29468169177331,7,1.5
83,0.0,0.635,0.365,1480.7135413049411,27.389016757689884,7,1.5
84,0.0,0.605,0.395,1534.3258097379767,29.095024334653623,7,1.5
85,0.0,0.625,0.375,1509.2278939343048,28.29993394790207,7,1.5
86,0.0,0.64,0.36,1489.811677007836,27.678609916748073,7,1.5
87,0.0,0.665,0.335,1449.39058602442,26.364592570360944,7,1.5
88,0.0,0.63,0.37,1525.7993440571054,28.824848689621533,7,1.5
89,0.0,0.655,0.345,1477.110924186119,27.270524807700085,7,1.5
90,0.0,0.67,0.33,1419.884961699749,25.38919698327954,7,1.5
91,0.0,0.635,0.365,1488.8497248790188,27.64854779029445,7,1.5
92,0.0,0.64,0.36,1449.667975731171,26.3724971600142,7,1.5
93,0.0,0.655,0.345,1414.621223479765,25.209832435602646,7,1.5
94,0.0,0.61,0.39,1547.8754647346357,29.501162293746475,7,1.5
95,0.0,0.635,0.365,1504.3954069204271,28.13039641519331,7,1.5
96,0.0,0.615,0.385,1549.4272215097049,29.55105177719873,7,1.5
97,0.0,0.63,0.37,1516.7372866302596,28.522576271754367,7,1.5
98,0.0,0.65,0.35,1501.7612299566051,28.04620115625496,7,1.5
99,0.0,0.67,0.33,1455.2135615499049,26.542694207521585,7,1.5
100,0.0,0.65,0.35,1477.5445763676842,27.27026161449467,7,1.5
0,0.0,1.0,0.0,983.9163305709235,0.0,7,2.0
1,0.0,0.95,0.05,900.8642087284509,4.361342711399223,7,2.0
2,0.0,0.905,0.095,999.9002722241655,9.590103578166417,7,2.0
3,0.0,0.855,0.145,1098.795456507026,13.712372962591697,7,2.0
4,0.0,0.805,0.195,1232.6818740656224,18.85510845349076,7,2.0
5,0.0,0.76,0.24,1343.9525931647827,22.834354877883285,7,2.0
6,0.0,0.72,0.28,1470.6831962431822,27.06858693263737,7,2.0
7,0.0,0.745,0.255,1407.2718221874384,24.979174112480038,7,2.0
8,0.0,0.705,0.295,1496.778585735109,27.917236183028955,7,2.0
9,0.0,0.67,0.33,1539.0061266948533,29.255661999336194,7,2.0
10,0.0,0.7,0.3,1461.1370692660664,26.762598682317055,7,2.0
11,0.0,0.725,0.275,1401.26529052218,24.781287760980078,7,2.0
12,0.0,0.68,0.32,1516.849867810117,28.55935701163327,7,2.0
13,0.0,0.695,0.305,1501.4557188411497,28.068941561664726,7,2.0
14,0.0,0.71,0.29,1471.0549636699234,27.08768411637553,7,2.0
15,0.0,0.715,0.285,1450.6516927860516,26.42343673647049,7,2.0
16,0.0,0.67,0.33,1517.183983584989,28.570223062845674,7,2.0
17,0.0,0.695,0.305,1481.2427643779693,27.41883321992751,7,2.0
18,0.0,0.715,0.285,1453.4899223372292,26.516364385150407,7,2.0
19,0.0,0.73,0.27,1383.6983875670396,24.194741079647287,7,2.0
20,0.0,0.695,0.305,1453.4627969113915,26.522679973692682,7,2.0
21,0.0,0.675,0.325,1550.3870611819336,29.623229043067596,7,2.0
22,0.0,0.685,0.315,1530.4869849874894,28.997791497414354,7,2.0
23,0.0,0.7,0.3,1502.6219103145513,28.11308284003006,7,2.0
24,0.0,0.715,0.285,1450.4894839450951,26.423629972926626,7,2.0
25,0.0,0.675,0.325,1507.38508791965,28.263304425668785,7,2.0
26,0.0,0.695,0.305,1459.4334799557732,26.721489490486807,7,2.0
27,0.0,0.665,0.335,1528.992153006208,28.95029800308384,7,2.0
28,0.0,0.645,0.355,1553.722621424054,29.72655285123752,7,2.0
29,0.0,0.66,0.34,1487.2518444551183,27.61701172657386,7,2.0
30,0.0,0.635,0.365,1520.7397785556918,28.687207510348685,7,2.0
31,0.0,0.66,0.34,1451.3948933922293,26.449853293674472,7,2.0
32,0.0,0.625,0.375,1550.0546403019353,29.60598633597111,7,2.0
33,0.0,0.655,0.345,1488.0893231965015,27.643866894677636,7,2.0
34,0.0,0.67,0.33,1476.4050866736766,27.267229415362152,7,2.0
35,0.0,0.685,0.315,1439.382369175903,26.05710967386937,7,2.0
36,0.0,0.645,0.355,1509.677836308989,28.33189130705597,7,2.0
37,0.0,0.655,0.345,1473.1604410422785,27.154601107748306,7,2.0
38,0.0,0.62,0.38,1543.9811215162385,29.411916248323042,7,2.0
39,0.0,0.65,0.35,1497.0157889757354,27.92630045137119,7,2.0
40,0.0,0.62,0.38,1525.416007759318,28.829049016741592,7,2.0
41,0.0,0.645,0.355,1483.8030142248513,27.502521992951223,7,2.0
42,0.0,0.625,0.375,1532.6735402198133,29.05847235067309,7,2.0
43,0.0,0.655,0.345,1453.3111623322886,26.510796217684117,7,2.0
44,0.0,0.615,0.385,1540.4989353912893,29.298412998006278,7,2.0
45,0.0,0.635,0.365,1522.067820600782,28.71725792547082,7,2.0
46,0.0,0.645,0.355,1496.5948793239515,27.904708227711577,7,2.0
47,0.0,0.665,0.335,1427.7087552729668,25.657222023134963,7,2.0
48,0.0,0.67,0.33,1419.8071611740204,25.39374104808917,7,2.0
49,0.0,0.635,0.365,1484.9861701497664,27.528476009307436,7,2.0
50,0.0,0.655,0.345,1438.660512015829,26.017516880000485,7,2.0
51,0.0,0.62,0.38,1551.9842162071536,29.64001736441662,7,2.0
52,0.0,0.635,0.365,1462.4579514112731,26.78956522020736,7,2.0
53,0.0,0.655,0.345,1417.3590557493249,25.304885888015747,7,2.0
54,0.0,0.625,0.375,1503.8246564865603,28.12936300968598,7,2.0
55,0.0,0.645,0.355,1445.2304561981964,26.229497964536627,7,2.0
56,0.0,0.615,0.385,1541.7288810436112,29.328524565026168,7,2.0
57,0.0,0.64,0.36,1503.3962251931578,28.11461742888902,7,2.0
58,0.0,0.665,0.335,1466.1619596424794,26.91613339297175,7,2.0
59,0.0,0.675,0.325,1439.125109589913,26.034092474051285,7,2.0
60,0.0,0.635,0.365,1535.0280004829572,29.12595106896915,7,2.0
61,0.0,0.66,0.34,1469.0062789627618,27.0247927075756,7,2.0
62,0.0,0.63,0.37,1548.1213524897432,29.54548872858429,7,2.0
63,0.0,0.645,0.355,1513.1302147046815,28.442653706211196,7,2.0
64,0.0,0.665,0.335,1439.3890534347345,26.054763385559312,7,2.0
65,0.0,0.63,0.37,1513.319093324322,28.4435278861395,7,2.0
66,0.0,0.635,0.365,1481.3459013808083,27.418178557073137,7,2.0
67,0.0,0.655,0.345,1448.1896532215865,26.33718835259893,7,2.0
68,0.0,0.665,0.335,1419.7495020637302,25.39945649348275,7,2.0
69,0.0,0.68,0.32,1380.3612481879413,24.074600689699285,7,2.0
70,0.0,0.645,0.355,1455.8481756013566,26.591209381662953,7,2.0
71,0.0,0.615,0.385,1501.1683077351695,28.053732015543815,7,2.0
72,0.0,0.595,0.405,1547.6685299366388,29.521867527840442,7,2.0
73,0.0,0.625,0.375,1467.3714379840492,26.962406682122264,7,2.0
74,0.0,0.6,0.4,1554.3329457400405,29.729140449093872,7,2.0
75,0.0,0.63,0.37,1445.4241668375516,26.243677326223935,7,2.0
76,0.0,0.645,0.355,1429.452406929621,25.715839407908003,7,2.0
77,0.0,0.66,0.34,1412.6192484250225,25.156445624875005,7,2.0
78,0.0,0.63,0.37,1498.958519262614,27.97777859545038,7,2.0
79,0.0,0.645,0.355,1466.2330660831062,26.91971331329362,7,2.0
80,0.0,0.615,0.385,1535.4171657175984,29.130467951717133,7,2.0
81,0.0,0.645,0.355,1461.093565642813,26.750412192696636,7,2.0
82,0.0,0.655,0.345,1416.9763529896518,25.29468169177331,7,2.0
83,0.0,0.635,0.365,1480.7135413049411,27.389016757689884,7,2.0
84,0.0,0.605,0.395,1534.3258097379767,29.095024334653623,7,2.0
85,0.0,0.625,0.375,1509.2278939343048,28.29993394790207,7,2.0
86,0.0,0.64,0.36,1489.811677007836,27.678609916748073,7,2.0
87,0.0,0.665,0.335,1449.39058602442,26.364592570360944,7,2.0
88,0.0,0.63,0.37,1525.7993440571054,28.824848689621533,7,2.0
89,0.0,0.655,0.345,1477.110924186119,27.270524807700085,7,2.0
90,0.0,0.67,0.33,1419.884961699749,25.38919698327954,7,2.0
91,0.0,0.635,0.365,1488.8497248790188,27.64854779029445,7,2.0
92,0.0,0.64,0.36,1449.667975731171,26.3724971600142,7,2.0
93,0.0,0.655,0.345,1414.621223479765,25.209832435602646,7,2.0
94,0.0,0.61,0.39,1547.8754647346357,29.501162293746475,7,2.0
95,0.0,0.635,0.365,1504.3954069204271,28.13039641519331,7,2.0
96,0.0,0.615,0.385,1549.4272215097049,29.55105177719873,7,2.0
97,0.0,0.63,0.37,1516.7372866302596,28.522576271754367,7,2.0
98,0.0,0.65,0.35,1501.7612299566051,28.04620115625496,7,2.0
99,0.0,0.67,0.33,1455.2135615499049,26.542694207521585,7,2.0
100,0.0,0.65,0.35,1477.5445763676842,27.27026161449467,7,2.0
0,0.0,1.0,0.0,1011.0387899796223,0.0,9,0.0
1,0.0,0.95,0.05,923.6202245932242,5.016224104606083,9,0.0
2,0.0,0.9,0.1,1018.7204042900828,10.223875985803435,9,0.0
3,0.0,0.86,0.14,1197.7982002850931,17.90342353159915,9,0.0
4,0.0,0.82,0.18,1265.0643309825375,20.55514826935908,9,0.0
5,0.0,0.785,0.215,1312.0848459972742,22.351262623418883,9,0.0
6,0.0,0.75,0.25,1380.3310504158003,24.87749267637455,9,0.0
7,0.0,0.7,0.3,1495.2933682741216,28.935065491981746,9,0.0
8,0.0,0.65,0.35,1627.2120029756709,33.31373785184252,9,0.0
9,0.0,0.61,0.39,1738.0934533030693,36.862809271803904,9,0.0
10,0.0,0.59,0.41,1759.6779794651102,37.608810276512166,9,0.0
11,0.0,0.56,0.44,1852.994141231343,41.29308599258654,9,0.0
12,0.0,0.545,0.455,1861.6831055568273,41.685164055190796,9,0.0
13,0.0,0.515,0.485,1915.4942315297,44.42821395026343,9,0.0
14,0.0,0.5,0.5,1927.2520627732451,45.119478869921224,9,0.0
15,0.0,0.48,0.52,1956.629341394088,47.09077055150853,9,0.0
16,0.0,0.455,0.545,1983.406144311274,49.410404057153606,9,0.0
17,0.0,0.425,0.575,2000.72206457542,51.515666540048265,9,0.0
18,0.0,0.395,0.605,2010.120371518442,53.28126491695074,9,0.0
19,0.0,0.385,0.615,2013.698738826242,54.348965142680825,9,0.0
20,0.0,0.365,0.635,2015.5203429312146,56.340660407190704,9,0.0
21,0.0,0.355,0.645,2014.620352166636,57.20842107661914,9,0.0
22,0.0,0.33,0.67,2011.276335780071,58.539997288993256,9,0.0
23,0.0,0.32,0.68,2009.7619232860984,58.93704712784167,9,0.0
24,0.0,0.31,0.69,2008.0022998431818,59.327922706882994,9,0.0
25,0.0,0.28,0.72,1995.2972201979285,61.41856227156411,9,0.0
26,0.0,0.26,0.74,1989.9938809014893,62.07632315770468,9,0.0
27,0.0,0.23,0.77,1964.604612806289,64.59015098798852,9,0.0
28,0.0,0.22,0.78,1953.4628078024757,65.48789861437895,9,0.0
29,0.0,0.2,0.8,1933.9148884911308,66.89523668467031,9,0.0
30,0.0,0.185,0.815,1892.8817810941935,69.3567591582528,9,0.0
31,0.0,0.175,0.825,1871.5537636825516,70.47998559152293,9,0.0
32,0.0,0.175,0.825,1871.5537636825516,70.47998559152293,9,0.0
33,0.0,0.175,0.825,1871.5537636825516,70.47998559152293,9,0.0
34,0.0,0.17,0.83,1868.8983110027564,70.61359097600378,9,0.0
35,0.0,0.16,0.84,1861.8320682595509,70.97050713360407,9,0.0
36,0.0,0.15,0.85,1840.7071449614366,71.99214707994389,9,0.0
37,0.0,0.145,0.855,1837.067188917437,72.16129188752356,9,0.0
38,0.0,0.135,0.865,1828.5012504795845,72.55317470838739,9,0.0
39,0.0,0.125,0.875,1823.5901900341926,72.77304289897475,9,0.0
40,0.0,0.115,0.885,1813.4399720910128,73.2229209295513,9,0.0
41,0.0,0.11,0.89,1810.7947722442957,73.33711645614952,9,0.0
42,0.0,0.105,0.895,1807.205614839315,73.49217151955372,9,0.0
43,0.0,0.095,0.905,1755.285375625608,75.61227072882127,9,0.0
44,0.0,0.095,0.905,1755.285375625608,75.61227072882127,9,0.0
45,0.0,0.09,0.91,1752.7258680661537,75.71184304336718,9,0.0
46,0.0,0.09,0.91,1752.7258680661537,75.71184304336718,9,0.0
47,0.0,0.085,0.915,1743.9995874101521,76.0493738944347,9,0.0
48,0.0,0.085,0.915,1743.9995874101521,76.0493738944347,9,0.0
49,0.0,0.075,0.925,1729.6274999358168,76.59147795002306,9,0.0
50,0.0,0.075,0.925,1729.6274999358168,76.59147795002306,9,0.0
51,0.0,0.075,0.925,1729.6274999358168,76.59147795002306,9,0.0
52,0.0,0.07,0.93,1728.1563651924712,76.64659232633888,9,0.0
53,0.0,0.07,0.93,1728.1563651924712,76.64659232633888,9,0.0
54,0.0,0.065,0.935,1723.9534516523654,76.8026274114986,9,0.0
55,0.0,0.06,0.94,1720.4453919486732,76.93168923162997,9,0.0
56,0.0,0.06,0.94,1720.4453919486732,76.93168923162997,9,0.0
57,0.0,0.06,0.94,1720.4453919486732,76.93168923162997,9,0.0
58,0.0,0.06,0.94,1720.4453919486732,76.93168923162997,9,0.0
59,0.0,0.06,0.94,1720.4453919486732,76.93168923162997,9,0.0
0,0.0,1.0,0.0,1011.0387899796223,0.0,9,0.5
1,0.0,0.95,0.05,923.6202245932242,5.016224104606083,9,0.5
2,0.0,0.9,0.1,1018.7204042900828,10.223875985803435,9,0.5
3,0.0,0.86,0.14,1197.7982002850931,17.90342353159915,9,0.5
4,0.0,0.82,0.18,1265.0643309825375,20.55514826935908,9,0.5
5,0.0,0.785,0.215,1312.0848459972742,22.351262623418883,9,0.5
6,0.0,0.75,0.25,1380.3310504158003,24.87749267637455,9,0.5
7,0.0,0.7,0.3,1495.2933682741216,28.935065491981746,9,0.5
8,0.0,0.65,0.35,1627.2120029756709,33.31373785184252,9,0.5
9,0.0,0.61,0.39,1738.0934533030693,36.862809271803904,9,0.5
10,0.0,0.59,0.41,1759.6779794651102,37.608810276512166,9,0.5
11,0.0,0.56,0.44,1852.994141231343,41.29308599258654,9,0.5
12,0.0,0.545,0.455,1861.6831055568273,41.685164055190796,9,0.5
13,0.0,0.515,0.485,1915.4942315297,44.42821395026343,9,0.5
14,0.0,0.5,0.5,1927.2520627732451,45.119478869921224,9,0.5
15,0.0,0.48,0.52,1956.629341394088,47.09077055150853,9,0.5
16,0.0,0.455,0.545,1983.406144311274,49.410404057153606,9,0.5
17,0.0,0.425,0.575,2000.72206457542,51.515666540048265,9,0.5
18,0.0,0.395,0.605,2010.120371518442,53.28126491695074,9,0.5
19,0.0,0.385,0.615,2013.698738826242,54.348965142680825,9,0.5
20,0.0,0.365,0.635,2015.5203429312146,56.340660407190704,9,0.5
21,0.0,0.355,0.645,2014.620352166636,57.20842107661914,9,0.5
22,0.0,0.33,0.67,2011.276335780071,58.539997288993256,9,0.5
23,0.0,0.32,0.68,2009.7619232860984,58.93704712784167,9,0.5
24,0.0,0.31,0.69,2008.0022998431818,59.327922706882994,9,0.5
25,0.0,0.28,0.72,1995.2972201979285,61.41856227156411,9,0.5
26,0.0,0.26,0.74,1989.9938809014893,62.07632315770468,9,0.5
27,0.0,0.23,0.77,1964.604612806289,64.59015098798852,9,0.5
28,0.0,0.22,0.78,1953.4628078024757,65.48789861437895,9,0.5
29,0.0,0.2,0.8,1933.9148884911308,66.89523668467031,9,0.5
30,0.0,0.185,0.815,1892.8817810941935,69.3567591582528,9,0.5
31,0.0,0.175,0.825,1871.5537636825516,70.47998559152293,9,0.5
32,0.0,0.175,0.825,1871.5537636825516,70.47998559152293,9,0.5
33,0.0,0.175,0.825,1871.5537636825516,70.47998559152293,9,0.5
34,0.0,0.17,0.83,1868.8983110027564,70.61359097600378,9,0.5
35,0.0,0.16,0.84,1861.8320682595509,70.97050713360407,9,0.5
36,0.0,0.15,0.85,1840.7071449614366,71.99214707994389,9,0.5
37,0.0,0.145,0.855,1837.067188917437,72.16129188752356,9,0.5
38,0.0,0.135,0.865,1828.5012504795845,72.55317470838739,9,0.5
39,0.0,0.125,0.875,1823.5901900341926,72.77304289897475,9,0.5
40,0.0,0.115,0.885,1813.4399720910128,73.2229209295513,9,0.5
41,0.0,0.11,0.89,1810.7947722442957,73.33711645614952,9,0.5
42,0.0,0.105,0.895,1807.205614839315,73.49217151955372,9,0.5
43,0.0,0.095,0.905,1755.285375625608,75.61227072882127,9,0.5
44,0.0,0.095,0.905,1755.285375625608,75.61227072882127,9,0.5
45,0.0,0.09,0.91,1752.7258680661537,75.71184304336718,9,0.5
46,0.0,0.09,0.91,1752.7258680661537,75.71184304336718,9,0.5
47,0.0,0.085,0.915,1743.9995874101521,76.0493738944347,9,0.5
48,0.0,0.085,0.915,1743.9995874101521,76.0493738944347,9,0.5
49,0.0,0.075,0.925,1729.6274999358168,76.59147795002306,9,0.5
50,0.0,0.075,0.925,1729.6274999358168,76.59147795002306,9,0.5
51,0.0,0.075,0.925,1729.6274999358168,76.59147795002306,9,0.5
52,0.0,0.07,0.93,1728.1563651924712,76.64659232633888,9,0.5
53,0.0,0.07,0.93,1728.1563651924712,76.64659232633888,9,0.5
54,0.0,0.065,0.935,1723.9534516523654,76.8026274114986,9,0.5
55,0.0,0.06,0.94,1720.4453919486732,76.93168923162997,9,0.5
56,0.0,0.06,0.94,1720.4453919486732,76.93168923162997,9,0.5
57,0.0,0.06,0.94,1720.4453919486732,76.93168923162997,9,0.5
58,0.0,0.06,0.94,1720.4453919486732,76.93168923162997,9,0.5
59,0.0,0.06,0.94,1720.4453919486732,76.93168923162997,9,0.5
0,0.0,1.0,0.0,1011.0387899796223,0.0,9,1.0
1,0.0,0.95,0.05,923.6202245932242,5.016224104606083,9,1.0
2,0.0,0.9,0.1,1018.7204042900828,10.223875985803435,9,1.0
3,0.0,0.86,0.14,1197.7982002850931,17.90342353159915,9,1.0
4,0.0,0.82,0.18,1265.0643309825375,20.55514826935908,9,1.0
5,0.0,0.785,0.215,1312.0848459972742,22.351262623418883,9,1.0
6,0.0,0.75,0.25,1380.3310504158003,24.87749267637455,9,1.0
7,0.0,0.7,0.3,1495.2933682741216,28.935065491981746,9,1.0
8,0.0,0.65,0.35,1627.2120029756709,33.31373785184252,9,1.0
9,0.0,0.65,0.35,1627.2120029756709,33.31373785184252,9,1.0
10,0.0,0.625,0.375,1661.0960524758907,34.39656582693871,9,1.0
11,0.0,0.625,0.375,1661.0960524758907,34.39656582693871,9,1.0
12,0.0,0.61,0.39,1674.0484702168735,34.80519424367171,9,1.0
13,0.0,0.61,0.39,1674.0484702168735,34.80519424367171,9,1.0
14,0.0,0.61,0.39,1674.0484702168735,34.80519424367171,9,1.0
15,0.0,0.61,0.39,1674.0484702168735,34.80519424367171,9,1.0
16,0.0,0.61,0.39,1674.0484702168735,34.80519424367171,9,1.0
0,0.0,1.0,0.0,1011.0387899796223,0.0,9,1.5
1,0.0,0.95,0.05,923.6202245932242,5.016224104606083,9,1.5
2,0.0,0.9,0.1,1018.7204042900828,10.223875985803435,9,1.5
3,0.0,0.86,0.14,1197.7982002850931,17.90342353159915,9,1.5
4,0.0,0.82,0.18,1265.0643309825375,20.55514826935908,9,1.5
5,0.0,0.785,0.215,1312.0848459972742,22.351262623418883,9,1.5
6,0.0,0.75,0.25,1380.3310504158003,24.87749267637455,9,1.5
7,0.0,0.7,0.3,1495.2933682741216,28.935065491981746,9,1.5
8,0.0,0.65,0.35,1627.2120029756709,33.31373785184252,9,1.5
9,0.0,0.66,0.34,1575.1776650097006,31.625113357393808,9,1.5
10,0.0,0.635,0.365,1608.5661223528057,32.71861185289528,9,1.5
11,0.0,0.655,0.345,1527.2985765978756,30.029905749810915,9,1.5
12,0.0,0.64,0.36,1539.7659322610118,30.44901321359864,9,1.5
13,0.0,0.6,0.4,1639.5127108665245,33.71915538183971,9,1.5
14,0.0,0.585,0.415,1662.722324495471,34.45661720024117,9,1.5
15,0.0,0.615,0.385,1610.0081253387855,32.76785947093926,9,1.5
16,0.0,0.635,0.365,1542.0899862886006,30.524981838797412,9,1.5
17,0.0,0.605,0.395,1613.76814463225,32.88632169262825,9,1.5
18,0.0,0.57,0.43,1689.7777624459986,35.303305202390646,9,1.5
19,0.0,0.6,0.4,1614.7540673718147,32.92179177517373,9,1.5
20,0.0,0.615,0.385,1585.5141401971514,31.96884159214724,9,1.5
21,0.0,0.635,0.365,1551.9458847791318,30.85964676181564,9,1.5
22,0.0,0.595,0.405,1633.340332954575,33.51626617069914,9,1.5
23,0.0,0.62,0.38,1553.8813070190265,30.916013338552855,9,1.5
24,0.0,0.595,0.405,1604.9272297054008,32.59574307916026,9,1.5
25,0.0,0.605,0.395,1585.2676814700455,31.95260884478101,9,1.5
26,0.0,0.57,0.43,1630.4669508927034,33.417650239603326,9,1.5
27,0.0,0.585,0.415,1564.0604815136458,31.255326087122448,9,1.5
28,0.0,0.55,0.45,1684.291731508728,35.13178415101412,9,1.5
29,0.0,0.57,0.43,1627.6195450600185,33.33553196565876,9,1.5
30,0.0,0.595,0.405,1571.5515777993792,31.50581332206409,9,1.5
31,0.0,0.565,0.435,1648.777074879823,34.011787466068,9,1.5
32,0.0,0.55,0.45,1686.4966240998765,35.20410311758214,9,1.5
33,0.0,0.57,0.43,1636.6963219803695,33.62990767379721,9,1.5
34,0.0,0.56,0.44,1644.507993338333,33.88046215866965,9,1.5
35,0.0,0.58,0.42,1567.7963940106526,31.384098781953767,9,1.5
36,0.0,0.605,0.395,1522.3123789527963,29.86378422856977,9,1.5
37,0.0,0.575,0.425,1623.6313128316406,33.20961059348685,9,1.5
38,0.0,0.59,0.41,1602.9180939036742,32.53807918991661,9,1.5
39,0.0,0.55,0.45,1679.6614385137793,34.99202135354898,9,1.5
40,0.0,0.56,0.44,1572.0520847209261,31.516794649661247,9,1.5
41,0.0,0.575,0.425,1558.4869979885393,31.06711582497239,9,1.5
42,0.0,0.545,0.455,1596.6042954968734,32.31989368871236,9,1.5
43,0.0,0.565,0.435,1521.1902244743799,29.81613883663584,9,1.5
44,0.0,0.54,0.46,1642.8628550241506,33.81877890392258,9,1.5
45,0.0,0.565,0.435,1603.610498462658,32.55259253116962,9,1.5
46,0.0,0.57,0.43,1594.334005302552,32.24990463373873,9,1.5
47,0.0,0.585,0.415,1557.389497495138,31.029424766399956,9,1.5
48,0.0,0.595,0.405,1545.1163286487601,30.621221784373446,9,1.5
49,0.0,0.555,0.445,1641.9159253483676,33.78392610125819,9,1.5
50,0.0,0.54,0.46,1658.653467291371,34.31742677349493,9,1.5
51,0.0,0.55,0.45,1644.7480517811216,33.875749878451366,9,1.5
52,0.0,0.58,0.42,1554.20606477622,30.92288951137941,9,1.5
53,0.0,0.56,0.44,1674.716439672843,34.818632235396166,9,1.5
54,0.0,0.58,0.42,1583.4742596841636,31.892940415623535,9,1.5
55,0.0,0.55,0.45,1660.276844702162,34.36848921111394,9,1.5
56,0.0,0.57,0.43,1612.2965510668746,32.82888046598589,9,1.5
57,0.0,0.545,0.455,1674.2486305250936,34.805054084898615,9,1.5
58,0.0,0.575,0.425,1579.4592098824385,31.750493585665353,9,1.5
59,0.0,0.595,0.405,1545.4222342435462,30.62016526296417,9,1.5
60,0.0,0.555,0.445,1626.0499389228016,33.261998822248664,9,1.5
61,0.0,0.545,0.455,1649.1331513336713,34.00207133531501,9,1.5
62,0.0,0.56,0.44,1631.6443148992491,33.44130784692935,9,1.5
63,0.0,0.59,0.41,1587.172103329939,31.997795876117245,9,1.5
64,0.0,0.605,0.395,1564.4087790978847,31.2477643394567,9,1.5
65,0.0,0.57,0.43,1639.763871137074,33.69904222305726,9,1.5
66,0.0,0.58,0.42,1616.3425940806787,32.94747604525922,9,1.5
67,0.0,0.55,0.45,1683.1768893714413,35.079004754426286,9,1.5
68,0.0,0.575,0.425,1633.482706053843,33.50300032845043,9,1.5
69,0.0,0.545,0.455,1663.724003792935,34.46725127347506,9,1.5
70,0.0,0.575,0.425,1629.5138840598825,33.3753512892758,9,1.5
71,0.0,0.585,0.415,1619.9826515946702,33.069282077115645,9,1.5
72,0.0,0.61,0.39,1568.7547927811179,31.39444442684725,9,1.5
73,0.0,0.58,0.42,1618.5445021276423,33.02015574313408,9,1.5
74,0.0,0.595,0.405,1589.6921799446739,32.08510405633299,9,1.5
75,0.0,0.58,0.42,1608.757455467763,32.705017402153764,9,1.5
76,0.0,0.565,0.435,1670.2538721028764,34.675452449611754,9,1.5
77,0.0,0.59,0.41,1618.0932513846537,33.01666775083647,9,1.5
78,0.0,0.57,0.43,1676.8913641280944,34.89439913305405,9,1.5
79,0.0,0.585,0.415,1626.8167390411545,33.30669059713415,9,1.5
80,0.0,0.565,0.435,1649.1918992397023,34.02290660937281,9,1.5
81,0.0,0.59,0.41,1591.6590420452133,32.1675882397166,9,1.5
82,0.0,0.555,0.445,1658.9914174187304,34.33448038259084,9,1.5
83,0.0,0.565,0.435,1636.5882665300587,33.619292344095335,9,1.5
84,0.0,0.58,0.42,1599.8781533326883,32.433113274631424,9,1.5
85,0.0,0.6,0.4,1561.152199665589,31.16072154479488,9,1.5
86,0.0,0.565,0.435,1613.8103447504623,32.88542772939997,9,1.5
87,0.0,0.55,0.45,1639.1319512960122,33.6987024591529,9,1.5
88,0.0,0.58,0.42,1564.9672021962926,31.287650242188185,9,1.5
89,0.0,0.55,0.45,1648.271968328582,33.993080251117256,9,1.5
90,0.0,0.58,0.42,1563.2456902990816,31.233024983739483,9,1.5
91,0.0,0.55,0.45,1644.8662475466733,33.88317604069039,9,1.5
92,0.0,0.57,0.43,1592.5682140281556,32.191762212641926,9,1.5
93,0.0,0.545,0.455,1638.4710474096503,33.67814943478804,9,1.5
94,0.0,0.555,0.445,1596.8682036658138,32.331556863214345,9,1.5
95,0.0,0.54,0.46,1660.3446267478182,34.36699660909565,9,1.5
96,0.0,0.56,0.44,1647.68844547163,33.96476725195262,9,1.5
97,0.0,0.57,0.43,1637.0454029246284,33.62476936355149,9,1.5
98,0.0,0.59,0.41,1591.5918724433905,32.151814039511535,9,1.5
99,0.0,0.555,0.445,1669.0618371166117,34.63199204593337,9,1.5
100,0.0,0.58,0.42,1627.016399120261,33.29056283813226,9,1.5
0,0.0,1.0,0.0,1011.0387899796223,0.0,9,2.0
1,0.0,0.95,0.05,923.6202245932242,5.016224104606083,9,2.0
2,0.0,0.9,0.1,1018.7204042900828,10.223875985803435,9,2.0
3,0.0,0.86,0.14,1197.7982002850931,17.90342353159915,9,2.0
4,0.0,0.82,0.18,1265.0643309825375,20.55514826935908,9,2.0
5,0.0,0.785,0.215,1312.0848459972742,22.351262623418883,9,2.0
6,0.0,0.75,0.25,1380.3310504158003,24.87749267637455,9,2.0
7,0.0,0.7,0.3,1495.2933682741216,28.935065491981746,9,2.0
8,0.0,0.65,0.35,1627.2120029756709,33.31373785184252,9,2.0
9,0.0,0.66,0.34,1575.1776650097006,31.625113357393808,9,2.0
10,0.0,0.635,0.365,1608.5661223528057,32.71861185289528,9,2.0
11,0.0,0.655,0.345,1527.2985765978756,30.029905749810915,9,2.0
12,0.0,0.64,0.36,1539.7659322610118,30.44901321359864,9,2.0
13,0.0,0.6,0.4,1639.5127108665245,33.71915538183971,9,2.0
14,0.0,0.585,0.415,1662.722324495471,34.45661720024117,9,2.0
15,0.0,0.615,0.385,1610.0081253387855,32.76785947093926,9,2.0
16,0.0,0.635,0.365,1542.0899862886006,30.524981838797412,9,2.0
17,0.0,0.605,0.395,1613.76814463225,32.88632169262825,9,2.0
18,0.0,0.57,0.43,1689.7777624459986,35.303305202390646,9,2.0
19,0.0,0.6,0.4,1614.7540673718147,32.92179177517373,9,2.0
20,0.0,0.615,0.385,1585.5141401971514,31.96884159214724,9,2.0
21,0.0,0.635,0.365,1551.9458847791318,30.85964676181564,9,2.0
22,0.0,0.595,0.405,1633.340332954575,33.51626617069914,9,2.0
23,0.0,0.62,0.38,1553.8813070190265,30.916013338552855,9,2.0
24,0.0,0.595,0.405,1604.9272297054008,32.59574307916026,9,2.0
25,0.0,0.605,0.395,1585.2676814700455,31.95260884478101,9,2.0
26,0.0,0.57,0.43,1630.4669508927034,33.417650239603326,9,2.0
27,0.0,0.585,0.415,1564.0604815136458,31.255326087122448,9,2.0
28,0.0,0.55,0.45,1684.291731508728,35.13178415101412,9,2.0
29,0.0,0.57,0.43,1627.6195450600185,33.33553196565876,9,2.0
30,0.0,0.595,0.405,1571.5515777993792,31.50581332206409,9,2.0
31,0.0,0.565,0.435,1648.777074879823,34.011787466068,9,2.0
32,0.0,0.55,0.45,1686.4966240998765,35.20410311758214,9,2.0
33,0.0,0.57,0.43,1636.6963219803695,33.62990767379721,9,2.0
34,0.0,0.56,0.44,1644.507993338333,33.88046215866965,9,2.0
35,0.0,0.58,0.42,1567.7963940106526,31.384098781953767,9,2.0
36,0.0,0.605,0.395,1522.3123789527963,29.86378422856977,9,2.0
37,0.0,0.575,0.425,1623.6313128316406,33.20961059348685,9,2.0
38,0.0,0.59,0.41,1602.9180939036742,32.53807918991661,9,2.0
39,0.0,0.55,0.45,1679.6614385137793,34.99202135354898,9,2.0
40,0.0,0.56,0.44,1572.0520847209261,31.516794649661247,9,2.0
41,0.0,0.575,0.425,1558.4869979885393,31.06711582497239,9,2.0
42,0.0,0.545,0.455,1596.6042954968734,32.31989368871236,9,2.0
43,0.0,0.565,0.435,1521.1902244743799,29.81613883663584,9,2.0
44,0.0,0.54,0.46,1642.8628550241506,33.81877890392258,9,2.0
45,0.0,0.565,0.435,1603.610498462658,32.55259253116962,9,2.0
46,0.0,0.57,0.43,1594.334005302552,32.24990463373873,9,2.0
47,0.0,0.585,0.415,1557.389497495138,31.029424766399956,9,2.0
48,0.0,0.595,0.405,1545.1163286487601,30.621221784373446,9,2.0
49,0.0,0.555,0.445,1641.9159253483676,33.78392610125819,9,2.0
50,0.0,0.54,0.46,1658.653467291371,34.31742677349493,9,2.0
51,0.0,0.55,0.45,1644.7480517811216,33.875749878451366,9,2.0
52,0.0,0.58,0.42,1554.20606477622,30.92288951137941,9,2.0
53,0.0,0.56,0.44,1674.716439672843,34.818632235396166,9,2.0
54,0.0,0.58,0.42,1583.4742596841636,31.892940415623535,9,2.0
55,0.0,0.55,0.45,1660.276844702162,34.36848921111394,9,2.0
56,0.0,0.57,0.43,1612.2965510668746,32.82888046598589,9,2.0
57,0.0,0.545,0.455,1674.2486305250936,34.805054084898615,9,2.0
58,0.0,0.575,0.425,1579.4592098824385,31.750493585665353,9,2.0
59,0.0,0.595,0.405,1545.4222342435462,30.62016526296417,9,2.0
60,0.0,0.555,0.445,1626.0499389228016,33.261998822248664,9,2.0
61,0.0,0.545,0.455,1649.1331513336713,34.00207133531501,9,2.0
62,0.0,0.56,0.44,1631.6443148992491,33.44130784692935,9,2.0
63,0.0,0.59,0.41,1587.172103329939,31.997795876117245,9,2.0
64,0.0,0.605,0.395,1564.4087790978847,31.2477643394567,9,2.0
65,0.0,0.57,0.43,1639.763871137074,33.69904222305726,9,2.0
66,0.0,0.58,0.42,1616.3425940806787,32.94747604525922,9,2.0
67,0.0,0.55,0.45,1683.1768893714413,35.079004754426286,9,2.0
68,0.0,0.575,0.425,1633.482706053843,33.50300032845043,9,2.0
69,0.0,0.545,0.455,1663.724003792935,34.46725127347506,9,2.0
70,0.0,0.575,0.425,1629.5138840598825,33.3753512892758,9,2.0
71,0.0,0.585,0.415,1619.9826515946702,33.069282077115645,9,2.0
72,0.0,0.61,0.39,1568.7547927811179,31.39444442684725,9,2.0
73,0.0,0.58,0.42,1618.5445021276423,33.02015574313408,9,2.0
74,0.0,0.595,0.405,1589.6921799446739,32.08510405633299,9,2.0
75,0.0,0.58,0.42,1608.757455467763,32.705017402153764,9,2.0
76,0.0,0.565,0.435,1670.2538721028764,34.675452449611754,9,2.0
77,0.0,0.59,0.41,1618.0932513846537,33.01666775083647,9,2.0
78,0.0,0.57,0.43,1676.8913641280944,34.89439913305405,9,2.0
79,0.0,0.585,0.415,1626.8167390411545,33.30669059713415,9,2.0
80,0.0,0.565,0.435,1649.1918992397023,34.02290660937281,9,2.0
81,0.0,0.59,0.41,1591.6590420452133,32.1675882397166,9,2.0
82,0.0,0.555,0.445,1658.9914174187304,34.33448038259084,9,2.0
83,0.0,0.565,0.435,1636.5882665300587,33.619292344095335,9,2.0
84,0.0,0.58,0.42,1599.8781533326883,32.433113274631424,9,2.0
85,0.0,0.6,0.4,1561.152199665589,31.16072154479488,9,2.0
86,0.0,0.565,0.435,1613.8103447504623,32.88542772939997,9,2.0
87,0.0,0.55,0.45,1639.1319512960122,33.6987024591529,9,2.0
88,0.0,0.58,0.42,1564.9672021962926,31.287650242188185,9,2.0
89,0.0,0.55,0.45,1648.271968328582,33.993080251117256,9,2.0
90,0.0,0.58,0.42,1563.2456902990816,31.233024983739483,9,2.0
91,0.0,0.55,0.45,1644.8662475466733,33.88317604069039,9,2.0
92,0.0,0.57,0.43,1592.5682140281556,32.191762212641926,9,2.0
93,0.0,0.545,0.455,1638.4710474096503,33.67814943478804,9,2.0
94,0.0,0.555,0.445,1596.8682036658138,32.331556863214345,9,2.0
95,0.0,0.54,0.46,1660.3446267478182,34.36699660909565,9,2.0
96,0.0,0.56,0.44,1647.68844547163,33.96476725195262,9,2.0
97,0.0,0.57,0.43,1637.0454029246284,33.62476936355149,9,2.0
98,0.0,0.59,0.41,1591.5918724433905,32.151814039511535,9,2.0
99,0.0,0.555,0.445,1669.0618371166117,34.63199204593337,9,2.0
100,0.0,0.58,0.42,1627.016399120261,33.29056283813226,9,2.0
0,0.0,1.0,0.0,917.9993925004478,0.0,8,0.0
1,0.0,0.95,0.05,848.1324410790369,5.309977263225124,8,0.0
2,0.0,0.9,0.1,954.9581502174308,10.384166469855543,8,0.0
3,0.0,0.86,0.14,1042.5167524608096,13.941904265191239,8,0.0
4,0.0,0.815,0.185,1150.1763740767265,18.033556851607074,8,0.0
5,0.0,0.78,0.22,1236.7552354529903,21.13341213296105,8,0.0
6,0.0,0.745,0.255,1357.5848892899173,25.215141194106913,8,0.0
7,0.0,0.7,0.3,1495.3626065096098,29.562471764786764,8,0.0
8,0.0,0.665,0.335,1588.3116647047225,32.447127484336704,8,0.0
9,0.0,0.63,0.37,1645.1045237731919,34.424525115781194,8,0.0
10,0.0,0.595,0.405,1708.4912057815386,36.917996052692196,8,0.0
11,0.0,0.565,0.435,1742.8763747941252,38.45372413688999,8,0.0
12,0.0,0.535,0.465,1794.5953265199253,41.16606470167251,8,0.0
13,0.0,0.51,0.49,1822.71892355017,42.932883182976866,8,0.0
14,0.0,0.49,0.51,1842.7851562695516,44.41608734549504,8,0.0
15,0.0,0.47,0.53,1858.093019768529,45.74399990216937,8,0.0
16,0.0,0.435,0.565,1883.0643252472214,48.65810683324658,8,0.0
17,0.0,0.42,0.58,1886.913534584451,49.300629903612986,8,0.0
18,0.0,0.415,0.585,1887.6068383014792,49.42158684994141,8,0.0
19,0.0,0.4,0.6,1893.1389656109254,50.56847488870967,8,0.0
20,0.0,0.375,0.625,1896.397524247323,51.62170538996057,8,0.0
21,0.0,0.355,0.645,1898.2240112437394,52.53546454004332,8,0.0
22,0.0,0.325,0.675,1896.812955672842,55.25724228930012,8,0.0
23,0.0,0.31,0.69,1895.1812891505176,55.8700444879122,8,0.0
24,0.0,0.295,0.705,1891.9020533460703,56.77228440824916,8,0.0
25,0.0,0.285,0.715,1889.4074861761014,57.30150707154232,8,0.0
26,0.0,0.26,0.74,1881.4273734292929,58.69385076039938,8,0.0
27,0.0,0.255,0.745,1880.4795562510246,58.83301727586075,8,0.0
28,0.0,0.23,0.77,1868.3129334485202,60.409204021268835,8,0.0
29,0.0,0.225,0.775,1864.728421476484,60.81822153863441,8,0.0
30,0.0,0.215,0.785,1860.4488104964387,61.267867944334064,8,0.0
31,0.0,0.215,0.785,1860.4488104964387,61.267867944334064,8,0.0
32,0.0,0.195,0.805,1836.3101498705603,63.4835998996734,8,0.0
33,0.0,0.19,0.81,1830.1063200547433,63.988911388559835,8,0.0
34,0.0,0.19,0.81,1830.1063200547433,63.988911388559835,8,0.0
35,0.0,0.175,0.825,1821.49328528111,64.64182739716824,8,0.0
36,0.0,0.17,0.83,1811.9855779802053,65.31847519697675,8,0.0
37,0.0,0.17,0.83,1811.9855779802053,65.31847519697675,8,0.0
38,0.0,0.165,0.835,1811.3975865166663,65.35997723600582,8,0.0
39,0.0,0.16,0.84,1804.6511400795848,65.81381827591633,8,0.0
40,0.0,0.16,0.84,1804.6511400795848,65.81381827591633,8,0.0
41,0.0,0.15,0.85,1794.2844601151828,66.48943613254171,8,0.0
42,0.0,0.14,0.86,1781.3934532784915,67.28252983025664,8,0.0
43,0.0,0.13,0.87,1771.9321215307077,67.84375641035031,8,0.0
44,0.0,0.13,0.87,1771.9321215307077,67.84375641035031,8,0.0
45,0.0,0.12,0.88,1754.0559500614904,68.86950528575547,8,0.0
46,0.0,0.115,0.885,1750.209405881773,69.08276496373696,8,0.0
47,0.0,0.105,0.895,1739.2696793245545,69.66894755550774,8,0.0
48,0.0,0.095,0.905,1728.8498138646494,70.21305450700865,8,0.0
49,0.0,0.09,0.91,1726.6509336321617,70.32634648072202,8,0.0
50,0.0,0.08,0.92,1710.8404930442402,71.12131670530906,8,0.0
51,0.0,0.08,0.92,1710.8404930442402,71.12131670530906,8,0.0
52,0.0,0.08,0.92,1710.8404930442402,71.12131670530906,8,0.0
53,0.0,0.08,0.92,1710.8404930442402,71.12131670530906,8,0.0
54,0.0,0.075,0.925,1701.594617887766,71.57405360234688,8,0.0
55,0.0,0.07,0.93,1693.2079009667405,71.96861546256328,8,0.0
56,0.0,0.07,0.93,1693.2079009667405,71.96861546256328,8,0.0
57,0.0,0.07,0.93,1693.2079009667405,71.96861546256328,8,0.0
58,0.0,0.06,0.94,1676.4179412618341,72.75016822807972,8,0.0
59,0.0,0.05,0.95,1663.4706398006329,73.33094703962999,8,0.0
60,0.0,0.05,0.95,1663.4706398006329,73.33094703962999,8,0.0
61,0.0,0.04,0.96,1646.2417352086404,74.08524642613256,8,0.0
62,0.0,0.035,0.965,1642.9168121671892,74.2264938057964,8,0.0
63,0.0,0.03,0.97,1631.6959792665293,74.69981979699159,8,0.0
64,0.0,0.025,0.975,1630.553068365774,74.74811585581594,8,0.0
65,0.0,0.025,0.975,1630.553068365774,74.74811585581594,8,0.0
66,0.0,0.025,0.975,1630.553068365774,74.74811585581594,8,0.0
67,0.0,0.025,0.975,1630.553068365774,74.74811585581594,8,0.0
68,0.0,0.025,0.975,1630.553068365774,74.74811585581594,8,0.0
0,0.0,1.0,0.0,917.9993925004478,0.0,8,0.5
1,0.0,0.95,0.05,848.1324410790369,5.309977263225124,8,0.5
2,0.0,0.9,0.1,954.9581502174308,10.384166469855543,8,0.5
3,0.0,0.86,0.14,1042.5167524608096,13.941904265191239,8,0.5
4,0.0,0.815,0.185,1150.1763740767265,18.033556851607074,8,0.5
5,0.0,0.78,0.22,1236.7552354529903,21.13341213296105,8,0.5
6,0.0,0.745,0.255,1357.5848892899173,25.215141194106913,8,0.5
7,0.0,0.7,0.3,1495.3626065096098,29.562471764786764,8,0.5
8,0.0,0.665,0.335,1588.3116647047225,32.447127484336704,8,0.5
9,0.0,0.63,0.37,1645.1045237731919,34.424525115781194,8,0.5
10,0.0,0.595,0.405,1708.4912057815386,36.917996052692196,8,0.5
11,0.0,0.565,0.435,1742.8763747941252,38.45372413688999,8,0.5
12,0.0,0.535,0.465,1794.5953265199253,41.16606470167251,8,0.5
13,0.0,0.51,0.49,1822.71892355017,42.932883182976866,8,0.5
14,0.0,0.49,0.51,1842.7851562695516,44.41608734549504,8,0.5
15,0.0,0.47,0.53,1858.093019768529,45.74399990216937,8,0.5
16,0.0,0.435,0.565,1883.0643252472214,48.65810683324658,8,0.5
17,0.0,0.42,0.58,1886.913534584451,49.300629903612986,8,0.5
18,0.0,0.415,0.585,1887.6068383014792,49.42158684994141,8,0.5
19,0.0,0.4,0.6,1893.1389656109254,50.56847488870967,8,0.5
20,0.0,0.375,0.625,1896.397524247323,51.62170538996057,8,0.5
21,0.0,0.355,0.645,1898.2240112437394,52.53546454004332,8,0.5
22,0.0,0.325,0.675,1896.812955672842,55.25724228930012,8,0.5
23,0.0,0.31,0.69,1895.1812891505176,55.8700444879122,8,0.5
24,0.0,0.295,0.705,1891.9020533460703,56.77228440824916,8,0.5
25,0.0,0.285,0.715,1889.4074861761014,57.30150707154232,8,0.5
26,0.0,0.26,0.74,1881.4273734292929,58.69385076039938,8,0.5
27,0.0,0.255,0.745,1880.4795562510246,58.83301727586075,8,0.5
28,0.0,0.23,0.77,1868.3129334485202,60.409204021268835,8,0.5
29,0.0,0.225,0.775,1864.728421476484,60.81822153863441,8,0.5
30,0.0,0.215,0.785,1860.4488104964387,61.267867944334064,8,0.5
31,0.0,0.215,0.785,1860.4488104964387,61.267867944334064,8,0.5
32,0.0,0.195,0.805,1836.3101498705603,63.4835998996734,8,0.5
33,0.0,0.19,0.81,1830.1063200547433,63.988911388559835,8,0.5
34,0.0,0.19,0.81,1830.1063200547433,63.988911388559835,8,0.5
35,0.0,0.175,0.825,1821.49328528111,64.64182739716824,8,0.5
36,0.0,0.17,0.83,1811.9855779802053,65.31847519697675,8,0.5
37,0.0,0.17,0.83,1811.9855779802053,65.31847519697675,8,0.5
38,0.0,0.165,0.835,1811.3975865166663,65.35997723600582,8,0.5
39,0.0,0.16,0.84,1804.6511400795848,65.81381827591633,8,0.5
40,0.0,0.16,0.84,1804.6511400795848,65.81381827591633,8,0.5
41,0.0,0.15,0.85,1794.2844601151828,66.48943613254171,8,0.5
42,0.0,0.14,0.86,1781.3934532784915,67.28252983025664,8,0.5
43,0.0,0.13,0.87,1771.9321215307077,67.84375641035031,8,0.5
44,0.0,0.13,0.87,1771.9321215307077,67.84375641035031,8,0.5
45,0.0,0.12,0.88,1754.0559500614904,68.86950528575547,8,0.5
46,0.0,0.115,0.885,1750.209405881773,69.08276496373696,8,0.5
47,0.0,0.105,0.895,1739.2696793245545,69.66894755550774,8,0.5
48,0.0,0.095,0.905,1728.8498138646494,70.21305450700865,8,0.5
49,0.0,0.09,0.91,1726.6509336321617,70.32634648072202,8,0.5
50,0.0,0.08,0.92,1710.8404930442402,71.12131670530906,8,0.5
51,0.0,0.08,0.92,1710.8404930442402,71.12131670530906,8,0.5
52,0.0,0.08,0.92,1710.8404930442402,71.12131670530906,8,0.5
53,0.0,0.08,0.92,1710.8404930442402,71.12131670530906,8,0.5
54,0.0,0.075,0.925,1701.594617887766,71.57405360234688,8,0.5
55,0.0,0.07,0.93,1693.2079009667405,71.96861546256328,8,0.5
56,0.0,0.07,0.93,1693.2079009667405,71.96861546256328,8,0.5
57,0.0,0.07,0.93,1693.2079009667405,71.96861546256328,8,0.5
58,0.0,0.06,0.94,1676.4179412618341,72.75016822807972,8,0.5
59,0.0,0.05,0.95,1663.4706398006329,73.33094703962999,8,0.5
60,0.0,0.05,0.95,1663.4706398006329,73.33094703962999,8,0.5
61,0.0,0.04,0.96,1646.2417352086404,74.08524642613256,8,0.5
62,0.0,0.035,0.965,1642.9168121671892,74.2264938057964,8,0.5
63,0.0,0.03,0.97,1631.6959792665293,74.69981979699159,8,0.5
64,0.0,0.025,0.975,1630.553068365774,74.74811585581594,8,0.5
65,0.0,0.025,0.975,1630.553068365774,74.74811585581594,8,0.5
66,0.0,0.025,0.975,1630.553068365774,74.74811585581594,8,0.5
67,0.0,0.025,0.975,1630.553068365774,74.74811585581594,8,0.5
68,0.0,0.025,0.975,1630.553068365774,74.74811585581594,8,0.5
0,0.0,1.0,0.0,917.9993925004478,0.0,8,1.0
1,0.0,0.95,0.05,848.1324410790369,5.309977263225124,8,1.0
2,0.0,0.9,0.1,954.9581502174308,10.384166469855543,8,1.0
3,0.0,0.86,0.14,1042.5167524608096,13.941904265191239,8,1.0
4,0.0,0.815,0.185,1150.1763740767265,18.033556851607074,8,1.0
5,0.0,0.78,0.22,1236.7552354529903,21.13341213296105,8,1.0
6,0.0,0.745,0.255,1357.5848892899173,25.215141194106913,8,1.0
7,0.0,0.7,0.3,1495.3626065096098,29.562471764786764,8,1.0
8,0.0,0.7,0.3,1495.3626065096098,29.562471764786764,8,1.0
9,0.0,0.7,0.3,1495.3626065096098,29.562471764786764,8,1.0
10,0.0,0.7,0.3,1495.3626065096098,29.562471764786764,8,1.0
11,0.0,0.7,0.3,1495.3626065096098,29.562471764786764,8,1.0
0,0.0,1.0,0.0,917.9993925004478,0.0,8,1.5
1,0.0,0.95,0.05,848.1324410790369,5.309977263225124,8,1.5
2,0.0,0.9,0.1,954.9581502174308,10.384166469855543,8,1.5
3,0.0,0.86,0.14,1042.5167524608096,13.941904265191239,8,1.5
4,0.0,0.815,0.185,1150.1763740767265,18.033556851607074,8,1.5
5,0.0,0.78,0.22,1236.7552354529903,21.13341213296105,8,1.5
6,0.0,0.745,0.255,1357.5848892899173,25.215141194106913,8,1.5
7,0.0,0.7,0.3,1495.3626065096098,29.562471764786764,8,1.5
8,0.0,0.715,0.285,1419.400755281369,27.200964320648577,8,1.5
9,0.0,0.68,0.32,1484.8487766412636,29.24276842719882,8,1.5
10,0.0,0.695,0.305,1452.953066217738,28.2606971979557,8,1.5
11,0.0,0.66,0.34,1521.3284837591066,30.351714947645647,8,1.5
12,0.0,0.68,0.32,1493.0211079001986,29.4924808779917,8,1.5
13,0.0,0.69,0.31,1484.8115371389042,29.242244064576205,8,1.5
14,0.0,0.715,0.285,1375.3779919809103,25.794592066947278,8,1.5
15,0.0,0.68,0.32,1460.3168959133313,28.485443351414624,8,1.5
16,0.0,0.695,0.305,1435.404992975198,27.70569976597989,8,1.5
17,0.0,0.665,0.335,1484.6234986384482,29.232503740722827,8,1.5
18,0.0,0.695,0.305,1402.5772268776243,26.663848736863166,8,1.5
19,0.0,0.71,0.29,1366.7454133709384,25.506474931613013,8,1.5
20,0.0,0.675,0.325,1427.0385870079397,27.44055843752419,8,1.5
21,0.0,0.645,0.355,1486.5022680537975,29.28765824027291,8,1.5
22,0.0,0.66,0.34,1466.39967837948,28.6679161425041,8,1.5
23,0.0,0.675,0.325,1437.1656193413535,27.755832721659758,8,1.5
24,0.0,0.65,0.35,1501.2270080809872,29.737461473224386,8,1.5
25,0.0,0.67,0.33,1387.338190443282,26.178685011113377,8,1.5
26,0.0,0.675,0.325,1374.1313872180738,25.75095948000523,8,1.5
27,0.0,0.65,0.35,1411.978538236075,26.96549052745239,8,1.5
28,0.0,0.66,0.34,1398.428233311122,26.53314733420244,8,1.5
29,0.0,0.64,0.36,1449.609249063056,28.14615600803128,8,1.5
30,0.0,0.61,0.39,1507.5676815669133,29.929029639825547,8,1.5
31,0.0,0.63,0.37,1445.8289830004012,28.026908425153685,8,1.5
32,0.0,0.66,0.34,1395.2398261896371,26.427231643052192,8,1.5
33,0.0,0.68,0.32,1320.1521497479384,23.975793987003094,8,1.5
34,0.0,0.655,0.345,1458.6179743998184,28.425347500574077,8,1.5
35,0.0,0.675,0.325,1359.5088916363088,25.27330312434069,8,1.5
36,0.0,0.645,0.355,1460.243354783573,28.48347212900756,8,1.5
37,0.0,0.66,0.34,1433.9151403906305,27.66173326834876,8,1.5
38,0.0,0.63,0.37,1526.4584501615986,30.499532911932786,8,1.5
39,0.0,0.64,0.36,1501.5864287577954,29.75070088644115,8,1.5
40,0.0,0.665,0.335,1448.1621327914895,28.102322030036717,8,1.5
41,0.0,0.635,0.365,1518.828190661443,30.26596955643923,8,1.5
42,0.0,0.64,0.36,1505.1048808436715,29.85055310212588,8,1.5
43,0.0,0.66,0.34,1456.8292763599154,28.368070358987787,8,1.5
44,0.0,0.635,0.365,1496.1081921477596,29.577691264194776,8,1.5
45,0.0,0.655,0.345,1452.521787075341,28.23157803484099,8,1.5
46,0.0,0.675,0.325,1413.3239189400852,27.000792223804723,8,1.5
47,0.0,0.63,0.37,1526.5846572479577,30.494466687959882,8,1.5
48,0.0,0.655,0.345,1464.6617133382038,28.60635492686382,8,1.5
49,0.0,0.625,0.375,1514.7725646449596,30.1344125218149,8,1.5
50,0.0,0.645,0.355,1469.8888735652047,28.76787698208252,8,1.5
51,0.0,0.66,0.34,1416.368002566721,27.098022076322017,8,1.5
52,0.0,0.665,0.335,1392.9098756027067,26.348257592976886,8,1.5
53,0.0,0.63,0.37,1447.1381235925405,28.06830157924827,8,1.5
54,0.0,0.64,0.36,1437.4957629468677,27.76647325617403,8,1.5
55,0.0,0.65,0.35,1423.1553488705772,27.315001875090097,8,1.5
56,0.0,0.61,0.39,1512.7539074774775,30.080399653251852,8,1.5
57,0.0,0.64,0.36,1447.3840028997588,28.072432150580497,8,1.5
58,0.0,0.61,0.39,1514.9576050809133,30.141973204452714,8,1.5
59,0.0,0.615,0.385,1499.913157207349,29.684585904648927,8,1.5
60,0.0,0.65,0.35,1424.779309809452,27.354341371881745,8,1.5
61,0.0,0.615,0.385,1519.013206193309,30.25411974700769,8,1.5
62,0.0,0.64,0.36,1460.4531221773402,28.46717922925138,8,1.5
63,0.0,0.65,0.35,1434.2331372911538,27.6490531130028,8,1.5
64,0.0,0.66,0.34,1384.6980397945529,26.073984607952728,8,1.5
65,0.0,0.63,0.37,1450.7612274760875,28.173606031109035,8,1.5
66,0.0,0.635,0.365,1438.4300935271867,27.789131976263725,8,1.5
67,0.0,0.65,0.35,1419.3108403166166,27.186614570330242,8,1.5
68,0.0,0.625,0.375,1519.7002552599954,30.280510696197197,8,1.5
69,0.0,0.645,0.355,1447.9657456165,28.077191102748287,8,1.5
70,0.0,0.615,0.385,1518.0604576905257,30.23287498667386,8,1.5
71,0.0,0.63,0.37,1471.2799359393337,28.802291735716434,8,1.5
72,0.0,0.665,0.335,1389.6726580345482,26.23617948795235,8,1.5
73,0.0,0.63,0.37,1466.0132106716408,28.638985701153473,8,1.5
74,0.0,0.645,0.355,1435.8985972545156,27.7012760685999,8,1.5
75,0.0,0.61,0.39,1518.7024892583893,30.25023464667143,8,1.5
76,0.0,0.64,0.36,1446.60241702038,28.04145490152674,8,1.5
77,0.0,0.655,0.345,1425.3400682638617,27.372140612234677,8,1.5
78,0.0,0.63,0.37,1491.3679915588546,29.426077010970804,8,1.5
79,0.0,0.65,0.35,1449.385643814738,28.12940878606441,8,1.5
80,0.0,0.665,0.335,1427.8091839178821,27.45136820988192,8,1.5
81,0.0,0.67,0.33,1416.0839210432564,27.081468860875326,8,1.5
82,0.0,0.645,0.355,1472.756080568613,28.854761752794964,8,1.5
83,0.0,0.665,0.335,1448.2209263465902,28.095027260907592,8,1.5
84,0.0,0.63,0.37,1504.817037847041,29.83506838575718,8,1.5
85,0.0,0.65,0.35,1463.713839376161,28.578338840050982,8,1.5
86,0.0,0.615,0.385,1510.7008553426822,30.014814189211247,8,1.5
87,0.0,0.635,0.365,1478.7439897899362,29.042612819576735,8,1.5
88,0.0,0.605,0.395,1519.8405572530821,30.293976263594082,8,1.5
89,0.0,0.615,0.385,1496.1765449904503,29.580042850973236,8,1.5
90,0.0,0.63,0.37,1468.5574070801047,28.733115324706695,8,1.5
91,0.0,0.645,0.355,1431.6556717404048,27.581550649483454,8,1.5
92,0.0,0.615,0.385,1499.3027029610303,29.66937199316211,8,1.5
93,0.0,0.635,0.365,1454.9560888745723,28.309743905936052,8,1.5
94,0.0,0.615,0.385,1514.4605162808612,30.132254230791656,8,1.5
95,0.0,0.63,0.37,1465.1401176298698,28.62419379243216,8,1.5
96,0.0,0.645,0.355,1378.5113457035059,25.890370124317606,8,1.5
97,0.0,0.615,0.385,1449.8474935372544,28.156377454801287,8,1.5
98,0.0,0.585,0.415,1496.1292162751467,29.58024343877265,8,1.5
99,0.0,0.6,0.4,1482.9365563810643,29.17797047191574,8,1.5
100,0.0,0.58,0.42,1500.263321084853,29.70590537440193,8,1.5
0,0.0,1.0,0.0,917.9993925004478,0.0,8,2.0
1,0.0,0.95,0.05,848.1324410790369,5.309977263225124,8,2.0
2,0.0,0.9,0.1,954.9581502174308,10.384166469855543,8,2.0
3,0.0,0.86,0.14,1042.5167524608096,13.941904265191239,8,2.0
4,0.0,0.815,0.185,1150.1763740767265,18.033556851607074,8,2.0
5,0.0,0.78,0.22,1236.7552354529903,21.13341213296105,8,2.0
6,0.0,0.745,0.255,1357.5848892899173,25.215141194106913,8,2.0
7,0.0,0.7,0.3,1495.3626065096098,29.562471764786764,8,2.0
8,0.0,0.715,0.285,1419.400755281369,27.200964320648577,8,2.0
9,0.0,0.68,0.32,1484.8487766412636,29.24276842719882,8,2.0
10,0.0,0.695,0.305,1452.953066217738,28.2606971979557,8,2.0
11,0.0,0.66,0.34,1521.3284837591066,30.351714947645647,8,2.0
12,0.0,0.68,0.32,1493.0211079001986,29.4924808779917,8,2.0
13,0.0,0.69,0.31,1484.8115371389042,29.242244064576205,8,2.0
14,0.0,0.715,0.285,1375.3779919809103,25.794592066947278,8,2.0
15,0.0,0.68,0.32,1460.3168959133313,28.485443351414624,8,2.0
16,0.0,0.695,0.305,1435.404992975198,27.70569976597989,8,2.0
17,0.0,0.665,0.335,1484.6234986384482,29.232503740722827,8,2.0
18,0.0,0.695,0.305,1402.5772268776243,26.663848736863166,8,2.0
19,0.0,0.71,0.29,1366.7454133709384,25.506474931613013,8,2.0
20,0.0,0.675,0.325,1427.0385870079397,27.44055843752419,8,2.0
21,0.0,0.645,0.355,1486.5022680537975,29.28765824027291,8,2.0
22,0.0,0.66,0.34,1466.39967837948,28.6679161425041,8,2.0
23,0.0,0.675,0.325,1437.1656193413535,27.755832721659758,8,2.0
24,0.0,0.65,0.35,1501.2270080809872,29.737461473224386,8,2.0
25,0.0,0.67,0.33,1387.338190443282,26.178685011113377,8,2.0
26,0.0,0.675,0.325,1374.1313872180738,25.75095948000523,8,2.0
27,0.0,0.65,0.35,1411.978538236075,26.96549052745239,8,2.0
28,0.0,0.66,0.34,1398.428233311122,26.53314733420244,8,2.0
29,0.0,0.64,0.36,1449.609249063056,28.14615600803128,8,2.0
30,0.0,0.61,0.39,1507.5676815669133,29.929029639825547,8,2.0
31,0.0,0.63,0.37,1445.8289830004012,28.026908425153685,8,2.0
32,0.0,0.66,0.34,1395.2398261896371,26.427231643052192,8,2.0
33,0.0,0.68,0.32,1320.1521497479384,23.975793987003094,8,2.0
34,0.0,0.655,0.345,1458.6179743998184,28.425347500574077,8,2.0
35,0.0,0.675,0.325,1359.5088916363088,25.27330312434069,8,2.0
36,0.0,0.645,0.355,1460.243354783573,28.48347212900756,8,2.0
37,0.0,0.66,0.34,1433.9151403906305,27.66173326834876,8,2.0
38,0.0,0.63,0.37,1526.4584501615986,30.499532911932786,8,2.0
39,0.0,0.64,0.36,1501.5864287577954,29.75070088644115,8,2.0
40,0.0,0.665,0.335,1448.1621327914895,28.102322030036717,8,2.0
41,0.0,0.635,0.365,1518.828190661443,30.26596955643923,8,2.0
42,0.0,0.64,0.36,1505.1048808436715,29.85055310212588,8,2.0
43,0.0,0.66,0.34,1456.8292763599154,28.368070358987787,8,2.0
44,0.0,0.635,0.365,1496.1081921477596,29.577691264194776,8,2.0
45,0.0,0.655,0.345,1452.521787075341,28.23157803484099,8,2.0
46,0.0,0.675,0.325,1413.3239189400852,27.000792223804723,8,2.0
47,0.0,0.63,0.37,1526.5846572479577,30.494466687959882,8,2.0
48,0.0,0.655,0.345,1464.6617133382038,28.60635492686382,8,2.0
49,0.0,0.625,0.375,1514.7725646449596,30.1344125218149,8,2.0
50,0.0,0.645,0.355,1469.8888735652047,28.76787698208252,8,2.0
51,0.0,0.66,0.34,1416.368002566721,27.098022076322017,8,2.0
52,0.0,0.665,0.335,1392.9098756027067,26.348257592976886,8,2.0
53,0.0,0.63,0.37,1447.1381235925405,28.06830157924827,8,2.0
54,0.0,0.64,0.36,1437.4957629468677,27.76647325617403,8,2.0
55,0.0,0.65,0.35,1423.1553488705772,27.315001875090097,8,2.0
56,0.0,0.61,0.39,1512.7539074774775,30.080399653251852,8,2.0
57,0.0,0.64,0.36,1447.3840028997588,28.072432150580497,8,2.0
58,0.0,0.61,0.39,1514.9576050809133,30.141973204452714,8,2.0
59,0.0,0.615,0.385,1499.913157207349,29.684585904648927,8,2.0
60,0.0,0.65,0.35,1424.779309809452,27.354341371881745,8,2.0
61,0.0,0.615,0.385,1519.013206193309,30.25411974700769,8,2.0
62,0.0,0.64,0.36,1460.4531221773402,28.46717922925138,8,2.0
63,0.0,0.65,0.35,1434.2331372911538,27.6490531130028,8,2.0
64,0.0,0.66,0.34,1384.6980397945529,26.073984607952728,8,2.0
65,0.0,0.63,0.37,1450.7612274760875,28.173606031109035,8,2.0
66,0.0,0.635,0.365,1438.4300935271867,27.789131976263725,8,2.0
67,0.0,0.65,0.35,1419.3108403166166,27.186614570330242,8,2.0
68,0.0,0.625,0.375,1519.7002552599954,30.280510696197197,8,2.0
69,0.0,0.645,0.355,1447.9657456165,28.077191102748287,8,2.0
70,0.0,0.615,0.385,1518.0604576905257,30.23287498667386,8,2.0
71,0.0,0.63,0.37,1471.2799359393337,28.802291735716434,8,2.0
72,0.0,0.665,0.335,1389.6726580345482,26.23617948795235,8,2.0
73,0.0,0.63,0.37,1466.0132106716408,28.638985701153473,8,2.0
74,0.0,0.645,0.355,1435.8985972545156,27.7012760685999,8,2.0
75,0.0,0.61,0.39,1518.7024892583893,30.25023464667143,8,2.0
76,0.0,0.64,0.36,1446.60241702038,28.04145490152674,8,2.0
77,0.0,0.655,0.345,1425.3400682638617,27.372140612234677,8,2.0
78,0.0,0.63,0.37,1491.3679915588546,29.426077010970804,8,2.0
79,0.0,0.65,0.35,1449.385643814738,28.12940878606441,8,2.0
80,0.0,0.665,0.335,1427.8091839178821,27.45136820988192,8,2.0
81,0.0,0.67,0.33,1416.0839210432564,27.081468860875326,8,2.0
82,0.0,0.645,0.355,1472.756080568613,28.854761752794964,8,2.0
83,0.0,0.665,0.335,1448.2209263465902,28.095027260907592,8,2.0
84,0.0,0.63,0.37,1504.817037847041,29.83506838575718,8,2.0
85,0.0,0.65,0.35,1463.713839376161,28.578338840050982,8,2.0
86,0.0,0.615,0.385,1510.7008553426822,30.014814189211247,8,2.0
87,0.0,0.635,0.365,1478.7439897899362,29.042612819576735,8,2.0
88,0.0,0.605,0.395,1519.8405572530821,30.293976263594082,8,2.0
89,0.0,0.615,0.385,1496.1765449904503,29.580042850973236,8,2.0
90,0.0,0.63,0.37,1468.5574070801047,28.733115324706695,8,2.0
91,0.0,0.645,0.355,1431.6556717404048,27.581550649483454,8,2.0
92,0.0,0.615,0.385,1499.3027029610303,29.66937199316211,8,2.0
93,0.0,0.635,0.365,1454.9560888745723,28.309743905936052,8,2.0
94,0.0,0.615,0.385,1514.4605162808612,30.132254230791656,8,2.0
95,0.0,0.63,0.37,1465.1401176298698,28.62419379243216,8,2.0
96,0.0,0.645,0.355,1378.5113457035059,25.890370124317606,8,2.0
97,0.0,0.615,0.385,1449.8474935372544,28.156377454801287,8,2.0
98,0.0,0.585,0.415,1496.1292162751467,29.58024343877265,8,2.0
99,0.0,0.6,0.4,1482.9365563810643,29.17797047191574,8,2.0
100,0.0,0.58,0.42,1500.263321084853,29.70590537440193,8,2.0
0,0.0,1.0,0.0,907.7542032015889,0.0,10,0.0
1,0.0,0.95,0.05,818.639288711059,5.3540924972871595,10,0.0
2,0.0,0.9,0.1,921.3798268489205,10.767567372882755,10,0.0
3,0.0,0.86,0.14,982.4807431723553,13.482482830639487,10,0.0
4,0.0,0.83,0.17,1071.7250337377443,17.229998384583162,10,0.0
5,0.0,0.78,0.22,1238.0729186870572,23.674196075066824,10,0.0
6,0.0,0.74,0.26,1373.43404887168,28.499517523440176,10,0.0
7,0.0,0.72,0.28,1410.703877257942,29.765262949330705,10,0.0
8,0.0,0.69,0.31,1501.7790507970503,32.76865101079194,10,0.0
9,0.0,0.64,0.36,1678.0616614411174,38.21582756473505,10,0.0
10,0.0,0.61,0.39,1757.841509195324,40.807846072786106,10,0.0
11,0.0,0.585,0.415,1804.468600125226,42.512081332777505,10,0.0
12,0.0,0.57,0.43,1841.335712470293,43.99544424917129,10,0.0
13,0.0,0.545,0.455,1898.6936328134339,46.62427938134598,10,0.0
14,0.0,0.51,0.49,1947.9367575744454,49.420483926529414,10,0.0
15,0.0,0.485,0.515,1971.979440620219,51.11583966046672,10,0.0
16,0.0,0.455,0.545,1984.624089936186,52.15206323450575,10,0.0
17,0.0,0.44,0.56,1995.4031248719155,53.15754889991365,10,0.0
18,0.0,0.42,0.58,2008.8802379756269,54.67472519379781,10,0.0
19,0.0,0.405,0.595,2020.7490224855849,56.50779749655444,10,0.0
20,0.0,0.39,0.61,2022.4104968109496,56.840197046492165,10,0.0
21,0.0,0.375,0.625,2024.6003703909332,57.335475759285835,10,0.0
22,0.0,0.35,0.65,2028.3603793225348,58.544032224469326,10,0.0
23,0.0,0.34,0.66,2030.0691343408762,59.60258456404793,10,0.0
24,0.0,0.34,0.66,2030.0691343408762,59.60258456404793,10,0.0
25,0.0,0.325,0.675,2030.2923666907373,59.91907314325893,10,0.0
26,0.0,0.315,0.685,2030.168466919239,60.89085468877197,10,0.0
27,0.0,0.295,0.705,2028.5625598318154,61.92065879771827,10,0.0
28,0.0,0.275,0.725,2026.414681305739,62.6774259932571,10,0.0
29,0.0,0.265,0.735,2023.2623289154353,63.51218295520026,10,0.0
30,0.0,0.25,0.75,2016.7589565481067,64.71337181487397,10,0.0
31,0.0,0.235,0.765,2005.2950658985221,66.3135951614326,10,0.0
32,0.0,0.225,0.775,2003.713620976272,66.50794046512085,10,0.0
33,0.0,0.21,0.79,1991.2301422934963,67.84337745435721,10,0.0
34,0.0,0.205,0.795,1988.9154286592222,68.06613746926665,10,0.0
35,0.0,0.195,0.805,1985.132148275959,68.4258604125599,10,0.0
36,0.0,0.17,0.83,1966.248824536406,70.02096405169408,10,0.0
37,0.0,0.165,0.835,1962.791236575111,70.28535871037809,10,0.0
38,0.0,0.155,0.845,1954.9636373527896,70.85839230690429,10,0.0
39,0.0,0.15,0.85,1954.1117818277323,70.92004675065522,10,0.0
40,0.0,0.14,0.86,1938.680238814786,71.97381666402003,10,0.0
41,0.0,0.12,0.88,1914.8795320490274,73.44513294468017,10,0.0
42,0.0,0.115,0.885,1900.820250868874,74.2460201507411,10,0.0
43,0.0,0.105,0.895,1893.4484799757424,74.649255155041,10,0.0
44,0.0,0.1,0.9,1890.1035614134435,74.83130125552505,10,0.0
45,0.0,0.09,0.91,1881.7717134498953,75.27681276841457,10,0.0
46,0.0,0.09,0.91,1881.7717134498953,75.27681276841457,10,0.0
47,0.0,0.09,0.91,1881.7717134498953,75.27681276841457,10,0.0
48,0.0,0.09,0.91,1881.7717134498953,75.27681276841457,10,0.0
49,0.0,0.085,0.915,1878.1216049866036,75.46473347243281,10,0.0
50,0.0,0.08,0.92,1867.024997452529,76.03795801134521,10,0.0
51,0.0,0.07,0.93,1857.1203059827308,76.52499118485608,10,0.0
52,0.0,0.06,0.94,1833.518946699842,77.64226939957967,10,0.0
53,0.0,0.06,0.94,1833.518946699842,77.64226939957967,10,0.0
54,0.0,0.05,0.95,1815.8770637335074,78.44462475033953,10,0.0
55,0.0,0.045,0.955,1803.9631020130241,78.95997348407477,10,0.0
56,0.0,0.045,0.955,1803.9631020130241,78.95997348407477,10,0.0
57,0.0,0.045,0.955,1803.9631020130241,78.95997348407477,10,0.0
58,0.0,0.045,0.955,1803.9631020130241,78.95997348407477,10,0.0
59,0.0,0.035,0.965,1787.4561419100407,79.6654667652829,10,0.0
60,0.0,0.035,0.965,1787.4561419100407,79.6654667652829,10,0.0
61,0.0,0.035,0.965,1787.4561419100407,79.6654667652829,10,0.0
62,0.0,0.03,0.97,1782.6178979156964,79.8645798118074,10,0.0
63,0.0,0.03,0.97,1782.6178979156964,79.8645798118074,10,0.0
64,0.0,0.03,0.97,1782.6178979156964,79.8645798118074,10,0.0
65,0.0,0.03,0.97,1782.6178979156964,79.8645798118074,10,0.0
66,0.0,0.03,0.97,1782.6178979156964,79.8645798118074,10,0.0
0,0.0,1.0,0.0,907.7542032015889,0.0,10,0.5
1,0.0,0.95,0.05,818.639288711059,5.3540924972871595,10,0.5
2,0.0,0.9,0.1,921.3798268489205,10.767567372882755,10,0.5
3,0.0,0.86,0.14,982.4807431723553,13.482482830639487,10,0.5
4,0.0,0.83,0.17,1071.7250337377443,17.229998384583162,10,0.5
5,0.0,0.78,0.22,1238.0729186870572,23.674196075066824,10,0.5
6,0.0,0.74,0.26,1373.43404887168,28.499517523440176,10,0.5
7,0.0,0.72,0.28,1410.703877257942,29.765262949330705,10,0.5
8,0.0,0.69,0.31,1501.7790507970503,32.76865101079194,10,0.5
9,0.0,0.64,0.36,1678.0616614411174,38.21582756473505,10,0.5
10,0.0,0.61,0.39,1757.841509195324,40.807846072786106,10,0.5
11,0.0,0.585,0.415,1804.468600125226,42.512081332777505,10,0.5
12,0.0,0.57,0.43,1841.335712470293,43.99544424917129,10,0.5
13,0.0,0.545,0.455,1898.6936328134339,46.62427938134598,10,0.5
14,0.0,0.51,0.49,1947.9367575744454,49.420483926529414,10,0.5
15,0.0,0.485,0.515,1971.979440620219,51.11583966046672,10,0.5
16,0.0,0.455,0.545,1984.624089936186,52.15206323450575,10,0.5
17,0.0,0.44,0.56,1995.4031248719155,53.15754889991365,10,0.5
18,0.0,0.42,0.58,2008.8802379756269,54.67472519379781,10,0.5
19,0.0,0.405,0.595,2020.7490224855849,56.50779749655444,10,0.5
20,0.0,0.39,0.61,2022.4104968109496,56.840197046492165,10,0.5
21,0.0,0.375,0.625,2024.6003703909332,57.335475759285835,10,0.5
22,0.0,0.35,0.65,2028.3603793225348,58.544032224469326,10,0.5
23,0.0,0.34,0.66,2030.0691343408762,59.60258456404793,10,0.5
24,0.0,0.34,0.66,2030.0691343408762,59.60258456404793,10,0.5
25,0.0,0.325,0.675,2030.2923666907373,59.91907314325893,10,0.5
26,0.0,0.315,0.685,2030.168466919239,60.89085468877197,10,0.5
27,0.0,0.295,0.705,2028.5625598318154,61.92065879771827,10,0.5
28,0.0,0.275,0.725,2026.414681305739,62.6774259932571,10,0.5
29,0.0,0.265,0.735,2023.2623289154353,63.51218295520026,10,0.5
30,0.0,0.25,0.75,2016.7589565481067,64.71337181487397,10,0.5
31,0.0,0.235,0.765,2005.2950658985221,66.3135951614326,10,0.5
32,0.0,0.225,0.775,2003.713620976272,66.50794046512085,10,0.5
33,0.0,0.21,0.79,1991.2301422934963,67.84337745435721,10,0.5
34,0.0,0.205,0.795,1988.9154286592222,68.06613746926665,10,0.5
35,0.0,0.195,0.805,1985.132148275959,68.4258604125599,10,0.5
36,0.0,0.17,0.83,1966.248824536406,70.02096405169408,10,0.5
37,0.0,0.165,0.835,1962.791236575111,70.28535871037809,10,0.5
38,0.0,0.155,0.845,1954.9636373527896,70.85839230690429,10,0.5
39,0.0,0.15,0.85,1954.1117818277323,70.92004675065522,10,0.5
40,0.0,0.14,0.86,1938.680238814786,71.97381666402003,10,0.5
41,0.0,0.12,0.88,1914.8795320490274,73.44513294468017,10,0.5
42,0.0,0.115,0.885,1900.820250868874,74.2460201507411,10,0.5
43,0.0,0.105,0.895,1893.4484799757424,74.649255155041,10,0.5
44,0.0,0.1,0.9,1890.1035614134435,74.83130125552505,10,0.5
45,0.0,0.09,0.91,1881.7717134498953,75.27681276841457,10,0.5
46,0.0,0.09,0.91,1881.7717134498953,75.27681276841457,10,0.5
47,0.0,0.09,0.91,1881.7717134498953,75.27681276841457,10,0.5
48,0.0,0.09,0.91,1881.7717134498953,75.27681276841457,10,0.5
49,0.0,0.085,0.915,1878.1216049866036,75.46473347243281,10,0.5
50,0.0,0.08,0.92,1867.024997452529,76.03795801134521,10,0.5
51,0.0,0.07,0.93,1857.1203059827308,76.52499118485608,10,0.5
52,0.0,0.06,0.94,1833.518946699842,77.64226939957967,10,0.5
53,0.0,0.06,0.94,1833.518946699842,77.64226939957967,10,0.5
54,0.0,0.05,0.95,1815.8770637335074,78.44462475033953,10,0.5
55,0.0,0.045,0.955,1803.9631020130241,78.95997348407477,10,0.5
56,0.0,0.045,0.955,1803.9631020130241,78.95997348407477,10,0.5
57,0.0,0.045,0.955,1803.9631020130241,78.95997348407477,10,0.5
58,0.0,0.045,0.955,1803.9631020130241,78.95997348407477,10,0.5
59,0.0,0.035,0.965,1787.4561419100407,79.6654667652829,10,0.5
60,0.0,0.035,0.965,1787.4561419100407,79.6654667652829,10,0.5
61,0.0,0.035,0.965,1787.4561419100407,79.6654667652829,10,0.5
62,0.0,0.03,0.97,1782.6178979156964,79.8645798118074,10,0.5
63,0.0,0.03,0.97,1782.6178979156964,79.8645798118074,10,0.5
64,0.0,0.03,0.97,1782.6178979156964,79.8645798118074,10,0.5
65,0.0,0.03,0.97,1782.6178979156964,79.8645798118074,10,0.5
66,0.0,0.03,0.97,1782.6178979156964,79.8645798118074,10,0.5
0,0.0,1.0,0.0,907.7542032015889,0.0,10,1.0
1,0.0,0.95,0.05,818.639288711059,5.3540924972871595,10,1.0
2,0.0,0.9,0.1,921.3798268489205,10.767567372882755,10,1.0
3,0.0,0.86,0.14,982.4807431723553,13.482482830639487,10,1.0
4,0.0,0.83,0.17,1071.7250337377443,17.229998384583162,10,1.0
5,0.0,0.78,0.22,1238.0729186870572,23.674196075066824,10,1.0
6,0.0,0.74,0.26,1373.43404887168,28.499517523440176,10,1.0
7,0.0,0.72,0.28,1410.703877257942,29.765262949330705,10,1.0
8,0.0,0.69,0.31,1501.7790507970503,32.76865101079194,10,1.0
9,0.0,0.69,0.31,1501.7790507970503,32.76865101079194,10,1.0
10,0.0,0.66,0.34,1586.5882421406852,35.44392043340643,10,1.0
11,0.0,0.63,0.37,1658.176076330746,37.62215483137675,10,1.0
12,0.0,0.63,0.37,1658.176076330746,37.62215483137675,10,1.0
13,0.0,0.63,0.37,1658.176076330746,37.62215483137675,10,1.0
14,0.0,0.63,0.37,1658.176076330746,37.62215483137675,10,1.0
15,0.0,0.63,0.37,1658.176076330746,37.62215483137675,10,1.0
0,0.0,1.0,0.0,907.7542032015889,0.0,10,1.5
1,0.0,0.95,0.05,818.639288711059,5.3540924972871595,10,1.5
2,0.0,0.9,0.1,921.3798268489205,10.767567372882755,10,1.5
3,0.0,0.86,0.14,982.4807431723553,13.482482830639487,10,1.5
4,0.0,0.83,0.17,1071.7250337377443,17.229998384583162,10,1.5
5,0.0,0.78,0.22,1238.0729186870572,23.674196075066824,10,1.5
6,0.0,0.74,0.26,1373.43404887168,28.499517523440176,10,1.5
7,0.0,0.72,0.28,1410.703877257942,29.765262949330705,10,1.5
8,0.0,0.69,0.31,1501.7790507970503,32.76865101079194,10,1.5
9,0.0,0.69,0.31,1501.7790507970503,32.76865101079194,10,1.5
10,0.0,0.66,0.34,1586.5882421406852,35.44392043340643,10,1.5
11,0.0,0.63,0.37,1658.176076330746,37.62215483137675,10,1.5
12,0.0,0.66,0.34,1555.2721955170157,34.475059088016096,10,1.5
13,0.0,0.68,0.32,1501.6855962520458,32.771550840858225,10,1.5
14,0.0,0.635,0.365,1642.8253151034007,37.165569031962164,10,1.5
15,0.0,0.66,0.34,1596.3400481518809,35.7488307930584,10,1.5
16,0.0,0.675,0.325,1572.9150129156237,35.02539461721804,10,1.5
17,0.0,0.645,0.355,1657.2636617858648,37.60358341612081,10,1.5
18,0.0,0.665,0.335,1597.8232339107108,35.79852718386606,10,1.5
19,0.0,0.69,0.31,1522.1142790452457,33.43056190109314,10,1.5
20,0.0,0.64,0.36,1636.2293402102548,36.97205336122534,10,1.5
21,0.0,0.65,0.35,1618.1518791450962,36.42275071259803,10,1.5
22,0.0,0.67,0.33,1552.092005691574,34.376095402937636,10,1.5
23,0.0,0.635,0.365,1659.1813813622955,37.65406624904243,10,1.5
24,0.0,0.64,0.36,1639.5297650550644,37.06196138004886,10,1.5
25,0.0,0.66,0.34,1573.771807998243,35.04268274120257,10,1.5
26,0.0,0.67,0.33,1542.5403630953886,34.06630311701106,10,1.5
27,0.0,0.64,0.36,1612.2691140981726,36.227899139526855,10,1.5
28,0.0,0.655,0.345,1566.2023529910061,34.80623939038066,10,1.5
29,0.0,0.66,0.34,1560.7933247863916,34.63736075140653,10,1.5
30,0.0,0.66,0.34,1560.7933247863916,34.63736075140653,10,1.5
31,0.0,0.68,0.32,1498.169317223763,32.64630581757838,10,1.5
32,0.0,0.64,0.36,1608.1575146712437,36.098468322713245,10,1.5
33,0.0,0.66,0.34,1537.6336193651905,33.902092582564435,10,1.5
34,0.0,0.645,0.355,1589.1195410672206,35.513533353084554,10,1.5
35,0.0,0.615,0.385,1658.645180029884,37.62708464739656,10,1.5
36,0.0,0.635,0.365,1630.451236463797,36.77993145345526,10,1.5
37,0.0,0.66,0.34,1584.3701645662918,35.368279028512546,10,1.5
38,0.0,0.62,0.38,1651.50297275005,37.41856800471162,10,1.5
39,0.0,0.65,0.35,1601.341847762707,35.89478534591524,10,1.5
40,0.0,0.675,0.325,1538.5748257362707,33.938195476485866,10,1.5
41,0.0,0.645,0.355,1608.3701176832967,36.11274610547145,10,1.5
42,0.0,0.625,0.375,1654.8554580204886,37.52234853163606,10,1.5
43,0.0,0.64,0.36,1624.178878937852,36.59696399065928,10,1.5
44,0.0,0.665,0.335,1560.4613514627188,34.63411677622487,10,1.5
45,0.0,0.645,0.355,1597.2399459266182,35.771648884287515,10,1.5
46,0.0,0.62,0.38,1639.0963732293003,37.04912691792404,10,1.5
47,0.0,0.645,0.355,1567.1540676349766,34.84498351445223,10,1.5
48,0.0,0.605,0.395,1652.7772993414524,37.463996179069504,10,1.5
49,0.0,0.615,0.385,1646.8110810209057,37.28457956322476,10,1.5
50,0.0,0.63,0.37,1604.4885155120164,36.00207066738465,10,1.5
51,0.0,0.64,0.36,1598.6065154969979,35.82180263427867,10,1.5
52,0.0,0.615,0.385,1662.5249824052062,37.75850086830414,10,1.5
53,0.0,0.625,0.375,1653.8801955909535,37.499519946670326,10,1.5
54,0.0,0.63,0.37,1641.8649020742182,37.13980433640025,10,1.5
55,0.0,0.65,0.35,1557.2097530732892,34.53182266080731,10,1.5
56,0.0,0.615,0.385,1639.9833745537037,37.07340593107007,10,1.5
57,0.0,0.64,0.36,1596.491777507849,35.74983047928734,10,1.5
58,0.0,0.655,0.345,1575.7277857034278,35.10809112047542,10,1.5
59,0.0,0.625,0.375,1658.2559604526803,37.624182936903495,10,1.5
60,0.0,0.655,0.345,1588.0145155868856,35.48566682757586,10,1.5
61,0.0,0.625,0.375,1634.0619462031548,36.89317206245437,10,1.5
62,0.0,0.645,0.355,1596.2331973851228,35.742359122756554,10,1.5
63,0.0,0.625,0.375,1639.0933114735217,37.044515161761616,10,1.5
64,0.0,0.64,0.36,1605.9986448048994,36.039067032351255,10,1.5
65,0.0,0.655,0.345,1577.0048555587741,35.14413168529659,10,1.5
66,0.0,0.63,0.37,1649.5736923715922,37.3551680593072,10,1.5
67,0.0,0.65,0.35,1585.842449863906,35.41249730276505,10,1.5
68,0.0,0.665,0.335,1562.3903457434537,34.682353130969645,10,1.5
69,0.0,0.675,0.325,1534.5691809476746,33.807384836647316,10,1.5
70,0.0,0.65,0.35,1622.3745880266526,36.53835049619075,10,1.5
71,0.0,0.67,0.33,1577.3641261601267,35.15221016862245,10,1.5
72,0.0,0.645,0.355,1635.4032612313542,36.9314988870246,10,1.5
73,0.0,0.655,0.345,1601.8733533314696,35.909394413731526,10,1.5
74,0.0,0.66,0.34,1595.8060217859236,35.723027623547594,10,1.5
75,0.0,0.625,0.375,1655.8354196518535,37.54798546385759,10,1.5
76,0.0,0.65,0.35,1548.7759135799454,34.259842785638064,10,1.5
77,0.0,0.68,0.32,1485.9286698174799,32.25684427458601,10,1.5
78,0.0,0.64,0.36,1600.078986022626,35.867756596701504,10,1.5
79,0.0,0.655,0.345,1503.0024104847546,32.8168869571506,10,1.5
80,0.0,0.62,0.38,1569.270241780063,34.91582884378493,10,1.5
81,0.0,0.645,0.355,1508.1409491137351,32.98143580837622,10,1.5
82,0.0,0.615,0.385,1612.5152211727852,36.24462245108571,10,1.5
83,0.0,0.64,0.36,1520.622677512186,33.376914214625046,10,1.5
84,0.0,0.655,0.345,1490.9963424138946,32.427851079156866,10,1.5
85,0.0,0.625,0.375,1577.8926515588764,35.186711268897334,10,1.5
86,0.0,0.585,0.415,1657.2040564366187,37.602563601178126,10,1.5
87,0.0,0.605,0.395,1629.6251294573274,36.77085112067668,10,1.5
88,0.0,0.625,0.375,1545.7706302716606,34.17984892258158,10,1.5
89,0.0,0.59,0.41,1644.9799880600835,37.23172939838387,10,1.5
90,0.0,0.61,0.39,1574.0816839596823,35.0581146974468,10,1.5
91,0.0,0.58,0.42,1660.8514957826226,37.702352147708396,10,1.5
92,0.0,0.605,0.395,1608.8327833970407,36.12825572820329,10,1.5
93,0.0,0.625,0.375,1546.9298096055472,34.20277868896075,10,1.5
94,0.0,0.59,0.41,1647.8165196720488,37.3104156736089,10,1.5
95,0.0,0.615,0.385,1584.4140978917608,35.37435729388082,10,1.5
96,0.0,0.64,0.36,1520.6848627654254,33.36770000198747,10,1.5
97,0.0,0.605,0.395,1584.3824411534206,35.371109034222506,10,1.5
98,0.0,0.61,0.39,1571.2102040471414,34.961571740354046,10,1.5
99,0.0,0.63,0.37,1529.8423991708369,33.66229599405257,10,1.5
100,0.0,0.595,0.405,1643.1004717390808,37.166146867159306,10,1.5
0,0.0,1.0,0.0,907.7542032015889,0.0,10,2.0
1,0.0,0.95,0.05,818.639288711059,5.3540924972871595,10,2.0
2,0.0,0.9,0.1,921.3798268489205,10.767567372882755,10,2.0
3,0.0,0.86,0.14,982.4807431723553,13.482482830639487,10,2.0
4,0.0,0.83,0.17,1071.7250337377443,17.229998384583162,10,2.0
5,0.0,0.78,0.22,1238.0729186870572,23.674196075066824,10,2.0
6,0.0,0.74,0.26,1373.43404887168,28.499517523440176,10,2.0
7,0.0,0.72,0.28,1410.703877257942,29.765262949330705,10,2.0
8,0.0,0.69,0.31,1501.7790507970503,32.76865101079194,10,2.0
9,0.0,0.69,0.31,1501.7790507970503,32.76865101079194,10,2.0
10,0.0,0.66,0.34,1586.5882421406852,35.44392043340643,10,2.0
11,0.0,0.63,0.37,1658.176076330746,37.62215483137675,10,2.0
12,0.0,0.66,0.34,1555.2721955170157,34.475059088016096,10,2.0
13,0.0,0.68,0.32,1501.6855962520458,32.771550840858225,10,2.0
14,0.0,0.635,0.365,1642.8253151034007,37.165569031962164,10,2.0
15,0.0,0.66,0.34,1596.3400481518809,35.7488307930584,10,2.0
16,0.0,0.675,0.325,1572.9150129156237,35.02539461721804,10,2.0
17,0.0,0.645,0.355,1657.2636617858648,37.60358341612081,10,2.0
18,0.0,0.665,0.335,1597.8232339107108,35.79852718386606,10,2.0
19,0.0,0.69,0.31,1522.1142790452457,33.43056190109314,10,2.0
20,0.0,0.64,0.36,1636.2293402102548,36.97205336122534,10,2.0
21,0.0,0.65,0.35,1618.1518791450962,36.42275071259803,10,2.0
22,0.0,0.67,0.33,1552.092005691574,34.376095402937636,10,2.0
23,0.0,0.635,0.365,1659.1813813622955,37.65406624904243,10,2.0
24,0.0,0.64,0.36,1639.5297650550644,37.06196138004886,10,2.0
25,0.0,0.66,0.34,1573.771807998243,35.04268274120257,10,2.0
26,0.0,0.67,0.33,1542.5403630953886,34.06630311701106,10,2.0
27,0.0,0.64,0.36,1612.2691140981726,36.227899139526855,10,2.0
28,0.0,0.655,0.345,1566.2023529910061,34.80623939038066,10,2.0
29,0.0,0.66,0.34,1560.7933247863916,34.63736075140653,10,2.0
30,0.0,0.66,0.34,1560.7933247863916,34.63736075140653,10,2.0
31,0.0,0.68,0.32,1498.169317223763,32.64630581757838,10,2.0
32,0.0,0.64,0.36,1608.1575146712437,36.098468322713245,10,2.0
33,0.0,0.66,0.34,1537.6336193651905,33.902092582564435,10,2.0
34,0.0,0.645,0.355,1589.1195410672206,35.513533353084554,10,2.0
35,0.0,0.615,0.385,1658.645180029884,37.62708464739656,10,2.0
36,0.0,0.635,0.365,1630.451236463797,36.77993145345526,10,2.0
37,0.0,0.66,0.34,1584.3701645662918,35.368279028512546,10,2.0
38,0.0,0.62,0.38,1651.50297275005,37.41856800471162,10,2.0
39,0.0,0.65,0.35,1601.341847762707,35.89478534591524,10,2.0
40,0.0,0.675,0.325,1538.5748257362707,33.938195476485866,10,2.0
41,0.0,0.645,0.355,1608.3701176832967,36.11274610547145,10,2.0
42,0.0,0.625,0.375,1654.8554580204886,37.52234853163606,10,2.0
43,0.0,0.64,0.36,1624.178878937852,36.59696399065928,10,2.0
44,0.0,0.665,0.335,1560.4613514627188,34.63411677622487,10,2.0
45,0.0,0.645,0.355,1597.2399459266182,35.771648884287515,10,2.0
46,0.0,0.62,0.38,1639.0963732293003,37.04912691792404,10,2.0
47,0.0,0.645,0.355,1567.1540676349766,34.84498351445223,10,2.0
48,0.0,0.605,0.395,1652.7772993414524,37.463996179069504,10,2.0
49,0.0,0.615,0.385,1646.8110810209057,37.28457956322476,10,2.0
50,0.0,0.63,0.37,1604.4885155120164,36.00207066738465,10,2.0
51,0.0,0.64,0.36,1598.6065154969979,35.82180263427867,10,2.0
52,0.0,0.615,0.385,1662.5249824052062,37.75850086830414,10,2.0
53,0.0,0.625,0.375,1653.8801955909535,37.499519946670326,10,2.0
54,0.0,0.63,0.37,1641.8649020742182,37.13980433640025,10,2.0
55,0.0,0.65,0.35,1557.2097530732892,34.53182266080731,10,2.0
56,0.0,0.615,0.385,1639.9833745537037,37.07340593107007,10,2.0
57,0.0,0.64,0.36,1596.491777507849,35.74983047928734,10,2.0
58,0.0,0.655,0.345,1575.7277857034278,35.10809112047542,10,2.0
59,0.0,0.625,0.375,1658.2559604526803,37.624182936903495,10,2.0
60,0.0,0.655,0.345,1588.0145155868856,35.48566682757586,10,2.0
61,0.0,0.625,0.375,1634.0619462031548,36.89317206245437,10,2.0
62,0.0,0.645,0.355,1596.2331973851228,35.742359122756554,10,2.0
63,0.0,0.625,0.375,1639.0933114735217,37.044515161761616,10,2.0
64,0.0,0.64,0.36,1605.9986448048994,36.039067032351255,10,2.0
65,0.0,0.655,0.345,1577.0048555587741,35.14413168529659,10,2.0
66,0.0,0.63,0.37,1649.5736923715922,37.3551680593072,10,2.0
67,0.0,0.65,0.35,1585.842449863906,35.41249730276505,10,2.0
68,0.0,0.665,0.335,1562.3903457434537,34.682353130969645,10,2.0
69,0.0,0.675,0.325,1534.5691809476746,33.807384836647316,10,2.0
70,0.0,0.65,0.35,1622.3745880266526,36.53835049619075,10,2.0
71,0.0,0.67,0.33,1577.3641261601267,35.15221016862245,10,2.0
72,0.0,0.645,0.355,1635.4032612313542,36.9314988870246,10,2.0
73,0.0,0.655,0.345,1601.8733533314696,35.909394413731526,10,2.0
74,0.0,0.66,0.34,1595.8060217859236,35.723027623547594,10,2.0
75,0.0,0.625,0.375,1655.8354196518535,37.54798546385759,10,2.0
76,0.0,0.65,0.35,1548.7759135799454,34.259842785638064,10,2.0
77,0.0,0.68,0.32,1485.9286698174799,32.25684427458601,10,2.0
78,0.0,0.64,0.36,1600.078986022626,35.867756596701504,10,2.0
79,0.0,0.655,0.345,1503.0024104847546,32.8168869571506,10,2.0
80,0.0,0.62,0.38,1569.270241780063,34.91582884378493,10,2.0
81,0.0,0.645,0.355,1508.1409491137351,32.98143580837622,10,2.0
82,0.0,0.615,0.385,1612.5152211727852,36.24462245108571,10,2.0
83,0.0,0.64,0.36,1520.622677512186,33.376914214625046,10,2.0
84,0.0,0.655,0.345,1490.9963424138946,32.427851079156866,10,2.0
85,0.0,0.625,0.375,1577.8926515588764,35.186711268897334,10,2.0
86,0.0,0.585,0.415,1657.2040564366187,37.602563601178126,10,2.0
87,0.0,0.605,0.395,1629.6251294573274,36.77085112067668,10,2.0
88,0.0,0.625,0.375,1545.7706302716606,34.17984892258158,10,2.0
89,0.0,0.59,0.41,1644.9799880600835,37.23172939838387,10,2.0
90,0.0,0.61,0.39,1574.0816839596823,35.0581146974468,10,2.0
91,0.0,0.58,0.42,1660.8514957826226,37.702352147708396,10,2.0
92,0.0,0.605,0.395,1608.8327833970407,36.12825572820329,10,2.0
93,0.0,0.625,0.375,1546.9298096055472,34.20277868896075,10,2.0
94,0.0,0.59,0.41,1647.8165196720488,37.3104156736089,10,2.0
95,0.0,0.615,0.385,1584.4140978917608,35.37435729388082,10,2.0
96,0.0,0.64,0.36,1520.6848627654254,33.36770000198747,10,2.0
97,0.0,0.605,0.395,1584.3824411534206,35.371109034222506,10,2.0
98,0.0,0.61,0.39,1571.2102040471414,34.961571740354046,10,2.0
99,0.0,0.63,0.37,1529.8423991708369,33.66229599405257,10,2.0
100,0.0,0.595,0.405,1643.1004717390808,37.166146867159306,10,2.0
0,0.0,1.0,0.0,849.9931447302101,0.0,11,0.0
1,0.0,0.95,0.05,760.4562293864028,6.146102138501914,11,0.0
2,0.0,0.9,0.1,865.1534490067456,11.647525414926909,11,0.0
3,0.0,0.85,0.15,1001.7785268170358,17.687409558023106,11,0.0
4,0.0,0.815,0.185,1041.7067953093194,19.346112869335037,11,0.0
5,0.0,0.775,0.225,1136.3744335621197,23.126529405322547,11,0.0
6,0.0,0.735,0.265,1227.1347907857291,26.56483785972548,11,0.0
7,0.0,0.695,0.305,1378.8061650997595,31.942880972867464,11,0.0
8,0.0,0.65,0.35,1455.7325092058772,34.5142122399365,11,0.0
9,0.0,0.615,0.385,1569.4863761659738,38.30486047631789,11,0.0
10,0.0,0.58,0.42,1644.9719879036277,41.31396270746676,11,0.0
11,0.0,0.545,0.455,1701.5999248693822,44.07677650657931,11,0.0
12,0.0,0.505,0.495,1751.298090952602,47.22629571659762,11,0.0
13,0.0,0.48,0.52,1776.0928717314996,49.345273488310625,11,0.0
14,0.0,0.47,0.53,1781.0748016732343,49.853210226513056,11,0.0
15,0.0,0.455,0.545,1787.0415148614347,50.5386075323773,11,0.0
16,0.0,0.435,0.565,1798.8095508630067,52.219179356356626,11,0.0
17,0.0,0.435,0.565,1798.8095508630067,52.219179356356626,11,0.0
18,0.0,0.42,0.58,1803.9190019286316,53.22439198673678,11,0.0
19,0.0,0.4,0.6,1808.3555245420837,54.58372908906942,11,0.0
20,0.0,0.37,0.63,1808.385529082358,57.52318518042381,11,0.0
21,0.0,0.365,0.635,1808.265930982274,57.57977418846092,11,0.0
22,0.0,0.335,0.665,1800.4150793048711,59.67439583334637,11,0.0
23,0.0,0.32,0.68,1797.0930468314266,60.26704127595986,11,0.0
24,0.0,0.305,0.695,1794.9461706643087,60.60735083363131,11,0.0
25,0.0,0.28,0.72,1780.5574558701824,62.458100095600976,11,0.0
26,0.0,0.275,0.725,1777.7991560758496,62.754799243695096,11,0.0
27,0.0,0.265,0.735,1775.936790202606,62.94857991368112,11,0.0
28,0.0,0.25,0.75,1760.7185130304929,64.3677293929827,11,0.0
29,0.0,0.23,0.77,1746.056854665348,65.53357399469229,11,0.0
30,0.0,0.22,0.78,1729.2942375080324,66.71632215591684,11,0.0
31,0.0,0.205,0.795,1723.1670924633406,67.11679069615809,11,0.0
32,0.0,0.2,0.8,1712.9591650549937,67.75758351941398,11,0.0
33,0.0,0.185,0.815,1676.9737583091303,69.77463013048703,11,0.0
34,0.0,0.18,0.82,1676.5124908324285,69.7988685742969,11,0.0
35,0.0,0.175,0.825,1668.8553141255493,70.19580463270248,11,0.0
36,0.0,0.17,0.83,1652.084937451443,71.03257740024222,11,0.0
37,0.0,0.17,0.83,1652.084937451443,71.03257740024222,11,0.0
38,0.0,0.17,0.83,1652.084937451443,71.03257740024222,11,0.0
39,0.0,0.17,0.83,1652.084937451443,71.03257740024222,11,0.0
40,0.0,0.165,0.835,1649.3958861706324,71.16096489713782,11,0.0
41,0.0,0.15,0.85,1637.1142121646,71.73716834765196,11,0.0
42,0.0,0.15,0.85,1637.1142121646,71.73716834765196,11,0.0
43,0.0,0.145,0.855,1635.2291689537974,71.82420249832022,11,0.0
44,0.0,0.145,0.855,1635.2291689537974,71.82420249832022,11,0.0
45,0.0,0.145,0.855,1635.2291689537974,71.82420249832022,11,0.0
46,0.0,0.135,0.865,1609.1602752621532,72.98773233426961,11,0.0
47,0.0,0.13,0.87,1599.7078237889268,73.39292774747325,11,0.0
48,0.0,0.125,0.875,1599.5410101233938,73.3999197395102,11,0.0
49,0.0,0.125,0.875,1599.5410101233938,73.3999197395102,11,0.0
50,0.0,0.115,0.885,1581.099958895505,74.16676982489815,11,0.0
51,0.0,0.105,0.895,1558.5376490850567,75.0650953488038,11,0.0
52,0.0,0.105,0.895,1558.5376490850567,75.0650953488038,11,0.0
53,0.0,0.1,0.9,1556.4011353657809,75.14743407200936,11,0.0
54,0.0,0.09,0.91,1550.3617571146146,75.38063200929942,11,0.0
55,0.0,0.09,0.91,1550.3617571146146,75.38063200929942,11,0.0
56,0.0,0.085,0.915,1545.4665781215922,75.56527915073633,11,0.0
57,0.0,0.075,0.925,1450.6594949351033,78.91676344296624,11,0.0
58,0.0,0.07,0.93,1434.8385184412355,79.42868799504072,11,0.0
59,0.0,0.06,0.94,1353.4940535787814,81.92969618567648,11,0.0
60,0.0,0.055,0.945,1337.393474254045,82.40432812791613,11,0.0
61,0.0,0.05,0.95,1331.0001295974762,82.59106004663238,11,0.0
62,0.0,0.05,0.95,1331.0001295974762,82.59106004663238,11,0.0
63,0.0,0.045,0.955,1326.4291815785105,82.7237552474887,11,0.0
64,0.0,0.04,0.96,1305.1896016753763,83.32803228958376,11,0.0
65,0.0,0.04,0.96,1305.1896016753763,83.32803228958376,11,0.0
66,0.0,0.04,0.96,1305.1896016753763,83.32803228958376,11,0.0
67,0.0,0.04,0.96,1305.1896016753763,83.32803228958376,11,0.0
68,0.0,0.04,0.96,1305.1896016753763,83.32803228958376,11,0.0
0,0.0,1.0,0.0,849.9931447302101,0.0,11,0.5
1,0.0,0.95,0.05,760.4562293864028,6.146102138501914,11,0.5
2,0.0,0.9,0.1,865.1534490067456,11.647525414926909,11,0.5
3,0.0,0.85,0.15,1001.7785268170358,17.687409558023106,11,0.5
4,0.0,0.815,0.185,1041.7067953093194,19.346112869335037,11,0.5
5,0.0,0.775,0.225,1136.3744335621197,23.126529405322547,11,0.5
6,0.0,0.735,0.265,1227.1347907857291,26.56483785972548,11,0.5
7,0.0,0.695,0.305,1378.8061650997595,31.942880972867464,11,0.5
8,0.0,0.65,0.35,1455.7325092058772,34.5142122399365,11,0.5
9,0.0,0.615,0.385,1569.4863761659738,38.30486047631789,11,0.5
10,0.0,0.58,0.42,1644.9719879036277,41.31396270746676,11,0.5
11,0.0,0.545,0.455,1701.5999248693822,44.07677650657931,11,0.5
12,0.0,0.505,0.495,1751.298090952602,47.22629571659762,11,0.5
13,0.0,0.48,0.52,1776.0928717314996,49.345273488310625,11,0.5
14,0.0,0.47,0.53,1781.0748016732343,49.853210226513056,11,0.5
15,0.0,0.455,0.545,1787.0415148614347,50.5386075323773,11,0.5
16,0.0,0.435,0.565,1798.8095508630067,52.219179356356626,11,0.5
17,0.0,0.435,0.565,1798.8095508630067,52.219179356356626,11,0.5
18,0.0,0.42,0.58,1803.9190019286316,53.22439198673678,11,0.5
19,0.0,0.4,0.6,1808.3555245420837,54.58372908906942,11,0.5
20,0.0,0.37,0.63,1808.385529082358,57.52318518042381,11,0.5
21,0.0,0.365,0.635,1808.265930982274,57.57977418846092,11,0.5
22,0.0,0.335,0.665,1800.4150793048711,59.67439583334637,11,0.5
23,0.0,0.32,0.68,1797.0930468314266,60.26704127595986,11,0.5
24,0.0,0.305,0.695,1794.9461706643087,60.60735083363131,11,0.5
25,0.0,0.28,0.72,1780.5574558701824,62.458100095600976,11,0.5
26,0.0,0.275,0.725,1777.7991560758496,62.754799243695096,11,0.5
27,0.0,0.265,0.735,1775.936790202606,62.94857991368112,11,0.5
28,0.0,0.25,0.75,1760.7185130304929,64.3677293929827,11,0.5
29,0.0,0.23,0.77,1746.056854665348,65.53357399469229,11,0.5
30,0.0,0.22,0.78,1729.2942375080324,66.71632215591684,11,0.5
31,0.0,0.205,0.795,1723.1670924633406,67.11679069615809,11,0.5
32,0.0,0.2,0.8,1712.9591650549937,67.75758351941398,11,0.5
33,0.0,0.185,0.815,1676.9737583091303,69.77463013048703,11,0.5
34,0.0,0.18,0.82,1676.5124908324285,69.7988685742969,11,0.5
35,0.0,0.175,0.825,1668.8553141255493,70.19580463270248,11,0.5
36,0.0,0.17,0.83,1652.084937451443,71.03257740024222,11,0.5
37,0.0,0.17,0.83,1652.084937451443,71.03257740024222,11,0.5
38,0.0,0.17,0.83,1652.084937451443,71.03257740024222,11,0.5
39,0.0,0.17,0.83,1652.084937451443,71.03257740024222,11,0.5
40,0.0,0.165,0.835,1649.3958861706324,71.16096489713782,11,0.5
41,0.0,0.15,0.85,1637.1142121646,71.73716834765196,11,0.5
42,0.0,0.15,0.85,1637.1142121646,71.73716834765196,11,0.5
43,0.0,0.145,0.855,1635.2291689537974,71.82420249832022,11,0.5
44,0.0,0.145,0.855,1635.2291689537974,71.82420249832022,11,0.5
45,0.0,0.145,0.855,1635.2291689537974,71.82420249832022,11,0.5
46,0.0,0.135,0.865,1609.1602752621532,72.98773233426961,11,0.5
47,0.0,0.13,0.87,1599.7078237889268,73.39292774747325,11,0.5
48,0.0,0.125,0.875,1599.5410101233938,73.3999197395102,11,0.5
49,0.0,0.125,0.875,1599.5410101233938,73.3999197395102,11,0.5
50,0.0,0.115,0.885,1581.099958895505,74.16676982489815,11,0.5
51,0.0,0.105,0.895,1558.5376490850567,75.0650953488038,11,0.5
52,0.0,0.105,0.895,1558.5376490850567,75.0650953488038,11,0.5
53,0.0,0.1,0.9,1556.4011353657809,75.14743407200936,11,0.5
54,0.0,0.09,0.91,1550.3617571146146,75.38063200929942,11,0.5
55,0.0,0.09,0.91,1550.3617571146146,75.38063200929942,11,0.5
56,0.0,0.085,0.915,1545.4665781215922,75.56527915073633,11,0.5
57,0.0,0.075,0.925,1450.6594949351033,78.91676344296624,11,0.5
58,0.0,0.07,0.93,1434.8385184412355,79.42868799504072,11,0.5
59,0.0,0.06,0.94,1353.4940535787814,81.92969618567648,11,0.5
60,0.0,0.055,0.945,1337.393474254045,82.40432812791613,11,0.5
61,0.0,0.05,0.95,1331.0001295974762,82.59106004663238,11,0.5
62,0.0,0.05,0.95,1331.0001295974762,82.59106004663238,11,0.5
63,0.0,0.045,0.955,1326.4291815785105,82.7237552474887,11,0.5
64,0.0,0.04,0.96,1305.1896016753763,83.32803228958376,11,0.5
65,0.0,0.04,0.96,1305.1896016753763,83.32803228958376,11,0.5
66,0.0,0.04,0.96,1305.1896016753763,83.32803228958376,11,0.5
67,0.0,0.04,0.96,1305.1896016753763,83.32803228958376,11,0.5
68,0.0,0.04,0.96,1305.1896016753763,83.32803228958376,11,0.5
0,0.0,1.0,0.0,849.9931447302101,0.0,11,1.0
1,0.0,0.95,0.05,760.4562293864028,6.146102138501914,11,1.0
2,0.0,0.9,0.1,865.1534490067456,11.647525414926909,11,1.0
3,0.0,0.85,0.15,1001.7785268170358,17.687409558023106,11,1.0
4,0.0,0.815,0.185,1041.7067953093194,19.346112869335037,11,1.0
5,0.0,0.775,0.225,1136.3744335621197,23.126529405322547,11,1.0
6,0.0,0.735,0.265,1227.1347907857291,26.56483785972548,11,1.0
7,0.0,0.695,0.305,1378.8061650997595,31.942880972867464,11,1.0
8,0.0,0.65,0.35,1455.7325092058772,34.5142122399365,11,1.0
9,0.0,0.65,0.35,1455.7325092058772,34.5142122399365,11,1.0
10,0.0,0.65,0.35,1455.7325092058772,34.5142122399365,11,1.0
11,0.0,0.65,0.35,1455.7325092058772,34.5142122399365,11,1.0
12,0.0,0.65,0.35,1455.7325092058772,34.5142122399365,11,1.0
0,0.0,1.0,0.0,849.9931447302101,0.0,11,1.5
1,0.0,0.95,0.05,760.4562293864028,6.146102138501914,11,1.5
2,0.0,0.9,0.1,865.1534490067456,11.647525414926909,11,1.5
3,0.0,0.85,0.15,1001.7785268170358,17.687409558023106,11,1.5
4,0.0,0.815,0.185,1041.7067953093194,19.346112869335037,11,1.5
5,0.0,0.775,0.225,1136.3744335621197,23.126529405322547,11,1.5
6,0.0,0.735,0.265,1227.1347907857291,26.56483785972548,11,1.5
7,0.0,0.695,0.305,1378.8061650997595,31.942880972867464,11,1.5
8,0.0,0.65,0.35,1455.7325092058772,34.5142122399365,11,1.5
9,0.0,0.665,0.335,1412.7439305256082,33.085289968401625,11,1.5
10,0.0,0.68,0.32,1395.6067521283348,32.50776801291605,11,1.5
11,0.0,0.645,0.355,1483.4437268435988,35.410147502693555,11,1.5
12,0.0,0.65,0.35,1466.3747992325175,34.854702838893,11,1.5
13,0.0,0.67,0.33,1390.6027932478185,32.34460165743813,11,1.5
14,0.0,0.655,0.345,1432.5768976182546,33.74697169672056,11,1.5
15,0.0,0.635,0.365,1459.5282595086073,34.63627850369887,11,1.5
16,0.0,0.66,0.34,1426.6412304720618,33.549827501767496,11,1.5
17,0.0,0.64,0.36,1470.293310003372,34.98956845743142,11,1.5
18,0.0,0.66,0.34,1395.09714424924,32.49859079091722,11,1.5
19,0.0,0.62,0.38,1472.366854392464,35.05444152926677,11,1.5
20,0.0,0.63,0.37,1458.6450855332832,34.607941764635314,11,1.5
21,0.0,0.655,0.345,1375.6682551012423,31.83523739316956,11,1.5
22,0.0,0.625,0.375,1448.3531109764172,34.27102842891597,11,1.5
23,0.0,0.64,0.36,1385.5807695024282,32.18246242615304,11,1.5
24,0.0,0.65,0.35,1363.7812774687159,31.438613234011,11,1.5
25,0.0,0.61,0.39,1471.6521232681043,35.03282967346824,11,1.5
26,0.0,0.635,0.365,1431.907824845118,33.72984605613634,11,1.5
27,0.0,0.6,0.4,1502.650591512292,36.0394010453779,11,1.5
28,0.0,0.63,0.37,1427.7568105793305,33.596457434082986,11,1.5
29,0.0,0.6,0.4,1488.8892932957149,35.5951562603716,11,1.5
30,0.0,0.61,0.39,1454.3443585916593,34.46870382305265,11,1.5
31,0.0,0.63,0.37,1415.639169762268,33.18634656667692,11,1.5
32,0.0,0.61,0.39,1466.6798393195115,34.869339129664986,11,1.5
33,0.0,0.615,0.385,1460.593040384547,34.6714348204242,11,1.5
34,0.0,0.605,0.395,1463.791029371685,34.77613035785056,11,1.5
35,0.0,0.63,0.37,1423.7694617675613,33.45581422573408,11,1.5
36,0.0,0.605,0.395,1481.359556862544,35.34344232203675,11,1.5
37,0.0,0.62,0.38,1442.684001058319,34.07952154524375,11,1.5
38,0.0,0.605,0.395,1478.383495623912,35.24773874667949,11,1.5
39,0.0,0.62,0.38,1448.1636765695428,34.25934016902051,11,1.5
40,0.0,0.625,0.375,1440.823006674396,34.01765294567693,11,1.5
41,0.0,0.63,0.37,1433.7413682511615,33.78383050768426,11,1.5
42,0.0,0.65,0.35,1352.5981369661156,31.035638944728586,11,1.5
43,0.0,0.625,0.375,1392.6766268316178,32.405309904868616,11,1.5
44,0.0,0.6,0.4,1433.716377562813,33.78021850215086,11,1.5
45,0.0,0.575,0.425,1502.88187480782,36.033368570181075,11,1.5
46,0.0,0.595,0.405,1468.4556389893648,34.92202380939919,11,1.5
47,0.0,0.62,0.38,1416.890248554286,33.22544566672542,11,1.5
48,0.0,0.59,0.41,1463.8080560390786,34.77184204631715,11,1.5
49,0.0,0.605,0.395,1448.1807554215582,34.260892934732354,11,1.5
50,0.0,0.62,0.38,1416.6532528597181,33.21530817171005,11,1.5
51,0.0,0.635,0.365,1373.8038401831282,31.76953709268783,11,1.5
52,0.0,0.605,0.395,1465.837380802232,34.830418985324656,11,1.5
53,0.0,0.625,0.375,1414.675054054528,33.13779466850238,11,1.5
54,0.0,0.595,0.405,1497.795443774445,35.855419834180964,11,1.5
55,0.0,0.615,0.385,1455.1809669623033,34.47405895507232,11,1.5
56,0.0,0.595,0.405,1482.8321695937113,35.37592450538017,11,1.5
57,0.0,0.615,0.385,1433.4038875833894,33.76018047529031,11,1.5
58,0.0,0.63,0.37,1394.3041351916559,32.451139184502935,11,1.5
59,0.0,0.645,0.355,1341.182643298667,30.633694913715512,11,1.5
60,0.0,0.61,0.39,1425.449113476227,33.4989135445995,11,1.5
61,0.0,0.58,0.42,1489.2860494022088,35.59063130839543,11,1.5
62,0.0,0.6,0.4,1434.2431681484586,33.79452857312697,11,1.5
63,0.0,0.615,0.385,1409.6327226618992,32.976377697924306,11,1.5
64,0.0,0.585,0.415,1497.692473260067,35.86296801439135,11,1.5
65,0.0,0.6,0.4,1474.5756211969667,35.11855489854878,11,1.5
66,0.0,0.61,0.39,1460.4443223074788,34.65879447059049,11,1.5
67,0.0,0.58,0.42,1496.210662646618,35.81753764660179,11,1.5
68,0.0,0.615,0.385,1427.2475602563634,33.56508008819691,11,1.5
69,0.0,0.6,0.4,1465.2411693821746,34.81755405177608,11,1.5
70,0.0,0.61,0.39,1450.3597462012367,34.33176612241768,11,1.5
71,0.0,0.625,0.375,1427.1484267296587,33.56494697580719,11,1.5
72,0.0,0.635,0.365,1357.3199423766584,31.20872706829763,11,1.5
73,0.0,0.595,0.405,1419.8282162668113,33.32353042409666,11,1.5
74,0.0,0.615,0.385,1360.1754787493899,31.300138325755732,11,1.5
75,0.0,0.59,0.41,1406.0129142929463,32.85952385106532,11,1.5
76,0.0,0.555,0.445,1494.8830641511656,35.77815187796238,11,1.5
77,0.0,0.59,0.41,1454.0765224883748,34.454221873065364,11,1.5
78,0.0,0.61,0.39,1399.4834901704735,32.63803554111824,11,1.5
79,0.0,0.575,0.425,1497.8033100081743,35.86980316532621,11,1.5
80,0.0,0.595,0.405,1452.751259859332,34.407750498157725,11,1.5
81,0.0,0.57,0.43,1495.5302504356027,35.799311183368104,11,1.5
82,0.0,0.585,0.415,1473.8912876230502,35.10200684518858,11,1.5
83,0.0,0.615,0.385,1414.932905782725,33.160879126859086,11,1.5
84,0.0,0.59,0.41,1471.8628185137388,35.03784208609813,11,1.5
85,0.0,0.61,0.39,1414.736126289879,33.152369507888984,11,1.5
86,0.0,0.62,0.38,1408.6284356573601,32.947195076591456,11,1.5
87,0.0,0.585,0.415,1476.5649770208345,35.187129157968045,11,1.5
88,0.0,0.595,0.405,1454.8197934714017,34.47693962341464,11,1.5
89,0.0,0.63,0.37,1337.8540074893262,30.51956548248311,11,1.5
90,0.0,0.6,0.4,1461.8358681617688,34.69053679015201,11,1.5
91,0.0,0.58,0.42,1497.5623411284014,35.84828419825965,11,1.5
92,0.0,0.6,0.4,1447.848352066298,34.23379874011556,11,1.5
93,0.0,0.57,0.43,1493.394011904789,35.71545105686742,11,1.5
94,0.0,0.585,0.415,1456.277548654558,34.51451627851838,11,1.5
95,0.0,0.615,0.385,1369.1958159401977,31.60325006685778,11,1.5
96,0.0,0.58,0.42,1485.6457815623826,35.481513778736,11,1.5
97,0.0,0.615,0.385,1402.9155158551393,32.75116079108204,11,1.5
98,0.0,0.635,0.365,1355.040455913409,31.12272987445979,11,1.5
99,0.0,0.595,0.405,1495.5447312049619,35.794391869870125,11,1.5
100,0.0,0.615,0.385,1439.5097693175614,33.96806352143672,11,1.5
0,0.0,1.0,0.0,849.9931447302101,0.0,11,2.0
1,0.0,0.95,0.05,760.4562293864028,6.146102138501914,11,2.0
2,0.0,0.9,0.1,865.1534490067456,11.647525414926909,11,2.0
3,0.0,0.85,0.15,1001.7785268170358,17.687409558023106,11,2.0
4,0.0,0.815,0.185,1041.7067953093194,19.346112869335037,11,2.0
5,0.0,0.775,0.225,1136.3744335621197,23.126529405322547,11,2.0
6,0.0,0.735,0.265,1227.1347907857291,26.56483785972548,11,2.0
7,0.0,0.695,0.305,1378.8061650997595,31.942880972867464,11,2.0
8,0.0,0.65,0.35,1455.7325092058772,34.5142122399365,11,2.0
9,0.0,0.665,0.335,1412.7439305256082,33.085289968401625,11,2.0
10,0.0,0.68,0.32,1395.6067521283348,32.50776801291605,11,2.0
11,0.0,0.645,0.355,1483.4437268435988,35.410147502693555,11,2.0
12,0.0,0.65,0.35,1466.3747992325175,34.854702838893,11,2.0
13,0.0,0.67,0.33,1390.6027932478185,32.34460165743813,11,2.0
14,0.0,0.655,0.345,1432.5768976182546,33.74697169672056,11,2.0
15,0.0,0.635,0.365,1459.5282595086073,34.63627850369887,11,2.0
16,0.0,0.66,0.34,1426.6412304720618,33.549827501767496,11,2.0
17,0.0,0.64,0.36,1470.293310003372,34.98956845743142,11,2.0
18,0.0,0.66,0.34,1395.09714424924,32.49859079091722,11,2.0
19,0.0,0.62,0.38,1472.366854392464,35.05444152926677,11,2.0
20,0.0,0.63,0.37,1458.6450855332832,34.607941764635314,11,2.0
21,0.0,0.655,0.345,1375.6682551012423,31.83523739316956,11,2.0
22,0.0,0.625,0.375,1448.3531109764172,34.27102842891597,11,2.0
23,0.0,0.64,0.36,1385.5807695024282,32.18246242615304,11,2.0
24,0.0,0.65,0.35,1363.7812774687159,31.438613234011,11,2.0
25,0.0,0.61,0.39,1471.6521232681043,35.03282967346824,11,2.0
26,0.0,0.635,0.365,1431.907824845118,33.72984605613634,11,2.0
27,0.0,0.6,0.4,1502.650591512292,36.0394010453779,11,2.0
28,0.0,0.63,0.37,1427.7568105793305,33.596457434082986,11,2.0
29,0.0,0.6,0.4,1488.8892932957149,35.5951562603716,11,2.0
30,0.0,0.61,0.39,1454.3443585916593,34.46870382305265,11,2.0
31,0.0,0.63,0.37,1415.639169762268,33.18634656667692,11,2.0
32,0.0,0.61,0.39,1466.6798393195115,34.869339129664986,11,2.0
33,0.0,0.615,0.385,1460.593040384547,34.6714348204242,11,2.0
34,0.0,0.605,0.395,1463.791029371685,34.77613035785056,11,2.0
35,0.0,0.63,0.37,1423.7694617675613,33.45581422573408,11,2.0
36,0.0,0.605,0.395,1481.359556862544,35.34344232203675,11,2.0
37,0.0,0.62,0.38,1442.684001058319,34.07952154524375,11,2.0
38,0.0,0.605,0.395,1478.383495623912,35.24773874667949,11,2.0
39,0.0,0.62,0.38,1448.1636765695428,34.25934016902051,11,2.0
40,0.0,0.625,0.375,1440.823006674396,34.01765294567693,11,2.0
41,0.0,0.63,0.37,1433.7413682511615,33.78383050768426,11,2.0
42,0.0,0.65,0.35,1352.5981369661156,31.035638944728586,11,2.0
43,0.0,0.625,0.375,1392.6766268316178,32.405309904868616,11,2.0
44,0.0,0.6,0.4,1433.716377562813,33.78021850215086,11,2.0
45,0.0,0.575,0.425,1502.88187480782,36.033368570181075,11,2.0
46,0.0,0.595,0.405,1468.4556389893648,34.92202380939919,11,2.0
47,0.0,0.62,0.38,1416.890248554286,33.22544566672542,11,2.0
48,0.0,0.59,0.41,1463.8080560390786,34.77184204631715,11,2.0
49,0.0,0.605,0.395,1448.1807554215582,34.260892934732354,11,2.0
50,0.0,0.62,0.38,1416.6532528597181,33.21530817171005,11,2.0
51,0.0,0.635,0.365,1373.8038401831282,31.76953709268783,11,2.0
52,0.0,0.605,0.395,1465.837380802232,34.830418985324656,11,2.0
53,0.0,0.625,0.375,1414.675054054528,33.13779466850238,11,2.0
54,0.0,0.595,0.405,1497.795443774445,35.855419834180964,11,2.0
55,0.0,0.615,0.385,1455.1809669623033,34.47405895507232,11,2.0
56,0.0,0.595,0.405,1482.8321695937113,35.37592450538017,11,2.0
57,0.0,0.615,0.385,1433.4038875833894,33.76018047529031,11,2.0
58,0.0,0.63,0.37,1394.3041351916559,32.451139184502935,11,2.0
59,0.0,0.645,0.355,1341.182643298667,30.633694913715512,11,2.0
60,0.0,0.61,0.39,1425.449113476227,33.4989135445995,11,2.0
61,0.0,0.58,0.42,1489.2860494022088,35.59063130839543,11,2.0
62,0.0,0.6,0.4,1434.2431681484586,33.79452857312697,11,2.0
63,0.0,0.615,0.385,1409.6327226618992,32.976377697924306,11,2.0
64,0.0,0.585,0.415,1497.692473260067,35.86296801439135,11,2.0
65,0.0,0.6,0.4,1474.5756211969667,35.11855489854878,11,2.0
66,0.0,0.61,0.39,1460.4443223074788,34.65879447059049,11,2.0
67,0.0,0.58,0.42,1496.210662646618,35.81753764660179,11,2.0
68,0.0,0.615,0.385,1427.2475602563634,33.56508008819691,11,2.0
69,0.0,0.6,0.4,1465.2411693821746,34.81755405177608,11,2.0
70,0.0,0.61,0.39,1450.3597462012367,34.33176612241768,11,2.0
71,0.0,0.625,0.375,1427.1484267296587,33.56494697580719,11,2.0
72,0.0,0.635,0.365,1357.3199423766584,31.20872706829763,11,2.0
73,0.0,0.595,0.405,1419.8282162668113,33.32353042409666,11,2.0
74,0.0,0.615,0.385,1360.1754787493899,31.300138325755732,11,2.0
75,0.0,0.59,0.41,1406.0129142929463,32.85952385106532,11,2.0
76,0.0,0.555,0.445,1494.8830641511656,35.77815187796238,11,2.0
77,0.0,0.59,0.41,1454.0765224883748,34.454221873065364,11,2.0
78,0.0,0.61,0.39,1399.4834901704735,32.63803554111824,11,2.0
79,0.0,0.575,0.425,1497.8033100081743,35.86980316532621,11,2.0
80,0.0,0.595,0.405,1452.751259859332,34.407750498157725,11,2.0
81,0.0,0.57,0.43,1495.5302504356027,35.799311183368104,11,2.0
82,0.0,0.585,0.415,1473.8912876230502,35.10200684518858,11,2.0
83,0.0,0.615,0.385,1414.932905782725,33.160879126859086,11,2.0
84,0.0,0.59,0.41,1471.8628185137388,35.03784208609813,11,2.0
85,0.0,0.61,0.39,1414.736126289879,33.152369507888984,11,2.0
86,0.0,0.62,0.38,1408.6284356573601,32.947195076591456,11,2.0
87,0.0,0.585,0.415,1476.5649770208345,35.187129157968045,11,2.0
88,0.0,0.595,0.405,1454.8197934714017,34.47693962341464,11,2.0
89,0.0,0.63,0.37,1337.8540074893262,30.51956548248311,11,2.0
90,0.0,0.6,0.4,1461.8358681617688,34.69053679015201,11,2.0
91,0.0,0.58,0.42,1497.5623411284014,35.84828419825965,11,2.0
92,0.0,0.6,0.4,1447.848352066298,34.23379874011556,11,2.0
93,0.0,0.57,0.43,1493.394011904789,35.71545105686742,11,2.0
94,0.0,0.585,0.415,1456.277548654558,34.51451627851838,11,2.0
95,0.0,0.615,0.385,1369.1958159401977,31.60325006685778,11,2.0
96,0.0,0.58,0.42,1485.6457815623826,35.481513778736,11,2.0
97,0.0,0.615,0.385,1402.9155158551393,32.75116079108204,11,2.0
98,0.0,0.635,0.365,1355.040455913409,31.12272987445979,11,2.0
99,0.0,0.595,0.405,1495.5447312049619,35.794391869870125,11,2.0
100,0.0,0.615,0.385,1439.5097693175614,33.96806352143672,11,2.0
0,0.0,1.0,0.0,1024.9195188045992,0.0,12,0.0
1,0.0,0.95,0.05,936.2352575673094,4.207870674618279,12,0.0
2,0.0,0.91,0.09,969.3910436884382,6.536601429058653,12,0.0
3,0.0,0.86,0.14,1073.8598063958634,11.458186151099156,12,0.0
4,0.0,0.81,0.19,1263.1806117154665,19.11218466217778,12,0.0
5,0.0,0.765,0.235,1350.862039348057,22.368177869060258,12,0.0
6,0.0,0.715,0.285,1460.0916755746478,26.212570490542966,12,0.0
7,0.0,0.69,0.31,1515.3804954970365,28.07969423078837,12,0.0
8,0.0,0.65,0.35,1593.8277141578953,30.640174386503602,12,0.0
9,0.0,0.615,0.385,1691.1729210662606,33.75891017711784,12,0.0
10,0.0,0.595,0.405,1727.3073126713643,35.02608408117729,12,0.0
11,0.0,0.575,0.425,1759.9942442868146,36.25614491383441,12,0.0
12,0.0,0.545,0.455,1816.0359111194807,38.61391160168755,12,0.0
13,0.0,0.51,0.49,1861.3259335649786,40.869653070167615,12,0.0
14,0.0,0.49,0.51,1885.914688311079,42.300276160856114,12,0.0
15,0.0,0.475,0.525,1903.3266748080614,43.44085302042021,12,0.0
16,0.0,0.455,0.545,1922.3862383560643,44.866685371497894,12,0.0
17,0.0,0.43,0.57,1934.4624824029413,45.91740695121743,12,0.0
18,0.0,0.41,0.59,1948.39649961655,47.39315390267295,12,0.0
19,0.0,0.385,0.615,1960.6491340306006,49.11319654801565,12,0.0
20,0.0,0.37,0.63,1967.4097924533278,50.50744378932725,12,0.0
21,0.0,0.34,0.66,1972.3360077536913,52.54923935445106,12,0.0
22,0.0,0.33,0.67,1972.4904291332248,52.75831221861106,12,0.0
23,0.0,0.325,0.675,1972.563675795709,52.89602041497055,12,0.0
24,0.0,0.305,0.695,1971.5379341896592,54.504540492210054,12,0.0
25,0.0,0.29,0.71,1969.3632504538136,55.35711085698297,12,0.0
26,0.0,0.27,0.73,1963.9996858982972,56.71045168020383,12,0.0
27,0.0,0.26,0.74,1962.1643753026137,57.05896885913894,12,0.0
28,0.0,0.245,0.755,1949.0692132605031,58.99122842601752,12,0.0
29,0.0,0.24,0.76,1946.2373463251042,59.326826927727325,12,0.0
30,0.0,0.225,0.775,1937.0626530855457,60.30848959786492,12,0.0
31,0.0,0.22,0.78,1931.5435329423517,60.84331107799637,12,0.0
32,0.0,0.22,0.78,1931.5435329423517,60.84331107799637,12,0.0
33,0.0,0.21,0.79,1910.9906166750254,62.57165157707049,12,0.0
34,0.0,0.195,0.805,1904.3736300531848,63.071970350126705,12,0.0
35,0.0,0.175,0.825,1884.0609696004399,64.48921432283163,12,0.0
36,0.0,0.17,0.83,1881.2030992852185,64.67571850258977,12,0.0
37,0.0,0.155,0.845,1869.6007963172176,65.39780786884478,12,0.0
38,0.0,0.155,0.845,1869.6007963172176,65.39780786884478,12,0.0
39,0.0,0.15,0.85,1858.8486345384913,66.03296311897455,12,0.0
40,0.0,0.13,0.87,1834.9385050493925,67.35667711206084,12,0.0
41,0.0,0.13,0.87,1834.9385050493925,67.35667711206084,12,0.0
42,0.0,0.12,0.88,1827.6218381451786,67.7420846204919,12,0.0
43,0.0,0.105,0.895,1797.2096653126164,69.25355766772394,12,0.0
44,0.0,0.095,0.905,1789.9355479834671,69.59422594578453,12,0.0
45,0.0,0.08,0.92,1727.7102977496013,72.28196810897367,12,0.0
46,0.0,0.08,0.92,1727.7102977496013,72.28196810897367,12,0.0
47,0.0,0.075,0.925,1725.980214193639,72.35205858914784,12,0.0
48,0.0,0.07,0.93,1703.9682403356546,73.22850741193213,12,0.0
49,0.0,0.06,0.94,1697.4753906261753,73.4771951885757,12,0.0
50,0.0,0.06,0.94,1697.4753906261753,73.4771951885757,12,0.0
51,0.0,0.06,0.94,1697.4753906261753,73.4771951885757,12,0.0
52,0.0,0.06,0.94,1697.4753906261753,73.4771951885757,12,0.0
53,0.0,0.06,0.94,1697.4753906261753,73.4771951885757,12,0.0
0,0.0,1.0,0.0,1024.9195188045992,0.0,12,0.5
1,0.0,0.95,0.05,936.2352575673094,4.207870674618279,12,0.5
2,0.0,0.91,0.09,969.3910436884382,6.536601429058653,12,0.5
3,0.0,0.86,0.14,1073.8598063958634,11.458186151099156,12,0.5
4,0.0,0.81,0.19,1263.1806117154665,19.11218466217778,12,0.5
5,0.0,0.765,0.235,1350.862039348057,22.368177869060258,12,0.5
6,0.0,0.715,0.285,1460.0916755746478,26.212570490542966,12,0.5
7,0.0,0.69,0.31,1515.3804954970365,28.07969423078837,12,0.5
8,0.0,0.65,0.35,1593.8277141578953,30.640174386503602,12,0.5
9,0.0,0.615,0.385,1691.1729210662606,33.75891017711784,12,0.5
10,0.0,0.595,0.405,1727.3073126713643,35.02608408117729,12,0.5
11,0.0,0.575,0.425,1759.9942442868146,36.25614491383441,12,0.5
12,0.0,0.545,0.455,1816.0359111194807,38.61391160168755,12,0.5
13,0.0,0.51,0.49,1861.3259335649786,40.869653070167615,12,0.5
14,0.0,0.49,0.51,1885.914688311079,42.300276160856114,12,0.5
15,0.0,0.475,0.525,1903.3266748080614,43.44085302042021,12,0.5
16,0.0,0.455,0.545,1922.3862383560643,44.866685371497894,12,0.5
17,0.0,0.43,0.57,1934.4624824029413,45.91740695121743,12,0.5
18,0.0,0.41,0.59,1948.39649961655,47.39315390267295,12,0.5
19,0.0,0.385,0.615,1960.6491340306006,49.11319654801565,12,0.5
20,0.0,0.37,0.63,1967.4097924533278,50.50744378932725,12,0.5
21,0.0,0.34,0.66,1972.3360077536913,52.54923935445106,12,0.5
22,0.0,0.33,0.67,1972.4904291332248,52.75831221861106,12,0.5
23,0.0,0.325,0.675,1972.563675795709,52.89602041497055,12,0.5
24,0.0,0.305,0.695,1971.5379341896592,54.504540492210054,12,0.5
25,0.0,0.29,0.71,1969.3632504538136,55.35711085698297,12,0.5
26,0.0,0.27,0.73,1963.9996858982972,56.71045168020383,12,0.5
27,0.0,0.26,0.74,1962.1643753026137,57.05896885913894,12,0.5
28,0.0,0.245,0.755,1949.0692132605031,58.99122842601752,12,0.5
29,0.0,0.24,0.76,1946.2373463251042,59.326826927727325,12,0.5
30,0.0,0.225,0.775,1937.0626530855457,60.30848959786492,12,0.5
31,0.0,0.22,0.78,1931.5435329423517,60.84331107799637,12,0.5
32,0.0,0.22,0.78,1931.5435329423517,60.84331107799637,12,0.5
33,0.0,0.21,0.79,1910.9906166750254,62.57165157707049,12,0.5
34,0.0,0.195,0.805,1904.3736300531848,63.071970350126705,12,0.5
35,0.0,0.175,0.825,1884.0609696004399,64.48921432283163,12,0.5
36,0.0,0.17,0.83,1881.2030992852185,64.67571850258977,12,0.5
37,0.0,0.155,0.845,1869.6007963172176,65.39780786884478,12,0.5
38,0.0,0.155,0.845,1869.6007963172176,65.39780786884478,12,0.5
39,0.0,0.15,0.85,1858.8486345384913,66.03296311897455,12,0.5
40,0.0,0.13,0.87,1834.9385050493925,67.35667711206084,12,0.5
41,0.0,0.13,0.87,1834.9385050493925,67.35667711206084,12,0.5
42,0.0,0.12,0.88,1827.6218381451786,67.7420846204919,12,0.5
43,0.0,0.105,0.895,1797.2096653126164,69.25355766772394,12,0.5
44,0.0,0.095,0.905,1789.9355479834671,69.59422594578453,12,0.5
45,0.0,0.08,0.92,1727.7102977496013,72.28196810897367,12,0.5
46,0.0,0.08,0.92,1727.7102977496013,72.28196810897367,12,0.5
47,0.0,0.075,0.925,1725.980214193639,72.35205858914784,12,0.5
48,0.0,0.07,0.93,1703.9682403356546,73.22850741193213,12,0.5
49,0.0,0.06,0.94,1697.4753906261753,73.4771951885757,12,0.5
50,0.0,0.06,0.94,1697.4753906261753,73.4771951885757,12,0.5
51,0.0,0.06,0.94,1697.4753906261753,73.4771951885757,12,0.5
52,0.0,0.06,0.94,1697.4753906261753,73.4771951885757,12,0.5
53,0.0,0.06,0.94,1697.4753906261753,73.4771951885757,12,0.5
0,0.0,1.0,0.0,1024.9195188045992,0.0,12,1.0
1,0.0,0.95,0.05,936.2352575673094,4.207870674618279,12,1.0
2,0.0,0.91,0.09,969.3910436884382,6.536601429058653,12,1.0
3,0.0,0.86,0.14,1073.8598063958634,11.458186151099156,12,1.0
4,0.0,0.81,0.19,1263.1806117154665,19.11218466217778,12,1.0
5,0.0,0.765,0.235,1350.862039348057,22.368177869060258,12,1.0
6,0.0,0.715,0.285,1460.0916755746478,26.212570490542966,12,1.0
7,0.0,0.69,0.31,1515.3804954970365,28.07969423078837,12,1.0
8,0.0,0.65,0.35,1593.8277141578953,30.640174386503602,12,1.0
9,0.0,0.65,0.35,1593.8277141578953,30.640174386503602,12,1.0
10,0.0,0.65,0.35,1593.8277141578953,30.640174386503602,12,1.0
11,0.0,0.625,0.375,1641.80102467238,32.159676670268894,12,1.0
12,0.0,0.625,0.375,1641.80102467238,32.159676670268894,12,1.0
13,0.0,0.625,0.375,1641.80102467238,32.159676670268894,12,1.0
14,0.0,0.625,0.375,1641.80102467238,32.159676670268894,12,1.0
15,0.0,0.625,0.375,1641.80102467238,32.159676670268894,12,1.0
0,0.0,1.0,0.0,1024.9195188045992,0.0,12,1.5
1,0.0,0.95,0.05,936.2352575673094,4.207870674618279,12,1.5
2,0.0,0.91,0.09,969.3910436884382,6.536601429058653,12,1.5
3,0.0,0.86,0.14,1073.8598063958634,11.458186151099156,12,1.5
4,0.0,0.81,0.19,1263.1806117154665,19.11218466217778,12,1.5
5,0.0,0.765,0.235,1350.862039348057,22.368177869060258,12,1.5
6,0.0,0.715,0.285,1460.0916755746478,26.212570490542966,12,1.5
7,0.0,0.69,0.31,1515.3804954970365,28.07969423078837,12,1.5
8,0.0,0.65,0.35,1593.8277141578953,30.640174386503602,12,1.5
9,0.0,0.665,0.335,1562.0542197819289,29.613631568474077,12,1.5
10,0.0,0.64,0.36,1614.941230981361,31.314602736656582,12,1.5
11,0.0,0.665,0.335,1542.2421969482598,28.972240090373656,12,1.5
12,0.0,0.635,0.365,1618.763781915646,31.435782298633878,12,1.5
13,0.0,0.65,0.35,1580.8170595230545,30.222164619634043,12,1.5
14,0.0,0.67,0.33,1554.9714440246864,29.382315905372877,12,1.5
15,0.0,0.65,0.35,1606.0627440430267,31.029189996903398,12,1.5
16,0.0,0.665,0.335,1590.9364492135167,30.54764287381577,12,1.5
17,0.0,0.63,0.37,1642.3680702562156,32.173521758853326,12,1.5
18,0.0,0.655,0.345,1577.6239414457696,30.11388146128856,12,1.5
19,0.0,0.67,0.33,1559.4630521685776,29.5241995034775,12,1.5
20,0.0,0.65,0.35,1622.2796826629326,31.540272434602564,12,1.5
21,0.0,0.66,0.34,1595.7380913387954,30.698311971163406,12,1.5
22,0.0,0.675,0.325,1543.7261658188706,29.01046059644544,12,1.5
23,0.0,0.64,0.36,1607.1277479996106,31.053961685657026,12,1.5
24,0.0,0.65,0.35,1592.1193781271477,30.575875096576873,12,1.5
25,0.0,0.625,0.375,1635.908340417397,31.965034911367116,12,1.5
26,0.0,0.645,0.355,1604.2011841032493,30.963587254266304,12,1.5
27,0.0,0.67,0.33,1532.505546786583,28.635730959995573,12,1.5
28,0.0,0.64,0.36,1625.986700325007,31.6507045753152,12,1.5
29,0.0,0.66,0.34,1566.3006473392145,29.745886552054497,12,1.5
30,0.0,0.625,0.375,1632.1092793211947,31.85161835992794,12,1.5
31,0.0,0.64,0.36,1615.0956432365656,31.3161147286665,12,1.5
32,0.0,0.675,0.325,1503.2387375012297,27.676375375535955,12,1.5
33,0.0,0.69,0.31,1468.5967632673305,26.506481795641847,12,1.5
34,0.0,0.645,0.355,1557.1969883349868,29.454984716956144,12,1.5
35,0.0,0.65,0.35,1536.3567906337637,28.769661844464842,12,1.5
36,0.0,0.62,0.38,1617.6956840966911,31.3915160673384,12,1.5
37,0.0,0.63,0.37,1595.9840548369837,30.702249931302312,12,1.5
38,0.0,0.64,0.36,1574.2750870067946,30.00386653656849,12,1.5
39,0.0,0.65,0.35,1544.8919706446038,29.045501763396913,12,1.5
40,0.0,0.655,0.345,1536.5778839024078,28.772532172360574,12,1.5
41,0.0,0.67,0.33,1483.1501150722986,26.98664280291991,12,1.5
42,0.0,0.65,0.35,1513.5560485020007,28.006451735259528,12,1.5
43,0.0,0.61,0.39,1618.548676161626,31.409786150179396,12,1.5
44,0.0,0.625,0.375,1603.1372741346004,30.92036633145162,12,1.5
45,0.0,0.64,0.36,1569.293067072497,29.83094003951114,12,1.5
46,0.0,0.65,0.35,1523.3900033556267,28.330305148205937,12,1.5
47,0.0,0.625,0.375,1559.7337370109692,29.52264664750499,12,1.5
48,0.0,0.645,0.355,1522.3781987852585,28.294689101876585,12,1.5
49,0.0,0.66,0.34,1492.1125379375624,27.28239285978113,12,1.5
50,0.0,0.635,0.365,1584.7494361109668,30.336055076470206,12,1.5
51,0.0,0.65,0.35,1556.1731685545149,29.410736485125355,12,1.5
52,0.0,0.625,0.375,1599.1802498437,30.7978762838147,12,1.5
53,0.0,0.635,0.365,1573.482384208316,29.975462332777944,12,1.5
54,0.0,0.645,0.355,1566.478242767774,29.748308498025768,12,1.5
55,0.0,0.665,0.335,1535.4459776754911,28.734054633219827,12,1.5
56,0.0,0.63,0.37,1581.6743417446837,30.23916865317781,12,1.5
57,0.0,0.645,0.355,1552.21326223335,29.28556714556663,12,1.5
58,0.0,0.66,0.34,1504.8680228132303,27.715980494301448,12,1.5
59,0.0,0.63,0.37,1584.7379398443172,30.33403880955794,12,1.5
60,0.0,0.645,0.355,1531.6009868368283,28.60883314763134,12,1.5
61,0.0,0.625,0.375,1573.546228372249,29.97971334167376,12,1.5
62,0.0,0.64,0.36,1507.2823356051028,27.798266738539688,12,1.5
63,0.0,0.61,0.39,1592.3311708459016,30.571790938339895,12,1.5
64,0.0,0.615,0.385,1586.325630806358,30.378624548229578,12,1.5
65,0.0,0.64,0.36,1515.275427054558,28.05482358533949,12,1.5
66,0.0,0.61,0.39,1570.9893878680352,29.88832105996565,12,1.5
67,0.0,0.575,0.425,1634.5529464387878,31.91673457555278,12,1.5
68,0.0,0.585,0.415,1610.8095131799396,31.16585616697641,12,1.5
69,0.0,0.595,0.405,1587.3263307257319,30.41732918016141,12,1.5
70,0.0,0.57,0.43,1625.148223285957,31.62354419913143,12,1.5
71,0.0,0.58,0.42,1577.7498694087535,30.114571061457383,12,1.5
72,0.0,0.555,0.445,1638.8432474655945,32.058836192888776,12,1.5
73,0.0,0.585,0.415,1549.9792867901504,29.208592076287253,12,1.5
74,0.0,0.56,0.44,1620.8262404739417,31.489218131727625,12,1.5
75,0.0,0.585,0.415,1551.2432287653182,29.251512275600167,12,1.5
76,0.0,0.59,0.41,1545.0354885615145,29.048893753910022,12,1.5
77,0.0,0.605,0.395,1526.7271346046998,28.446052167792658,12,1.5
78,0.0,0.58,0.42,1610.9179088002475,31.171387020657818,12,1.5
79,0.0,0.595,0.405,1598.9999877197479,30.79180767180501,12,1.5
80,0.0,0.615,0.385,1562.524671298531,29.613157931964764,12,1.5
81,0.0,0.58,0.42,1645.3214941979495,32.25403431098984,12,1.5
82,0.0,0.59,0.41,1626.7697364986034,31.671637725071886,12,1.5
83,0.0,0.62,0.38,1537.9576622637576,28.81403257439233,12,1.5
84,0.0,0.595,0.405,1585.084449530595,30.347152157213436,12,1.5
85,0.0,0.62,0.38,1526.6359117729653,28.441046811601947,12,1.5
86,0.0,0.58,0.42,1596.8399993026512,30.721028650273233,12,1.5
87,0.0,0.6,0.4,1561.1545978500349,29.571846072300318,12,1.5
88,0.0,0.615,0.385,1532.784347297185,28.640902927631934,12,1.5
89,0.0,0.585,0.415,1599.6653625420954,30.80942200833807,12,1.5
90,0.0,0.6,0.4,1559.7106682874808,29.523271333907665,12,1.5
91,0.0,0.58,0.42,1633.7873102550523,31.893002038655823,12,1.5
92,0.0,0.6,0.4,1597.9105235773802,30.75414222952635,12,1.5
93,0.0,0.615,0.385,1525.62533931812,28.400309810643584,12,1.5
94,0.0,0.58,0.42,1640.26092061933,32.095025186395226,12,1.5
95,0.0,0.595,0.405,1610.0342193842423,31.14010962495266,12,1.5
96,0.0,0.575,0.425,1644.0496445779913,32.2148150972591,12,1.5
97,0.0,0.585,0.415,1623.6050558696952,31.575573541165944,12,1.5
98,0.0,0.61,0.39,1550.7882922126792,29.23876376339856,12,1.5
99,0.0,0.58,0.42,1621.394061934455,31.507159250176464,12,1.5
100,0.0,0.565,0.435,1634.1877566516935,31.909399416106098,12,1.5
0,0.0,1.0,0.0,1024.9195188045992,0.0,12,2.0
1,0.0,0.95,0.05,936.2352575673094,4.207870674618279,12,2.0
2,0.0,0.91,0.09,969.3910436884382,6.536601429058653,12,2.0
3,0.0,0.86,0.14,1073.8598063958634,11.458186151099156,12,2.0
4,0.0,0.81,0.19,1263.1806117154665,19.11218466217778,12,2.0
5,0.0,0.765,0.235,1350.862039348057,22.368177869060258,12,2.0
6,0.0,0.715,0.285,1460.0916755746478,26.212570490542966,12,2.0
7,0.0,0.69,0.31,1515.3804954970365,28.07969423078837,12,2.0
8,0.0,0.65,0.35,1593.8277141578953,30.640174386503602,12,2.0
9,0.0,0.665,0.335,1562.0542197819289,29.613631568474077,12,2.0
10,0.0,0.64,0.36,1614.941230981361,31.314602736656582,12,2.0
11,0.0,0.665,0.335,1542.2421969482598,28.972240090373656,12,2.0
12,0.0,0.635,0.365,1618.763781915646,31.435782298633878,12,2.0
13,0.0,0.65,0.35,1580.8170595230545,30.222164619634043,12,2.0
14,0.0,0.67,0.33,1554.9714440246864,29.382315905372877,12,2.0
15,0.0,0.65,0.35,1606.0627440430267,31.029189996903398,12,2.0
16,0.0,0.665,0.335,1590.9364492135167,30.54764287381577,12,2.0
17,0.0,0.63,0.37,1642.3680702562156,32.173521758853326,12,2.0
18,0.0,0.655,0.345,1577.6239414457696,30.11388146128856,12,2.0
19,0.0,0.67,0.33,1559.4630521685776,29.5241995034775,12,2.0
20,0.0,0.65,0.35,1622.2796826629326,31.540272434602564,12,2.0
21,0.0,0.66,0.34,1595.7380913387954,30.698311971163406,12,2.0
22,0.0,0.675,0.325,1543.7261658188706,29.01046059644544,12,2.0
23,0.0,0.64,0.36,1607.1277479996106,31.053961685657026,12,2.0
24,0.0,0.65,0.35,1592.1193781271477,30.575875096576873,12,2.0
25,0.0,0.625,0.375,1635.908340417397,31.965034911367116,12,2.0
26,0.0,0.645,0.355,1604.2011841032493,30.963587254266304,12,2.0
27,0.0,0.67,0.33,1532.505546786583,28.635730959995573,12,2.0
28,0.0,0.64,0.36,1625.986700325007,31.6507045753152,12,2.0
29,0.0,0.66,0.34,1566.3006473392145,29.745886552054497,12,2.0
30,0.0,0.625,0.375,1632.1092793211947,31.85161835992794,12,2.0
31,0.0,0.64,0.36,1615.0956432365656,31.3161147286665,12,2.0
32,0.0,0.675,0.325,1503.2387375012297,27.676375375535955,12,2.0
33,0.0,0.69,0.31,1468.5967632673305,26.506481795641847,12,2.0
34,0.0,0.645,0.355,1557.1969883349868,29.454984716956144,12,2.0
35,0.0,0.65,0.35,1536.3567906337637,28.769661844464842,12,2.0
36,0.0,0.62,0.38,1617.6956840966911,31.3915160673384,12,2.0
37,0.0,0.63,0.37,1595.9840548369837,30.702249931302312,12,2.0
38,0.0,0.64,0.36,1574.2750870067946,30.00386653656849,12,2.0
39,0.0,0.65,0.35,1544.8919706446038,29.045501763396913,12,2.0
40,0.0,0.655,0.345,1536.5778839024078,28.772532172360574,12,2.0
41,0.0,0.67,0.33,1483.1501150722986,26.98664280291991,12,2.0
42,0.0,0.65,0.35,1513.5560485020007,28.006451735259528,12,2.0
43,0.0,0.61,0.39,1618.548676161626,31.409786150179396,12,2.0
44,0.0,0.625,0.375,1603.1372741346004,30.92036633145162,12,2.0
45,0.0,0.64,0.36,1569.293067072497,29.83094003951114,12,2.0
46,0.0,0.65,0.35,1523.3900033556267,28.330305148205937,12,2.0
47,0.0,0.625,0.375,1559.7337370109692,29.52264664750499,12,2.0
48,0.0,0.645,0.355,1522.3781987852585,28.294689101876585,12,2.0
49,0.0,0.66,0.34,1492.1125379375624,27.28239285978113,12,2.0
50,0.0,0.635,0.365,1584.7494361109668,30.336055076470206,12,2.0
51,0.0,0.65,0.35,1556.1731685545149,29.410736485125355,12,2.0
52,0.0,0.625,0.375,1599.1802498437,30.7978762838147,12,2.0
53,0.0,0.635,0.365,1573.482384208316,29.975462332777944,12,2.0
54,0.0,0.645,0.355,1566.478242767774,29.748308498025768,12,2.0
55,0.0,0.665,0.335,1535.4459776754911,28.734054633219827,12,2.0
56,0.0,0.63,0.37,1581.6743417446837,30.23916865317781,12,2.0
57,0.0,0.645,0.355,1552.21326223335,29.28556714556663,12,2.0
58,0.0,0.66,0.34,1504.8680228132303,27.715980494301448,12,2.0
59,0.0,0.63,0.37,1584.7379398443172,30.33403880955794,12,2.0
60,0.0,0.645,0.355,1531.6009868368283,28.60883314763134,12,2.0
61,0.0,0.625,0.375,1573.546228372249,29.97971334167376,12,2.0
62,0.0,0.64,0.36,1507.2823356051028,27.798266738539688,12,2.0
63,0.0,0.61,0.39,1592.3311708459016,30.571790938339895,12,2.0
64,0.0,0.615,0.385,1586.325630806358,30.378624548229578,12,2.0
65,0.0,0.64,0.36,1515.275427054558,28.05482358533949,12,2.0
66,0.0,0.61,0.39,1570.9893878680352,29.88832105996565,12,2.0
67,0.0,0.575,0.425,1634.5529464387878,31.91673457555278,12,2.0
68,0.0,0.585,0.415,1610.8095131799396,31.16585616697641,12,2.0
69,0.0,0.595,0.405,1587.3263307257319,30.41732918016141,12,2.0
70,0.0,0.57,0.43,1625.148223285957,31.62354419913143,12,2.0
71,0.0,0.58,0.42,1577.7498694087535,30.114571061457383,12,2.0
72,0.0,0.555,0.445,1638.8432474655945,32.058836192888776,12,2.0
73,0.0,0.585,0.415,1549.9792867901504,29.208592076287253,12,2.0
74,0.0,0.56,0.44,1620.8262404739417,31.489218131727625,12,2.0
75,0.0,0.585,0.415,1551.2432287653182,29.251512275600167,12,2.0
76,0.0,0.59,0.41,1545.0354885615145,29.048893753910022,12,2.0
77,0.0,0.605,0.395,1526.7271346046998,28.446052167792658,12,2.0
78,0.0,0.58,0.42,1610.9179088002475,31.171387020657818,12,2.0
79,0.0,0.595,0.405,1598.9999877197479,30.79180767180501,12,2.0
80,0.0,0.615,0.385,1562.524671298531,29.613157931964764,12,2.0
81,0.0,0.58,0.42,1645.3214941979495,32.25403431098984,12,2.0
82,0.0,0.59,0.41,1626.7697364986034,31.671637725071886,12,2.0
83,0.0,0.62,0.38,1537.9576622637576,28.81403257439233,12,2.0
84,0.0,0.595,0.405,1585.084449530595,30.347152157213436,12,2.0
85,0.0,0.62,0.38,1526.6359117729653,28.441046811601947,12,2.0
86,0.0,0.58,0.42,1596.8399993026512,30.721028650273233,12,2.0
87,0.0,0.6,0.4,1561.1545978500349,29.571846072300318,12,2.0
88,0.0,0.615,0.385,1532.784347297185,28.640902927631934,12,2.0
89,0.0,0.585,0.415,1599.6653625420954,30.80942200833807,12,2.0
90,0.0,0.6,0.4,1559.7106682874808,29.523271333907665,12,2.0
91,0.0,0.58,0.42,1633.7873102550523,31.893002038655823,12,2.0
92,0.0,0.6,0.4,1597.9105235773802,30.75414222952635,12,2.0
93,0.0,0.615,0.385,1525.62533931812,28.400309810643584,12,2.0
94,0.0,0.58,0.42,1640.26092061933,32.095025186395226,12,2.0
95,0.0,0.595,0.405,1610.0342193842423,31.14010962495266,12,2.0
96,0.0,0.575,0.425,1644.0496445779913,32.2148150972591,12,2.0
97,0.0,0.585,0.415,1623.6050558696952,31.575573541165944,12,2.0
98,0.0,0.61,0.39,1550.7882922126792,29.23876376339856,12,2.0
99,0.0,0.58,0.42,1621.394061934455,31.507159250176464,12,2.0
100,0.0,0.565,0.435,1634.1877566516935,31.909399416106098,12,2.0
0,0.0,1.0,0.0,926.1012540104726,0.0,13,0.0
1,0.0,0.95,0.05,834.3171426871429,5.723673376637234,13,0.0
2,0.0,0.9,0.1,907.7774025367345,9.85315434607128,13,0.0
3,0.0,0.865,0.135,992.0466291284758,13.782835890067684,13,0.0
4,0.0,0.815,0.185,1116.2034664074008,19.114142882760316,13,0.0
5,0.0,0.775,0.225,1267.2997447171933,25.085527437861508,13,0.0
6,0.0,0.745,0.255,1330.9252739491424,27.449781383411217,13,0.0
7,0.0,0.705,0.295,1447.6307466055323,31.592563462680566,13,0.0
8,0.0,0.665,0.335,1517.052702886184,34.03152404652613,13,0.0
9,0.0,0.63,0.37,1578.1882061968001,36.51145745640612,13,0.0
10,0.0,0.6,0.4,1611.4588115078507,38.070786154654,13,0.0
11,0.0,0.57,0.43,1646.7557479819845,39.97743179155052,13,0.0
12,0.0,0.535,0.465,1713.055250451363,45.17736755164843,13,0.0
13,0.0,0.505,0.495,1725.6309100171566,46.947587928881724,13,0.0
14,0.0,0.47,0.53,1735.6242752715518,49.86996873525843,13,0.0
15,0.0,0.445,0.555,1733.326181986947,52.54155831548284,13,0.0
16,0.0,0.425,0.575,1730.731997739279,53.30821284806838,13,0.0
17,0.0,0.395,0.605,1710.7015755805032,56.46573268297954,13,0.0
18,0.0,0.365,0.635,1682.012985662722,59.122067955808355,13,0.0
19,0.0,0.345,0.655,1664.0302357563883,60.44226509488694,13,0.0
20,0.0,0.32,0.68,1631.598370687803,62.458181763343894,13,0.0
21,0.0,0.31,0.69,1615.6889888486785,63.336159948756666,13,0.0
22,0.0,0.29,0.71,1591.0541451577542,64.5980869906142,13,0.0
23,0.0,0.28,0.72,1563.6921716195934,65.8790895621095,13,0.0
24,0.0,0.265,0.735,1528.920518762911,67.37164952684755,13,0.0
25,0.0,0.26,0.74,1518.779143208308,67.78579168961606,13,0.0
26,0.0,0.25,0.75,1496.8095607197083,68.64670578917935,13,0.0
27,0.0,0.235,0.765,1486.335067045569,69.0470320347595,13,0.0
28,0.0,0.225,0.775,1472.5379997784169,69.55939025724761,13,0.0
29,0.0,0.215,0.785,1459.995520292699,70.01711114754623,13,0.0
30,0.0,0.195,0.805,1416.8312353879242,71.51383648384382,13,0.0
31,0.0,0.19,0.81,1409.9891835159622,71.74140280229929,13,0.0
32,0.0,0.185,0.815,1404.314058829479,71.92852407515606,13,0.0
33,0.0,0.18,0.82,1391.045286042204,72.35913301759024,13,0.0
34,0.0,0.17,0.83,1363.5858259946647,73.23000567353213,13,0.0
35,0.0,0.145,0.855,1308.649372327325,74.89236791457796,13,0.0
36,0.0,0.135,0.865,1297.2304630864235,75.22533571560899,13,0.0
37,0.0,0.13,0.87,1293.9256383220584,75.32091757625817,13,0.0
38,0.0,0.125,0.875,1287.61249901345,75.50111336257149,13,0.0
39,0.0,0.125,0.875,1287.61249901345,75.50111336257149,13,0.0
40,0.0,0.125,0.875,1287.61249901345,75.50111336257149,13,0.0
41,0.0,0.125,0.875,1287.61249901345,75.50111336257149,13,0.0
42,0.0,0.11,0.89,1255.696320772096,76.40059206052466,13,0.0
43,0.0,0.11,0.89,1255.696320772096,76.40059206052466,13,0.0
44,0.0,0.105,0.895,1254.7462887589943,76.42686289609821,13,0.0
45,0.0,0.1,0.9,1216.442681647839,77.46747779521944,13,0.0
46,0.0,0.095,0.905,1205.6921993686337,77.75534400729967,13,0.0
47,0.0,0.095,0.905,1205.6921993686337,77.75534400729967,13,0.0
48,0.0,0.09,0.91,1199.9663166207674,77.9062496082492,13,0.0
49,0.0,0.085,0.915,1198.1417275885728,77.95415599496411,13,0.0
50,0.0,0.08,0.92,1196.2697246539497,78.00324584190457,13,0.0
51,0.0,0.07,0.93,1161.4116428159155,78.9073103442372,13,0.0
52,0.0,0.06,0.94,1114.8370377529236,80.08067099543415,13,0.0
53,0.0,0.055,0.945,1097.1417703819457,80.51371580793602,13,0.0
54,0.0,0.055,0.945,1097.1417703819457,80.51371580793602,13,0.0
55,0.0,0.045,0.955,1085.862774930336,80.78927469989246,13,0.0
56,0.0,0.04,0.96,1078.160681054872,80.9758092530932,13,0.0
57,0.0,0.04,0.96,1078.160681054872,80.9758092530932,13,0.0
58,0.0,0.03,0.97,1013.5085743299446,82.50373534292758,13,0.0
59,0.0,0.03,0.97,1013.5085743299446,82.50373534292758,13,0.0
60,0.0,0.03,0.97,1013.5085743299446,82.50373534292758,13,0.0
61,0.0,0.03,0.97,1013.5085743299446,82.50373534292758,13,0.0
62,0.0,0.025,0.975,1004.1127146330473,82.71983946469473,13,0.0
63,0.0,0.02,0.98,993.661269036546,82.96021608970925,13,0.0
64,0.0,0.02,0.98,993.661269036546,82.96021608970925,13,0.0
65,0.0,0.02,0.98,993.661269036546,82.96021608970925,13,0.0
66,0.0,0.02,0.98,993.661269036546,82.96021608970925,13,0.0
67,0.0,0.015,0.985,985.2472611530934,83.15291651066963,13,0.0
68,0.0,0.015,0.985,985.2472611530934,83.15291651066963,13,0.0
69,0.0,0.01,0.99,969.1334237667529,83.51815201716545,13,0.0
70,0.0,0.005,0.995,959.8012125344203,83.72699805722593,13,0.0
71,0.0,0.005,0.995,959.8012125344203,83.72699805722593,13,0.0
72,0.0,0.005,0.995,959.8012125344203,83.72699805722593,13,0.0
73,0.0,0.0,1.0,954.9331895067153,83.83565202826733,13,0.0
74,0.0,0.0,1.0,954.9331895067153,83.83565202826733,13,0.0
75,0.0,0.0,1.0,954.9331895067153,83.83565202826733,13,0.0
76,0.0,0.0,1.0,954.9331895067153,83.83565202826733,13,0.0
77,0.0,0.0,1.0,954.9331895067153,83.83565202826733,13,0.0
0,0.0,1.0,0.0,926.1012540104726,0.0,13,0.5
1,0.0,0.95,0.05,834.3171426871429,5.723673376637234,13,0.5
2,0.0,0.9,0.1,907.7774025367345,9.85315434607128,13,0.5
3,0.0,0.865,0.135,992.0466291284758,13.782835890067684,13,0.5
4,0.0,0.815,0.185,1116.2034664074008,19.114142882760316,13,0.5
5,0.0,0.775,0.225,1267.2997447171933,25.085527437861508,13,0.5
6,0.0,0.745,0.255,1330.9252739491424,27.449781383411217,13,0.5
7,0.0,0.705,0.295,1447.6307466055323,31.592563462680566,13,0.5
8,0.0,0.665,0.335,1517.052702886184,34.03152404652613,13,0.5
9,0.0,0.63,0.37,1578.1882061968001,36.51145745640612,13,0.5
10,0.0,0.6,0.4,1611.4588115078507,38.070786154654,13,0.5
11,0.0,0.57,0.43,1646.7557479819845,39.97743179155052,13,0.5
12,0.0,0.535,0.465,1713.055250451363,45.17736755164843,13,0.5
13,0.0,0.505,0.495,1725.6309100171566,46.947587928881724,13,0.5
14,0.0,0.47,0.53,1735.6242752715518,49.86996873525843,13,0.5
15,0.0,0.445,0.555,1733.326181986947,52.54155831548284,13,0.5
16,0.0,0.425,0.575,1730.731997739279,53.30821284806838,13,0.5
17,0.0,0.395,0.605,1710.7015755805032,56.46573268297954,13,0.5
18,0.0,0.365,0.635,1682.012985662722,59.122067955808355,13,0.5
19,0.0,0.345,0.655,1664.0302357563883,60.44226509488694,13,0.5
20,0.0,0.32,0.68,1631.598370687803,62.458181763343894,13,0.5
21,0.0,0.31,0.69,1615.6889888486785,63.336159948756666,13,0.5
22,0.0,0.29,0.71,1591.0541451577542,64.5980869906142,13,0.5
23,0.0,0.28,0.72,1563.6921716195934,65.8790895621095,13,0.5
24,0.0,0.265,0.735,1528.920518762911,67.37164952684755,13,0.5
25,0.0,0.26,0.74,1518.779143208308,67.78579168961606,13,0.5
26,0.0,0.25,0.75,1496.8095607197083,68.64670578917935,13,0.5
27,0.0,0.235,0.765,1486.335067045569,69.0470320347595,13,0.5
28,0.0,0.225,0.775,1472.5379997784169,69.55939025724761,13,0.5
29,0.0,0.215,0.785,1459.995520292699,70.01711114754623,13,0.5
30,0.0,0.195,0.805,1416.8312353879242,71.51383648384382,13,0.5
31,0.0,0.19,0.81,1409.9891835159622,71.74140280229929,13,0.5
32,0.0,0.185,0.815,1404.314058829479,71.92852407515606,13,0.5
33,0.0,0.18,0.82,1391.045286042204,72.35913301759024,13,0.5
34,0.0,0.17,0.83,1363.5858259946647,73.23000567353213,13,0.5
35,0.0,0.145,0.855,1308.649372327325,74.89236791457796,13,0.5
36,0.0,0.135,0.865,1297.2304630864235,75.22533571560899,13,0.5
37,0.0,0.13,0.87,1293.9256383220584,75.32091757625817,13,0.5
38,0.0,0.125,0.875,1287.61249901345,75.50111336257149,13,0.5
39,0.0,0.125,0.875,1287.61249901345,75.50111336257149,13,0.5
40,0.0,0.125,0.875,1287.61249901345,75.50111336257149,13,0.5
41,0.0,0.125,0.875,1287.61249901345,75.50111336257149,13,0.5
42,0.0,0.11,0.89,1255.696320772096,76.40059206052466,13,0.5
43,0.0,0.11,0.89,1255.696320772096,76.40059206052466,13,0.5
44,0.0,0.105,0.895,1254.7462887589943,76.42686289609821,13,0.5
45,0.0,0.1,0.9,1216.442681647839,77.46747779521944,13,0.5
46,0.0,0.095,0.905,1205.6921993686337,77.75534400729967,13,0.5
47,0.0,0.095,0.905,1205.6921993686337,77.75534400729967,13,0.5
48,0.0,0.09,0.91,1199.9663166207674,77.9062496082492,13,0.5
49,0.0,0.085,0.915,1198.1417275885728,77.95415599496411,13,0.5
50,0.0,0.08,0.92,1196.2697246539497,78.00324584190457,13,0.5
51,0.0,0.07,0.93,1161.4116428159155,78.9073103442372,13,0.5
52,0.0,0.06,0.94,1114.8370377529236,80.08067099543415,13,0.5
53,0.0,0.055,0.945,1097.1417703819457,80.51371580793602,13,0.5
54,0.0,0.055,0.945,1097.1417703819457,80.51371580793602,13,0.5
55,0.0,0.045,0.955,1085.862774930336,80.78927469989246,13,0.5
56,0.0,0.04,0.96,1078.160681054872,80.9758092530932,13,0.5
57,0.0,0.04,0.96,1078.160681054872,80.9758092530932,13,0.5
58,0.0,0.03,0.97,1013.5085743299446,82.50373534292758,13,0.5
59,0.0,0.03,0.97,1013.5085743299446,82.50373534292758,13,0.5
60,0.0,0.03,0.97,1013.5085743299446,82.50373534292758,13,0.5
61,0.0,0.03,0.97,1013.5085743299446,82.50373534292758,13,0.5
62,0.0,0.025,0.975,1004.1127146330473,82.71983946469473,13,0.5
63,0.0,0.02,0.98,993.661269036546,82.96021608970925,13,0.5
64,0.0,0.02,0.98,993.661269036546,82.96021608970925,13,0.5
65,0.0,0.02,0.98,993.661269036546,82.96021608970925,13,0.5
66,0.0,0.02,0.98,993.661269036546,82.96021608970925,13,0.5
67,0.0,0.015,0.985,985.2472611530934,83.15291651066963,13,0.5
68,0.0,0.015,0.985,985.2472611530934,83.15291651066963,13,0.5
69,0.0,0.01,0.99,969.1334237667529,83.51815201716545,13,0.5
70,0.0,0.005,0.995,959.8012125344203,83.72699805722593,13,0.5
71,0.0,0.005,0.995,959.8012125344203,83.72699805722593,13,0.5
72,0.0,0.005,0.995,959.8012125344203,83.72699805722593,13,0.5
73,0.0,0.0,1.0,954.9331895067153,83.83565202826733,13,0.5
74,0.0,0.0,1.0,954.9331895067153,83.83565202826733,13,0.5
75,0.0,0.0,1.0,954.9331895067153,83.83565202826733,13,0.5
76,0.0,0.0,1.0,954.9331895067153,83.83565202826733,13,0.5
77,0.0,0.0,1.0,954.9331895067153,83.83565202826733,13,0.5
0,0.0,1.0,0.0,926.1012540104726,0.0,13,1.0
1,0.0,0.95,0.05,834.3171426871429,5.723673376637234,13,1.0
2,0.0,0.9,0.1,907.7774025367345,9.85315434607128,13,1.0
3,0.0,0.865,0.135,992.0466291284758,13.782835890067684,13,1.0
4,0.0,0.815,0.185,1116.2034664074008,19.114142882760316,13,1.0
5,0.0,0.775,0.225,1267.2997447171933,25.085527437861508,13,1.0
6,0.0,0.745,0.255,1330.9252739491424,27.449781383411217,13,1.0
7,0.0,0.705,0.295,1447.6307466055323,31.592563462680566,13,1.0
8,0.0,0.705,0.295,1447.6307466055323,31.592563462680566,13,1.0
9,0.0,0.705,0.295,1447.6307466055323,31.592563462680566,13,1.0
10,0.0,0.705,0.295,1447.6307466055323,31.592563462680566,13,1.0
11,0.0,0.705,0.295,1447.6307466055323,31.592563462680566,13,1.0
0,0.0,1.0,0.0,926.1012540104726,0.0,13,1.5
1,0.0,0.95,0.05,834.3171426871429,5.723673376637234,13,1.5
2,0.0,0.9,0.1,907.7774025367345,9.85315434607128,13,1.5
3,0.0,0.865,0.135,992.0466291284758,13.782835890067684,13,1.5
4,0.0,0.815,0.185,1116.2034664074008,19.114142882760316,13,1.5
5,0.0,0.775,0.225,1267.2997447171933,25.085527437861508,13,1.5
6,0.0,0.745,0.255,1330.9252739491424,27.449781383411217,13,1.5
7,0.0,0.705,0.295,1447.6307466055323,31.592563462680566,13,1.5
8,0.0,0.715,0.285,1421.8941576788554,30.70198483817892,13,1.5
9,0.0,0.73,0.27,1335.1278489646095,27.605209399669754,13,1.5
10,0.0,0.7,0.3,1380.690733591652,29.24281963639592,13,1.5
11,0.0,0.66,0.34,1464.8324080058753,32.1665138486278,13,1.5
12,0.0,0.675,0.325,1442.092813208865,31.384823348744582,13,1.5
13,0.0,0.69,0.31,1416.8702394440993,30.50954636302362,13,1.5
14,0.0,0.705,0.295,1392.1651935841346,29.64308329997354,13,1.5
15,0.0,0.715,0.285,1352.2374862811562,28.215721759634192,13,1.5
16,0.0,0.68,0.32,1412.6503097734928,30.363823457709856,13,1.5
17,0.0,0.7,0.3,1375.49289027596,29.05059260902773,13,1.5
18,0.0,0.705,0.295,1369.257990828738,28.828630615333413,13,1.5
19,0.0,0.67,0.33,1455.316703626623,31.8376490642873,13,1.5
20,0.0,0.685,0.315,1416.9641951103492,30.5098669470242,13,1.5
21,0.0,0.705,0.295,1372.912231782325,28.95838456135011,13,1.5
22,0.0,0.67,0.33,1449.5644601573683,31.638953660810863,13,1.5
23,0.0,0.69,0.31,1372.5004698719313,28.93867617097429,13,1.5
24,0.0,0.65,0.35,1465.49200608963,32.183431819928245,13,1.5
25,0.0,0.66,0.34,1437.2973942332262,31.212597825530878,13,1.5
26,0.0,0.685,0.315,1380.1935938433303,29.21143642951617,13,1.5
27,0.0,0.66,0.34,1435.805839722868,31.15910300388178,13,1.5
28,0.0,0.69,0.31,1356.135426022078,28.342307664254673,13,1.5
29,0.0,0.655,0.345,1466.3292977923197,32.201225960283054,13,1.5
30,0.0,0.675,0.325,1431.8588312126508,31.015100631812032,13,1.5
31,0.0,0.65,0.35,1466.7064938008486,32.21105951898931,13,1.5
32,0.0,0.67,0.33,1434.1417499151753,31.09467763193284,13,1.5
33,0.0,0.695,0.305,1363.2566507939323,28.59989681964555,13,1.5
34,0.0,0.67,0.33,1420.1583115604744,30.614778437883224,13,1.5
35,0.0,0.68,0.32,1377.6992755305855,29.12249246592407,13,1.5
36,0.0,0.695,0.305,1341.4169720251894,27.815138441880954,13,1.5
37,0.0,0.665,0.335,1390.711320724598,29.578191022933325,13,1.5
38,0.0,0.63,0.37,1445.8555697362665,31.501227960014884,13,1.5
39,0.0,0.66,0.34,1373.2209129982152,28.958796217718447,13,1.5
40,0.0,0.665,0.335,1371.1438272038147,28.884709094130336,13,1.5
41,0.0,0.64,0.36,1442.607213628842,31.40064280704777,13,1.5
42,0.0,0.655,0.345,1406.484959268153,30.146263045205266,13,1.5
43,0.0,0.665,0.335,1379.3721209082225,29.188819586863467,13,1.5
44,0.0,0.645,0.355,1414.1430199522456,30.416275010952972,13,1.5
45,0.0,0.66,0.34,1385.8238813733758,29.418081556557745,13,1.5
46,0.0,0.68,0.32,1353.913231031225,28.275986905690086,13,1.5
47,0.0,0.66,0.34,1406.066527742867,30.1296745894813,13,1.5
48,0.0,0.625,0.375,1456.424127992264,31.874196163196885,13,1.5
49,0.0,0.635,0.365,1452.7848085317928,31.749694601384835,13,1.5
50,0.0,0.65,0.35,1434.3005477926304,31.114791591745934,13,1.5
51,0.0,0.665,0.335,1389.9620019305771,29.56022192489481,13,1.5
52,0.0,0.67,0.33,1387.4555776232808,29.47115994741305,13,1.5
53,0.0,0.64,0.36,1471.2104033488959,32.38221922757249,13,1.5
54,0.0,0.68,0.32,1378.672776290348,29.159058001365757,13,1.5
55,0.0,0.69,0.31,1351.4349207081095,28.182835525213996,13,1.5
56,0.0,0.655,0.345,1422.4986835431862,30.70505795396354,13,1.5
57,0.0,0.63,0.37,1471.1192134286541,32.37880837582962,13,1.5
58,0.0,0.64,0.36,1446.5039757115615,31.540410886266816,13,1.5
59,0.0,0.65,0.35,1441.5121076289633,31.368137655617637,13,1.5
60,0.0,0.66,0.34,1416.1047879685632,30.487081940236884,13,1.5
61,0.0,0.68,0.32,1362.6558859526003,28.59089726697573,13,1.5
62,0.0,0.645,0.355,1434.2367959173669,31.11519053274165,13,1.5
63,0.0,0.665,0.335,1402.894032754538,30.021278444094882,13,1.5
64,0.0,0.675,0.325,1392.53360898952,29.65605401145428,13,1.5
65,0.0,0.69,0.31,1372.9401522919977,28.958113133294916,13,1.5
66,0.0,0.71,0.29,1327.0080470664682,27.29333546477445,13,1.5
67,0.0,0.675,0.325,1399.9006171302042,29.912075904358762,13,1.5
68,0.0,0.685,0.315,1389.5588292359082,29.547185159776603,13,1.5
69,0.0,0.65,0.35,1465.5403765717804,32.187519211685284,13,1.5
70,0.0,0.66,0.34,1448.012430601435,31.588765196233595,13,1.5
71,0.0,0.68,0.32,1388.8987202645044,29.522867715028077,13,1.5
72,0.0,0.705,0.295,1346.1763000444048,27.991254244262407,13,1.5
73,0.0,0.67,0.33,1455.5369859175903,31.846423184694572,13,1.5
74,0.0,0.685,0.315,1425.1914753258181,30.80069092183554,13,1.5
75,0.0,0.7,0.3,1394.806010047452,29.737208366135526,13,1.5
76,0.0,0.67,0.33,1467.4068205608426,32.24815034246209,13,1.5
77,0.0,0.675,0.325,1458.3019047538571,31.93662504632547,13,1.5
78,0.0,0.7,0.3,1427.5722880650828,30.876984715400823,13,1.5
79,0.0,0.725,0.275,1344.363182516522,27.93058445731249,13,1.5
80,0.0,0.69,0.31,1409.5125172170244,30.25415960402828,13,1.5
81,0.0,0.71,0.29,1330.8758314929162,27.446443776970494,13,1.5
82,0.0,0.675,0.325,1454.286932977072,31.80239870359283,13,1.5
83,0.0,0.69,0.31,1425.5294560614923,30.808611194357702,13,1.5
84,0.0,0.725,0.275,1333.9056903560136,27.5496711939722,13,1.5
85,0.0,0.675,0.325,1454.2313557383798,31.80730707602089,13,1.5
86,0.0,0.69,0.31,1438.5391996962965,31.266141922245623,13,1.5
87,0.0,0.705,0.295,1386.1420487707062,29.43222337139011,13,1.5
88,0.0,0.725,0.275,1340.4179033992314,27.79130491679713,13,1.5
89,0.0,0.69,0.31,1456.7157022415774,31.885972926513972,13,1.5
90,0.0,0.72,0.28,1304.5631654104961,26.472122520418324,13,1.5
91,0.0,0.68,0.32,1405.552716675464,30.11405406105474,13,1.5
92,0.0,0.695,0.305,1381.103820333576,29.24986675250034,13,1.5
93,0.0,0.665,0.335,1466.8537729778084,32.22796404443687,13,1.5
94,0.0,0.69,0.31,1378.4129212955784,29.144284451458784,13,1.5
95,0.0,0.695,0.305,1372.977499759448,28.95095073012597,13,1.5
96,0.0,0.655,0.345,1438.6769099030462,31.25649476352136,13,1.5
97,0.0,0.67,0.33,1395.4134541497651,29.743729474907784,13,1.5
98,0.0,0.635,0.365,1440.636640145557,31.32162667652341,13,1.5
99,0.0,0.655,0.345,1387.6681005188539,29.472698718963997,13,1.5
100,0.0,0.615,0.385,1442.6521249133948,31.39343546973298,13,1.5
0,0.0,1.0,0.0,926.1012540104726,0.0,13,2.0
1,0.0,0.95,0.05,834.3171426871429,5.723673376637234,13,2.0
2,0.0,0.9,0.1,907.7774025367345,9.85315434607128,13,2.0
3,0.0,0.865,0.135,992.0466291284758,13.782835890067684,13,2.0
4,0.0,0.815,0.185,1116.2034664074008,19.114142882760316,13,2.0
5,0.0,0.775,0.225,1267.2997447171933,25.085527437861508,13,2.0
6,0.0,0.745,0.255,1330.9252739491424,27.449781383411217,13,2.0
7,0.0,0.705,0.295,1447.6307466055323,31.592563462680566,13,2.0
8,0.0,0.715,0.285,1421.8941576788554,30.70198483817892,13,2.0
9,0.0,0.73,0.27,1335.1278489646095,27.605209399669754,13,2.0
10,0.0,0.7,0.3,1380.690733591652,29.24281963639592,13,2.0
11,0.0,0.66,0.34,1464.8324080058753,32.1665138486278,13,2.0
12,0.0,0.675,0.325,1442.092813208865,31.384823348744582,13,2.0
13,0.0,0.69,0.31,1416.8702394440993,30.50954636302362,13,2.0
14,0.0,0.705,0.295,1392.1651935841346,29.64308329997354,13,2.0
15,0.0,0.715,0.285,1352.2374862811562,28.215721759634192,13,2.0
16,0.0,0.68,0.32,1412.6503097734928,30.363823457709856,13,2.0
17,0.0,0.7,0.3,1375.49289027596,29.05059260902773,13,2.0
18,0.0,0.705,0.295,1369.257990828738,28.828630615333413,13,2.0
19,0.0,0.67,0.33,1455.316703626623,31.8376490642873,13,2.0
20,0.0,0.685,0.315,1416.9641951103492,30.5098669470242,13,2.0
21,0.0,0.705,0.295,1372.912231782325,28.95838456135011,13,2.0
22,0.0,0.67,0.33,1449.5644601573683,31.638953660810863,13,2.0
23,0.0,0.69,0.31,1372.5004698719313,28.93867617097429,13,2.0
24,0.0,0.65,0.35,1465.49200608963,32.183431819928245,13,2.0
25,0.0,0.66,0.34,1437.2973942332262,31.212597825530878,13,2.0
26,0.0,0.685,0.315,1380.1935938433303,29.21143642951617,13,2.0
27,0.0,0.66,0.34,1435.805839722868,31.15910300388178,13,2.0
28,0.0,0.69,0.31,1356.135426022078,28.342307664254673,13,2.0
29,0.0,0.655,0.345,1466.3292977923197,32.201225960283054,13,2.0
30,0.0,0.675,0.325,1431.8588312126508,31.015100631812032,13,2.0
31,0.0,0.65,0.35,1466.7064938008486,32.21105951898931,13,2.0
32,0.0,0.67,0.33,1434.1417499151753,31.09467763193284,13,2.0
33,0.0,0.695,0.305,1363.2566507939323,28.59989681964555,13,2.0
34,0.0,0.67,0.33,1420.1583115604744,30.614778437883224,13,2.0
35,0.0,0.68,0.32,1377.6992755305855,29.12249246592407,13,2.0
36,0.0,0.695,0.305,1341.4169720251894,27.815138441880954,13,2.0
37,0.0,0.665,0.335,1390.711320724598,29.578191022933325,13,2.0
38,0.0,0.63,0.37,1445.8555697362665,31.501227960014884,13,2.0
39,0.0,0.66,0.34,1373.2209129982152,28.958796217718447,13,2.0
40,0.0,0.665,0.335,1371.1438272038147,28.884709094130336,13,2.0
41,0.0,0.64,0.36,1442.607213628842,31.40064280704777,13,2.0
42,0.0,0.655,0.345,1406.484959268153,30.146263045205266,13,2.0
43,0.0,0.665,0.335,1379.3721209082225,29.188819586863467,13,2.0
44,0.0,0.645,0.355,1414.1430199522456,30.416275010952972,13,2.0
45,0.0,0.66,0.34,1385.8238813733758,29.418081556557745,13,2.0
46,0.0,0.68,0.32,1353.913231031225,28.275986905690086,13,2.0
47,0.0,0.66,0.34,1406.066527742867,30.1296745894813,13,2.0
48,0.0,0.625,0.375,1456.424127992264,31.874196163196885,13,2.0
49,0.0,0.635,0.365,1452.7848085317928,31.749694601384835,13,2.0
50,0.0,0.65,0.35,1434.3005477926304,31.114791591745934,13,2.0
51,0.0,0.665,0.335,1389.9620019305771,29.56022192489481,13,2.0
52,0.0,0.67,0.33,1387.4555776232808,29.47115994741305,13,2.0
53,0.0,0.64,0.36,1471.2104033488959,32.38221922757249,13,2.0
54,0.0,0.68,0.32,1378.672776290348,29.159058001365757,13,2.0
55,0.0,0.69,0.31,1351.4349207081095,28.182835525213996,13,2.0
56,0.0,0.655,0.345,1422.4986835431862,30.70505795396354,13,2.0
57,0.0,0.63,0.37,1471.1192134286541,32.37880837582962,13,2.0
58,0.0,0.64,0.36,1446.5039757115615,31.540410886266816,13,2.0
59,0.0,0.65,0.35,1441.5121076289633,31.368137655617637,13,2.0
60,0.0,0.66,0.34,1416.1047879685632,30.487081940236884,13,2.0
61,0.0,0.68,0.32,1362.6558859526003,28.59089726697573,13,2.0
62,0.0,0.645,0.355,1434.2367959173669,31.11519053274165,13,2.0
63,0.0,0.665,0.335,1402.894032754538,30.021278444094882,13,2.0
64,0.0,0.675,0.325,1392.53360898952,29.65605401145428,13,2.0
65,0.0,0.69,0.31,1372.9401522919977,28.958113133294916,13,2.0
66,0.0,0.71,0.29,1327.0080470664682,27.29333546477445,13,2.0
67,0.0,0.675,0.325,1399.9006171302042,29.912075904358762,13,2.0
68,0.0,0.685,0.315,1389.5588292359082,29.547185159776603,13,2.0
69,0.0,0.65,0.35,1465.5403765717804,32.187519211685284,13,2.0
70,0.0,0.66,0.34,1448.012430601435,31.588765196233595,13,2.0
71,0.0,0.68,0.32,1388.8987202645044,29.522867715028077,13,2.0
72,0.0,0.705,0.295,1346.1763000444048,27.991254244262407,13,2.0
73,0.0,0.67,0.33,1455.5369859175903,31.846423184694572,13,2.0
74,0.0,0.685,0.315,1425.1914753258181,30.80069092183554,13,2.0
75,0.0,0.7,0.3,1394.806010047452,29.737208366135526,13,2.0
76,0.0,0.67,0.33,1467.4068205608426,32.24815034246209,13,2.0
77,0.0,0.675,0.325,1458.3019047538571,31.93662504632547,13,2.0
78,0.0,0.7,0.3,1427.5722880650828,30.876984715400823,13,2.0
79,0.0,0.725,0.275,1344.363182516522,27.93058445731249,13,2.0
80,0.0,0.69,0.31,1409.5125172170244,30.25415960402828,13,2.0
81,0.0,0.71,0.29,1330.8758314929162,27.446443776970494,13,2.0
82,0.0,0.675,0.325,1454.286932977072,31.80239870359283,13,2.0
83,0.0,0.69,0.31,1425.5294560614923,30.808611194357702,13,2.0
84,0.0,0.725,0.275,1333.9056903560136,27.5496711939722,13,2.0
85,0.0,0.675,0.325,1454.2313557383798,31.80730707602089,13,2.0
86,0.0,0.69,0.31,1438.5391996962965,31.266141922245623,13,2.0
87,0.0,0.705,0.295,1386.1420487707062,29.43222337139011,13,2.0
88,0.0,0.725,0.275,1340.4179033992314,27.79130491679713,13,2.0
89,0.0,0.69,0.31,1456.7157022415774,31.885972926513972,13,2.0
90,0.0,0.72,0.28,1304.5631654104961,26.472122520418324,13,2.0
91,0.0,0.68,0.32,1405.552716675464,30.11405406105474,13,2.0
92,0.0,0.695,0.305,1381.103820333576,29.24986675250034,13,2.0
93,0.0,0.665,0.335,1466.8537729778084,32.22796404443687,13,2.0
94,0.0,0.69,0.31,1378.4129212955784,29.144284451458784,13,2.0
95,0.0,0.695,0.305,1372.977499759448,28.95095073012597,13,2.0
96,0.0,0.655,0.345,1438.6769099030462,31.25649476352136,13,2.0
97,0.0,0.67,0.33,1395.4134541497651,29.743729474907784,13,2.0
98,0.0,0.635,0.365,1440.636640145557,31.32162667652341,13,2.0
99,0.0,0.655,0.345,1387.6681005188539,29.472698718963997,13,2.0
100,0.0,0.615,0.385,1442.6521249133948,31.39343546973298,13,2.0
0,0.0,1.0,0.0,988.0845626562701,0.0,15,0.0
1,0.0,0.95,0.05,921.0310232936386,5.953313604893781,15,0.0
2,0.0,0.905,0.095,996.869777154875,9.733057342261748,15,0.0
3,0.0,0.865,0.135,1090.0141887148366,13.741428199459392,15,0.0
4,0.0,0.815,0.185,1263.7274708417945,20.54119459389411,15,0.0
5,0.0,0.77,0.23,1365.2211810000638,24.209726463313746,15,0.0
6,0.0,0.73,0.27,1421.7841854582275,26.16875379841266,15,0.0
7,0.0,0.695,0.305,1497.9516827235923,28.718434302966514,15,0.0
8,0.0,0.655,0.345,1577.5617816378494,31.28405394403072,15,0.0
9,0.0,0.625,0.375,1642.2089818954291,33.294456308596125,15,0.0
10,0.0,0.595,0.405,1694.0068526045266,34.92510715703306,15,0.0
11,0.0,0.56,0.44,1814.9428818283395,39.41623233717041,15,0.0
12,0.0,0.525,0.475,1893.4713860684258,43.27614954627688,15,0.0
13,0.0,0.505,0.495,1930.2091621001023,45.636349796687384,15,0.0
14,0.0,0.475,0.525,1954.7849350665826,47.60981479814354,15,0.0
15,0.0,0.435,0.565,1986.6326708667154,51.65508381238806,15,0.0
16,0.0,0.42,0.58,1992.7912137583662,53.22557383400854,15,0.0
17,0.0,0.4,0.6,1994.6332740639693,54.12715049096758,15,0.0
18,0.0,0.38,0.62,1995.5480729177352,55.25939584485776,15,0.0
19,0.0,0.36,0.64,1994.5099841303593,56.43663864653272,15,0.0
20,0.0,0.345,0.655,1991.1893649852727,57.78921358336759,15,0.0
21,0.0,0.325,0.675,1985.7987844020593,59.05504097747644,15,0.0
22,0.0,0.305,0.695,1981.6077426165366,59.77516479808864,15,0.0
23,0.0,0.29,0.71,1972.462945675692,61.096640429494705,15,0.0
24,0.0,0.275,0.725,1969.1547442760316,61.495206554902865,15,0.0
25,0.0,0.245,0.755,1956.0678175854327,62.88529822810363,15,0.0
26,0.0,0.235,0.765,1950.5137630163497,63.40713173418987,15,0.0
27,0.0,0.225,0.775,1946.4631794563,63.77692916421171,15,0.0
28,0.0,0.21,0.79,1931.397323220963,65.00881651833065,15,0.0
29,0.0,0.2,0.8,1921.7734643606643,65.7240624770117,15,0.0
30,0.0,0.185,0.815,1910.2989605944902,66.52445891538983,15,0.0
31,0.0,0.18,0.82,1902.1699375432934,67.06183457803937,15,0.0
32,0.0,0.17,0.83,1891.817987542154,67.71199102771733,15,0.0
33,0.0,0.165,0.835,1888.7899724387867,67.89536977188752,15,0.0
34,0.0,0.15,0.85,1872.7402425662917,68.83230261210107,15,0.0
35,0.0,0.145,0.855,1869.5597431114866,69.00996699786151,15,0.0
36,0.0,0.13,0.87,1829.4545596866858,71.1130475652572,15,0.0
37,0.0,0.125,0.875,1827.8403873648303,71.19209157030281,15,0.0
38,0.0,0.115,0.885,1818.721576191737,71.6301201829502,15,0.0
39,0.0,0.11,0.89,1814.7058126465618,71.82039300829243,15,0.0
40,0.0,0.105,0.895,1805.7673613247955,72.23729776763778,15,0.0
41,0.0,0.09,0.91,1788.7412691403852,73.00648891279718,15,0.0
42,0.0,0.09,0.91,1788.7412691403852,73.00648891279718,15,0.0
43,0.0,0.09,0.91,1788.7412691403852,73.00648891279718,15,0.0
44,0.0,0.085,0.915,1783.7377739867027,73.22619100811434,15,0.0
45,0.0,0.075,0.925,1775.82250070588,73.57459156157861,15,0.0
46,0.0,0.075,0.925,1775.82250070588,73.57459156157861,15,0.0
47,0.0,0.07,0.93,1751.9178789859243,74.59023259238637,15,0.0
48,0.0,0.07,0.93,1751.9178789859243,74.59023259238637,15,0.0
49,0.0,0.065,0.935,1742.386092837658,74.97887156371262,15,0.0
50,0.0,0.06,0.94,1734.534141770228,75.29447178314136,15,0.0
51,0.0,0.06,0.94,1734.534141770228,75.29447178314136,15,0.0
52,0.0,0.055,0.945,1728.7635636782793,75.52567619170935,15,0.0
53,0.0,0.045,0.955,1708.762778151097,76.30067940831513,15,0.0
54,0.0,0.04,0.96,1706.3155654473821,76.39573916897166,15,0.0
55,0.0,0.04,0.96,1706.3155654473821,76.39573916897166,15,0.0
56,0.0,0.04,0.96,1706.3155654473821,76.39573916897166,15,0.0
57,0.0,0.04,0.96,1706.3155654473821,76.39573916897166,15,0.0
58,0.0,0.04,0.96,1706.3155654473821,76.39573916897166,15,0.0
0,0.0,1.0,0.0,988.0845626562701,0.0,15,0.5
1,0.0,0.95,0.05,921.0310232936386,5.953313604893781,15,0.5
2,0.0,0.905,0.095,996.869777154875,9.733057342261748,15,0.5
3,0.0,0.865,0.135,1090.0141887148366,13.741428199459392,15,0.5
4,0.0,0.815,0.185,1263.7274708417945,20.54119459389411,15,0.5
5,0.0,0.77,0.23,1365.2211810000638,24.209726463313746,15,0.5
6,0.0,0.73,0.27,1421.7841854582275,26.16875379841266,15,0.5
7,0.0,0.695,0.305,1497.9516827235923,28.718434302966514,15,0.5
8,0.0,0.655,0.345,1577.5617816378494,31.28405394403072,15,0.5
9,0.0,0.625,0.375,1642.2089818954291,33.294456308596125,15,0.5
10,0.0,0.595,0.405,1694.0068526045266,34.92510715703306,15,0.5
11,0.0,0.56,0.44,1814.9428818283395,39.41623233717041,15,0.5
12,0.0,0.525,0.475,1893.4713860684258,43.27614954627688,15,0.5
13,0.0,0.505,0.495,1930.2091621001023,45.636349796687384,15,0.5
14,0.0,0.475,0.525,1954.7849350665826,47.60981479814354,15,0.5
15,0.0,0.435,0.565,1986.6326708667154,51.65508381238806,15,0.5
16,0.0,0.42,0.58,1992.7912137583662,53.22557383400854,15,0.5
17,0.0,0.4,0.6,1994.6332740639693,54.12715049096758,15,0.5
18,0.0,0.38,0.62,1995.5480729177352,55.25939584485776,15,0.5
19,0.0,0.36,0.64,1994.5099841303593,56.43663864653272,15,0.5
20,0.0,0.345,0.655,1991.1893649852727,57.78921358336759,15,0.5
21,0.0,0.325,0.675,1985.7987844020593,59.05504097747644,15,0.5
22,0.0,0.305,0.695,1981.6077426165366,59.77516479808864,15,0.5
23,0.0,0.29,0.71,1972.462945675692,61.096640429494705,15,0.5
24,0.0,0.275,0.725,1969.1547442760316,61.495206554902865,15,0.5
25,0.0,0.245,0.755,1956.0678175854327,62.88529822810363,15,0.5
26,0.0,0.235,0.765,1950.5137630163497,63.40713173418987,15,0.5
27,0.0,0.225,0.775,1946.4631794563,63.77692916421171,15,0.5
28,0.0,0.21,0.79,1931.397323220963,65.00881651833065,15,0.5
29,0.0,0.2,0.8,1921.7734643606643,65.7240624770117,15,0.5
30,0.0,0.185,0.815,1910.2989605944902,66.52445891538983,15,0.5
31,0.0,0.18,0.82,1902.1699375432934,67.06183457803937,15,0.5
32,0.0,0.17,0.83,1891.817987542154,67.71199102771733,15,0.5
33,0.0,0.165,0.835,1888.7899724387867,67.89536977188752,15,0.5
34,0.0,0.15,0.85,1872.7402425662917,68.83230261210107,15,0.5
35,0.0,0.145,0.855,1869.5597431114866,69.00996699786151,15,0.5
36,0.0,0.13,0.87,1829.4545596866858,71.1130475652572,15,0.5
37,0.0,0.125,0.875,1827.8403873648303,71.19209157030281,15,0.5
38,0.0,0.115,0.885,1818.721576191737,71.6301201829502,15,0.5
39,0.0,0.11,0.89,1814.7058126465618,71.82039300829243,15,0.5
40,0.0,0.105,0.895,1805.7673613247955,72.23729776763778,15,0.5
41,0.0,0.09,0.91,1788.7412691403852,73.00648891279718,15,0.5
42,0.0,0.09,0.91,1788.7412691403852,73.00648891279718,15,0.5
43,0.0,0.09,0.91,1788.7412691403852,73.00648891279718,15,0.5
44,0.0,0.085,0.915,1783.7377739867027,73.22619100811434,15,0.5
45,0.0,0.075,0.925,1775.82250070588,73.57459156157861,15,0.5
46,0.0,0.075,0.925,1775.82250070588,73.57459156157861,15,0.5
47,0.0,0.07,0.93,1751.9178789859243,74.59023259238637,15,0.5
48,0.0,0.07,0.93,1751.9178789859243,74.59023259238637,15,0.5
49,0.0,0.065,0.935,1742.386092837658,74.97887156371262,15,0.5
50,0.0,0.06,0.94,1734.534141770228,75.29447178314136,15,0.5
51,0.0,0.06,0.94,1734.534141770228,75.29447178314136,15,0.5
52,0.0,0.055,0.945,1728.7635636782793,75.52567619170935,15,0.5
53,0.0,0.045,0.955,1708.762778151097,76.30067940831513,15,0.5
54,0.0,0.04,0.96,1706.3155654473821,76.39573916897166,15,0.5
55,0.0,0.04,0.96,1706.3155654473821,76.39573916897166,15,0.5
56,0.0,0.04,0.96,1706.3155654473821,76.39573916897166,15,0.5
57,0.0,0.04,0.96,1706.3155654473821,76.39573916897166,15,0.5
58,0.0,0.04,0.96,1706.3155654473821,76.39573916897166,15,0.5
0,0.0,1.0,0.0,988.0845626562701,0.0,15,1.0
1,0.0,0.95,0.05,921.0310232936386,5.953313604893781,15,1.0
2,0.0,0.905,0.095,996.869777154875,9.733057342261748,15,1.0
3,0.0,0.865,0.135,1090.0141887148366,13.741428199459392,15,1.0
4,0.0,0.815,0.185,1263.7274708417945,20.54119459389411,15,1.0
5,0.0,0.77,0.23,1365.2211810000638,24.209726463313746,15,1.0
6,0.0,0.73,0.27,1421.7841854582275,26.16875379841266,15,1.0
7,0.0,0.695,0.305,1497.9516827235923,28.718434302966514,15,1.0
8,0.0,0.655,0.345,1577.5617816378494,31.28405394403072,15,1.0
9,0.0,0.625,0.375,1642.2089818954291,33.294456308596125,15,1.0
10,0.0,0.625,0.375,1642.2089818954291,33.294456308596125,15,1.0
11,0.0,0.625,0.375,1642.2089818954291,33.294456308596125,15,1.0
12,0.0,0.625,0.375,1642.2089818954291,33.294456308596125,15,1.0
13,0.0,0.625,0.375,1642.2089818954291,33.294456308596125,15,1.0
0,0.0,1.0,0.0,988.0845626562701,0.0,15,1.5
1,0.0,0.95,0.05,921.0310232936386,5.953313604893781,15,1.5
2,0.0,0.905,0.095,996.869777154875,9.733057342261748,15,1.5
3,0.0,0.865,0.135,1090.0141887148366,13.741428199459392,15,1.5
4,0.0,0.815,0.185,1263.7274708417945,20.54119459389411,15,1.5
5,0.0,0.77,0.23,1365.2211810000638,24.209726463313746,15,1.5
6,0.0,0.73,0.27,1421.7841854582275,26.16875379841266,15,1.5
7,0.0,0.695,0.305,1497.9516827235923,28.718434302966514,15,1.5
8,0.0,0.655,0.345,1577.5617816378494,31.28405394403072,15,1.5
9,0.0,0.625,0.375,1642.2089818954291,33.294456308596125,15,1.5
10,0.0,0.645,0.355,1585.3244906430107,31.526113354675346,15,1.5
11,0.0,0.66,0.34,1505.4363357665513,28.970474911798895,15,1.5
12,0.0,0.62,0.38,1639.2234257924213,33.21143024156741,15,1.5
13,0.0,0.635,0.365,1619.9465957603247,32.61697995927278,15,1.5
14,0.0,0.65,0.35,1594.0639416691035,31.808912046444515,15,1.5
15,0.0,0.66,0.34,1576.3103352500275,31.248328170369824,15,1.5
16,0.0,0.68,0.32,1528.5190066103544,29.72245630560422,15,1.5
17,0.0,0.635,0.365,1613.8370605794053,32.428729844024,15,1.5
18,0.0,0.655,0.345,1571.7007805376077,31.10530731522856,15,1.5
19,0.0,0.67,0.33,1555.625017602331,30.595749559080197,15,1.5
20,0.0,0.64,0.36,1613.4459685702038,32.41017674687463,15,1.5
21,0.0,0.65,0.35,1568.6712719972984,31.001991210354788,15,1.5
22,0.0,0.665,0.335,1534.2261118794922,29.899103566595613,15,1.5
23,0.0,0.685,0.315,1469.3560299192998,27.76971355965578,15,1.5
24,0.0,0.64,0.36,1547.6757762218053,30.32676497258273,15,1.5
25,0.0,0.595,0.405,1616.7583289957563,32.50580730748183,15,1.5
26,0.0,0.615,0.385,1585.9031270873486,31.544435388704795,15,1.5
27,0.0,0.63,0.37,1563.2296916980533,30.8294358724262,15,1.5
28,0.0,0.645,0.355,1523.9213260892423,29.56733196815772,15,1.5
29,0.0,0.61,0.39,1630.554277416894,32.93821342975815,15,1.5
30,0.0,0.62,0.38,1613.3036761056765,32.4055984499121,15,1.5
31,0.0,0.63,0.37,1601.2150451643583,32.027942616910494,15,1.5
32,0.0,0.65,0.35,1516.8342944934968,29.33556594436627,15,1.5
33,0.0,0.62,0.38,1592.1359240432193,31.736232951669688,15,1.5
34,0.0,0.6,0.4,1646.0607951861139,33.40674706622576,15,1.5
35,0.0,0.625,0.375,1581.851431419498,31.417561593806493,15,1.5
36,0.0,0.635,0.365,1576.1839818902977,31.238275701110652,15,1.5
37,0.0,0.625,0.375,1583.4194848299524,31.467049708235702,15,1.5
38,0.0,0.65,0.35,1527.8737991670953,29.693056485663092,15,1.5
39,0.0,0.63,0.37,1588.9602947818855,31.643454549743893,15,1.5
40,0.0,0.64,0.36,1561.673063246212,30.78336260156084,15,1.5
41,0.0,0.655,0.345,1530.516875543832,29.78635835780569,15,1.5
42,0.0,0.63,0.37,1623.8955249275648,32.727837634148024,15,1.5
43,0.0,0.645,0.355,1605.6841606704952,32.160904711503875,15,1.5
44,0.0,0.665,0.335,1567.9016457060904,30.969971279730082,15,1.5
45,0.0,0.675,0.325,1506.4958888689193,28.994970555817005,15,1.5
46,0.0,0.64,0.36,1586.3374399638967,31.556927867228378,15,1.5
47,0.0,0.67,0.33,1481.9788911333105,28.193752903456403,15,1.5
48,0.0,0.635,0.365,1593.6211328419079,31.781479180720375,15,1.5
49,0.0,0.645,0.355,1581.4850138628146,31.39953553450597,15,1.5
50,0.0,0.61,0.39,1635.2698994707482,33.07656492730056,15,1.5
51,0.0,0.635,0.365,1595.4380413105043,31.838962845324932,15,1.5
52,0.0,0.645,0.355,1585.0503436958745,31.5130026722409,15,1.5
53,0.0,0.655,0.345,1565.9729242253597,30.91035474070617,15,1.5
54,0.0,0.675,0.325,1508.0358523018733,29.041606404364437,15,1.5
55,0.0,0.645,0.355,1582.207292822642,31.420797260985555,15,1.5
56,0.0,0.67,0.33,1500.6120508930078,28.798120798557115,15,1.5
57,0.0,0.635,0.365,1609.1622869638022,32.27046035690892,15,1.5
58,0.0,0.655,0.345,1575.4712223999834,31.210896328150987,15,1.5
59,0.0,0.63,0.37,1648.6682746190709,33.48522416108841,15,1.5
60,0.0,0.63,0.37,1648.6682746190709,33.48522416108841,15,1.5
61,0.0,0.64,0.36,1614.7684301429877,32.44178516183723,15,1.5
62,0.0,0.655,0.345,1566.2703483951009,30.921320256009608,15,1.5
63,0.0,0.67,0.33,1531.8480147777432,29.817060612663596,15,1.5
64,0.0,0.62,0.38,1626.4252516109393,32.8071295615061,15,1.5
65,0.0,0.63,0.37,1607.9414631425882,32.23508109493204,15,1.5
66,0.0,0.65,0.35,1576.840707773727,31.25919848080356,15,1.5
67,0.0,0.62,0.38,1644.2785620084314,33.354195682385196,15,1.5
68,0.0,0.64,0.36,1585.7106272193319,31.541858525170962,15,1.5
69,0.0,0.615,0.385,1641.2943859435848,33.26525763119447,15,1.5
70,0.0,0.63,0.37,1601.0165400348226,32.01611169725921,15,1.5
71,0.0,0.64,0.36,1581.3411104718457,31.39891653103498,15,1.5
72,0.0,0.66,0.34,1539.2377510317656,30.05534703828691,15,1.5
73,0.0,0.675,0.325,1488.8694232773844,28.412260948533188,15,1.5
74,0.0,0.635,0.365,1578.948532399143,31.319467540092045,15,1.5
75,0.0,0.65,0.35,1548.2704814195158,30.343814732283132,15,1.5
76,0.0,0.625,0.375,1589.6896297983812,31.654232946541146,15,1.5
77,0.0,0.64,0.36,1527.101819798793,29.654394473979192,15,1.5
78,0.0,0.65,0.35,1513.0781804530816,29.198780090451283,15,1.5
79,0.0,0.62,0.38,1585.3305385265899,31.512365320829623,15,1.5
80,0.0,0.625,0.375,1569.177008910799,31.00331641204283,15,1.5
81,0.0,0.595,0.405,1624.9045915200318,32.74864961044836,15,1.5
82,0.0,0.605,0.395,1607.4745006994995,32.20791077448307,15,1.5
83,0.0,0.63,0.37,1532.8220290284225,29.842470893619957,15,1.5
84,0.0,0.61,0.39,1593.441428375109,31.774389037340534,15,1.5
85,0.0,0.625,0.375,1552.6655997133025,30.487384727348473,15,1.5
86,0.0,0.63,0.37,1539.4288513804308,30.06313687569707,15,1.5
87,0.0,0.6,0.4,1626.782912721807,32.8139814001817,15,1.5
88,0.0,0.62,0.38,1587.5826628968803,31.593923011641984,15,1.5
89,0.0,0.635,0.365,1549.6289906728198,30.386886251730996,15,1.5
90,0.0,0.61,0.39,1608.8351242386614,32.25925923903127,15,1.5
91,0.0,0.63,0.37,1543.5183917142679,30.191797351920847,15,1.5
92,0.0,0.605,0.395,1592.827898420484,31.75600514137787,15,1.5
93,0.0,0.63,0.37,1532.4629747500146,29.83443607323907,15,1.5
94,0.0,0.635,0.365,1522.1596464858765,29.501725519195173,15,1.5
95,0.0,0.645,0.355,1469.8112751983122,27.78428616153157,15,1.5
96,0.0,0.615,0.385,1573.0677243308623,31.135543235617746,15,1.5
97,0.0,0.63,0.37,1556.4262722177612,30.608615524197226,15,1.5
98,0.0,0.645,0.355,1509.2507300107502,29.08250302552162,15,1.5
99,0.0,0.665,0.335,1439.0466559360787,26.751377161805774,15,1.5
100,0.0,0.63,0.37,1540.4413963793693,30.091912909541374,15,1.5
0,0.0,1.0,0.0,988.0845626562701,0.0,15,2.0
1,0.0,0.95,0.05,921.0310232936386,5.953313604893781,15,2.0
2,0.0,0.905,0.095,996.869777154875,9.733057342261748,15,2.0
3,0.0,0.865,0.135,1090.0141887148366,13.741428199459392,15,2.0
4,0.0,0.815,0.185,1263.7274708417945,20.54119459389411,15,2.0
5,0.0,0.77,0.23,1365.2211810000638,24.209726463313746,15,2.0
6,0.0,0.73,0.27,1421.7841854582275,26.16875379841266,15,2.0
7,0.0,0.695,0.305,1497.9516827235923,28.718434302966514,15,2.0
8,0.0,0.655,0.345,1577.5617816378494,31.28405394403072,15,2.0
9,0.0,0.625,0.375,1642.2089818954291,33.294456308596125,15,2.0
10,0.0,0.645,0.355,1585.3244906430107,31.526113354675346,15,2.0
11,0.0,0.66,0.34,1505.4363357665513,28.970474911798895,15,2.0
12,0.0,0.62,0.38,1639.2234257924213,33.21143024156741,15,2.0
13,0.0,0.635,0.365,1619.9465957603247,32.61697995927278,15,2.0
14,0.0,0.65,0.35,1594.0639416691035,31.808912046444515,15,2.0
15,0.0,0.66,0.34,1576.3103352500275,31.248328170369824,15,2.0
16,0.0,0.68,0.32,1528.5190066103544,29.72245630560422,15,2.0
17,0.0,0.635,0.365,1613.8370605794053,32.428729844024,15,2.0
18,0.0,0.655,0.345,1571.7007805376077,31.10530731522856,15,2.0
19,0.0,0.67,0.33,1555.625017602331,30.595749559080197,15,2.0
20,0.0,0.64,0.36,1613.4459685702038,32.41017674687463,15,2.0
21,0.0,0.65,0.35,1568.6712719972984,31.001991210354788,15,2.0
22,0.0,0.665,0.335,1534.2261118794922,29.899103566595613,15,2.0
23,0.0,0.685,0.315,1469.3560299192998,27.76971355965578,15,2.0
24,0.0,0.64,0.36,1547.6757762218053,30.32676497258273,15,2.0
25,0.0,0.595,0.405,1616.7583289957563,32.50580730748183,15,2.0
26,0.0,0.615,0.385,1585.9031270873486,31.544435388704795,15,2.0
27,0.0,0.63,0.37,1563.2296916980533,30.8294358724262,15,2.0
28,0.0,0.645,0.355,1523.9213260892423,29.56733196815772,15,2.0
29,0.0,0.61,0.39,1630.554277416894,32.93821342975815,15,2.0
30,0.0,0.62,0.38,1613.3036761056765,32.4055984499121,15,2.0
31,0.0,0.63,0.37,1601.2150451643583,32.027942616910494,15,2.0
32,0.0,0.65,0.35,1516.8342944934968,29.33556594436627,15,2.0
33,0.0,0.62,0.38,1592.1359240432193,31.736232951669688,15,2.0
34,0.0,0.6,0.4,1646.0607951861139,33.40674706622576,15,2.0
35,0.0,0.625,0.375,1581.851431419498,31.417561593806493,15,2.0
36,0.0,0.635,0.365,1576.1839818902977,31.238275701110652,15,2.0
37,0.0,0.625,0.375,1583.4194848299524,31.467049708235702,15,2.0
38,0.0,0.65,0.35,1527.8737991670953,29.693056485663092,15,2.0
39,0.0,0.63,0.37,1588.9602947818855,31.643454549743893,15,2.0
40,0.0,0.64,0.36,1561.673063246212,30.78336260156084,15,2.0
41,0.0,0.655,0.345,1530.516875543832,29.78635835780569,15,2.0
42,0.0,0.63,0.37,1623.8955249275648,32.727837634148024,15,2.0
43,0.0,0.645,0.355,1605.6841606704952,32.160904711503875,15,2.0
44,0.0,0.665,0.335,1567.9016457060904,30.969971279730082,15,2.0
45,0.0,0.675,0.325,1506.4958888689193,28.994970555817005,15,2.0
46,0.0,0.64,0.36,1586.3374399638967,31.556927867228378,15,2.0
47,0.0,0.67,0.33,1481.9788911333105,28.193752903456403,15,2.0
48,0.0,0.635,0.365,1593.6211328419079,31.781479180720375,15,2.0
49,0.0,0.645,0.355,1581.4850138628146,31.39953553450597,15,2.0
50,0.0,0.61,0.39,1635.2698994707482,33.07656492730056,15,2.0
51,0.0,0.635,0.365,1595.4380413105043,31.838962845324932,15,2.0
52,0.0,0.645,0.355,1585.0503436958745,31.5130026722409,15,2.0
53,0.0,0.655,0.345,1565.9729242253597,30.91035474070617,15,2.0
54,0.0,0.675,0.325,1508.0358523018733,29.041606404364437,15,2.0
55,0.0,0.645,0.355,1582.207292822642,31.420797260985555,15,2.0
56,0.0,0.67,0.33,1500.6120508930078,28.798120798557115,15,2.0
57,0.0,0.635,0.365,1609.1622869638022,32.27046035690892,15,2.0
58,0.0,0.655,0.345,1575.4712223999834,31.210896328150987,15,2.0
59,0.0,0.63,0.37,1648.6682746190709,33.48522416108841,15,2.0
60,0.0,0.63,0.37,1648.6682746190709,33.48522416108841,15,2.0
61,0.0,0.64,0.36,1614.7684301429877,32.44178516183723,15,2.0
62,0.0,0.655,0.345,1566.2703483951009,30.921320256009608,15,2.0
63,0.0,0.67,0.33,1531.8480147777432,29.817060612663596,15,2.0
64,0.0,0.62,0.38,1626.4252516109393,32.8071295615061,15,2.0
65,0.0,0.63,0.37,1607.9414631425882,32.23508109493204,15,2.0
66,0.0,0.65,0.35,1576.840707773727,31.25919848080356,15,2.0
67,0.0,0.62,0.38,1644.2785620084314,33.354195682385196,15,2.0
68,0.0,0.64,0.36,1585.7106272193319,31.541858525170962,15,2.0
69,0.0,0.615,0.385,1641.2943859435848,33.26525763119447,15,2.0
70,0.0,0.63,0.37,1601.0165400348226,32.01611169725921,15,2.0
71,0.0,0.64,0.36,1581.3411104718457,31.39891653103498,15,2.0
72,0.0,0.66,0.34,1539.2377510317656,30.05534703828691,15,2.0
73,0.0,0.675,0.325,1488.8694232773844,28.412260948533188,15,2.0
74,0.0,0.635,0.365,1578.948532399143,31.319467540092045,15,2.0
75,0.0,0.65,0.35,1548.2704814195158,30.343814732283132,15,2.0
76,0.0,0.625,0.375,1589.6896297983812,31.654232946541146,15,2.0
77,0.0,0.64,0.36,1527.101819798793,29.654394473979192,15,2.0
78,0.0,0.65,0.35,1513.0781804530816,29.198780090451283,15,2.0
79,0.0,0.62,0.38,1585.3305385265899,31.512365320829623,15,2.0
80,0.0,0.625,0.375,1569.177008910799,31.00331641204283,15,2.0
81,0.0,0.595,0.405,1624.9045915200318,32.74864961044836,15,2.0
82,0.0,0.605,0.395,1607.4745006994995,32.20791077448307,15,2.0
83,0.0,0.63,0.37,1532.8220290284225,29.842470893619957,15,2.0
84,0.0,0.61,0.39,1593.441428375109,31.774389037340534,15,2.0
85,0.0,0.625,0.375,1552.6655997133025,30.487384727348473,15,2.0
86,0.0,0.63,0.37,1539.4288513804308,30.06313687569707,15,2.0
87,0.0,0.6,0.4,1626.782912721807,32.8139814001817,15,2.0
88,0.0,0.62,0.38,1587.5826628968803,31.593923011641984,15,2.0
89,0.0,0.635,0.365,1549.6289906728198,30.386886251730996,15,2.0
90,0.0,0.61,0.39,1608.8351242386614,32.25925923903127,15,2.0
91,0.0,0.63,0.37,1543.5183917142679,30.191797351920847,15,2.0
92,0.0,0.605,0.395,1592.827898420484,31.75600514137787,15,2.0
93,0.0,0.63,0.37,1532.4629747500146,29.83443607323907,15,2.0
94,0.0,0.635,0.365,1522.1596464858765,29.501725519195173,15,2.0
95,0.0,0.645,0.355,1469.8112751983122,27.78428616153157,15,2.0
96,0.0,0.615,0.385,1573.0677243308623,31.135543235617746,15,2.0
97,0.0,0.63,0.37,1556.4262722177612,30.608615524197226,15,2.0
98,0.0,0.645,0.355,1509.2507300107502,29.08250302552162,15,2.0
99,0.0,0.665,0.335,1439.0466559360787,26.751377161805774,15,2.0
100,0.0,0.63,0.37,1540.4413963793693,30.091912909541374,15,2.0
0,0.0,1.0,0.0,991.1414532335159,0.0,14,0.0
1,0.0,0.95,0.05,880.7932565128274,4.424731781106587,14,0.0
2,0.0,0.9,0.1,959.166575084154,9.80563940876415,14,0.0
3,0.0,0.85,0.15,1109.2255735590263,16.952737039813883,14,0.0
4,0.0,0.805,0.195,1229.2275261955347,22.138264612768282,14,0.0
5,0.0,0.765,0.235,1314.602565474618,25.600110807439073,14,0.0
6,0.0,0.74,0.26,1376.4524704287978,28.015728382601395,14,0.0
7,0.0,0.7,0.3,1443.2214712220175,30.531897450873842,14,0.0
8,0.0,0.665,0.335,1553.905637608589,34.51646919018524,14,0.0
9,0.0,0.635,0.365,1598.6567138668636,36.06988527343656,14,0.0
10,0.0,0.61,0.39,1655.274451520144,37.99185091117157,14,0.0
11,0.0,0.575,0.425,1745.2607217046116,40.96477565232126,14,0.0
12,0.0,0.555,0.445,1799.2328222500612,42.89480414795168,14,0.0
13,0.0,0.535,0.465,1823.61775240881,43.84546126838818,14,0.0
14,0.0,0.5,0.5,1914.8688790820972,48.139820924838766,14,0.0
15,0.0,0.475,0.525,1949.1618344742665,50.277452202059216,14,0.0
16,0.0,0.46,0.54,1959.768184767924,51.05578895521336,14,0.0
17,0.0,0.43,0.57,1977.542514449821,52.55795171771816,14,0.0
18,0.0,0.405,0.595,2000.5009148223264,55.26950937942844,14,0.0
19,0.0,0.395,0.605,2005.3524618977044,56.13183363816617,14,0.0
20,0.0,0.38,0.62,2009.6460524840772,57.12814610050245,14,0.0
21,0.0,0.37,0.63,2013.1177223624793,59.736400838437305,14,0.0
22,0.0,0.355,0.645,2012.4957488010004,60.390727565494046,14,0.0
23,0.0,0.32,0.68,2008.758989983166,61.821313264398384,14,0.0
24,0.0,0.3,0.7,1995.9939636793472,64.16862572365233,14,0.0
25,0.0,0.295,0.705,1994.8860304822122,64.31573183229136,14,0.0
26,0.0,0.28,0.72,1985.9977433256631,65.38221198855321,14,0.0
27,0.0,0.275,0.725,1982.5608002769663,65.74527200174579,14,0.0
28,0.0,0.26,0.74,1976.4875998031043,66.34766958603169,14,0.0
29,0.0,0.255,0.745,1973.9990839999314,66.58262336218431,14,0.0
30,0.0,0.255,0.745,1973.9990839999314,66.58262336218431,14,0.0
31,0.0,0.25,0.75,1972.07253036855,66.7602194114075,14,0.0
32,0.0,0.24,0.76,1966.7217275596154,67.22514516246237,14,0.0
33,0.0,0.22,0.78,1955.742344212355,68.10691620689823,14,0.0
34,0.0,0.22,0.78,1955.742344212355,68.10691620689823,14,0.0
35,0.0,0.2,0.8,1933.7643510175112,69.66761568663233,14,0.0
36,0.0,0.18,0.82,1869.751354385355,73.25695075497381,14,0.0
37,0.0,0.15,0.85,1832.7591399369348,74.98191054884468,14,0.0
38,0.0,0.15,0.85,1832.7591399369348,74.98191054884468,14,0.0
39,0.0,0.14,0.86,1801.6923576725349,76.28931885214226,14,0.0
40,0.0,0.135,0.865,1794.6803776714669,76.5736741255724,14,0.0
41,0.0,0.13,0.87,1794.2553259191181,76.59074609323639,14,0.0
42,0.0,0.125,0.875,1791.8596029058042,76.68666305133368,14,0.0
43,0.0,0.12,0.88,1789.262062151034,76.7904622295514,14,0.0
44,0.0,0.115,0.885,1777.0727181958393,77.26438940536625,14,0.0
45,0.0,0.11,0.89,1773.6063165815744,77.39897433481426,14,0.0
46,0.0,0.11,0.89,1773.6063165815744,77.39897433481426,14,0.0
47,0.0,0.105,0.895,1768.6945371038407,77.58592581830577,14,0.0
48,0.0,0.105,0.895,1768.6945371038407,77.58592581830577,14,0.0
49,0.0,0.105,0.895,1768.6945371038407,77.58592581830577,14,0.0
50,0.0,0.105,0.895,1768.6945371038407,77.58592581830577,14,0.0
51,0.0,0.1,0.9,1758.497922104799,77.97202628894527,14,0.0
52,0.0,0.09,0.91,1749.8839816003012,78.28898624103822,14,0.0
53,0.0,0.09,0.91,1749.8839816003012,78.28898624103822,14,0.0
54,0.0,0.085,0.915,1734.8674105397336,78.83662414178869,14,0.0
55,0.0,0.075,0.925,1708.6571789755783,79.75629829357898,14,0.0
56,0.0,0.07,0.93,1679.154919641592,80.74687571655932,14,0.0
57,0.0,0.07,0.93,1679.154919641592,80.74687571655932,14,0.0
58,0.0,0.06,0.94,1657.825685765613,81.43442910161093,14,0.0
59,0.0,0.06,0.94,1657.825685765613,81.43442910161093,14,0.0
60,0.0,0.06,0.94,1657.825685765613,81.43442910161093,14,0.0
61,0.0,0.06,0.94,1657.825685765613,81.43442910161093,14,0.0
62,0.0,0.055,0.945,1650.835210304105,81.65737789320796,14,0.0
63,0.0,0.055,0.945,1650.835210304105,81.65737789320796,14,0.0
64,0.0,0.045,0.955,1625.3118959997018,82.450071250804,14,0.0
65,0.0,0.045,0.955,1625.3118959997018,82.450071250804,14,0.0
66,0.0,0.04,0.96,1610.069480266209,82.9113803469164,14,0.0
67,0.0,0.04,0.96,1610.069480266209,82.9113803469164,14,0.0
68,0.0,0.04,0.96,1610.069480266209,82.9113803469164,14,0.0
69,0.0,0.035,0.965,1596.8796705698808,83.30650204148162,14,0.0
70,0.0,0.03,0.97,1589.7368683847287,83.51699460962496,14,0.0
71,0.0,0.025,0.975,1565.6312374280453,84.22144853119666,14,0.0
72,0.0,0.025,0.975,1565.6312374280453,84.22144853119666,14,0.0
73,0.0,0.025,0.975,1565.6312374280453,84.22144853119666,14,0.0
74,0.0,0.025,0.975,1565.6312374280453,84.22144853119666,14,0.0
75,0.0,0.025,0.975,1565.6312374280453,84.22144853119666,14,0.0
0,0.0,1.0,0.0,991.1414532335159,0.0,14,0.5
1,0.0,0.95,0.05,880.7932565128274,4.424731781106587,14,0.5
2,0.0,0.9,0.1,959.166575084154,9.80563940876415,14,0.5
3,0.0,0.85,0.15,1109.2255735590263,16.952737039813883,14,0.5
4,0.0,0.805,0.195,1229.2275261955347,22.138264612768282,14,0.5
5,0.0,0.765,0.235,1314.602565474618,25.600110807439073,14,0.5
6,0.0,0.74,0.26,1376.4524704287978,28.015728382601395,14,0.5
7,0.0,0.7,0.3,1443.2214712220175,30.531897450873842,14,0.5
8,0.0,0.665,0.335,1553.905637608589,34.51646919018524,14,0.5
9,0.0,0.635,0.365,1598.6567138668636,36.06988527343656,14,0.5
10,0.0,0.61,0.39,1655.274451520144,37.99185091117157,14,0.5
11,0.0,0.575,0.425,1745.2607217046116,40.96477565232126,14,0.5
12,0.0,0.555,0.445,1799.2328222500612,42.89480414795168,14,0.5
13,0.0,0.535,0.465,1823.61775240881,43.84546126838818,14,0.5
14,0.0,0.5,0.5,1914.8688790820972,48.139820924838766,14,0.5
15,0.0,0.475,0.525,1949.1618344742665,50.277452202059216,14,0.5
16,0.0,0.46,0.54,1959.768184767924,51.05578895521336,14,0.5
17,0.0,0.43,0.57,1977.542514449821,52.55795171771816,14,0.5
18,0.0,0.405,0.595,2000.5009148223264,55.26950937942844,14,0.5
19,0.0,0.395,0.605,2005.3524618977044,56.13183363816617,14,0.5
20,0.0,0.38,0.62,2009.6460524840772,57.12814610050245,14,0.5
21,0.0,0.37,0.63,2013.1177223624793,59.736400838437305,14,0.5
22,0.0,0.355,0.645,2012.4957488010004,60.390727565494046,14,0.5
23,0.0,0.32,0.68,2008.758989983166,61.821313264398384,14,0.5
24,0.0,0.3,0.7,1995.9939636793472,64.16862572365233,14,0.5
25,0.0,0.295,0.705,1994.8860304822122,64.31573183229136,14,0.5
26,0.0,0.28,0.72,1985.9977433256631,65.38221198855321,14,0.5
27,0.0,0.275,0.725,1982.5608002769663,65.74527200174579,14,0.5
28,0.0,0.26,0.74,1976.4875998031043,66.34766958603169,14,0.5
29,0.0,0.255,0.745,1973.9990839999314,66.58262336218431,14,0.5
30,0.0,0.255,0.745,1973.9990839999314,66.58262336218431,14,0.5
31,0.0,0.25,0.75,1972.07253036855,66.7602194114075,14,0.5
32,0.0,0.24,0.76,1966.7217275596154,67.22514516246237,14,0.5
33,0.0,0.22,0.78,1955.742344212355,68.10691620689823,14,0.5
34,0.0,0.22,0.78,1955.742344212355,68.10691620689823,14,0.5
35,0.0,0.2,0.8,1933.7643510175112,69.66761568663233,14,0.5
36,0.0,0.18,0.82,1869.751354385355,73.25695075497381,14,0.5
37,0.0,0.15,0.85,1832.7591399369348,74.98191054884468,14,0.5
38,0.0,0.15,0.85,1832.7591399369348,74.98191054884468,14,0.5
39,0.0,0.14,0.86,1801.6923576725349,76.28931885214226,14,0.5
40,0.0,0.135,0.865,1794.6803776714669,76.5736741255724,14,0.5
41,0.0,0.13,0.87,1794.2553259191181,76.59074609323639,14,0.5
42,0.0,0.125,0.875,1791.8596029058042,76.68666305133368,14,0.5
43,0.0,0.12,0.88,1789.262062151034,76.7904622295514,14,0.5
44,0.0,0.115,0.885,1777.0727181958393,77.26438940536625,14,0.5
45,0.0,0.11,0.89,1773.6063165815744,77.39897433481426,14,0.5
46,0.0,0.11,0.89,1773.6063165815744,77.39897433481426,14,0.5
47,0.0,0.105,0.895,1768.6945371038407,77.58592581830577,14,0.5
48,0.0,0.105,0.895,1768.6945371038407,77.58592581830577,14,0.5
49,0.0,0.105,0.895,1768.6945371038407,77.58592581830577,14,0.5
50,0.0,0.105,0.895,1768.6945371038407,77.58592581830577,14,0.5
51,0.0,0.1,0.9,1758.497922104799,77.97202628894527,14,0.5
52,0.0,0.09,0.91,1749.8839816003012,78.28898624103822,14,0.5
53,0.0,0.09,0.91,1749.8839816003012,78.28898624103822,14,0.5
54,0.0,0.085,0.915,1734.8674105397336,78.83662414178869,14,0.5
55,0.0,0.075,0.925,1708.6571789755783,79.75629829357898,14,0.5
56,0.0,0.07,0.93,1679.154919641592,80.74687571655932,14,0.5
57,0.0,0.07,0.93,1679.154919641592,80.74687571655932,14,0.5
58,0.0,0.06,0.94,1657.825685765613,81.43442910161093,14,0.5
59,0.0,0.06,0.94,1657.825685765613,81.43442910161093,14,0.5
60,0.0,0.06,0.94,1657.825685765613,81.43442910161093,14,0.5
61,0.0,0.06,0.94,1657.825685765613,81.43442910161093,14,0.5
62,0.0,0.055,0.945,1650.835210304105,81.65737789320796,14,0.5
63,0.0,0.055,0.945,1650.835210304105,81.65737789320796,14,0.5
64,0.0,0.045,0.955,1625.3118959997018,82.450071250804,14,0.5
65,0.0,0.045,0.955,1625.3118959997018,82.450071250804,14,0.5
66,0.0,0.04,0.96,1610.069480266209,82.9113803469164,14,0.5
67,0.0,0.04,0.96,1610.069480266209,82.9113803469164,14,0.5
68,0.0,0.04,0.96,1610.069480266209,82.9113803469164,14,0.5
69,0.0,0.035,0.965,1596.8796705698808,83.30650204148162,14,0.5
70,0.0,0.03,0.97,1589.7368683847287,83.51699460962496,14,0.5
71,0.0,0.025,0.975,1565.6312374280453,84.22144853119666,14,0.5
72,0.0,0.025,0.975,1565.6312374280453,84.22144853119666,14,0.5
73,0.0,0.025,0.975,1565.6312374280453,84.22144853119666,14,0.5
74,0.0,0.025,0.975,1565.6312374280453,84.22144853119666,14,0.5
75,0.0,0.025,0.975,1565.6312374280453,84.22144853119666,14,0.5
0,0.0,1.0,0.0,991.1414532335159,0.0,14,1.0
1,0.0,0.95,0.05,880.7932565128274,4.424731781106587,14,1.0
2,0.0,0.9,0.1,959.166575084154,9.80563940876415,14,1.0
3,0.0,0.85,0.15,1109.2255735590263,16.952737039813883,14,1.0
4,0.0,0.805,0.195,1229.2275261955347,22.138264612768282,14,1.0
5,0.0,0.765,0.235,1314.602565474618,25.600110807439073,14,1.0
6,0.0,0.74,0.26,1376.4524704287978,28.015728382601395,14,1.0
7,0.0,0.7,0.3,1443.2214712220175,30.531897450873842,14,1.0
8,0.0,0.665,0.335,1553.905637608589,34.51646919018524,14,1.0
9,0.0,0.635,0.365,1598.6567138668636,36.06988527343656,14,1.0
10,0.0,0.61,0.39,1655.274451520144,37.99185091117157,14,1.0
11,0.0,0.61,0.39,1655.274451520144,37.99185091117157,14,1.0
12,0.0,0.59,0.41,1714.5912850166053,39.95388540986538,14,1.0
13,0.0,0.59,0.41,1714.5912850166053,39.95388540986538,14,1.0
14,0.0,0.59,0.41,1714.5912850166053,39.95388540986538,14,1.0
15,0.0,0.59,0.41,1714.5912850166053,39.95388540986538,14,1.0
16,0.0,0.59,0.41,1714.5912850166053,39.95388540986538,14,1.0
0,0.0,1.0,0.0,991.1414532335159,0.0,14,1.5
1,0.0,0.95,0.05,880.7932565128274,4.424731781106587,14,1.5
2,0.0,0.9,0.1,959.166575084154,9.80563940876415,14,1.5
3,0.0,0.85,0.15,1109.2255735590263,16.952737039813883,14,1.5
4,0.0,0.805,0.195,1229.2275261955347,22.138264612768282,14,1.5
5,0.0,0.765,0.235,1314.602565474618,25.600110807439073,14,1.5
6,0.0,0.74,0.26,1376.4524704287978,28.015728382601395,14,1.5
7,0.0,0.7,0.3,1443.2214712220175,30.531897450873842,14,1.5
8,0.0,0.665,0.335,1553.905637608589,34.51646919018524,14,1.5
9,0.0,0.635,0.365,1598.6567138668636,36.06988527343656,14,1.5
10,0.0,0.61,0.39,1655.274451520144,37.99185091117157,14,1.5
11,0.0,0.625,0.375,1612.8378007071922,36.55554234251295,14,1.5
12,0.0,0.605,0.395,1671.4645734729081,38.53303988279754,14,1.5
13,0.0,0.58,0.42,1707.338796873138,39.71470331961847,14,1.5
14,0.0,0.595,0.405,1637.5109505986622,37.395386742391004,14,1.5
15,0.0,0.565,0.435,1722.5996704197203,40.213499940325455,14,1.5
16,0.0,0.585,0.415,1611.5296534943475,36.50452601526938,14,1.5
17,0.0,0.55,0.45,1671.0844571555897,38.513838109815225,14,1.5
18,0.0,0.575,0.425,1601.9582408257866,36.17900064631704,14,1.5
19,0.0,0.555,0.445,1646.3706899604283,37.68884375651522,14,1.5
20,0.0,0.58,0.42,1588.3358933470831,35.7106383185037,14,1.5
21,0.0,0.555,0.445,1712.274989917633,39.87754086431726,14,1.5
22,0.0,0.59,0.41,1586.6644167925465,35.66745957714601,14,1.5
23,0.0,0.555,0.445,1635.0546177148467,37.31930776555554,14,1.5
24,0.0,0.575,0.425,1608.342648050983,36.41121501183832,14,1.5
25,0.0,0.545,0.455,1658.739366260895,38.115556964436855,14,1.5
26,0.0,0.565,0.435,1600.5651830712934,36.142530572844194,14,1.5
27,0.0,0.55,0.45,1662.9391706761128,38.2585525181356,14,1.5
28,0.0,0.525,0.475,1714.453994489505,39.95923636062717,14,1.5
29,0.0,0.56,0.44,1612.5909510807626,36.55837252701347,14,1.5
30,0.0,0.545,0.455,1658.271391300194,38.103577158486935,14,1.5
31,0.0,0.575,0.425,1592.2370513892565,35.86154259657541,14,1.5
32,0.0,0.545,0.455,1655.8630112363999,38.02270932043838,14,1.5
33,0.0,0.56,0.44,1623.0996313420058,36.91463698387573,14,1.5
34,0.0,0.575,0.425,1595.2943317336471,35.96525584692238,14,1.5
35,0.0,0.535,0.465,1717.4898677075441,40.04623142324885,14,1.5
36,0.0,0.545,0.455,1691.2511865730505,39.18909010396574,14,1.5
37,0.0,0.56,0.44,1653.6390291008918,37.94278886656772,14,1.5
38,0.0,0.52,0.48,1707.7123106539561,39.732010306877285,14,1.5
39,0.0,0.535,0.465,1696.7834445303847,39.37436291923853,14,1.5
40,0.0,0.56,0.44,1641.5191369610484,37.53528319036402,14,1.5
41,0.0,0.535,0.465,1685.3030555517494,38.997285571590865,14,1.5
42,0.0,0.56,0.44,1646.2717999006347,37.70011046701568,14,1.5
43,0.0,0.575,0.425,1554.6590115608067,34.54518885769617,14,1.5
44,0.0,0.56,0.44,1585.243237088805,35.613025148091225,14,1.5
45,0.0,0.54,0.46,1638.2613317247078,37.42467287745582,14,1.5
46,0.0,0.515,0.485,1703.552395835583,39.592579472244395,14,1.5
47,0.0,0.54,0.46,1632.4881554320839,37.223726707815146,14,1.5
48,0.0,0.565,0.435,1609.10257952631,36.426813434714,14,1.5
49,0.0,0.545,0.455,1680.9065848031128,38.84141623296387,14,1.5
50,0.0,0.575,0.425,1619.4587718966104,36.78263725446742,14,1.5
51,0.0,0.54,0.46,1698.5518177543372,39.42177607871928,14,1.5
52,0.0,0.52,0.48,1723.8743960007876,40.24971725805475,14,1.5
53,0.0,0.54,0.46,1702.6705368770674,39.55666660201142,14,1.5
54,0.0,0.57,0.43,1642.3940657635235,37.55542997933148,14,1.5
55,0.0,0.59,0.41,1619.6460448607745,36.783945785488314,14,1.5
56,0.0,0.56,0.44,1692.1906274428718,39.21130030854647,14,1.5
57,0.0,0.575,0.425,1670.4999702449852,38.49300633158769,14,1.5
58,0.0,0.585,0.415,1634.302507182042,37.28236600813568,14,1.5
59,0.0,0.56,0.44,1702.789527611852,39.56459752432417,14,1.5
60,0.0,0.58,0.42,1621.5924188996642,36.85478977864055,14,1.5
61,0.0,0.545,0.455,1696.3137592580429,39.3548369374662,14,1.5
62,0.0,0.57,0.43,1603.7124448214674,36.249303106473945,14,1.5
63,0.0,0.57,0.43,1603.7124448214674,36.249303106473945,14,1.5
64,0.0,0.555,0.445,1665.6733581887306,38.34145766885336,14,1.5
65,0.0,0.565,0.435,1645.657454437204,37.67271516408041,14,1.5
66,0.0,0.58,0.42,1606.9312247562884,36.35523961580374,14,1.5
67,0.0,0.555,0.445,1663.246845860187,38.25544332976311,14,1.5
68,0.0,0.535,0.465,1717.9897811585217,40.060591521435825,14,1.5
69,0.0,0.56,0.44,1675.3259460584093,38.661909444115125,14,1.5
70,0.0,0.57,0.43,1664.4372975187307,38.29846381610501,14,1.5
71,0.0,0.585,0.415,1640.107106024123,37.48339710772893,14,1.5
72,0.0,0.6,0.4,1598.402098460062,36.05826666546184,14,1.5
73,0.0,0.615,0.385,1560.9121694772978,34.75355805554335,14,1.5
74,0.0,0.58,0.42,1679.8960515969666,38.80922652925638,14,1.5
75,0.0,0.595,0.405,1663.5029665904144,38.26510210971583,14,1.5
76,0.0,0.605,0.395,1624.6854345392398,36.95458437009306,14,1.5
77,0.0,0.565,0.435,1721.9640977235847,40.18425699524117,14,1.5
78,0.0,0.6,0.4,1598.2684636087997,36.05004535740375,14,1.5
79,0.0,0.575,0.425,1641.8813246001646,37.53096760171137,14,1.5
80,0.0,0.54,0.46,1708.4366415907466,39.73660460958496,14,1.5
81,0.0,0.57,0.43,1646.0920013006491,37.67029046948669,14,1.5
82,0.0,0.595,0.405,1606.237054932243,36.31482791288785,14,1.5
83,0.0,0.57,0.43,1671.042054513351,38.49626862967981,14,1.5
84,0.0,0.55,0.45,1701.5921032891345,39.50512593180087,14,1.5
85,0.0,0.57,0.43,1629.9018994301878,37.11498031823689,14,1.5
86,0.0,0.585,0.415,1622.4031820897703,36.86104358694638,14,1.5
87,0.0,0.6,0.4,1593.1275376559022,35.8554984911945,14,1.5
88,0.0,0.56,0.44,1681.688137851326,38.84362831615359,14,1.5
89,0.0,0.575,0.425,1661.4847917233137,38.17045185790572,14,1.5
90,0.0,0.59,0.41,1630.3828324883568,37.12616815920617,14,1.5
91,0.0,0.57,0.43,1718.5969707966524,40.062680311574184,14,1.5
92,0.0,0.6,0.4,1655.555259392675,37.98018410249133,14,1.5
93,0.0,0.61,0.39,1615.4505017332694,36.625806582786694,14,1.5
94,0.0,0.625,0.375,1551.2033482901547,34.40814147789922,14,1.5
95,0.0,0.585,0.415,1652.4198988203227,37.87925373001714,14,1.5
96,0.0,0.615,0.385,1595.4700608254052,35.94438678258204,14,1.5
97,0.0,0.58,0.42,1645.3255647148833,37.64300295509473,14,1.5
98,0.0,0.555,0.445,1699.7178443010168,39.44630173066267,14,1.5
99,0.0,0.58,0.42,1647.3612487289029,37.70847205908804,14,1.5
100,0.0,0.6,0.4,1611.7059071492192,36.499355118467314,14,1.5
0,0.0,1.0,0.0,991.1414532335159,0.0,14,2.0
1,0.0,0.95,0.05,880.7932565128274,4.424731781106587,14,2.0
2,0.0,0.9,0.1,959.166575084154,9.80563940876415,14,2.0
3,0.0,0.85,0.15,1109.2255735590263,16.952737039813883,14,2.0
4,0.0,0.805,0.195,1229.2275261955347,22.138264612768282,14,2.0
5,0.0,0.765,0.235,1314.602565474618,25.600110807439073,14,2.0
6,0.0,0.74,0.26,1376.4524704287978,28.015728382601395,14,2.0
7,0.0,0.7,0.3,1443.2214712220175,30.531897450873842,14,2.0
8,0.0,0.665,0.335,1553.905637608589,34.51646919018524,14,2.0
9,0.0,0.635,0.365,1598.6567138668636,36.06988527343656,14,2.0
10,0.0,0.61,0.39,1655.274451520144,37.99185091117157,14,2.0
11,0.0,0.625,0.375,1612.8378007071922,36.55554234251295,14,2.0
12,0.0,0.605,0.395,1671.4645734729081,38.53303988279754,14,2.0
13,0.0,0.58,0.42,1707.338796873138,39.71470331961847,14,2.0
14,0.0,0.595,0.405,1637.5109505986622,37.395386742391004,14,2.0
15,0.0,0.565,0.435,1722.5996704197203,40.213499940325455,14,2.0
16,0.0,0.585,0.415,1611.5296534943475,36.50452601526938,14,2.0
17,0.0,0.55,0.45,1671.0844571555897,38.513838109815225,14,2.0
18,0.0,0.575,0.425,1601.9582408257866,36.17900064631704,14,2.0
19,0.0,0.555,0.445,1646.3706899604283,37.68884375651522,14,2.0
20,0.0,0.58,0.42,1588.3358933470831,35.7106383185037,14,2.0
21,0.0,0.555,0.445,1712.274989917633,39.87754086431726,14,2.0
22,0.0,0.59,0.41,1586.6644167925465,35.66745957714601,14,2.0
23,0.0,0.555,0.445,1635.0546177148467,37.31930776555554,14,2.0
24,0.0,0.575,0.425,1608.342648050983,36.41121501183832,14,2.0
25,0.0,0.545,0.455,1658.739366260895,38.115556964436855,14,2.0
26,0.0,0.565,0.435,1600.5651830712934,36.142530572844194,14,2.0
27,0.0,0.55,0.45,1662.9391706761128,38.2585525181356,14,2.0
28,0.0,0.525,0.475,1714.453994489505,39.95923636062717,14,2.0
29,0.0,0.56,0.44,1612.5909510807626,36.55837252701347,14,2.0
30,0.0,0.545,0.455,1658.271391300194,38.103577158486935,14,2.0
31,0.0,0.575,0.425,1592.2370513892565,35.86154259657541,14,2.0
32,0.0,0.545,0.455,1655.8630112363999,38.02270932043838,14,2.0
33,0.0,0.56,0.44,1623.0996313420058,36.91463698387573,14,2.0
34,0.0,0.575,0.425,1595.2943317336471,35.96525584692238,14,2.0
35,0.0,0.535,0.465,1717.4898677075441,40.04623142324885,14,2.0
36,0.0,0.545,0.455,1691.2511865730505,39.18909010396574,14,2.0
37,0.0,0.56,0.44,1653.6390291008918,37.94278886656772,14,2.0
38,0.0,0.52,0.48,1707.7123106539561,39.732010306877285,14,2.0
39,0.0,0.535,0.465,1696.7834445303847,39.37436291923853,14,2.0
40,0.0,0.56,0.44,1641.5191369610484,37.53528319036402,14,2.0
41,0.0,0.535,0.465,1685.3030555517494,38.997285571590865,14,2.0
42,0.0,0.56,0.44,1646.2717999006347,37.70011046701568,14,2.0
43,0.0,0.575,0.425,1554.6590115608067,34.54518885769617,14,2.0
44,0.0,0.56,0.44,1585.243237088805,35.613025148091225,14,2.0
45,0.0,0.54,0.46,1638.2613317247078,37.42467287745582,14,2.0
46,0.0,0.515,0.485,1703.552395835583,39.592579472244395,14,2.0
47,0.0,0.54,0.46,1632.4881554320839,37.223726707815146,14,2.0
48,0.0,0.565,0.435,1609.10257952631,36.426813434714,14,2.0
49,0.0,0.545,0.455,1680.9065848031128,38.84141623296387,14,2.0
50,0.0,0.575,0.425,1619.4587718966104,36.78263725446742,14,2.0
51,0.0,0.54,0.46,1698.5518177543372,39.42177607871928,14,2.0
52,0.0,0.52,0.48,1723.8743960007876,40.24971725805475,14,2.0
53,0.0,0.54,0.46,1702.6705368770674,39.55666660201142,14,2.0
54,0.0,0.57,0.43,1642.3940657635235,37.55542997933148,14,2.0
55,0.0,0.59,0.41,1619.6460448607745,36.783945785488314,14,2.0
56,0.0,0.56,0.44,1692.1906274428718,39.21130030854647,14,2.0
57,0.0,0.575,0.425,1670.4999702449852,38.49300633158769,14,2.0
58,0.0,0.585,0.415,1634.302507182042,37.28236600813568,14,2.0
59,0.0,0.56,0.44,1702.789527611852,39.56459752432417,14,2.0
60,0.0,0.58,0.42,1621.5924188996642,36.85478977864055,14,2.0
61,0.0,0.545,0.455,1696.3137592580429,39.3548369374662,14,2.0
62,0.0,0.57,0.43,1603.7124448214674,36.249303106473945,14,2.0
63,0.0,0.57,0.43,1603.7124448214674,36.249303106473945,14,2.0
64,0.0,0.555,0.445,1665.6733581887306,38.34145766885336,14,2.0
65,0.0,0.565,0.435,1645.657454437204,37.67271516408041,14,2.0
66,0.0,0.58,0.42,1606.9312247562884,36.35523961580374,14,2.0
67,0.0,0.555,0.445,1663.246845860187,38.25544332976311,14,2.0
68,0.0,0.535,0.465,1717.9897811585217,40.060591521435825,14,2.0
69,0.0,0.56,0.44,1675.3259460584093,38.661909444115125,14,2.0
70,0.0,0.57,0.43,1664.4372975187307,38.29846381610501,14,2.0
71,0.0,0.585,0.415,1640.107106024123,37.48339710772893,14,2.0
72,0.0,0.6,0.4,1598.402098460062,36.05826666546184,14,2.0
73,0.0,0.615,0.385,1560.9121694772978,34.75355805554335,14,2.0
74,0.0,0.58,0.42,1679.8960515969666,38.80922652925638,14,2.0
75,0.0,0.595,0.405,1663.5029665904144,38.26510210971583,14,2.0
76,0.0,0.605,0.395,1624.6854345392398,36.95458437009306,14,2.0
77,0.0,0.565,0.435,1721.9640977235847,40.18425699524117,14,2.0
78,0.0,0.6,0.4,1598.2684636087997,36.05004535740375,14,2.0
79,0.0,0.575,0.425,1641.8813246001646,37.53096760171137,14,2.0
80,0.0,0.54,0.46,1708.4366415907466,39.73660460958496,14,2.0
81,0.0,0.57,0.43,1646.0920013006491,37.67029046948669,14,2.0
82,0.0,0.595,0.405,1606.237054932243,36.31482791288785,14,2.0
83,0.0,0.57,0.43,1671.042054513351,38.49626862967981,14,2.0
84,0.0,0.55,0.45,1701.5921032891345,39.50512593180087,14,2.0
85,0.0,0.57,0.43,1629.9018994301878,37.11498031823689,14,2.0
86,0.0,0.585,0.415,1622.4031820897703,36.86104358694638,14,2.0
87,0.0,0.6,0.4,1593.1275376559022,35.8554984911945,14,2.0
88,0.0,0.56,0.44,1681.688137851326,38.84362831615359,14,2.0
89,0.0,0.575,0.425,1661.4847917233137,38.17045185790572,14,2.0
90,0.0,0.59,0.41,1630.3828324883568,37.12616815920617,14,2.0
91,0.0,0.57,0.43,1718.5969707966524,40.062680311574184,14,2.0
92,0.0,0.6,0.4,1655.555259392675,37.98018410249133,14,2.0
93,0.0,0.61,0.39,1615.4505017332694,36.625806582786694,14,2.0
94,0.0,0.625,0.375,1551.2033482901547,34.40814147789922,14,2.0
95,0.0,0.585,0.415,1652.4198988203227,37.87925373001714,14,2.0
96,0.0,0.615,0.385,1595.4700608254052,35.94438678258204,14,2.0
97,0.0,0.58,0.42,1645.3255647148833,37.64300295509473,14,2.0
98,0.0,0.555,0.445,1699.7178443010168,39.44630173066267,14,2.0
99,0.0,0.58,0.42,1647.3612487289029,37.70847205908804,14,2.0
100,0.0,0.6,0.4,1611.7059071492192,36.499355118467314,14,2.0
0,0.0,1.0,0.0,1081.7380978959711,0.0,16,0.0
1,0.0,0.95,0.05,1003.4517459168533,5.0857121386181525,16,0.0
2,0.0,0.9,0.1,1097.9977797283866,10.102428740551966,16,0.0
3,0.0,0.855,0.145,1207.8603786085591,14.825626980533535,16,0.0
4,0.0,0.815,0.185,1335.930064527686,19.891769777557137,16,0.0
5,0.0,0.77,0.23,1428.2760977690218,23.327948460277238,16,0.0
6,0.0,0.725,0.275,1525.0847296807394,26.75913781731309,16,0.0
7,0.0,0.69,0.31,1589.1291389322137,28.93447231254951,16,0.0
8,0.0,0.665,0.335,1634.817924710345,30.445496500309076,16,0.0
9,0.0,0.625,0.375,1759.305419714817,34.489455226955656,16,0.0
10,0.0,0.59,0.41,1823.9105915083817,36.89013607878168,16,0.0
11,0.0,0.54,0.46,1923.5567040981662,41.56133704360866,16,0.0
12,0.0,0.515,0.485,1941.4155240773275,42.622634378705456,16,0.0
13,0.0,0.5,0.5,1961.377290638823,43.96739351528767,16,0.0
14,0.0,0.47,0.53,1986.1955428200997,45.98235212082561,16,0.0
15,0.0,0.465,0.535,1991.5640474611437,46.495386362787094,16,0.0
16,0.0,0.44,0.56,2005.2477325994041,48.06072703507718,16,0.0
17,0.0,0.435,0.565,2006.9313479259904,48.292097965636245,16,0.0
18,0.0,0.4,0.6,2019.4569736417156,50.60871712727712,16,0.0
19,0.0,0.39,0.61,2022.4851005445735,51.58161534701194,16,0.0
20,0.0,0.37,0.63,2024.1412517964268,53.00105426430644,16,0.0
21,0.0,0.35,0.65,2023.5157799896983,54.176203216163,16,0.0
22,0.0,0.335,0.665,2020.8034514037272,55.3325046558433,16,0.0
23,0.0,0.32,0.68,2018.5248438876172,55.960038657362986,16,0.0
24,0.0,0.3,0.7,2014.7251985111966,56.78842536899007,16,0.0
25,0.0,0.27,0.73,2001.827791341324,58.734959166244806,16,0.0
26,0.0,0.25,0.75,1986.5684112011886,60.423905832043715,16,0.0
27,0.0,0.235,0.765,1965.4108124465683,62.26514272808584,16,0.0
28,0.0,0.23,0.77,1960.7481252623406,62.6263980722193,16,0.0
29,0.0,0.22,0.78,1951.8410392027386,63.27312904865907,16,0.0
30,0.0,0.2,0.8,1927.6153829139514,64.8725544605038,16,0.0
31,0.0,0.19,0.81,1907.1339052561523,66.07613167050413,16,0.0
32,0.0,0.185,0.815,1898.2265629736728,66.56464155989619,16,0.0
33,0.0,0.18,0.82,1870.8500467754006,67.96668822668329,16,0.0
34,0.0,0.17,0.83,1848.2090608247938,69.04658272966716,16,0.0
35,0.0,0.16,0.84,1825.9654685238838,70.05878798989502,16,0.0
36,0.0,0.155,0.845,1819.8816640953933,70.32285948584288,16,0.0
37,0.0,0.155,0.845,1819.8816640953933,70.32285948584288,16,0.0
38,0.0,0.15,0.85,1815.9422196720789,70.4915453653222,16,0.0
39,0.0,0.15,0.85,1815.9422196720789,70.4915453653222,16,0.0
40,0.0,0.14,0.86,1804.8090690582014,70.96457620154109,16,0.0
41,0.0,0.135,0.865,1802.9860557852357,71.04018649582214,16,0.0
42,0.0,0.135,0.865,1802.9860557852357,71.04018649582214,16,0.0
43,0.0,0.115,0.885,1779.4018815028755,71.99370404861085,16,0.0
44,0.0,0.105,0.895,1775.2356103072034,72.15798055825252,16,0.0
45,0.0,0.09,0.91,1747.7867608244983,73.21166042252497,16,0.0
46,0.0,0.08,0.92,1732.0446129293032,73.794484769245,16,0.0
47,0.0,0.07,0.93,1710.941381638156,74.55298264014658,16,0.0
48,0.0,0.07,0.93,1710.941381638156,74.55298264014658,16,0.0
49,0.0,0.065,0.935,1708.6304041653543,74.63568500490435,16,0.0
50,0.0,0.065,0.935,1708.6304041653543,74.63568500490435,16,0.0
51,0.0,0.065,0.935,1708.6304041653543,74.63568500490435,16,0.0
52,0.0,0.055,0.945,1681.8801621741534,75.55886895338433,16,0.0
53,0.0,0.055,0.945,1681.8801621741534,75.55886895338433,16,0.0
54,0.0,0.055,0.945,1681.8801621741534,75.55886895338433,16,0.0
55,0.0,0.055,0.945,1681.8801621741534,75.55886895338433,16,0.0
56,0.0,0.055,0.945,1681.8801621741534,75.55886895338433,16,0.0
0,0.0,1.0,0.0,1081.7380978959711,0.0,16,0.5
1,0.0,0.95,0.05,1003.4517459168533,5.0857121386181525,16,0.5
2,0.0,0.9,0.1,1097.9977797283866,10.102428740551966,16,0.5
3,0.0,0.855,0.145,1207.8603786085591,14.825626980533535,16,0.5
4,0.0,0.815,0.185,1335.930064527686,19.891769777557137,16,0.5
5,0.0,0.77,0.23,1428.2760977690218,23.327948460277238,16,0.5
6,0.0,0.725,0.275,1525.0847296807394,26.75913781731309,16,0.5
7,0.0,0.69,0.31,1589.1291389322137,28.93447231254951,16,0.5
8,0.0,0.665,0.335,1634.817924710345,30.445496500309076,16,0.5
9,0.0,0.625,0.375,1759.305419714817,34.489455226955656,16,0.5
10,0.0,0.59,0.41,1823.9105915083817,36.89013607878168,16,0.5
11,0.0,0.54,0.46,1923.5567040981662,41.56133704360866,16,0.5
12,0.0,0.515,0.485,1941.4155240773275,42.622634378705456,16,0.5
13,0.0,0.5,0.5,1961.377290638823,43.96739351528767,16,0.5
14,0.0,0.47,0.53,1986.1955428200997,45.98235212082561,16,0.5
15,0.0,0.465,0.535,1991.5640474611437,46.495386362787094,16,0.5
16,0.0,0.44,0.56,2005.2477325994041,48.06072703507718,16,0.5
17,0.0,0.435,0.565,2006.9313479259904,48.292097965636245,16,0.5
18,0.0,0.4,0.6,2019.4569736417156,50.60871712727712,16,0.5
19,0.0,0.39,0.61,2022.4851005445735,51.58161534701194,16,0.5
20,0.0,0.37,0.63,2024.1412517964268,53.00105426430644,16,0.5
21,0.0,0.35,0.65,2023.5157799896983,54.176203216163,16,0.5
22,0.0,0.335,0.665,2020.8034514037272,55.3325046558433,16,0.5
23,0.0,0.32,0.68,2018.5248438876172,55.960038657362986,16,0.5
24,0.0,0.3,0.7,2014.7251985111966,56.78842536899007,16,0.5
25,0.0,0.27,0.73,2001.827791341324,58.734959166244806,16,0.5
26,0.0,0.25,0.75,1986.5684112011886,60.423905832043715,16,0.5
27,0.0,0.235,0.765,1965.4108124465683,62.26514272808584,16,0.5
28,0.0,0.23,0.77,1960.7481252623406,62.6263980722193,16,0.5
29,0.0,0.22,0.78,1951.8410392027386,63.27312904865907,16,0.5
30,0.0,0.2,0.8,1927.6153829139514,64.8725544605038,16,0.5
31,0.0,0.19,0.81,1907.1339052561523,66.07613167050413,16,0.5
32,0.0,0.185,0.815,1898.2265629736728,66.56464155989619,16,0.5
33,0.0,0.18,0.82,1870.8500467754006,67.96668822668329,16,0.5
34,0.0,0.17,0.83,1848.2090608247938,69.04658272966716,16,0.5
35,0.0,0.16,0.84,1825.9654685238838,70.05878798989502,16,0.5
36,0.0,0.155,0.845,1819.8816640953933,70.32285948584288,16,0.5
37,0.0,0.155,0.845,1819.8816640953933,70.32285948584288,16,0.5
38,0.0,0.15,0.85,1815.9422196720789,70.4915453653222,16,0.5
39,0.0,0.15,0.85,1815.9422196720789,70.4915453653222,16,0.5
40,0.0,0.14,0.86,1804.8090690582014,70.96457620154109,16,0.5
41,0.0,0.135,0.865,1802.9860557852357,71.04018649582214,16,0.5
42,0.0,0.135,0.865,1802.9860557852357,71.04018649582214,16,0.5
43,0.0,0.115,0.885,1779.4018815028755,71.99370404861085,16,0.5
44,0.0,0.105,0.895,1775.2356103072034,72.15798055825252,16,0.5
45,0.0,0.09,0.91,1747.7867608244983,73.21166042252497,16,0.5
46,0.0,0.08,0.92,1732.0446129293032,73.794484769245,16,0.5
47,0.0,0.07,0.93,1710.941381638156,74.55298264014658,16,0.5
48,0.0,0.07,0.93,1710.941381638156,74.55298264014658,16,0.5
49,0.0,0.065,0.935,1708.6304041653543,74.63568500490435,16,0.5
50,0.0,0.065,0.935,1708.6304041653543,74.63568500490435,16,0.5
51,0.0,0.065,0.935,1708.6304041653543,74.63568500490435,16,0.5
52,0.0,0.055,0.945,1681.8801621741534,75.55886895338433,16,0.5
53,0.0,0.055,0.945,1681.8801621741534,75.55886895338433,16,0.5
54,0.0,0.055,0.945,1681.8801621741534,75.55886895338433,16,0.5
55,0.0,0.055,0.945,1681.8801621741534,75.55886895338433,16,0.5
56,0.0,0.055,0.945,1681.8801621741534,75.55886895338433,16,0.5
0,0.0,1.0,0.0,1081.7380978959711,0.0,16,1.0
1,0.0,0.95,0.05,1003.4517459168533,5.0857121386181525,16,1.0
2,0.0,0.9,0.1,1097.9977797283866,10.102428740551966,16,1.0
3,0.0,0.855,0.145,1207.8603786085591,14.825626980533535,16,1.0
4,0.0,0.815,0.185,1335.930064527686,19.891769777557137,16,1.0
5,0.0,0.77,0.23,1428.2760977690218,23.327948460277238,16,1.0
6,0.0,0.725,0.275,1525.0847296807394,26.75913781731309,16,1.0
7,0.0,0.69,0.31,1589.1291389322137,28.93447231254951,16,1.0
8,0.0,0.665,0.335,1634.817924710345,30.445496500309076,16,1.0
9,0.0,0.665,0.335,1634.817924710345,30.445496500309076,16,1.0
10,0.0,0.665,0.335,1634.817924710345,30.445496500309076,16,1.0
11,0.0,0.665,0.335,1634.817924710345,30.445496500309076,16,1.0
12,0.0,0.635,0.365,1686.9858433851123,32.129773713444024,16,1.0
13,0.0,0.635,0.365,1686.9858433851123,32.129773713444024,16,1.0
14,0.0,0.635,0.365,1686.9858433851123,32.129773713444024,16,1.0
15,0.0,0.635,0.365,1686.9858433851123,32.129773713444024,16,1.0
16,0.0,0.635,0.365,1686.9858433851123,32.129773713444024,16,1.0
0,0.0,1.0,0.0,1081.7380978959711,0.0,16,1.5
1,0.0,0.95,0.05,1003.4517459168533,5.0857121386181525,16,1.5
2,0.0,0.9,0.1,1097.9977797283866,10.102428740551966,16,1.5
3,0.0,0.855,0.145,1207.8603786085591,14.825626980533535,16,1.5
4,0.0,0.815,0.185,1335.930064527686,19.891769777557137,16,1.5
5,0.0,0.77,0.23,1428.2760977690218,23.327948460277238,16,1.5
6,0.0,0.725,0.275,1525.0847296807394,26.75913781731309,16,1.5
7,0.0,0.69,0.31,1589.1291389322137,28.93447231254951,16,1.5
8,0.0,0.665,0.335,1634.817924710345,30.445496500309076,16,1.5
9,0.0,0.675,0.325,1619.5532443842883,29.94395532474669,16,1.5
10,0.0,0.64,0.36,1695.48794719453,32.411032030201866,16,1.5
11,0.0,0.64,0.36,1695.48794719453,32.411032030201866,16,1.5
12,0.0,0.66,0.34,1587.0161678024976,28.867771209892773,16,1.5
13,0.0,0.64,0.36,1644.4239824407518,30.766343182972506,16,1.5
14,0.0,0.65,0.35,1623.1315654951065,30.071077194128677,16,1.5
15,0.0,0.665,0.335,1602.4260386565165,29.386276232137384,16,1.5
16,0.0,0.63,0.37,1682.4439923179202,31.99616368238332,16,1.5
17,0.0,0.62,0.38,1697.5070022172304,32.47828223258156,16,1.5
18,0.0,0.63,0.37,1671.66680475545,31.649226544397166,16,1.5
19,0.0,0.66,0.34,1582.8516393531422,28.72960855547427,16,1.5
20,0.0,0.62,0.38,1667.9186131256156,31.53210138346243,16,1.5
21,0.0,0.64,0.36,1636.5476881380573,30.514442075725313,16,1.5
22,0.0,0.615,0.385,1695.7805306424432,32.428384164477066,16,1.5
23,0.0,0.63,0.37,1663.3925263466028,31.39004531188246,16,1.5
24,0.0,0.635,0.365,1620.9683792598998,30.01004579951359,16,1.5
25,0.0,0.64,0.36,1617.496574789678,29.89502266682738,16,1.5
26,0.0,0.66,0.34,1573.9779349473288,28.444614908272346,16,1.5
27,0.0,0.625,0.375,1694.5563387599502,32.39412764167697,16,1.5
28,0.0,0.655,0.345,1587.1307071242052,28.881063825322876,16,1.5
29,0.0,0.625,0.375,1650.6179996758779,30.9799317538043,16,1.5
30,0.0,0.64,0.36,1614.869387050733,29.803804523451888,16,1.5
31,0.0,0.655,0.345,1596.1540506896458,29.182340947609127,16,1.5
32,0.0,0.665,0.335,1578.2875151488313,28.58378129823131,16,1.5
33,0.0,0.635,0.365,1705.4740283858503,32.74363569734402,16,1.5
34,0.0,0.66,0.34,1656.6792304746484,31.18111057030171,16,1.5
35,0.0,0.68,0.32,1611.3225230143607,29.69153710111094,16,1.5
36,0.0,0.65,0.35,1671.2409704739246,31.65023087194755,16,1.5
37,0.0,0.64,0.36,1689.3600399534182,32.231121081142774,16,1.5
38,0.0,0.655,0.345,1655.9504947306489,31.158154573580802,16,1.5
39,0.0,0.665,0.335,1640.9517261628127,30.67005506978444,16,1.5
40,0.0,0.675,0.325,1572.584494779263,28.394873017361945,16,1.5
41,0.0,0.645,0.355,1630.651615519554,30.323875633935653,16,1.5
42,0.0,0.66,0.34,1589.0638459265194,28.9441637488491,16,1.5
43,0.0,0.625,0.375,1666.236230535469,31.485564741857313,16,1.5
44,0.0,0.64,0.36,1625.6584778096328,30.16396720459155,16,1.5
45,0.0,0.61,0.39,1703.83931975826,32.68862827520334,16,1.5
46,0.0,0.63,0.37,1670.8903615623674,31.6341471973549,16,1.5
47,0.0,0.65,0.35,1636.838980285532,30.52691415186088,16,1.5
48,0.0,0.665,0.335,1610.8478183968896,29.67103042164446,16,1.5
49,0.0,0.63,0.37,1705.278125378026,32.729757555759285,16,1.5
50,0.0,0.655,0.345,1641.7860048697796,30.68492888944749,16,1.5
51,0.0,0.67,0.33,1614.921338212791,29.802068274742034,16,1.5
52,0.0,0.635,0.365,1687.2913049977233,32.16110038599658,16,1.5
53,0.0,0.655,0.345,1645.1324534308228,30.7970002161301,16,1.5
54,0.0,0.68,0.32,1579.834337842401,28.634964033165893,16,1.5
55,0.0,0.645,0.355,1650.9963963280345,30.98448910672429,16,1.5
56,0.0,0.675,0.325,1559.489978053129,27.947980183029145,16,1.5
57,0.0,0.63,0.37,1655.9429621130723,31.150541350745428,16,1.5
58,0.0,0.645,0.355,1616.8437823783427,29.876918379533674,16,1.5
59,0.0,0.62,0.38,1679.1692177011762,31.904866999074358,16,1.5
60,0.0,0.64,0.36,1613.4565226507868,29.758189398588236,16,1.5
61,0.0,0.655,0.345,1589.4253807344678,28.960807348054992,16,1.5
62,0.0,0.615,0.385,1688.1192871341188,32.18627198309648,16,1.5
63,0.0,0.635,0.365,1597.2217080605703,29.22069309484641,16,1.5
64,0.0,0.6,0.4,1675.3974743673725,31.781667241898344,16,1.5
65,0.0,0.63,0.37,1599.7166773562647,29.30393057355908,16,1.5
66,0.0,0.595,0.405,1692.8154035997882,32.339044450960415,16,1.5
67,0.0,0.615,0.385,1622.645933614569,30.063056488953226,16,1.5
68,0.0,0.625,0.375,1610.5364601849649,29.662376955808984,16,1.5
69,0.0,0.58,0.42,1706.5868648498792,32.77550087501945,16,1.5
70,0.0,0.6,0.4,1687.5932444436805,32.172261558267394,16,1.5
71,0.0,0.61,0.39,1680.3899289479218,31.94138308465962,16,1.5
72,0.0,0.63,0.37,1633.0337051887664,30.40607636094479,16,1.5
73,0.0,0.595,0.405,1689.3909084493162,32.22795781119753,16,1.5
74,0.0,0.6,0.4,1667.7524016967936,31.531806484393126,16,1.5
75,0.0,0.62,0.38,1621.5650184355268,30.025720807250337,16,1.5
76,0.0,0.635,0.365,1580.2186315184645,28.64453610200719,16,1.5
77,0.0,0.605,0.395,1611.4826633915372,29.686400195392316,16,1.5
78,0.0,0.57,0.43,1666.352099544107,31.484495483361044,16,1.5
79,0.0,0.59,0.41,1631.6526443632,30.355687597267885,16,1.5
80,0.0,0.565,0.435,1696.0858737828228,32.43646018760885,16,1.5
81,0.0,0.59,0.41,1626.4041879221948,30.18229974975162,16,1.5
82,0.0,0.61,0.39,1586.7826850401998,28.86567014946563,16,1.5
83,0.0,0.58,0.42,1630.030678859714,30.29715272568602,16,1.5
84,0.0,0.56,0.44,1678.1906320440771,31.859903644641697,16,1.5
85,0.0,0.58,0.42,1644.2376565872326,30.7602158074165,16,1.5
86,0.0,0.605,0.395,1577.5496955967365,28.548423986891507,16,1.5
87,0.0,0.565,0.435,1703.2705436274084,32.6621420363242,16,1.5
88,0.0,0.6,0.4,1621.3333266156162,30.01152182604012,16,1.5
89,0.0,0.585,0.415,1648.6922352689814,30.909666207761248,16,1.5
90,0.0,0.565,0.435,1690.71011911012,32.26639649729901,16,1.5
91,0.0,0.585,0.415,1647.260794417842,30.86561416668656,16,1.5
92,0.0,0.605,0.395,1608.5278044446547,29.592883520185612,16,1.5
93,0.0,0.575,0.425,1674.4054571420584,31.741723428951715,16,1.5
94,0.0,0.595,0.405,1646.4115896034648,30.835891670230186,16,1.5
95,0.0,0.575,0.425,1691.4074840094872,32.28541881413684,16,1.5
96,0.0,0.595,0.405,1648.5697434964438,30.907215965051567,16,1.5
97,0.0,0.61,0.39,1629.305967528373,30.27805384549867,16,1.5
98,0.0,0.57,0.43,1701.2144323460784,32.600087293040005,16,1.5
99,0.0,0.575,0.425,1700.6937418165621,32.583522043244,16,1.5
100,0.0,0.605,0.395,1638.8680870319768,30.59068066101129,16,1.5
0,0.0,1.0,0.0,1081.7380978959711,0.0,16,2.0
1,0.0,0.95,0.05,1003.4517459168533,5.0857121386181525,16,2.0
2,0.0,0.9,0.1,1097.9977797283866,10.102428740551966,16,2.0
3,0.0,0.855,0.145,1207.8603786085591,14.825626980533535,16,2.0
4,0.0,0.815,0.185,1335.930064527686,19.891769777557137,16,2.0
5,0.0,0.77,0.23,1428.2760977690218,23.327948460277238,16,2.0
6,0.0,0.725,0.275,1525.0847296807394,26.75913781731309,16,2.0
7,0.0,0.69,0.31,1589.1291389322137,28.93447231254951,16,2.0
8,0.0,0.665,0.335,1634.817924710345,30.445496500309076,16,2.0
9,0.0,0.675,0.325,1619.5532443842883,29.94395532474669,16,2.0
10,0.0,0.64,0.36,1695.48794719453,32.411032030201866,16,2.0
11,0.0,0.64,0.36,1695.48794719453,32.411032030201866,16,2.0
12,0.0,0.66,0.34,1587.0161678024976,28.867771209892773,16,2.0
13,0.0,0.64,0.36,1644.4239824407518,30.766343182972506,16,2.0
14,0.0,0.65,0.35,1623.1315654951065,30.071077194128677,16,2.0
15,0.0,0.665,0.335,1602.4260386565165,29.386276232137384,16,2.0
16,0.0,0.63,0.37,1682.4439923179202,31.99616368238332,16,2.0
17,0.0,0.62,0.38,1697.5070022172304,32.47828223258156,16,2.0
18,0.0,0.63,0.37,1671.66680475545,31.649226544397166,16,2.0
19,0.0,0.66,0.34,1582.8516393531422,28.72960855547427,16,2.0
20,0.0,0.62,0.38,1667.9186131256156,31.53210138346243,16,2.0
21,0.0,0.64,0.36,1636.5476881380573,30.514442075725313,16,2.0
22,0.0,0.615,0.385,1695.7805306424432,32.428384164477066,16,2.0
23,0.0,0.63,0.37,1663.3925263466028,31.39004531188246,16,2.0
24,0.0,0.635,0.365,1620.9683792598998,30.01004579951359,16,2.0
25,0.0,0.64,0.36,1617.496574789678,29.89502266682738,16,2.0
26,0.0,0.66,0.34,1573.9779349473288,28.444614908272346,16,2.0
27,0.0,0.625,0.375,1694.5563387599502,32.39412764167697,16,2.0
28,0.0,0.655,0.345,1587.1307071242052,28.881063825322876,16,2.0
29,0.0,0.625,0.375,1650.6179996758779,30.9799317538043,16,2.0
30,0.0,0.64,0.36,1614.869387050733,29.803804523451888,16,2.0
31,0.0,0.655,0.345,1596.1540506896458,29.182340947609127,16,2.0
32,0.0,0.665,0.335,1578.2875151488313,28.58378129823131,16,2.0
33,0.0,0.635,0.365,1705.4740283858503,32.74363569734402,16,2.0
34,0.0,0.66,0.34,1656.6792304746484,31.18111057030171,16,2.0
35,0.0,0.68,0.32,1611.3225230143607,29.69153710111094,16,2.0
36,0.0,0.65,0.35,1671.2409704739246,31.65023087194755,16,2.0
37,0.0,0.64,0.36,1689.3600399534182,32.231121081142774,16,2.0
38,0.0,0.655,0.345,1655.9504947306489,31.158154573580802,16,2.0
39,0.0,0.665,0.335,1640.9517261628127,30.67005506978444,16,2.0
40,0.0,0.675,0.325,1572.584494779263,28.394873017361945,16,2.0
41,0.0,0.645,0.355,1630.651615519554,30.323875633935653,16,2.0
42,0.0,0.66,0.34,1589.0638459265194,28.9441637488491,16,2.0
43,0.0,0.625,0.375,1666.236230535469,31.485564741857313,16,2.0
44,0.0,0.64,0.36,1625.6584778096328,30.16396720459155,16,2.0
45,0.0,0.61,0.39,1703.83931975826,32.68862827520334,16,2.0
46,0.0,0.63,0.37,1670.8903615623674,31.6341471973549,16,2.0
47,0.0,0.65,0.35,1636.838980285532,30.52691415186088,16,2.0
48,0.0,0.665,0.335,1610.8478183968896,29.67103042164446,16,2.0
49,0.0,0.63,0.37,1705.278125378026,32.729757555759285,16,2.0
50,0.0,0.655,0.345,1641.7860048697796,30.68492888944749,16,2.0
51,0.0,0.67,0.33,1614.921338212791,29.802068274742034,16,2.0
52,0.0,0.635,0.365,1687.2913049977233,32.16110038599658,16,2.0
53,0.0,0.655,0.345,1645.1324534308228,30.7970002161301,16,2.0
54,0.0,0.68,0.32,1579.834337842401,28.634964033165893,16,2.0
55,0.0,0.645,0.355,1650.9963963280345,30.98448910672429,16,2.0
56,0.0,0.675,0.325,1559.489978053129,27.947980183029145,16,2.0
57,0.0,0.63,0.37,1655.9429621130723,31.150541350745428,16,2.0
58,0.0,0.645,0.355,1616.8437823783427,29.876918379533674,16,2.0
59,0.0,0.62,0.38,1679.1692177011762,31.904866999074358,16,2.0
60,0.0,0.64,0.36,1613.4565226507868,29.758189398588236,16,2.0
61,0.0,0.655,0.345,1589.4253807344678,28.960807348054992,16,2.0
62,0.0,0.615,0.385,1688.1192871341188,32.18627198309648,16,2.0
63,0.0,0.635,0.365,1597.2217080605703,29.22069309484641,16,2.0
64,0.0,0.6,0.4,1675.3974743673725,31.781667241898344,16,2.0
65,0.0,0.63,0.37,1599.7166773562647,29.30393057355908,16,2.0
66,0.0,0.595,0.405,1692.8154035997882,32.339044450960415,16,2.0
67,0.0,0.615,0.385,1622.645933614569,30.063056488953226,16,2.0
68,0.0,0.625,0.375,1610.5364601849649,29.662376955808984,16,2.0
69,0.0,0.58,0.42,1706.5868648498792,32.77550087501945,16,2.0
70,0.0,0.6,0.4,1687.5932444436805,32.172261558267394,16,2.0
71,0.0,0.61,0.39,1680.3899289479218,31.94138308465962,16,2.0
72,0.0,0.63,0.37,1633.0337051887664,30.40607636094479,16,2.0
73,0.0,0.595,0.405,1689.3909084493162,32.22795781119753,16,2.0
74,0.0,0.6,0.4,1667.7524016967936,31.531806484393126,16,2.0
75,0.0,0.62,0.38,1621.5650184355268,30.025720807250337,16,2.0
76,0.0,0.635,0.365,1580.2186315184645,28.64453610200719,16,2.0
77,0.0,0.605,0.395,1611.4826633915372,29.686400195392316,16,2.0
78,0.0,0.57,0.43,1666.352099544107,31.484495483361044,16,2.0
79,0.0,0.59,0.41,1631.6526443632,30.355687597267885,16,2.0
80,0.0,0.565,0.435,1696.0858737828228,32.43646018760885,16,2.0
81,0.0,0.59,0.41,1626.4041879221948,30.18229974975162,16,2.0
82,0.0,0.61,0.39,1586.7826850401998,28.86567014946563,16,2.0
83,0.0,0.58,0.42,1630.030678859714,30.29715272568602,16,2.0
84,0.0,0.56,0.44,1678.1906320440771,31.859903644641697,16,2.0
85,0.0,0.58,0.42,1644.2376565872326,30.7602158074165,16,2.0
86,0.0,0.605,0.395,1577.5496955967365,28.548423986891507,16,2.0
87,0.0,0.565,0.435,1703.2705436274084,32.6621420363242,16,2.0
88,0.0,0.6,0.4,1621.3333266156162,30.01152182604012,16,2.0
89,0.0,0.585,0.415,1648.6922352689814,30.909666207761248,16,2.0
90,0.0,0.565,0.435,1690.71011911012,32.26639649729901,16,2.0
91,0.0,0.585,0.415,1647.260794417842,30.86561416668656,16,2.0
92,0.0,0.605,0.395,1608.5278044446547,29.592883520185612,16,2.0
93,0.0,0.575,0.425,1674.4054571420584,31.741723428951715,16,2.0
94,0.0,0.595,0.405,1646.4115896034648,30.835891670230186,16,2.0
95,0.0,0.575,0.425,1691.4074840094872,32.28541881413684,16,2.0
96,0.0,0.595,0.405,1648.5697434964438,30.907215965051567,16,2.0
97,0.0,0.61,0.39,1629.305967528373,30.27805384549867,16,2.0
98,0.0,0.57,0.43,1701.2144323460784,32.600087293040005,16,2.0
99,0.0,0.575,0.425,1700.6937418165621,32.583522043244,16,2.0
100,0.0,0.605,0.395,1638.8680870319768,30.59068066101129,16,2.0
0,0.0,0.94,0.06,987.2745241913435,5.711663557150653,18,0.0
1,0.0,0.89,0.11,1096.0040162319679,11.56694392690055,18,0.0
2,0.0,0.85,0.15,1195.6075464827798,16.031247566349926,18,0.0
3,0.0,0.805,0.195,1308.4451312685867,20.750267812828234,18,0.0
4,0.0,0.76,0.24,1412.9860167787847,24.853326126456913,18,0.0
5,0.0,0.71,0.29,1576.7873643445314,30.854617921585294,18,0.0
6,0.0,0.675,0.325,1651.5412899849887,33.43614809149825,18,0.0
7,0.0,0.635,0.365,1786.8887024593519,38.50176939382496,18,0.0
8,0.0,0.595,0.405,1864.5320605552122,42.519757496581306,18,0.0
9,0.0,0.565,0.435,1891.922757805059,44.40545038720964,18,0.0
10,0.0,0.53,0.47,1913.0744202630965,46.25336740423224,18,0.0
11,0.0,0.505,0.495,1935.3058351907694,49.155739023521136,18,0.0
12,0.0,0.48,0.52,1940.503620946557,50.336880639606385,18,0.0
13,0.0,0.44,0.56,1943.58552922071,53.30826355549273,18,0.0
14,0.0,0.415,0.585,1939.244897809754,55.05125093979951,18,0.0
15,0.0,0.405,0.595,1933.3477129975142,56.25800519557383,18,0.0
16,0.0,0.4,0.6,1931.642568680857,56.540973911412635,18,0.0
17,0.0,0.385,0.615,1925.4180960277802,57.46055213594996,18,0.0
18,0.0,0.37,0.63,1897.96830367594,60.29977841716823,18,0.0
19,0.0,0.35,0.65,1888.514582243949,61.05974809666691,18,0.0
20,0.0,0.325,0.675,1850.2499033844094,63.64563288862183,18,0.0
21,0.0,0.305,0.695,1836.9528380655672,64.41500686208177,18,0.0
22,0.0,0.295,0.705,1816.4519274041916,65.51495770543997,18,0.0
23,0.0,0.28,0.72,1801.578955777994,66.26545285982897,18,0.0
24,0.0,0.27,0.73,1786.8793267982587,66.96750811181995,18,0.0
25,0.0,0.26,0.74,1765.1525667821006,67.95795213975958,18,0.0
26,0.0,0.245,0.755,1748.4213153683793,68.68196010665716,18,0.0
27,0.0,0.23,0.77,1724.9446758251038,69.63825973071519,18,0.0
28,0.0,0.23,0.77,1724.9446758251038,69.63825973071519,18,0.0
29,0.0,0.205,0.795,1664.9262636543383,71.8895388038649,18,0.0
30,0.0,0.2,0.8,1658.8241886027545,72.10445359952337,18,0.0
31,0.0,0.195,0.805,1648.103113723464,72.48023030649466,18,0.0
32,0.0,0.185,0.815,1626.8945916052935,73.19857426829144,18,0.0
33,0.0,0.175,0.825,1606.8481244793106,73.86311079852356,18,0.0
34,0.0,0.165,0.835,1592.2373902569075,74.33219005837225,18,0.0
35,0.0,0.16,0.84,1587.0933821486556,74.49497718914039,18,0.0
36,0.0,0.155,0.845,1583.7257515494134,74.60077030846523,18,0.0
37,0.0,0.15,0.85,1580.3515918308995,74.70724301615182,18,0.0
38,0.0,0.145,0.855,1578.3012508250697,74.77133989876695,18,0.0
39,0.0,0.125,0.875,1540.3931836482402,75.93368922880043,18,0.0
40,0.0,0.12,0.88,1534.8339660786824,76.09848106296283,18,0.0
41,0.0,0.11,0.89,1509.8773573244678,76.83111937113262,18,0.0
42,0.0,0.105,0.895,1504.935897059368,76.9729057745263,18,0.0
43,0.0,0.105,0.895,1504.935897059368,76.9729057745263,18,0.0
44,0.0,0.095,0.905,1494.2403441837453,77.27992161877499,18,0.0
45,0.0,0.09,0.91,1484.9699091584173,77.54104804223662,18,0.0
46,0.0,0.085,0.915,1482.3600116184825,77.61499781306392,18,0.0
47,0.0,0.08,0.92,1472.211779353167,77.8976470506847,18,0.0
48,0.0,0.065,0.935,1440.8147683047355,78.75600611201229,18,0.0
49,0.0,0.06,0.94,1435.4143085219057,78.90249903284456,18,0.0
50,0.0,0.055,0.945,1431.055070519354,79.02031014043266,18,0.0
51,0.0,0.045,0.955,1407.6569098818277,79.63931686107952,18,0.0
52,0.0,0.045,0.955,1407.6569098818277,79.63931686107952,18,0.0
53,0.0,0.045,0.955,1407.6569098818277,79.63931686107952,18,0.0
54,0.0,0.035,0.965,1373.3402722424485,80.5273389922204,18,0.0
55,0.0,0.035,0.965,1373.3402722424485,80.5273389922204,18,0.0
56,0.0,0.035,0.965,1373.3402722424485,80.5273389922204,18,0.0
57,0.0,0.035,0.965,1373.3402722424485,80.5273389922204,18,0.0
58,0.0,0.03,0.97,1367.4078028271379,80.67893238106733,18,0.0
59,0.0,0.03,0.97,1367.4078028271379,80.67893238106733,18,0.0
60,0.0,0.03,0.97,1367.4078028271379,80.67893238106733,18,0.0
61,0.0,0.03,0.97,1367.4078028271379,80.67893238106733,18,0.0
62,0.0,0.03,0.97,1367.4078028271379,80.67893238106733,18,0.0
0,0.0,0.94,0.06,987.2745241913435,5.711663557150653,18,0.5
1,0.0,0.89,0.11,1096.0040162319679,11.56694392690055,18,0.5
2,0.0,0.85,0.15,1195.6075464827798,16.031247566349926,18,0.5
3,0.0,0.805,0.195,1308.4451312685867,20.750267812828234,18,0.5
4,0.0,0.76,0.24,1412.9860167787847,24.853326126456913,18,0.5
5,0.0,0.71,0.29,1576.7873643445314,30.854617921585294,18,0.5
6,0.0,0.675,0.325,1651.5412899849887,33.43614809149825,18,0.5
7,0.0,0.635,0.365,1786.8887024593519,38.50176939382496,18,0.5
8,0.0,0.595,0.405,1864.5320605552122,42.519757496581306,18,0.5
9,0.0,0.565,0.435,1891.922757805059,44.40545038720964,18,0.5
10,0.0,0.53,0.47,1913.0744202630965,46.25336740423224,18,0.5
11,0.0,0.505,0.495,1935.3058351907694,49.155739023521136,18,0.5
12,0.0,0.48,0.52,1940.503620946557,50.336880639606385,18,0.5
13,0.0,0.44,0.56,1943.58552922071,53.30826355549273,18,0.5
14,0.0,0.415,0.585,1939.244897809754,55.05125093979951,18,0.5
15,0.0,0.405,0.595,1933.3477129975142,56.25800519557383,18,0.5
16,0.0,0.4,0.6,1931.642568680857,56.540973911412635,18,0.5
17,0.0,0.385,0.615,1925.4180960277802,57.46055213594996,18,0.5
18,0.0,0.37,0.63,1897.96830367594,60.29977841716823,18,0.5
19,0.0,0.35,0.65,1888.514582243949,61.05974809666691,18,0.5
20,0.0,0.325,0.675,1850.2499033844094,63.64563288862183,18,0.5
21,0.0,0.305,0.695,1836.9528380655672,64.41500686208177,18,0.5
22,0.0,0.295,0.705,1816.4519274041916,65.51495770543997,18,0.5
23,0.0,0.28,0.72,1801.578955777994,66.26545285982897,18,0.5
24,0.0,0.27,0.73,1786.8793267982587,66.96750811181995,18,0.5
25,0.0,0.26,0.74,1765.1525667821006,67.95795213975958,18,0.5
26,0.0,0.245,0.755,1748.4213153683793,68.68196010665716,18,0.5
27,0.0,0.23,0.77,1724.9446758251038,69.63825973071519,18,0.5
28,0.0,0.23,0.77,1724.9446758251038,69.63825973071519,18,0.5
29,0.0,0.205,0.795,1664.9262636543383,71.8895388038649,18,0.5
30,0.0,0.2,0.8,1658.8241886027545,72.10445359952337,18,0.5
31,0.0,0.195,0.805,1648.103113723464,72.48023030649466,18,0.5
32,0.0,0.185,0.815,1626.8945916052935,73.19857426829144,18,0.5
33,0.0,0.175,0.825,1606.8481244793106,73.86311079852356,18,0.5
34,0.0,0.165,0.835,1592.2373902569075,74.33219005837225,18,0.5
35,0.0,0.16,0.84,1587.0933821486556,74.49497718914039,18,0.5
36,0.0,0.155,0.845,1583.7257515494134,74.60077030846523,18,0.5
37,0.0,0.15,0.85,1580.3515918308995,74.70724301615182,18,0.5
38,0.0,0.145,0.855,1578.3012508250697,74.77133989876695,18,0.5
39,0.0,0.125,0.875,1540.3931836482402,75.93368922880043,18,0.5
40,0.0,0.12,0.88,1534.8339660786824,76.09848106296283,18,0.5
41,0.0,0.11,0.89,1509.8773573244678,76.83111937113262,18,0.5
42,0.0,0.105,0.895,1504.935897059368,76.9729057745263,18,0.5
43,0.0,0.105,0.895,1504.935897059368,76.9729057745263,18,0.5
44,0.0,0.095,0.905,1494.2403441837453,77.27992161877499,18,0.5
45,0.0,0.09,0.91,1484.9699091584173,77.54104804223662,18,0.5
46,0.0,0.085,0.915,1482.3600116184825,77.61499781306392,18,0.5
47,0.0,0.08,0.92,1472.211779353167,77.8976470506847,18,0.5
48,0.0,0.065,0.935,1440.8147683047355,78.75600611201229,18,0.5
49,0.0,0.06,0.94,1435.4143085219057,78.90249903284456,18,0.5
50,0.0,0.055,0.945,1431.055070519354,79.02031014043266,18,0.5
51,0.0,0.045,0.955,1407.6569098818277,79.63931686107952,18,0.5
52,0.0,0.045,0.955,1407.6569098818277,79.63931686107952,18,0.5
53,0.0,0.045,0.955,1407.6569098818277,79.63931686107952,18,0.5
54,0.0,0.035,0.965,1373.3402722424485,80.5273389922204,18,0.5
55,0.0,0.035,0.965,1373.3402722424485,80.5273389922204,18,0.5
56,0.0,0.035,0.965,1373.3402722424485,80.5273389922204,18,0.5
57,0.0,0.035,0.965,1373.3402722424485,80.5273389922204,18,0.5
58,0.0,0.03,0.97,1367.4078028271379,80.67893238106733,18,0.5
59,0.0,0.03,0.97,1367.4078028271379,80.67893238106733,18,0.5
60,0.0,0.03,0.97,1367.4078028271379,80.67893238106733,18,0.5
61,0.0,0.03,0.97,1367.4078028271379,80.67893238106733,18,0.5
62,0.0,0.03,0.97,1367.4078028271379,80.67893238106733,18,0.5
0,0.0,0.94,0.06,987.2745241913435,5.711663557150653,18,1.0
1,0.0,0.89,0.11,1096.0040162319679,11.56694392690055,18,1.0
2,0.0,0.85,0.15,1195.6075464827798,16.031247566349926,18,1.0
3,0.0,0.805,0.195,1308.4451312685867,20.750267812828234,18,1.0
4,0.0,0.76,0.24,1412.9860167787847,24.853326126456913,18,1.0
5,0.0,0.71,0.29,1576.7873643445314,30.854617921585294,18,1.0
6,0.0,0.675,0.325,1651.5412899849887,33.43614809149825,18,1.0
7,0.0,0.675,0.325,1651.5412899849887,33.43614809149825,18,1.0
8,0.0,0.675,0.325,1651.5412899849887,33.43614809149825,18,1.0
9,0.0,0.675,0.325,1651.5412899849887,33.43614809149825,18,1.0
10,0.0,0.675,0.325,1651.5412899849887,33.43614809149825,18,1.0
0,0.0,0.94,0.06,987.2745241913435,5.711663557150653,18,1.5
1,0.0,0.89,0.11,1096.0040162319679,11.56694392690055,18,1.5
2,0.0,0.85,0.15,1195.6075464827798,16.031247566349926,18,1.5
3,0.0,0.805,0.195,1308.4451312685867,20.750267812828234,18,1.5
4,0.0,0.76,0.24,1412.9860167787847,24.853326126456913,18,1.5
5,0.0,0.71,0.29,1576.7873643445314,30.854617921585294,18,1.5
6,0.0,0.675,0.325,1651.5412899849887,33.43614809149825,18,1.5
7,0.0,0.685,0.315,1628.5716514293986,32.653460782951456,18,1.5
8,0.0,0.695,0.305,1582.8479797494754,31.073751833363573,18,1.5
9,0.0,0.655,0.345,1667.1860878607808,33.96672947640204,18,1.5
10,0.0,0.67,0.33,1636.1779226165545,32.915646352074816,18,1.5
11,0.0,0.685,0.315,1593.7369824911038,31.45443813651572,18,1.5
12,0.0,0.65,0.35,1643.6328789525073,33.17258288345306,18,1.5
13,0.0,0.655,0.345,1633.1934166228284,32.817323695808696,18,1.5
14,0.0,0.665,0.335,1625.5544195080581,32.55463641074331,18,1.5
15,0.0,0.68,0.32,1610.15413053904,32.02383882532812,18,1.5
16,0.0,0.71,0.29,1534.7590346623242,29.365872394278178,18,1.5
17,0.0,0.685,0.315,1571.029283900778,30.65402872124603,18,1.5
18,0.0,0.69,0.31,1564.9106685226288,30.43882906557911,18,1.5
19,0.0,0.65,0.35,1654.692452567337,33.54955770938717,18,1.5
20,0.0,0.67,0.33,1618.3792703128884,32.310622391777116,18,1.5
21,0.0,0.645,0.355,1668.7364933179224,34.02367149100593,18,1.5
22,0.0,0.665,0.335,1630.7209402669678,32.73221462320398,18,1.5
23,0.0,0.68,0.32,1615.9103396329308,32.22129938052316,18,1.5
24,0.0,0.695,0.305,1577.1191625581214,30.872887818870737,18,1.5
25,0.0,0.655,0.345,1668.3503321092583,34.00959020617755,18,1.5
26,0.0,0.67,0.33,1618.5560525717578,32.31174306361747,18,1.5
27,0.0,0.68,0.32,1593.4066602138837,31.438924198469593,18,1.5
28,0.0,0.69,0.31,1555.811845913302,30.117457128049544,18,1.5
29,0.0,0.65,0.35,1667.4723934302835,33.97985821442772,18,1.5
30,0.0,0.655,0.345,1663.846380498164,33.85794606271563,18,1.5
31,0.0,0.67,0.33,1628.7216653491953,32.659635600528574,18,1.5
32,0.0,0.69,0.31,1538.5188352636992,29.500831631819885,18,1.5
33,0.0,0.69,0.31,1538.5188352636992,29.500831631819885,18,1.5
34,0.0,0.65,0.35,1653.1521354810184,33.50009490544578,18,1.5
35,0.0,0.665,0.335,1618.85395258906,32.325902576539676,18,1.5
36,0.0,0.645,0.355,1648.4883383960162,33.339332291793696,18,1.5
37,0.0,0.65,0.35,1640.2401377635522,33.05814018796839,18,1.5
38,0.0,0.67,0.33,1572.6224890110325,30.7189733913321,18,1.5
39,0.0,0.685,0.315,1553.0987543294225,30.02719096400252,18,1.5
40,0.0,0.66,0.34,1608.7470855694196,31.978026931846102,18,1.5
41,0.0,0.67,0.33,1592.5641244954036,31.413864794107244,18,1.5
42,0.0,0.685,0.315,1570.7382195189462,30.650147598776453,18,1.5
43,0.0,0.7,0.3,1535.9773344625187,29.41361363307993,18,1.5
44,0.0,0.66,0.34,1591.4025484156523,31.371831279087857,18,1.5
45,0.0,0.64,0.36,1637.5614671569676,32.965040695503134,18,1.5
46,0.0,0.655,0.345,1599.3390538223084,31.64577573152653,18,1.5
47,0.0,0.67,0.33,1567.3874253428519,30.526635652954223,18,1.5
48,0.0,0.63,0.37,1642.7989153123328,33.14664443138197,18,1.5
49,0.0,0.655,0.345,1589.49534993237,31.310003466892162,18,1.5
50,0.0,0.67,0.33,1543.1286889636851,29.669501704385844,18,1.5
51,0.0,0.63,0.37,1625.8075989678605,32.565859532922396,18,1.5
52,0.0,0.645,0.355,1585.699910443296,31.177917867396225,18,1.5
53,0.0,0.615,0.385,1659.6485186014604,33.71883533113772,18,1.5
54,0.0,0.635,0.365,1622.3936929834208,32.44608384868205,18,1.5
55,0.0,0.66,0.34,1577.518929532975,30.88981817077191,18,1.5
56,0.0,0.69,0.31,1512.158622545945,28.558773148844423,18,1.5
57,0.0,0.655,0.345,1625.6496001016653,32.55676211338589,18,1.5
58,0.0,0.64,0.36,1673.5922955567814,34.18333664866112,18,1.5
59,0.0,0.66,0.34,1614.7767366024332,32.1879202783925,18,1.5
60,0.0,0.675,0.325,1554.353499308569,30.07116842794177,18,1.5
61,0.0,0.64,0.36,1667.677659536278,33.996284345252334,18,1.5
62,0.0,0.66,0.34,1649.2371177809182,33.37262016186462,18,1.5
63,0.0,0.675,0.325,1634.2993614412248,32.862730752873574,18,1.5
64,0.0,0.685,0.315,1603.2878502119438,31.798655900279165,18,1.5
65,0.0,0.69,0.31,1584.153346704287,31.13438402920883,18,1.5
66,0.0,0.655,0.345,1653.3287760930125,33.515556569282694,18,1.5
67,0.0,0.675,0.325,1564.3842309465936,30.435558218565223,18,1.5
68,0.0,0.645,0.355,1663.4133811317492,33.858114996657996,18,1.5
69,0.0,0.65,0.35,1618.5616294817805,32.335011592911734,18,1.5
70,0.0,0.67,0.33,1583.2284519898485,31.110110218640823,18,1.5
71,0.0,0.685,0.315,1560.395728828156,30.30368471799617,18,1.5
72,0.0,0.65,0.35,1628.7372569080733,32.680954099094585,18,1.5
73,0.0,0.67,0.33,1582.8767499292053,31.090775047513684,18,1.5
74,0.0,0.675,0.325,1577.489520950765,30.90195325657939,18,1.5
75,0.0,0.69,0.31,1531.8217509052859,29.274007688267098,18,1.5
76,0.0,0.695,0.305,1514.8857953138981,28.66194734141955,18,1.5
77,0.0,0.655,0.345,1657.7531691173072,33.65606177779817,18,1.5
78,0.0,0.67,0.33,1582.8721922376476,31.072764926558982,18,1.5
79,0.0,0.64,0.36,1652.1858113186015,33.46668760060304,18,1.5
80,0.0,0.645,0.355,1644.8436952827888,33.216317946367546,18,1.5
81,0.0,0.66,0.34,1595.1347670791267,31.506206406139572,18,1.5
82,0.0,0.625,0.375,1668.6356531621163,34.02408868191476,18,1.5
83,0.0,0.65,0.35,1577.0949932668213,30.870934010302435,18,1.5
84,0.0,0.66,0.34,1552.2993265875527,29.992260049349305,18,1.5
85,0.0,0.635,0.365,1597.1742954516453,31.57251900429081,18,1.5
86,0.0,0.65,0.35,1562.8102735104037,30.36654505412531,18,1.5
87,0.0,0.665,0.335,1533.919512850933,29.33592512123202,18,1.5
88,0.0,0.635,0.365,1587.0229195392903,31.218283381533155,18,1.5
89,0.0,0.615,0.385,1603.7787048280347,31.80348026835614,18,1.5
90,0.0,0.64,0.36,1558.9428811500031,30.229984751361354,18,1.5
91,0.0,0.605,0.395,1613.2812369938854,32.130634492319615,18,1.5
92,0.0,0.62,0.38,1585.0233204976453,31.14716106827825,18,1.5
93,0.0,0.59,0.41,1649.4379097430385,33.36996899453492,18,1.5
94,0.0,0.615,0.385,1599.3020903741935,31.650151523538604,18,1.5
95,0.0,0.625,0.375,1583.1349637371825,31.08533116487024,18,1.5
96,0.0,0.595,0.405,1648.7921594345164,33.34941542391809,18,1.5
97,0.0,0.625,0.375,1585.6672992811637,31.17507620847698,18,1.5
98,0.0,0.64,0.36,1559.225713312695,30.244951236148125,18,1.5
99,0.0,0.625,0.375,1602.7107252195026,31.768972900040225,18,1.5
100,0.0,0.6,0.4,1667.73655407102,33.99782038066416,18,1.5
0,0.0,0.94,0.06,987.2745241913435,5.711663557150653,18,2.0
1,0.0,0.89,0.11,1096.0040162319679,11.56694392690055,18,2.0
2,0.0,0.85,0.15,1195.6075464827798,16.031247566349926,18,2.0
3,0.0,0.805,0.195,1308.4451312685867,20.750267812828234,18,2.0
4,0.0,0.76,0.24,1412.9860167787847,24.853326126456913,18,2.0
5,0.0,0.71,0.29,1576.7873643445314,30.854617921585294,18,2.0
6,0.0,0.675,0.325,1651.5412899849887,33.43614809149825,18,2.0
7,0.0,0.685,0.315,1628.5716514293986,32.653460782951456,18,2.0
8,0.0,0.695,0.305,1582.8479797494754,31.073751833363573,18,2.0
9,0.0,0.655,0.345,1667.1860878607808,33.96672947640204,18,2.0
10,0.0,0.67,0.33,1636.1779226165545,32.915646352074816,18,2.0
11,0.0,0.685,0.315,1593.7369824911038,31.45443813651572,18,2.0
12,0.0,0.65,0.35,1643.6328789525073,33.17258288345306,18,2.0
13,0.0,0.655,0.345,1633.1934166228284,32.817323695808696,18,2.0
14,0.0,0.665,0.335,1625.5544195080581,32.55463641074331,18,2.0
15,0.0,0.68,0.32,1610.15413053904,32.02383882532812,18,2.0
16,0.0,0.71,0.29,1534.7590346623242,29.365872394278178,18,2.0
17,0.0,0.685,0.315,1571.029283900778,30.65402872124603,18,2.0
18,0.0,0.69,0.31,1564.9106685226288,30.43882906557911,18,2.0
19,0.0,0.65,0.35,1654.692452567337,33.54955770938717,18,2.0
20,0.0,0.67,0.33,1618.3792703128884,32.310622391777116,18,2.0
21,0.0,0.645,0.355,1668.7364933179224,34.02367149100593,18,2.0
22,0.0,0.665,0.335,1630.7209402669678,32.73221462320398,18,2.0
23,0.0,0.68,0.32,1615.9103396329308,32.22129938052316,18,2.0
24,0.0,0.695,0.305,1577.1191625581214,30.872887818870737,18,2.0
25,0.0,0.655,0.345,1668.3503321092583,34.00959020617755,18,2.0
26,0.0,0.67,0.33,1618.5560525717578,32.31174306361747,18,2.0
27,0.0,0.68,0.32,1593.4066602138837,31.438924198469593,18,2.0
28,0.0,0.69,0.31,1555.811845913302,30.117457128049544,18,2.0
29,0.0,0.65,0.35,1667.4723934302835,33.97985821442772,18,2.0
30,0.0,0.655,0.345,1663.846380498164,33.85794606271563,18,2.0
31,0.0,0.67,0.33,1628.7216653491953,32.659635600528574,18,2.0
32,0.0,0.69,0.31,1538.5188352636992,29.500831631819885,18,2.0
33,0.0,0.69,0.31,1538.5188352636992,29.500831631819885,18,2.0
34,0.0,0.65,0.35,1653.1521354810184,33.50009490544578,18,2.0
35,0.0,0.665,0.335,1618.85395258906,32.325902576539676,18,2.0
36,0.0,0.645,0.355,1648.4883383960162,33.339332291793696,18,2.0
37,0.0,0.65,0.35,1640.2401377635522,33.05814018796839,18,2.0
38,0.0,0.67,0.33,1572.6224890110325,30.7189733913321,18,2.0
39,0.0,0.685,0.315,1553.0987543294225,30.02719096400252,18,2.0
40,0.0,0.66,0.34,1608.7470855694196,31.978026931846102,18,2.0
41,0.0,0.67,0.33,1592.5641244954036,31.413864794107244,18,2.0
42,0.0,0.685,0.315,1570.7382195189462,30.650147598776453,18,2.0
43,0.0,0.7,0.3,1535.9773344625187,29.41361363307993,18,2.0
44,0.0,0.66,0.34,1591.4025484156523,31.371831279087857,18,2.0
45,0.0,0.64,0.36,1637.5614671569676,32.965040695503134,18,2.0
46,0.0,0.655,0.345,1599.3390538223084,31.64577573152653,18,2.0
47,0.0,0.67,0.33,1567.3874253428519,30.526635652954223,18,2.0
48,0.0,0.63,0.37,1642.7989153123328,33.14664443138197,18,2.0
49,0.0,0.655,0.345,1589.49534993237,31.310003466892162,18,2.0
50,0.0,0.67,0.33,1543.1286889636851,29.669501704385844,18,2.0
51,0.0,0.63,0.37,1625.8075989678605,32.565859532922396,18,2.0
52,0.0,0.645,0.355,1585.699910443296,31.177917867396225,18,2.0
53,0.0,0.615,0.385,1659.6485186014604,33.71883533113772,18,2.0
54,0.0,0.635,0.365,1622.3936929834208,32.44608384868205,18,2.0
55,0.0,0.66,0.34,1577.518929532975,30.88981817077191,18,2.0
56,0.0,0.69,0.31,1512.158622545945,28.558773148844423,18,2.0
57,0.0,0.655,0.345,1625.6496001016653,32.55676211338589,18,2.0
58,0.0,0.64,0.36,1673.5922955567814,34.18333664866112,18,2.0
59,0.0,0.66,0.34,1614.7767366024332,32.1879202783925,18,2.0
60,0.0,0.675,0.325,1554.353499308569,30.07116842794177,18,2.0
61,0.0,0.64,0.36,1667.677659536278,33.996284345252334,18,2.0
62,0.0,0.66,0.34,1649.2371177809182,33.37262016186462,18,2.0
63,0.0,0.675,0.325,1634.2993614412248,32.862730752873574,18,2.0
64,0.0,0.685,0.315,1603.2878502119438,31.798655900279165,18,2.0
65,0.0,0.69,0.31,1584.153346704287,31.13438402920883,18,2.0
66,0.0,0.655,0.345,1653.3287760930125,33.515556569282694,18,2.0
67,0.0,0.675,0.325,1564.3842309465936,30.435558218565223,18,2.0
68,0.0,0.645,0.355,1663.4133811317492,33.858114996657996,18,2.0
69,0.0,0.65,0.35,1618.5616294817805,32.335011592911734,18,2.0
70,0.0,0.67,0.33,1583.2284519898485,31.110110218640823,18,2.0
71,0.0,0.685,0.315,1560.395728828156,30.30368471799617,18,2.0
72,0.0,0.65,0.35,1628.7372569080733,32.680954099094585,18,2.0
73,0.0,0.67,0.33,1582.8767499292053,31.090775047513684,18,2.0
74,0.0,0.675,0.325,1577.489520950765,30.90195325657939,18,2.0
75,0.0,0.69,0.31,1531.8217509052859,29.274007688267098,18,2.0
76,0.0,0.695,0.305,1514.8857953138981,28.66194734141955,18,2.0
77,0.0,0.655,0.345,1657.7531691173072,33.65606177779817,18,2.0
78,0.0,0.67,0.33,1582.8721922376476,31.072764926558982,18,2.0
79,0.0,0.64,0.36,1652.1858113186015,33.46668760060304,18,2.0
80,0.0,0.645,0.355,1644.8436952827888,33.216317946367546,18,2.0
81,0.0,0.66,0.34,1595.1347670791267,31.506206406139572,18,2.0
82,0.0,0.625,0.375,1668.6356531621163,34.02408868191476,18,2.0
83,0.0,0.65,0.35,1577.0949932668213,30.870934010302435,18,2.0
84,0.0,0.66,0.34,1552.2993265875527,29.992260049349305,18,2.0
85,0.0,0.635,0.365,1597.1742954516453,31.57251900429081,18,2.0
86,0.0,0.65,0.35,1562.8102735104037,30.36654505412531,18,2.0
87,0.0,0.665,0.335,1533.919512850933,29.33592512123202,18,2.0
88,0.0,0.635,0.365,1587.0229195392903,31.218283381533155,18,2.0
89,0.0,0.615,0.385,1603.7787048280347,31.80348026835614,18,2.0
90,0.0,0.64,0.36,1558.9428811500031,30.229984751361354,18,2.0
91,0.0,0.605,0.395,1613.2812369938854,32.130634492319615,18,2.0
92,0.0,0.62,0.38,1585.0233204976453,31.14716106827825,18,2.0
93,0.0,0.59,0.41,1649.4379097430385,33.36996899453492,18,2.0
94,0.0,0.615,0.385,1599.3020903741935,31.650151523538604,18,2.0
95,0.0,0.625,0.375,1583.1349637371825,31.08533116487024,18,2.0
96,0.0,0.595,0.405,1648.7921594345164,33.34941542391809,18,2.0
97,0.0,0.625,0.375,1585.6672992811637,31.17507620847698,18,2.0
98,0.0,0.64,0.36,1559.225713312695,30.244951236148125,18,2.0
99,0.0,0.625,0.375,1602.7107252195026,31.768972900040225,18,2.0
100,0.0,0.6,0.4,1667.73655407102,33.99782038066416,18,2.0
0,0.0,1.0,0.0,1143.7331493974277,0.0,17,0.0
1,0.0,0.95,0.05,1064.9204638035362,5.308811661723689,17,0.0
2,0.0,0.9,0.1,1151.9404971007639,10.085675174878043,17,0.0
3,0.0,0.855,0.145,1268.3660109761431,15.225269889507672,17,0.0
4,0.0,0.81,0.19,1361.6879154284056,19.050046392925324,17,0.0
5,0.0,0.775,0.225,1443.4002851654895,22.24224630796064,17,0.0
6,0.0,0.745,0.255,1544.4436254114894,26.00220063575674,17,0.0
7,0.0,0.71,0.29,1620.9849817374538,28.718925197432853,17,0.0
8,0.0,0.675,0.325,1690.7947098558432,31.312793490959976,17,0.0
9,0.0,0.645,0.355,1717.3298309214613,32.42549561420544,17,0.0
10,0.0,0.625,0.375,1740.859899936469,33.49524371484976,17,0.0
11,0.0,0.58,0.42,1814.2574512479052,37.63138699426044,17,0.0
12,0.0,0.555,0.445,1829.8314946414337,38.804904108871256,17,0.0
13,0.0,0.535,0.465,1845.0451555856214,40.164944138870325,17,0.0
14,0.0,0.505,0.495,1871.4091400325226,43.7687192050991,17,0.0
15,0.0,0.485,0.515,1873.6775818980454,44.352356769830386,17,0.0
16,0.0,0.455,0.545,1877.4848717698687,46.851194690437254,17,0.0
17,0.0,0.435,0.565,1872.3221820536578,49.11183180717565,17,0.0
18,0.0,0.415,0.585,1850.7514932366093,52.41395697737743,17,0.0
19,0.0,0.405,0.595,1847.2084018028372,52.795921335636024,17,0.0
20,0.0,0.38,0.62,1831.2336214464442,54.280130816042586,17,0.0
21,0.0,0.365,0.635,1819.170592385512,55.23468871114349,17,0.0
22,0.0,0.365,0.635,1819.170592385512,55.23468871114349,17,0.0
23,0.0,0.35,0.65,1807.2014365007294,56.082780741957414,17,0.0
24,0.0,0.34,0.66,1804.3685888009982,56.27321861007259,17,0.0
25,0.0,0.315,0.685,1791.6074825876326,57.09823325851102,17,0.0
26,0.0,0.3,0.7,1767.5028676311058,58.508173021437806,17,0.0
27,0.0,0.295,0.705,1763.295078165142,58.736455217240554,17,0.0
28,0.0,0.28,0.72,1734.8590681055903,60.18496302086383,17,0.0
29,0.0,0.275,0.725,1727.9281836068712,60.51499065941174,17,0.0
30,0.0,0.265,0.735,1719.07552367445,60.92768571320646,17,0.0
31,0.0,0.25,0.75,1706.7505851367252,61.484508985824235,17,0.0
32,0.0,0.245,0.755,1698.5435721236279,61.84900159962413,17,0.0
33,0.0,0.24,0.76,1690.2490829231936,62.20928100159696,17,0.0
34,0.0,0.225,0.775,1656.4486942875014,63.586895787272475,17,0.0
35,0.0,0.21,0.79,1632.8755320533176,64.49247005194175,17,0.0
36,0.0,0.2,0.8,1622.9635620599106,64.86007550844693,17,0.0
37,0.0,0.185,0.815,1581.6613091992833,66.32400411089637,17,0.0
38,0.0,0.185,0.815,1581.6613091992833,66.32400411089637,17,0.0
39,0.0,0.17,0.83,1564.8229785862718,66.89419407676303,17,0.0
40,0.0,0.16,0.84,1532.8381592717776,67.93229290541667,17,0.0
41,0.0,0.15,0.85,1520.3352235344062,68.3290373796564,17,0.0
42,0.0,0.14,0.86,1506.0574346370333,68.77498867265089,17,0.0
43,0.0,0.135,0.865,1497.0010266897125,69.05207737082422,17,0.0
44,0.0,0.135,0.865,1497.0010266897125,69.05207737082422,17,0.0
45,0.0,0.125,0.875,1462.649503253979,70.08193566929407,17,0.0
46,0.0,0.125,0.875,1462.649503253979,70.08193566929407,17,0.0
47,0.0,0.12,0.88,1440.153455568274,70.73524333065575,17,0.0
48,0.0,0.115,0.885,1436.7465876224474,70.83286667311225,17,0.0
49,0.0,0.11,0.89,1428.7881500030371,71.05760333146611,17,0.0
50,0.0,0.105,0.895,1427.6455257811317,71.09007139268402,17,0.0
51,0.0,0.09,0.91,1413.421328738277,71.48807426960192,17,0.0
52,0.0,0.09,0.91,1413.421328738277,71.48807426960192,17,0.0
53,0.0,0.075,0.925,1304.7402972323307,74.36923620473264,17,0.0
54,0.0,0.075,0.925,1304.7402972323307,74.36923620473264,17,0.0
55,0.0,0.065,0.935,1290.1844621880282,74.73342122541897,17,0.0
56,0.0,0.06,0.94,1282.544519877466,74.9226871493801,17,0.0
57,0.0,0.05,0.95,1263.4375648292907,75.3937346618599,17,0.0
58,0.0,0.045,0.955,1246.857399353832,75.79954639434871,17,0.0
59,0.0,0.04,0.96,1240.6157246429311,75.94936855545944,17,0.0
60,0.0,0.04,0.96,1240.6157246429311,75.94936855545944,17,0.0
61,0.0,0.035,0.965,1226.2528888768652,76.29268892778117,17,0.0
62,0.0,0.035,0.965,1226.2528888768652,76.29268892778117,17,0.0
63,0.0,0.03,0.97,1196.8969432041517,76.98947918145461,17,0.0
64,0.0,0.03,0.97,1196.8969432041517,76.98947918145461,17,0.0
65,0.0,0.03,0.97,1196.8969432041517,76.98947918145461,17,0.0
66,0.0,0.025,0.975,1185.2486918636919,77.26028719775765,17,0.0
67,0.0,0.025,0.975,1185.2486918636919,77.26028719775765,17,0.0
68,0.0,0.025,0.975,1185.2486918636919,77.26028719775765,17,0.0
69,0.0,0.025,0.975,1185.2486918636919,77.26028719775765,17,0.0
70,0.0,0.025,0.975,1185.2486918636919,77.26028719775765,17,0.0
0,0.0,1.0,0.0,1143.7331493974277,0.0,17,0.5
1,0.0,0.95,0.05,1064.9204638035362,5.308811661723689,17,0.5
2,0.0,0.9,0.1,1151.9404971007639,10.085675174878043,17,0.5
3,0.0,0.855,0.145,1268.3660109761431,15.225269889507672,17,0.5
4,0.0,0.81,0.19,1361.6879154284056,19.050046392925324,17,0.5
5,0.0,0.775,0.225,1443.4002851654895,22.24224630796064,17,0.5
6,0.0,0.745,0.255,1544.4436254114894,26.00220063575674,17,0.5
7,0.0,0.71,0.29,1620.9849817374538,28.718925197432853,17,0.5
8,0.0,0.675,0.325,1690.7947098558432,31.312793490959976,17,0.5
9,0.0,0.645,0.355,1717.3298309214613,32.42549561420544,17,0.5
10,0.0,0.625,0.375,1740.859899936469,33.49524371484976,17,0.5
11,0.0,0.58,0.42,1814.2574512479052,37.63138699426044,17,0.5
12,0.0,0.555,0.445,1829.8314946414337,38.804904108871256,17,0.5
13,0.0,0.535,0.465,1845.0451555856214,40.164944138870325,17,0.5
14,0.0,0.505,0.495,1871.4091400325226,43.7687192050991,17,0.5
15,0.0,0.485,0.515,1873.6775818980454,44.352356769830386,17,0.5
16,0.0,0.455,0.545,1877.4848717698687,46.851194690437254,17,0.5
17,0.0,0.435,0.565,1872.3221820536578,49.11183180717565,17,0.5
18,0.0,0.415,0.585,1850.7514932366093,52.41395697737743,17,0.5
19,0.0,0.405,0.595,1847.2084018028372,52.795921335636024,17,0.5
20,0.0,0.38,0.62,1831.2336214464442,54.280130816042586,17,0.5
21,0.0,0.365,0.635,1819.170592385512,55.23468871114349,17,0.5
22,0.0,0.365,0.635,1819.170592385512,55.23468871114349,17,0.5
23,0.0,0.35,0.65,1807.2014365007294,56.082780741957414,17,0.5
24,0.0,0.34,0.66,1804.3685888009982,56.27321861007259,17,0.5
25,0.0,0.315,0.685,1791.6074825876326,57.09823325851102,17,0.5
26,0.0,0.3,0.7,1767.5028676311058,58.508173021437806,17,0.5
27,0.0,0.295,0.705,1763.295078165142,58.736455217240554,17,0.5
28,0.0,0.28,0.72,1734.8590681055903,60.18496302086383,17,0.5
29,0.0,0.275,0.725,1727.9281836068712,60.51499065941174,17,0.5
30,0.0,0.265,0.735,1719.07552367445,60.92768571320646,17,0.5
31,0.0,0.25,0.75,1706.7505851367252,61.484508985824235,17,0.5
32,0.0,0.245,0.755,1698.5435721236279,61.84900159962413,17,0.5
33,0.0,0.24,0.76,1690.2490829231936,62.20928100159696,17,0.5
34,0.0,0.225,0.775,1656.4486942875014,63.586895787272475,17,0.5
35,0.0,0.21,0.79,1632.8755320533176,64.49247005194175,17,0.5
36,0.0,0.2,0.8,1622.9635620599106,64.86007550844693,17,0.5
37,0.0,0.185,0.815,1581.6613091992833,66.32400411089637,17,0.5
38,0.0,0.185,0.815,1581.6613091992833,66.32400411089637,17,0.5
39,0.0,0.17,0.83,1564.8229785862718,66.89419407676303,17,0.5
40,0.0,0.16,0.84,1532.8381592717776,67.93229290541667,17,0.5
41,0.0,0.15,0.85,1520.3352235344062,68.3290373796564,17,0.5
42,0.0,0.14,0.86,1506.0574346370333,68.77498867265089,17,0.5
43,0.0,0.135,0.865,1497.0010266897125,69.05207737082422,17,0.5
44,0.0,0.135,0.865,1497.0010266897125,69.05207737082422,17,0.5
45,0.0,0.125,0.875,1462.649503253979,70.08193566929407,17,0.5
46,0.0,0.125,0.875,1462.649503253979,70.08193566929407,17,0.5
47,0.0,0.12,0.88,1440.153455568274,70.73524333065575,17,0.5
48,0.0,0.115,0.885,1436.7465876224474,70.83286667311225,17,0.5
49,0.0,0.11,0.89,1428.7881500030371,71.05760333146611,17,0.5
50,0.0,0.105,0.895,1427.6455257811317,71.09007139268402,17,0.5
51,0.0,0.09,0.91,1413.421328738277,71.48807426960192,17,0.5
52,0.0,0.09,0.91,1413.421328738277,71.48807426960192,17,0.5
53,0.0,0.075,0.925,1304.7402972323307,74.36923620473264,17,0.5
54,0.0,0.075,0.925,1304.7402972323307,74.36923620473264,17,0.5
55,0.0,0.065,0.935,1290.1844621880282,74.73342122541897,17,0.5
56,0.0,0.06,0.94,1282.544519877466,74.9226871493801,17,0.5
57,0.0,0.05,0.95,1263.4375648292907,75.3937346618599,17,0.5
58,0.0,0.045,0.955,1246.857399353832,75.79954639434871,17,0.5
59,0.0,0.04,0.96,1240.6157246429311,75.94936855545944,17,0.5
60,0.0,0.04,0.96,1240.6157246429311,75.94936855545944,17,0.5
61,0.0,0.035,0.965,1226.2528888768652,76.29268892778117,17,0.5
62,0.0,0.035,0.965,1226.2528888768652,76.29268892778117,17,0.5
63,0.0,0.03,0.97,1196.8969432041517,76.98947918145461,17,0.5
64,0.0,0.03,0.97,1196.8969432041517,76.98947918145461,17,0.5
65,0.0,0.03,0.97,1196.8969432041517,76.98947918145461,17,0.5
66,0.0,0.025,0.975,1185.2486918636919,77.26028719775765,17,0.5
67,0.0,0.025,0.975,1185.2486918636919,77.26028719775765,17,0.5
68,0.0,0.025,0.975,1185.2486918636919,77.26028719775765,17,0.5
69,0.0,0.025,0.975,1185.2486918636919,77.26028719775765,17,0.5
70,0.0,0.025,0.975,1185.2486918636919,77.26028719775765,17,0.5
0,0.0,1.0,0.0,1143.7331493974277,0.0,17,1.0
1,0.0,0.95,0.05,1064.9204638035362,5.308811661723689,17,1.0
2,0.0,0.9,0.1,1151.9404971007639,10.085675174878043,17,1.0
3,0.0,0.855,0.145,1268.3660109761431,15.225269889507672,17,1.0
4,0.0,0.81,0.19,1361.6879154284056,19.050046392925324,17,1.0
5,0.0,0.775,0.225,1443.4002851654895,22.24224630796064,17,1.0
6,0.0,0.745,0.255,1544.4436254114894,26.00220063575674,17,1.0
7,0.0,0.71,0.29,1620.9849817374538,28.718925197432853,17,1.0
8,0.0,0.71,0.29,1620.9849817374538,28.718925197432853,17,1.0
9,0.0,0.71,0.29,1620.9849817374538,28.718925197432853,17,1.0
10,0.0,0.71,0.29,1620.9849817374538,28.718925197432853,17,1.0
11,0.0,0.71,0.29,1620.9849817374538,28.718925197432853,17,1.0
0,0.0,1.0,0.0,1143.7331493974277,0.0,17,1.5
1,0.0,0.95,0.05,1064.9204638035362,5.308811661723689,17,1.5
2,0.0,0.9,0.1,1151.9404971007639,10.085675174878043,17,1.5
3,0.0,0.855,0.145,1268.3660109761431,15.225269889507672,17,1.5
4,0.0,0.81,0.19,1361.6879154284056,19.050046392925324,17,1.5
5,0.0,0.775,0.225,1443.4002851654895,22.24224630796064,17,1.5
6,0.0,0.745,0.255,1544.4436254114894,26.00220063575674,17,1.5
7,0.0,0.71,0.29,1620.9849817374538,28.718925197432853,17,1.5
8,0.0,0.725,0.275,1572.719685265902,27.015394621050937,17,1.5
9,0.0,0.695,0.305,1604.8935604664916,28.15610267065638,17,1.5
10,0.0,0.725,0.275,1545.207695136108,26.030373932622265,17,1.5
11,0.0,0.725,0.275,1545.207695136108,26.030373932622265,17,1.5
12,0.0,0.685,0.315,1600.1388018590278,27.99523113029632,17,1.5
13,0.0,0.705,0.295,1559.2671033768609,26.540083582980593,17,1.5
14,0.0,0.72,0.28,1540.5995776483385,25.86562173382691,17,1.5
15,0.0,0.695,0.305,1578.1265857646226,27.214316840006614,17,1.5
16,0.0,0.705,0.295,1555.5281307557445,26.40747302659051,17,1.5
17,0.0,0.72,0.28,1534.868449737531,25.6603068981046,17,1.5
18,0.0,0.74,0.26,1466.4410923255152,23.129339924417632,17,1.5
19,0.0,0.7,0.3,1565.650618487331,26.766211299917405,17,1.5
20,0.0,0.72,0.28,1517.0800247403342,25.010168703675085,17,1.5
21,0.0,0.68,0.32,1587.0234176722004,27.538250014609545,17,1.5
22,0.0,0.705,0.295,1534.1996380303817,25.63511595052651,17,1.5
23,0.0,0.675,0.325,1590.4894603390628,27.65587994281575,17,1.5
24,0.0,0.655,0.345,1627.7367513731735,28.964814996857243,17,1.5
25,0.0,0.665,0.335,1614.6836687244897,28.51063769478188,17,1.5
26,0.0,0.695,0.305,1540.8108190778614,25.879141300942784,17,1.5
27,0.0,0.7,0.3,1528.956840977431,25.44715099912997,17,1.5
28,0.0,0.705,0.295,1515.2639650787132,24.946486573176728,17,1.5
29,0.0,0.665,0.335,1616.5933068647528,28.57572775261036,17,1.5
30,0.0,0.695,0.305,1589.865160738913,27.634339963489204,17,1.5
31,0.0,0.71,0.29,1549.4077308430656,26.186225447718723,17,1.5
32,0.0,0.675,0.325,1598.0858335283483,27.92191194191575,17,1.5
33,0.0,0.69,0.31,1579.7325573838148,27.270137087253374,17,1.5
34,0.0,0.705,0.295,1556.3912786893818,26.435004789519038,17,1.5
35,0.0,0.725,0.275,1540.1023815788812,25.84644877602975,17,1.5
36,0.0,0.7,0.3,1572.7715887851386,27.024204464246857,17,1.5
37,0.0,0.715,0.285,1548.0813652840568,26.135848858676706,17,1.5
38,0.0,0.725,0.275,1503.0009313080077,24.482034335088844,17,1.5
39,0.0,0.735,0.265,1483.5115982843881,23.760050896526472,17,1.5
40,0.0,0.7,0.3,1572.5578085842853,27.02317900285856,17,1.5
41,0.0,0.715,0.285,1534.6934598266835,25.66192493942308,17,1.5
42,0.0,0.68,0.32,1613.561169319879,28.47367941687979,17,1.5
43,0.0,0.685,0.315,1603.7406719119697,28.12842272536576,17,1.5
44,0.0,0.705,0.295,1550.1964819462246,26.223681953586727,17,1.5
45,0.0,0.715,0.285,1538.2728958647547,25.790375651094276,17,1.5
46,0.0,0.73,0.27,1513.0170915934375,24.865837784263988,17,1.5
47,0.0,0.735,0.265,1499.3982185916493,24.361050647349725,17,1.5
48,0.0,0.695,0.305,1577.1689058176369,27.185676258112537,17,1.5
49,0.0,0.71,0.29,1518.603679065794,25.070374121091824,17,1.5
50,0.0,0.685,0.315,1566.6363289341066,26.80845554882969,17,1.5
51,0.0,0.65,0.35,1615.659067131198,28.54515500409291,17,1.5
52,0.0,0.66,0.34,1608.7364292513012,28.30365803673581,17,1.5
53,0.0,0.665,0.335,1605.065035760888,28.17504413347136,17,1.5
54,0.0,0.69,0.31,1571.5530300254163,26.987611781233156,17,1.5
55,0.0,0.69,0.31,1571.5530300254163,26.987611781233156,17,1.5
56,0.0,0.705,0.295,1560.850344841183,26.60445292394521,17,1.5
57,0.0,0.715,0.285,1547.0671877058383,26.109428996676016,17,1.5
58,0.0,0.735,0.265,1502.1495198045072,24.468075021562882,17,1.5
59,0.0,0.695,0.305,1581.6832907425564,27.35125625252102,17,1.5
60,0.0,0.705,0.295,1570.0396673489872,26.93576760252523,17,1.5
61,0.0,0.71,0.29,1554.0406790857326,26.36003600882193,17,1.5
62,0.0,0.72,0.28,1511.1261447308418,24.80192752465682,17,1.5
63,0.0,0.68,0.32,1618.582909086411,28.647541853332005,17,1.5
64,0.0,0.69,0.31,1566.6735089069437,26.812354005668432,17,1.5
65,0.0,0.7,0.3,1545.3219799300623,26.04059626239609,17,1.5
66,0.0,0.665,0.335,1613.0604625188105,28.451734279147814,17,1.5
67,0.0,0.68,0.32,1571.2269187717854,26.97709849772414,17,1.5
68,0.0,0.7,0.3,1535.6617252684596,25.693800512059703,17,1.5
69,0.0,0.67,0.33,1627.6929670855645,28.964817307149943,17,1.5
70,0.0,0.69,0.31,1568.1604198398904,26.86564898879083,17,1.5
71,0.0,0.7,0.3,1554.06394365689,26.36023500238914,17,1.5
72,0.0,0.67,0.33,1614.9921131098797,28.520929694251066,17,1.5
73,0.0,0.695,0.305,1524.9353942121288,25.301882316146436,17,1.5
74,0.0,0.655,0.345,1611.8753857684148,28.415690394396965,17,1.5
75,0.0,0.655,0.345,1611.8753857684148,28.415690394396965,17,1.5
76,0.0,0.68,0.32,1532.5076979959074,25.574622420448385,17,1.5
77,0.0,0.695,0.305,1505.3271433078644,24.578349567741157,17,1.5
78,0.0,0.665,0.335,1563.2515693679825,26.685131026319922,17,1.5
79,0.0,0.685,0.315,1545.1698275325232,26.032363576708946,17,1.5
80,0.0,0.65,0.35,1615.158715575897,28.522220733163195,17,1.5
81,0.0,0.68,0.32,1547.614745277487,26.12673359477619,17,1.5
82,0.0,0.685,0.315,1521.258225743915,25.163582207369323,17,1.5
83,0.0,0.655,0.345,1587.8344571421305,27.560712153654173,17,1.5
84,0.0,0.67,0.33,1572.009995052581,26.996948857273814,17,1.5
85,0.0,0.695,0.305,1518.1629099143818,25.04764841071586,17,1.5
86,0.0,0.66,0.34,1618.7789182608547,28.64512604051849,17,1.5
87,0.0,0.675,0.325,1565.9973096628103,26.784430106064285,17,1.5
88,0.0,0.695,0.305,1496.3046879309998,24.240670492700488,17,1.5
89,0.0,0.66,0.34,1599.661663532131,27.9724573277946,17,1.5
90,0.0,0.67,0.33,1560.3268265440977,26.575519019579865,17,1.5
91,0.0,0.685,0.315,1551.3291196837715,26.251805157482718,17,1.5
92,0.0,0.695,0.305,1509.1938946886955,24.716595569924035,17,1.5
93,0.0,0.665,0.335,1567.3083325319533,26.828801924676622,17,1.5
94,0.0,0.635,0.365,1619.879235605401,28.688676827520098,17,1.5
95,0.0,0.65,0.35,1591.9056364237358,27.70488194202195,17,1.5
96,0.0,0.665,0.335,1566.4565923213784,26.796969923429117,17,1.5
97,0.0,0.68,0.32,1520.385012594561,25.129082995089327,17,1.5
98,0.0,0.65,0.35,1596.4357027477035,27.862139604795725,17,1.5
99,0.0,0.67,0.33,1561.6662192196982,26.627178783309354,17,1.5
100,0.0,0.695,0.305,1502.5340952180738,24.47754098038483,17,1.5
0,0.0,1.0,0.0,1143.7331493974277,0.0,17,2.0
1,0.0,0.95,0.05,1064.9204638035362,5.308811661723689,17,2.0
2,0.0,0.9,0.1,1151.9404971007639,10.085675174878043,17,2.0
3,0.0,0.855,0.145,1268.3660109761431,15.225269889507672,17,2.0
4,0.0,0.81,0.19,1361.6879154284056,19.050046392925324,17,2.0
5,0.0,0.775,0.225,1443.4002851654895,22.24224630796064,17,2.0
6,0.0,0.745,0.255,1544.4436254114894,26.00220063575674,17,2.0
7,0.0,0.71,0.29,1620.9849817374538,28.718925197432853,17,2.0
8,0.0,0.725,0.275,1572.719685265902,27.015394621050937,17,2.0
9,0.0,0.695,0.305,1604.8935604664916,28.15610267065638,17,2.0
10,0.0,0.725,0.275,1545.207695136108,26.030373932622265,17,2.0
11,0.0,0.725,0.275,1545.207695136108,26.030373932622265,17,2.0
12,0.0,0.685,0.315,1600.1388018590278,27.99523113029632,17,2.0
13,0.0,0.705,0.295,1559.2671033768609,26.540083582980593,17,2.0
14,0.0,0.72,0.28,1540.5995776483385,25.86562173382691,17,2.0
15,0.0,0.695,0.305,1578.1265857646226,27.214316840006614,17,2.0
16,0.0,0.705,0.295,1555.5281307557445,26.40747302659051,17,2.0
17,0.0,0.72,0.28,1534.868449737531,25.6603068981046,17,2.0
18,0.0,0.74,0.26,1466.4410923255152,23.129339924417632,17,2.0
19,0.0,0.7,0.3,1565.650618487331,26.766211299917405,17,2.0
20,0.0,0.72,0.28,1517.0800247403342,25.010168703675085,17,2.0
21,0.0,0.68,0.32,1587.0234176722004,27.538250014609545,17,2.0
22,0.0,0.705,0.295,1534.1996380303817,25.63511595052651,17,2.0
23,0.0,0.675,0.325,1590.4894603390628,27.65587994281575,17,2.0
24,0.0,0.655,0.345,1627.7367513731735,28.964814996857243,17,2.0
25,0.0,0.665,0.335,1614.6836687244897,28.51063769478188,17,2.0
26,0.0,0.695,0.305,1540.8108190778614,25.879141300942784,17,2.0
27,0.0,0.7,0.3,1528.956840977431,25.44715099912997,17,2.0
28,0.0,0.705,0.295,1515.2639650787132,24.946486573176728,17,2.0
29,0.0,0.665,0.335,1616.5933068647528,28.57572775261036,17,2.0
30,0.0,0.695,0.305,1589.865160738913,27.634339963489204,17,2.0
31,0.0,0.71,0.29,1549.4077308430656,26.186225447718723,17,2.0
32,0.0,0.675,0.325,1598.0858335283483,27.92191194191575,17,2.0
33,0.0,0.69,0.31,1579.7325573838148,27.270137087253374,17,2.0
34,0.0,0.705,0.295,1556.3912786893818,26.435004789519038,17,2.0
35,0.0,0.725,0.275,1540.1023815788812,25.84644877602975,17,2.0
36,0.0,0.7,0.3,1572.7715887851386,27.024204464246857,17,2.0
37,0.0,0.715,0.285,1548.0813652840568,26.135848858676706,17,2.0
38,0.0,0.725,0.275,1503.0009313080077,24.482034335088844,17,2.0
39,0.0,0.735,0.265,1483.5115982843881,23.760050896526472,17,2.0
40,0.0,0.7,0.3,1572.5578085842853,27.02317900285856,17,2.0
41,0.0,0.715,0.285,1534.6934598266835,25.66192493942308,17,2.0
42,0.0,0.68,0.32,1613.561169319879,28.47367941687979,17,2.0
43,0.0,0.685,0.315,1603.7406719119697,28.12842272536576,17,2.0
44,0.0,0.705,0.295,1550.1964819462246,26.223681953586727,17,2.0
45,0.0,0.715,0.285,1538.2728958647547,25.790375651094276,17,2.0
46,0.0,0.73,0.27,1513.0170915934375,24.865837784263988,17,2.0
47,0.0,0.735,0.265,1499.3982185916493,24.361050647349725,17,2.0
48,0.0,0.695,0.305,1577.1689058176369,27.185676258112537,17,2.0
49,0.0,0.71,0.29,1518.603679065794,25.070374121091824,17,2.0
50,0.0,0.685,0.315,1566.6363289341066,26.80845554882969,17,2.0
51,0.0,0.65,0.35,1615.659067131198,28.54515500409291,17,2.0
52,0.0,0.66,0.34,1608.7364292513012,28.30365803673581,17,2.0
53,0.0,0.665,0.335,1605.065035760888,28.17504413347136,17,2.0
54,0.0,0.69,0.31,1571.5530300254163,26.987611781233156,17,2.0
55,0.0,0.69,0.31,1571.5530300254163,26.987611781233156,17,2.0
56,0.0,0.705,0.295,1560.850344841183,26.60445292394521,17,2.0
57,0.0,0.715,0.285,1547.0671877058383,26.109428996676016,17,2.0
58,0.0,0.735,0.265,1502.1495198045072,24.468075021562882,17,2.0
59,0.0,0.695,0.305,1581.6832907425564,27.35125625252102,17,2.0
60,0.0,0.705,0.295,1570.0396673489872,26.93576760252523,17,2.0
61,0.0,0.71,0.29,1554.0406790857326,26.36003600882193,17,2.0
62,0.0,0.72,0.28,1511.1261447308418,24.80192752465682,17,2.0
63,0.0,0.68,0.32,1618.582909086411,28.647541853332005,17,2.0
64,0.0,0.69,0.31,1566.6735089069437,26.812354005668432,17,2.0
65,0.0,0.7,0.3,1545.3219799300623,26.04059626239609,17,2.0
66,0.0,0.665,0.335,1613.0604625188105,28.451734279147814,17,2.0
67,0.0,0.68,0.32,1571.2269187717854,26.97709849772414,17,2.0
68,0.0,0.7,0.3,1535.6617252684596,25.693800512059703,17,2.0
69,0.0,0.67,0.33,1627.6929670855645,28.964817307149943,17,2.0
70,0.0,0.69,0.31,1568.1604198398904,26.86564898879083,17,2.0
71,0.0,0.7,0.3,1554.06394365689,26.36023500238914,17,2.0
72,0.0,0.67,0.33,1614.9921131098797,28.520929694251066,17,2.0
73,0.0,0.695,0.305,1524.9353942121288,25.301882316146436,17,2.0
74,0.0,0.655,0.345,1611.8753857684148,28.415690394396965,17,2.0
75,0.0,0.655,0.345,1611.8753857684148,28.415690394396965,17,2.0
76,0.0,0.68,0.32,1532.5076979959074,25.574622420448385,17,2.0
77,0.0,0.695,0.305,1505.3271433078644,24.578349567741157,17,2.0
78,0.0,0.665,0.335,1563.2515693679825,26.685131026319922,17,2.0
79,0.0,0.685,0.315,1545.1698275325232,26.032363576708946,17,2.0
80,0.0,0.65,0.35,1615.158715575897,28.522220733163195,17,2.0
81,0.0,0.68,0.32,1547.614745277487,26.12673359477619,17,2.0
82,0.0,0.685,0.315,1521.258225743915,25.163582207369323,17,2.0
83,0.0,0.655,0.345,1587.8344571421305,27.560712153654173,17,2.0
84,0.0,0.67,0.33,1572.009995052581,26.996948857273814,17,2.0
85,0.0,0.695,0.305,1518.1629099143818,25.04764841071586,17,2.0
86,0.0,0.66,0.34,1618.7789182608547,28.64512604051849,17,2.0
87,0.0,0.675,0.325,1565.9973096628103,26.784430106064285,17,2.0
88,0.0,0.695,0.305,1496.3046879309998,24.240670492700488,17,2.0
89,0.0,0.66,0.34,1599.661663532131,27.9724573277946,17,2.0
90,0.0,0.67,0.33,1560.3268265440977,26.575519019579865,17,2.0
91,0.0,0.685,0.315,1551.3291196837715,26.251805157482718,17,2.0
92,0.0,0.695,0.305,1509.1938946886955,24.716595569924035,17,2.0
93,0.0,0.665,0.335,1567.3083325319533,26.828801924676622,17,2.0
94,0.0,0.635,0.365,1619.879235605401,28.688676827520098,17,2.0
95,0.0,0.65,0.35,1591.9056364237358,27.70488194202195,17,2.0
96,0.0,0.665,0.335,1566.4565923213784,26.796969923429117,17,2.0
97,0.0,0.68,0.32,1520.385012594561,25.129082995089327,17,2.0
98,0.0,0.65,0.35,1596.4357027477035,27.862139604795725,17,2.0
99,0.0,0.67,0.33,1561.6662192196982,26.627178783309354,17,2.0
100,0.0,0.695,0.305,1502.5340952180738,24.47754098038483,17,2.0
0,0.0,0.94,0.06,917.0483917231546,9.393893727128605,19,0.0
1,0.0,0.89,0.11,1049.6832520632631,15.353669351272579,19,0.0
2,0.0,0.845,0.155,1134.8557666097818,18.881635184908006,19,0.0
3,0.0,0.805,0.195,1294.179609736287,25.003706382722637,19,0.0
4,0.0,0.76,0.24,1409.8508250756383,29.129523808802453,19,0.0
5,0.0,0.72,0.28,1548.0917886715272,33.749199984211195,19,0.0
6,0.0,0.685,0.315,1640.9423971659942,36.99690166528168,19,0.0
7,0.0,0.65,0.35,1754.5612971484857,42.219371873856346,19,0.0
8,0.0,0.605,0.395,1803.0397971727907,45.44046532859775,19,0.0
9,0.0,0.565,0.435,1824.8548143504106,47.4211841179201,19,0.0
10,0.0,0.535,0.465,1844.1999526469642,50.023259407657825,19,0.0
11,0.0,0.5,0.5,1851.6145147871866,51.794061883313354,19,0.0
12,0.0,0.47,0.53,1853.7354563843264,52.807736925766754,19,0.0
13,0.0,0.445,0.555,1852.8625017903976,55.12324283230367,19,0.0
14,0.0,0.425,0.575,1847.151413297627,56.83054411326872,19,0.0
15,0.0,0.405,0.595,1840.8678220675688,57.97288090358161,19,0.0
16,0.0,0.385,0.615,1833.7996935351202,58.98659741811244,19,0.0
17,0.0,0.365,0.635,1828.568357338941,59.62291496434358,19,0.0
18,0.0,0.34,0.66,1813.7915699355337,61.17161937066519,19,0.0
19,0.0,0.32,0.68,1806.0078752438733,61.871312269340486,19,0.0
20,0.0,0.3,0.7,1785.70679996722,63.459000042959296,19,0.0
21,0.0,0.29,0.71,1757.5273064221285,65.33532309550941,19,0.0
22,0.0,0.265,0.735,1724.4071207012867,67.21762719400154,19,0.0
23,0.0,0.255,0.745,1705.0482435238316,68.2020122598422,19,0.0
24,0.0,0.24,0.76,1684.4226728043175,69.19799841627236,19,0.0
25,0.0,0.235,0.765,1642.546487400212,71.03526141468613,19,0.0
26,0.0,0.225,0.775,1624.5717327669404,71.7783558630688,19,0.0
27,0.0,0.225,0.775,1624.5717327669404,71.7783558630688,19,0.0
28,0.0,0.21,0.79,1617.2181941853405,72.0748670218864,19,0.0
29,0.0,0.2,0.8,1612.7022896634016,72.25505263466636,19,0.0
30,0.0,0.195,0.805,1611.671164210719,72.2955182256255,19,0.0
31,0.0,0.18,0.82,1587.2217748538897,73.2381878710089,19,0.0
32,0.0,0.175,0.825,1575.854185791363,73.66440653083765,19,0.0
33,0.0,0.16,0.84,1552.4570671930087,74.51437069441904,19,0.0
34,0.0,0.14,0.86,1523.9527541652822,75.50571977295628,19,0.0
35,0.0,0.13,0.87,1514.9602186420195,75.80956954469735,19,0.0
36,0.0,0.125,0.875,1508.5633199487486,76.02512526986405,19,0.0
37,0.0,0.11,0.89,1473.7909108070767,77.1660303277048,19,0.0
38,0.0,0.105,0.895,1463.9197278573238,77.48135445025306,19,0.0
39,0.0,0.1,0.9,1461.7824851581208,77.54926211245936,19,0.0
40,0.0,0.095,0.905,1458.7663067501637,77.64390748696513,19,0.0
41,0.0,0.095,0.905,1458.7663067501637,77.64390748696513,19,0.0
42,0.0,0.09,0.91,1442.423579212851,78.15193435009729,19,0.0
43,0.0,0.08,0.92,1430.3624164935864,78.5229999226602,19,0.0
44,0.0,0.08,0.92,1430.3624164935864,78.5229999226602,19,0.0
45,0.0,0.08,0.92,1430.3624164935864,78.5229999226602,19,0.0
46,0.0,0.08,0.92,1430.3624164935864,78.5229999226602,19,0.0
47,0.0,0.07,0.93,1419.3636345174546,78.85793091482316,19,0.0
48,0.0,0.07,0.93,1419.3636345174546,78.85793091482316,19,0.0
49,0.0,0.06,0.94,1411.5665694287231,79.09098476805278,19,0.0
50,0.0,0.055,0.945,1401.2684170129323,79.39955148167104,19,0.0
51,0.0,0.05,0.95,1399.6490332903263,79.44735129033342,19,0.0
52,0.0,0.045,0.955,1393.948394584535,79.61441464703756,19,0.0
53,0.0,0.04,0.96,1384.2771523468186,79.89594109614156,19,0.0
54,0.0,0.035,0.965,1380.0805245113343,80.01841808519922,19,0.0
55,0.0,0.03,0.97,1373.2039893129918,80.21850798464628,19,0.0
56,0.0,0.025,0.975,1365.2107847772882,80.44681856801998,19,0.0
57,0.0,0.025,0.975,1365.2107847772882,80.44681856801998,19,0.0
58,0.0,0.02,0.98,1351.8370275027996,80.82549721055076,19,0.0
59,0.0,0.015,0.985,1350.1177335183115,80.87417016137967,19,0.0
60,0.0,0.015,0.985,1350.1177335183115,80.87417016137967,19,0.0
61,0.0,0.015,0.985,1350.1177335183115,80.87417016137967,19,0.0
62,0.0,0.01,0.99,1332.4909348253386,81.36986890372374,19,0.0
63,0.0,0.01,0.99,1332.4909348253386,81.36986890372374,19,0.0
64,0.0,0.01,0.99,1332.4909348253386,81.36986890372374,19,0.0
65,0.0,0.005,0.995,1323.4524161626118,81.61997625740734,19,0.0
66,0.0,0.005,0.995,1323.4524161626118,81.61997625740734,19,0.0
67,0.0,0.005,0.995,1323.4524161626118,81.61997625740734,19,0.0
68,0.0,0.005,0.995,1323.4524161626118,81.61997625740734,19,0.0
69,0.0,0.005,0.995,1323.4524161626118,81.61997625740734,19,0.0
0,0.0,0.94,0.06,917.0483917231546,9.393893727128605,19,0.5
1,0.0,0.89,0.11,1049.6832520632631,15.353669351272579,19,0.5
2,0.0,0.845,0.155,1134.8557666097818,18.881635184908006,19,0.5
3,0.0,0.805,0.195,1294.179609736287,25.003706382722637,19,0.5
4,0.0,0.76,0.24,1409.8508250756383,29.129523808802453,19,0.5
5,0.0,0.72,0.28,1548.0917886715272,33.749199984211195,19,0.5
6,0.0,0.685,0.315,1640.9423971659942,36.99690166528168,19,0.5
7,0.0,0.65,0.35,1754.5612971484857,42.219371873856346,19,0.5
8,0.0,0.605,0.395,1803.0397971727907,45.44046532859775,19,0.5
9,0.0,0.565,0.435,1824.8548143504106,47.4211841179201,19,0.5
10,0.0,0.535,0.465,1844.1999526469642,50.023259407657825,19,0.5
11,0.0,0.5,0.5,1851.6145147871866,51.794061883313354,19,0.5
12,0.0,0.47,0.53,1853.7354563843264,52.807736925766754,19,0.5
13,0.0,0.445,0.555,1852.8625017903976,55.12324283230367,19,0.5
14,0.0,0.425,0.575,1847.151413297627,56.83054411326872,19,0.5
15,0.0,0.405,0.595,1840.8678220675688,57.97288090358161,19,0.5
16,0.0,0.385,0.615,1833.7996935351202,58.98659741811244,19,0.5
17,0.0,0.365,0.635,1828.568357338941,59.62291496434358,19,0.5
18,0.0,0.34,0.66,1813.7915699355337,61.17161937066519,19,0.5
19,0.0,0.32,0.68,1806.0078752438733,61.871312269340486,19,0.5
20,0.0,0.3,0.7,1785.70679996722,63.459000042959296,19,0.5
21,0.0,0.29,0.71,1757.5273064221285,65.33532309550941,19,0.5
22,0.0,0.265,0.735,1724.4071207012867,67.21762719400154,19,0.5
23,0.0,0.255,0.745,1705.0482435238316,68.2020122598422,19,0.5
24,0.0,0.24,0.76,1684.4226728043175,69.19799841627236,19,0.5
25,0.0,0.235,0.765,1642.546487400212,71.03526141468613,19,0.5
26,0.0,0.225,0.775,1624.5717327669404,71.7783558630688,19,0.5
27,0.0,0.225,0.775,1624.5717327669404,71.7783558630688,19,0.5
28,0.0,0.21,0.79,1617.2181941853405,72.0748670218864,19,0.5
29,0.0,0.2,0.8,1612.7022896634016,72.25505263466636,19,0.5
30,0.0,0.195,0.805,1611.671164210719,72.2955182256255,19,0.5
31,0.0,0.18,0.82,1587.2217748538897,73.2381878710089,19,0.5
32,0.0,0.175,0.825,1575.854185791363,73.66440653083765,19,0.5
33,0.0,0.16,0.84,1552.4570671930087,74.51437069441904,19,0.5
34,0.0,0.14,0.86,1523.9527541652822,75.50571977295628,19,0.5
35,0.0,0.13,0.87,1514.9602186420195,75.80956954469735,19,0.5
36,0.0,0.125,0.875,1508.5633199487486,76.02512526986405,19,0.5
37,0.0,0.11,0.89,1473.7909108070767,77.1660303277048,19,0.5
38,0.0,0.105,0.895,1463.9197278573238,77.48135445025306,19,0.5
39,0.0,0.1,0.9,1461.7824851581208,77.54926211245936,19,0.5
40,0.0,0.095,0.905,1458.7663067501637,77.64390748696513,19,0.5
41,0.0,0.095,0.905,1458.7663067501637,77.64390748696513,19,0.5
42,0.0,0.09,0.91,1442.423579212851,78.15193435009729,19,0.5
43,0.0,0.08,0.92,1430.3624164935864,78.5229999226602,19,0.5
44,0.0,0.08,0.92,1430.3624164935864,78.5229999226602,19,0.5
45,0.0,0.08,0.92,1430.3624164935864,78.5229999226602,19,0.5
46,0.0,0.08,0.92,1430.3624164935864,78.5229999226602,19,0.5
47,0.0,0.07,0.93,1419.3636345174546,78.85793091482316,19,0.5
48,0.0,0.07,0.93,1419.3636345174546,78.85793091482316,19,0.5
49,0.0,0.06,0.94,1411.5665694287231,79.09098476805278,19,0.5
50,0.0,0.055,0.945,1401.2684170129323,79.39955148167104,19,0.5
51,0.0,0.05,0.95,1399.6490332903263,79.44735129033342,19,0.5
52,0.0,0.045,0.955,1393.948394584535,79.61441464703756,19,0.5
53,0.0,0.04,0.96,1384.2771523468186,79.89594109614156,19,0.5
54,0.0,0.035,0.965,1380.0805245113343,80.01841808519922,19,0.5
55,0.0,0.03,0.97,1373.2039893129918,80.21850798464628,19,0.5
56,0.0,0.025,0.975,1365.2107847772882,80.44681856801998,19,0.5
57,0.0,0.025,0.975,1365.2107847772882,80.44681856801998,19,0.5
58,0.0,0.02,0.98,1351.8370275027996,80.82549721055076,19,0.5
59,0.0,0.015,0.985,1350.1177335183115,80.87417016137967,19,0.5
60,0.0,0.015,0.985,1350.1177335183115,80.87417016137967,19,0.5
61,0.0,0.015,0.985,1350.1177335183115,80.87417016137967,19,0.5
62,0.0,0.01,0.99,1332.4909348253386,81.36986890372374,19,0.5
63,0.0,0.01,0.99,1332.4909348253386,81.36986890372374,19,0.5
64,0.0,0.01,0.99,1332.4909348253386,81.36986890372374,19,0.5
65,0.0,0.005,0.995,1323.4524161626118,81.61997625740734,19,0.5
66,0.0,0.005,0.995,1323.4524161626118,81.61997625740734,19,0.5
67,0.0,0.005,0.995,1323.4524161626118,81.61997625740734,19,0.5
68,0.0,0.005,0.995,1323.4524161626118,81.61997625740734,19,0.5
69,0.0,0.005,0.995,1323.4524161626118,81.61997625740734,19,0.5
0,0.0,0.94,0.06,917.0483917231546,9.393893727128605,19,1.0
1,0.0,0.89,0.11,1049.6832520632631,15.353669351272579,19,1.0
2,0.0,0.845,0.155,1134.8557666097818,18.881635184908006,19,1.0
3,0.0,0.805,0.195,1294.179609736287,25.003706382722637,19,1.0
4,0.0,0.76,0.24,1409.8508250756383,29.129523808802453,19,1.0
5,0.0,0.72,0.28,1548.0917886715272,33.749199984211195,19,1.0
6,0.0,0.72,0.28,1548.0917886715272,33.749199984211195,19,1.0
7,0.0,0.72,0.28,1548.0917886715272,33.749199984211195,19,1.0
8,0.0,0.72,0.28,1548.0917886715272,33.749199984211195,19,1.0
9,0.0,0.72,0.28,1548.0917886715272,33.749199984211195,19,1.0
0,0.0,0.94,0.06,917.0483917231546,9.393893727128605,19,1.5
1,0.0,0.89,0.11,1049.6832520632631,15.353669351272579,19,1.5
2,0.0,0.845,0.155,1134.8557666097818,18.881635184908006,19,1.5
3,0.0,0.805,0.195,1294.179609736287,25.003706382722637,19,1.5
4,0.0,0.76,0.24,1409.8508250756383,29.129523808802453,19,1.5
5,0.0,0.72,0.28,1548.0917886715272,33.749199984211195,19,1.5
6,0.0,0.735,0.265,1517.8630382703873,32.765360396267695,19,1.5
7,0.0,0.745,0.255,1504.5644709719231,32.32935648330056,19,1.5
8,0.0,0.75,0.25,1485.7057295764976,31.702603660461996,19,1.5
9,0.0,0.755,0.245,1482.3978782936226,31.592716686871974,19,1.5
10,0.0,0.77,0.23,1441.5104910345144,30.219580137592438,19,1.5
11,0.0,0.735,0.265,1500.9141345130095,32.21042346416146,19,1.5
12,0.0,0.7,0.3,1540.5631195227263,33.50714164771109,19,1.5
13,0.0,0.7,0.3,1540.5631195227263,33.50714164771109,19,1.5
14,0.0,0.715,0.285,1483.392812900488,31.629376466004956,19,1.5
15,0.0,0.73,0.27,1411.0301636463844,29.168863386071692,19,1.5
16,0.0,0.685,0.315,1506.6601036707043,32.39449756341578,19,1.5
17,0.0,0.7,0.3,1478.4984789182238,31.459939093241964,19,1.5
18,0.0,0.71,0.29,1459.6486776882687,30.826535852779468,19,1.5
19,0.0,0.67,0.33,1538.7399050287502,33.442856196137676,19,1.5
20,0.0,0.685,0.315,1498.6485613067612,32.1274936185325,19,1.5
21,0.0,0.7,0.3,1462.6181071215758,30.921665706980715,19,1.5
22,0.0,0.71,0.29,1451.7757501681915,30.55637373823987,19,1.5
23,0.0,0.68,0.32,1531.481235505767,33.20442428204922,19,1.5
24,0.0,0.695,0.305,1492.2238356434293,31.914567206940575,19,1.5
25,0.0,0.705,0.295,1428.39488222386,29.76584051486177,19,1.5
26,0.0,0.67,0.33,1496.8899674229897,32.06952081343281,19,1.5
27,0.0,0.64,0.36,1543.2075316337607,33.58529296561362,19,1.5
28,0.0,0.65,0.35,1503.4714247459942,32.28317094174389,19,1.5
29,0.0,0.675,0.325,1431.667925717911,29.870533431539236,19,1.5
30,0.0,0.64,0.36,1550.6958068676963,33.81613138382417,19,1.5
31,0.0,0.665,0.335,1500.3931176470846,32.173654286953585,19,1.5
32,0.0,0.685,0.315,1463.1389312275421,30.93225416200318,19,1.5
33,0.0,0.695,0.305,1433.9823498338221,29.946979232726513,19,1.5
34,0.0,0.705,0.295,1410.2915128913914,29.130731742013797,19,1.5
35,0.0,0.715,0.285,1382.2315373192632,28.154529397932436,19,1.5
36,0.0,0.68,0.32,1542.508614978634,33.54595665839035,19,1.5
37,0.0,0.7,0.3,1513.903508277515,32.61430320631705,19,1.5
38,0.0,0.715,0.285,1498.6169639725122,32.109954657367325,19,1.5
39,0.0,0.715,0.285,1498.6169639725122,32.109954657367325,19,1.5
40,0.0,0.725,0.275,1436.8005551077315,30.03984746493387,19,1.5
41,0.0,0.7,0.3,1498.3103468588838,32.10662593482448,19,1.5
42,0.0,0.72,0.28,1428.0160943171293,29.741370372928667,19,1.5
43,0.0,0.69,0.31,1476.9167709505289,31.394720453155237,19,1.5
44,0.0,0.705,0.295,1439.372638214631,30.130879142835575,19,1.5
45,0.0,0.675,0.325,1551.81114021845,33.858817269012526,19,1.5
46,0.0,0.705,0.295,1469.8036017864054,31.1587621843599,19,1.5
47,0.0,0.715,0.285,1462.9733884100754,30.92846180376101,19,1.5
48,0.0,0.725,0.275,1440.4591933865925,30.165252774266065,19,1.5
49,0.0,0.7,0.3,1500.2717211863594,32.17317058813418,19,1.5
50,0.0,0.7,0.3,1500.2717211863594,32.17317058813418,19,1.5
51,0.0,0.705,0.295,1488.8843535797917,31.79692856026455,19,1.5
52,0.0,0.725,0.275,1410.3141598867592,29.142454515839432,19,1.5
53,0.0,0.685,0.315,1539.8037508335176,33.482696703055936,19,1.5
54,0.0,0.7,0.3,1478.6668892806226,31.475810364776404,19,1.5
55,0.0,0.71,0.29,1461.822235591111,30.911425055765633,19,1.5
56,0.0,0.675,0.325,1527.518774875074,33.08915342982888,19,1.5
57,0.0,0.68,0.32,1512.4344919838156,32.59690187425139,19,1.5
58,0.0,0.69,0.31,1484.4435133949808,31.673617707851662,19,1.5
59,0.0,0.705,0.295,1454.1781794466265,30.656471366054078,19,1.5
60,0.0,0.68,0.32,1551.3142579997568,33.8582098432433,19,1.5
61,0.0,0.7,0.3,1503.0147985082288,32.28470122865018,19,1.5
62,0.0,0.71,0.29,1478.533997011972,31.46998449856133,19,1.5
63,0.0,0.725,0.275,1410.9551304015379,29.17990595660155,19,1.5
64,0.0,0.69,0.31,1492.3790202624753,31.93561744720503,19,1.5
65,0.0,0.71,0.29,1441.414928374579,30.22465669660474,19,1.5
66,0.0,0.675,0.325,1529.253118624777,33.14934725885189,19,1.5
67,0.0,0.695,0.305,1495.1036476198774,32.024731102215625,19,1.5
68,0.0,0.71,0.29,1460.8030447762164,30.87671724831087,19,1.5
69,0.0,0.675,0.325,1524.5127220758734,32.98470498759412,19,1.5
70,0.0,0.685,0.315,1499.8325151718166,32.17467752723431,19,1.5
71,0.0,0.71,0.29,1443.9044569973155,30.300612938820574,19,1.5
72,0.0,0.685,0.315,1506.159353106916,32.38416145438963,19,1.5
73,0.0,0.695,0.305,1489.234337182842,31.823686448939966,19,1.5
74,0.0,0.715,0.285,1429.592614124921,29.810960152247773,19,1.5
75,0.0,0.68,0.32,1539.4561358471228,33.46652105314846,19,1.5
76,0.0,0.695,0.305,1504.8085469475611,32.33272318340425,19,1.5
77,0.0,0.715,0.285,1469.958173255638,31.17307803683628,19,1.5
78,0.0,0.68,0.32,1522.0766894419785,32.897452883030546,19,1.5
79,0.0,0.69,0.31,1491.328974812206,31.88524643219717,19,1.5
80,0.0,0.7,0.3,1464.6674203486998,30.996081122974058,19,1.5
81,0.0,0.675,0.325,1525.3800224447446,33.00795814327555,19,1.5
82,0.0,0.695,0.305,1466.5466837812949,31.05479863716004,19,1.5
83,0.0,0.71,0.29,1444.9419912944331,30.32546810229658,19,1.5
84,0.0,0.695,0.305,1482.1342912846148,31.580597840148613,19,1.5
85,0.0,0.66,0.34,1545.4556623751696,33.65877380156968,19,1.5
86,0.0,0.685,0.315,1489.3304177930468,31.82292535893354,19,1.5
87,0.0,0.7,0.3,1458.04383000134,30.773349457244645,19,1.5
88,0.0,0.71,0.29,1446.7384215425805,30.389328976485444,19,1.5
89,0.0,0.675,0.325,1532.2002770678407,33.22980921787736,19,1.5
90,0.0,0.69,0.31,1505.660278342831,32.36117090830854,19,1.5
91,0.0,0.67,0.33,1542.508742464972,33.566362719673855,19,1.5
92,0.0,0.695,0.305,1477.3969846001207,31.42469753024459,19,1.5
93,0.0,0.7,0.3,1471.8550683912358,31.23866386269543,19,1.5
94,0.0,0.67,0.33,1513.9944637226079,32.636682987925965,19,1.5
95,0.0,0.68,0.32,1495.7822166299957,32.033813302845786,19,1.5
96,0.0,0.685,0.315,1487.3555246895125,31.755165760939807,19,1.5
97,0.0,0.65,0.35,1530.5385731864924,33.17897268822794,19,1.5
98,0.0,0.67,0.33,1494.2313566146236,31.987292855008874,19,1.5
99,0.0,0.695,0.305,1378.8652421279057,28.058447018073124,19,1.5
100,0.0,0.71,0.29,1359.1773196319252,27.361855528646704,19,1.5
0,0.0,0.94,0.06,917.0483917231546,9.393893727128605,19,2.0
1,0.0,0.89,0.11,1049.6832520632631,15.353669351272579,19,2.0
2,0.0,0.845,0.155,1134.8557666097818,18.881635184908006,19,2.0
3,0.0,0.805,0.195,1294.179609736287,25.003706382722637,19,2.0
4,0.0,0.76,0.24,1409.8508250756383,29.129523808802453,19,2.0
5,0.0,0.72,0.28,1548.0917886715272,33.749199984211195,19,2.0
6,0.0,0.735,0.265,1517.8630382703873,32.765360396267695,19,2.0
7,0.0,0.745,0.255,1504.5644709719231,32.32935648330056,19,2.0
8,0.0,0.75,0.25,1485.7057295764976,31.702603660461996,19,2.0
9,0.0,0.755,0.245,1482.3978782936226,31.592716686871974,19,2.0
10,0.0,0.77,0.23,1441.5104910345144,30.219580137592438,19,2.0
11,0.0,0.735,0.265,1500.9141345130095,32.21042346416146,19,2.0
12,0.0,0.7,0.3,1540.5631195227263,33.50714164771109,19,2.0
13,0.0,0.7,0.3,1540.5631195227263,33.50714164771109,19,2.0
14,0.0,0.715,0.285,1483.392812900488,31.629376466004956,19,2.0
15,0.0,0.73,0.27,1411.0301636463844,29.168863386071692,19,2.0
16,0.0,0.685,0.315,1506.6601036707043,32.39449756341578,19,2.0
17,0.0,0.7,0.3,1478.4984789182238,31.459939093241964,19,2.0
18,0.0,0.71,0.29,1459.6486776882687,30.826535852779468,19,2.0
19,0.0,0.67,0.33,1538.7399050287502,33.442856196137676,19,2.0
20,0.0,0.685,0.315,1498.6485613067612,32.1274936185325,19,2.0
21,0.0,0.7,0.3,1462.6181071215758,30.921665706980715,19,2.0
22,0.0,0.71,0.29,1451.7757501681915,30.55637373823987,19,2.0
23,0.0,0.68,0.32,1531.481235505767,33.20442428204922,19,2.0
24,0.0,0.695,0.305,1492.2238356434293,31.914567206940575,19,2.0
25,0.0,0.705,0.295,1428.39488222386,29.76584051486177,19,2.0
26,0.0,0.67,0.33,1496.8899674229897,32.06952081343281,19,2.0
27,0.0,0.64,0.36,1543.2075316337607,33.58529296561362,19,2.0
28,0.0,0.65,0.35,1503.4714247459942,32.28317094174389,19,2.0
29,0.0,0.675,0.325,1431.667925717911,29.870533431539236,19,2.0
30,0.0,0.64,0.36,1550.6958068676963,33.81613138382417,19,2.0
31,0.0,0.665,0.335,1500.3931176470846,32.173654286953585,19,2.0
32,0.0,0.685,0.315,1463.1389312275421,30.93225416200318,19,2.0
33,0.0,0.695,0.305,1433.9823498338221,29.946979232726513,19,2.0
34,0.0,0.705,0.295,1410.2915128913914,29.130731742013797,19,2.0
35,0.0,0.715,0.285,1382.2315373192632,28.154529397932436,19,2.0
36,0.0,0.68,0.32,1542.508614978634,33.54595665839035,19,2.0
37,0.0,0.7,0.3,1513.903508277515,32.61430320631705,19,2.0
38,0.0,0.715,0.285,1498.6169639725122,32.109954657367325,19,2.0
39,0.0,0.715,0.285,1498.6169639725122,32.109954657367325,19,2.0
40,0.0,0.725,0.275,1436.8005551077315,30.03984746493387,19,2.0
41,0.0,0.7,0.3,1498.3103468588838,32.10662593482448,19,2.0
42,0.0,0.72,0.28,1428.0160943171293,29.741370372928667,19,2.0
43,0.0,0.69,0.31,1476.9167709505289,31.394720453155237,19,2.0
44,0.0,0.705,0.295,1439.372638214631,30.130879142835575,19,2.0
45,0.0,0.675,0.325,1551.81114021845,33.858817269012526,19,2.0
46,0.0,0.705,0.295,1469.8036017864054,31.1587621843599,19,2.0
47,0.0,0.715,0.285,1462.9733884100754,30.92846180376101,19,2.0
48,0.0,0.725,0.275,1440.4591933865925,30.165252774266065,19,2.0
49,0.0,0.7,0.3,1500.2717211863594,32.17317058813418,19,2.0
50,0.0,0.7,0.3,1500.2717211863594,32.17317058813418,19,2.0
51,0.0,0.705,0.295,1488.8843535797917,31.79692856026455,19,2.0
52,0.0,0.725,0.275,1410.3141598867592,29.142454515839432,19,2.0
53,0.0,0.685,0.315,1539.8037508335176,33.482696703055936,19,2.0
54,0.0,0.7,0.3,1478.6668892806226,31.475810364776404,19,2.0
55,0.0,0.71,0.29,1461.822235591111,30.911425055765633,19,2.0
56,0.0,0.675,0.325,1527.518774875074,33.08915342982888,19,2.0
57,0.0,0.68,0.32,1512.4344919838156,32.59690187425139,19,2.0
58,0.0,0.69,0.31,1484.4435133949808,31.673617707851662,19,2.0
59,0.0,0.705,0.295,1454.1781794466265,30.656471366054078,19,2.0
60,0.0,0.68,0.32,1551.3142579997568,33.8582098432433,19,2.0
61,0.0,0.7,0.3,1503.0147985082288,32.28470122865018,19,2.0
62,0.0,0.71,0.29,1478.533997011972,31.46998449856133,19,2.0
63,0.0,0.725,0.275,1410.9551304015379,29.17990595660155,19,2.0
64,0.0,0.69,0.31,1492.3790202624753,31.93561744720503,19,2.0
65,0.0,0.71,0.29,1441.414928374579,30.22465669660474,19,2.0
66,0.0,0.675,0.325,1529.253118624777,33.14934725885189,19,2.0
67,0.0,0.695,0.305,1495.1036476198774,32.024731102215625,19,2.0
68,0.0,0.71,0.29,1460.8030447762164,30.87671724831087,19,2.0
69,0.0,0.675,0.325,1524.5127220758734,32.98470498759412,19,2.0
70,0.0,0.685,0.315,1499.8325151718166,32.17467752723431,19,2.0
71,0.0,0.71,0.29,1443.9044569973155,30.300612938820574,19,2.0
72,0.0,0.685,0.315,1506.159353106916,32.38416145438963,19,2.0
73,0.0,0.695,0.305,1489.234337182842,31.823686448939966,19,2.0
74,0.0,0.715,0.285,1429.592614124921,29.810960152247773,19,2.0
75,0.0,0.68,0.32,1539.4561358471228,33.46652105314846,19,2.0
76,0.0,0.695,0.305,1504.8085469475611,32.33272318340425,19,2.0
77,0.0,0.715,0.285,1469.958173255638,31.17307803683628,19,2.0
78,0.0,0.68,0.32,1522.0766894419785,32.897452883030546,19,2.0
79,0.0,0.69,0.31,1491.328974812206,31.88524643219717,19,2.0
80,0.0,0.7,0.3,1464.6674203486998,30.996081122974058,19,2.0
81,0.0,0.675,0.325,1525.3800224447446,33.00795814327555,19,2.0
82,0.0,0.695,0.305,1466.5466837812949,31.05479863716004,19,2.0
83,0.0,0.71,0.29,1444.9419912944331,30.32546810229658,19,2.0
84,0.0,0.695,0.305,1482.1342912846148,31.580597840148613,19,2.0
85,0.0,0.66,0.34,1545.4556623751696,33.65877380156968,19,2.0
86,0.0,0.685,0.315,1489.3304177930468,31.82292535893354,19,2.0
87,0.0,0.7,0.3,1458.04383000134,30.773349457244645,19,2.0
88,0.0,0.71,0.29,1446.7384215425805,30.389328976485444,19,2.0
89,0.0,0.675,0.325,1532.2002770678407,33.22980921787736,19,2.0
90,0.0,0.69,0.31,1505.660278342831,32.36117090830854,19,2.0
91,0.0,0.67,0.33,1542.508742464972,33.566362719673855,19,2.0
92,0.0,0.695,0.305,1477.3969846001207,31.42469753024459,19,2.0
93,0.0,0.7,0.3,1471.8550683912358,31.23866386269543,19,2.0
94,0.0,0.67,0.33,1513.9944637226079,32.636682987925965,19,2.0
95,0.0,0.68,0.32,1495.7822166299957,32.033813302845786,19,2.0
96,0.0,0.685,0.315,1487.3555246895125,31.755165760939807,19,2.0
97,0.0,0.65,0.35,1530.5385731864924,33.17897268822794,19,2.0
98,0.0,0.67,0.33,1494.2313566146236,31.987292855008874,19,2.0
99,0.0,0.695,0.305,1378.8652421279057,28.058447018073124,19,2.0
100,0.0,0.71,0.29,1359.1773196319252,27.361855528646704,19,2.0
0,0.0,0.94,0.06,785.6056602898913,6.646097136026993,20,0.0
1,0.0,0.89,0.11,888.6580267508174,12.119332634794869,20,0.0
2,0.0,0.85,0.15,997.7841738928104,17.125533639771362,20,0.0
3,0.0,0.805,0.195,1102.712299597893,21.597420477020915,20,0.0
4,0.0,0.755,0.245,1184.0693183961625,24.868531046978205,20,0.0
5,0.0,0.715,0.285,1242.3169995462913,27.11936420848823,20,0.0
6,0.0,0.695,0.305,1305.8094836106216,29.496053528250272,20,0.0
7,0.0,0.655,0.345,1388.1601566802722,32.47068704071586,20,0.0
8,0.0,0.625,0.375,1473.193418081975,36.00777434748761,20,0.0
9,0.0,0.6,0.4,1504.8839496075655,37.60301527123473,20,0.0
10,0.0,0.58,0.42,1532.950955532156,39.24143440677146,20,0.0
11,0.0,0.545,0.455,1568.8158413227952,41.88437828243539,20,0.0
12,0.0,0.525,0.475,1585.734830292501,43.56179163475241,20,0.0
13,0.0,0.495,0.505,1603.8410872213537,46.47294504156107,20,0.0
14,0.0,0.475,0.525,1608.8316760374048,48.878557593635776,20,0.0
15,0.0,0.44,0.56,1599.8413731039436,52.323103912079596,20,0.0
16,0.0,0.415,0.585,1578.122210273653,55.25082740399787,20,0.0
17,0.0,0.405,0.595,1569.494824654968,56.08134148361948,20,0.0
18,0.0,0.38,0.62,1547.6900642425526,57.8427033536666,20,0.0
19,0.0,0.37,0.63,1535.5335723820692,58.692600005555576,20,0.0
20,0.0,0.35,0.65,1511.346245706747,60.197150700670306,20,0.0
21,0.0,0.32,0.68,1479.3342255079174,61.93523469298888,20,0.0
22,0.0,0.305,0.695,1458.5391682726045,62.95215434015711,20,0.0
23,0.0,0.295,0.705,1439.6879985267108,63.81669022679129,20,0.0
24,0.0,0.285,0.715,1421.70641631522,64.59851188205442,20,0.0
25,0.0,0.27,0.73,1378.0303543053615,66.36049342716007,20,0.0
26,0.0,0.27,0.73,1378.0303543053615,66.36049342716007,20,0.0
27,0.0,0.26,0.74,1372.5417020370448,66.56849141005497,20,0.0
28,0.0,0.255,0.745,1360.366718917168,67.0235643615348,20,0.0
29,0.0,0.25,0.75,1356.2559894411831,67.17387285239911,20,0.0
30,0.0,0.235,0.765,1310.4461191451237,68.78496654578123,20,0.0
31,0.0,0.215,0.785,1285.2982476000777,69.61606729465774,20,0.0
32,0.0,0.205,0.795,1253.7149376214638,70.62085572221739,20,0.0
33,0.0,0.19,0.81,1187.0456691662234,72.62205470409467,20,0.0
34,0.0,0.18,0.82,1146.6734786026975,73.76342104935043,20,0.0
35,0.0,0.175,0.825,1140.5222167258028,73.9325818790917,20,0.0
36,0.0,0.165,0.835,1124.353718946478,74.37067943163343,20,0.0
37,0.0,0.15,0.85,1073.1008931981344,75.71762288843348,20,0.0
38,0.0,0.135,0.865,1032.4799907331035,76.74588093226683,20,0.0
39,0.0,0.13,0.87,964.3661444764302,78.3923846199647,20,0.0
40,0.0,0.12,0.88,905.8829081299991,79.7494656703775,20,0.0
41,0.0,0.11,0.89,877.0700499223831,80.39806655683397,20,0.0
42,0.0,0.1,0.9,831.3163089566747,81.40048528107918,20,0.0
43,0.0,0.1,0.9,831.3163089566747,81.40048528107918,20,0.0
44,0.0,0.1,0.9,831.3163089566747,81.40048528107918,20,0.0
45,0.0,0.095,0.905,812.9733480826658,81.7979908239767,20,0.0
46,0.0,0.095,0.905,812.9733480826658,81.7979908239767,20,0.0
47,0.0,0.09,0.91,807.4203275003742,81.9167230622526,20,0.0
48,0.0,0.08,0.92,789.3063031883703,82.30254246745213,20,0.0
49,0.0,0.08,0.92,789.3063031883703,82.30254246745213,20,0.0
50,0.0,0.075,0.925,776.3460053445078,82.57698457494001,20,0.0
51,0.0,0.075,0.925,776.3460053445078,82.57698457494001,20,0.0
52,0.0,0.075,0.925,776.3460053445078,82.57698457494001,20,0.0
53,0.0,0.065,0.935,751.507099070127,83.09730307310085,20,0.0
54,0.0,0.065,0.935,751.507099070127,83.09730307310085,20,0.0
55,0.0,0.065,0.935,751.507099070127,83.09730307310085,20,0.0
56,0.0,0.065,0.935,751.507099070127,83.09730307310085,20,0.0
57,0.0,0.065,0.935,751.507099070127,83.09730307310085,20,0.0
0,0.0,0.94,0.06,785.6056602898913,6.646097136026993,20,0.5
1,0.0,0.89,0.11,888.6580267508174,12.119332634794869,20,0.5
2,0.0,0.85,0.15,997.7841738928104,17.125533639771362,20,0.5
3,0.0,0.805,0.195,1102.712299597893,21.597420477020915,20,0.5
4,0.0,0.755,0.245,1184.0693183961625,24.868531046978205,20,0.5
5,0.0,0.715,0.285,1242.3169995462913,27.11936420848823,20,0.5
6,0.0,0.695,0.305,1305.8094836106216,29.496053528250272,20,0.5
7,0.0,0.655,0.345,1388.1601566802722,32.47068704071586,20,0.5
8,0.0,0.625,0.375,1473.193418081975,36.00777434748761,20,0.5
9,0.0,0.6,0.4,1504.8839496075655,37.60301527123473,20,0.5
10,0.0,0.58,0.42,1532.950955532156,39.24143440677146,20,0.5
11,0.0,0.545,0.455,1568.8158413227952,41.88437828243539,20,0.5
12,0.0,0.525,0.475,1585.734830292501,43.56179163475241,20,0.5
13,0.0,0.495,0.505,1603.8410872213537,46.47294504156107,20,0.5
14,0.0,0.475,0.525,1608.8316760374048,48.878557593635776,20,0.5
15,0.0,0.44,0.56,1599.8413731039436,52.323103912079596,20,0.5
16,0.0,0.415,0.585,1578.122210273653,55.25082740399787,20,0.5
17,0.0,0.405,0.595,1569.494824654968,56.08134148361948,20,0.5
18,0.0,0.38,0.62,1547.6900642425526,57.8427033536666,20,0.5
19,0.0,0.37,0.63,1535.5335723820692,58.692600005555576,20,0.5
20,0.0,0.35,0.65,1511.346245706747,60.197150700670306,20,0.5
21,0.0,0.32,0.68,1479.3342255079174,61.93523469298888,20,0.5
22,0.0,0.305,0.695,1458.5391682726045,62.95215434015711,20,0.5
23,0.0,0.295,0.705,1439.6879985267108,63.81669022679129,20,0.5
24,0.0,0.285,0.715,1421.70641631522,64.59851188205442,20,0.5
25,0.0,0.27,0.73,1378.0303543053615,66.36049342716007,20,0.5
26,0.0,0.27,0.73,1378.0303543053615,66.36049342716007,20,0.5
27,0.0,0.26,0.74,1372.5417020370448,66.56849141005497,20,0.5
28,0.0,0.255,0.745,1360.366718917168,67.0235643615348,20,0.5
29,0.0,0.25,0.75,1356.2559894411831,67.17387285239911,20,0.5
30,0.0,0.235,0.765,1310.4461191451237,68.78496654578123,20,0.5
31,0.0,0.215,0.785,1285.2982476000777,69.61606729465774,20,0.5
32,0.0,0.205,0.795,1253.7149376214638,70.62085572221739,20,0.5
33,0.0,0.19,0.81,1187.0456691662234,72.62205470409467,20,0.5
34,0.0,0.18,0.82,1146.6734786026975,73.76342104935043,20,0.5
35,0.0,0.175,0.825,1140.5222167258028,73.9325818790917,20,0.5
36,0.0,0.165,0.835,1124.353718946478,74.37067943163343,20,0.5
37,0.0,0.15,0.85,1073.1008931981344,75.71762288843348,20,0.5
38,0.0,0.135,0.865,1032.4799907331035,76.74588093226683,20,0.5
39,0.0,0.13,0.87,964.3661444764302,78.3923846199647,20,0.5
40,0.0,0.12,0.88,905.8829081299991,79.7494656703775,20,0.5
41,0.0,0.11,0.89,877.0700499223831,80.39806655683397,20,0.5
42,0.0,0.1,0.9,831.3163089566747,81.40048528107918,20,0.5
43,0.0,0.1,0.9,831.3163089566747,81.40048528107918,20,0.5
44,0.0,0.1,0.9,831.3163089566747,81.40048528107918,20,0.5
45,0.0,0.095,0.905,812.9733480826658,81.7979908239767,20,0.5
46,0.0,0.095,0.905,812.9733480826658,81.7979908239767,20,0.5
47,0.0,0.09,0.91,807.4203275003742,81.9167230622526,20,0.5
48,0.0,0.08,0.92,789.3063031883703,82.30254246745213,20,0.5
49,0.0,0.08,0.92,789.3063031883703,82.30254246745213,20,0.5
50,0.0,0.075,0.925,776.3460053445078,82.57698457494001,20,0.5
51,0.0,0.075,0.925,776.3460053445078,82.57698457494001,20,0.5
52,0.0,0.075,0.925,776.3460053445078,82.57698457494001,20,0.5
53,0.0,0.065,0.935,751.507099070127,83.09730307310085,20,0.5
54,0.0,0.065,0.935,751.507099070127,83.09730307310085,20,0.5
55,0.0,0.065,0.935,751.507099070127,83.09730307310085,20,0.5
56,0.0,0.065,0.935,751.507099070127,83.09730307310085,20,0.5
57,0.0,0.065,0.935,751.507099070127,83.09730307310085,20,0.5
0,0.0,0.94,0.06,785.6056602898913,6.646097136026993,20,1.0
1,0.0,0.89,0.11,888.6580267508174,12.119332634794869,20,1.0
2,0.0,0.85,0.15,997.7841738928104,17.125533639771362,20,1.0
3,0.0,0.805,0.195,1102.712299597893,21.597420477020915,20,1.0
4,0.0,0.755,0.245,1184.0693183961625,24.868531046978205,20,1.0
5,0.0,0.715,0.285,1242.3169995462913,27.11936420848823,20,1.0
6,0.0,0.695,0.305,1305.8094836106216,29.496053528250272,20,1.0
7,0.0,0.695,0.305,1305.8094836106216,29.496053528250272,20,1.0
8,0.0,0.695,0.305,1305.8094836106216,29.496053528250272,20,1.0
9,0.0,0.67,0.33,1351.4324590265292,31.14749834458241,20,1.0
10,0.0,0.67,0.33,1351.4324590265292,31.14749834458241,20,1.0
11,0.0,0.67,0.33,1351.4324590265292,31.14749834458241,20,1.0
12,0.0,0.67,0.33,1351.4324590265292,31.14749834458241,20,1.0
13,0.0,0.67,0.33,1351.4324590265292,31.14749834458241,20,1.0
0,0.0,0.94,0.06,785.6056602898913,6.646097136026993,20,1.5
1,0.0,0.89,0.11,888.6580267508174,12.119332634794869,20,1.5
2,0.0,0.85,0.15,997.7841738928104,17.125533639771362,20,1.5
3,0.0,0.805,0.195,1102.712299597893,21.597420477020915,20,1.5
4,0.0,0.755,0.245,1184.0693183961625,24.868531046978205,20,1.5
5,0.0,0.715,0.285,1242.3169995462913,27.11936420848823,20,1.5
6,0.0,0.695,0.305,1305.8094836106216,29.496053528250272,20,1.5
7,0.0,0.705,0.295,1258.6448144857904,27.739714664179242,20,1.5
8,0.0,0.72,0.28,1223.3084460015796,26.3915437619432,20,1.5
9,0.0,0.695,0.305,1267.652282940293,28.06978444279308,20,1.5
10,0.0,0.67,0.33,1317.7308914325338,29.920461964167146,20,1.5
11,0.0,0.685,0.315,1287.7867435753535,28.821094952871054,20,1.5
12,0.0,0.695,0.305,1282.8725929479172,28.638762919463456,20,1.5
13,0.0,0.665,0.335,1369.4263069266049,31.794993043679955,20,1.5
14,0.0,0.695,0.305,1278.7667986462618,28.492605161750156,20,1.5
15,0.0,0.7,0.3,1276.22782560425,28.397675494055957,20,1.5
16,0.0,0.71,0.29,1265.177210438859,27.984700228507023,20,1.5
17,0.0,0.68,0.32,1343.1679734347854,30.85295566153088,20,1.5
18,0.0,0.695,0.305,1318.4436722513765,29.955514866963515,20,1.5
19,0.0,0.705,0.295,1297.4615628449956,29.184186752535474,20,1.5
20,0.0,0.725,0.275,1219.5802238288036,26.251801991025037,20,1.5
21,0.0,0.68,0.32,1360.9376634781547,31.49282838903865,20,1.5
22,0.0,0.705,0.295,1299.3164664791223,29.25366769437285,20,1.5
23,0.0,0.675,0.325,1364.495439370087,31.614566468164135,20,1.5
24,0.0,0.68,0.32,1349.1426885217813,31.065400842445115,20,1.5
25,0.0,0.695,0.305,1260.0731968973298,27.784810376042223,20,1.5
26,0.0,0.665,0.335,1332.9922821554428,30.474250135779215,20,1.5
27,0.0,0.685,0.315,1299.300638757464,29.242435913525885,20,1.5
28,0.0,0.66,0.34,1348.9995959286057,31.04873619647058,20,1.5
29,0.0,0.675,0.325,1307.4414122725568,29.535778956872903,20,1.5
30,0.0,0.68,0.32,1299.422633889551,29.241585787490983,20,1.5
31,0.0,0.645,0.355,1353.2137387336595,31.197415869648925,20,1.5
32,0.0,0.67,0.33,1275.2813331687983,28.34465528812155,20,1.5
33,0.0,0.68,0.32,1265.3238694074105,27.9726496700281,20,1.5
34,0.0,0.685,0.315,1259.5965020178453,27.7575313773952,20,1.5
35,0.0,0.69,0.31,1247.2768480348377,27.29054617018623,20,1.5
36,0.0,0.695,0.305,1235.7116325872898,26.851779219702607,20,1.5
37,0.0,0.655,0.345,1365.4874143151378,31.637257357878198,20,1.5
38,0.0,0.67,0.33,1309.6136367525612,29.615454014672952,20,1.5
39,0.0,0.68,0.32,1301.186689701299,29.304655769762288,20,1.5
40,0.0,0.695,0.305,1258.4203131597471,27.70684171506427,20,1.5
41,0.0,0.66,0.34,1329.616412621669,30.335811718511994,20,1.5
42,0.0,0.675,0.325,1284.5018188756862,28.680313032982966,20,1.5
43,0.0,0.65,0.35,1364.708351097223,31.59329092137726,20,1.5
44,0.0,0.68,0.32,1293.6028456798545,29.013251993102045,20,1.5
45,0.0,0.685,0.315,1288.0127885768775,28.8062933881271,20,1.5
46,0.0,0.655,0.345,1354.9717007539955,31.245376228258323,20,1.5
47,0.0,0.68,0.32,1301.481144328049,29.304055680109407,20,1.5
48,0.0,0.695,0.305,1269.4303838950934,28.11119819374874,20,1.5
49,0.0,0.66,0.34,1355.0339400008124,31.255656908054952,20,1.5
50,0.0,0.69,0.31,1272.3660742660886,28.227986507467655,20,1.5
51,0.0,0.705,0.295,1236.0511580514617,26.856780127569998,20,1.5
52,0.0,0.67,0.33,1297.2387681737966,29.151621652180193,20,1.5
53,0.0,0.69,0.31,1232.164349902208,26.7101838145459,20,1.5
54,0.0,0.665,0.335,1327.5396272246537,30.271538498309404,20,1.5
55,0.0,0.69,0.31,1271.3594854873222,28.200671974123253,20,1.5
56,0.0,0.645,0.355,1356.6951168438154,31.328102641033563,20,1.5
57,0.0,0.67,0.33,1327.8878872969124,30.289433305133347,20,1.5
58,0.0,0.68,0.32,1315.0287051629912,29.81962968503653,20,1.5
59,0.0,0.685,0.315,1300.1170529037806,29.27351271397787,20,1.5
60,0.0,0.665,0.335,1325.7067005160432,30.21110311876314,20,1.5
61,0.0,0.69,0.31,1270.1569786261427,28.15835562052958,20,1.5
62,0.0,0.665,0.335,1321.171231739051,30.048675288269813,20,1.5
63,0.0,0.68,0.32,1292.7129678790452,29.00625467447198,20,1.5
64,0.0,0.69,0.31,1265.6054813456947,27.9945245208187,20,1.5
65,0.0,0.7,0.3,1234.8912656505802,26.835334647918707,20,1.5
66,0.0,0.67,0.33,1301.717996942832,29.33712075362635,20,1.5
67,0.0,0.645,0.355,1362.7237168603797,31.550032930809273,20,1.5
68,0.0,0.655,0.345,1350.374152380575,31.1086249593931,20,1.5
69,0.0,0.66,0.34,1344.5973875999587,30.901204251640213,20,1.5
70,0.0,0.68,0.32,1301.5041039668463,29.333287099865,20,1.5
71,0.0,0.695,0.305,1287.4253979044195,28.814380580801853,20,1.5
72,0.0,0.655,0.345,1358.376352172567,31.39471082014937,20,1.5
73,0.0,0.67,0.33,1325.1054078841314,30.19675927459484,20,1.5
74,0.0,0.685,0.315,1292.9509825962944,29.016509609223448,20,1.5
75,0.0,0.665,0.335,1338.2133659939193,30.669061115325054,20,1.5
76,0.0,0.675,0.325,1325.235806875152,30.198339477403554,20,1.5
77,0.0,0.68,0.32,1304.874153804899,29.450740124919292,20,1.5
78,0.0,0.69,0.31,1280.8268123220494,28.55871370786555,20,1.5
79,0.0,0.65,0.35,1358.2369375891767,31.381774746396005,20,1.5
80,0.0,0.675,0.325,1308.4483110951055,29.57424829425517,20,1.5
81,0.0,0.685,0.315,1278.4800536700516,28.46732937010016,20,1.5
82,0.0,0.65,0.35,1359.4221512688564,31.41506781375755,20,1.5
83,0.0,0.67,0.33,1334.4629092123123,30.517103238551677,20,1.5
84,0.0,0.685,0.315,1303.5862771655568,29.39405376416579,20,1.5
85,0.0,0.7,0.3,1270.7782357381436,28.178711212805226,20,1.5
86,0.0,0.66,0.34,1366.5585507633864,31.678965369399883,20,1.5
87,0.0,0.675,0.325,1346.906906792255,30.97743348159459,20,1.5
88,0.0,0.69,0.31,1320.6135713308397,30.024982342240776,20,1.5
89,0.0,0.7,0.3,1307.5227006555592,29.545335986507872,20,1.5
90,0.0,0.71,0.29,1285.2914666674394,28.726250070672236,20,1.5
91,0.0,0.69,0.31,1315.4067083491127,29.833776855143245,20,1.5
92,0.0,0.705,0.295,1286.530356940141,28.7708424584913,20,1.5
93,0.0,0.68,0.32,1362.4613727956398,31.5326675677205,20,1.5
94,0.0,0.7,0.3,1311.5716252008403,29.695764093119273,20,1.5
95,0.0,0.71,0.29,1280.6793049113742,28.55533998787056,20,1.5
96,0.0,0.68,0.32,1354.1486753373774,31.24187793506306,20,1.5
97,0.0,0.69,0.31,1334.8585944203992,30.546954880693523,20,1.5
98,0.0,0.71,0.29,1293.5602793192459,29.03551557783142,20,1.5
99,0.0,0.725,0.275,1277.9372601182863,28.45668007934552,20,1.5
100,0.0,0.735,0.265,1214.235176508227,26.034639632707087,20,1.5
0,0.0,0.94,0.06,785.6056602898913,6.646097136026993,20,2.0
1,0.0,0.89,0.11,888.6580267508174,12.119332634794869,20,2.0
2,0.0,0.85,0.15,997.7841738928104,17.125533639771362,20,2.0
3,0.0,0.805,0.195,1102.712299597893,21.597420477020915,20,2.0
4,0.0,0.755,0.245,1184.0693183961625,24.868531046978205,20,2.0
5,0.0,0.715,0.285,1242.3169995462913,27.11936420848823,20,2.0
6,0.0,0.695,0.305,1305.8094836106216,29.496053528250272,20,2.0
7,0.0,0.705,0.295,1258.6448144857904,27.739714664179242,20,2.0
8,0.0,0.72,0.28,1223.3084460015796,26.3915437619432,20,2.0
9,0.0,0.695,0.305,1267.652282940293,28.06978444279308,20,2.0
10,0.0,0.67,0.33,1317.7308914325338,29.920461964167146,20,2.0
11,0.0,0.685,0.315,1287.7867435753535,28.821094952871054,20,2.0
12,0.0,0.695,0.305,1282.8725929479172,28.638762919463456,20,2.0
13,0.0,0.665,0.335,1369.4263069266049,31.794993043679955,20,2.0
14,0.0,0.695,0.305,1278.7667986462618,28.492605161750156,20,2.0
15,0.0,0.7,0.3,1276.22782560425,28.397675494055957,20,2.0
16,0.0,0.71,0.29,1265.177210438859,27.984700228507023,20,2.0
17,0.0,0.68,0.32,1343.1679734347854,30.85295566153088,20,2.0
18,0.0,0.695,0.305,1318.4436722513765,29.955514866963515,20,2.0
19,0.0,0.705,0.295,1297.4615628449956,29.184186752535474,20,2.0
20,0.0,0.725,0.275,1219.5802238288036,26.251801991025037,20,2.0
21,0.0,0.68,0.32,1360.9376634781547,31.49282838903865,20,2.0
22,0.0,0.705,0.295,1299.3164664791223,29.25366769437285,20,2.0
23,0.0,0.675,0.325,1364.495439370087,31.614566468164135,20,2.0
24,0.0,0.68,0.32,1349.1426885217813,31.065400842445115,20,2.0
25,0.0,0.695,0.305,1260.0731968973298,27.784810376042223,20,2.0
26,0.0,0.665,0.335,1332.9922821554428,30.474250135779215,20,2.0
27,0.0,0.685,0.315,1299.300638757464,29.242435913525885,20,2.0
28,0.0,0.66,0.34,1348.9995959286057,31.04873619647058,20,2.0
29,0.0,0.675,0.325,1307.4414122725568,29.535778956872903,20,2.0
30,0.0,0.68,0.32,1299.422633889551,29.241585787490983,20,2.0
31,0.0,0.645,0.355,1353.2137387336595,31.197415869648925,20,2.0
32,0.0,0.67,0.33,1275.2813331687983,28.34465528812155,20,2.0
33,0.0,0.68,0.32,1265.3238694074105,27.9726496700281,20,2.0
34,0.0,0.685,0.315,1259.5965020178453,27.7575313773952,20,2.0
35,0.0,0.69,0.31,1247.2768480348377,27.29054617018623,20,2.0
36,0.0,0.695,0.305,1235.7116325872898,26.851779219702607,20,2.0
37,0.0,0.655,0.345,1365.4874143151378,31.637257357878198,20,2.0
38,0.0,0.67,0.33,1309.6136367525612,29.615454014672952,20,2.0
39,0.0,0.68,0.32,1301.186689701299,29.304655769762288,20,2.0
40,0.0,0.695,0.305,1258.4203131597471,27.70684171506427,20,2.0
41,0.0,0.66,0.34,1329.616412621669,30.335811718511994,20,2.0
42,0.0,0.675,0.325,1284.5018188756862,28.680313032982966,20,2.0
43,0.0,0.65,0.35,1364.708351097223,31.59329092137726,20,2.0
44,0.0,0.68,0.32,1293.6028456798545,29.013251993102045,20,2.0
45,0.0,0.685,0.315,1288.0127885768775,28.8062933881271,20,2.0
46,0.0,0.655,0.345,1354.9717007539955,31.245376228258323,20,2.0
47,0.0,0.68,0.32,1301.481144328049,29.304055680109407,20,2.0
48,0.0,0.695,0.305,1269.4303838950934,28.11119819374874,20,2.0
49,0.0,0.66,0.34,1355.0339400008124,31.255656908054952,20,2.0
50,0.0,0.69,0.31,1272.3660742660886,28.227986507467655,20,2.0
51,0.0,0.705,0.295,1236.0511580514617,26.856780127569998,20,2.0
52,0.0,0.67,0.33,1297.2387681737966,29.151621652180193,20,2.0
53,0.0,0.69,0.31,1232.164349902208,26.7101838145459,20,2.0
54,0.0,0.665,0.335,1327.5396272246537,30.271538498309404,20,2.0
55,0.0,0.69,0.31,1271.3594854873222,28.200671974123253,20,2.0
56,0.0,0.645,0.355,1356.6951168438154,31.328102641033563,20,2.0
57,0.0,0.67,0.33,1327.8878872969124,30.289433305133347,20,2.0
58,0.0,0.68,0.32,1315.0287051629912,29.81962968503653,20,2.0
59,0.0,0.685,0.315,1300.1170529037806,29.27351271397787,20,2.0
60,0.0,0.665,0.335,1325.7067005160432,30.21110311876314,20,2.0
61,0.0,0.69,0.31,1270.1569786261427,28.15835562052958,20,2.0
62,0.0,0.665,0.335,1321.171231739051,30.048675288269813,20,2.0
63,0.0,0.68,0.32,1292.7129678790452,29.00625467447198,20,2.0
64,0.0,0.69,0.31,1265.6054813456947,27.9945245208187,20,2.0
65,0.0,0.7,0.3,1234.8912656505802,26.835334647918707,20,2.0
66,0.0,0.67,0.33,1301.717996942832,29.33712075362635,20,2.0
67,0.0,0.645,0.355,1362.7237168603797,31.550032930809273,20,2.0
68,0.0,0.655,0.345,1350.374152380575,31.1086249593931,20,2.0
69,0.0,0.66,0.34,1344.5973875999587,30.901204251640213,20,2.0
70,0.0,0.68,0.32,1301.5041039668463,29.333287099865,20,2.0
71,0.0,0.695,0.305,1287.4253979044195,28.814380580801853,20,2.0
72,0.0,0.655,0.345,1358.376352172567,31.39471082014937,20,2.0
73,0.0,0.67,0.33,1325.1054078841314,30.19675927459484,20,2.0
74,0.0,0.685,0.315,1292.9509825962944,29.016509609223448,20,2.0
75,0.0,0.665,0.335,1338.2133659939193,30.669061115325054,20,2.0
76,0.0,0.675,0.325,1325.235806875152,30.198339477403554,20,2.0
77,0.0,0.68,0.32,1304.874153804899,29.450740124919292,20,2.0
78,0.0,0.69,0.31,1280.8268123220494,28.55871370786555,20,2.0
79,0.0,0.65,0.35,1358.2369375891767,31.381774746396005,20,2.0
80,0.0,0.675,0.325,1308.4483110951055,29.57424829425517,20,2.0
81,0.0,0.685,0.315,1278.4800536700516,28.46732937010016,20,2.0
82,0.0,0.65,0.35,1359.4221512688564,31.41506781375755,20,2.0
83,0.0,0.67,0.33,1334.4629092123123,30.517103238551677,20,2.0
84,0.0,0.685,0.315,1303.5862771655568,29.39405376416579,20,2.0
85,0.0,0.7,0.3,1270.7782357381436,28.178711212805226,20,2.0
86,0.0,0.66,0.34,1366.5585507633864,31.678965369399883,20,2.0
87,0.0,0.675,0.325,1346.906906792255,30.97743348159459,20,2.0
88,0.0,0.69,0.31,1320.6135713308397,30.024982342240776,20,2.0
89,0.0,0.7,0.3,1307.5227006555592,29.545335986507872,20,2.0
90,0.0,0.71,0.29,1285.2914666674394,28.726250070672236,20,2.0
91,0.0,0.69,0.31,1315.4067083491127,29.833776855143245,20,2.0
92,0.0,0.705,0.295,1286.530356940141,28.7708424584913,20,2.0
93,0.0,0.68,0.32,1362.4613727956398,31.5326675677205,20,2.0
94,0.0,0.7,0.3,1311.5716252008403,29.695764093119273,20,2.0
95,0.0,0.71,0.29,1280.6793049113742,28.55533998787056,20,2.0
96,0.0,0.68,0.32,1354.1486753373774,31.24187793506306,20,2.0
97,0.0,0.69,0.31,1334.8585944203992,30.546954880693523,20,2.0
98,0.0,0.71,0.29,1293.5602793192459,29.03551557783142,20,2.0
99,0.0,0.725,0.275,1277.9372601182863,28.45668007934552,20,2.0
100,0.0,0.735,0.265,1214.235176508227,26.034639632707087,20,2.0
0,0.0,0.94,0.06,787.5582236655887,5.3669347240367955,22,0.0
1,0.0,0.89,0.11,837.1661624933572,8.363060559475322,22,0.0
2,0.0,0.84,0.16,952.7662757674182,13.825736143053037,22,0.0
3,0.0,0.805,0.195,1140.9482340369993,21.675864818530755,22,0.0
4,0.0,0.765,0.235,1216.6153890888056,24.5849580193402,22,0.0
5,0.0,0.72,0.28,1356.3649520836618,29.659003451714533,22,0.0
6,0.0,0.685,0.315,1440.337973949456,32.563141948599565,22,0.0
7,0.0,0.645,0.355,1492.6016734452833,34.565748319277915,22,0.0
8,0.0,0.6,0.4,1630.528961422127,42.100685213740476,22,0.0
9,0.0,0.575,0.425,1650.7724218132287,43.99395108508105,22,0.0
10,0.0,0.55,0.45,1666.7306846929512,46.09066406139368,22,0.0
11,0.0,0.52,0.48,1672.9864728052685,47.35147390682138,22,0.0
12,0.0,0.5,0.5,1677.7767509658534,49.16754220931729,22,0.0
13,0.0,0.48,0.52,1677.9504635559465,50.570093886213996,22,0.0
14,0.0,0.465,0.535,1674.68168678392,52.13068232335672,22,0.0
15,0.0,0.43,0.57,1665.4010169320836,54.08491490157229,22,0.0
16,0.0,0.405,0.595,1657.5415458722898,55.19182448254405,22,0.0
17,0.0,0.39,0.61,1649.1158981517196,56.16565498213922,22,0.0
18,0.0,0.365,0.635,1633.8009833568804,57.65474376002313,22,0.0
19,0.0,0.355,0.645,1629.5891992982051,58.017305651831606,22,0.0
20,0.0,0.335,0.665,1612.7061482577783,59.33225699857121,22,0.0
21,0.0,0.335,0.665,1612.7061482577783,59.33225699857121,22,0.0
22,0.0,0.32,0.68,1599.8213493860007,60.2128455603567,22,0.0
23,0.0,0.295,0.705,1578.401932432184,61.55016405322192,22,0.0
24,0.0,0.265,0.735,1527.1228478671183,64.27118387916613,22,0.0
25,0.0,0.255,0.745,1515.5428418971526,64.81411480339322,22,0.0
26,0.0,0.245,0.755,1504.317612982517,65.32474794939105,22,0.0
27,0.0,0.235,0.765,1492.3656735521242,65.85223242069844,22,0.0
28,0.0,0.225,0.775,1481.9500895265871,66.30140159599378,22,0.0
29,0.0,0.215,0.785,1454.6738698835745,67.42143592467346,22,0.0
30,0.0,0.195,0.805,1371.621186674569,70.4821860219723,22,0.0
31,0.0,0.185,0.815,1328.0930417138914,71.92404939812059,22,0.0
32,0.0,0.175,0.825,1305.4594646475841,72.64416792407872,22,0.0
33,0.0,0.175,0.825,1305.4594646475841,72.64416792407872,22,0.0
34,0.0,0.17,0.83,1300.4463691382969,72.8016608416127,22,0.0
35,0.0,0.16,0.84,1274.3459722075352,73.60924863022524,22,0.0
36,0.0,0.15,0.85,1258.4565759116144,74.08711812434443,22,0.0
37,0.0,0.14,0.86,1244.8765009404535,74.48980063120615,22,0.0
38,0.0,0.135,0.865,1217.1422073050421,75.28773872841228,22,0.0
39,0.0,0.135,0.865,1217.1422073050421,75.28773872841228,22,0.0
40,0.0,0.12,0.88,1198.6025980252925,75.80922405084513,22,0.0
41,0.0,0.115,0.885,1182.2138209445789,76.26481049678432,22,0.0
42,0.0,0.11,0.89,1160.3059942034965,76.86312614233049,22,0.0
43,0.0,0.1,0.9,1147.7514331727948,77.19988263294276,22,0.0
44,0.0,0.09,0.91,1118.7736608288933,77.96091679634759,22,0.0
45,0.0,0.085,0.915,1070.5308717976186,79.20252689093513,22,0.0
46,0.0,0.085,0.915,1070.5308717976186,79.20252689093513,22,0.0
47,0.0,0.075,0.925,1054.9512060565653,79.59222147564125,22,0.0
48,0.0,0.075,0.925,1054.9512060565653,79.59222147564125,22,0.0
49,0.0,0.075,0.925,1054.9512060565653,79.59222147564125,22,0.0
50,0.0,0.075,0.925,1054.9512060565653,79.59222147564125,22,0.0
51,0.0,0.075,0.925,1054.9512060565653,79.59222147564125,22,0.0
0,0.0,0.94,0.06,787.5582236655887,5.3669347240367955,22,0.5
1,0.0,0.89,0.11,837.1661624933572,8.363060559475322,22,0.5
2,0.0,0.84,0.16,952.7662757674182,13.825736143053037,22,0.5
3,0.0,0.805,0.195,1140.9482340369993,21.675864818530755,22,0.5
4,0.0,0.765,0.235,1216.6153890888056,24.5849580193402,22,0.5
5,0.0,0.72,0.28,1356.3649520836618,29.659003451714533,22,0.5
6,0.0,0.685,0.315,1440.337973949456,32.563141948599565,22,0.5
7,0.0,0.645,0.355,1492.6016734452833,34.565748319277915,22,0.5
8,0.0,0.6,0.4,1630.528961422127,42.100685213740476,22,0.5
9,0.0,0.575,0.425,1650.7724218132287,43.99395108508105,22,0.5
10,0.0,0.55,0.45,1666.7306846929512,46.09066406139368,22,0.5
11,0.0,0.52,0.48,1672.9864728052685,47.35147390682138,22,0.5
12,0.0,0.5,0.5,1677.7767509658534,49.16754220931729,22,0.5
13,0.0,0.48,0.52,1677.9504635559465,50.570093886213996,22,0.5
14,0.0,0.465,0.535,1674.68168678392,52.13068232335672,22,0.5
15,0.0,0.43,0.57,1665.4010169320836,54.08491490157229,22,0.5
16,0.0,0.405,0.595,1657.5415458722898,55.19182448254405,22,0.5
17,0.0,0.39,0.61,1649.1158981517196,56.16565498213922,22,0.5
18,0.0,0.365,0.635,1633.8009833568804,57.65474376002313,22,0.5
19,0.0,0.355,0.645,1629.5891992982051,58.017305651831606,22,0.5
20,0.0,0.335,0.665,1612.7061482577783,59.33225699857121,22,0.5
21,0.0,0.335,0.665,1612.7061482577783,59.33225699857121,22,0.5
22,0.0,0.32,0.68,1599.8213493860007,60.2128455603567,22,0.5
23,0.0,0.295,0.705,1578.401932432184,61.55016405322192,22,0.5
24,0.0,0.265,0.735,1527.1228478671183,64.27118387916613,22,0.5
25,0.0,0.255,0.745,1515.5428418971526,64.81411480339322,22,0.5
26,0.0,0.245,0.755,1504.317612982517,65.32474794939105,22,0.5
27,0.0,0.235,0.765,1492.3656735521242,65.85223242069844,22,0.5
28,0.0,0.225,0.775,1481.9500895265871,66.30140159599378,22,0.5
29,0.0,0.215,0.785,1454.6738698835745,67.42143592467346,22,0.5
30,0.0,0.195,0.805,1371.621186674569,70.4821860219723,22,0.5
31,0.0,0.185,0.815,1328.0930417138914,71.92404939812059,22,0.5
32,0.0,0.175,0.825,1305.4594646475841,72.64416792407872,22,0.5
33,0.0,0.175,0.825,1305.4594646475841,72.64416792407872,22,0.5
34,0.0,0.17,0.83,1300.4463691382969,72.8016608416127,22,0.5
35,0.0,0.16,0.84,1274.3459722075352,73.60924863022524,22,0.5
36,0.0,0.15,0.85,1258.4565759116144,74.08711812434443,22,0.5
37,0.0,0.14,0.86,1244.8765009404535,74.48980063120615,22,0.5
38,0.0,0.135,0.865,1217.1422073050421,75.28773872841228,22,0.5
39,0.0,0.135,0.865,1217.1422073050421,75.28773872841228,22,0.5
40,0.0,0.12,0.88,1198.6025980252925,75.80922405084513,22,0.5
41,0.0,0.115,0.885,1182.2138209445789,76.26481049678432,22,0.5
42,0.0,0.11,0.89,1160.3059942034965,76.86312614233049,22,0.5
43,0.0,0.1,0.9,1147.7514331727948,77.19988263294276,22,0.5
44,0.0,0.09,0.91,1118.7736608288933,77.96091679634759,22,0.5
45,0.0,0.085,0.915,1070.5308717976186,79.20252689093513,22,0.5
46,0.0,0.085,0.915,1070.5308717976186,79.20252689093513,22,0.5
47,0.0,0.075,0.925,1054.9512060565653,79.59222147564125,22,0.5
48,0.0,0.075,0.925,1054.9512060565653,79.59222147564125,22,0.5
49,0.0,0.075,0.925,1054.9512060565653,79.59222147564125,22,0.5
50,0.0,0.075,0.925,1054.9512060565653,79.59222147564125,22,0.5
51,0.0,0.075,0.925,1054.9512060565653,79.59222147564125,22,0.5
0,0.0,0.94,0.06,787.5582236655887,5.3669347240367955,22,1.0
1,0.0,0.89,0.11,837.1661624933572,8.363060559475322,22,1.0
2,0.0,0.84,0.16,952.7662757674182,13.825736143053037,22,1.0
3,0.0,0.805,0.195,1140.9482340369993,21.675864818530755,22,1.0
4,0.0,0.765,0.235,1216.6153890888056,24.5849580193402,22,1.0
5,0.0,0.72,0.28,1356.3649520836618,29.659003451714533,22,1.0
6,0.0,0.72,0.28,1356.3649520836618,29.659003451714533,22,1.0
7,0.0,0.72,0.28,1356.3649520836618,29.659003451714533,22,1.0
8,0.0,0.72,0.28,1356.3649520836618,29.659003451714533,22,1.0
9,0.0,0.72,0.28,1356.3649520836618,29.659003451714533,22,1.0
0,0.0,0.94,0.06,787.5582236655887,5.3669347240367955,22,1.5
1,0.0,0.89,0.11,837.1661624933572,8.363060559475322,22,1.5
2,0.0,0.84,0.16,952.7662757674182,13.825736143053037,22,1.5
3,0.0,0.805,0.195,1140.9482340369993,21.675864818530755,22,1.5
4,0.0,0.765,0.235,1216.6153890888056,24.5849580193402,22,1.5
5,0.0,0.72,0.28,1356.3649520836618,29.659003451714533,22,1.5
6,0.0,0.735,0.265,1318.4965492701724,28.32158471992424,22,1.5
7,0.0,0.695,0.305,1376.9700045280895,30.37117524594636,22,1.5
8,0.0,0.7,0.3,1360.1221699499713,29.787040062643516,22,1.5
9,0.0,0.715,0.285,1312.5714709888694,28.10675575555515,22,1.5
10,0.0,0.69,0.31,1377.908413715385,30.400159642862878,22,1.5
11,0.0,0.7,0.3,1366.113786398593,29.992009076840024,22,1.5
12,0.0,0.725,0.275,1295.4723469425815,27.48482872065852,22,1.5
13,0.0,0.69,0.31,1386.9912009344025,30.704460692798524,22,1.5
14,0.0,0.715,0.285,1351.9863333901187,29.488392392159533,22,1.5
15,0.0,0.725,0.275,1328.378892459928,28.659073087749448,22,1.5
16,0.0,0.73,0.27,1319.0029200994704,28.326456658915752,22,1.5
17,0.0,0.745,0.255,1289.2862532196027,27.26062269043762,22,1.5
18,0.0,0.715,0.285,1341.7755948988467,29.129311019789874,22,1.5
19,0.0,0.68,0.32,1398.534221631834,31.09844055929211,22,1.5
20,0.0,0.69,0.31,1392.0051296689105,30.875267846301572,22,1.5
21,0.0,0.71,0.29,1335.0010321402774,28.892808161002925,22,1.5
22,0.0,0.735,0.265,1269.9320110369936,26.554560482894964,22,1.5
23,0.0,0.69,0.31,1365.9984238816219,29.973267008142606,22,1.5
24,0.0,0.695,0.305,1361.8332154242144,29.82888993426239,22,1.5
25,0.0,0.71,0.29,1265.7927262823382,26.401652829788453,22,1.5
26,0.0,0.725,0.275,1250.1301786978036,25.825723045521695,22,1.5
27,0.0,0.69,0.31,1339.489534741561,29.047881933935383,22,1.5
28,0.0,0.66,0.34,1371.4144526356172,30.163050954005563,22,1.5
29,0.0,0.68,0.32,1317.3683464074306,28.267595546721036,22,1.5
30,0.0,0.7,0.3,1259.7250974927583,26.18453565902972,22,1.5
31,0.0,0.72,0.28,1204.1824040313538,24.113433275142903,22,1.5
32,0.0,0.685,0.315,1306.034168724432,27.87134201345136,22,1.5
33,0.0,0.65,0.35,1358.8931420864296,29.74009613376721,22,1.5
34,0.0,0.675,0.325,1308.5340872378208,27.96283245264958,22,1.5
35,0.0,0.64,0.36,1376.8612641352286,30.360523424487397,22,1.5
36,0.0,0.65,0.35,1355.6709803315173,29.62496804926514,22,1.5
37,0.0,0.665,0.335,1333.4290822106336,28.844790360523795,22,1.5
38,0.0,0.675,0.325,1325.7431658818048,28.572247473103122,22,1.5
39,0.0,0.68,0.32,1313.1153421428023,28.123666288434208,22,1.5
40,0.0,0.645,0.355,1370.0548893189202,30.131051512756557,22,1.5
41,0.0,0.66,0.34,1308.5696070122317,27.969639909199035,22,1.5
42,0.0,0.675,0.325,1264.05236052373,26.35892940671048,22,1.5
43,0.0,0.63,0.37,1370.2142440739478,30.137861153535404,22,1.5
44,0.0,0.645,0.355,1351.8221243421349,29.496527065241143,22,1.5
45,0.0,0.67,0.33,1304.875553927854,27.82826887810016,22,1.5
46,0.0,0.65,0.35,1365.0454368967019,29.953006277077904,22,1.5
47,0.0,0.67,0.33,1344.2300487222794,29.22558162494123,22,1.5
48,0.0,0.7,0.3,1309.9801681352537,28.012058560144023,22,1.5
49,0.0,0.705,0.295,1302.1453437356704,27.730638466020114,22,1.5
50,0.0,0.675,0.325,1352.064890508301,29.50139391809671,22,1.5
51,0.0,0.695,0.305,1308.6687959175486,27.96641375113417,22,1.5
52,0.0,0.72,0.28,1261.2280601578984,26.250157649408017,22,1.5
53,0.0,0.695,0.305,1300.0196857920566,27.659955367094735,22,1.5
54,0.0,0.675,0.325,1335.1524524959646,28.908995169896045,22,1.5
55,0.0,0.645,0.355,1406.8447571455597,31.39082478481153,22,1.5
56,0.0,0.66,0.34,1386.7341126471035,30.704610289746803,22,1.5
57,0.0,0.685,0.315,1350.6363353510658,29.451098113436988,22,1.5
58,0.0,0.695,0.305,1343.754273368896,29.209623985827502,22,1.5
59,0.0,0.67,0.33,1404.1025180654046,31.301780191344193,22,1.5
60,0.0,0.685,0.315,1372.7073420502397,30.226171172394366,22,1.5
61,0.0,0.71,0.29,1312.910316030079,28.124839351173446,22,1.5
62,0.0,0.725,0.275,1275.1924404552383,26.76129011152714,22,1.5
63,0.0,0.68,0.32,1393.369430408765,30.938693207492797,22,1.5
64,0.0,0.69,0.31,1372.4310392109403,30.219028500298855,22,1.5
65,0.0,0.715,0.285,1321.19205279697,28.421173609374364,22,1.5
66,0.0,0.68,0.32,1397.1601959931215,31.07031005305653,22,1.5
67,0.0,0.7,0.3,1320.502534908947,28.39714473447593,22,1.5
68,0.0,0.71,0.29,1308.62654989935,27.97268922404945,22,1.5
69,0.0,0.67,0.33,1393.6328034783699,30.95204341815362,22,1.5
70,0.0,0.685,0.315,1345.0689804948145,29.26476962916998,22,1.5
71,0.0,0.69,0.31,1327.7175079614858,28.652984249136793,22,1.5
72,0.0,0.665,0.335,1395.142590621001,31.00415721839306,22,1.5
73,0.0,0.685,0.315,1339.8233742107273,29.080846072069022,22,1.5
74,0.0,0.69,0.31,1314.131817407557,28.17066174076558,22,1.5
75,0.0,0.645,0.355,1399.2332081176025,31.14172847053262,22,1.5
76,0.0,0.665,0.335,1358.8663179901139,29.746147766032813,22,1.5
77,0.0,0.68,0.32,1347.2904526814539,29.340301999031674,22,1.5
78,0.0,0.7,0.3,1305.5406014518362,27.85951801789037,22,1.5
79,0.0,0.67,0.33,1381.193563057013,30.517932178997143,22,1.5
80,0.0,0.68,0.32,1344.1234470744016,29.22499891514136,22,1.5
81,0.0,0.69,0.31,1330.2727054045035,28.735880971295416,22,1.5
82,0.0,0.7,0.3,1311.6562153461862,28.075780147183238,22,1.5
83,0.0,0.67,0.33,1403.5430511681798,31.28221398775617,22,1.5
84,0.0,0.705,0.295,1316.4122188543297,28.24836022717179,22,1.5
85,0.0,0.665,0.335,1402.7849809702745,31.25236562454893,22,1.5
86,0.0,0.685,0.315,1315.6842819249564,28.222835308275904,22,1.5
87,0.0,0.7,0.3,1268.469435317728,26.51891724371965,22,1.5
88,0.0,0.655,0.345,1386.3494706002975,30.693117452794976,22,1.5
89,0.0,0.665,0.335,1378.4767546673058,30.421708771771826,22,1.5
90,0.0,0.68,0.32,1355.057698893411,29.609021326056823,22,1.5
91,0.0,0.695,0.305,1337.4435099540808,28.98913158617111,22,1.5
92,0.0,0.66,0.34,1391.888999612687,30.88291819120753,22,1.5
93,0.0,0.66,0.34,1391.888999612687,30.88291819120753,22,1.5
94,0.0,0.68,0.32,1349.2446008519396,29.40239939450211,22,1.5
95,0.0,0.705,0.295,1295.9514172155123,27.51014642752228,22,1.5
96,0.0,0.67,0.33,1360.6829016932343,29.810692484974936,22,1.5
97,0.0,0.645,0.355,1406.305100631987,31.38007291132007,22,1.5
98,0.0,0.645,0.355,1406.305100631987,31.38007291132007,22,1.5
99,0.0,0.675,0.325,1327.384454011595,28.64053060429073,22,1.5
100,0.0,0.65,0.35,1369.3481938439973,30.117348370494142,22,1.5
0,0.0,0.94,0.06,787.5582236655887,5.3669347240367955,22,2.0
1,0.0,0.89,0.11,837.1661624933572,8.363060559475322,22,2.0
2,0.0,0.84,0.16,952.7662757674182,13.825736143053037,22,2.0
3,0.0,0.805,0.195,1140.9482340369993,21.675864818530755,22,2.0
4,0.0,0.765,0.235,1216.6153890888056,24.5849580193402,22,2.0
5,0.0,0.72,0.28,1356.3649520836618,29.659003451714533,22,2.0
6,0.0,0.735,0.265,1318.4965492701724,28.32158471992424,22,2.0
7,0.0,0.695,0.305,1376.9700045280895,30.37117524594636,22,2.0
8,0.0,0.7,0.3,1360.1221699499713,29.787040062643516,22,2.0
9,0.0,0.715,0.285,1312.5714709888694,28.10675575555515,22,2.0
10,0.0,0.69,0.31,1377.908413715385,30.400159642862878,22,2.0
11,0.0,0.7,0.3,1366.113786398593,29.992009076840024,22,2.0
12,0.0,0.725,0.275,1295.4723469425815,27.48482872065852,22,2.0
13,0.0,0.69,0.31,1386.9912009344025,30.704460692798524,22,2.0
14,0.0,0.715,0.285,1351.9863333901187,29.488392392159533,22,2.0
15,0.0,0.725,0.275,1328.378892459928,28.659073087749448,22,2.0
16,0.0,0.73,0.27,1319.0029200994704,28.326456658915752,22,2.0
17,0.0,0.745,0.255,1289.2862532196027,27.26062269043762,22,2.0
18,0.0,0.715,0.285,1341.7755948988467,29.129311019789874,22,2.0
19,0.0,0.68,0.32,1398.534221631834,31.09844055929211,22,2.0
20,0.0,0.69,0.31,1392.0051296689105,30.875267846301572,22,2.0
21,0.0,0.71,0.29,1335.0010321402774,28.892808161002925,22,2.0
22,0.0,0.735,0.265,1269.9320110369936,26.554560482894964,22,2.0
23,0.0,0.69,0.31,1365.9984238816219,29.973267008142606,22,2.0
24,0.0,0.695,0.305,1361.8332154242144,29.82888993426239,22,2.0
25,0.0,0.71,0.29,1265.7927262823382,26.401652829788453,22,2.0
26,0.0,0.725,0.275,1250.1301786978036,25.825723045521695,22,2.0
27,0.0,0.69,0.31,1339.489534741561,29.047881933935383,22,2.0
28,0.0,0.66,0.34,1371.4144526356172,30.163050954005563,22,2.0
29,0.0,0.68,0.32,1317.3683464074306,28.267595546721036,22,2.0
30,0.0,0.7,0.3,1259.7250974927583,26.18453565902972,22,2.0
31,0.0,0.72,0.28,1204.1824040313538,24.113433275142903,22,2.0
32,0.0,0.685,0.315,1306.034168724432,27.87134201345136,22,2.0
33,0.0,0.65,0.35,1358.8931420864296,29.74009613376721,22,2.0
34,0.0,0.675,0.325,1308.5340872378208,27.96283245264958,22,2.0
35,0.0,0.64,0.36,1376.8612641352286,30.360523424487397,22,2.0
36,0.0,0.65,0.35,1355.6709803315173,29.62496804926514,22,2.0
37,0.0,0.665,0.335,1333.4290822106336,28.844790360523795,22,2.0
38,0.0,0.675,0.325,1325.7431658818048,28.572247473103122,22,2.0
39,0.0,0.68,0.32,1313.1153421428023,28.123666288434208,22,2.0
40,0.0,0.645,0.355,1370.0548893189202,30.131051512756557,22,2.0
41,0.0,0.66,0.34,1308.5696070122317,27.969639909199035,22,2.0
42,0.0,0.675,0.325,1264.05236052373,26.35892940671048,22,2.0
43,0.0,0.63,0.37,1370.2142440739478,30.137861153535404,22,2.0
44,0.0,0.645,0.355,1351.8221243421349,29.496527065241143,22,2.0
45,0.0,0.67,0.33,1304.875553927854,27.82826887810016,22,2.0
46,0.0,0.65,0.35,1365.0454368967019,29.953006277077904,22,2.0
47,0.0,0.67,0.33,1344.2300487222794,29.22558162494123,22,2.0
48,0.0,0.7,0.3,1309.9801681352537,28.012058560144023,22,2.0
49,0.0,0.705,0.295,1302.1453437356704,27.730638466020114,22,2.0
50,0.0,0.675,0.325,1352.064890508301,29.50139391809671,22,2.0
51,0.0,0.695,0.305,1308.6687959175486,27.96641375113417,22,2.0
52,0.0,0.72,0.28,1261.2280601578984,26.250157649408017,22,2.0
53,0.0,0.695,0.305,1300.0196857920566,27.659955367094735,22,2.0
54,0.0,0.675,0.325,1335.1524524959646,28.908995169896045,22,2.0
55,0.0,0.645,0.355,1406.8447571455597,31.39082478481153,22,2.0
56,0.0,0.66,0.34,1386.7341126471035,30.704610289746803,22,2.0
57,0.0,0.685,0.315,1350.6363353510658,29.451098113436988,22,2.0
58,0.0,0.695,0.305,1343.754273368896,29.209623985827502,22,2.0
59,0.0,0.67,0.33,1404.1025180654046,31.301780191344193,22,2.0
60,0.0,0.685,0.315,1372.7073420502397,30.226171172394366,22,2.0
61,0.0,0.71,0.29,1312.910316030079,28.124839351173446,22,2.0
62,0.0,0.725,0.275,1275.1924404552383,26.76129011152714,22,2.0
63,0.0,0.68,0.32,1393.369430408765,30.938693207492797,22,2.0
64,0.0,0.69,0.31,1372.4310392109403,30.219028500298855,22,2.0
65,0.0,0.715,0.285,1321.19205279697,28.421173609374364,22,2.0
66,0.0,0.68,0.32,1397.1601959931215,31.07031005305653,22,2.0
67,0.0,0.7,0.3,1320.502534908947,28.39714473447593,22,2.0
68,0.0,0.71,0.29,1308.62654989935,27.97268922404945,22,2.0
69,0.0,0.67,0.33,1393.6328034783699,30.95204341815362,22,2.0
70,0.0,0.685,0.315,1345.0689804948145,29.26476962916998,22,2.0
71,0.0,0.69,0.31,1327.7175079614858,28.652984249136793,22,2.0
72,0.0,0.665,0.335,1395.142590621001,31.00415721839306,22,2.0
73,0.0,0.685,0.315,1339.8233742107273,29.080846072069022,22,2.0
74,0.0,0.69,0.31,1314.131817407557,28.17066174076558,22,2.0
75,0.0,0.645,0.355,1399.2332081176025,31.14172847053262,22,2.0
76,0.0,0.665,0.335,1358.8663179901139,29.746147766032813,22,2.0
77,0.0,0.68,0.32,1347.2904526814539,29.340301999031674,22,2.0
78,0.0,0.7,0.3,1305.5406014518362,27.85951801789037,22,2.0
79,0.0,0.67,0.33,1381.193563057013,30.517932178997143,22,2.0
80,0.0,0.68,0.32,1344.1234470744016,29.22499891514136,22,2.0
81,0.0,0.69,0.31,1330.2727054045035,28.735880971295416,22,2.0
82,0.0,0.7,0.3,1311.6562153461862,28.075780147183238,22,2.0
83,0.0,0.67,0.33,1403.5430511681798,31.28221398775617,22,2.0
84,0.0,0.705,0.295,1316.4122188543297,28.24836022717179,22,2.0
85,0.0,0.665,0.335,1402.7849809702745,31.25236562454893,22,2.0
86,0.0,0.685,0.315,1315.6842819249564,28.222835308275904,22,2.0
87,0.0,0.7,0.3,1268.469435317728,26.51891724371965,22,2.0
88,0.0,0.655,0.345,1386.3494706002975,30.693117452794976,22,2.0
89,0.0,0.665,0.335,1378.4767546673058,30.421708771771826,22,2.0
90,0.0,0.68,0.32,1355.057698893411,29.609021326056823,22,2.0
91,0.0,0.695,0.305,1337.4435099540808,28.98913158617111,22,2.0
92,0.0,0.66,0.34,1391.888999612687,30.88291819120753,22,2.0
93,0.0,0.66,0.34,1391.888999612687,30.88291819120753,22,2.0
94,0.0,0.68,0.32,1349.2446008519396,29.40239939450211,22,2.0
95,0.0,0.705,0.295,1295.9514172155123,27.51014642752228,22,2.0
96,0.0,0.67,0.33,1360.6829016932343,29.810692484974936,22,2.0
97,0.0,0.645,0.355,1406.305100631987,31.38007291132007,22,2.0
98,0.0,0.645,0.355,1406.305100631987,31.38007291132007,22,2.0
99,0.0,0.675,0.325,1327.384454011595,28.64053060429073,22,2.0
100,0.0,0.65,0.35,1369.3481938439973,30.117348370494142,22,2.0
0,0.0,0.94,0.06,1026.9269919872218,6.523110869445183,21,0.0
1,0.0,0.89,0.11,1122.2771372500176,11.528682817320167,21,0.0
2,0.0,0.84,0.16,1228.0533529650124,16.27879149684162,21,0.0
3,0.0,0.795,0.205,1324.0304656098658,20.31703703069182,21,0.0
4,0.0,0.75,0.25,1420.9151941028254,24.170424451769094,21,0.0
5,0.0,0.72,0.28,1498.2929547706856,27.11998649932769,21,0.0
6,0.0,0.675,0.325,1601.5122586630175,30.87842102099849,21,0.0
7,0.0,0.64,0.36,1708.4481355922348,35.37874784164693,21,0.0
8,0.0,0.615,0.385,1752.3765539448373,37.82243307394686,21,0.0
9,0.0,0.585,0.415,1776.9225336233433,39.51963470062893,21,0.0
10,0.0,0.56,0.44,1791.2034264582614,40.70802875604173,21,0.0
11,0.0,0.53,0.47,1815.6817512410994,43.48107182271204,21,0.0
12,0.0,0.52,0.48,1821.8796013737829,44.59012282975588,21,0.0
13,0.0,0.49,0.51,1828.6202696609048,46.989172324051566,21,0.0
14,0.0,0.475,0.525,1827.4889282608153,48.7870600477023,21,0.0
15,0.0,0.455,0.545,1822.917047133582,50.184565631822636,21,0.0
16,0.0,0.425,0.575,1803.9804577475093,53.084144532155875,21,0.0
17,0.0,0.415,0.585,1786.7182962318798,54.77116647423071,21,0.0
18,0.0,0.4,0.6,1780.1013691520006,55.32979027033277,21,0.0
19,0.0,0.375,0.625,1756.110169457866,57.09440508565897,21,0.0
20,0.0,0.365,0.635,1746.062828718511,57.73888052186007,21,0.0
21,0.0,0.35,0.65,1722.0335027305289,59.1413312233492,21,0.0
22,0.0,0.335,0.665,1699.5065101695868,60.32314795601685,21,0.0
23,0.0,0.31,0.69,1677.6219932811791,61.382402755307034,21,0.0
24,0.0,0.29,0.71,1621.423752059454,63.79465066341304,21,0.0
25,0.0,0.275,0.725,1601.8017361329355,64.55780520404954,21,0.0
26,0.0,0.265,0.735,1590.1838798934061,64.9972554265799,21,0.0
27,0.0,0.245,0.755,1557.0190841225688,66.20378443238226,21,0.0
28,0.0,0.235,0.765,1540.7258536892605,66.76583067252449,21,0.0
29,0.0,0.23,0.77,1537.2852739154432,66.88234091161806,21,0.0
30,0.0,0.225,0.775,1535.910031493752,66.9288446718515,21,0.0
31,0.0,0.21,0.79,1514.9791249924335,67.62538155083935,21,0.0
32,0.0,0.21,0.79,1514.9791249924335,67.62538155083935,21,0.0
33,0.0,0.205,0.795,1504.0008492241166,67.98159891510122,21,0.0
34,0.0,0.195,0.805,1474.2094462022637,68.91762517368795,21,0.0
35,0.0,0.19,0.81,1462.240143680787,69.2841174754987,21,0.0
36,0.0,0.185,0.815,1450.8915842728006,69.62856351625786,21,0.0
37,0.0,0.175,0.825,1417.6877645317427,70.60840534999949,21,0.0
38,0.0,0.17,0.83,1411.0388675429665,70.79861220540998,21,0.0
39,0.0,0.16,0.84,1364.9902434747723,72.0878178254214,21,0.0
40,0.0,0.14,0.86,1332.6716740521988,72.95574875469401,21,0.0
41,0.0,0.135,0.865,1326.7043481610995,73.11352382655997,21,0.0
42,0.0,0.12,0.88,1251.505311908993,75.03046266134834,21,0.0
43,0.0,0.11,0.89,1245.0636920121983,75.18920993882311,21,0.0
44,0.0,0.1,0.9,1228.9312586626497,75.58345015652651,21,0.0
45,0.0,0.095,0.905,1216.1718487583294,75.890291497735,21,0.0
46,0.0,0.09,0.91,1203.4734400383813,76.1950587160943,21,0.0
47,0.0,0.085,0.915,1190.9565999294114,76.49033934067714,21,0.0
48,0.0,0.08,0.92,1188.0151281763015,76.55984630495722,21,0.0
49,0.0,0.075,0.925,1180.7457334241367,76.72948098425192,21,0.0
50,0.0,0.07,0.93,1169.2657027824243,76.996412568665,21,0.0
51,0.0,0.065,0.935,1153.4820401449397,77.35934747085533,21,0.0
52,0.0,0.065,0.935,1153.4820401449397,77.35934747085533,21,0.0
53,0.0,0.055,0.945,1141.2857010671705,77.6379108299461,21,0.0
54,0.0,0.05,0.95,1132.8894139252848,77.82876108485178,21,0.0
55,0.0,0.05,0.95,1132.8894139252848,77.82876108485178,21,0.0
56,0.0,0.05,0.95,1132.8894139252848,77.82876108485178,21,0.0
57,0.0,0.05,0.95,1132.8894139252848,77.82876108485178,21,0.0
58,0.0,0.045,0.955,1122.4084059607544,78.06620706891648,21,0.0
59,0.0,0.045,0.955,1122.4084059607544,78.06620706891648,21,0.0
60,0.0,0.045,0.955,1122.4084059607544,78.06620706891648,21,0.0
61,0.0,0.045,0.955,1122.4084059607544,78.06620706891648,21,0.0
62,0.0,0.045,0.955,1122.4084059607544,78.06620706891648,21,0.0
0,0.0,0.94,0.06,1026.9269919872218,6.523110869445183,21,0.5
1,0.0,0.89,0.11,1122.2771372500176,11.528682817320167,21,0.5
2,0.0,0.84,0.16,1228.0533529650124,16.27879149684162,21,0.5
3,0.0,0.795,0.205,1324.0304656098658,20.31703703069182,21,0.5
4,0.0,0.75,0.25,1420.9151941028254,24.170424451769094,21,0.5
5,0.0,0.72,0.28,1498.2929547706856,27.11998649932769,21,0.5
6,0.0,0.675,0.325,1601.5122586630175,30.87842102099849,21,0.5
7,0.0,0.64,0.36,1708.4481355922348,35.37874784164693,21,0.5
8,0.0,0.615,0.385,1752.3765539448373,37.82243307394686,21,0.5
9,0.0,0.585,0.415,1776.9225336233433,39.51963470062893,21,0.5
10,0.0,0.56,0.44,1791.2034264582614,40.70802875604173,21,0.5
11,0.0,0.53,0.47,1815.6817512410994,43.48107182271204,21,0.5
12,0.0,0.52,0.48,1821.8796013737829,44.59012282975588,21,0.5
13,0.0,0.49,0.51,1828.6202696609048,46.989172324051566,21,0.5
14,0.0,0.475,0.525,1827.4889282608153,48.7870600477023,21,0.5
15,0.0,0.455,0.545,1822.917047133582,50.184565631822636,21,0.5
16,0.0,0.425,0.575,1803.9804577475093,53.084144532155875,21,0.5
17,0.0,0.415,0.585,1786.7182962318798,54.77116647423071,21,0.5
18,0.0,0.4,0.6,1780.1013691520006,55.32979027033277,21,0.5
19,0.0,0.375,0.625,1756.110169457866,57.09440508565897,21,0.5
20,0.0,0.365,0.635,1746.062828718511,57.73888052186007,21,0.5
21,0.0,0.35,0.65,1722.0335027305289,59.1413312233492,21,0.5
22,0.0,0.335,0.665,1699.5065101695868,60.32314795601685,21,0.5
23,0.0,0.31,0.69,1677.6219932811791,61.382402755307034,21,0.5
24,0.0,0.29,0.71,1621.423752059454,63.79465066341304,21,0.5
25,0.0,0.275,0.725,1601.8017361329355,64.55780520404954,21,0.5
26,0.0,0.265,0.735,1590.1838798934061,64.9972554265799,21,0.5
27,0.0,0.245,0.755,1557.0190841225688,66.20378443238226,21,0.5
28,0.0,0.235,0.765,1540.7258536892605,66.76583067252449,21,0.5
29,0.0,0.23,0.77,1537.2852739154432,66.88234091161806,21,0.5
30,0.0,0.225,0.775,1535.910031493752,66.9288446718515,21,0.5
31,0.0,0.21,0.79,1514.9791249924335,67.62538155083935,21,0.5
32,0.0,0.21,0.79,1514.9791249924335,67.62538155083935,21,0.5
33,0.0,0.205,0.795,1504.0008492241166,67.98159891510122,21,0.5
34,0.0,0.195,0.805,1474.2094462022637,68.91762517368795,21,0.5
35,0.0,0.19,0.81,1462.240143680787,69.2841174754987,21,0.5
36,0.0,0.185,0.815,1450.8915842728006,69.62856351625786,21,0.5
37,0.0,0.175,0.825,1417.6877645317427,70.60840534999949,21,0.5
38,0.0,0.17,0.83,1411.0388675429665,70.79861220540998,21,0.5
39,0.0,0.16,0.84,1364.9902434747723,72.0878178254214,21,0.5
40,0.0,0.14,0.86,1332.6716740521988,72.95574875469401,21,0.5
41,0.0,0.135,0.865,1326.7043481610995,73.11352382655997,21,0.5
42,0.0,0.12,0.88,1251.505311908993,75.03046266134834,21,0.5
43,0.0,0.11,0.89,1245.0636920121983,75.18920993882311,21,0.5
44,0.0,0.1,0.9,1228.9312586626497,75.58345015652651,21,0.5
45,0.0,0.095,0.905,1216.1718487583294,75.890291497735,21,0.5
46,0.0,0.09,0.91,1203.4734400383813,76.1950587160943,21,0.5
47,0.0,0.085,0.915,1190.9565999294114,76.49033934067714,21,0.5
48,0.0,0.08,0.92,1188.0151281763015,76.55984630495722,21,0.5
49,0.0,0.075,0.925,1180.7457334241367,76.72948098425192,21,0.5
50,0.0,0.07,0.93,1169.2657027824243,76.996412568665,21,0.5
51,0.0,0.065,0.935,1153.4820401449397,77.35934747085533,21,0.5
52,0.0,0.065,0.935,1153.4820401449397,77.35934747085533,21,0.5
53,0.0,0.055,0.945,1141.2857010671705,77.6379108299461,21,0.5
54,0.0,0.05,0.95,1132.8894139252848,77.82876108485178,21,0.5
55,0.0,0.05,0.95,1132.8894139252848,77.82876108485178,21,0.5
56,0.0,0.05,0.95,1132.8894139252848,77.82876108485178,21,0.5
57,0.0,0.05,0.95,1132.8894139252848,77.82876108485178,21,0.5
58,0.0,0.045,0.955,1122.4084059607544,78.06620706891648,21,0.5
59,0.0,0.045,0.955,1122.4084059607544,78.06620706891648,21,0.5
60,0.0,0.045,0.955,1122.4084059607544,78.06620706891648,21,0.5
61,0.0,0.045,0.955,1122.4084059607544,78.06620706891648,21,0.5
62,0.0,0.045,0.955,1122.4084059607544,78.06620706891648,21,0.5
0,0.0,0.94,0.06,1026.9269919872218,6.523110869445183,21,1.0
1,0.0,0.89,0.11,1122.2771372500176,11.528682817320167,21,1.0
2,0.0,0.84,0.16,1228.0533529650124,16.27879149684162,21,1.0
3,0.0,0.795,0.205,1324.0304656098658,20.31703703069182,21,1.0
4,0.0,0.75,0.25,1420.9151941028254,24.170424451769094,21,1.0
5,0.0,0.72,0.28,1498.2929547706856,27.11998649932769,21,1.0
6,0.0,0.72,0.28,1498.2929547706856,27.11998649932769,21,1.0
7,0.0,0.72,0.28,1498.2929547706856,27.11998649932769,21,1.0
8,0.0,0.69,0.31,1587.4652720823321,30.368179569699997,21,1.0
9,0.0,0.69,0.31,1587.4652720823321,30.368179569699997,21,1.0
10,0.0,0.69,0.31,1587.4652720823321,30.368179569699997,21,1.0
11,0.0,0.69,0.31,1587.4652720823321,30.368179569699997,21,1.0
12,0.0,0.69,0.31,1587.4652720823321,30.368179569699997,21,1.0
0,0.0,0.94,0.06,1026.9269919872218,6.523110869445183,21,1.5
1,0.0,0.89,0.11,1122.2771372500176,11.528682817320167,21,1.5
2,0.0,0.84,0.16,1228.0533529650124,16.27879149684162,21,1.5
3,0.0,0.795,0.205,1324.0304656098658,20.31703703069182,21,1.5
4,0.0,0.75,0.25,1420.9151941028254,24.170424451769094,21,1.5
5,0.0,0.72,0.28,1498.2929547706856,27.11998649932769,21,1.5
6,0.0,0.725,0.275,1478.0114257235696,26.362082922390517,21,1.5
7,0.0,0.74,0.26,1452.4360840173445,25.391173376073283,21,1.5
8,0.0,0.71,0.29,1540.3659388082199,28.670014816952957,21,1.5
9,0.0,0.72,0.28,1510.038592664744,27.556843684187292,21,1.5
10,0.0,0.69,0.31,1566.8142274595682,29.634309865003868,21,1.5
11,0.0,0.7,0.3,1552.2844762411264,29.108104989003365,21,1.5
12,0.0,0.715,0.285,1517.6812965756067,27.846485120094794,21,1.5
13,0.0,0.73,0.27,1455.720897748071,25.517752518265663,21,1.5
14,0.0,0.705,0.295,1527.7986997616279,28.21627872986003,21,1.5
15,0.0,0.71,0.29,1508.9764197515344,27.522838604853543,21,1.5
16,0.0,0.725,0.275,1472.9561977683022,26.17681900826332,21,1.5
17,0.0,0.695,0.305,1571.8127416024604,29.82329947868395,21,1.5
18,0.0,0.715,0.285,1529.0196143293356,28.264689373805194,21,1.5
19,0.0,0.73,0.27,1503.3693062011484,27.31395918259517,21,1.5
20,0.0,0.705,0.295,1567.458142923649,29.660717400108233,21,1.5
21,0.0,0.72,0.28,1535.507243413077,28.502137696844613,21,1.5
22,0.0,0.73,0.27,1519.394992869755,27.909772773368516,21,1.5
23,0.0,0.74,0.26,1500.0604526500165,27.193386215874625,21,1.5
24,0.0,0.745,0.255,1481.3906055099571,26.492069394361305,21,1.5
25,0.0,0.705,0.295,1547.6355825474416,28.944690740680393,21,1.5
26,0.0,0.72,0.28,1518.3790146561971,27.86895216213879,21,1.5
27,0.0,0.74,0.26,1461.3291752565272,25.735893835702953,21,1.5
28,0.0,0.7,0.3,1557.227721426339,29.294065460890288,21,1.5
29,0.0,0.72,0.28,1499.9550194452856,27.19076995375933,21,1.5
30,0.0,0.685,0.315,1560.5186159581413,29.41010170322823,21,1.5
31,0.0,0.695,0.305,1549.5255391854796,29.01243746190518,21,1.5
32,0.0,0.715,0.285,1519.8235932933376,27.92669241935945,21,1.5
33,0.0,0.68,0.32,1585.1925734875176,30.299950051582616,21,1.5
34,0.0,0.69,0.31,1554.0336561946806,29.176762531255324,21,1.5
35,0.0,0.7,0.3,1535.4958298216286,28.503505931079616,21,1.5
36,0.0,0.71,0.29,1505.2731255909473,27.390616365636596,21,1.5
37,0.0,0.725,0.275,1480.9527346782588,26.481685869298794,21,1.5
38,0.0,0.685,0.315,1571.285010245262,29.804526831809405,21,1.5
39,0.0,0.695,0.305,1556.7876076830644,29.281551674486025,21,1.5
40,0.0,0.7,0.3,1546.2310097535287,28.898718844206584,21,1.5
41,0.0,0.675,0.325,1583.3677385930027,30.238095641499037,21,1.5
42,0.0,0.695,0.305,1545.4192320838913,28.86806560667816,21,1.5
43,0.0,0.705,0.295,1515.2227393897251,27.762414455200453,21,1.5
44,0.0,0.675,0.325,1557.5785096166744,29.313398330247452,21,1.5
45,0.0,0.695,0.305,1512.3170644633908,27.655910886932688,21,1.5
46,0.0,0.655,0.345,1573.9891421296072,29.901132823450176,21,1.5
47,0.0,0.675,0.325,1527.516924557004,28.21730911076502,21,1.5
48,0.0,0.69,0.31,1492.655570233521,26.92189281212928,21,1.5
49,0.0,0.7,0.3,1449.997937049091,25.3061811770754,21,1.5
50,0.0,0.665,0.335,1540.4573374570462,28.6871536618031,21,1.5
51,0.0,0.64,0.36,1589.147134790956,30.44507747449067,21,1.5
52,0.0,0.665,0.335,1551.5743656982215,29.09364208765443,21,1.5
53,0.0,0.68,0.32,1502.381839641534,27.28435418265291,21,1.5
54,0.0,0.645,0.355,1574.717476303304,29.926100273319637,21,1.5
55,0.0,0.66,0.34,1532.5594332403116,28.400090371061395,21,1.5
56,0.0,0.68,0.32,1488.0212154537323,26.749405382993437,21,1.5
57,0.0,0.645,0.355,1554.3109356753807,29.19177980317296,21,1.5
58,0.0,0.66,0.34,1534.6105770491006,28.475454687060815,21,1.5
59,0.0,0.685,0.315,1492.0381455649313,26.896464449980527,21,1.5
60,0.0,0.645,0.355,1582.9132155785665,30.219905726374158,21,1.5
61,0.0,0.68,0.32,1494.8355598569194,27.000373229067243,21,1.5
62,0.0,0.7,0.3,1454.7120465110168,25.488567631427262,21,1.5
63,0.0,0.67,0.33,1518.0502210531279,27.864814979105386,21,1.5
64,0.0,0.64,0.36,1584.7580859294517,30.28487639536704,21,1.5
65,0.0,0.645,0.355,1574.2825969373619,29.9105505601362,21,1.5
66,0.0,0.655,0.345,1539.2437947715678,28.64567415004234,21,1.5
67,0.0,0.635,0.365,1581.5258596235167,30.176689528022848,21,1.5
68,0.0,0.64,0.36,1557.4747429933038,29.313278519545314,21,1.5
69,0.0,0.655,0.345,1493.4041734770599,26.948462440158682,21,1.5
70,0.0,0.61,0.39,1579.4484837008813,30.09484931096867,21,1.5
71,0.0,0.61,0.39,1579.4484837008813,30.09484931096867,21,1.5
72,0.0,0.63,0.37,1548.330298497337,28.96876762096044,21,1.5
73,0.0,0.64,0.36,1542.2273654805465,28.745837976299377,21,1.5
74,0.0,0.62,0.38,1587.222576829979,30.370135101478706,21,1.5
75,0.0,0.635,0.365,1530.764770507972,28.328889415016807,21,1.5
76,0.0,0.62,0.38,1575.7130738423652,29.953932716014492,21,1.5
77,0.0,0.65,0.35,1522.4813411413313,28.01995992803158,21,1.5
78,0.0,0.655,0.345,1502.0900757289335,27.262871581679732,21,1.5
79,0.0,0.62,0.38,1585.4620940176308,30.307901425131448,21,1.5
80,0.0,0.64,0.36,1552.471040194818,29.12046440001056,21,1.5
81,0.0,0.655,0.345,1540.692501270495,28.69054837392579,21,1.5
82,0.0,0.665,0.335,1525.8711627423843,28.146609664443776,21,1.5
83,0.0,0.685,0.315,1475.0244890955487,26.256804564957953,21,1.5
84,0.0,0.645,0.355,1586.1315971710915,30.33602894383601,21,1.5
85,0.0,0.67,0.33,1526.326466425541,28.16617222489836,21,1.5
86,0.0,0.685,0.315,1498.6642165889996,27.142360100300927,21,1.5
87,0.0,0.655,0.345,1566.7094417567903,29.633543482286072,21,1.5
88,0.0,0.68,0.32,1490.8587281465586,26.846366415465088,21,1.5
89,0.0,0.645,0.355,1556.349775798376,29.255210485562614,21,1.5
90,0.0,0.66,0.34,1506.125030470164,27.41168342424748,21,1.5
91,0.0,0.625,0.375,1582.3131561696919,30.189757120724096,21,1.5
92,0.0,0.655,0.345,1504.1967383114156,27.341522115056478,21,1.5
93,0.0,0.625,0.375,1581.507597060055,30.16129990686025,21,1.5
94,0.0,0.65,0.35,1526.7602822657943,28.179684152916007,21,1.5
95,0.0,0.635,0.365,1567.7107315711671,29.66516796723402,21,1.5
96,0.0,0.665,0.335,1492.2490529781064,26.890096450540472,21,1.5
97,0.0,0.63,0.37,1550.8143613787677,29.04416142544713,21,1.5
98,0.0,0.65,0.35,1494.6698193609873,26.972930583008843,21,1.5
99,0.0,0.665,0.335,1463.5204317091475,25.79871096670687,21,1.5
100,0.0,0.675,0.325,1453.9283723678354,25.434001607430606,21,1.5
0,0.0,0.94,0.06,1026.9269919872218,6.523110869445183,21,2.0
1,0.0,0.89,0.11,1122.2771372500176,11.528682817320167,21,2.0
2,0.0,0.84,0.16,1228.0533529650124,16.27879149684162,21,2.0
3,0.0,0.795,0.205,1324.0304656098658,20.31703703069182,21,2.0
4,0.0,0.75,0.25,1420.9151941028254,24.170424451769094,21,2.0
5,0.0,0.72,0.28,1498.2929547706856,27.11998649932769,21,2.0
6,0.0,0.725,0.275,1478.0114257235696,26.362082922390517,21,2.0
7,0.0,0.74,0.26,1452.4360840173445,25.391173376073283,21,2.0
8,0.0,0.71,0.29,1540.3659388082199,28.670014816952957,21,2.0
9,0.0,0.72,0.28,1510.038592664744,27.556843684187292,21,2.0
10,0.0,0.69,0.31,1566.8142274595682,29.634309865003868,21,2.0
11,0.0,0.7,0.3,1552.2844762411264,29.108104989003365,21,2.0
12,0.0,0.715,0.285,1517.6812965756067,27.846485120094794,21,2.0
13,0.0,0.73,0.27,1455.720897748071,25.517752518265663,21,2.0
14,0.0,0.705,0.295,1527.7986997616279,28.21627872986003,21,2.0
15,0.0,0.71,0.29,1508.9764197515344,27.522838604853543,21,2.0
16,0.0,0.725,0.275,1472.9561977683022,26.17681900826332,21,2.0
17,0.0,0.695,0.305,1571.8127416024604,29.82329947868395,21,2.0
18,0.0,0.715,0.285,1529.0196143293356,28.264689373805194,21,2.0
19,0.0,0.73,0.27,1503.3693062011484,27.31395918259517,21,2.0
20,0.0,0.705,0.295,1567.458142923649,29.660717400108233,21,2.0
21,0.0,0.72,0.28,1535.507243413077,28.502137696844613,21,2.0
22,0.0,0.73,0.27,1519.394992869755,27.909772773368516,21,2.0
23,0.0,0.74,0.26,1500.0604526500165,27.193386215874625,21,2.0
24,0.0,0.745,0.255,1481.3906055099571,26.492069394361305,21,2.0
25,0.0,0.705,0.295,1547.6355825474416,28.944690740680393,21,2.0
26,0.0,0.72,0.28,1518.3790146561971,27.86895216213879,21,2.0
27,0.0,0.74,0.26,1461.3291752565272,25.735893835702953,21,2.0
28,0.0,0.7,0.3,1557.227721426339,29.294065460890288,21,2.0
29,0.0,0.72,0.28,1499.9550194452856,27.19076995375933,21,2.0
30,0.0,0.685,0.315,1560.5186159581413,29.41010170322823,21,2.0
31,0.0,0.695,0.305,1549.5255391854796,29.01243746190518,21,2.0
32,0.0,0.715,0.285,1519.8235932933376,27.92669241935945,21,2.0
33,0.0,0.68,0.32,1585.1925734875176,30.299950051582616,21,2.0
34,0.0,0.69,0.31,1554.0336561946806,29.176762531255324,21,2.0
35,0.0,0.7,0.3,1535.4958298216286,28.503505931079616,21,2.0
36,0.0,0.71,0.29,1505.2731255909473,27.390616365636596,21,2.0
37,0.0,0.725,0.275,1480.9527346782588,26.481685869298794,21,2.0
38,0.0,0.685,0.315,1571.285010245262,29.804526831809405,21,2.0
39,0.0,0.695,0.305,1556.7876076830644,29.281551674486025,21,2.0
40,0.0,0.7,0.3,1546.2310097535287,28.898718844206584,21,2.0
41,0.0,0.675,0.325,1583.3677385930027,30.238095641499037,21,2.0
42,0.0,0.695,0.305,1545.4192320838913,28.86806560667816,21,2.0
43,0.0,0.705,0.295,1515.2227393897251,27.762414455200453,21,2.0
44,0.0,0.675,0.325,1557.5785096166744,29.313398330247452,21,2.0
45,0.0,0.695,0.305,1512.3170644633908,27.655910886932688,21,2.0
46,0.0,0.655,0.345,1573.9891421296072,29.901132823450176,21,2.0
47,0.0,0.675,0.325,1527.516924557004,28.21730911076502,21,2.0
48,0.0,0.69,0.31,1492.655570233521,26.92189281212928,21,2.0
49,0.0,0.7,0.3,1449.997937049091,25.3061811770754,21,2.0
50,0.0,0.665,0.335,1540.4573374570462,28.6871536618031,21,2.0
51,0.0,0.64,0.36,1589.147134790956,30.44507747449067,21,2.0
52,0.0,0.665,0.335,1551.5743656982215,29.09364208765443,21,2.0
53,0.0,0.68,0.32,1502.381839641534,27.28435418265291,21,2.0
54,0.0,0.645,0.355,1574.717476303304,29.926100273319637,21,2.0
55,0.0,0.66,0.34,1532.5594332403116,28.400090371061395,21,2.0
56,0.0,0.68,0.32,1488.0212154537323,26.749405382993437,21,2.0
57,0.0,0.645,0.355,1554.3109356753807,29.19177980317296,21,2.0
58,0.0,0.66,0.34,1534.6105770491006,28.475454687060815,21,2.0
59,0.0,0.685,0.315,1492.0381455649313,26.896464449980527,21,2.0
60,0.0,0.645,0.355,1582.9132155785665,30.219905726374158,21,2.0
61,0.0,0.68,0.32,1494.8355598569194,27.000373229067243,21,2.0
62,0.0,0.7,0.3,1454.7120465110168,25.488567631427262,21,2.0
63,0.0,0.67,0.33,1518.0502210531279,27.864814979105386,21,2.0
64,0.0,0.64,0.36,1584.7580859294517,30.28487639536704,21,2.0
65,0.0,0.645,0.355,1574.2825969373619,29.9105505601362,21,2.0
66,0.0,0.655,0.345,1539.2437947715678,28.64567415004234,21,2.0
67,0.0,0.635,0.365,1581.5258596235167,30.176689528022848,21,2.0
68,0.0,0.64,0.36,1557.4747429933038,29.313278519545314,21,2.0
69,0.0,0.655,0.345,1493.4041734770599,26.948462440158682,21,2.0
70,0.0,0.61,0.39,1579.4484837008813,30.09484931096867,21,2.0
71,0.0,0.61,0.39,1579.4484837008813,30.09484931096867,21,2.0
72,0.0,0.63,0.37,1548.330298497337,28.96876762096044,21,2.0
73,0.0,0.64,0.36,1542.2273654805465,28.745837976299377,21,2.0
74,0.0,0.62,0.38,1587.222576829979,30.370135101478706,21,2.0
75,0.0,0.635,0.365,1530.764770507972,28.328889415016807,21,2.0
76,0.0,0.62,0.38,1575.7130738423652,29.953932716014492,21,2.0
77,0.0,0.65,0.35,1522.4813411413313,28.01995992803158,21,2.0
78,0.0,0.655,0.345,1502.0900757289335,27.262871581679732,21,2.0
79,0.0,0.62,0.38,1585.4620940176308,30.307901425131448,21,2.0
80,0.0,0.64,0.36,1552.471040194818,29.12046440001056,21,2.0
81,0.0,0.655,0.345,1540.692501270495,28.69054837392579,21,2.0
82,0.0,0.665,0.335,1525.8711627423843,28.146609664443776,21,2.0
83,0.0,0.685,0.315,1475.0244890955487,26.256804564957953,21,2.0
84,0.0,0.645,0.355,1586.1315971710915,30.33602894383601,21,2.0
85,0.0,0.67,0.33,1526.326466425541,28.16617222489836,21,2.0
86,0.0,0.685,0.315,1498.6642165889996,27.142360100300927,21,2.0
87,0.0,0.655,0.345,1566.7094417567903,29.633543482286072,21,2.0
88,0.0,0.68,0.32,1490.8587281465586,26.846366415465088,21,2.0
89,0.0,0.645,0.355,1556.349775798376,29.255210485562614,21,2.0
90,0.0,0.66,0.34,1506.125030470164,27.41168342424748,21,2.0
91,0.0,0.625,0.375,1582.3131561696919,30.189757120724096,21,2.0
92,0.0,0.655,0.345,1504.1967383114156,27.341522115056478,21,2.0
93,0.0,0.625,0.375,1581.507597060055,30.16129990686025,21,2.0
94,0.0,0.65,0.35,1526.7602822657943,28.179684152916007,21,2.0
95,0.0,0.635,0.365,1567.7107315711671,29.66516796723402,21,2.0
96,0.0,0.665,0.335,1492.2490529781064,26.890096450540472,21,2.0
97,0.0,0.63,0.37,1550.8143613787677,29.04416142544713,21,2.0
98,0.0,0.65,0.35,1494.6698193609873,26.972930583008843,21,2.0
99,0.0,0.665,0.335,1463.5204317091475,25.79871096670687,21,2.0
100,0.0,0.675,0.325,1453.9283723678354,25.434001607430606,21,2.0
0,0.0,0.94,0.06,950.0464685630596,5.5207280146174575,23,0.0
1,0.0,0.89,0.11,1054.0881678262806,11.457905667150044,23,0.0
2,0.0,0.84,0.16,1143.2821366822282,15.603122735249984,23,0.0
3,0.0,0.8,0.2,1272.1617224219408,21.155031619312787,23,0.0
4,0.0,0.755,0.245,1338.6062714033997,23.86294827155433,23,0.0
5,0.0,0.71,0.29,1458.283996992347,28.488852934487767,23,0.0
6,0.0,0.68,0.32,1570.2973749646505,32.5683009768795,23,0.0
7,0.0,0.65,0.35,1620.0723425553765,34.31967208577652,23,0.0
8,0.0,0.61,0.39,1701.9900000418988,37.55467145369409,23,0.0
9,0.0,0.58,0.42,1748.4430957119562,39.79787280503449,23,0.0
10,0.0,0.55,0.45,1792.7817735924307,42.48430344716019,23,0.0
11,0.0,0.53,0.47,1809.8299063211534,43.77385376823528,23,0.0
12,0.0,0.505,0.495,1828.443392097337,45.498715318966234,23,0.0
13,0.0,0.49,0.51,1839.1373776546534,46.791359819023896,23,0.0
14,0.0,0.47,0.53,1851.8099276383768,49.12569841030995,23,0.0
15,0.0,0.465,0.535,1852.423520827894,49.306004487923765,23,0.0
16,0.0,0.44,0.56,1854.7567372331955,52.40307166362582,23,0.0
17,0.0,0.43,0.57,1852.0529364001684,53.44317508975987,23,0.0
18,0.0,0.41,0.59,1844.1891836748462,55.09853893853865,23,0.0
19,0.0,0.385,0.615,1836.0265741362646,56.27466315102488,23,0.0
20,0.0,0.38,0.62,1834.6504778991448,56.450568957792385,23,0.0
21,0.0,0.36,0.64,1828.1909028447344,57.19301282721024,23,0.0
22,0.0,0.345,0.655,1823.259643264343,57.70122342844654,23,0.0
23,0.0,0.32,0.68,1796.7480284364506,59.95255724236303,23,0.0
24,0.0,0.315,0.685,1792.6857526674687,60.24719567106636,23,0.0
25,0.0,0.295,0.705,1774.7878327454805,61.446855096888825,23,0.0
26,0.0,0.285,0.715,1747.3286108940474,63.0549404438365,23,0.0
27,0.0,0.27,0.73,1713.792944801703,64.78310842146963,23,0.0
28,0.0,0.25,0.75,1675.112924377297,66.55149287270397,23,0.0
29,0.0,0.235,0.765,1659.9956228412698,67.18615599653526,23,0.0
30,0.0,0.22,0.78,1625.0880309652528,68.56604187648571,23,0.0
31,0.0,0.215,0.785,1603.89184489339,69.35374620859581,23,0.0
32,0.0,0.21,0.79,1603.0859761215493,69.38314449152173,23,0.0
33,0.0,0.2,0.8,1551.5403723311981,71.18296094823037,23,0.0
34,0.0,0.19,0.81,1523.005190720778,72.11793130368639,23,0.0
35,0.0,0.185,0.815,1508.9534707836945,72.5622590656453,23,0.0
36,0.0,0.18,0.82,1486.4103914189475,73.26081069118236,23,0.0
37,0.0,0.18,0.82,1486.4103914189475,73.26081069118236,23,0.0
38,0.0,0.155,0.845,1424.3536919017206,75.0836635381711,23,0.0
39,0.0,0.145,0.855,1418.769374193104,75.24092431134402,23,0.0
40,0.0,0.135,0.865,1390.6995707397705,76.02361444402304,23,0.0
41,0.0,0.125,0.875,1344.1053504241283,77.27193740969997,23,0.0
42,0.0,0.11,0.89,1300.608468487916,78.38551524356507,23,0.0
43,0.0,0.105,0.895,1293.7361729687932,78.55875247316098,23,0.0
44,0.0,0.105,0.895,1293.7361729687932,78.55875247316098,23,0.0
45,0.0,0.1,0.9,1238.36042669449,79.91891398818532,23,0.0
46,0.0,0.095,0.905,1230.2133776383316,80.11365899653539,23,0.0
47,0.0,0.09,0.91,1197.357793155495,80.889785371015,23,0.0
48,0.0,0.085,0.915,1181.832626198062,81.250377364765,23,0.0
49,0.0,0.085,0.915,1181.832626198062,81.250377364765,23,0.0
50,0.0,0.075,0.925,1172.8846073165037,81.45664686416028,23,0.0
51,0.0,0.065,0.935,1146.0675266014978,82.06717620366311,23,0.0
52,0.0,0.055,0.945,1135.9995347609129,82.29331884754367,23,0.0
53,0.0,0.05,0.95,1126.5693807268067,82.50459925540193,23,0.0
54,0.0,0.05,0.95,1126.5693807268067,82.50459925540193,23,0.0
55,0.0,0.045,0.955,1117.5140742489448,82.70665052882192,23,0.0
56,0.0,0.045,0.955,1117.5140742489448,82.70665052882192,23,0.0
57,0.0,0.045,0.955,1117.5140742489448,82.70665052882192,23,0.0
58,0.0,0.045,0.955,1117.5140742489448,82.70665052882192,23,0.0
59,0.0,0.04,0.96,1113.0157015824261,82.80670619802717,23,0.0
60,0.0,0.04,0.96,1113.0157015824261,82.80670619802717,23,0.0
61,0.0,0.04,0.96,1113.0157015824261,82.80670619802717,23,0.0
62,0.0,0.035,0.965,1106.30441715089,82.95546102767433,23,0.0
63,0.0,0.03,0.97,1098.6845788461442,83.12202847530449,23,0.0
64,0.0,0.03,0.97,1098.6845788461442,83.12202847530449,23,0.0
65,0.0,0.025,0.975,1095.3846479849271,83.19396875760424,23,0.0
66,0.0,0.025,0.975,1095.3846479849271,83.19396875760424,23,0.0
67,0.0,0.025,0.975,1095.3846479849271,83.19396875760424,23,0.0
68,0.0,0.02,0.98,1089.4422767174128,83.32371730429563,23,0.0
69,0.0,0.02,0.98,1089.4422767174128,83.32371730429563,23,0.0
70,0.0,0.015,0.985,1080.125540781955,83.52667328357789,23,0.0
71,0.0,0.01,0.99,1068.551559377956,83.77591696536638,23,0.0
72,0.0,0.005,0.995,1047.493222071516,84.22570407819232,23,0.0
73,0.0,0.005,0.995,1047.493222071516,84.22570407819232,23,0.0
74,0.0,0.0,1.0,1024.717819318585,84.70752816676638,23,0.0
75,0.0,0.0,1.0,1024.717819318585,84.70752816676638,23,0.0
76,0.0,0.0,1.0,1024.717819318585,84.70752816676638,23,0.0
77,0.0,0.0,1.0,1024.717819318585,84.70752816676638,23,0.0
78,0.0,0.0,1.0,1024.717819318585,84.70752816676638,23,0.0
0,0.0,0.94,0.06,950.0464685630596,5.5207280146174575,23,0.5
1,0.0,0.89,0.11,1054.0881678262806,11.457905667150044,23,0.5
2,0.0,0.84,0.16,1143.2821366822282,15.603122735249984,23,0.5
3,0.0,0.8,0.2,1272.1617224219408,21.155031619312787,23,0.5
4,0.0,0.755,0.245,1338.6062714033997,23.86294827155433,23,0.5
5,0.0,0.71,0.29,1458.283996992347,28.488852934487767,23,0.5
6,0.0,0.68,0.32,1570.2973749646505,32.5683009768795,23,0.5
7,0.0,0.65,0.35,1620.0723425553765,34.31967208577652,23,0.5
8,0.0,0.61,0.39,1701.9900000418988,37.55467145369409,23,0.5
9,0.0,0.58,0.42,1748.4430957119562,39.79787280503449,23,0.5
10,0.0,0.55,0.45,1792.7817735924307,42.48430344716019,23,0.5
11,0.0,0.53,0.47,1809.8299063211534,43.77385376823528,23,0.5
12,0.0,0.505,0.495,1828.443392097337,45.498715318966234,23,0.5
13,0.0,0.49,0.51,1839.1373776546534,46.791359819023896,23,0.5
14,0.0,0.47,0.53,1851.8099276383768,49.12569841030995,23,0.5
15,0.0,0.465,0.535,1852.423520827894,49.306004487923765,23,0.5
16,0.0,0.44,0.56,1854.7567372331955,52.40307166362582,23,0.5
17,0.0,0.43,0.57,1852.0529364001684,53.44317508975987,23,0.5
18,0.0,0.41,0.59,1844.1891836748462,55.09853893853865,23,0.5
19,0.0,0.385,0.615,1836.0265741362646,56.27466315102488,23,0.5
20,0.0,0.38,0.62,1834.6504778991448,56.450568957792385,23,0.5
21,0.0,0.36,0.64,1828.1909028447344,57.19301282721024,23,0.5
22,0.0,0.345,0.655,1823.259643264343,57.70122342844654,23,0.5
23,0.0,0.32,0.68,1796.7480284364506,59.95255724236303,23,0.5
24,0.0,0.315,0.685,1792.6857526674687,60.24719567106636,23,0.5
25,0.0,0.295,0.705,1774.7878327454805,61.446855096888825,23,0.5
26,0.0,0.285,0.715,1747.3286108940474,63.0549404438365,23,0.5
27,0.0,0.27,0.73,1713.792944801703,64.78310842146963,23,0.5
28,0.0,0.25,0.75,1675.112924377297,66.55149287270397,23,0.5
29,0.0,0.235,0.765,1659.9956228412698,67.18615599653526,23,0.5
30,0.0,0.22,0.78,1625.0880309652528,68.56604187648571,23,0.5
31,0.0,0.215,0.785,1603.89184489339,69.35374620859581,23,0.5
32,0.0,0.21,0.79,1603.0859761215493,69.38314449152173,23,0.5
33,0.0,0.2,0.8,1551.5403723311981,71.18296094823037,23,0.5
34,0.0,0.19,0.81,1523.005190720778,72.11793130368639,23,0.5
35,0.0,0.185,0.815,1508.9534707836945,72.5622590656453,23,0.5
36,0.0,0.18,0.82,1486.4103914189475,73.26081069118236,23,0.5
37,0.0,0.18,0.82,1486.4103914189475,73.26081069118236,23,0.5
38,0.0,0.155,0.845,1424.3536919017206,75.0836635381711,23,0.5
39,0.0,0.145,0.855,1418.769374193104,75.24092431134402,23,0.5
40,0.0,0.135,0.865,1390.6995707397705,76.02361444402304,23,0.5
41,0.0,0.125,0.875,1344.1053504241283,77.27193740969997,23,0.5
42,0.0,0.11,0.89,1300.608468487916,78.38551524356507,23,0.5
43,0.0,0.105,0.895,1293.7361729687932,78.55875247316098,23,0.5
44,0.0,0.105,0.895,1293.7361729687932,78.55875247316098,23,0.5
45,0.0,0.1,0.9,1238.36042669449,79.91891398818532,23,0.5
46,0.0,0.095,0.905,1230.2133776383316,80.11365899653539,23,0.5
47,0.0,0.09,0.91,1197.357793155495,80.889785371015,23,0.5
48,0.0,0.085,0.915,1181.832626198062,81.250377364765,23,0.5
49,0.0,0.085,0.915,1181.832626198062,81.250377364765,23,0.5
50,0.0,0.075,0.925,1172.8846073165037,81.45664686416028,23,0.5
51,0.0,0.065,0.935,1146.0675266014978,82.06717620366311,23,0.5
52,0.0,0.055,0.945,1135.9995347609129,82.29331884754367,23,0.5
53,0.0,0.05,0.95,1126.5693807268067,82.50459925540193,23,0.5
54,0.0,0.05,0.95,1126.5693807268067,82.50459925540193,23,0.5
55,0.0,0.045,0.955,1117.5140742489448,82.70665052882192,23,0.5
56,0.0,0.045,0.955,1117.5140742489448,82.70665052882192,23,0.5
57,0.0,0.045,0.955,1117.5140742489448,82.70665052882192,23,0.5
58,0.0,0.045,0.955,1117.5140742489448,82.70665052882192,23,0.5
59,0.0,0.04,0.96,1113.0157015824261,82.80670619802717,23,0.5
60,0.0,0.04,0.96,1113.0157015824261,82.80670619802717,23,0.5
61,0.0,0.04,0.96,1113.0157015824261,82.80670619802717,23,0.5
62,0.0,0.035,0.965,1106.30441715089,82.95546102767433,23,0.5
63,0.0,0.03,0.97,1098.6845788461442,83.12202847530449,23,0.5
64,0.0,0.03,0.97,1098.6845788461442,83.12202847530449,23,0.5
65,0.0,0.025,0.975,1095.3846479849271,83.19396875760424,23,0.5
66,0.0,0.025,0.975,1095.3846479849271,83.19396875760424,23,0.5
67,0.0,0.025,0.975,1095.3846479849271,83.19396875760424,23,0.5
68,0.0,0.02,0.98,1089.4422767174128,83.32371730429563,23,0.5
69,0.0,0.02,0.98,1089.4422767174128,83.32371730429563,23,0.5
70,0.0,0.015,0.985,1080.125540781955,83.52667328357789,23,0.5
71,0.0,0.01,0.99,1068.551559377956,83.77591696536638,23,0.5
72,0.0,0.005,0.995,1047.493222071516,84.22570407819232,23,0.5
73,0.0,0.005,0.995,1047.493222071516,84.22570407819232,23,0.5
74,0.0,0.0,1.0,1024.717819318585,84.70752816676638,23,0.5
75,0.0,0.0,1.0,1024.717819318585,84.70752816676638,23,0.5
76,0.0,0.0,1.0,1024.717819318585,84.70752816676638,23,0.5
77,0.0,0.0,1.0,1024.717819318585,84.70752816676638,23,0.5
78,0.0,0.0,1.0,1024.717819318585,84.70752816676638,23,0.5
0,0.0,0.94,0.06,950.0464685630596,5.5207280146174575,23,1.0
1,0.0,0.89,0.11,1054.0881678262806,11.457905667150044,23,1.0
2,0.0,0.84,0.16,1143.2821366822282,15.603122735249984,23,1.0
3,0.0,0.8,0.2,1272.1617224219408,21.155031619312787,23,1.0
4,0.0,0.755,0.245,1338.6062714033997,23.86294827155433,23,1.0
5,0.0,0.71,0.29,1458.283996992347,28.488852934487767,23,1.0
6,0.0,0.68,0.32,1570.2973749646505,32.5683009768795,23,1.0
7,0.0,0.68,0.32,1570.2973749646505,32.5683009768795,23,1.0
8,0.0,0.68,0.32,1570.2973749646505,32.5683009768795,23,1.0
9,0.0,0.68,0.32,1570.2973749646505,32.5683009768795,23,1.0
10,0.0,0.68,0.32,1570.2973749646505,32.5683009768795,23,1.0
0,0.0,0.94,0.06,950.0464685630596,5.5207280146174575,23,1.5
1,0.0,0.89,0.11,1054.0881678262806,11.457905667150044,23,1.5
2,0.0,0.84,0.16,1143.2821366822282,15.603122735249984,23,1.5
3,0.0,0.8,0.2,1272.1617224219408,21.155031619312787,23,1.5
4,0.0,0.755,0.245,1338.6062714033997,23.86294827155433,23,1.5
5,0.0,0.71,0.29,1458.283996992347,28.488852934487767,23,1.5
6,0.0,0.68,0.32,1570.2973749646505,32.5683009768795,23,1.5
7,0.0,0.7,0.3,1497.852742994094,29.950755254464397,23,1.5
8,0.0,0.66,0.34,1589.9613871595866,33.26348678912656,23,1.5
9,0.0,0.675,0.325,1565.1531901758456,32.38545742977003,23,1.5
10,0.0,0.695,0.305,1528.3293241485903,31.063175177371278,23,1.5
11,0.0,0.655,0.345,1606.563437169546,33.84962572067625,23,1.5
12,0.0,0.67,0.33,1577.2900935136595,32.82305706997519,23,1.5
13,0.0,0.695,0.305,1514.0098765350708,30.55423180564693,23,1.5
14,0.0,0.715,0.285,1406.7148369940198,26.525689124164785,23,1.5
15,0.0,0.685,0.315,1465.650142219509,28.763292379380484,23,1.5
16,0.0,0.65,0.35,1585.6115129260518,33.11270639753846,23,1.5
17,0.0,0.67,0.33,1499.9862597436618,30.038135257501487,23,1.5
18,0.0,0.685,0.315,1470.0280327332825,28.93065026446586,23,1.5
19,0.0,0.64,0.36,1554.5684825428275,32.0228166217409,23,1.5
20,0.0,0.625,0.375,1572.6266834490123,32.6648727009741,23,1.5
21,0.0,0.65,0.35,1516.0060842215469,30.629397418080465,23,1.5
22,0.0,0.615,0.385,1597.7023242185007,33.5459003005939,23,1.5
23,0.0,0.635,0.365,1563.9403123664663,32.35122832975699,23,1.5
24,0.0,0.625,0.375,1589.2513175777797,33.245684249923855,23,1.5
25,0.0,0.63,0.37,1581.065917024015,32.95820616184167,23,1.5
26,0.0,0.65,0.35,1563.2958072792703,32.328508860281964,23,1.5
27,0.0,0.67,0.33,1514.4911699435515,30.57019701974608,23,1.5
28,0.0,0.68,0.32,1498.8993979348213,30.000216700898484,23,1.5
29,0.0,0.64,0.36,1556.2586705246774,32.082681715105686,23,1.5
30,0.0,0.665,0.335,1520.580808681059,30.796468560905748,23,1.5
31,0.0,0.63,0.37,1603.161235003361,33.740108153633585,23,1.5
32,0.0,0.65,0.35,1564.2607573103287,32.3663232801131,23,1.5
33,0.0,0.66,0.34,1541.980785049846,31.570943574105325,23,1.5
34,0.0,0.68,0.32,1486.6247707810726,29.553238582672762,23,1.5
35,0.0,0.66,0.34,1562.5425571960789,32.315905830930824,23,1.5
36,0.0,0.69,0.31,1517.0951841245478,30.680133156073865,23,1.5
37,0.0,0.65,0.35,1603.0895817102114,33.74632167587474,23,1.5
38,0.0,0.665,0.335,1539.4824879225164,31.496928881769875,23,1.5
39,0.0,0.63,0.37,1598.0224425242893,33.57397645390686,23,1.5
40,0.0,0.65,0.35,1541.7540288055548,31.569318967081433,23,1.5
41,0.0,0.67,0.33,1512.9804209219624,30.524034360264647,23,1.5
42,0.0,0.635,0.365,1602.0684701650796,33.708339559932746,23,1.5
43,0.0,0.645,0.355,1576.076590721595,32.79125031719204,23,1.5
44,0.0,0.635,0.365,1594.3779795233743,33.4371185983561,23,1.5
45,0.0,0.64,0.36,1590.8394562793917,33.312423529531635,23,1.5
46,0.0,0.66,0.34,1567.5200392853199,32.487447500395874,23,1.5
47,0.0,0.675,0.325,1537.0479887642107,31.3983197853721,23,1.5
48,0.0,0.675,0.325,1537.0479887642107,31.3983197853721,23,1.5
49,0.0,0.695,0.305,1499.3995552951685,30.028591508283853,23,1.5
50,0.0,0.665,0.335,1582.2668268210793,33.01245651404393,23,1.5
51,0.0,0.68,0.32,1517.0196707521502,30.673804690036107,23,1.5
52,0.0,0.645,0.355,1596.8770164387304,33.52000879517229,23,1.5
53,0.0,0.665,0.335,1554.298967197114,32.014995329615985,23,1.5
54,0.0,0.675,0.325,1527.4753993450781,31.04605708545175,23,1.5
55,0.0,0.695,0.305,1493.9465785969314,29.819872479310284,23,1.5
56,0.0,0.655,0.345,1588.557879724163,33.22376649487826,23,1.5
57,0.0,0.675,0.325,1550.3690337470716,31.863929889786384,23,1.5
58,0.0,0.655,0.345,1578.1747470571663,32.85522980720721,23,1.5
59,0.0,0.675,0.325,1524.3222656037965,30.929949058749724,23,1.5
60,0.0,0.64,0.36,1584.0107572836596,33.0665008407517,23,1.5
61,0.0,0.665,0.335,1528.5274549926387,31.078916679321658,23,1.5
62,0.0,0.63,0.37,1596.0589440025649,33.483798165462076,23,1.5
63,0.0,0.66,0.34,1485.9589408759211,29.527480210196227,23,1.5
64,0.0,0.625,0.375,1548.5712872408576,31.808210966460614,23,1.5
65,0.0,0.595,0.405,1601.6777768304078,33.688473672461875,23,1.5
66,0.0,0.605,0.395,1561.7838444602592,32.27663288776343,23,1.5
67,0.0,0.635,0.365,1523.336638743471,30.893447058820378,23,1.5
68,0.0,0.645,0.355,1500.1151106911361,30.044426789350556,23,1.5
69,0.0,0.615,0.385,1602.0786386167865,33.69797684719121,23,1.5
70,0.0,0.64,0.36,1533.6581932925683,31.27239463148641,23,1.5
71,0.0,0.655,0.345,1506.6034454986636,30.290707171681074,23,1.5
72,0.0,0.625,0.375,1569.4111661139002,32.554589078021074,23,1.5
73,0.0,0.645,0.355,1503.303453606219,30.162767553240663,23,1.5
74,0.0,0.655,0.345,1486.7994306721203,29.553083996404915,23,1.5
75,0.0,0.63,0.37,1558.3420475006967,32.14699091772092,23,1.5
76,0.0,0.655,0.345,1522.1019189561562,30.842720691843734,23,1.5
77,0.0,0.625,0.375,1587.8922344316309,33.199664883043795,23,1.5
78,0.0,0.65,0.35,1550.5646777497138,31.875223291651054,23,1.5
79,0.0,0.66,0.34,1532.309157525431,31.217476399592492,23,1.5
80,0.0,0.675,0.325,1492.7071594554725,29.77201198571282,23,1.5
81,0.0,0.645,0.355,1549.6398260745696,31.837972969189963,23,1.5
82,0.0,0.625,0.375,1577.3874386733435,32.826191597432626,23,1.5
83,0.0,0.65,0.35,1500.7676868716383,30.071307339628937,23,1.5
84,0.0,0.62,0.38,1569.8234912932974,32.5635631854327,23,1.5
85,0.0,0.635,0.365,1556.0249189660537,32.07121386430271,23,1.5
86,0.0,0.655,0.345,1499.1108242252321,30.00884688393206,23,1.5
87,0.0,0.66,0.34,1498.1211773400398,29.972333771937105,23,1.5
88,0.0,0.62,0.38,1580.1731536992083,32.93302614577259,23,1.5
89,0.0,0.635,0.365,1568.5258327521642,32.51985402472529,23,1.5
90,0.0,0.645,0.355,1549.1096124678431,31.826711333790072,23,1.5
91,0.0,0.655,0.345,1520.8713436540888,30.803659117260434,23,1.5
92,0.0,0.63,0.37,1592.3958395429513,33.36682121294406,23,1.5
93,0.0,0.655,0.345,1515.4260307532434,30.612119810775546,23,1.5
94,0.0,0.63,0.37,1596.0189635504707,33.49502902458501,23,1.5
95,0.0,0.655,0.345,1561.1577366250312,32.26422321396234,23,1.5
96,0.0,0.675,0.325,1536.6410182189736,31.383679437552274,23,1.5
97,0.0,0.68,0.32,1530.2087639345702,31.150242259787582,23,1.5
98,0.0,0.7,0.3,1487.7034520723957,29.595262999191142,23,1.5
99,0.0,0.67,0.33,1567.8507693463616,32.5041695030371,23,1.5
100,0.0,0.69,0.31,1517.230789524312,30.6836371473469,23,1.5
0,0.0,0.94,0.06,950.0464685630596,5.5207280146174575,23,2.0
1,0.0,0.89,0.11,1054.0881678262806,11.457905667150044,23,2.0
2,0.0,0.84,0.16,1143.2821366822282,15.603122735249984,23,2.0
3,0.0,0.8,0.2,1272.1617224219408,21.155031619312787,23,2.0
4,0.0,0.755,0.245,1338.6062714033997,23.86294827155433,23,2.0
5,0.0,0.71,0.29,1458.283996992347,28.488852934487767,23,2.0
6,0.0,0.68,0.32,1570.2973749646505,32.5683009768795,23,2.0
7,0.0,0.7,0.3,1497.852742994094,29.950755254464397,23,2.0
8,0.0,0.66,0.34,1589.9613871595866,33.26348678912656,23,2.0
9,0.0,0.675,0.325,1565.1531901758456,32.38545742977003,23,2.0
10,0.0,0.695,0.305,1528.3293241485903,31.063175177371278,23,2.0
11,0.0,0.655,0.345,1606.563437169546,33.84962572067625,23,2.0
12,0.0,0.67,0.33,1577.2900935136595,32.82305706997519,23,2.0
13,0.0,0.695,0.305,1514.0098765350708,30.55423180564693,23,2.0
14,0.0,0.715,0.285,1406.7148369940198,26.525689124164785,23,2.0
15,0.0,0.685,0.315,1465.650142219509,28.763292379380484,23,2.0
16,0.0,0.65,0.35,1585.6115129260518,33.11270639753846,23,2.0
17,0.0,0.67,0.33,1499.9862597436618,30.038135257501487,23,2.0
18,0.0,0.685,0.315,1470.0280327332825,28.93065026446586,23,2.0
19,0.0,0.64,0.36,1554.5684825428275,32.0228166217409,23,2.0
20,0.0,0.625,0.375,1572.6266834490123,32.6648727009741,23,2.0
21,0.0,0.65,0.35,1516.0060842215469,30.629397418080465,23,2.0
22,0.0,0.615,0.385,1597.7023242185007,33.5459003005939,23,2.0
23,0.0,0.635,0.365,1563.9403123664663,32.35122832975699,23,2.0
24,0.0,0.625,0.375,1589.2513175777797,33.245684249923855,23,2.0
25,0.0,0.63,0.37,1581.065917024015,32.95820616184167,23,2.0
26,0.0,0.65,0.35,1563.2958072792703,32.328508860281964,23,2.0
27,0.0,0.67,0.33,1514.4911699435515,30.57019701974608,23,2.0
28,0.0,0.68,0.32,1498.8993979348213,30.000216700898484,23,2.0
29,0.0,0.64,0.36,1556.2586705246774,32.082681715105686,23,2.0
30,0.0,0.665,0.335,1520.580808681059,30.796468560905748,23,2.0
31,0.0,0.63,0.37,1603.161235003361,33.740108153633585,23,2.0
32,0.0,0.65,0.35,1564.2607573103287,32.3663232801131,23,2.0
33,0.0,0.66,0.34,1541.980785049846,31.570943574105325,23,2.0
34,0.0,0.68,0.32,1486.6247707810726,29.553238582672762,23,2.0
35,0.0,0.66,0.34,1562.5425571960789,32.315905830930824,23,2.0
36,0.0,0.69,0.31,1517.0951841245478,30.680133156073865,23,2.0
37,0.0,0.65,0.35,1603.0895817102114,33.74632167587474,23,2.0
38,0.0,0.665,0.335,1539.4824879225164,31.496928881769875,23,2.0
39,0.0,0.63,0.37,1598.0224425242893,33.57397645390686,23,2.0
40,0.0,0.65,0.35,1541.7540288055548,31.569318967081433,23,2.0
41,0.0,0.67,0.33,1512.9804209219624,30.524034360264647,23,2.0
42,0.0,0.635,0.365,1602.0684701650796,33.708339559932746,23,2.0
43,0.0,0.645,0.355,1576.076590721595,32.79125031719204,23,2.0
44,0.0,0.635,0.365,1594.3779795233743,33.4371185983561,23,2.0
45,0.0,0.64,0.36,1590.8394562793917,33.312423529531635,23,2.0
46,0.0,0.66,0.34,1567.5200392853199,32.487447500395874,23,2.0
47,0.0,0.675,0.325,1537.0479887642107,31.3983197853721,23,2.0
48,0.0,0.675,0.325,1537.0479887642107,31.3983197853721,23,2.0
49,0.0,0.695,0.305,1499.3995552951685,30.028591508283853,23,2.0
50,0.0,0.665,0.335,1582.2668268210793,33.01245651404393,23,2.0
51,0.0,0.68,0.32,1517.0196707521502,30.673804690036107,23,2.0
52,0.0,0.645,0.355,1596.8770164387304,33.52000879517229,23,2.0
53,0.0,0.665,0.335,1554.298967197114,32.014995329615985,23,2.0
54,0.0,0.675,0.325,1527.4753993450781,31.04605708545175,23,2.0
55,0.0,0.695,0.305,1493.9465785969314,29.819872479310284,23,2.0
56,0.0,0.655,0.345,1588.557879724163,33.22376649487826,23,2.0
57,0.0,0.675,0.325,1550.3690337470716,31.863929889786384,23,2.0
58,0.0,0.655,0.345,1578.1747470571663,32.85522980720721,23,2.0
59,0.0,0.675,0.325,1524.3222656037965,30.929949058749724,23,2.0
60,0.0,0.64,0.36,1584.0107572836596,33.0665008407517,23,2.0
61,0.0,0.665,0.335,1528.5274549926387,31.078916679321658,23,2.0
62,0.0,0.63,0.37,1596.0589440025649,33.483798165462076,23,2.0
63,0.0,0.66,0.34,1485.9589408759211,29.527480210196227,23,2.0
64,0.0,0.625,0.375,1548.5712872408576,31.808210966460614,23,2.0
65,0.0,0.595,0.405,1601.6777768304078,33.688473672461875,23,2.0
66,0.0,0.605,0.395,1561.7838444602592,32.27663288776343,23,2.0
67,0.0,0.635,0.365,1523.336638743471,30.893447058820378,23,2.0
68,0.0,0.645,0.355,1500.1151106911361,30.044426789350556,23,2.0
69,0.0,0.615,0.385,1602.0786386167865,33.69797684719121,23,2.0
70,0.0,0.64,0.36,1533.6581932925683,31.27239463148641,23,2.0
71,0.0,0.655,0.345,1506.6034454986636,30.290707171681074,23,2.0
72,0.0,0.625,0.375,1569.4111661139002,32.554589078021074,23,2.0
73,0.0,0.645,0.355,1503.303453606219,30.162767553240663,23,2.0
74,0.0,0.655,0.345,1486.7994306721203,29.553083996404915,23,2.0
75,0.0,0.63,0.37,1558.3420475006967,32.14699091772092,23,2.0
76,0.0,0.655,0.345,1522.1019189561562,30.842720691843734,23,2.0
77,0.0,0.625,0.375,1587.8922344316309,33.199664883043795,23,2.0
78,0.0,0.65,0.35,1550.5646777497138,31.875223291651054,23,2.0
79,0.0,0.66,0.34,1532.309157525431,31.217476399592492,23,2.0
80,0.0,0.675,0.325,1492.7071594554725,29.77201198571282,23,2.0
81,0.0,0.645,0.355,1549.6398260745696,31.837972969189963,23,2.0
82,0.0,0.625,0.375,1577.3874386733435,32.826191597432626,23,2.0
83,0.0,0.65,0.35,1500.7676868716383,30.071307339628937,23,2.0
84,0.0,0.62,0.38,1569.8234912932974,32.5635631854327,23,2.0
85,0.0,0.635,0.365,1556.0249189660537,32.07121386430271,23,2.0
86,0.0,0.655,0.345,1499.1108242252321,30.00884688393206,23,2.0
87,0.0,0.66,0.34,1498.1211773400398,29.972333771937105,23,2.0
88,0.0,0.62,0.38,1580.1731536992083,32.93302614577259,23,2.0
89,0.0,0.635,0.365,1568.5258327521642,32.51985402472529,23,2.0
90,0.0,0.645,0.355,1549.1096124678431,31.826711333790072,23,2.0
91,0.0,0.655,0.345,1520.8713436540888,30.803659117260434,23,2.0
92,0.0,0.63,0.37,1592.3958395429513,33.36682121294406,23,2.0
93,0.0,0.655,0.345,1515.4260307532434,30.612119810775546,23,2.0
94,0.0,0.63,0.37,1596.0189635504707,33.49502902458501,23,2.0
95,0.0,0.655,0.345,1561.1577366250312,32.26422321396234,23,2.0
96,0.0,0.675,0.325,1536.6410182189736,31.383679437552274,23,2.0
97,0.0,0.68,0.32,1530.2087639345702,31.150242259787582,23,2.0
98,0.0,0.7,0.3,1487.7034520723957,29.595262999191142,23,2.0
99,0.0,0.67,0.33,1567.8507693463616,32.5041695030371,23,2.0
100,0.0,0.69,0.31,1517.230789524312,30.6836371473469,23,2.0
0,0.0,0.94,0.06,1031.5597568773285,4.997562419173592,24,0.0
1,0.0,0.89,0.11,1105.104307125123,9.229656801727264,24,0.0
2,0.0,0.84,0.16,1214.41541237651,14.136871552539453,24,0.0
3,0.0,0.8,0.2,1280.1357299440758,16.886912553888955,24,0.0
4,0.0,0.75,0.25,1445.558892400661,23.345898402283133,24,0.0
5,0.0,0.705,0.295,1530.5355359902646,26.452888657129485,24,0.0
6,0.0,0.665,0.335,1622.9476106342036,29.681025752511765,24,0.0
7,0.0,0.63,0.37,1714.9166864185945,32.85248578364175,24,0.0
8,0.0,0.6,0.4,1788.0272225172328,35.85438459208399,24,0.0
9,0.0,0.575,0.425,1826.1431874120806,37.72183833298426,24,0.0
10,0.0,0.545,0.455,1894.1219346844684,42.14504548328753,24,0.0
11,0.0,0.51,0.49,1920.4063198589947,44.922506355844305,24,0.0
12,0.0,0.49,0.51,1926.2272595219706,45.80913141824744,24,0.0
13,0.0,0.47,0.53,1932.3834084620385,47.08293903252036,24,0.0
14,0.0,0.455,0.545,1936.9510387724772,48.88241000704854,24,0.0
15,0.0,0.435,0.565,1936.8836039580547,50.28328300491402,24,0.0
16,0.0,0.405,0.595,1929.789639664741,52.67139086778525,24,0.0
17,0.0,0.39,0.61,1926.5003419417276,53.31704668632186,24,0.0
18,0.0,0.365,0.635,1918.0843248144208,54.58659449140704,24,0.0
19,0.0,0.345,0.655,1907.2741676600479,55.86247755886528,24,0.0
20,0.0,0.33,0.67,1895.0313408185561,57.05095320137282,24,0.0
21,0.0,0.32,0.68,1881.920758206135,58.13488401268144,24,0.0
22,0.0,0.31,0.69,1878.626947501435,58.38697809474469,24,0.0
23,0.0,0.295,0.705,1856.2702644555718,59.96798607068833,24,0.0
24,0.0,0.275,0.725,1836.3257959924445,61.19469035384773,24,0.0
25,0.0,0.25,0.75,1809.7232563946461,62.66421648837762,24,0.0
26,0.0,0.24,0.76,1772.1076788710957,64.49830085319651,24,0.0
27,0.0,0.22,0.78,1755.3627685235804,65.25187289014322,24,0.0
28,0.0,0.21,0.79,1751.600997199615,65.4162046944022,24,0.0
29,0.0,0.2,0.8,1737.4441924120765,66.02007756876083,24,0.0
30,0.0,0.18,0.82,1692.1956088243662,67.8397108711408,24,0.0
31,0.0,0.17,0.83,1665.700778821625,68.82533726887522,24,0.0
32,0.0,0.16,0.84,1660.0681891894485,69.02835668864732,24,0.0
33,0.0,0.155,0.845,1653.4812849465236,69.26320392774043,24,0.0
34,0.0,0.15,0.85,1645.272428791122,69.55286238522079,24,0.0
35,0.0,0.14,0.86,1631.049069614471,70.04641949974078,24,0.0
36,0.0,0.135,0.865,1628.4083220497162,70.13689833631214,24,0.0
37,0.0,0.13,0.87,1614.062548966446,70.62397173803377,24,0.0
38,0.0,0.12,0.88,1599.8270933111824,71.09516754727235,24,0.0
39,0.0,0.115,0.885,1591.9815458465223,71.35309448510591,24,0.0
40,0.0,0.105,0.895,1588.1658160007923,71.4771928048901,24,0.0
41,0.0,0.105,0.895,1588.1658160007923,71.4771928048901,24,0.0
42,0.0,0.095,0.905,1567.3522919865356,72.14088214094411,24,0.0
43,0.0,0.09,0.91,1540.3793964111842,72.97507335996517,24,0.0
44,0.0,0.09,0.91,1540.3793964111842,72.97507335996517,24,0.0
45,0.0,0.09,0.91,1540.3793964111842,72.97507335996517,24,0.0
46,0.0,0.085,0.915,1526.8749052030764,73.38545893601457,24,0.0
47,0.0,0.085,0.915,1526.8749052030764,73.38545893601457,24,0.0
48,0.0,0.08,0.92,1514.9560779438852,73.7398350079014,24,0.0
49,0.0,0.08,0.92,1514.9560779438852,73.7398350079014,24,0.0
50,0.0,0.075,0.925,1490.5529924194057,74.45905966451795,24,0.0
51,0.0,0.075,0.925,1490.5529924194057,74.45905966451795,24,0.0
52,0.0,0.075,0.925,1490.5529924194057,74.45905966451795,24,0.0
53,0.0,0.075,0.925,1490.5529924194057,74.45905966451795,24,0.0
54,0.0,0.065,0.935,1467.666205085308,75.11443741478705,24,0.0
55,0.0,0.065,0.935,1467.666205085308,75.11443741478705,24,0.0
56,0.0,0.065,0.935,1467.666205085308,75.11443741478705,24,0.0
57,0.0,0.065,0.935,1467.666205085308,75.11443741478705,24,0.0
58,0.0,0.065,0.935,1467.666205085308,75.11443741478705,24,0.0
0,0.0,0.94,0.06,1031.5597568773285,4.997562419173592,24,0.5
1,0.0,0.89,0.11,1105.104307125123,9.229656801727264,24,0.5
2,0.0,0.84,0.16,1214.41541237651,14.136871552539453,24,0.5
3,0.0,0.8,0.2,1280.1357299440758,16.886912553888955,24,0.5
4,0.0,0.75,0.25,1445.558892400661,23.345898402283133,24,0.5
5,0.0,0.705,0.295,1530.5355359902646,26.452888657129485,24,0.5
6,0.0,0.665,0.335,1622.9476106342036,29.681025752511765,24,0.5
7,0.0,0.63,0.37,1714.9166864185945,32.85248578364175,24,0.5
8,0.0,0.6,0.4,1788.0272225172328,35.85438459208399,24,0.5
9,0.0,0.575,0.425,1826.1431874120806,37.72183833298426,24,0.5
10,0.0,0.545,0.455,1894.1219346844684,42.14504548328753,24,0.5
11,0.0,0.51,0.49,1920.4063198589947,44.922506355844305,24,0.5
12,0.0,0.49,0.51,1926.2272595219706,45.80913141824744,24,0.5
13,0.0,0.47,0.53,1932.3834084620385,47.08293903252036,24,0.5
14,0.0,0.455,0.545,1936.9510387724772,48.88241000704854,24,0.5
15,0.0,0.435,0.565,1936.8836039580547,50.28328300491402,24,0.5
16,0.0,0.405,0.595,1929.789639664741,52.67139086778525,24,0.5
17,0.0,0.39,0.61,1926.5003419417276,53.31704668632186,24,0.5
18,0.0,0.365,0.635,1918.0843248144208,54.58659449140704,24,0.5
19,0.0,0.345,0.655,1907.2741676600479,55.86247755886528,24,0.5
20,0.0,0.33,0.67,1895.0313408185561,57.05095320137282,24,0.5
21,0.0,0.32,0.68,1881.920758206135,58.13488401268144,24,0.5
22,0.0,0.31,0.69,1878.626947501435,58.38697809474469,24,0.5
23,0.0,0.295,0.705,1856.2702644555718,59.96798607068833,24,0.5
24,0.0,0.275,0.725,1836.3257959924445,61.19469035384773,24,0.5
25,0.0,0.25,0.75,1809.7232563946461,62.66421648837762,24,0.5
26,0.0,0.24,0.76,1772.1076788710957,64.49830085319651,24,0.5
27,0.0,0.22,0.78,1755.3627685235804,65.25187289014322,24,0.5
28,0.0,0.21,0.79,1751.600997199615,65.4162046944022,24,0.5
29,0.0,0.2,0.8,1737.4441924120765,66.02007756876083,24,0.5
30,0.0,0.18,0.82,1692.1956088243662,67.8397108711408,24,0.5
31,0.0,0.17,0.83,1665.700778821625,68.82533726887522,24,0.5
32,0.0,0.16,0.84,1660.0681891894485,69.02835668864732,24,0.5
33,0.0,0.155,0.845,1653.4812849465236,69.26320392774043,24,0.5
34,0.0,0.15,0.85,1645.272428791122,69.55286238522079,24,0.5
35,0.0,0.14,0.86,1631.049069614471,70.04641949974078,24,0.5
36,0.0,0.135,0.865,1628.4083220497162,70.13689833631214,24,0.5
37,0.0,0.13,0.87,1614.062548966446,70.62397173803377,24,0.5
38,0.0,0.12,0.88,1599.8270933111824,71.09516754727235,24,0.5
39,0.0,0.115,0.885,1591.9815458465223,71.35309448510591,24,0.5
40,0.0,0.105,0.895,1588.1658160007923,71.4771928048901,24,0.5
41,0.0,0.105,0.895,1588.1658160007923,71.4771928048901,24,0.5
42,0.0,0.095,0.905,1567.3522919865356,72.14088214094411,24,0.5
43,0.0,0.09,0.91,1540.3793964111842,72.97507335996517,24,0.5
44,0.0,0.09,0.91,1540.3793964111842,72.97507335996517,24,0.5
45,0.0,0.09,0.91,1540.3793964111842,72.97507335996517,24,0.5
46,0.0,0.085,0.915,1526.8749052030764,73.38545893601457,24,0.5
47,0.0,0.085,0.915,1526.8749052030764,73.38545893601457,24,0.5
48,0.0,0.08,0.92,1514.9560779438852,73.7398350079014,24,0.5
49,0.0,0.08,0.92,1514.9560779438852,73.7398350079014,24,0.5
50,0.0,0.075,0.925,1490.5529924194057,74.45905966451795,24,0.5
51,0.0,0.075,0.925,1490.5529924194057,74.45905966451795,24,0.5
52,0.0,0.075,0.925,1490.5529924194057,74.45905966451795,24,0.5
53,0.0,0.075,0.925,1490.5529924194057,74.45905966451795,24,0.5
54,0.0,0.065,0.935,1467.666205085308,75.11443741478705,24,0.5
55,0.0,0.065,0.935,1467.666205085308,75.11443741478705,24,0.5
56,0.0,0.065,0.935,1467.666205085308,75.11443741478705,24,0.5
57,0.0,0.065,0.935,1467.666205085308,75.11443741478705,24,0.5
58,0.0,0.065,0.935,1467.666205085308,75.11443741478705,24,0.5
0,0.0,0.94,0.06,1031.5597568773285,4.997562419173592,24,1.0
1,0.0,0.89,0.11,1105.104307125123,9.229656801727264,24,1.0
2,0.0,0.84,0.16,1214.41541237651,14.136871552539453,24,1.0
3,0.0,0.8,0.2,1280.1357299440758,16.886912553888955,24,1.0
4,0.0,0.75,0.25,1445.558892400661,23.345898402283133,24,1.0
5,0.0,0.705,0.295,1530.5355359902646,26.452888657129485,24,1.0
6,0.0,0.665,0.335,1622.9476106342036,29.681025752511765,24,1.0
7,0.0,0.665,0.335,1622.9476106342036,29.681025752511765,24,1.0
8,0.0,0.665,0.335,1622.9476106342036,29.681025752511765,24,1.0
9,0.0,0.665,0.335,1622.9476106342036,29.681025752511765,24,1.0
10,0.0,0.665,0.335,1622.9476106342036,29.681025752511765,24,1.0
0,0.0,0.94,0.06,1031.5597568773285,4.997562419173592,24,1.5
1,0.0,0.89,0.11,1105.104307125123,9.229656801727264,24,1.5
2,0.0,0.84,0.16,1214.41541237651,14.136871552539453,24,1.5
3,0.0,0.8,0.2,1280.1357299440758,16.886912553888955,24,1.5
4,0.0,0.75,0.25,1445.558892400661,23.345898402283133,24,1.5
5,0.0,0.705,0.295,1530.5355359902646,26.452888657129485,24,1.5
6,0.0,0.665,0.335,1622.9476106342036,29.681025752511765,24,1.5
7,0.0,0.68,0.32,1574.208297772258,28.000223527999523,24,1.5
8,0.0,0.7,0.3,1541.2418751354958,26.836378334807275,24,1.5
9,0.0,0.67,0.33,1600.2852598861718,28.905055949757497,24,1.5
10,0.0,0.685,0.315,1559.9743711146668,27.49871000188918,24,1.5
11,0.0,0.65,0.35,1647.7764334750434,30.53050338296662,24,1.5
12,0.0,0.675,0.325,1584.966695585279,28.383271632239016,24,1.5
13,0.0,0.69,0.31,1564.461070892974,27.664884176977512,24,1.5
14,0.0,0.665,0.335,1637.783224701954,30.197220785731005,24,1.5
15,0.0,0.685,0.315,1591.153854851975,28.603240726035274,24,1.5
16,0.0,0.69,0.31,1577.4365197790894,28.12652713350054,24,1.5
17,0.0,0.71,0.29,1518.3646335473522,26.03150958800654,24,1.5
18,0.0,0.68,0.32,1574.6582296794177,28.031606969692337,24,1.5
19,0.0,0.645,0.355,1654.280946102273,30.76464490647997,24,1.5
20,0.0,0.655,0.345,1643.3509091855235,30.394894706063564,24,1.5
21,0.0,0.685,0.315,1585.7896894664495,28.418186398542915,24,1.5
22,0.0,0.695,0.305,1553.8411648497743,27.298823981942157,24,1.5
23,0.0,0.67,0.33,1644.6850005013291,30.430821726463293,24,1.5
24,0.0,0.685,0.315,1627.5839193643396,29.849735885634942,24,1.5
25,0.0,0.695,0.305,1591.0051575069317,28.590701137742215,24,1.5
26,0.0,0.7,0.3,1589.819278545636,28.549429009117684,24,1.5
27,0.0,0.705,0.295,1572.5826460540052,27.950632545884936,24,1.5
28,0.0,0.675,0.325,1605.2805744666,29.084882513713232,24,1.5
29,0.0,0.7,0.3,1534.323243491154,26.593032672714543,24,1.5
30,0.0,0.665,0.335,1659.0033091163484,30.901161601204606,24,1.5
31,0.0,0.68,0.32,1648.9130331318129,30.560482349903364,24,1.5
32,0.0,0.685,0.315,1620.7778603035367,29.609162156609347,24,1.5
33,0.0,0.695,0.305,1568.601941950685,27.794831420129555,24,1.5
34,0.0,0.705,0.295,1555.4845557159103,27.331695446110295,24,1.5
35,0.0,0.665,0.335,1646.560220377217,30.48410539812984,24,1.5
36,0.0,0.685,0.315,1617.365309816149,29.491326914993635,24,1.5
37,0.0,0.69,0.31,1614.466523327049,29.391745618755635,24,1.5
38,0.0,0.705,0.295,1582.336588817883,28.278057434327955,24,1.5
39,0.0,0.71,0.29,1576.607274159827,28.07864491788916,24,1.5
40,0.0,0.67,0.33,1640.3077113996524,30.265739156416295,24,1.5
41,0.0,0.69,0.31,1577.4519056287654,28.103147987645592,24,1.5
42,0.0,0.695,0.305,1574.4862878179056,27.999023724972226,24,1.5
43,0.0,0.665,0.335,1651.9216728899323,30.66393687560513,24,1.5
44,0.0,0.69,0.31,1617.0647330839333,29.477633182713756,24,1.5
45,0.0,0.705,0.295,1579.5890866914556,28.18174883243499,24,1.5
46,0.0,0.67,0.33,1638.3863013127143,30.203257796771304,24,1.5
47,0.0,0.685,0.315,1607.3924547830868,29.14213103307359,24,1.5
48,0.0,0.705,0.295,1554.5751631848107,27.30568300163076,24,1.5
49,0.0,0.68,0.32,1632.699399603446,30.017436893825195,24,1.5
50,0.0,0.695,0.305,1592.4580526298464,28.63776812351626,24,1.5
51,0.0,0.66,0.34,1659.3285461879964,30.920815461295106,24,1.5
52,0.0,0.675,0.325,1621.3673076764705,29.634652416841064,24,1.5
53,0.0,0.695,0.305,1595.1432410623997,28.733331809229284,24,1.5
54,0.0,0.715,0.285,1534.4537372970951,26.593917635211433,24,1.5
55,0.0,0.68,0.32,1622.8129955937789,29.675313078037558,24,1.5
56,0.0,0.7,0.3,1556.2325041865245,27.366570727051986,24,1.5
57,0.0,0.655,0.345,1647.07347738814,30.50569104477553,24,1.5
58,0.0,0.675,0.325,1615.2726222009578,29.426864777501688,24,1.5
59,0.0,0.69,0.31,1585.7748501085,28.409410289537547,24,1.5
60,0.0,0.7,0.3,1569.216679430858,27.831918890407742,24,1.5
61,0.0,0.67,0.33,1640.655541380303,30.29086917771349,24,1.5
62,0.0,0.69,0.31,1564.8187417249044,27.671938801595367,24,1.5
63,0.0,0.66,0.34,1634.0912037970202,30.064240633384436,24,1.5
64,0.0,0.68,0.32,1602.1262173714356,28.972389496448532,24,1.5
65,0.0,0.7,0.3,1540.4699056515092,26.809564351556737,24,1.5
66,0.0,0.66,0.34,1633.175610378476,30.027484235134114,24,1.5
67,0.0,0.685,0.315,1571.1382110923005,27.886515983386403,24,1.5
68,0.0,0.655,0.345,1633.7290226847024,30.04990781352977,24,1.5
69,0.0,0.67,0.33,1588.7166673305428,28.50462322518323,24,1.5
70,0.0,0.685,0.315,1567.791097936515,27.77455951289655,24,1.5
71,0.0,0.66,0.34,1628.2204124936225,29.86459989982167,24,1.5
72,0.0,0.64,0.36,1656.381266117183,30.81516257036384,24,1.5
73,0.0,0.66,0.34,1586.631972947649,28.436953588696284,24,1.5
74,0.0,0.675,0.325,1533.7945703817106,26.57820702425638,24,1.5
75,0.0,0.65,0.35,1577.8652646221449,28.135221806122313,24,1.5
76,0.0,0.665,0.335,1519.5353388447727,26.06640445858263,24,1.5
77,0.0,0.67,0.33,1515.0962072266184,25.906316833163643,24,1.5
78,0.0,0.625,0.375,1617.3912770268703,29.494915784648168,24,1.5
79,0.0,0.635,0.365,1597.081225933202,28.794636761247673,24,1.5
80,0.0,0.65,0.35,1573.6992433051566,27.982209788088618,24,1.5
81,0.0,0.63,0.37,1611.8040606326902,29.301767191594735,24,1.5
82,0.0,0.65,0.35,1570.986973932421,27.88964433686174,24,1.5
83,0.0,0.62,0.38,1653.9459434842079,30.741107188246033,24,1.5
84,0.0,0.63,0.37,1606.8123778526715,29.131673412478833,24,1.5
85,0.0,0.65,0.35,1551.097030048649,27.193031611453268,24,1.5
86,0.0,0.61,0.39,1609.9256357401537,29.248818583924656,24,1.5
87,0.0,0.595,0.405,1646.917178085369,30.509659999618055,24,1.5
88,0.0,0.63,0.37,1586.0395598162017,28.420696968767903,24,1.5
89,0.0,0.65,0.35,1551.7186912917082,27.212876346372582,24,1.5
90,0.0,0.67,0.33,1500.7897226216116,25.386266234333334,24,1.5
91,0.0,0.64,0.36,1590.8473014348144,28.57971044339064,24,1.5
92,0.0,0.665,0.335,1558.4466710061333,27.44653278196887,24,1.5
93,0.0,0.63,0.37,1611.36242967253,29.290155505570745,24,1.5
94,0.0,0.655,0.345,1575.569432340425,28.04798824591141,24,1.5
95,0.0,0.66,0.34,1565.0170059201257,27.67864496423834,24,1.5
96,0.0,0.63,0.37,1619.2213697542304,29.56168318462986,24,1.5
97,0.0,0.65,0.35,1560.006030248934,27.504711042998615,24,1.5
98,0.0,0.62,0.38,1653.8640218212915,30.73276006564688,24,1.5
99,0.0,0.63,0.37,1636.6957296574867,30.15091827274375,24,1.5
100,0.0,0.65,0.35,1595.425856684278,28.73598617481951,24,1.5
0,0.0,0.94,0.06,1031.5597568773285,4.997562419173592,24,2.0
1,0.0,0.89,0.11,1105.104307125123,9.229656801727264,24,2.0
2,0.0,0.84,0.16,1214.41541237651,14.136871552539453,24,2.0
3,0.0,0.8,0.2,1280.1357299440758,16.886912553888955,24,2.0
4,0.0,0.75,0.25,1445.558892400661,23.345898402283133,24,2.0
5,0.0,0.705,0.295,1530.5355359902646,26.452888657129485,24,2.0
6,0.0,0.665,0.335,1622.9476106342036,29.681025752511765,24,2.0
7,0.0,0.68,0.32,1574.208297772258,28.000223527999523,24,2.0
8,0.0,0.7,0.3,1541.2418751354958,26.836378334807275,24,2.0
9,0.0,0.67,0.33,1600.2852598861718,28.905055949757497,24,2.0
10,0.0,0.685,0.315,1559.9743711146668,27.49871000188918,24,2.0
11,0.0,0.65,0.35,1647.7764334750434,30.53050338296662,24,2.0
12,0.0,0.675,0.325,1584.966695585279,28.383271632239016,24,2.0
13,0.0,0.69,0.31,1564.461070892974,27.664884176977512,24,2.0
14,0.0,0.665,0.335,1637.783224701954,30.197220785731005,24,2.0
15,0.0,0.685,0.315,1591.153854851975,28.603240726035274,24,2.0
16,0.0,0.69,0.31,1577.4365197790894,28.12652713350054,24,2.0
17,0.0,0.71,0.29,1518.3646335473522,26.03150958800654,24,2.0
18,0.0,0.68,0.32,1574.6582296794177,28.031606969692337,24,2.0
19,0.0,0.645,0.355,1654.280946102273,30.76464490647997,24,2.0
20,0.0,0.655,0.345,1643.3509091855235,30.394894706063564,24,2.0
21,0.0,0.685,0.315,1585.7896894664495,28.418186398542915,24,2.0
22,0.0,0.695,0.305,1553.8411648497743,27.298823981942157,24,2.0
23,0.0,0.67,0.33,1644.6850005013291,30.430821726463293,24,2.0
24,0.0,0.685,0.315,1627.5839193643396,29.849735885634942,24,2.0
25,0.0,0.695,0.305,1591.0051575069317,28.590701137742215,24,2.0
26,0.0,0.7,0.3,1589.819278545636,28.549429009117684,24,2.0
27,0.0,0.705,0.295,1572.5826460540052,27.950632545884936,24,2.0
28,0.0,0.675,0.325,1605.2805744666,29.084882513713232,24,2.0
29,0.0,0.7,0.3,1534.323243491154,26.593032672714543,24,2.0
30,0.0,0.665,0.335,1659.0033091163484,30.901161601204606,24,2.0
31,0.0,0.68,0.32,1648.9130331318129,30.560482349903364,24,2.0
32,0.0,0.685,0.315,1620.7778603035367,29.609162156609347,24,2.0
33,0.0,0.695,0.305,1568.601941950685,27.794831420129555,24,2.0
34,0.0,0.705,0.295,1555.4845557159103,27.331695446110295,24,2.0
35,0.0,0.665,0.335,1646.560220377217,30.48410539812984,24,2.0
36,0.0,0.685,0.315,1617.365309816149,29.491326914993635,24,2.0
37,0.0,0.69,0.31,1614.466523327049,29.391745618755635,24,2.0
38,0.0,0.705,0.295,1582.336588817883,28.278057434327955,24,2.0
39,0.0,0.71,0.29,1576.607274159827,28.07864491788916,24,2.0
40,0.0,0.67,0.33,1640.3077113996524,30.265739156416295,24,2.0
41,0.0,0.69,0.31,1577.4519056287654,28.103147987645592,24,2.0
42,0.0,0.695,0.305,1574.4862878179056,27.999023724972226,24,2.0
43,0.0,0.665,0.335,1651.9216728899323,30.66393687560513,24,2.0
44,0.0,0.69,0.31,1617.0647330839333,29.477633182713756,24,2.0
45,0.0,0.705,0.295,1579.5890866914556,28.18174883243499,24,2.0
46,0.0,0.67,0.33,1638.3863013127143,30.203257796771304,24,2.0
47,0.0,0.685,0.315,1607.3924547830868,29.14213103307359,24,2.0
48,0.0,0.705,0.295,1554.5751631848107,27.30568300163076,24,2.0
49,0.0,0.68,0.32,1632.699399603446,30.017436893825195,24,2.0
50,0.0,0.695,0.305,1592.4580526298464,28.63776812351626,24,2.0
51,0.0,0.66,0.34,1659.3285461879964,30.920815461295106,24,2.0
52,0.0,0.675,0.325,1621.3673076764705,29.634652416841064,24,2.0
53,0.0,0.695,0.305,1595.1432410623997,28.733331809229284,24,2.0
54,0.0,0.715,0.285,1534.4537372970951,26.593917635211433,24,2.0
55,0.0,0.68,0.32,1622.8129955937789,29.675313078037558,24,2.0
56,0.0,0.7,0.3,1556.2325041865245,27.366570727051986,24,2.0
57,0.0,0.655,0.345,1647.07347738814,30.50569104477553,24,2.0
58,0.0,0.675,0.325,1615.2726222009578,29.426864777501688,24,2.0
59,0.0,0.69,0.31,1585.7748501085,28.409410289537547,24,2.0
60,0.0,0.7,0.3,1569.216679430858,27.831918890407742,24,2.0
61,0.0,0.67,0.33,1640.655541380303,30.29086917771349,24,2.0
62,0.0,0.69,0.31,1564.8187417249044,27.671938801595367,24,2.0
63,0.0,0.66,0.34,1634.0912037970202,30.064240633384436,24,2.0
64,0.0,0.68,0.32,1602.1262173714356,28.972389496448532,24,2.0
65,0.0,0.7,0.3,1540.4699056515092,26.809564351556737,24,2.0
66,0.0,0.66,0.34,1633.175610378476,30.027484235134114,24,2.0
67,0.0,0.685,0.315,1571.1382110923005,27.886515983386403,24,2.0
68,0.0,0.655,0.345,1633.7290226847024,30.04990781352977,24,2.0
69,0.0,0.67,0.33,1588.7166673305428,28.50462322518323,24,2.0
70,0.0,0.685,0.315,1567.791097936515,27.77455951289655,24,2.0
71,0.0,0.66,0.34,1628.2204124936225,29.86459989982167,24,2.0
72,0.0,0.64,0.36,1656.381266117183,30.81516257036384,24,2.0
73,0.0,0.66,0.34,1586.631972947649,28.436953588696284,24,2.0
74,0.0,0.675,0.325,1533.7945703817106,26.57820702425638,24,2.0
75,0.0,0.65,0.35,1577.8652646221449,28.135221806122313,24,2.0
76,0.0,0.665,0.335,1519.5353388447727,26.06640445858263,24,2.0
77,0.0,0.67,0.33,1515.0962072266184,25.906316833163643,24,2.0
78,0.0,0.625,0.375,1617.3912770268703,29.494915784648168,24,2.0
79,0.0,0.635,0.365,1597.081225933202,28.794636761247673,24,2.0
80,0.0,0.65,0.35,1573.6992433051566,27.982209788088618,24,2.0
81,0.0,0.63,0.37,1611.8040606326902,29.301767191594735,24,2.0
82,0.0,0.65,0.35,1570.986973932421,27.88964433686174,24,2.0
83,0.0,0.62,0.38,1653.9459434842079,30.741107188246033,24,2.0
84,0.0,0.63,0.37,1606.8123778526715,29.131673412478833,24,2.0
85,0.0,0.65,0.35,1551.097030048649,27.193031611453268,24,2.0
86,0.0,0.61,0.39,1609.9256357401537,29.248818583924656,24,2.0
87,0.0,0.595,0.405,1646.917178085369,30.509659999618055,24,2.0
88,0.0,0.63,0.37,1586.0395598162017,28.420696968767903,24,2.0
89,0.0,0.65,0.35,1551.7186912917082,27.212876346372582,24,2.0
90,0.0,0.67,0.33,1500.7897226216116,25.386266234333334,24,2.0
91,0.0,0.64,0.36,1590.8473014348144,28.57971044339064,24,2.0
92,0.0,0.665,0.335,1558.4466710061333,27.44653278196887,24,2.0
93,0.0,0.63,0.37,1611.36242967253,29.290155505570745,24,2.0
94,0.0,0.655,0.345,1575.569432340425,28.04798824591141,24,2.0
95,0.0,0.66,0.34,1565.0170059201257,27.67864496423834,24,2.0
96,0.0,0.63,0.37,1619.2213697542304,29.56168318462986,24,2.0
97,0.0,0.65,0.35,1560.006030248934,27.504711042998615,24,2.0
98,0.0,0.62,0.38,1653.8640218212915,30.73276006564688,24,2.0
99,0.0,0.63,0.37,1636.6957296574867,30.15091827274375,24,2.0
100,0.0,0.65,0.35,1595.425856684278,28.73598617481951,24,2.0
0,0.0,0.94,0.06,961.6404389933974,3.6391022368658703,25,0.0
1,0.0,0.89,0.11,1028.0219896857916,8.883029581540306,25,0.0
2,0.0,0.845,0.155,1106.850577336937,12.767196457928883,25,0.0
3,0.0,0.805,0.195,1223.2976952397862,17.983542687189022,25,0.0
4,0.0,0.765,0.235,1282.7221827065716,20.501134946851064,25,0.0
5,0.0,0.725,0.275,1354.1483368596075,23.415897215501566,25,0.0
6,0.0,0.685,0.315,1425.9554718888342,26.233640043429475,25,0.0
7,0.0,0.645,0.355,1549.4150496325483,30.838670361560176,25,0.0
8,0.0,0.61,0.39,1637.0194802868432,33.978856531248375,25,0.0
9,0.0,0.58,0.42,1710.3775310271578,37.05116612081366,25,0.0
10,0.0,0.55,0.45,1757.8398044442235,39.52084604193932,25,0.0
11,0.0,0.525,0.475,1777.8846583422987,40.76167176956736,25,0.0
12,0.0,0.505,0.495,1822.9425307211689,44.48618352511317,25,0.0
13,0.0,0.48,0.52,1844.5357165576504,48.08423858937628,25,0.0
14,0.0,0.465,0.535,1846.5059231499715,48.90036921170295,25,0.0
15,0.0,0.425,0.575,1844.780521584242,51.83506046046979,25,0.0
16,0.0,0.41,0.59,1840.4914097556925,52.939144826775326,25,0.0
17,0.0,0.39,0.61,1828.706317500476,54.85502993904749,25,0.0
18,0.0,0.365,0.635,1820.4225398258782,55.847175624890454,25,0.0
19,0.0,0.36,0.64,1818.5050716784783,56.05422649720471,25,0.0
20,0.0,0.335,0.665,1785.7040406128428,58.88769610518472,25,0.0
21,0.0,0.315,0.685,1747.5567802102532,61.32291931117226,25,0.0
22,0.0,0.285,0.715,1695.8610046498954,63.97062811626787,25,0.0
23,0.0,0.285,0.715,1695.8610046498954,63.97062811626787,25,0.0
24,0.0,0.275,0.725,1684.9825698346824,64.47055036740207,25,0.0
25,0.0,0.245,0.755,1605.8856724899847,67.68078371507366,25,0.0
26,0.0,0.23,0.77,1580.7512901869022,68.59618705790918,25,0.0
27,0.0,0.21,0.79,1539.8293073957989,69.99584496019052,25,0.0
28,0.0,0.195,0.805,1532.035554002193,70.25301373930444,25,0.0
29,0.0,0.185,0.815,1521.6807025008184,70.5879737074081,25,0.0
30,0.0,0.165,0.835,1473.002063554363,72.1022958131881,25,0.0
31,0.0,0.145,0.855,1422.6300784486175,73.57987075529317,25,0.0
32,0.0,0.14,0.86,1409.5452496504854,73.94984722866627,25,0.0
33,0.0,0.135,0.865,1390.1461068444412,74.49149929350779,25,0.0
34,0.0,0.125,0.875,1367.480788463055,75.1041774207855,25,0.0
35,0.0,0.125,0.875,1367.480788463055,75.1041774207855,25,0.0
36,0.0,0.125,0.875,1367.480788463055,75.1041774207855,25,0.0
37,0.0,0.125,0.875,1367.480788463055,75.1041774207855,25,0.0
38,0.0,0.12,0.88,1348.9920901631517,75.59829048476658,25,0.0
39,0.0,0.11,0.89,1331.6829602141959,76.05068209414213,25,0.0
40,0.0,0.105,0.895,1273.6088353134037,77.52896170508319,25,0.0
41,0.0,0.095,0.905,1246.0584168850478,78.20500647070071,25,0.0
42,0.0,0.09,0.91,1242.8062138183445,78.28342609938812,25,0.0
43,0.0,0.09,0.91,1242.8062138183445,78.28342609938812,25,0.0
44,0.0,0.085,0.915,1223.784172191576,78.7389135432812,25,0.0
45,0.0,0.085,0.915,1223.784172191576,78.7389135432812,25,0.0
46,0.0,0.085,0.915,1223.784172191576,78.7389135432812,25,0.0
47,0.0,0.075,0.925,1199.7808921941978,79.3043350479551,25,0.0
48,0.0,0.075,0.925,1199.7808921941978,79.3043350479551,25,0.0
49,0.0,0.075,0.925,1199.7808921941978,79.3043350479551,25,0.0
50,0.0,0.065,0.935,1173.1648296507142,79.9207848152591,25,0.0
51,0.0,0.06,0.94,1164.7129825231918,80.11362382502114,25,0.0
52,0.0,0.06,0.94,1164.7129825231918,80.11362382502114,25,0.0
53,0.0,0.06,0.94,1164.7129825231918,80.11362382502114,25,0.0
54,0.0,0.055,0.945,1155.2624853707948,80.32961291862341,25,0.0
55,0.0,0.055,0.945,1155.2624853707948,80.32961291862341,25,0.0
56,0.0,0.05,0.95,1128.3032480582556,80.93878455858913,25,0.0
57,0.0,0.045,0.955,1127.1979710956994,80.96359600128956,25,0.0
58,0.0,0.045,0.955,1127.1979710956994,80.96359600128956,25,0.0
59,0.0,0.04,0.96,1121.5033281410747,81.09104550110035,25,0.0
60,0.0,0.04,0.96,1121.5033281410747,81.09104550110035,25,0.0
61,0.0,0.04,0.96,1121.5033281410747,81.09104550110035,25,0.0
62,0.0,0.04,0.96,1121.5033281410747,81.09104550110035,25,0.0
63,0.0,0.04,0.96,1121.5033281410747,81.09104550110035,25,0.0
0,0.0,0.94,0.06,961.6404389933974,3.6391022368658703,25,0.5
1,0.0,0.89,0.11,1028.0219896857916,8.883029581540306,25,0.5
2,0.0,0.845,0.155,1106.850577336937,12.767196457928883,25,0.5
3,0.0,0.805,0.195,1223.2976952397862,17.983542687189022,25,0.5
4,0.0,0.765,0.235,1282.7221827065716,20.501134946851064,25,0.5
5,0.0,0.725,0.275,1354.1483368596075,23.415897215501566,25,0.5
6,0.0,0.685,0.315,1425.9554718888342,26.233640043429475,25,0.5
7,0.0,0.645,0.355,1549.4150496325483,30.838670361560176,25,0.5
8,0.0,0.61,0.39,1637.0194802868432,33.978856531248375,25,0.5
9,0.0,0.58,0.42,1710.3775310271578,37.05116612081366,25,0.5
10,0.0,0.55,0.45,1757.8398044442235,39.52084604193932,25,0.5
11,0.0,0.525,0.475,1777.8846583422987,40.76167176956736,25,0.5
12,0.0,0.505,0.495,1822.9425307211689,44.48618352511317,25,0.5
13,0.0,0.48,0.52,1844.5357165576504,48.08423858937628,25,0.5
14,0.0,0.465,0.535,1846.5059231499715,48.90036921170295,25,0.5
15,0.0,0.425,0.575,1844.780521584242,51.83506046046979,25,0.5
16,0.0,0.41,0.59,1840.4914097556925,52.939144826775326,25,0.5
17,0.0,0.39,0.61,1828.706317500476,54.85502993904749,25,0.5
18,0.0,0.365,0.635,1820.4225398258782,55.847175624890454,25,0.5
19,0.0,0.36,0.64,1818.5050716784783,56.05422649720471,25,0.5
20,0.0,0.335,0.665,1785.7040406128428,58.88769610518472,25,0.5
21,0.0,0.315,0.685,1747.5567802102532,61.32291931117226,25,0.5
22,0.0,0.285,0.715,1695.8610046498954,63.97062811626787,25,0.5
23,0.0,0.285,0.715,1695.8610046498954,63.97062811626787,25,0.5
24,0.0,0.275,0.725,1684.9825698346824,64.47055036740207,25,0.5
25,0.0,0.245,0.755,1605.8856724899847,67.68078371507366,25,0.5
26,0.0,0.23,0.77,1580.7512901869022,68.59618705790918,25,0.5
27,0.0,0.21,0.79,1539.8293073957989,69.99584496019052,25,0.5
28,0.0,0.195,0.805,1532.035554002193,70.25301373930444,25,0.5
29,0.0,0.185,0.815,1521.6807025008184,70.5879737074081,25,0.5
30,0.0,0.165,0.835,1473.002063554363,72.1022958131881,25,0.5
31,0.0,0.145,0.855,1422.6300784486175,73.57987075529317,25,0.5
32,0.0,0.14,0.86,1409.5452496504854,73.94984722866627,25,0.5
33,0.0,0.135,0.865,1390.1461068444412,74.49149929350779,25,0.5
34,0.0,0.125,0.875,1367.480788463055,75.1041774207855,25,0.5
35,0.0,0.125,0.875,1367.480788463055,75.1041774207855,25,0.5
36,0.0,0.125,0.875,1367.480788463055,75.1041774207855,25,0.5
37,0.0,0.125,0.875,1367.480788463055,75.1041774207855,25,0.5
38,0.0,0.12,0.88,1348.9920901631517,75.59829048476658,25,0.5
39,0.0,0.11,0.89,1331.6829602141959,76.05068209414213,25,0.5
40,0.0,0.105,0.895,1273.6088353134037,77.52896170508319,25,0.5
41,0.0,0.095,0.905,1246.0584168850478,78.20500647070071,25,0.5
42,0.0,0.09,0.91,1242.8062138183445,78.28342609938812,25,0.5
43,0.0,0.09,0.91,1242.8062138183445,78.28342609938812,25,0.5
44,0.0,0.085,0.915,1223.784172191576,78.7389135432812,25,0.5
45,0.0,0.085,0.915,1223.784172191576,78.7389135432812,25,0.5
46,0.0,0.085,0.915,1223.784172191576,78.7389135432812,25,0.5
47,0.0,0.075,0.925,1199.7808921941978,79.3043350479551,25,0.5
48,0.0,0.075,0.925,1199.7808921941978,79.3043350479551,25,0.5
49,0.0,0.075,0.925,1199.7808921941978,79.3043350479551,25,0.5
50,0.0,0.065,0.935,1173.1648296507142,79.9207848152591,25,0.5
51,0.0,0.06,0.94,1164.7129825231918,80.11362382502114,25,0.5
52,0.0,0.06,0.94,1164.7129825231918,80.11362382502114,25,0.5
53,0.0,0.06,0.94,1164.7129825231918,80.11362382502114,25,0.5
54,0.0,0.055,0.945,1155.2624853707948,80.32961291862341,25,0.5
55,0.0,0.055,0.945,1155.2624853707948,80.32961291862341,25,0.5
56,0.0,0.05,0.95,1128.3032480582556,80.93878455858913,25,0.5
57,0.0,0.045,0.955,1127.1979710956994,80.96359600128956,25,0.5
58,0.0,0.045,0.955,1127.1979710956994,80.96359600128956,25,0.5
59,0.0,0.04,0.96,1121.5033281410747,81.09104550110035,25,0.5
60,0.0,0.04,0.96,1121.5033281410747,81.09104550110035,25,0.5
61,0.0,0.04,0.96,1121.5033281410747,81.09104550110035,25,0.5
62,0.0,0.04,0.96,1121.5033281410747,81.09104550110035,25,0.5
63,0.0,0.04,0.96,1121.5033281410747,81.09104550110035,25,0.5
0,0.0,0.94,0.06,961.6404389933974,3.6391022368658703,25,1.0
1,0.0,0.89,0.11,1028.0219896857916,8.883029581540306,25,1.0
2,0.0,0.845,0.155,1106.850577336937,12.767196457928883,25,1.0
3,0.0,0.805,0.195,1223.2976952397862,17.983542687189022,25,1.0
4,0.0,0.765,0.235,1282.7221827065716,20.501134946851064,25,1.0
5,0.0,0.725,0.275,1354.1483368596075,23.415897215501566,25,1.0
6,0.0,0.685,0.315,1425.9554718888342,26.233640043429475,25,1.0
7,0.0,0.645,0.355,1549.4150496325483,30.838670361560176,25,1.0
8,0.0,0.645,0.355,1549.4150496325483,30.838670361560176,25,1.0
9,0.0,0.645,0.355,1549.4150496325483,30.838670361560176,25,1.0
10,0.0,0.645,0.355,1549.4150496325483,30.838670361560176,25,1.0
11,0.0,0.645,0.355,1549.4150496325483,30.838670361560176,25,1.0
0,0.0,0.94,0.06,961.6404389933974,3.6391022368658703,25,1.5
1,0.0,0.89,0.11,1028.0219896857916,8.883029581540306,25,1.5
2,0.0,0.845,0.155,1106.850577336937,12.767196457928883,25,1.5
3,0.0,0.805,0.195,1223.2976952397862,17.983542687189022,25,1.5
4,0.0,0.765,0.235,1282.7221827065716,20.501134946851064,25,1.5
5,0.0,0.725,0.275,1354.1483368596075,23.415897215501566,25,1.5
6,0.0,0.685,0.315,1425.9554718888342,26.233640043429475,25,1.5
7,0.0,0.645,0.355,1549.4150496325483,30.838670361560176,25,1.5
8,0.0,0.66,0.34,1516.4803518381323,29.640711484214528,25,1.5
9,0.0,0.675,0.325,1471.5891689602124,27.972919249214577,25,1.5
10,0.0,0.645,0.355,1541.7967166866708,30.569019691012546,25,1.5
11,0.0,0.615,0.385,1598.065153585572,32.581690524698594,25,1.5
12,0.0,0.62,0.38,1596.7409235251744,32.53477636233949,25,1.5
13,0.0,0.645,0.355,1524.0074000748596,29.92058005519226,25,1.5
14,0.0,0.625,0.375,1556.6767905863635,31.10855503938584,25,1.5
15,0.0,0.63,0.37,1551.3706686163177,30.916822221448534,25,1.5
16,0.0,0.645,0.355,1516.8083322792904,29.65890042096418,25,1.5
17,0.0,0.62,0.38,1591.5569288268523,32.35627478660717,25,1.5
18,0.0,0.625,0.375,1589.448650893609,32.281335516173556,25,1.5
19,0.0,0.645,0.355,1511.992223749687,29.48047436921788,25,1.5
20,0.0,0.66,0.34,1496.6307516966012,28.91349562126513,25,1.5
21,0.0,0.63,0.37,1592.9071925233259,32.39967957989579,25,1.5
22,0.0,0.635,0.365,1577.3152684475954,31.844749764147252,25,1.5
23,0.0,0.66,0.34,1544.7596371319357,30.674649105651078,25,1.5
24,0.0,0.63,0.37,1595.7118855151164,32.49576626914416,25,1.5
25,0.0,0.64,0.36,1523.392040328042,29.893997730639022,25,1.5
26,0.0,0.615,0.385,1567.6961653555588,31.49779584380917,25,1.5
27,0.0,0.64,0.36,1542.045680490592,30.576090912590487,25,1.5
28,0.0,0.645,0.355,1532.3518213817717,30.222164680254664,25,1.5
29,0.0,0.66,0.34,1509.878331266334,29.396696353600596,25,1.5
30,0.0,0.625,0.375,1604.6592579003104,32.815867326385046,25,1.5
31,0.0,0.64,0.36,1574.5936726475309,31.74807695984267,25,1.5
32,0.0,0.645,0.355,1560.6307780529946,31.246549385259144,25,1.5
33,0.0,0.66,0.34,1525.157691886252,29.95971223384333,25,1.5
34,0.0,0.675,0.325,1496.279807184838,28.896971838570174,25,1.5
35,0.0,0.655,0.345,1567.8803588070216,31.514483826889165,25,1.5
36,0.0,0.67,0.33,1552.7829745196038,30.972441936501728,25,1.5
37,0.0,0.69,0.31,1495.1801360675845,28.86384455471274,25,1.5
38,0.0,0.655,0.345,1574.378846800132,31.74792783113013,25,1.5
39,0.0,0.675,0.325,1515.2145619616783,29.607923064437145,25,1.5
40,0.0,0.69,0.31,1458.4542773336382,27.49161402286265,25,1.5
41,0.0,0.655,0.345,1527.9501387246605,30.072526132894673,25,1.5
42,0.0,0.665,0.335,1514.285293223214,29.57291732131485,25,1.5
43,0.0,0.625,0.375,1592.0411303511664,32.37548901781696,25,1.5
44,0.0,0.66,0.34,1512.030305983463,29.48537253390683,25,1.5
45,0.0,0.625,0.375,1588.7172009437008,32.25252598603352,25,1.5
46,0.0,0.64,0.36,1566.3381035234265,31.452199474121237,25,1.5
47,0.0,0.66,0.34,1495.4411484745758,28.859029241075778,25,1.5
48,0.0,0.665,0.335,1482.527732754046,28.378255834418468,25,1.5
49,0.0,0.63,0.37,1568.9652900393583,31.53665872545203,25,1.5
50,0.0,0.66,0.34,1488.9165406045122,28.612314858179353,25,1.5
51,0.0,0.635,0.365,1530.8087565257947,30.154132980596856,25,1.5
52,0.0,0.61,0.39,1589.6390163955036,32.26829880962477,25,1.5
53,0.0,0.63,0.37,1549.1446116906138,30.819252558519793,25,1.5
54,0.0,0.605,0.395,1595.9907641934797,32.48991040681939,25,1.5
55,0.0,0.615,0.385,1570.3029371258526,31.574093723137526,25,1.5
56,0.0,0.62,0.38,1561.5756982636449,31.260171630187752,25,1.5
57,0.0,0.645,0.355,1479.122050438878,28.240653217693698,25,1.5
58,0.0,0.605,0.395,1584.7963311097026,32.09336218720124,25,1.5
59,0.0,0.63,0.37,1537.5167135404558,30.391041753728544,25,1.5
60,0.0,0.595,0.405,1590.6075987770912,32.296459490606324,25,1.5
61,0.0,0.615,0.385,1560.0883509299995,31.20891226986756,25,1.5
62,0.0,0.63,0.37,1530.5503889639328,30.135868904942157,25,1.5
63,0.0,0.655,0.345,1480.4305687454173,28.284102216274796,25,1.5
64,0.0,0.615,0.385,1602.8406493828825,32.730304062735414,25,1.5
65,0.0,0.64,0.36,1558.0951821774916,31.13470451572034,25,1.5
66,0.0,0.645,0.355,1556.9776462549369,31.09441260675905,25,1.5
67,0.0,0.66,0.34,1508.013992025233,29.308777164255464,25,1.5
68,0.0,0.635,0.365,1550.8237755044536,30.867740450488153,25,1.5
69,0.0,0.655,0.345,1516.0601889624252,29.60161664407037,25,1.5
70,0.0,0.63,0.37,1564.829464202377,31.36965812117601,25,1.5
71,0.0,0.64,0.36,1532.7386167577963,30.20906156598616,25,1.5
72,0.0,0.61,0.39,1592.8420098564259,32.36794938209765,25,1.5
73,0.0,0.625,0.375,1575.6002743941233,31.75520867396297,25,1.5
74,0.0,0.635,0.365,1551.5423759255282,30.892986819871496,25,1.5
75,0.0,0.655,0.345,1501.6789958924976,29.07127851157636,25,1.5
76,0.0,0.615,0.385,1570.0341266720936,31.558070109328415,25,1.5
77,0.0,0.595,0.405,1597.8784893271973,32.5475738899059,25,1.5
78,0.0,0.605,0.395,1579.4075165420052,31.89423198790041,25,1.5
79,0.0,0.625,0.375,1557.595730399968,31.11494711743799,25,1.5
80,0.0,0.64,0.36,1513.6666417938127,29.514247372783966,25,1.5
81,0.0,0.65,0.35,1499.946989701989,29.008969248899277,25,1.5
82,0.0,0.615,0.385,1597.3216196602757,32.535306490388294,25,1.5
83,0.0,0.635,0.365,1549.6000025763867,30.831647976434514,25,1.5
84,0.0,0.62,0.38,1603.0757363011335,32.73990855921954,25,1.5
85,0.0,0.63,0.37,1586.5693911577619,32.1565671692846,25,1.5
86,0.0,0.655,0.345,1520.1836687941577,29.760699641331453,25,1.5
87,0.0,0.63,0.37,1571.8695017966113,31.63322853221929,25,1.5
88,0.0,0.65,0.35,1507.8326262072512,29.308075650132317,25,1.5
89,0.0,0.63,0.37,1566.2765087082653,31.441844933289353,25,1.5
90,0.0,0.645,0.355,1516.0089548101018,29.616262894015307,25,1.5
91,0.0,0.66,0.34,1485.012407189798,28.469354057256943,25,1.5
92,0.0,0.63,0.37,1559.8539399537276,31.20972019169523,25,1.5
93,0.0,0.655,0.345,1474.819869611668,28.08690014022922,25,1.5
94,0.0,0.62,0.38,1536.4271732587035,30.36820554597901,25,1.5
95,0.0,0.635,0.365,1508.198325818767,29.33585778306326,25,1.5
96,0.0,0.61,0.39,1590.9278753766787,32.33182623726161,25,1.5
97,0.0,0.635,0.365,1535.9506578298292,30.356312774585625,25,1.5
98,0.0,0.645,0.355,1518.1979037403944,29.7093621924852,25,1.5
99,0.0,0.625,0.375,1566.3646308844272,31.458387271674567,25,1.5
100,0.0,0.64,0.36,1547.685589088156,30.78366261940213,25,1.5
0,0.0,0.94,0.06,961.6404389933974,3.6391022368658703,25,2.0
1,0.0,0.89,0.11,1028.0219896857916,8.883029581540306,25,2.0
2,0.0,0.845,0.155,1106.850577336937,12.767196457928883,25,2.0
3,0.0,0.805,0.195,1223.2976952397862,17.983542687189022,25,2.0
4,0.0,0.765,0.235,1282.7221827065716,20.501134946851064,25,2.0
5,0.0,0.725,0.275,1354.1483368596075,23.415897215501566,25,2.0
6,0.0,0.685,0.315,1425.9554718888342,26.233640043429475,25,2.0
7,0.0,0.645,0.355,1549.4150496325483,30.838670361560176,25,2.0
8,0.0,0.66,0.34,1516.4803518381323,29.640711484214528,25,2.0
9,0.0,0.675,0.325,1471.5891689602124,27.972919249214577,25,2.0
10,0.0,0.645,0.355,1541.7967166866708,30.569019691012546,25,2.0
11,0.0,0.615,0.385,1598.065153585572,32.581690524698594,25,2.0
12,0.0,0.62,0.38,1596.7409235251744,32.53477636233949,25,2.0
13,0.0,0.645,0.355,1524.0074000748596,29.92058005519226,25,2.0
14,0.0,0.625,0.375,1556.6767905863635,31.10855503938584,25,2.0
15,0.0,0.63,0.37,1551.3706686163177,30.916822221448534,25,2.0
16,0.0,0.645,0.355,1516.8083322792904,29.65890042096418,25,2.0
17,0.0,0.62,0.38,1591.5569288268523,32.35627478660717,25,2.0
18,0.0,0.625,0.375,1589.448650893609,32.281335516173556,25,2.0
19,0.0,0.645,0.355,1511.992223749687,29.48047436921788,25,2.0
20,0.0,0.66,0.34,1496.6307516966012,28.91349562126513,25,2.0
21,0.0,0.63,0.37,1592.9071925233259,32.39967957989579,25,2.0
22,0.0,0.635,0.365,1577.3152684475954,31.844749764147252,25,2.0
23,0.0,0.66,0.34,1544.7596371319357,30.674649105651078,25,2.0
24,0.0,0.63,0.37,1595.7118855151164,32.49576626914416,25,2.0
25,0.0,0.64,0.36,1523.392040328042,29.893997730639022,25,2.0
26,0.0,0.615,0.385,1567.6961653555588,31.49779584380917,25,2.0
27,0.0,0.64,0.36,1542.045680490592,30.576090912590487,25,2.0
28,0.0,0.645,0.355,1532.3518213817717,30.222164680254664,25,2.0
29,0.0,0.66,0.34,1509.878331266334,29.396696353600596,25,2.0
30,0.0,0.625,0.375,1604.6592579003104,32.815867326385046,25,2.0
31,0.0,0.64,0.36,1574.5936726475309,31.74807695984267,25,2.0
32,0.0,0.645,0.355,1560.6307780529946,31.246549385259144,25,2.0
33,0.0,0.66,0.34,1525.157691886252,29.95971223384333,25,2.0
34,0.0,0.675,0.325,1496.279807184838,28.896971838570174,25,2.0
35,0.0,0.655,0.345,1567.8803588070216,31.514483826889165,25,2.0
36,0.0,0.67,0.33,1552.7829745196038,30.972441936501728,25,2.0
37,0.0,0.69,0.31,1495.1801360675845,28.86384455471274,25,2.0
38,0.0,0.655,0.345,1574.378846800132,31.74792783113013,25,2.0
39,0.0,0.675,0.325,1515.2145619616783,29.607923064437145,25,2.0
40,0.0,0.69,0.31,1458.4542773336382,27.49161402286265,25,2.0
41,0.0,0.655,0.345,1527.9501387246605,30.072526132894673,25,2.0
42,0.0,0.665,0.335,1514.285293223214,29.57291732131485,25,2.0
43,0.0,0.625,0.375,1592.0411303511664,32.37548901781696,25,2.0
44,0.0,0.66,0.34,1512.030305983463,29.48537253390683,25,2.0
45,0.0,0.625,0.375,1588.7172009437008,32.25252598603352,25,2.0
46,0.0,0.64,0.36,1566.3381035234265,31.452199474121237,25,2.0
47,0.0,0.66,0.34,1495.4411484745758,28.859029241075778,25,2.0
48,0.0,0.665,0.335,1482.527732754046,28.378255834418468,25,2.0
49,0.0,0.63,0.37,1568.9652900393583,31.53665872545203,25,2.0
50,0.0,0.66,0.34,1488.9165406045122,28.612314858179353,25,2.0
51,0.0,0.635,0.365,1530.8087565257947,30.154132980596856,25,2.0
52,0.0,0.61,0.39,1589.6390163955036,32.26829880962477,25,2.0
53,0.0,0.63,0.37,1549.1446116906138,30.819252558519793,25,2.0
54,0.0,0.605,0.395,1595.9907641934797,32.48991040681939,25,2.0
55,0.0,0.615,0.385,1570.3029371258526,31.574093723137526,25,2.0
56,0.0,0.62,0.38,1561.5756982636449,31.260171630187752,25,2.0
57,0.0,0.645,0.355,1479.122050438878,28.240653217693698,25,2.0
58,0.0,0.605,0.395,1584.7963311097026,32.09336218720124,25,2.0
59,0.0,0.63,0.37,1537.5167135404558,30.391041753728544,25,2.0
60,0.0,0.595,0.405,1590.6075987770912,32.296459490606324,25,2.0
61,0.0,0.615,0.385,1560.0883509299995,31.20891226986756,25,2.0
62,0.0,0.63,0.37,1530.5503889639328,30.135868904942157,25,2.0
63,0.0,0.655,0.345,1480.4305687454173,28.284102216274796,25,2.0
64,0.0,0.615,0.385,1602.8406493828825,32.730304062735414,25,2.0
65,0.0,0.64,0.36,1558.0951821774916,31.13470451572034,25,2.0
66,0.0,0.645,0.355,1556.9776462549369,31.09441260675905,25,2.0
67,0.0,0.66,0.34,1508.013992025233,29.308777164255464,25,2.0
68,0.0,0.635,0.365,1550.8237755044536,30.867740450488153,25,2.0
69,0.0,0.655,0.345,1516.0601889624252,29.60161664407037,25,2.0
70,0.0,0.63,0.37,1564.829464202377,31.36965812117601,25,2.0
71,0.0,0.64,0.36,1532.7386167577963,30.20906156598616,25,2.0
72,0.0,0.61,0.39,1592.8420098564259,32.36794938209765,25,2.0
73,0.0,0.625,0.375,1575.6002743941233,31.75520867396297,25,2.0
74,0.0,0.635,0.365,1551.5423759255282,30.892986819871496,25,2.0
75,0.0,0.655,0.345,1501.6789958924976,29.07127851157636,25,2.0
76,0.0,0.615,0.385,1570.0341266720936,31.558070109328415,25,2.0
77,0.0,0.595,0.405,1597.8784893271973,32.5475738899059,25,2.0
78,0.0,0.605,0.395,1579.4075165420052,31.89423198790041,25,2.0
79,0.0,0.625,0.375,1557.595730399968,31.11494711743799,25,2.0
80,0.0,0.64,0.36,1513.6666417938127,29.514247372783966,25,2.0
81,0.0,0.65,0.35,1499.946989701989,29.008969248899277,25,2.0
82,0.0,0.615,0.385,1597.3216196602757,32.535306490388294,25,2.0
83,0.0,0.635,0.365,1549.6000025763867,30.831647976434514,25,2.0
84,0.0,0.62,0.38,1603.0757363011335,32.73990855921954,25,2.0
85,0.0,0.63,0.37,1586.5693911577619,32.1565671692846,25,2.0
86,0.0,0.655,0.345,1520.1836687941577,29.760699641331453,25,2.0
87,0.0,0.63,0.37,1571.8695017966113,31.63322853221929,25,2.0
88,0.0,0.65,0.35,1507.8326262072512,29.308075650132317,25,2.0
89,0.0,0.63,0.37,1566.2765087082653,31.441844933289353,25,2.0
90,0.0,0.645,0.355,1516.0089548101018,29.616262894015307,25,2.0
91,0.0,0.66,0.34,1485.012407189798,28.469354057256943,25,2.0
92,0.0,0.63,0.37,1559.8539399537276,31.20972019169523,25,2.0
93,0.0,0.655,0.345,1474.819869611668,28.08690014022922,25,2.0
94,0.0,0.62,0.38,1536.4271732587035,30.36820554597901,25,2.0
95,0.0,0.635,0.365,1508.198325818767,29.33585778306326,25,2.0
96,0.0,0.61,0.39,1590.9278753766787,32.33182623726161,25,2.0
97,0.0,0.635,0.365,1535.9506578298292,30.356312774585625,25,2.0
98,0.0,0.645,0.355,1518.1979037403944,29.7093621924852,25,2.0
99,0.0,0.625,0.375,1566.3646308844272,31.458387271674567,25,2.0
100,0.0,0.64,0.36,1547.685589088156,30.78366261940213,25,2.0
0,0.0,0.94,0.06,867.3600365373961,5.335363051260898,26,0.0
1,0.0,0.895,0.105,945.8755617648405,9.876496739757563,26,0.0
2,0.0,0.85,0.15,1051.2038100650725,14.752688944522667,26,0.0
3,0.0,0.805,0.195,1137.6803150664914,18.472707919707688,26,0.0
4,0.0,0.765,0.235,1238.4038748796233,22.556394104320077,26,0.0
5,0.0,0.72,0.28,1339.3094130011225,26.427125169932182,26,0.0
6,0.0,0.69,0.31,1438.8562683371572,30.040538277381206,26,0.0
7,0.0,0.665,0.335,1521.0376769709635,32.88888148651192,26,0.0
8,0.0,0.64,0.36,1594.7923321285546,35.35938278078545,26,0.0
9,0.0,0.605,0.395,1642.1881737452184,37.05747804313435,26,0.0
10,0.0,0.585,0.415,1709.0594737842414,39.809446973369965,26,0.0
11,0.0,0.55,0.45,1769.5727905748279,42.923439799332726,26,0.0
12,0.0,0.52,0.48,1810.2372203646023,45.70712318694271,26,0.0
13,0.0,0.495,0.505,1827.5421031651092,47.23834354987419,26,0.0
14,0.0,0.465,0.535,1844.8267420266184,49.28090965398903,26,0.0
15,0.0,0.445,0.555,1850.7884265821667,50.24864403970995,26,0.0
16,0.0,0.425,0.575,1856.7500096622193,51.64538125528053,26,0.0
17,0.0,0.41,0.59,1859.9755924822837,53.58733586211944,26,0.0
18,0.0,0.385,0.615,1859.308187357598,54.649144190798026,26,0.0
19,0.0,0.345,0.655,1839.2981163231661,58.93602684057504,26,0.0
20,0.0,0.325,0.675,1827.0977451823223,60.301143160669966,26,0.0
21,0.0,0.305,0.695,1809.3614018240607,61.91415691163749,26,0.0
22,0.0,0.3,0.7,1806.7590626220513,62.12326267465354,26,0.0
23,0.0,0.285,0.715,1799.1367885678465,62.71662390245427,26,0.0
24,0.0,0.28,0.72,1796.6008025230738,62.90712564995302,26,0.0
25,0.0,0.275,0.725,1795.7873714196758,62.96715153751583,26,0.0
26,0.0,0.26,0.74,1784.5819370978857,63.759477506290374,26,0.0
27,0.0,0.235,0.765,1752.7634278508274,65.72850611687903,26,0.0
28,0.0,0.21,0.79,1717.7862129331356,67.57921471055307,26,0.0
29,0.0,0.19,0.81,1637.5537646772573,71.12788883137961,26,0.0
30,0.0,0.175,0.825,1624.8325102705526,71.62864233230795,26,0.0
31,0.0,0.165,0.835,1616.1884536359928,71.96454358278908,26,0.0
32,0.0,0.155,0.845,1591.7891684784995,72.87803946653283,26,0.0
33,0.0,0.15,0.85,1581.5192085642236,73.24998923628331,26,0.0
34,0.0,0.145,0.855,1575.0486953222228,73.48241757024294,26,0.0
35,0.0,0.13,0.87,1548.4145288948814,74.41165758692411,26,0.0
36,0.0,0.125,0.875,1510.056723001191,75.69815453508957,26,0.0
37,0.0,0.125,0.875,1510.056723001191,75.69815453508957,26,0.0
38,0.0,0.12,0.88,1505.9762513381427,75.83037726706198,26,0.0
39,0.0,0.12,0.88,1505.9762513381427,75.83037726706198,26,0.0
40,0.0,0.105,0.895,1483.4287573799675,76.54872179627739,26,0.0
41,0.0,0.095,0.905,1408.419376140058,78.79528985239719,26,0.0
42,0.0,0.095,0.905,1408.419376140058,78.79528985239719,26,0.0
43,0.0,0.085,0.915,1393.8368867431805,79.21307194813846,26,0.0
44,0.0,0.085,0.915,1393.8368867431805,79.21307194813846,26,0.0
45,0.0,0.08,0.92,1367.9284087650917,79.94545620512375,26,0.0
46,0.0,0.08,0.92,1367.9284087650917,79.94545620512375,26,0.0
47,0.0,0.08,0.92,1367.9284087650917,79.94545620512375,26,0.0
48,0.0,0.08,0.92,1367.9284087650917,79.94545620512375,26,0.0
49,0.0,0.07,0.93,1335.958741866535,80.81774795912585,26,0.0
50,0.0,0.065,0.935,1322.373126550358,81.18409829291579,26,0.0
51,0.0,0.065,0.935,1322.373126550358,81.18409829291579,26,0.0
52,0.0,0.065,0.935,1322.373126550358,81.18409829291579,26,0.0
53,0.0,0.06,0.94,1311.630438672366,81.46775969090115,26,0.0
54,0.0,0.06,0.94,1311.630438672366,81.46775969090115,26,0.0
55,0.0,0.06,0.94,1311.630438672366,81.46775969090115,26,0.0
56,0.0,0.06,0.94,1311.630438672366,81.46775969090115,26,0.0
57,0.0,0.06,0.94,1311.630438672366,81.46775969090115,26,0.0
0,0.0,0.94,0.06,867.3600365373961,5.335363051260898,26,0.5
1,0.0,0.895,0.105,945.8755617648405,9.876496739757563,26,0.5
2,0.0,0.85,0.15,1051.2038100650725,14.752688944522667,26,0.5
3,0.0,0.805,0.195,1137.6803150664914,18.472707919707688,26,0.5
4,0.0,0.765,0.235,1238.4038748796233,22.556394104320077,26,0.5
5,0.0,0.72,0.28,1339.3094130011225,26.427125169932182,26,0.5
6,0.0,0.69,0.31,1438.8562683371572,30.040538277381206,26,0.5
7,0.0,0.665,0.335,1521.0376769709635,32.88888148651192,26,0.5
8,0.0,0.64,0.36,1594.7923321285546,35.35938278078545,26,0.5
9,0.0,0.605,0.395,1642.1881737452184,37.05747804313435,26,0.5
10,0.0,0.585,0.415,1709.0594737842414,39.809446973369965,26,0.5
11,0.0,0.55,0.45,1769.5727905748279,42.923439799332726,26,0.5
12,0.0,0.52,0.48,1810.2372203646023,45.70712318694271,26,0.5
13,0.0,0.495,0.505,1827.5421031651092,47.23834354987419,26,0.5
14,0.0,0.465,0.535,1844.8267420266184,49.28090965398903,26,0.5
15,0.0,0.445,0.555,1850.7884265821667,50.24864403970995,26,0.5
16,0.0,0.425,0.575,1856.7500096622193,51.64538125528053,26,0.5
17,0.0,0.41,0.59,1859.9755924822837,53.58733586211944,26,0.5
18,0.0,0.385,0.615,1859.308187357598,54.649144190798026,26,0.5
19,0.0,0.345,0.655,1839.2981163231661,58.93602684057504,26,0.5
20,0.0,0.325,0.675,1827.0977451823223,60.301143160669966,26,0.5
21,0.0,0.305,0.695,1809.3614018240607,61.91415691163749,26,0.5
22,0.0,0.3,0.7,1806.7590626220513,62.12326267465354,26,0.5
23,0.0,0.285,0.715,1799.1367885678465,62.71662390245427,26,0.5
24,0.0,0.28,0.72,1796.6008025230738,62.90712564995302,26,0.5
25,0.0,0.275,0.725,1795.7873714196758,62.96715153751583,26,0.5
26,0.0,0.26,0.74,1784.5819370978857,63.759477506290374,26,0.5
27,0.0,0.235,0.765,1752.7634278508274,65.72850611687903,26,0.5
28,0.0,0.21,0.79,1717.7862129331356,67.57921471055307,26,0.5
29,0.0,0.19,0.81,1637.5537646772573,71.12788883137961,26,0.5
30,0.0,0.175,0.825,1624.8325102705526,71.62864233230795,26,0.5
31,0.0,0.165,0.835,1616.1884536359928,71.96454358278908,26,0.5
32,0.0,0.155,0.845,1591.7891684784995,72.87803946653283,26,0.5
33,0.0,0.15,0.85,1581.5192085642236,73.24998923628331,26,0.5
34,0.0,0.145,0.855,1575.0486953222228,73.48241757024294,26,0.5
35,0.0,0.13,0.87,1548.4145288948814,74.41165758692411,26,0.5
36,0.0,0.125,0.875,1510.056723001191,75.69815453508957,26,0.5
37,0.0,0.125,0.875,1510.056723001191,75.69815453508957,26,0.5
38,0.0,0.12,0.88,1505.9762513381427,75.83037726706198,26,0.5
39,0.0,0.12,0.88,1505.9762513381427,75.83037726706198,26,0.5
40,0.0,0.105,0.895,1483.4287573799675,76.54872179627739,26,0.5
41,0.0,0.095,0.905,1408.419376140058,78.79528985239719,26,0.5
42,0.0,0.095,0.905,1408.419376140058,78.79528985239719,26,0.5
43,0.0,0.085,0.915,1393.8368867431805,79.21307194813846,26,0.5
44,0.0,0.085,0.915,1393.8368867431805,79.21307194813846,26,0.5
45,0.0,0.08,0.92,1367.9284087650917,79.94545620512375,26,0.5
46,0.0,0.08,0.92,1367.9284087650917,79.94545620512375,26,0.5
47,0.0,0.08,0.92,1367.9284087650917,79.94545620512375,26,0.5
48,0.0,0.08,0.92,1367.9284087650917,79.94545620512375,26,0.5
49,0.0,0.07,0.93,1335.958741866535,80.81774795912585,26,0.5
50,0.0,0.065,0.935,1322.373126550358,81.18409829291579,26,0.5
51,0.0,0.065,0.935,1322.373126550358,81.18409829291579,26,0.5
52,0.0,0.065,0.935,1322.373126550358,81.18409829291579,26,0.5
53,0.0,0.06,0.94,1311.630438672366,81.46775969090115,26,0.5
54,0.0,0.06,0.94,1311.630438672366,81.46775969090115,26,0.5
55,0.0,0.06,0.94,1311.630438672366,81.46775969090115,26,0.5
56,0.0,0.06,0.94,1311.630438672366,81.46775969090115,26,0.5
57,0.0,0.06,0.94,1311.630438672366,81.46775969090115,26,0.5
0,0.0,0.94,0.06,867.3600365373961,5.335363051260898,26,1.0
1,0.0,0.895,0.105,945.8755617648405,9.876496739757563,26,1.0
2,0.0,0.85,0.15,1051.2038100650725,14.752688944522667,26,1.0
3,0.0,0.805,0.195,1137.6803150664914,18.472707919707688,26,1.0
4,0.0,0.765,0.235,1238.4038748796233,22.556394104320077,26,1.0
5,0.0,0.72,0.28,1339.3094130011225,26.427125169932182,26,1.0
6,0.0,0.69,0.31,1438.8562683371572,30.040538277381206,26,1.0
7,0.0,0.665,0.335,1521.0376769709635,32.88888148651192,26,1.0
8,0.0,0.665,0.335,1521.0376769709635,32.88888148651192,26,1.0
9,0.0,0.63,0.37,1572.3944524859605,34.61054951103331,26,1.0
10,0.0,0.63,0.37,1572.3944524859605,34.61054951103331,26,1.0
11,0.0,0.63,0.37,1572.3944524859605,34.61054951103331,26,1.0
12,0.0,0.63,0.37,1572.3944524859605,34.61054951103331,26,1.0
13,0.0,0.63,0.37,1572.3944524859605,34.61054951103331,26,1.0
0,0.0,0.94,0.06,867.3600365373961,5.335363051260898,26,1.5
1,0.0,0.895,0.105,945.8755617648405,9.876496739757563,26,1.5
2,0.0,0.85,0.15,1051.2038100650725,14.752688944522667,26,1.5
3,0.0,0.805,0.195,1137.6803150664914,18.472707919707688,26,1.5
4,0.0,0.765,0.235,1238.4038748796233,22.556394104320077,26,1.5
5,0.0,0.72,0.28,1339.3094130011225,26.427125169932182,26,1.5
6,0.0,0.69,0.31,1438.8562683371572,30.040538277381206,26,1.5
7,0.0,0.665,0.335,1521.0376769709635,32.88888148651192,26,1.5
8,0.0,0.69,0.31,1474.975207437137,31.309518682711037,26,1.5
9,0.0,0.65,0.35,1541.6733130647021,33.587439206583596,26,1.5
10,0.0,0.68,0.32,1496.9544112948163,32.064763059595926,26,1.5
11,0.0,0.69,0.31,1470.3490198487682,31.142404294690913,26,1.5
12,0.0,0.655,0.345,1570.6840875750586,34.555910685905744,26,1.5
13,0.0,0.68,0.32,1509.7934923915732,32.50988150438772,26,1.5
14,0.0,0.69,0.31,1473.457383325264,31.254032763345663,26,1.5
15,0.0,0.665,0.335,1524.1432328666792,32.990507019091744,26,1.5
16,0.0,0.685,0.315,1482.418535134777,31.56042756325988,26,1.5
17,0.0,0.705,0.295,1439.5486338682017,30.059836194292945,26,1.5
18,0.0,0.665,0.335,1519.6015781533881,32.83269204093865,26,1.5
19,0.0,0.665,0.335,1519.6015781533881,32.83269204093865,26,1.5
20,0.0,0.675,0.325,1495.2939425342115,32.00098306080284,26,1.5
21,0.0,0.68,0.32,1480.520250632054,31.491510151065334,26,1.5
22,0.0,0.65,0.35,1537.5119885894817,33.44062260530882,26,1.5
23,0.0,0.67,0.33,1483.0404850892917,31.576779443695024,26,1.5
24,0.0,0.67,0.33,1483.0404850892917,31.576779443695024,26,1.5
25,0.0,0.655,0.345,1503.5804561901532,32.28249714879988,26,1.5
26,0.0,0.625,0.375,1564.0204839646021,34.317912326660824,26,1.5
27,0.0,0.635,0.365,1536.4636570256578,33.39419975407891,26,1.5
28,0.0,0.645,0.355,1478.3389968685308,31.40197246199166,26,1.5
29,0.0,0.665,0.335,1439.3176834914634,30.033489285551163,26,1.5
30,0.0,0.635,0.365,1478.7516174567736,31.414619129697236,26,1.5
31,0.0,0.6,0.4,1551.3173977580461,33.88647024596991,26,1.5
32,0.0,0.625,0.375,1478.3580956338953,31.404105613758713,26,1.5
33,0.0,0.59,0.41,1564.4337743378615,34.3334263865695,26,1.5
34,0.0,0.61,0.39,1525.0245243279285,33.01088385448276,26,1.5
35,0.0,0.635,0.365,1469.7359644256665,31.109627124848704,26,1.5
36,0.0,0.605,0.395,1569.2837336735186,34.48968739485258,26,1.5
37,0.0,0.635,0.365,1508.7322347653264,32.44652973925367,26,1.5
38,0.0,0.615,0.385,1550.4385487077425,33.85450984951969,26,1.5
39,0.0,0.63,0.37,1511.2461972231051,32.53036203983385,26,1.5
40,0.0,0.64,0.36,1481.7470329876373,31.518157525547,26,1.5
41,0.0,0.645,0.355,1457.718290303133,30.683774144089472,26,1.5
42,0.0,0.61,0.39,1539.1660157645315,33.48207182961538,26,1.5
43,0.0,0.625,0.375,1509.629154110983,32.483599529052476,26,1.5
44,0.0,0.65,0.35,1465.1893438850286,30.9506030850451,26,1.5
45,0.0,0.605,0.395,1556.8328814096672,34.076420692312354,26,1.5
46,0.0,0.64,0.36,1492.3781509499906,31.887689217827614,26,1.5
47,0.0,0.625,0.375,1546.9273808428925,33.74036857231225,26,1.5
48,0.0,0.64,0.36,1516.8229383402233,32.723426551620115,26,1.5
49,0.0,0.615,0.385,1575.476551663758,34.692948229561225,26,1.5
50,0.0,0.63,0.37,1514.4838355425843,32.65339464773419,26,1.5
51,0.0,0.65,0.35,1457.3681148679761,30.684736463687774,26,1.5
52,0.0,0.635,0.365,1505.8183245733428,32.36301524354568,26,1.5
53,0.0,0.64,0.36,1492.6927236204826,31.910741029095576,26,1.5
54,0.0,0.66,0.34,1448.3845389569835,30.364852974756246,26,1.5
55,0.0,0.67,0.33,1434.9143341248125,29.890397172490726,26,1.5
56,0.0,0.66,0.34,1461.0860383996041,30.81075887415876,26,1.5
57,0.0,0.665,0.335,1450.3237945624687,30.43380519316553,26,1.5
58,0.0,0.64,0.36,1503.6653091351063,32.28503085905049,26,1.5
59,0.0,0.655,0.345,1486.4290583001334,31.691838239317335,26,1.5
60,0.0,0.625,0.375,1559.8936059074658,34.18615874083714,26,1.5
61,0.0,0.65,0.35,1509.3737317127761,32.48193487646316,26,1.5
62,0.0,0.67,0.33,1473.83781849054,31.261236235508242,26,1.5
63,0.0,0.675,0.325,1468.0877925613484,31.060384558480365,26,1.5
64,0.0,0.68,0.32,1439.4557478187553,30.059577557076768,26,1.5
65,0.0,0.645,0.355,1557.7869798417769,34.11646851047265,26,1.5
66,0.0,0.665,0.335,1512.4954217469337,32.58931795809095,26,1.5
67,0.0,0.675,0.325,1479.6489214011417,31.45941486860967,26,1.5
68,0.0,0.65,0.35,1538.8594245079305,33.47714705006277,26,1.5
69,0.0,0.66,0.34,1457.9056517407982,30.690773408474165,26,1.5
70,0.0,0.63,0.37,1502.7971795479643,32.24540600286529,26,1.5
71,0.0,0.645,0.355,1464.2250984356428,30.9136275157709,26,1.5
72,0.0,0.63,0.37,1533.2320105981053,33.285575503961184,26,1.5
73,0.0,0.645,0.355,1515.741030176536,32.692514230250566,26,1.5
74,0.0,0.66,0.34,1482.0594218772947,31.53815028738562,26,1.5
75,0.0,0.615,0.385,1564.4349768727611,34.337093348398525,26,1.5
76,0.0,0.625,0.375,1552.8385582084054,33.94919386806062,26,1.5
77,0.0,0.645,0.355,1500.4535585777348,32.17355677227036,26,1.5
78,0.0,0.615,0.385,1553.9425737225172,33.98563004558322,26,1.5
79,0.0,0.64,0.36,1498.5850659774037,32.112771389896075,26,1.5
80,0.0,0.645,0.355,1485.3244737253335,31.657382522129893,26,1.5
81,0.0,0.605,0.395,1576.527383247216,34.73378107408402,26,1.5
82,0.0,0.62,0.38,1543.2629752411951,33.62734227496607,26,1.5
83,0.0,0.605,0.395,1568.9691043666712,34.48640533069461,26,1.5
84,0.0,0.63,0.37,1531.979878205208,33.2451817167885,26,1.5
85,0.0,0.65,0.35,1503.0061556116195,32.260583245476454,26,1.5
86,0.0,0.615,0.385,1565.7176634363498,34.37337623608859,26,1.5
87,0.0,0.635,0.365,1535.3047432148826,33.35512683739383,26,1.5
88,0.0,0.645,0.355,1515.6941768997938,32.691123446731304,26,1.5
89,0.0,0.66,0.34,1478.830595220316,31.423332760536656,26,1.5
90,0.0,0.63,0.37,1567.431332504997,34.42602922660225,26,1.5
91,0.0,0.64,0.36,1546.1325368089294,33.71310409357865,26,1.5
92,0.0,0.665,0.335,1491.9488005971875,31.873091046881555,26,1.5
93,0.0,0.64,0.36,1553.616272837133,33.96690714508744,26,1.5
94,0.0,0.655,0.345,1534.4374238672733,33.32396052898111,26,1.5
95,0.0,0.665,0.335,1510.5815168431027,32.51300044836835,26,1.5
96,0.0,0.685,0.315,1412.4828623127662,29.09199469673489,26,1.5
97,0.0,0.65,0.35,1568.7411309293714,34.479634628917054,26,1.5
98,0.0,0.665,0.335,1525.4811129488644,33.02607430767273,26,1.5
99,0.0,0.685,0.315,1482.292477865269,31.542575930173868,26,1.5
100,0.0,0.65,0.35,1552.9327008498092,33.948706218325384,26,1.5
0,0.0,0.94,0.06,867.3600365373961,5.335363051260898,26,2.0
1,0.0,0.895,0.105,945.8755617648405,9.876496739757563,26,2.0
2,0.0,0.85,0.15,1051.2038100650725,14.752688944522667,26,2.0
3,0.0,0.805,0.195,1137.6803150664914,18.472707919707688,26,2.0
4,0.0,0.765,0.235,1238.4038748796233,22.556394104320077,26,2.0
5,0.0,0.72,0.28,1339.3094130011225,26.427125169932182,26,2.0
6,0.0,0.69,0.31,1438.8562683371572,30.040538277381206,26,2.0
7,0.0,0.665,0.335,1521.0376769709635,32.88888148651192,26,2.0
8,0.0,0.69,0.31,1474.975207437137,31.309518682711037,26,2.0
9,0.0,0.65,0.35,1541.6733130647021,33.587439206583596,26,2.0
10,0.0,0.68,0.32,1496.9544112948163,32.064763059595926,26,2.0
11,0.0,0.69,0.31,1470.3490198487682,31.142404294690913,26,2.0
12,0.0,0.655,0.345,1570.6840875750586,34.555910685905744,26,2.0
13,0.0,0.68,0.32,1509.7934923915732,32.50988150438772,26,2.0
14,0.0,0.69,0.31,1473.457383325264,31.254032763345663,26,2.0
15,0.0,0.665,0.335,1524.1432328666792,32.990507019091744,26,2.0
16,0.0,0.685,0.315,1482.418535134777,31.56042756325988,26,2.0
17,0.0,0.705,0.295,1439.5486338682017,30.059836194292945,26,2.0
18,0.0,0.665,0.335,1519.6015781533881,32.83269204093865,26,2.0
19,0.0,0.665,0.335,1519.6015781533881,32.83269204093865,26,2.0
20,0.0,0.675,0.325,1495.2939425342115,32.00098306080284,26,2.0
21,0.0,0.68,0.32,1480.520250632054,31.491510151065334,26,2.0
22,0.0,0.65,0.35,1537.5119885894817,33.44062260530882,26,2.0
23,0.0,0.67,0.33,1483.0404850892917,31.576779443695024,26,2.0
24,0.0,0.67,0.33,1483.0404850892917,31.576779443695024,26,2.0
25,0.0,0.655,0.345,1503.5804561901532,32.28249714879988,26,2.0
26,0.0,0.625,0.375,1564.0204839646021,34.317912326660824,26,2.0
27,0.0,0.635,0.365,1536.4636570256578,33.39419975407891,26,2.0
28,0.0,0.645,0.355,1478.3389968685308,31.40197246199166,26,2.0
29,0.0,0.665,0.335,1439.3176834914634,30.033489285551163,26,2.0
30,0.0,0.635,0.365,1478.7516174567736,31.414619129697236,26,2.0
31,0.0,0.6,0.4,1551.3173977580461,33.88647024596991,26,2.0
32,0.0,0.625,0.375,1478.3580956338953,31.404105613758713,26,2.0
33,0.0,0.59,0.41,1564.4337743378615,34.3334263865695,26,2.0
34,0.0,0.61,0.39,1525.0245243279285,33.01088385448276,26,2.0
35,0.0,0.635,0.365,1469.7359644256665,31.109627124848704,26,2.0
36,0.0,0.605,0.395,1569.2837336735186,34.48968739485258,26,2.0
37,0.0,0.635,0.365,1508.7322347653264,32.44652973925367,26,2.0
38,0.0,0.615,0.385,1550.4385487077425,33.85450984951969,26,2.0
39,0.0,0.63,0.37,1511.2461972231051,32.53036203983385,26,2.0
40,0.0,0.64,0.36,1481.7470329876373,31.518157525547,26,2.0
41,0.0,0.645,0.355,1457.718290303133,30.683774144089472,26,2.0
42,0.0,0.61,0.39,1539.1660157645315,33.48207182961538,26,2.0
43,0.0,0.625,0.375,1509.629154110983,32.483599529052476,26,2.0
44,0.0,0.65,0.35,1465.1893438850286,30.9506030850451,26,2.0
45,0.0,0.605,0.395,1556.8328814096672,34.076420692312354,26,2.0
46,0.0,0.64,0.36,1492.3781509499906,31.887689217827614,26,2.0
47,0.0,0.625,0.375,1546.9273808428925,33.74036857231225,26,2.0
48,0.0,0.64,0.36,1516.8229383402233,32.723426551620115,26,2.0
49,0.0,0.615,0.385,1575.476551663758,34.692948229561225,26,2.0
50,0.0,0.63,0.37,1514.4838355425843,32.65339464773419,26,2.0
51,0.0,0.65,0.35,1457.3681148679761,30.684736463687774,26,2.0
52,0.0,0.635,0.365,1505.8183245733428,32.36301524354568,26,2.0
53,0.0,0.64,0.36,1492.6927236204826,31.910741029095576,26,2.0
54,0.0,0.66,0.34,1448.3845389569835,30.364852974756246,26,2.0
55,0.0,0.67,0.33,1434.9143341248125,29.890397172490726,26,2.0
56,0.0,0.66,0.34,1461.0860383996041,30.81075887415876,26,2.0
57,0.0,0.665,0.335,1450.3237945624687,30.43380519316553,26,2.0
58,0.0,0.64,0.36,1503.6653091351063,32.28503085905049,26,2.0
59,0.0,0.655,0.345,1486.4290583001334,31.691838239317335,26,2.0
60,0.0,0.625,0.375,1559.8936059074658,34.18615874083714,26,2.0
61,0.0,0.65,0.35,1509.3737317127761,32.48193487646316,26,2.0
62,0.0,0.67,0.33,1473.83781849054,31.261236235508242,26,2.0
63,0.0,0.675,0.325,1468.0877925613484,31.060384558480365,26,2.0
64,0.0,0.68,0.32,1439.4557478187553,30.059577557076768,26,2.0
65,0.0,0.645,0.355,1557.7869798417769,34.11646851047265,26,2.0
66,0.0,0.665,0.335,1512.4954217469337,32.58931795809095,26,2.0
67,0.0,0.675,0.325,1479.6489214011417,31.45941486860967,26,2.0
68,0.0,0.65,0.35,1538.8594245079305,33.47714705006277,26,2.0
69,0.0,0.66,0.34,1457.9056517407982,30.690773408474165,26,2.0
70,0.0,0.63,0.37,1502.7971795479643,32.24540600286529,26,2.0
71,0.0,0.645,0.355,1464.2250984356428,30.9136275157709,26,2.0
72,0.0,0.63,0.37,1533.2320105981053,33.285575503961184,26,2.0
73,0.0,0.645,0.355,1515.741030176536,32.692514230250566,26,2.0
74,0.0,0.66,0.34,1482.0594218772947,31.53815028738562,26,2.0
75,0.0,0.615,0.385,1564.4349768727611,34.337093348398525,26,2.0
76,0.0,0.625,0.375,1552.8385582084054,33.94919386806062,26,2.0
77,0.0,0.645,0.355,1500.4535585777348,32.17355677227036,26,2.0
78,0.0,0.615,0.385,1553.9425737225172,33.98563004558322,26,2.0
79,0.0,0.64,0.36,1498.5850659774037,32.112771389896075,26,2.0
80,0.0,0.645,0.355,1485.3244737253335,31.657382522129893,26,2.0
81,0.0,0.605,0.395,1576.527383247216,34.73378107408402,26,2.0
82,0.0,0.62,0.38,1543.2629752411951,33.62734227496607,26,2.0
83,0.0,0.605,0.395,1568.9691043666712,34.48640533069461,26,2.0
84,0.0,0.63,0.37,1531.979878205208,33.2451817167885,26,2.0
85,0.0,0.65,0.35,1503.0061556116195,32.260583245476454,26,2.0
86,0.0,0.615,0.385,1565.7176634363498,34.37337623608859,26,2.0
87,0.0,0.635,0.365,1535.3047432148826,33.35512683739383,26,2.0
88,0.0,0.645,0.355,1515.6941768997938,32.691123446731304,26,2.0
89,0.0,0.66,0.34,1478.830595220316,31.423332760536656,26,2.0
90,0.0,0.63,0.37,1567.431332504997,34.42602922660225,26,2.0
91,0.0,0.64,0.36,1546.1325368089294,33.71310409357865,26,2.0
92,0.0,0.665,0.335,1491.9488005971875,31.873091046881555,26,2.0
93,0.0,0.64,0.36,1553.616272837133,33.96690714508744,26,2.0
94,0.0,0.655,0.345,1534.4374238672733,33.32396052898111,26,2.0
95,0.0,0.665,0.335,1510.5815168431027,32.51300044836835,26,2.0
96,0.0,0.685,0.315,1412.4828623127662,29.09199469673489,26,2.0
97,0.0,0.65,0.35,1568.7411309293714,34.479634628917054,26,2.0
98,0.0,0.665,0.335,1525.4811129488644,33.02607430767273,26,2.0
99,0.0,0.685,0.315,1482.292477865269,31.542575930173868,26,2.0
100,0.0,0.65,0.35,1552.9327008498092,33.948706218325384,26,2.0
0,0.0,0.94,0.06,949.876224835848,7.17358830502874,27,0.0
1,0.0,0.89,0.11,1063.1432885682207,12.834026228895095,27,0.0
2,0.0,0.845,0.155,1151.7566071457597,16.762811236807714,27,0.0
3,0.0,0.8,0.2,1322.8585761676286,23.775899689719115,27,0.0
4,0.0,0.755,0.245,1430.330639266707,27.848624559379495,27,0.0
5,0.0,0.71,0.29,1533.9256282833737,31.5710481896226,27,0.0
6,0.0,0.675,0.325,1597.3305002914533,33.75421566744139,27,0.0
7,0.0,0.63,0.37,1684.7484728120025,36.66035995388589,27,0.0
8,0.0,0.605,0.395,1749.8556350595093,38.88604620457485,27,0.0
9,0.0,0.575,0.425,1818.6534630876947,41.621083957779824,27,0.0
10,0.0,0.545,0.455,1875.499353141491,44.371713541995966,27,0.0
11,0.0,0.525,0.475,1923.6963478622213,47.3959394274825,27,0.0
12,0.0,0.505,0.495,1940.0618856432222,48.701827727675024,27,0.0
13,0.0,0.475,0.525,1963.3037173122425,51.120759025324084,27,0.0
14,0.0,0.455,0.545,1968.5158154865474,51.848444093389276,27,0.0
15,0.0,0.425,0.575,1973.6545976661337,52.718285899601824,27,0.0
16,0.0,0.395,0.605,1979.900053548863,54.23325019128654,27,0.0
17,0.0,0.385,0.615,1981.4657128797314,54.897950385060376,27,0.0
18,0.0,0.36,0.64,1981.7717212716555,57.17416357792834,27,0.0
19,0.0,0.35,0.65,1981.2187244623678,57.47527630615337,27,0.0
20,0.0,0.335,0.665,1976.9205048441636,58.89555129419334,27,0.0
21,0.0,0.315,0.685,1971.242101561777,60.03036317967076,27,0.0
22,0.0,0.3,0.7,1955.3648100749974,62.174715600116,27,0.0
23,0.0,0.28,0.72,1942.7437950749722,63.45249628909197,27,0.0
24,0.0,0.25,0.75,1920.8022209200165,65.25081653729177,27,0.0
25,0.0,0.23,0.77,1893.811245077958,67.09473501403289,27,0.0
26,0.0,0.225,0.775,1889.3136783269988,67.37467679026057,27,0.0
27,0.0,0.21,0.79,1863.238321528687,68.87678681931024,27,0.0
28,0.0,0.2,0.8,1838.6700725680134,70.14862384030027,27,0.0
29,0.0,0.19,0.81,1827.4790999553115,70.68929905150206,27,0.0
30,0.0,0.175,0.825,1814.8227411938688,71.27904298442958,27,0.0
31,0.0,0.17,0.83,1809.5681411431253,71.51659276339925,27,0.0
32,0.0,0.16,0.84,1796.716514772953,72.08846439260259,27,0.0
33,0.0,0.16,0.84,1796.716514772953,72.08846439260259,27,0.0
34,0.0,0.16,0.84,1796.716514772953,72.08846439260259,27,0.0
35,0.0,0.145,0.855,1768.2450448546488,73.29264338473887,27,0.0
36,0.0,0.14,0.86,1753.1049837519329,73.89984105609346,27,0.0
37,0.0,0.13,0.87,1742.1543851420513,74.3292314344107,27,0.0
38,0.0,0.12,0.88,1727.7147874122081,74.88256225252206,27,0.0
39,0.0,0.11,0.89,1685.9182004290008,76.39225996618546,27,0.0
40,0.0,0.105,0.895,1672.8869465992473,76.84766102373433,27,0.0
41,0.0,0.1,0.9,1664.3892927077115,77.14008107053259,27,0.0
42,0.0,0.095,0.905,1663.8081829693688,77.15999049430458,27,0.0
43,0.0,0.095,0.905,1663.8081829693688,77.15999049430458,27,0.0
44,0.0,0.095,0.905,1663.8081829693688,77.15999049430458,27,0.0
45,0.0,0.095,0.905,1663.8081829693688,77.15999049430458,27,0.0
46,0.0,0.09,0.91,1658.9277293347823,77.32463053255385,27,0.0
47,0.0,0.08,0.92,1642.4809731881016,77.87611904560202,27,0.0
48,0.0,0.08,0.92,1642.4809731881016,77.87611904560202,27,0.0
49,0.0,0.075,0.925,1636.7906220678356,78.06323782006373,27,0.0
50,0.0,0.06,0.94,1613.6465547747978,78.80553300592243,27,0.0
51,0.0,0.06,0.94,1613.6465547747978,78.80553300592243,27,0.0
52,0.0,0.055,0.945,1608.0632825527503,78.98126231422424,27,0.0
53,0.0,0.055,0.945,1608.0632825527503,78.98126231422424,27,0.0
54,0.0,0.045,0.955,1584.0799057255929,79.72989347366014,27,0.0
55,0.0,0.04,0.96,1581.0801356124684,79.82122167242466,27,0.0
56,0.0,0.035,0.965,1573.830630786719,80.04191702696407,27,0.0
57,0.0,0.03,0.97,1557.42211580827,80.53182386579593,27,0.0
58,0.0,0.03,0.97,1557.42211580827,80.53182386579593,27,0.0
59,0.0,0.02,0.98,1522.4071805318717,81.55927571559084,27,0.0
60,0.0,0.02,0.98,1522.4071805318717,81.55927571559084,27,0.0
61,0.0,0.02,0.98,1522.4071805318717,81.55927571559084,27,0.0
62,0.0,0.02,0.98,1522.4071805318717,81.55927571559084,27,0.0
63,0.0,0.02,0.98,1522.4071805318717,81.55927571559084,27,0.0
0,0.0,0.94,0.06,949.876224835848,7.17358830502874,27,0.5
1,0.0,0.89,0.11,1063.1432885682207,12.834026228895095,27,0.5
2,0.0,0.845,0.155,1151.7566071457597,16.762811236807714,27,0.5
3,0.0,0.8,0.2,1322.8585761676286,23.775899689719115,27,0.5
4,0.0,0.755,0.245,1430.330639266707,27.848624559379495,27,0.5
5,0.0,0.71,0.29,1533.9256282833737,31.5710481896226,27,0.5
6,0.0,0.675,0.325,1597.3305002914533,33.75421566744139,27,0.5
7,0.0,0.63,0.37,1684.7484728120025,36.66035995388589,27,0.5
8,0.0,0.605,0.395,1749.8556350595093,38.88604620457485,27,0.5
9,0.0,0.575,0.425,1818.6534630876947,41.621083957779824,27,0.5
10,0.0,0.545,0.455,1875.499353141491,44.371713541995966,27,0.5
11,0.0,0.525,0.475,1923.6963478622213,47.3959394274825,27,0.5
12,0.0,0.505,0.495,1940.0618856432222,48.701827727675024,27,0.5
13,0.0,0.475,0.525,1963.3037173122425,51.120759025324084,27,0.5
14,0.0,0.455,0.545,1968.5158154865474,51.848444093389276,27,0.5
15,0.0,0.425,0.575,1973.6545976661337,52.718285899601824,27,0.5
16,0.0,0.395,0.605,1979.900053548863,54.23325019128654,27,0.5
17,0.0,0.385,0.615,1981.4657128797314,54.897950385060376,27,0.5
18,0.0,0.36,0.64,1981.7717212716555,57.17416357792834,27,0.5
19,0.0,0.35,0.65,1981.2187244623678,57.47527630615337,27,0.5
20,0.0,0.335,0.665,1976.9205048441636,58.89555129419334,27,0.5
21,0.0,0.315,0.685,1971.242101561777,60.03036317967076,27,0.5
22,0.0,0.3,0.7,1955.3648100749974,62.174715600116,27,0.5
23,0.0,0.28,0.72,1942.7437950749722,63.45249628909197,27,0.5
24,0.0,0.25,0.75,1920.8022209200165,65.25081653729177,27,0.5
25,0.0,0.23,0.77,1893.811245077958,67.09473501403289,27,0.5
26,0.0,0.225,0.775,1889.3136783269988,67.37467679026057,27,0.5
27,0.0,0.21,0.79,1863.238321528687,68.87678681931024,27,0.5
28,0.0,0.2,0.8,1838.6700725680134,70.14862384030027,27,0.5
29,0.0,0.19,0.81,1827.4790999553115,70.68929905150206,27,0.5
30,0.0,0.175,0.825,1814.8227411938688,71.27904298442958,27,0.5
31,0.0,0.17,0.83,1809.5681411431253,71.51659276339925,27,0.5
32,0.0,0.16,0.84,1796.716514772953,72.08846439260259,27,0.5
33,0.0,0.16,0.84,1796.716514772953,72.08846439260259,27,0.5
34,0.0,0.16,0.84,1796.716514772953,72.08846439260259,27,0.5
35,0.0,0.145,0.855,1768.2450448546488,73.29264338473887,27,0.5
36,0.0,0.14,0.86,1753.1049837519329,73.89984105609346,27,0.5
37,0.0,0.13,0.87,1742.1543851420513,74.3292314344107,27,0.5
38,0.0,0.12,0.88,1727.7147874122081,74.88256225252206,27,0.5
39,0.0,0.11,0.89,1685.9182004290008,76.39225996618546,27,0.5
40,0.0,0.105,0.895,1672.8869465992473,76.84766102373433,27,0.5
41,0.0,0.1,0.9,1664.3892927077115,77.14008107053259,27,0.5
42,0.0,0.095,0.905,1663.8081829693688,77.15999049430458,27,0.5
43,0.0,0.095,0.905,1663.8081829693688,77.15999049430458,27,0.5
44,0.0,0.095,0.905,1663.8081829693688,77.15999049430458,27,0.5
45,0.0,0.095,0.905,1663.8081829693688,77.15999049430458,27,0.5
46,0.0,0.09,0.91,1658.9277293347823,77.32463053255385,27,0.5
47,0.0,0.08,0.92,1642.4809731881016,77.87611904560202,27,0.5
48,0.0,0.08,0.92,1642.4809731881016,77.87611904560202,27,0.5
49,0.0,0.075,0.925,1636.7906220678356,78.06323782006373,27,0.5
50,0.0,0.06,0.94,1613.6465547747978,78.80553300592243,27,0.5
51,0.0,0.06,0.94,1613.6465547747978,78.80553300592243,27,0.5
52,0.0,0.055,0.945,1608.0632825527503,78.98126231422424,27,0.5
53,0.0,0.055,0.945,1608.0632825527503,78.98126231422424,27,0.5
54,0.0,0.045,0.955,1584.0799057255929,79.72989347366014,27,0.5
55,0.0,0.04,0.96,1581.0801356124684,79.82122167242466,27,0.5
56,0.0,0.035,0.965,1573.830630786719,80.04191702696407,27,0.5
57,0.0,0.03,0.97,1557.42211580827,80.53182386579593,27,0.5
58,0.0,0.03,0.97,1557.42211580827,80.53182386579593,27,0.5
59,0.0,0.02,0.98,1522.4071805318717,81.55927571559084,27,0.5
60,0.0,0.02,0.98,1522.4071805318717,81.55927571559084,27,0.5
61,0.0,0.02,0.98,1522.4071805318717,81.55927571559084,27,0.5
62,0.0,0.02,0.98,1522.4071805318717,81.55927571559084,27,0.5
63,0.0,0.02,0.98,1522.4071805318717,81.55927571559084,27,0.5
0,0.0,0.94,0.06,949.876224835848,7.17358830502874,27,1.0
1,0.0,0.89,0.11,1063.1432885682207,12.834026228895095,27,1.0
2,0.0,0.845,0.155,1151.7566071457597,16.762811236807714,27,1.0
3,0.0,0.8,0.2,1322.8585761676286,23.775899689719115,27,1.0
4,0.0,0.755,0.245,1430.330639266707,27.848624559379495,27,1.0
5,0.0,0.71,0.29,1533.9256282833737,31.5710481896226,27,1.0
6,0.0,0.675,0.325,1597.3305002914533,33.75421566744139,27,1.0
7,0.0,0.63,0.37,1684.7484728120025,36.66035995388589,27,1.0
8,0.0,0.63,0.37,1684.7484728120025,36.66035995388589,27,1.0
9,0.0,0.63,0.37,1684.7484728120025,36.66035995388589,27,1.0
10,0.0,0.63,0.37,1684.7484728120025,36.66035995388589,27,1.0
11,0.0,0.63,0.37,1684.7484728120025,36.66035995388589,27,1.0
0,0.0,0.94,0.06,949.876224835848,7.17358830502874,27,1.5
1,0.0,0.89,0.11,1063.1432885682207,12.834026228895095,27,1.5
2,0.0,0.845,0.155,1151.7566071457597,16.762811236807714,27,1.5
3,0.0,0.8,0.2,1322.8585761676286,23.775899689719115,27,1.5
4,0.0,0.755,0.245,1430.330639266707,27.848624559379495,27,1.5
5,0.0,0.71,0.29,1533.9256282833737,31.5710481896226,27,1.5
6,0.0,0.675,0.325,1597.3305002914533,33.75421566744139,27,1.5
7,0.0,0.63,0.37,1684.7484728120025,36.66035995388589,27,1.5
8,0.0,0.655,0.345,1628.5975263988353,34.80979136952723,27,1.5
9,0.0,0.675,0.325,1532.592286444091,31.531642473973264,27,1.5
10,0.0,0.64,0.36,1635.2545527619386,35.03833835589908,27,1.5
11,0.0,0.665,0.335,1566.583982097293,32.71333958283069,27,1.5
12,0.0,0.635,0.365,1621.7867054432531,34.58895807279347,27,1.5
13,0.0,0.645,0.355,1594.1136128187284,33.65392134030374,27,1.5
14,0.0,0.615,0.385,1650.0741017245286,35.5303856769453,27,1.5
15,0.0,0.625,0.375,1625.9060362221587,34.72427605341572,27,1.5
16,0.0,0.635,0.365,1613.4037427503515,34.30508835296324,27,1.5
17,0.0,0.605,0.395,1670.8485369846496,36.211999823733265,27,1.5
18,0.0,0.615,0.385,1651.4956918512564,35.57754037145158,27,1.5
19,0.0,0.63,0.37,1627.2713181220524,34.77276017925667,27,1.5
20,0.0,0.645,0.355,1567.1858375911586,32.730523227269416,27,1.5
21,0.0,0.61,0.39,1634.3423686477786,35.004638345304464,27,1.5
22,0.0,0.63,0.37,1611.0682973066077,34.22384399415898,27,1.5
23,0.0,0.645,0.355,1575.3172161049429,33.0100539348142,27,1.5
24,0.0,0.615,0.385,1639.3802437846746,35.17462664092214,27,1.5
25,0.0,0.62,0.38,1634.8413276712622,35.023967281553155,27,1.5
26,0.0,0.64,0.36,1600.5643683513154,33.874609721060835,27,1.5
27,0.0,0.645,0.355,1586.849966115818,33.40806414011729,27,1.5
28,0.0,0.665,0.335,1557.1146082666041,32.39018433430945,27,1.5
29,0.0,0.63,0.37,1647.4197664370217,35.441270129888316,27,1.5
30,0.0,0.65,0.35,1584.9172629370296,33.34663169659287,27,1.5
31,0.0,0.63,0.37,1633.07075777408,34.97048648128015,27,1.5
32,0.0,0.65,0.35,1590.2047796203399,33.52768072012515,27,1.5
33,0.0,0.62,0.38,1672.7277819706296,36.2789386038958,27,1.5
34,0.0,0.64,0.36,1620.667448603254,34.55320247789952,27,1.5
35,0.0,0.66,0.34,1574.1747898412962,32.979687575511804,27,1.5
36,0.0,0.665,0.335,1564.9602410191683,32.662033630877005,27,1.5
37,0.0,0.635,0.365,1623.680152568933,34.651807016711395,27,1.5
38,0.0,0.65,0.35,1589.8864705663482,33.509793694822214,27,1.5
39,0.0,0.67,0.33,1524.713925814517,31.252688444496044,27,1.5
40,0.0,0.64,0.36,1652.4009373593974,35.60075034682282,27,1.5
41,0.0,0.665,0.335,1569.6190547425394,32.812157605562376,27,1.5
42,0.0,0.635,0.365,1655.4716563097531,35.698515749793216,27,1.5
43,0.0,0.675,0.325,1543.3103655861669,31.898956985100682,27,1.5
44,0.0,0.645,0.355,1599.8286310835147,33.83825843741483,27,1.5
45,0.0,0.61,0.39,1686.7689239676483,36.72535209618889,27,1.5
46,0.0,0.63,0.37,1648.4126816026946,35.46866238020122,27,1.5
47,0.0,0.655,0.345,1564.9647370829828,32.64939104468475,27,1.5
48,0.0,0.63,0.37,1641.559613664381,35.24482982754377,27,1.5
49,0.0,0.64,0.36,1620.5817249460185,34.547519823579705,27,1.5
50,0.0,0.61,0.39,1673.3274158464762,36.294387119143884,27,1.5
51,0.0,0.63,0.37,1614.841275287917,34.353991859549566,27,1.5
52,0.0,0.605,0.395,1682.8683836601654,36.60580122762782,27,1.5
53,0.0,0.63,0.37,1635.885506865542,35.06121977312196,27,1.5
54,0.0,0.64,0.36,1571.6251179278668,32.89026038900947,27,1.5
55,0.0,0.645,0.355,1564.3506349222357,32.64046639024534,27,1.5
56,0.0,0.62,0.38,1613.9221880604675,34.32582878955395,27,1.5
57,0.0,0.63,0.37,1606.0699324897428,34.06232122211528,27,1.5
58,0.0,0.605,0.395,1650.0181578583638,35.52595183153617,27,1.5
59,0.0,0.62,0.38,1612.0785337801753,34.259718218533656,27,1.5
60,0.0,0.6,0.4,1664.4050214617569,35.999483520120904,27,1.5
61,0.0,0.625,0.375,1583.033952170736,33.27277622366402,27,1.5
62,0.0,0.64,0.36,1545.2212767403855,31.96813980106469,27,1.5
63,0.0,0.615,0.385,1625.0427797631821,34.68893148175865,27,1.5
64,0.0,0.63,0.37,1586.4585334241178,33.38398325749175,27,1.5
65,0.0,0.655,0.345,1529.349758130944,31.414610952182432,27,1.5
66,0.0,0.615,0.385,1606.6742556828935,34.07220841968695,27,1.5
67,0.0,0.585,0.415,1687.9877332989959,36.767936489943914,27,1.5
68,0.0,0.6,0.4,1667.2216485893737,36.08862938951555,27,1.5
69,0.0,0.61,0.39,1642.6228844844882,35.27485625336439,27,1.5
70,0.0,0.63,0.37,1570.4801446386364,32.838855836484726,27,1.5
71,0.0,0.59,0.41,1660.3386575510308,35.854943944164795,27,1.5
72,0.0,0.605,0.395,1625.1566123391658,34.6910113180901,27,1.5
73,0.0,0.625,0.375,1563.191796524917,32.586215829860116,27,1.5
74,0.0,0.635,0.365,1526.8840373285102,31.325811637405387,27,1.5
75,0.0,0.605,0.395,1584.9459444979873,33.333218506802254,27,1.5
76,0.0,0.625,0.375,1534.74407565788,31.59795319105175,27,1.5
77,0.0,0.6,0.4,1590.7250103141957,33.53079615199099,27,1.5
78,0.0,0.58,0.42,1621.3935834024214,34.567152437015935,27,1.5
79,0.0,0.595,0.405,1605.8068835633994,34.04213930989907,27,1.5
80,0.0,0.565,0.435,1679.8888938807895,36.4975998236051,27,1.5
81,0.0,0.595,0.405,1596.6732833205906,33.73483134377207,27,1.5
82,0.0,0.565,0.435,1680.9502034377754,36.53327260192987,27,1.5
83,0.0,0.595,0.405,1600.7980902914296,33.873993488644714,27,1.5
84,0.0,0.615,0.385,1572.1401851121982,32.89927487858583,27,1.5
85,0.0,0.58,0.42,1688.0318038992966,36.77524702390703,27,1.5
86,0.0,0.6,0.4,1647.1229570541282,35.431313961065484,27,1.5
87,0.0,0.61,0.39,1601.9100031713695,33.918013460889576,27,1.5
88,0.0,0.575,0.425,1673.4754560535484,36.30395092395874,27,1.5
89,0.0,0.59,0.41,1653.2733560468191,35.639148320190046,27,1.5
90,0.0,0.6,0.4,1619.1111837266405,34.49921277547532,27,1.5
91,0.0,0.575,0.425,1679.7540351670862,36.500973815035785,27,1.5
92,0.0,0.605,0.395,1621.9304319441796,34.585717186054104,27,1.5
93,0.0,0.575,0.425,1685.2097173628522,36.67024694522289,27,1.5
94,0.0,0.59,0.41,1656.6020647332998,35.734547657343086,27,1.5
95,0.0,0.585,0.415,1677.115308296746,36.40876322757336,27,1.5
96,0.0,0.605,0.395,1651.5716818432413,35.57201306060168,27,1.5
97,0.0,0.625,0.375,1627.1047016563598,34.759612920600425,27,1.5
98,0.0,0.645,0.355,1581.943586801937,33.23630625484563,27,1.5
99,0.0,0.62,0.38,1647.2682742577665,35.43873724307147,27,1.5
100,0.0,0.64,0.36,1592.7411477352437,33.610504447035964,27,1.5
0,0.0,0.94,0.06,949.876224835848,7.17358830502874,27,2.0
1,0.0,0.89,0.11,1063.1432885682207,12.834026228895095,27,2.0
2,0.0,0.845,0.155,1151.7566071457597,16.762811236807714,27,2.0
3,0.0,0.8,0.2,1322.8585761676286,23.775899689719115,27,2.0
4,0.0,0.755,0.245,1430.330639266707,27.848624559379495,27,2.0
5,0.0,0.71,0.29,1533.9256282833737,31.5710481896226,27,2.0
6,0.0,0.675,0.325,1597.3305002914533,33.75421566744139,27,2.0
7,0.0,0.63,0.37,1684.7484728120025,36.66035995388589,27,2.0
8,0.0,0.655,0.345,1628.5975263988353,34.80979136952723,27,2.0
9,0.0,0.675,0.325,1532.592286444091,31.531642473973264,27,2.0
10,0.0,0.64,0.36,1635.2545527619386,35.03833835589908,27,2.0
11,0.0,0.665,0.335,1566.583982097293,32.71333958283069,27,2.0
12,0.0,0.635,0.365,1621.7867054432531,34.58895807279347,27,2.0
13,0.0,0.645,0.355,1594.1136128187284,33.65392134030374,27,2.0
14,0.0,0.615,0.385,1650.0741017245286,35.5303856769453,27,2.0
15,0.0,0.625,0.375,1625.9060362221587,34.72427605341572,27,2.0
16,0.0,0.635,0.365,1613.4037427503515,34.30508835296324,27,2.0
17,0.0,0.605,0.395,1670.8485369846496,36.211999823733265,27,2.0
18,0.0,0.615,0.385,1651.4956918512564,35.57754037145158,27,2.0
19,0.0,0.63,0.37,1627.2713181220524,34.77276017925667,27,2.0
20,0.0,0.645,0.355,1567.1858375911586,32.730523227269416,27,2.0
21,0.0,0.61,0.39,1634.3423686477786,35.004638345304464,27,2.0
22,0.0,0.63,0.37,1611.0682973066077,34.22384399415898,27,2.0
23,0.0,0.645,0.355,1575.3172161049429,33.0100539348142,27,2.0
24,0.0,0.615,0.385,1639.3802437846746,35.17462664092214,27,2.0
25,0.0,0.62,0.38,1634.8413276712622,35.023967281553155,27,2.0
26,0.0,0.64,0.36,1600.5643683513154,33.874609721060835,27,2.0
27,0.0,0.645,0.355,1586.849966115818,33.40806414011729,27,2.0
28,0.0,0.665,0.335,1557.1146082666041,32.39018433430945,27,2.0
29,0.0,0.63,0.37,1647.4197664370217,35.441270129888316,27,2.0
30,0.0,0.65,0.35,1584.9172629370296,33.34663169659287,27,2.0
31,0.0,0.63,0.37,1633.07075777408,34.97048648128015,27,2.0
32,0.0,0.65,0.35,1590.2047796203399,33.52768072012515,27,2.0
33,0.0,0.62,0.38,1672.7277819706296,36.2789386038958,27,2.0
34,0.0,0.64,0.36,1620.667448603254,34.55320247789952,27,2.0
35,0.0,0.66,0.34,1574.1747898412962,32.979687575511804,27,2.0
36,0.0,0.665,0.335,1564.9602410191683,32.662033630877005,27,2.0
37,0.0,0.635,0.365,1623.680152568933,34.651807016711395,27,2.0
38,0.0,0.65,0.35,1589.8864705663482,33.509793694822214,27,2.0
39,0.0,0.67,0.33,1524.713925814517,31.252688444496044,27,2.0
40,0.0,0.64,0.36,1652.4009373593974,35.60075034682282,27,2.0
41,0.0,0.665,0.335,1569.6190547425394,32.812157605562376,27,2.0
42,0.0,0.635,0.365,1655.4716563097531,35.698515749793216,27,2.0
43,0.0,0.675,0.325,1543.3103655861669,31.898956985100682,27,2.0
44,0.0,0.645,0.355,1599.8286310835147,33.83825843741483,27,2.0
45,0.0,0.61,0.39,1686.7689239676483,36.72535209618889,27,2.0
46,0.0,0.63,0.37,1648.4126816026946,35.46866238020122,27,2.0
47,0.0,0.655,0.345,1564.9647370829828,32.64939104468475,27,2.0
48,0.0,0.63,0.37,1641.559613664381,35.24482982754377,27,2.0
49,0.0,0.64,0.36,1620.5817249460185,34.547519823579705,27,2.0
50,0.0,0.61,0.39,1673.3274158464762,36.294387119143884,27,2.0
51,0.0,0.63,0.37,1614.841275287917,34.353991859549566,27,2.0
52,0.0,0.605,0.395,1682.8683836601654,36.60580122762782,27,2.0
53,0.0,0.63,0.37,1635.885506865542,35.06121977312196,27,2.0
54,0.0,0.64,0.36,1571.6251179278668,32.89026038900947,27,2.0
55,0.0,0.645,0.355,1564.3506349222357,32.64046639024534,27,2.0
56,0.0,0.62,0.38,1613.9221880604675,34.32582878955395,27,2.0
57,0.0,0.63,0.37,1606.0699324897428,34.06232122211528,27,2.0
58,0.0,0.605,0.395,1650.0181578583638,35.52595183153617,27,2.0
59,0.0,0.62,0.38,1612.0785337801753,34.259718218533656,27,2.0
60,0.0,0.6,0.4,1664.4050214617569,35.999483520120904,27,2.0
61,0.0,0.625,0.375,1583.033952170736,33.27277622366402,27,2.0
62,0.0,0.64,0.36,1545.2212767403855,31.96813980106469,27,2.0
63,0.0,0.615,0.385,1625.0427797631821,34.68893148175865,27,2.0
64,0.0,0.63,0.37,1586.4585334241178,33.38398325749175,27,2.0
65,0.0,0.655,0.345,1529.349758130944,31.414610952182432,27,2.0
66,0.0,0.615,0.385,1606.6742556828935,34.07220841968695,27,2.0
67,0.0,0.585,0.415,1687.9877332989959,36.767936489943914,27,2.0
68,0.0,0.6,0.4,1667.2216485893737,36.08862938951555,27,2.0
69,0.0,0.61,0.39,1642.6228844844882,35.27485625336439,27,2.0
70,0.0,0.63,0.37,1570.4801446386364,32.838855836484726,27,2.0
71,0.0,0.59,0.41,1660.3386575510308,35.854943944164795,27,2.0
72,0.0,0.605,0.395,1625.1566123391658,34.6910113180901,27,2.0
73,0.0,0.625,0.375,1563.191796524917,32.586215829860116,27,2.0
74,0.0,0.635,0.365,1526.8840373285102,31.325811637405387,27,2.0
75,0.0,0.605,0.395,1584.9459444979873,33.333218506802254,27,2.0
76,0.0,0.625,0.375,1534.74407565788,31.59795319105175,27,2.0
77,0.0,0.6,0.4,1590.7250103141957,33.53079615199099,27,2.0
78,0.0,0.58,0.42,1621.3935834024214,34.567152437015935,27,2.0
79,0.0,0.595,0.405,1605.8068835633994,34.04213930989907,27,2.0
80,0.0,0.565,0.435,1679.8888938807895,36.4975998236051,27,2.0
81,0.0,0.595,0.405,1596.6732833205906,33.73483134377207,27,2.0
82,0.0,0.565,0.435,1680.9502034377754,36.53327260192987,27,2.0
83,0.0,0.595,0.405,1600.7980902914296,33.873993488644714,27,2.0
84,0.0,0.615,0.385,1572.1401851121982,32.89927487858583,27,2.0
85,0.0,0.58,0.42,1688.0318038992966,36.77524702390703,27,2.0
86,0.0,0.6,0.4,1647.1229570541282,35.431313961065484,27,2.0
87,0.0,0.61,0.39,1601.9100031713695,33.918013460889576,27,2.0
88,0.0,0.575,0.425,1673.4754560535484,36.30395092395874,27,2.0
89,0.0,0.59,0.41,1653.2733560468191,35.639148320190046,27,2.0
90,0.0,0.6,0.4,1619.1111837266405,34.49921277547532,27,2.0
91,0.0,0.575,0.425,1679.7540351670862,36.500973815035785,27,2.0
92,0.0,0.605,0.395,1621.9304319441796,34.585717186054104,27,2.0
93,0.0,0.575,0.425,1685.2097173628522,36.67024694522289,27,2.0
94,0.0,0.59,0.41,1656.6020647332998,35.734547657343086,27,2.0
95,0.0,0.585,0.415,1677.115308296746,36.40876322757336,27,2.0
96,0.0,0.605,0.395,1651.5716818432413,35.57201306060168,27,2.0
97,0.0,0.625,0.375,1627.1047016563598,34.759612920600425,27,2.0
98,0.0,0.645,0.355,1581.943586801937,33.23630625484563,27,2.0
99,0.0,0.62,0.38,1647.2682742577665,35.43873724307147,27,2.0
100,0.0,0.64,0.36,1592.7411477352437,33.610504447035964,27,2.0
0,0.0,0.94,0.06,931.4863180079863,6.676683069662157,28,0.0
1,0.0,0.89,0.11,1038.9856238740108,11.76168044994347,28,0.0
2,0.0,0.84,0.16,1154.2355515784616,16.563678960463278,28,0.0
3,0.0,0.795,0.205,1253.3830719656075,20.424794933883774,28,0.0
4,0.0,0.76,0.24,1315.1717765853816,22.71927141263971,28,0.0
5,0.0,0.715,0.285,1437.4487041657146,27.042334353444662,28,0.0
6,0.0,0.68,0.32,1505.1259659174802,29.320895667554314,28,0.0
7,0.0,0.635,0.365,1729.9777962775686,37.07840365562729,28,0.0
8,0.0,0.615,0.385,1767.5843060505551,38.74596344785897,28,0.0
9,0.0,0.575,0.425,1821.8067524549874,41.57684399972128,28,0.0
10,0.0,0.55,0.45,1834.4610706196688,42.35202401501901,28,0.0
11,0.0,0.525,0.475,1855.4909332520497,43.79543929846559,28,0.0
12,0.0,0.505,0.495,1878.1319304005274,45.68485935122979,28,0.0
13,0.0,0.46,0.54,1911.5774123356732,50.51360899927762,28,0.0
14,0.0,0.44,0.56,1914.7561688087274,51.7623936433542,28,0.0
15,0.0,0.41,0.59,1912.1527205621885,54.97154249156787,28,0.0
16,0.0,0.39,0.61,1909.556022641882,55.67073172509677,28,0.0
17,0.0,0.36,0.64,1904.6007484697907,56.73405156012303,28,0.0
18,0.0,0.35,0.65,1903.6061523784128,56.90862056552126,28,0.0
19,0.0,0.33,0.67,1889.4239977220536,58.873799100980655,28,0.0
20,0.0,0.315,0.685,1882.2912931125268,59.655003782524844,28,0.0
21,0.0,0.295,0.705,1868.72007627486,60.95042783083054,28,0.0
22,0.0,0.28,0.72,1864.4439042135496,61.31662975848329,28,0.0
23,0.0,0.26,0.74,1851.407875592241,62.360027618525415,28,0.0
24,0.0,0.255,0.745,1850.59333962019,62.42273709064162,28,0.0
25,0.0,0.23,0.77,1828.6675244982855,63.95893074228063,28,0.0
26,0.0,0.215,0.785,1797.5916298788607,65.8536091487552,28,0.0
27,0.0,0.205,0.795,1793.3599733858437,66.09173688354893,28,0.0
28,0.0,0.195,0.805,1787.7696524668058,66.39876989430049,28,0.0
29,0.0,0.19,0.81,1778.6282006229314,66.88524821627699,28,0.0
30,0.0,0.185,0.815,1763.143672727034,67.6864839548006,28,0.0
31,0.0,0.17,0.83,1755.770144071365,68.05100494087117,28,0.0
32,0.0,0.165,0.835,1752.8219668444563,68.19318603720706,28,0.0
33,0.0,0.16,0.84,1746.6595606870496,68.49130491683394,28,0.0
34,0.0,0.14,0.86,1700.3403025879327,70.57497740583362,28,0.0
35,0.0,0.13,0.87,1692.784785548987,70.89205971170271,28,0.0
36,0.0,0.13,0.87,1692.784785548987,70.89205971170271,28,0.0
37,0.0,0.125,0.875,1682.8149752024806,71.30817143451233,28,0.0
38,0.0,0.12,0.88,1681.2990907232977,71.36993664058954,28,0.0
39,0.0,0.12,0.88,1681.2990907232977,71.36993664058954,28,0.0
40,0.0,0.115,0.885,1672.3100941220787,71.73067065409565,28,0.0
41,0.0,0.105,0.895,1648.5075812551586,72.66607312471614,28,0.0
42,0.0,0.1,0.9,1641.6421272104917,72.93098826371349,28,0.0
43,0.0,0.095,0.905,1628.0792636000854,73.44173011453452,28,0.0
44,0.0,0.085,0.915,1610.850666408191,74.07833485993393,28,0.0
45,0.0,0.08,0.92,1598.9856209805846,74.50690113005199,28,0.0
46,0.0,0.08,0.92,1598.9856209805846,74.50690113005199,28,0.0
47,0.0,0.065,0.935,1580.9996285982565,75.14166945311277,28,0.0
48,0.0,0.045,0.955,1558.3436245856435,75.91622619145866,28,0.0
49,0.0,0.045,0.955,1558.3436245856435,75.91622619145866,28,0.0
50,0.0,0.045,0.955,1558.3436245856435,75.91622619145866,28,0.0
51,0.0,0.045,0.955,1558.3436245856435,75.91622619145866,28,0.0
52,0.0,0.045,0.955,1558.3436245856435,75.91622619145866,28,0.0
0,0.0,0.94,0.06,931.4863180079863,6.676683069662157,28,0.5
1,0.0,0.89,0.11,1038.9856238740108,11.76168044994347,28,0.5
2,0.0,0.84,0.16,1154.2355515784616,16.563678960463278,28,0.5
3,0.0,0.795,0.205,1253.3830719656075,20.424794933883774,28,0.5
4,0.0,0.76,0.24,1315.1717765853816,22.71927141263971,28,0.5
5,0.0,0.715,0.285,1437.4487041657146,27.042334353444662,28,0.5
6,0.0,0.68,0.32,1505.1259659174802,29.320895667554314,28,0.5
7,0.0,0.635,0.365,1729.9777962775686,37.07840365562729,28,0.5
8,0.0,0.615,0.385,1767.5843060505551,38.74596344785897,28,0.5
9,0.0,0.575,0.425,1821.8067524549874,41.57684399972128,28,0.5
10,0.0,0.55,0.45,1834.4610706196688,42.35202401501901,28,0.5
11,0.0,0.525,0.475,1855.4909332520497,43.79543929846559,28,0.5
12,0.0,0.505,0.495,1878.1319304005274,45.68485935122979,28,0.5
13,0.0,0.46,0.54,1911.5774123356732,50.51360899927762,28,0.5
14,0.0,0.44,0.56,1914.7561688087274,51.7623936433542,28,0.5
15,0.0,0.41,0.59,1912.1527205621885,54.97154249156787,28,0.5
16,0.0,0.39,0.61,1909.556022641882,55.67073172509677,28,0.5
17,0.0,0.36,0.64,1904.6007484697907,56.73405156012303,28,0.5
18,0.0,0.35,0.65,1903.6061523784128,56.90862056552126,28,0.5
19,0.0,0.33,0.67,1889.4239977220536,58.873799100980655,28,0.5
20,0.0,0.315,0.685,1882.2912931125268,59.655003782524844,28,0.5
21,0.0,0.295,0.705,1868.72007627486,60.95042783083054,28,0.5
22,0.0,0.28,0.72,1864.4439042135496,61.31662975848329,28,0.5
23,0.0,0.26,0.74,1851.407875592241,62.360027618525415,28,0.5
24,0.0,0.255,0.745,1850.59333962019,62.42273709064162,28,0.5
25,0.0,0.23,0.77,1828.6675244982855,63.95893074228063,28,0.5
26,0.0,0.215,0.785,1797.5916298788607,65.8536091487552,28,0.5
27,0.0,0.205,0.795,1793.3599733858437,66.09173688354893,28,0.5
28,0.0,0.195,0.805,1787.7696524668058,66.39876989430049,28,0.5
29,0.0,0.19,0.81,1778.6282006229314,66.88524821627699,28,0.5
30,0.0,0.185,0.815,1763.143672727034,67.6864839548006,28,0.5
31,0.0,0.17,0.83,1755.770144071365,68.05100494087117,28,0.5
32,0.0,0.165,0.835,1752.8219668444563,68.19318603720706,28,0.5
33,0.0,0.16,0.84,1746.6595606870496,68.49130491683394,28,0.5
34,0.0,0.14,0.86,1700.3403025879327,70.57497740583362,28,0.5
35,0.0,0.13,0.87,1692.784785548987,70.89205971170271,28,0.5
36,0.0,0.13,0.87,1692.784785548987,70.89205971170271,28,0.5
37,0.0,0.125,0.875,1682.8149752024806,71.30817143451233,28,0.5
38,0.0,0.12,0.88,1681.2990907232977,71.36993664058954,28,0.5
39,0.0,0.12,0.88,1681.2990907232977,71.36993664058954,28,0.5
40,0.0,0.115,0.885,1672.3100941220787,71.73067065409565,28,0.5
41,0.0,0.105,0.895,1648.5075812551586,72.66607312471614,28,0.5
42,0.0,0.1,0.9,1641.6421272104917,72.93098826371349,28,0.5
43,0.0,0.095,0.905,1628.0792636000854,73.44173011453452,28,0.5
44,0.0,0.085,0.915,1610.850666408191,74.07833485993393,28,0.5
45,0.0,0.08,0.92,1598.9856209805846,74.50690113005199,28,0.5
46,0.0,0.08,0.92,1598.9856209805846,74.50690113005199,28,0.5
47,0.0,0.065,0.935,1580.9996285982565,75.14166945311277,28,0.5
48,0.0,0.045,0.955,1558.3436245856435,75.91622619145866,28,0.5
49,0.0,0.045,0.955,1558.3436245856435,75.91622619145866,28,0.5
50,0.0,0.045,0.955,1558.3436245856435,75.91622619145866,28,0.5
51,0.0,0.045,0.955,1558.3436245856435,75.91622619145866,28,0.5
52,0.0,0.045,0.955,1558.3436245856435,75.91622619145866,28,0.5
0,0.0,0.94,0.06,931.4863180079863,6.676683069662157,28,1.0
1,0.0,0.89,0.11,1038.9856238740108,11.76168044994347,28,1.0
2,0.0,0.84,0.16,1154.2355515784616,16.563678960463278,28,1.0
3,0.0,0.795,0.205,1253.3830719656075,20.424794933883774,28,1.0
4,0.0,0.76,0.24,1315.1717765853816,22.71927141263971,28,1.0
5,0.0,0.715,0.285,1437.4487041657146,27.042334353444662,28,1.0
6,0.0,0.68,0.32,1505.1259659174802,29.320895667554314,28,1.0
7,0.0,0.68,0.32,1505.1259659174802,29.320895667554314,28,1.0
8,0.0,0.655,0.345,1569.088803132248,31.410325672596628,28,1.0
9,0.0,0.655,0.345,1569.088803132248,31.410325672596628,28,1.0
10,0.0,0.655,0.345,1569.088803132248,31.410325672596628,28,1.0
11,0.0,0.655,0.345,1569.088803132248,31.410325672596628,28,1.0
12,0.0,0.655,0.345,1569.088803132248,31.410325672596628,28,1.0
0,0.0,0.94,0.06,931.4863180079863,6.676683069662157,28,1.5
1,0.0,0.89,0.11,1038.9856238740108,11.76168044994347,28,1.5
2,0.0,0.84,0.16,1154.2355515784616,16.563678960463278,28,1.5
3,0.0,0.795,0.205,1253.3830719656075,20.424794933883774,28,1.5
4,0.0,0.76,0.24,1315.1717765853816,22.71927141263971,28,1.5
5,0.0,0.715,0.285,1437.4487041657146,27.042334353444662,28,1.5
6,0.0,0.68,0.32,1505.1259659174802,29.320895667554314,28,1.5
7,0.0,0.685,0.315,1494.803874937397,28.978687058732085,28,1.5
8,0.0,0.66,0.34,1558.5690163701006,31.072266755127867,28,1.5
9,0.0,0.67,0.33,1535.5176285245168,30.323242986084523,28,1.5
10,0.0,0.685,0.315,1500.6548343785228,29.17572571703071,28,1.5
11,0.0,0.66,0.34,1548.3230706735349,30.73854806203034,28,1.5
12,0.0,0.67,0.33,1529.4959720948614,30.12755443095423,28,1.5
13,0.0,0.675,0.325,1519.9821086001768,29.815295342707817,28,1.5
14,0.0,0.65,0.35,1573.4412541062081,31.545307496088647,28,1.5
15,0.0,0.66,0.34,1557.565622909991,31.03633257726551,28,1.5
16,0.0,0.68,0.32,1512.5652474183971,29.565155922093968,28,1.5
17,0.0,0.64,0.36,1584.9421250889063,31.903229350034447,28,1.5
18,0.0,0.66,0.34,1542.9961629606935,30.551410342938656,28,1.5
19,0.0,0.67,0.33,1512.2159910089322,29.541635924247096,28,1.5
20,0.0,0.685,0.315,1471.5126150105868,28.187567660952332,28,1.5
21,0.0,0.655,0.345,1530.3395787538127,30.14094602465166,28,1.5
22,0.0,0.67,0.33,1502.6189061996354,29.22637904700362,28,1.5
23,0.0,0.65,0.35,1541.6855910154327,30.508408242358502,28,1.5
24,0.0,0.62,0.38,1585.0438752481286,31.903673424705516,28,1.5
25,0.0,0.64,0.36,1526.4805466770374,30.01202660277783,28,1.5
26,0.0,0.65,0.35,1492.0606079847819,28.87943642810536,28,1.5
27,0.0,0.665,0.335,1462.5215034659323,27.887729499892565,28,1.5
28,0.0,0.635,0.365,1532.16778196333,30.204516534936857,28,1.5
29,0.0,0.645,0.355,1518.3211280256405,29.751700009754657,28,1.5
30,0.0,0.675,0.325,1432.7048763948483,26.87344599992454,28,1.5
31,0.0,0.65,0.35,1461.6033136017716,27.857539349986183,28,1.5
32,0.0,0.63,0.37,1490.1004399865951,28.814507952981753,28,1.5
33,0.0,0.595,0.405,1556.002518631058,30.97612869747293,28,1.5
34,0.0,0.61,0.39,1520.1537421418932,29.81312259156781,28,1.5
35,0.0,0.63,0.37,1470.7989553006141,28.177043028600878,28,1.5
36,0.0,0.595,0.405,1550.33346374195,30.804865625991045,28,1.5
37,0.0,0.615,0.385,1518.9594466183034,29.781452166837667,28,1.5
38,0.0,0.63,0.37,1468.3091857296017,28.10060960003637,28,1.5
39,0.0,0.595,0.405,1582.9831128208782,31.86448270675856,28,1.5
40,0.0,0.62,0.38,1534.1535097560904,30.294195425601522,28,1.5
41,0.0,0.635,0.365,1484.9518580147014,28.673127329441783,28,1.5
42,0.0,0.645,0.355,1472.4102649752003,28.254123231306448,28,1.5
43,0.0,0.66,0.34,1415.45820204145,26.304239733691233,28,1.5
44,0.0,0.625,0.375,1478.171267439749,28.439965301287707,28,1.5
45,0.0,0.605,0.395,1530.85269857175,30.179788612387913,28,1.5
46,0.0,0.585,0.415,1596.6324090828368,32.30109049699368,28,1.5
47,0.0,0.6,0.4,1558.0301547409854,31.07097486633149,28,1.5
48,0.0,0.615,0.385,1509.2301972599093,29.474549390455746,28,1.5
49,0.0,0.585,0.415,1586.2644864004312,31.976011349811493,28,1.5
50,0.0,0.62,0.38,1513.5274284659981,29.61812909676287,28,1.5
51,0.0,0.63,0.37,1495.1190092131408,29.00930665557215,28,1.5
52,0.0,0.61,0.39,1551.6732098708933,30.864986070734936,28,1.5
53,0.0,0.62,0.38,1532.48552809269,30.24004750348476,28,1.5
54,0.0,0.635,0.365,1499.4514982056808,29.154491265836526,28,1.5
55,0.0,0.65,0.35,1481.75172736884,28.562664926805148,28,1.5
56,0.0,0.62,0.38,1545.8970893295575,30.670234314995852,28,1.5
57,0.0,0.63,0.37,1512.2493636773575,29.56726111083981,28,1.5
58,0.0,0.65,0.35,1486.2615627004955,28.705712602036535,28,1.5
59,0.0,0.615,0.385,1558.2600939745412,31.065381810867105,28,1.5
60,0.0,0.63,0.37,1537.0443238471537,30.37927925192262,28,1.5
61,0.0,0.61,0.39,1575.52957590193,31.619685638345246,28,1.5
62,0.0,0.625,0.375,1555.0353310334453,30.95977304589805,28,1.5
63,0.0,0.645,0.355,1525.1112352299308,29.98631782958433,28,1.5
64,0.0,0.65,0.35,1524.092578204252,29.952837592984405,28,1.5
65,0.0,0.66,0.34,1497.587401737705,29.078375829509188,28,1.5
66,0.0,0.665,0.335,1485.8261922436043,28.686872556558995,28,1.5
67,0.0,0.625,0.375,1561.6934428135867,31.174655153549132,28,1.5
68,0.0,0.605,0.395,1592.975652975221,32.17473494671061,28,1.5
69,0.0,0.615,0.385,1569.7280801122956,31.43217690095438,28,1.5
70,0.0,0.63,0.37,1540.6959537772939,30.49262953433181,28,1.5
71,0.0,0.63,0.37,1540.6959537772939,30.49262953433181,28,1.5
72,0.0,0.64,0.36,1517.9288760874447,29.746862920842947,28,1.5
73,0.0,0.605,0.395,1592.6270799182369,32.16283334968542,28,1.5
74,0.0,0.635,0.365,1536.9718666537176,30.372855128976926,28,1.5
75,0.0,0.65,0.35,1501.8519625281874,29.2208571083398,28,1.5
76,0.0,0.62,0.38,1552.7571096277234,30.885590102954367,28,1.5
77,0.0,0.63,0.37,1534.2272448996189,30.28401244688513,28,1.5
78,0.0,0.635,0.365,1517.466152566762,29.736914369914828,28,1.5
79,0.0,0.6,0.4,1596.9466299702342,32.29733129625044,28,1.5
80,0.0,0.615,0.385,1583.13815789124,31.860585687970374,28,1.5
81,0.0,0.64,0.36,1547.4273149335513,30.71306786608294,28,1.5
82,0.0,0.655,0.345,1512.9482598949546,29.58906533381846,28,1.5
83,0.0,0.63,0.37,1582.2341105446415,31.837499866506082,28,1.5
84,0.0,0.65,0.35,1521.5193504886142,29.870994808049012,28,1.5
85,0.0,0.67,0.33,1496.9789570731687,29.058413388481856,28,1.5
86,0.0,0.64,0.36,1544.0582014437537,30.605168143846264,28,1.5
87,0.0,0.61,0.39,1589.8725139155104,32.07649286589378,28,1.5
88,0.0,0.625,0.375,1560.0911832426748,31.12277421809749,28,1.5
89,0.0,0.635,0.365,1547.5034305159027,30.71576695782751,28,1.5
90,0.0,0.66,0.34,1496.82599605806,29.05333637601042,28,1.5
91,0.0,0.63,0.37,1579.2523499469914,31.738575568042723,28,1.5
92,0.0,0.655,0.345,1470.6473793014695,28.17547423389003,28,1.5
93,0.0,0.625,0.375,1568.4884611497432,31.3831175680147,28,1.5
94,0.0,0.645,0.355,1538.3893446967697,30.409891970260205,28,1.5
95,0.0,0.65,0.35,1532.0291565392727,30.201877787894418,28,1.5
96,0.0,0.62,0.38,1577.4168111952106,31.669749363042385,28,1.5
97,0.0,0.64,0.36,1517.7107754410147,29.73537370735461,28,1.5
98,0.0,0.65,0.35,1506.9981416955834,29.382910259295098,28,1.5
99,0.0,0.665,0.335,1474.722230336857,28.308208387829065,28,1.5
100,0.0,0.63,0.37,1536.1066114405075,30.3380046665212,28,1.5
0,0.0,0.94,0.06,931.4863180079863,6.676683069662157,28,2.0
1,0.0,0.89,0.11,1038.9856238740108,11.76168044994347,28,2.0
2,0.0,0.84,0.16,1154.2355515784616,16.563678960463278,28,2.0
3,0.0,0.795,0.205,1253.3830719656075,20.424794933883774,28,2.0
4,0.0,0.76,0.24,1315.1717765853816,22.71927141263971,28,2.0
5,0.0,0.715,0.285,1437.4487041657146,27.042334353444662,28,2.0
6,0.0,0.68,0.32,1505.1259659174802,29.320895667554314,28,2.0
7,0.0,0.685,0.315,1494.803874937397,28.978687058732085,28,2.0
8,0.0,0.66,0.34,1558.5690163701006,31.072266755127867,28,2.0
9,0.0,0.67,0.33,1535.5176285245168,30.323242986084523,28,2.0
10,0.0,0.685,0.315,1500.6548343785228,29.17572571703071,28,2.0
11,0.0,0.66,0.34,1548.3230706735349,30.73854806203034,28,2.0
12,0.0,0.67,0.33,1529.4959720948614,30.12755443095423,28,2.0
13,0.0,0.675,0.325,1519.9821086001768,29.815295342707817,28,2.0
14,0.0,0.65,0.35,1573.4412541062081,31.545307496088647,28,2.0
15,0.0,0.66,0.34,1557.565622909991,31.03633257726551,28,2.0
16,0.0,0.68,0.32,1512.5652474183971,29.565155922093968,28,2.0
17,0.0,0.64,0.36,1584.9421250889063,31.903229350034447,28,2.0
18,0.0,0.66,0.34,1542.9961629606935,30.551410342938656,28,2.0
19,0.0,0.67,0.33,1512.2159910089322,29.541635924247096,28,2.0
20,0.0,0.685,0.315,1471.5126150105868,28.187567660952332,28,2.0
21,0.0,0.655,0.345,1530.3395787538127,30.14094602465166,28,2.0
22,0.0,0.67,0.33,1502.6189061996354,29.22637904700362,28,2.0
23,0.0,0.65,0.35,1541.6855910154327,30.508408242358502,28,2.0
24,0.0,0.62,0.38,1585.0438752481286,31.903673424705516,28,2.0
25,0.0,0.64,0.36,1526.4805466770374,30.01202660277783,28,2.0
26,0.0,0.65,0.35,1492.0606079847819,28.87943642810536,28,2.0
27,0.0,0.665,0.335,1462.5215034659323,27.887729499892565,28,2.0
28,0.0,0.635,0.365,1532.16778196333,30.204516534936857,28,2.0
29,0.0,0.645,0.355,1518.3211280256405,29.751700009754657,28,2.0
30,0.0,0.675,0.325,1432.7048763948483,26.87344599992454,28,2.0
31,0.0,0.65,0.35,1461.6033136017716,27.857539349986183,28,2.0
32,0.0,0.63,0.37,1490.1004399865951,28.814507952981753,28,2.0
33,0.0,0.595,0.405,1556.002518631058,30.97612869747293,28,2.0
34,0.0,0.61,0.39,1520.1537421418932,29.81312259156781,28,2.0
35,0.0,0.63,0.37,1470.7989553006141,28.177043028600878,28,2.0
36,0.0,0.595,0.405,1550.33346374195,30.804865625991045,28,2.0
37,0.0,0.615,0.385,1518.9594466183034,29.781452166837667,28,2.0
38,0.0,0.63,0.37,1468.3091857296017,28.10060960003637,28,2.0
39,0.0,0.595,0.405,1582.9831128208782,31.86448270675856,28,2.0
40,0.0,0.62,0.38,1534.1535097560904,30.294195425601522,28,2.0
41,0.0,0.635,0.365,1484.9518580147014,28.673127329441783,28,2.0
42,0.0,0.645,0.355,1472.4102649752003,28.254123231306448,28,2.0
43,0.0,0.66,0.34,1415.45820204145,26.304239733691233,28,2.0
44,0.0,0.625,0.375,1478.171267439749,28.439965301287707,28,2.0
45,0.0,0.605,0.395,1530.85269857175,30.179788612387913,28,2.0
46,0.0,0.585,0.415,1596.6324090828368,32.30109049699368,28,2.0
47,0.0,0.6,0.4,1558.0301547409854,31.07097486633149,28,2.0
48,0.0,0.615,0.385,1509.2301972599093,29.474549390455746,28,2.0
49,0.0,0.585,0.415,1586.2644864004312,31.976011349811493,28,2.0
50,0.0,0.62,0.38,1513.5274284659981,29.61812909676287,28,2.0
51,0.0,0.63,0.37,1495.1190092131408,29.00930665557215,28,2.0
52,0.0,0.61,0.39,1551.6732098708933,30.864986070734936,28,2.0
53,0.0,0.62,0.38,1532.48552809269,30.24004750348476,28,2.0
54,0.0,0.635,0.365,1499.4514982056808,29.154491265836526,28,2.0
55,0.0,0.65,0.35,1481.75172736884,28.562664926805148,28,2.0
56,0.0,0.62,0.38,1545.8970893295575,30.670234314995852,28,2.0
57,0.0,0.63,0.37,1512.2493636773575,29.56726111083981,28,2.0
58,0.0,0.65,0.35,1486.2615627004955,28.705712602036535,28,2.0
59,0.0,0.615,0.385,1558.2600939745412,31.065381810867105,28,2.0
60,0.0,0.63,0.37,1537.0443238471537,30.37927925192262,28,2.0
61,0.0,0.61,0.39,1575.52957590193,31.619685638345246,28,2.0
62,0.0,0.625,0.375,1555.0353310334453,30.95977304589805,28,2.0
63,0.0,0.645,0.355,1525.1112352299308,29.98631782958433,28,2.0
64,0.0,0.65,0.35,1524.092578204252,29.952837592984405,28,2.0
65,0.0,0.66,0.34,1497.587401737705,29.078375829509188,28,2.0
66,0.0,0.665,0.335,1485.8261922436043,28.686872556558995,28,2.0
67,0.0,0.625,0.375,1561.6934428135867,31.174655153549132,28,2.0
68,0.0,0.605,0.395,1592.975652975221,32.17473494671061,28,2.0
69,0.0,0.615,0.385,1569.7280801122956,31.43217690095438,28,2.0
70,0.0,0.63,0.37,1540.6959537772939,30.49262953433181,28,2.0
71,0.0,0.63,0.37,1540.6959537772939,30.49262953433181,28,2.0
72,0.0,0.64,0.36,1517.9288760874447,29.746862920842947,28,2.0
73,0.0,0.605,0.395,1592.6270799182369,32.16283334968542,28,2.0
74,0.0,0.635,0.365,1536.9718666537176,30.372855128976926,28,2.0
75,0.0,0.65,0.35,1501.8519625281874,29.2208571083398,28,2.0
76,0.0,0.62,0.38,1552.7571096277234,30.885590102954367,28,2.0
77,0.0,0.63,0.37,1534.2272448996189,30.28401244688513,28,2.0
78,0.0,0.635,0.365,1517.466152566762,29.736914369914828,28,2.0
79,0.0,0.6,0.4,1596.9466299702342,32.29733129625044,28,2.0
80,0.0,0.615,0.385,1583.13815789124,31.860585687970374,28,2.0
81,0.0,0.64,0.36,1547.4273149335513,30.71306786608294,28,2.0
82,0.0,0.655,0.345,1512.9482598949546,29.58906533381846,28,2.0
83,0.0,0.63,0.37,1582.2341105446415,31.837499866506082,28,2.0
84,0.0,0.65,0.35,1521.5193504886142,29.870994808049012,28,2.0
85,0.0,0.67,0.33,1496.9789570731687,29.058413388481856,28,2.0
86,0.0,0.64,0.36,1544.0582014437537,30.605168143846264,28,2.0
87,0.0,0.61,0.39,1589.8725139155104,32.07649286589378,28,2.0
88,0.0,0.625,0.375,1560.0911832426748,31.12277421809749,28,2.0
89,0.0,0.635,0.365,1547.5034305159027,30.71576695782751,28,2.0
90,0.0,0.66,0.34,1496.82599605806,29.05333637601042,28,2.0
91,0.0,0.63,0.37,1579.2523499469914,31.738575568042723,28,2.0
92,0.0,0.655,0.345,1470.6473793014695,28.17547423389003,28,2.0
93,0.0,0.625,0.375,1568.4884611497432,31.3831175680147,28,2.0
94,0.0,0.645,0.355,1538.3893446967697,30.409891970260205,28,2.0
95,0.0,0.65,0.35,1532.0291565392727,30.201877787894418,28,2.0
96,0.0,0.62,0.38,1577.4168111952106,31.669749363042385,28,2.0
97,0.0,0.64,0.36,1517.7107754410147,29.73537370735461,28,2.0
98,0.0,0.65,0.35,1506.9981416955834,29.382910259295098,28,2.0
99,0.0,0.665,0.335,1474.722230336857,28.308208387829065,28,2.0
100,0.0,0.63,0.37,1536.1066114405075,30.3380046665212,28,2.0
0,0.0,0.94,0.06,1099.8883435125904,8.171667175452075,29,0.0
1,0.0,0.89,0.11,1218.9619306894817,13.772554717056444,29,0.0
2,0.0,0.85,0.15,1323.581553950978,18.21611664735036,29,0.0
3,0.0,0.81,0.19,1414.270167115919,21.864031563243895,29,0.0
4,0.0,0.775,0.225,1487.3693460258974,24.676290938677237,29,0.0
5,0.0,0.74,0.26,1590.6902400458898,28.465148106529746,29,0.0
6,0.0,0.7,0.3,1667.7687352987105,31.16959481254351,29,0.0
7,0.0,0.655,0.345,1781.800553863078,35.348618045766415,29,0.0
8,0.0,0.62,0.38,1850.0168090100206,38.53043346093023,29,0.0
9,0.0,0.585,0.415,1893.227365411846,41.1388275564331,29,0.0
10,0.0,0.555,0.445,1941.356737957035,45.58177760768194,29,0.0
11,0.0,0.525,0.475,1952.4779165566206,47.54577663642989,29,0.0
12,0.0,0.5,0.5,1957.0648398901278,49.209154401426424,29,0.0
13,0.0,0.48,0.52,1957.7633969035896,50.49719115163789,29,0.0
14,0.0,0.44,0.56,1945.2499376742405,54.15394876632337,29,0.0
15,0.0,0.425,0.575,1935.5011456154168,55.502707133511805,29,0.0
16,0.0,0.395,0.605,1921.9600684977363,56.95561221170591,29,0.0
17,0.0,0.38,0.62,1904.7835136081649,58.45456121933318,29,0.0
18,0.0,0.35,0.65,1879.544246150038,60.25785151546482,29,0.0
19,0.0,0.33,0.67,1860.8711391964703,61.41976410824258,29,0.0
20,0.0,0.315,0.685,1836.379373402272,62.779006285501815,29,0.0
21,0.0,0.305,0.695,1828.839512213689,63.17191065763552,29,0.0
22,0.0,0.275,0.725,1790.1911403116185,65.02424114952464,29,0.0
23,0.0,0.27,0.73,1778.3291253337952,65.54737303304593,29,0.0
24,0.0,0.265,0.735,1775.67910417104,65.66194984446153,29,0.0
25,0.0,0.25,0.75,1767.8884195830544,65.99593681105642,29,0.0
26,0.0,0.235,0.765,1744.7507292161763,66.94890116081773,29,0.0
27,0.0,0.22,0.78,1726.7887205237093,67.66300313296034,29,0.0
28,0.0,0.2,0.8,1698.014689380228,68.74301400457594,29,0.0
29,0.0,0.195,0.805,1690.5749209146354,69.01314477340591,29,0.0
30,0.0,0.185,0.815,1668.68691704491,69.79205137721918,29,0.0
31,0.0,0.165,0.835,1632.8324430363557,71.00805111809491,29,0.0
32,0.0,0.155,0.845,1614.4329087821154,71.60973048938253,29,0.0
33,0.0,0.145,0.855,1603.0511454018658,71.97306586821267,29,0.0
34,0.0,0.14,0.86,1597.9804336943555,72.13241495787304,29,0.0
35,0.0,0.125,0.875,1570.4316482177055,72.98701809262523,29,0.0
36,0.0,0.12,0.88,1558.036467146382,73.3590551361992,29,0.0
37,0.0,0.11,0.89,1550.065597289415,73.59565086674753,29,0.0
38,0.0,0.105,0.895,1528.8358470147398,74.22143330661876,29,0.0
39,0.0,0.105,0.895,1528.8358470147398,74.22143330661876,29,0.0
40,0.0,0.105,0.895,1528.8358470147398,74.22143330661876,29,0.0
41,0.0,0.105,0.895,1528.8358470147398,74.22143330661876,29,0.0
42,0.0,0.095,0.905,1503.0809494535345,74.9568756042789,29,0.0
43,0.0,0.09,0.91,1486.0511972577876,75.43168885578537,29,0.0
44,0.0,0.085,0.915,1460.9801814696552,76.11567536402617,29,0.0
45,0.0,0.085,0.915,1460.9801814696552,76.11567536402617,29,0.0
46,0.0,0.08,0.92,1446.1444441663211,76.51725786064128,29,0.0
47,0.0,0.075,0.925,1442.5071485132507,76.61406154522035,29,0.0
48,0.0,0.075,0.925,1442.5071485132507,76.61406154522035,29,0.0
49,0.0,0.07,0.93,1432.6264222777081,76.87548913358864,29,0.0
50,0.0,0.07,0.93,1432.6264222777081,76.87548913358864,29,0.0
51,0.0,0.07,0.93,1432.6264222777081,76.87548913358864,29,0.0
52,0.0,0.055,0.945,1414.2198897070516,77.35867150666706,29,0.0
53,0.0,0.05,0.95,1406.4041011378022,77.56032973107395,29,0.0
54,0.0,0.05,0.95,1406.4041011378022,77.56032973107395,29,0.0
55,0.0,0.045,0.955,1387.8960027463472,78.03782251032379,29,0.0
56,0.0,0.045,0.955,1387.8960027463472,78.03782251032379,29,0.0
57,0.0,0.045,0.955,1387.8960027463472,78.03782251032379,29,0.0
58,0.0,0.035,0.965,1372.8376299203,78.41730283108771,29,0.0
59,0.0,0.035,0.965,1372.8376299203,78.41730283108771,29,0.0
60,0.0,0.025,0.975,1368.3545170634243,78.52956000555392,29,0.0
61,0.0,0.025,0.975,1368.3545170634243,78.52956000555392,29,0.0
62,0.0,0.02,0.98,1357.2849134581784,78.8052910073528,29,0.0
63,0.0,0.02,0.98,1357.2849134581784,78.8052910073528,29,0.0
64,0.0,0.015,0.985,1335.833574515435,79.33599378070411,29,0.0
65,0.0,0.015,0.985,1335.833574515435,79.33599378070411,29,0.0
66,0.0,0.015,0.985,1335.833574515435,79.33599378070411,29,0.0
67,0.0,0.015,0.985,1335.833574515435,79.33599378070411,29,0.0
68,0.0,0.01,0.99,1307.0916040719767,80.03345828908424,29,0.0
69,0.0,0.01,0.99,1307.0916040719767,80.03345828908424,29,0.0
70,0.0,0.01,0.99,1307.0916040719767,80.03345828908424,29,0.0
71,0.0,0.01,0.99,1307.0916040719767,80.03345828908424,29,0.0
72,0.0,0.01,0.99,1307.0916040719767,80.03345828908424,29,0.0
0,0.0,0.94,0.06,1099.8883435125904,8.171667175452075,29,0.5
1,0.0,0.89,0.11,1218.9619306894817,13.772554717056444,29,0.5
2,0.0,0.85,0.15,1323.581553950978,18.21611664735036,29,0.5
3,0.0,0.81,0.19,1414.270167115919,21.864031563243895,29,0.5
4,0.0,0.775,0.225,1487.3693460258974,24.676290938677237,29,0.5
5,0.0,0.74,0.26,1590.6902400458898,28.465148106529746,29,0.5
6,0.0,0.7,0.3,1667.7687352987105,31.16959481254351,29,0.5
7,0.0,0.655,0.345,1781.800553863078,35.348618045766415,29,0.5
8,0.0,0.62,0.38,1850.0168090100206,38.53043346093023,29,0.5
9,0.0,0.585,0.415,1893.227365411846,41.1388275564331,29,0.5
10,0.0,0.555,0.445,1941.356737957035,45.58177760768194,29,0.5
11,0.0,0.525,0.475,1952.4779165566206,47.54577663642989,29,0.5
12,0.0,0.5,0.5,1957.0648398901278,49.209154401426424,29,0.5
13,0.0,0.48,0.52,1957.7633969035896,50.49719115163789,29,0.5
14,0.0,0.44,0.56,1945.2499376742405,54.15394876632337,29,0.5
15,0.0,0.425,0.575,1935.5011456154168,55.502707133511805,29,0.5
16,0.0,0.395,0.605,1921.9600684977363,56.95561221170591,29,0.5
17,0.0,0.38,0.62,1904.7835136081649,58.45456121933318,29,0.5
18,0.0,0.35,0.65,1879.544246150038,60.25785151546482,29,0.5
19,0.0,0.33,0.67,1860.8711391964703,61.41976410824258,29,0.5
20,0.0,0.315,0.685,1836.379373402272,62.779006285501815,29,0.5
21,0.0,0.305,0.695,1828.839512213689,63.17191065763552,29,0.5
22,0.0,0.275,0.725,1790.1911403116185,65.02424114952464,29,0.5
23,0.0,0.27,0.73,1778.3291253337952,65.54737303304593,29,0.5
24,0.0,0.265,0.735,1775.67910417104,65.66194984446153,29,0.5
25,0.0,0.25,0.75,1767.8884195830544,65.99593681105642,29,0.5
26,0.0,0.235,0.765,1744.7507292161763,66.94890116081773,29,0.5
27,0.0,0.22,0.78,1726.7887205237093,67.66300313296034,29,0.5
28,0.0,0.2,0.8,1698.014689380228,68.74301400457594,29,0.5
29,0.0,0.195,0.805,1690.5749209146354,69.01314477340591,29,0.5
30,0.0,0.185,0.815,1668.68691704491,69.79205137721918,29,0.5
31,0.0,0.165,0.835,1632.8324430363557,71.00805111809491,29,0.5
32,0.0,0.155,0.845,1614.4329087821154,71.60973048938253,29,0.5
33,0.0,0.145,0.855,1603.0511454018658,71.97306586821267,29,0.5
34,0.0,0.14,0.86,1597.9804336943555,72.13241495787304,29,0.5
35,0.0,0.125,0.875,1570.4316482177055,72.98701809262523,29,0.5
36,0.0,0.12,0.88,1558.036467146382,73.3590551361992,29,0.5
37,0.0,0.11,0.89,1550.065597289415,73.59565086674753,29,0.5
38,0.0,0.105,0.895,1528.8358470147398,74.22143330661876,29,0.5
39,0.0,0.105,0.895,1528.8358470147398,74.22143330661876,29,0.5
40,0.0,0.105,0.895,1528.8358470147398,74.22143330661876,29,0.5
41,0.0,0.105,0.895,1528.8358470147398,74.22143330661876,29,0.5
42,0.0,0.095,0.905,1503.0809494535345,74.9568756042789,29,0.5
43,0.0,0.09,0.91,1486.0511972577876,75.43168885578537,29,0.5
44,0.0,0.085,0.915,1460.9801814696552,76.11567536402617,29,0.5
45,0.0,0.085,0.915,1460.9801814696552,76.11567536402617,29,0.5
46,0.0,0.08,0.92,1446.1444441663211,76.51725786064128,29,0.5
47,0.0,0.075,0.925,1442.5071485132507,76.61406154522035,29,0.5
48,0.0,0.075,0.925,1442.5071485132507,76.61406154522035,29,0.5
49,0.0,0.07,0.93,1432.6264222777081,76.87548913358864,29,0.5
50,0.0,0.07,0.93,1432.6264222777081,76.87548913358864,29,0.5
51,0.0,0.07,0.93,1432.6264222777081,76.87548913358864,29,0.5
52,0.0,0.055,0.945,1414.2198897070516,77.35867150666706,29,0.5
53,0.0,0.05,0.95,1406.4041011378022,77.56032973107395,29,0.5
54,0.0,0.05,0.95,1406.4041011378022,77.56032973107395,29,0.5
55,0.0,0.045,0.955,1387.8960027463472,78.03782251032379,29,0.5
56,0.0,0.045,0.955,1387.8960027463472,78.03782251032379,29,0.5
57,0.0,0.045,0.955,1387.8960027463472,78.03782251032379,29,0.5
58,0.0,0.035,0.965,1372.8376299203,78.41730283108771,29,0.5
59,0.0,0.035,0.965,1372.8376299203,78.41730283108771,29,0.5
60,0.0,0.025,0.975,1368.3545170634243,78.52956000555392,29,0.5
61,0.0,0.025,0.975,1368.3545170634243,78.52956000555392,29,0.5
62,0.0,0.02,0.98,1357.2849134581784,78.8052910073528,29,0.5
63,0.0,0.02,0.98,1357.2849134581784,78.8052910073528,29,0.5
64,0.0,0.015,0.985,1335.833574515435,79.33599378070411,29,0.5
65,0.0,0.015,0.985,1335.833574515435,79.33599378070411,29,0.5
66,0.0,0.015,0.985,1335.833574515435,79.33599378070411,29,0.5
67,0.0,0.015,0.985,1335.833574515435,79.33599378070411,29,0.5
68,0.0,0.01,0.99,1307.0916040719767,80.03345828908424,29,0.5
69,0.0,0.01,0.99,1307.0916040719767,80.03345828908424,29,0.5
70,0.0,0.01,0.99,1307.0916040719767,80.03345828908424,29,0.5
71,0.0,0.01,0.99,1307.0916040719767,80.03345828908424,29,0.5
72,0.0,0.01,0.99,1307.0916040719767,80.03345828908424,29,0.5
0,0.0,0.94,0.06,1099.8883435125904,8.171667175452075,29,1.0
1,0.0,0.89,0.11,1218.9619306894817,13.772554717056444,29,1.0
2,0.0,0.85,0.15,1323.581553950978,18.21611664735036,29,1.0
3,0.0,0.81,0.19,1414.270167115919,21.864031563243895,29,1.0
4,0.0,0.775,0.225,1487.3693460258974,24.676290938677237,29,1.0
5,0.0,0.74,0.26,1590.6902400458898,28.465148106529746,29,1.0
6,0.0,0.7,0.3,1667.7687352987105,31.16959481254351,29,1.0
7,0.0,0.7,0.3,1667.7687352987105,31.16959481254351,29,1.0
8,0.0,0.7,0.3,1667.7687352987105,31.16959481254351,29,1.0
9,0.0,0.7,0.3,1667.7687352987105,31.16959481254351,29,1.0
10,0.0,0.7,0.3,1667.7687352987105,31.16959481254351,29,1.0
0,0.0,0.94,0.06,1099.8883435125904,8.171667175452075,29,1.5
1,0.0,0.89,0.11,1218.9619306894817,13.772554717056444,29,1.5
2,0.0,0.85,0.15,1323.581553950978,18.21611664735036,29,1.5
3,0.0,0.81,0.19,1414.270167115919,21.864031563243895,29,1.5
4,0.0,0.775,0.225,1487.3693460258974,24.676290938677237,29,1.5
5,0.0,0.74,0.26,1590.6902400458898,28.465148106529746,29,1.5
6,0.0,0.7,0.3,1667.7687352987105,31.16959481254351,29,1.5
7,0.0,0.705,0.295,1653.0082064204619,30.66144943449415,29,1.5
8,0.0,0.72,0.28,1608.9820801972633,29.117231792647907,29,1.5
9,0.0,0.73,0.27,1584.5444687505665,28.2431892010275,29,1.5
10,0.0,0.745,0.255,1547.0075110318867,26.88462620897753,29,1.5
11,0.0,0.705,0.295,1638.1524158695881,30.141796902448633,29,1.5
12,0.0,0.715,0.285,1609.5229626941182,29.132387534139298,29,1.5
13,0.0,0.685,0.315,1672.8904860851856,31.343048523962402,29,1.5
14,0.0,0.695,0.305,1641.3961635586081,30.254688864110566,29,1.5
15,0.0,0.71,0.29,1621.83365817399,29.56910419184301,29,1.5
16,0.0,0.715,0.285,1618.3303226606104,29.445282467085853,29,1.5
17,0.0,0.695,0.305,1686.409026783485,31.80237282660383,29,1.5
18,0.0,0.7,0.3,1652.710094265022,30.645725504463034,29,1.5
19,0.0,0.715,0.285,1613.5282435379395,29.277008591275724,29,1.5
20,0.0,0.725,0.275,1564.2743149661753,27.5140341495092,29,1.5
21,0.0,0.7,0.3,1623.9164161436843,29.64009811475954,29,1.5
22,0.0,0.71,0.29,1611.7679644891966,29.210725344024286,29,1.5
23,0.0,0.69,0.31,1695.1190492754654,32.1069197047888,29,1.5
24,0.0,0.705,0.295,1662.4129972422002,30.98907170272647,29,1.5
25,0.0,0.715,0.285,1622.9595310272841,29.616997056198795,29,1.5
26,0.0,0.73,0.27,1567.7201532168833,27.649166860235212,29,1.5
27,0.0,0.69,0.31,1671.0845612289365,31.28737595107352,29,1.5
28,0.0,0.715,0.285,1596.1724736436663,28.667671824763552,29,1.5
29,0.0,0.675,0.325,1655.0582555541916,30.73842630636519,29,1.5
30,0.0,0.7,0.3,1590.2555194310096,28.4618150487316,29,1.5
31,0.0,0.71,0.29,1579.4411021100782,28.07549467952132,29,1.5
32,0.0,0.67,0.33,1677.550240578398,31.512499874311253,29,1.5
33,0.0,0.68,0.32,1621.912673165908,29.580479261842882,29,1.5
34,0.0,0.66,0.34,1670.8083759963054,31.28032296334112,29,1.5
35,0.0,0.68,0.32,1616.6859214160322,29.395710204541448,29,1.5
36,0.0,0.655,0.345,1695.2076019023602,32.11022204463558,29,1.5
37,0.0,0.66,0.34,1670.0548027108255,31.25264503575978,29,1.5
38,0.0,0.665,0.335,1622.169042938277,29.58995782756302,29,1.5
39,0.0,0.68,0.32,1606.8298559074478,29.047957739867268,29,1.5
40,0.0,0.695,0.305,1569.2530625888464,27.698791139429623,29,1.5
41,0.0,0.67,0.33,1608.2283993282063,29.09670066819813,29,1.5
42,0.0,0.68,0.32,1587.7751412173004,28.365668674673373,29,1.5
43,0.0,0.66,0.34,1659.5003532503529,30.895524016904712,29,1.5
44,0.0,0.685,0.315,1622.5261057140106,29.604466665318434,29,1.5
45,0.0,0.7,0.3,1554.5553541480278,27.178620822845293,29,1.5
46,0.0,0.67,0.33,1628.9479899136509,29.83495980154565,29,1.5
47,0.0,0.69,0.31,1591.5650094275138,28.51481285875669,29,1.5
48,0.0,0.695,0.305,1573.5937539817614,27.868402596251702,29,1.5
49,0.0,0.655,0.345,1643.7866086685417,30.35423223844514,29,1.5
50,0.0,0.67,0.33,1618.454952359416,29.467262895114736,29,1.5
51,0.0,0.68,0.32,1589.8977256226444,28.44959280624849,29,1.5
52,0.0,0.635,0.365,1675.0057518702756,31.4269001008625,29,1.5
53,0.0,0.645,0.355,1660.8672907086357,30.937945888149372,29,1.5
54,0.0,0.645,0.355,1660.8672907086357,30.937945888149372,29,1.5
55,0.0,0.665,0.335,1607.5655983605552,29.072048373235358,29,1.5
56,0.0,0.63,0.37,1686.1536913115406,31.813172771225684,29,1.5
57,0.0,0.66,0.34,1640.5766567049407,30.23943642528696,29,1.5
58,0.0,0.665,0.335,1632.2756257676888,29.950070148485104,29,1.5
59,0.0,0.685,0.315,1604.8098872782355,28.982178112649564,29,1.5
60,0.0,0.645,0.355,1671.5496943270762,31.316801587755304,29,1.5
61,0.0,0.665,0.335,1609.288670724573,29.142574602150944,29,1.5
62,0.0,0.62,0.38,1687.393214222587,31.85476948072284,29,1.5
63,0.0,0.645,0.355,1645.7481419552073,30.415602092650218,29,1.5
64,0.0,0.65,0.35,1638.2445322488786,30.15464739530923,29,1.5
65,0.0,0.655,0.345,1617.8764988003377,29.437398644673003,29,1.5
66,0.0,0.615,0.385,1688.5823299391611,31.889940166569026,29,1.5
67,0.0,0.635,0.365,1652.954974033109,30.666903162165518,29,1.5
68,0.0,0.66,0.34,1603.3655740290928,28.927847677655024,29,1.5
69,0.0,0.64,0.36,1693.1215645899588,32.057195655096926,29,1.5
70,0.0,0.665,0.335,1634.164122929651,30.021146672887244,29,1.5
71,0.0,0.685,0.315,1568.981568727136,27.703427784228417,29,1.5
72,0.0,0.645,0.355,1687.8694783883602,31.8865196330493,29,1.5
73,0.0,0.67,0.33,1587.680956904719,28.389030260249815,29,1.5
74,0.0,0.63,0.37,1673.170419617865,31.388085727140467,29,1.5
75,0.0,0.65,0.35,1646.8233331654772,30.476186416210723,29,1.5
76,0.0,0.665,0.335,1610.923304008819,29.216253205815743,29,1.5
77,0.0,0.63,0.37,1675.2886787452594,31.45792960801286,29,1.5
78,0.0,0.645,0.355,1650.5746267498182,30.605436131026966,29,1.5
79,0.0,0.68,0.32,1583.8608069063212,28.2463352575147,29,1.5
80,0.0,0.645,0.355,1656.1836055904646,30.78911805268715,29,1.5
81,0.0,0.66,0.34,1608.5246581357376,29.12188502223428,29,1.5
82,0.0,0.67,0.33,1560.8767897444745,27.411009888691204,29,1.5
83,0.0,0.635,0.365,1640.0076754566016,30.22893988291068,29,1.5
84,0.0,0.66,0.34,1580.299452487542,28.115873207946414,29,1.5
85,0.0,0.62,0.38,1691.0360443187146,31.983518742033905,29,1.5
86,0.0,0.64,0.36,1584.3039674341449,28.253830924827774,29,1.5
87,0.0,0.66,0.34,1552.947857109158,27.1193286696202,29,1.5
88,0.0,0.615,0.385,1693.9361930039156,32.08265574439461,29,1.5
89,0.0,0.64,0.36,1641.87647891096,30.286891096533903,29,1.5
90,0.0,0.66,0.34,1588.0166079662993,28.383325830576887,29,1.5
91,0.0,0.63,0.37,1651.089978275147,30.60765870978974,29,1.5
92,0.0,0.645,0.355,1597.517349566115,28.721670276370627,29,1.5
93,0.0,0.615,0.385,1682.1671101406832,31.671688951868713,29,1.5
94,0.0,0.62,0.38,1673.0246729429398,31.357177662673063,29,1.5
95,0.0,0.64,0.36,1627.411565424438,29.774578467312004,29,1.5
96,0.0,0.615,0.385,1693.0458908795117,32.04313595218037,29,1.5
97,0.0,0.64,0.36,1611.3441483325394,29.215049813649966,29,1.5
98,0.0,0.655,0.345,1581.8545660346208,28.160884294161754,29,1.5
99,0.0,0.625,0.375,1642.4339691553494,30.300548598611005,29,1.5
100,0.0,0.66,0.34,1585.1736981295053,28.279502207816698,29,1.5
0,0.0,0.94,0.06,1099.8883435125904,8.171667175452075,29,2.0
1,0.0,0.89,0.11,1218.9619306894817,13.772554717056444,29,2.0
2,0.0,0.85,0.15,1323.581553950978,18.21611664735036,29,2.0
3,0.0,0.81,0.19,1414.270167115919,21.864031563243895,29,2.0
4,0.0,0.775,0.225,1487.3693460258974,24.676290938677237,29,2.0
5,0.0,0.74,0.26,1590.6902400458898,28.465148106529746,29,2.0
6,0.0,0.7,0.3,1667.7687352987105,31.16959481254351,29,2.0
7,0.0,0.705,0.295,1653.0082064204619,30.66144943449415,29,2.0
8,0.0,0.72,0.28,1608.9820801972633,29.117231792647907,29,2.0
9,0.0,0.73,0.27,1584.5444687505665,28.2431892010275,29,2.0
10,0.0,0.745,0.255,1547.0075110318867,26.88462620897753,29,2.0
11,0.0,0.705,0.295,1638.1524158695881,30.141796902448633,29,2.0
12,0.0,0.715,0.285,1609.5229626941182,29.132387534139298,29,2.0
13,0.0,0.685,0.315,1672.8904860851856,31.343048523962402,29,2.0
14,0.0,0.695,0.305,1641.3961635586081,30.254688864110566,29,2.0
15,0.0,0.71,0.29,1621.83365817399,29.56910419184301,29,2.0
16,0.0,0.715,0.285,1618.3303226606104,29.445282467085853,29,2.0
17,0.0,0.695,0.305,1686.409026783485,31.80237282660383,29,2.0
18,0.0,0.7,0.3,1652.710094265022,30.645725504463034,29,2.0
19,0.0,0.715,0.285,1613.5282435379395,29.277008591275724,29,2.0
20,0.0,0.725,0.275,1564.2743149661753,27.5140341495092,29,2.0
21,0.0,0.7,0.3,1623.9164161436843,29.64009811475954,29,2.0
22,0.0,0.71,0.29,1611.7679644891966,29.210725344024286,29,2.0
23,0.0,0.69,0.31,1695.1190492754654,32.1069197047888,29,2.0
24,0.0,0.705,0.295,1662.4129972422002,30.98907170272647,29,2.0
25,0.0,0.715,0.285,1622.9595310272841,29.616997056198795,29,2.0
26,0.0,0.73,0.27,1567.7201532168833,27.649166860235212,29,2.0
27,0.0,0.69,0.31,1671.0845612289365,31.28737595107352,29,2.0
28,0.0,0.715,0.285,1596.1724736436663,28.667671824763552,29,2.0
29,0.0,0.675,0.325,1655.0582555541916,30.73842630636519,29,2.0
30,0.0,0.7,0.3,1590.2555194310096,28.4618150487316,29,2.0
31,0.0,0.71,0.29,1579.4411021100782,28.07549467952132,29,2.0
32,0.0,0.67,0.33,1677.550240578398,31.512499874311253,29,2.0
33,0.0,0.68,0.32,1621.912673165908,29.580479261842882,29,2.0
34,0.0,0.66,0.34,1670.8083759963054,31.28032296334112,29,2.0
35,0.0,0.68,0.32,1616.6859214160322,29.395710204541448,29,2.0
36,0.0,0.655,0.345,1695.2076019023602,32.11022204463558,29,2.0
37,0.0,0.66,0.34,1670.0548027108255,31.25264503575978,29,2.0
38,0.0,0.665,0.335,1622.169042938277,29.58995782756302,29,2.0
39,0.0,0.68,0.32,1606.8298559074478,29.047957739867268,29,2.0
40,0.0,0.695,0.305,1569.2530625888464,27.698791139429623,29,2.0
41,0.0,0.67,0.33,1608.2283993282063,29.09670066819813,29,2.0
42,0.0,0.68,0.32,1587.7751412173004,28.365668674673373,29,2.0
43,0.0,0.66,0.34,1659.5003532503529,30.895524016904712,29,2.0
44,0.0,0.685,0.315,1622.5261057140106,29.604466665318434,29,2.0
45,0.0,0.7,0.3,1554.5553541480278,27.178620822845293,29,2.0
46,0.0,0.67,0.33,1628.9479899136509,29.83495980154565,29,2.0
47,0.0,0.69,0.31,1591.5650094275138,28.51481285875669,29,2.0
48,0.0,0.695,0.305,1573.5937539817614,27.868402596251702,29,2.0
49,0.0,0.655,0.345,1643.7866086685417,30.35423223844514,29,2.0
50,0.0,0.67,0.33,1618.454952359416,29.467262895114736,29,2.0
51,0.0,0.68,0.32,1589.8977256226444,28.44959280624849,29,2.0
52,0.0,0.635,0.365,1675.0057518702756,31.4269001008625,29,2.0
53,0.0,0.645,0.355,1660.8672907086357,30.937945888149372,29,2.0
54,0.0,0.645,0.355,1660.8672907086357,30.937945888149372,29,2.0
55,0.0,0.665,0.335,1607.5655983605552,29.072048373235358,29,2.0
56,0.0,0.63,0.37,1686.1536913115406,31.813172771225684,29,2.0
57,0.0,0.66,0.34,1640.5766567049407,30.23943642528696,29,2.0
58,0.0,0.665,0.335,1632.2756257676888,29.950070148485104,29,2.0
59,0.0,0.685,0.315,1604.8098872782355,28.982178112649564,29,2.0
60,0.0,0.645,0.355,1671.5496943270762,31.316801587755304,29,2.0
61,0.0,0.665,0.335,1609.288670724573,29.142574602150944,29,2.0
62,0.0,0.62,0.38,1687.393214222587,31.85476948072284,29,2.0
63,0.0,0.645,0.355,1645.7481419552073,30.415602092650218,29,2.0
64,0.0,0.65,0.35,1638.2445322488786,30.15464739530923,29,2.0
65,0.0,0.655,0.345,1617.8764988003377,29.437398644673003,29,2.0
66,0.0,0.615,0.385,1688.5823299391611,31.889940166569026,29,2.0
67,0.0,0.635,0.365,1652.954974033109,30.666903162165518,29,2.0
68,0.0,0.66,0.34,1603.3655740290928,28.927847677655024,29,2.0
69,0.0,0.64,0.36,1693.1215645899588,32.057195655096926,29,2.0
70,0.0,0.665,0.335,1634.164122929651,30.021146672887244,29,2.0
71,0.0,0.685,0.315,1568.981568727136,27.703427784228417,29,2.0
72,0.0,0.645,0.355,1687.8694783883602,31.8865196330493,29,2.0
73,0.0,0.67,0.33,1587.680956904719,28.389030260249815,29,2.0
74,0.0,0.63,0.37,1673.170419617865,31.388085727140467,29,2.0
75,0.0,0.65,0.35,1646.8233331654772,30.476186416210723,29,2.0
76,0.0,0.665,0.335,1610.923304008819,29.216253205815743,29,2.0
77,0.0,0.63,0.37,1675.2886787452594,31.45792960801286,29,2.0
78,0.0,0.645,0.355,1650.5746267498182,30.605436131026966,29,2.0
79,0.0,0.68,0.32,1583.8608069063212,28.2463352575147,29,2.0
80,0.0,0.645,0.355,1656.1836055904646,30.78911805268715,29,2.0
81,0.0,0.66,0.34,1608.5246581357376,29.12188502223428,29,2.0
82,0.0,0.67,0.33,1560.8767897444745,27.411009888691204,29,2.0
83,0.0,0.635,0.365,1640.0076754566016,30.22893988291068,29,2.0
84,0.0,0.66,0.34,1580.299452487542,28.115873207946414,29,2.0
85,0.0,0.62,0.38,1691.0360443187146,31.983518742033905,29,2.0
86,0.0,0.64,0.36,1584.3039674341449,28.253830924827774,29,2.0
87,0.0,0.66,0.34,1552.947857109158,27.1193286696202,29,2.0
88,0.0,0.615,0.385,1693.9361930039156,32.08265574439461,29,2.0
89,0.0,0.64,0.36,1641.87647891096,30.286891096533903,29,2.0
90,0.0,0.66,0.34,1588.0166079662993,28.383325830576887,29,2.0
91,0.0,0.63,0.37,1651.089978275147,30.60765870978974,29,2.0
92,0.0,0.645,0.355,1597.517349566115,28.721670276370627,29,2.0
93,0.0,0.615,0.385,1682.1671101406832,31.671688951868713,29,2.0
94,0.0,0.62,0.38,1673.0246729429398,31.357177662673063,29,2.0
95,0.0,0.64,0.36,1627.411565424438,29.774578467312004,29,2.0
96,0.0,0.615,0.385,1693.0458908795117,32.04313595218037,29,2.0
97,0.0,0.64,0.36,1611.3441483325394,29.215049813649966,29,2.0
98,0.0,0.655,0.345,1581.8545660346208,28.160884294161754,29,2.0
99,0.0,0.625,0.375,1642.4339691553494,30.300548598611005,29,2.0
100,0.0,0.66,0.34,1585.1736981295053,28.279502207816698,29,2.0
0,0.0,0.94,0.06,848.483465865738,6.070352953317068,30,0.0
1,0.0,0.895,0.105,964.2773139315796,11.907899643018244,30,0.0
2,0.0,0.85,0.15,1032.9460243961432,14.922277693105553,30,0.0
3,0.0,0.805,0.195,1176.6783951254358,20.800334327912694,30,0.0
4,0.0,0.765,0.235,1278.4519307374944,24.660452629235508,30,0.0
5,0.0,0.725,0.275,1384.8016222738322,28.46992180318894,30,0.0
6,0.0,0.68,0.32,1547.9168131207923,34.16222128493135,30,0.0
7,0.0,0.645,0.355,1636.036354831369,38.11279442382096,30,0.0
8,0.0,0.625,0.375,1664.269095370096,39.69114564288037,30,0.0
9,0.0,0.585,0.415,1699.5746483603452,42.0944389964385,30,0.0
10,0.0,0.54,0.46,1732.664384093192,45.28246574566145,30,0.0
11,0.0,0.515,0.485,1745.9166783211913,47.386723149625986,30,0.0
12,0.0,0.485,0.515,1751.213833434536,48.959949534890626,30,0.0
13,0.0,0.465,0.535,1752.6767156263172,49.89188203655403,30,0.0
14,0.0,0.44,0.56,1751.5463866496445,51.79397959706918,30,0.0
15,0.0,0.42,0.58,1746.4038221039891,53.38314759359238,30,0.0
16,0.0,0.39,0.61,1738.6238181211395,54.79433304482138,30,0.0
17,0.0,0.385,0.615,1736.6096037220832,55.08872011849765,30,0.0
18,0.0,0.355,0.645,1713.5681224656153,57.72026235512607,30,0.0
19,0.0,0.33,0.67,1687.2099542341075,59.8807249209103,30,0.0
20,0.0,0.32,0.68,1681.1399304681881,60.30760430446241,30,0.0
21,0.0,0.3,0.7,1668.6868599222548,61.14318038919639,30,0.0
22,0.0,0.3,0.7,1668.6868599222548,61.14318038919639,30,0.0
23,0.0,0.285,0.715,1643.1298275721092,62.6818428271813,30,0.0
24,0.0,0.26,0.74,1609.6405865621632,64.45760357525899,30,0.0
25,0.0,0.25,0.75,1596.202304248984,65.1074506349432,30,0.0
26,0.0,0.245,0.755,1588.977912586935,65.44545684046611,30,0.0
27,0.0,0.24,0.76,1585.0617808361665,65.62858883634789,30,0.0
28,0.0,0.235,0.765,1584.1574112128892,65.67041076142155,30,0.0
29,0.0,0.22,0.78,1533.0728129314766,67.8927461860249,30,0.0
30,0.0,0.21,0.79,1509.2564817238558,68.83070949506936,30,0.0
31,0.0,0.205,0.795,1502.014143187982,69.10768755689053,30,0.0
32,0.0,0.2,0.8,1496.0270745163639,69.33549446150063,30,0.0
33,0.0,0.19,0.81,1481.5927169769457,69.87603129352962,30,0.0
34,0.0,0.19,0.81,1481.5927169769457,69.87603129352962,30,0.0
35,0.0,0.18,0.82,1469.934536855957,70.29788107900447,30,0.0
36,0.0,0.165,0.835,1439.92982172806,71.3516604228487,30,0.0
37,0.0,0.155,0.845,1421.9454764347893,71.96315285974316,30,0.0
38,0.0,0.145,0.855,1395.9943805549885,72.82272359763607,30,0.0
39,0.0,0.13,0.87,1369.7261725411577,73.65727918094149,30,0.0
40,0.0,0.125,0.875,1366.5562882618558,73.75681078381137,30,0.0
41,0.0,0.11,0.89,1346.585558354024,74.37216806364074,30,0.0
42,0.0,0.11,0.89,1346.585558354024,74.37216806364074,30,0.0
43,0.0,0.1,0.9,1310.5643846099513,75.45198109995762,30,0.0
44,0.0,0.1,0.9,1310.5643846099513,75.45198109995762,30,0.0
45,0.0,0.095,0.905,1292.5007734689311,75.97912897807586,30,0.0
46,0.0,0.09,0.91,1287.0867406359434,76.13563032674826,30,0.0
47,0.0,0.085,0.915,1281.0746979711212,76.30698027757987,30,0.0
48,0.0,0.08,0.92,1271.928411510973,76.56830619651176,30,0.0
49,0.0,0.08,0.92,1271.928411510973,76.56830619651176,30,0.0
50,0.0,0.07,0.93,1211.471736038989,78.23206688380188,30,0.0
51,0.0,0.07,0.93,1211.471736038989,78.23206688380188,30,0.0
52,0.0,0.065,0.935,1200.2684017906904,78.53252237130931,30,0.0
53,0.0,0.05,0.95,1168.4333522641114,79.37307713641852,30,0.0
54,0.0,0.04,0.96,1137.9754090170054,80.15244615359104,30,0.0
55,0.0,0.04,0.96,1137.9754090170054,80.15244615359104,30,0.0
56,0.0,0.04,0.96,1137.9754090170054,80.15244615359104,30,0.0
57,0.0,0.04,0.96,1137.9754090170054,80.15244615359104,30,0.0
58,0.0,0.04,0.96,1137.9754090170054,80.15244615359104,30,0.0
0,0.0,0.94,0.06,848.483465865738,6.070352953317068,30,0.5
1,0.0,0.895,0.105,964.2773139315796,11.907899643018244,30,0.5
2,0.0,0.85,0.15,1032.9460243961432,14.922277693105553,30,0.5
3,0.0,0.805,0.195,1176.6783951254358,20.800334327912694,30,0.5
4,0.0,0.765,0.235,1278.4519307374944,24.660452629235508,30,0.5
5,0.0,0.725,0.275,1384.8016222738322,28.46992180318894,30,0.5
6,0.0,0.68,0.32,1547.9168131207923,34.16222128493135,30,0.5
7,0.0,0.645,0.355,1636.036354831369,38.11279442382096,30,0.5
8,0.0,0.625,0.375,1664.269095370096,39.69114564288037,30,0.5
9,0.0,0.585,0.415,1699.5746483603452,42.0944389964385,30,0.5
10,0.0,0.54,0.46,1732.664384093192,45.28246574566145,30,0.5
11,0.0,0.515,0.485,1745.9166783211913,47.386723149625986,30,0.5
12,0.0,0.485,0.515,1751.213833434536,48.959949534890626,30,0.5
13,0.0,0.465,0.535,1752.6767156263172,49.89188203655403,30,0.5
14,0.0,0.44,0.56,1751.5463866496445,51.79397959706918,30,0.5
15,0.0,0.42,0.58,1746.4038221039891,53.38314759359238,30,0.5
16,0.0,0.39,0.61,1738.6238181211395,54.79433304482138,30,0.5
17,0.0,0.385,0.615,1736.6096037220832,55.08872011849765,30,0.5
18,0.0,0.355,0.645,1713.5681224656153,57.72026235512607,30,0.5
19,0.0,0.33,0.67,1687.2099542341075,59.8807249209103,30,0.5
20,0.0,0.32,0.68,1681.1399304681881,60.30760430446241,30,0.5
21,0.0,0.3,0.7,1668.6868599222548,61.14318038919639,30,0.5
22,0.0,0.3,0.7,1668.6868599222548,61.14318038919639,30,0.5
23,0.0,0.285,0.715,1643.1298275721092,62.6818428271813,30,0.5
24,0.0,0.26,0.74,1609.6405865621632,64.45760357525899,30,0.5
25,0.0,0.25,0.75,1596.202304248984,65.1074506349432,30,0.5
26,0.0,0.245,0.755,1588.977912586935,65.44545684046611,30,0.5
27,0.0,0.24,0.76,1585.0617808361665,65.62858883634789,30,0.5
28,0.0,0.235,0.765,1584.1574112128892,65.67041076142155,30,0.5
29,0.0,0.22,0.78,1533.0728129314766,67.8927461860249,30,0.5
30,0.0,0.21,0.79,1509.2564817238558,68.83070949506936,30,0.5
31,0.0,0.205,0.795,1502.014143187982,69.10768755689053,30,0.5
32,0.0,0.2,0.8,1496.0270745163639,69.33549446150063,30,0.5
33,0.0,0.19,0.81,1481.5927169769457,69.87603129352962,30,0.5
34,0.0,0.19,0.81,1481.5927169769457,69.87603129352962,30,0.5
35,0.0,0.18,0.82,1469.934536855957,70.29788107900447,30,0.5
36,0.0,0.165,0.835,1439.92982172806,71.3516604228487,30,0.5
37,0.0,0.155,0.845,1421.9454764347893,71.96315285974316,30,0.5
38,0.0,0.145,0.855,1395.9943805549885,72.82272359763607,30,0.5
39,0.0,0.13,0.87,1369.7261725411577,73.65727918094149,30,0.5
40,0.0,0.125,0.875,1366.5562882618558,73.75681078381137,30,0.5
41,0.0,0.11,0.89,1346.585558354024,74.37216806364074,30,0.5
42,0.0,0.11,0.89,1346.585558354024,74.37216806364074,30,0.5
43,0.0,0.1,0.9,1310.5643846099513,75.45198109995762,30,0.5
44,0.0,0.1,0.9,1310.5643846099513,75.45198109995762,30,0.5
45,0.0,0.095,0.905,1292.5007734689311,75.97912897807586,30,0.5
46,0.0,0.09,0.91,1287.0867406359434,76.13563032674826,30,0.5
47,0.0,0.085,0.915,1281.0746979711212,76.30698027757987,30,0.5
48,0.0,0.08,0.92,1271.928411510973,76.56830619651176,30,0.5
49,0.0,0.08,0.92,1271.928411510973,76.56830619651176,30,0.5
50,0.0,0.07,0.93,1211.471736038989,78.23206688380188,30,0.5
51,0.0,0.07,0.93,1211.471736038989,78.23206688380188,30,0.5
52,0.0,0.065,0.935,1200.2684017906904,78.53252237130931,30,0.5
53,0.0,0.05,0.95,1168.4333522641114,79.37307713641852,30,0.5
54,0.0,0.04,0.96,1137.9754090170054,80.15244615359104,30,0.5
55,0.0,0.04,0.96,1137.9754090170054,80.15244615359104,30,0.5
56,0.0,0.04,0.96,1137.9754090170054,80.15244615359104,30,0.5
57,0.0,0.04,0.96,1137.9754090170054,80.15244615359104,30,0.5
58,0.0,0.04,0.96,1137.9754090170054,80.15244615359104,30,0.5
0,0.0,0.94,0.06,848.483465865738,6.070352953317068,30,1.0
1,0.0,0.895,0.105,964.2773139315796,11.907899643018244,30,1.0
2,0.0,0.85,0.15,1032.9460243961432,14.922277693105553,30,1.0
3,0.0,0.805,0.195,1176.6783951254358,20.800334327912694,30,1.0
4,0.0,0.765,0.235,1278.4519307374944,24.660452629235508,30,1.0
5,0.0,0.725,0.275,1384.8016222738322,28.46992180318894,30,1.0
6,0.0,0.725,0.275,1384.8016222738322,28.46992180318894,30,1.0
7,0.0,0.725,0.275,1384.8016222738322,28.46992180318894,30,1.0
8,0.0,0.7,0.3,1437.7878259325203,30.294579721655467,30,1.0
9,0.0,0.7,0.3,1437.7878259325203,30.294579721655467,30,1.0
10,0.0,0.7,0.3,1437.7878259325203,30.294579721655467,30,1.0
11,0.0,0.7,0.3,1437.7878259325203,30.294579721655467,30,1.0
12,0.0,0.7,0.3,1437.7878259325203,30.294579721655467,30,1.0
0,0.0,0.94,0.06,848.483465865738,6.070352953317068,30,1.5
1,0.0,0.895,0.105,964.2773139315796,11.907899643018244,30,1.5
2,0.0,0.85,0.15,1032.9460243961432,14.922277693105553,30,1.5
3,0.0,0.805,0.195,1176.6783951254358,20.800334327912694,30,1.5
4,0.0,0.765,0.235,1278.4519307374944,24.660452629235508,30,1.5
5,0.0,0.725,0.275,1384.8016222738322,28.46992180318894,30,1.5
6,0.0,0.73,0.27,1362.117108230887,27.677708688132675,30,1.5
7,0.0,0.74,0.26,1335.862497366933,26.7428406939247,30,1.5
8,0.0,0.715,0.285,1388.0060756977384,28.584901786506034,30,1.5
9,0.0,0.67,0.33,1468.4865710037088,31.333736949423123,30,1.5
10,0.0,0.675,0.325,1465.6324476975165,31.238078248524715,30,1.5
11,0.0,0.695,0.305,1424.942568882695,29.861496529969017,30,1.5
12,0.0,0.705,0.295,1391.831281839744,28.718652185988034,30,1.5
13,0.0,0.665,0.335,1469.029105973653,31.34450460411012,30,1.5
14,0.0,0.675,0.325,1446.6680918053676,30.592787028257426,30,1.5
15,0.0,0.69,0.31,1407.5487804067839,29.255175143271018,30,1.5
16,0.0,0.655,0.345,1465.7874559077902,31.236630589200804,30,1.5
17,0.0,0.68,0.32,1410.2268029074753,29.348340895674475,30,1.5
18,0.0,0.69,0.31,1356.93135297252,27.49122633537348,30,1.5
19,0.0,0.7,0.3,1341.6465345428546,26.94892992256581,30,1.5
20,0.0,0.67,0.33,1389.5589398625405,28.641731467380204,30,1.5
21,0.0,0.64,0.36,1440.2685109001823,30.38273827744007,30,1.5
22,0.0,0.675,0.325,1316.9057169404805,26.07210496748928,30,1.5
23,0.0,0.645,0.355,1410.6933303687701,29.378730822728237,30,1.5
24,0.0,0.655,0.345,1391.2389727756138,28.70900107988819,30,1.5
25,0.0,0.67,0.33,1348.6183051372384,27.213878863116662,30,1.5
26,0.0,0.645,0.355,1403.6693790992745,29.142600516390612,30,1.5
27,0.0,0.665,0.335,1371.9291677417968,28.038498820851206,30,1.5
28,0.0,0.625,0.375,1464.9353529231869,31.22851706181948,30,1.5
29,0.0,0.65,0.35,1417.5192894899203,29.619868691630344,30,1.5
30,0.0,0.66,0.34,1397.0013623150655,28.90999815042668,30,1.5
31,0.0,0.67,0.33,1382.499523820364,28.407276336875665,30,1.5
32,0.0,0.685,0.315,1342.047051234469,26.979489549846182,30,1.5
33,0.0,0.65,0.35,1433.14930839466,30.15028223703357,30,1.5
34,0.0,0.645,0.355,1453.1982469525217,30.830210730576212,30,1.5
35,0.0,0.66,0.34,1433.0766327167153,30.15126043120549,30,1.5
36,0.0,0.67,0.33,1405.604004149184,29.210838024087842,30,1.5
37,0.0,0.685,0.315,1378.185257696987,28.25968296797256,30,1.5
38,0.0,0.65,0.35,1442.2768033276013,30.462745715178958,30,1.5
39,0.0,0.66,0.34,1405.6810526277932,29.212578711835434,30,1.5
40,0.0,0.63,0.37,1468.8797333602404,31.360189093748225,30,1.5
41,0.0,0.645,0.355,1441.7917869087057,30.449341374233377,30,1.5
42,0.0,0.665,0.335,1364.5860906811456,27.774265810187835,30,1.5
43,0.0,0.675,0.325,1355.2184506052174,27.443336803617875,30,1.5
44,0.0,0.645,0.355,1440.5990230555294,30.3993717444491,30,1.5
45,0.0,0.67,0.33,1382.4018816927464,28.398002881380005,30,1.5
46,0.0,0.635,0.365,1439.7151853093392,30.373827614715672,30,1.5
47,0.0,0.65,0.35,1414.9926171311572,29.52778791032599,30,1.5
48,0.0,0.66,0.34,1395.4344480814818,28.85399866901699,30,1.5
49,0.0,0.675,0.325,1370.9909421703655,28.00086236326104,30,1.5
50,0.0,0.685,0.315,1342.7875385783875,27.00469103527745,30,1.5
51,0.0,0.66,0.34,1414.349358912203,29.510418890857956,30,1.5
52,0.0,0.675,0.325,1364.5186427817116,27.773460041212374,30,1.5
53,0.0,0.685,0.315,1360.8714504929799,27.645312201819202,30,1.5
54,0.0,0.695,0.305,1333.285812207858,26.662933582426895,30,1.5
55,0.0,0.655,0.345,1405.9042751009324,29.210207541421884,30,1.5
56,0.0,0.665,0.335,1373.4142547703711,28.08009651932299,30,1.5
57,0.0,0.64,0.36,1425.1349857455637,29.868747752515155,30,1.5
58,0.0,0.655,0.345,1378.7269551487746,28.265034608047866,30,1.5
59,0.0,0.675,0.325,1322.952517539106,26.28176008207803,30,1.5
60,0.0,0.64,0.36,1429.8653798341566,30.025715890000004,30,1.5
61,0.0,0.62,0.38,1449.0581425046469,30.67711906779249,30,1.5
62,0.0,0.64,0.36,1410.3752185738733,29.35976876062776,30,1.5
63,0.0,0.655,0.345,1373.631930968338,28.083188569872405,30,1.5
64,0.0,0.635,0.365,1411.0985109517298,29.38403421773885,30,1.5
65,0.0,0.655,0.345,1375.8220972373576,28.158310549558472,30,1.5
66,0.0,0.67,0.33,1361.4760201344866,27.65319441583695,30,1.5
67,0.0,0.645,0.355,1445.1008844851447,30.548118463170958,30,1.5
68,0.0,0.655,0.345,1439.656719976777,30.363380946707863,30,1.5
69,0.0,0.675,0.325,1399.4058669627236,28.985100493370602,30,1.5
70,0.0,0.645,0.355,1442.8060799740836,30.46795446505517,30,1.5
71,0.0,0.66,0.34,1418.298271779035,29.63380521476551,30,1.5
72,0.0,0.63,0.37,1468.9300846447802,31.344794109583113,30,1.5
73,0.0,0.65,0.35,1418.5141891023613,29.64315922663633,30,1.5
74,0.0,0.67,0.33,1377.867811788147,28.236790880282424,30,1.5
75,0.0,0.64,0.36,1440.5819241644203,30.39911952654112,30,1.5
76,0.0,0.67,0.33,1393.8083671751792,28.794756464879004,30,1.5
77,0.0,0.69,0.31,1378.3639522728167,28.257267983478048,30,1.5
78,0.0,0.715,0.285,1307.0161053783527,25.713030381536164,30,1.5
79,0.0,0.685,0.315,1365.1364618737866,27.796035329091154,30,1.5
80,0.0,0.7,0.3,1319.880738808153,26.181823219713575,30,1.5
81,0.0,0.675,0.325,1343.7775609514167,27.037726039053368,30,1.5
82,0.0,0.635,0.365,1412.942233312044,29.457957710272698,30,1.5
83,0.0,0.66,0.34,1387.1856051334096,28.568265376748506,30,1.5
84,0.0,0.62,0.38,1442.8448688258763,30.482668854997424,30,1.5
85,0.0,0.64,0.36,1401.389178301547,29.065511323841985,30,1.5
86,0.0,0.61,0.39,1470.585332940136,31.41931058679325,30,1.5
87,0.0,0.625,0.375,1426.97554270198,29.94784378273836,30,1.5
88,0.0,0.65,0.35,1345.0450209809392,27.094607652612943,30,1.5
89,0.0,0.625,0.375,1395.1337904202771,28.85295121242786,30,1.5
90,0.0,0.64,0.36,1345.257598821325,27.098389428721276,30,1.5
91,0.0,0.615,0.385,1419.5324019595673,29.688007789670632,30,1.5
92,0.0,0.585,0.415,1451.5606249000803,30.77720364055905,30,1.5
93,0.0,0.6,0.4,1410.6238000341752,29.379809548746017,30,1.5
94,0.0,0.62,0.38,1370.9594331250655,28.00249043688209,30,1.5
95,0.0,0.6,0.4,1460.0192508606324,31.06082719841195,30,1.5
96,0.0,0.62,0.38,1430.1508875641723,30.052135676456057,30,1.5
97,0.0,0.625,0.375,1397.6890358140633,28.933832587935044,30,1.5
98,0.0,0.635,0.365,1382.3518440048485,28.399472721597753,30,1.5
99,0.0,0.65,0.35,1359.8235449545316,27.606820970278143,30,1.5
100,0.0,0.63,0.37,1395.0877808672262,28.84096060411694,30,1.5
0,0.0,0.94,0.06,848.483465865738,6.070352953317068,30,2.0
1,0.0,0.895,0.105,964.2773139315796,11.907899643018244,30,2.0
2,0.0,0.85,0.15,1032.9460243961432,14.922277693105553,30,2.0
3,0.0,0.805,0.195,1176.6783951254358,20.800334327912694,30,2.0
4,0.0,0.765,0.235,1278.4519307374944,24.660452629235508,30,2.0
5,0.0,0.725,0.275,1384.8016222738322,28.46992180318894,30,2.0
6,0.0,0.73,0.27,1362.117108230887,27.677708688132675,30,2.0
7,0.0,0.74,0.26,1335.862497366933,26.7428406939247,30,2.0
8,0.0,0.715,0.285,1388.0060756977384,28.584901786506034,30,2.0
9,0.0,0.67,0.33,1468.4865710037088,31.333736949423123,30,2.0
10,0.0,0.675,0.325,1465.6324476975165,31.238078248524715,30,2.0
11,0.0,0.695,0.305,1424.942568882695,29.861496529969017,30,2.0
12,0.0,0.705,0.295,1391.831281839744,28.718652185988034,30,2.0
13,0.0,0.665,0.335,1469.029105973653,31.34450460411012,30,2.0
14,0.0,0.675,0.325,1446.6680918053676,30.592787028257426,30,2.0
15,0.0,0.69,0.31,1407.5487804067839,29.255175143271018,30,2.0
16,0.0,0.655,0.345,1465.7874559077902,31.236630589200804,30,2.0
17,0.0,0.68,0.32,1410.2268029074753,29.348340895674475,30,2.0
18,0.0,0.69,0.31,1356.93135297252,27.49122633537348,30,2.0
19,0.0,0.7,0.3,1341.6465345428546,26.94892992256581,30,2.0
20,0.0,0.67,0.33,1389.5589398625405,28.641731467380204,30,2.0
21,0.0,0.64,0.36,1440.2685109001823,30.38273827744007,30,2.0
22,0.0,0.675,0.325,1316.9057169404805,26.07210496748928,30,2.0
23,0.0,0.645,0.355,1410.6933303687701,29.378730822728237,30,2.0
24,0.0,0.655,0.345,1391.2389727756138,28.70900107988819,30,2.0
25,0.0,0.67,0.33,1348.6183051372384,27.213878863116662,30,2.0
26,0.0,0.645,0.355,1403.6693790992745,29.142600516390612,30,2.0
27,0.0,0.665,0.335,1371.9291677417968,28.038498820851206,30,2.0
28,0.0,0.625,0.375,1464.9353529231869,31.22851706181948,30,2.0
29,0.0,0.65,0.35,1417.5192894899203,29.619868691630344,30,2.0
30,0.0,0.66,0.34,1397.0013623150655,28.90999815042668,30,2.0
31,0.0,0.67,0.33,1382.499523820364,28.407276336875665,30,2.0
32,0.0,0.685,0.315,1342.047051234469,26.979489549846182,30,2.0
33,0.0,0.65,0.35,1433.14930839466,30.15028223703357,30,2.0
34,0.0,0.645,0.355,1453.1982469525217,30.830210730576212,30,2.0
35,0.0,0.66,0.34,1433.0766327167153,30.15126043120549,30,2.0
36,0.0,0.67,0.33,1405.604004149184,29.210838024087842,30,2.0
37,0.0,0.685,0.315,1378.185257696987,28.25968296797256,30,2.0
38,0.0,0.65,0.35,1442.2768033276013,30.462745715178958,30,2.0
39,0.0,0.66,0.34,1405.6810526277932,29.212578711835434,30,2.0
40,0.0,0.63,0.37,1468.8797333602404,31.360189093748225,30,2.0
41,0.0,0.645,0.355,1441.7917869087057,30.449341374233377,30,2.0
42,0.0,0.665,0.335,1364.5860906811456,27.774265810187835,30,2.0
43,0.0,0.675,0.325,1355.2184506052174,27.443336803617875,30,2.0
44,0.0,0.645,0.355,1440.5990230555294,30.3993717444491,30,2.0
45,0.0,0.67,0.33,1382.4018816927464,28.398002881380005,30,2.0
46,0.0,0.635,0.365,1439.7151853093392,30.373827614715672,30,2.0
47,0.0,0.65,0.35,1414.9926171311572,29.52778791032599,30,2.0
48,0.0,0.66,0.34,1395.4344480814818,28.85399866901699,30,2.0
49,0.0,0.675,0.325,1370.9909421703655,28.00086236326104,30,2.0
50,0.0,0.685,0.315,1342.7875385783875,27.00469103527745,30,2.0
51,0.0,0.66,0.34,1414.349358912203,29.510418890857956,30,2.0
52,0.0,0.675,0.325,1364.5186427817116,27.773460041212374,30,2.0
53,0.0,0.685,0.315,1360.8714504929799,27.645312201819202,30,2.0
54,0.0,0.695,0.305,1333.285812207858,26.662933582426895,30,2.0
55,0.0,0.655,0.345,1405.9042751009324,29.210207541421884,30,2.0
56,0.0,0.665,0.335,1373.4142547703711,28.08009651932299,30,2.0
57,0.0,0.64,0.36,1425.1349857455637,29.868747752515155,30,2.0
58,0.0,0.655,0.345,1378.7269551487746,28.265034608047866,30,2.0
59,0.0,0.675,0.325,1322.952517539106,26.28176008207803,30,2.0
60,0.0,0.64,0.36,1429.8653798341566,30.025715890000004,30,2.0
61,0.0,0.62,0.38,1449.0581425046469,30.67711906779249,30,2.0
62,0.0,0.64,0.36,1410.3752185738733,29.35976876062776,30,2.0
63,0.0,0.655,0.345,1373.631930968338,28.083188569872405,30,2.0
64,0.0,0.635,0.365,1411.0985109517298,29.38403421773885,30,2.0
65,0.0,0.655,0.345,1375.8220972373576,28.158310549558472,30,2.0
66,0.0,0.67,0.33,1361.4760201344866,27.65319441583695,30,2.0
67,0.0,0.645,0.355,1445.1008844851447,30.548118463170958,30,2.0
68,0.0,0.655,0.345,1439.656719976777,30.363380946707863,30,2.0
69,0.0,0.675,0.325,1399.4058669627236,28.985100493370602,30,2.0
70,0.0,0.645,0.355,1442.8060799740836,30.46795446505517,30,2.0
71,0.0,0.66,0.34,1418.298271779035,29.63380521476551,30,2.0
72,0.0,0.63,0.37,1468.9300846447802,31.344794109583113,30,2.0
73,0.0,0.65,0.35,1418.5141891023613,29.64315922663633,30,2.0
74,0.0,0.67,0.33,1377.867811788147,28.236790880282424,30,2.0
75,0.0,0.64,0.36,1440.5819241644203,30.39911952654112,30,2.0
76,0.0,0.67,0.33,1393.8083671751792,28.794756464879004,30,2.0
77,0.0,0.69,0.31,1378.3639522728167,28.257267983478048,30,2.0
78,0.0,0.715,0.285,1307.0161053783527,25.713030381536164,30,2.0
79,0.0,0.685,0.315,1365.1364618737866,27.796035329091154,30,2.0
80,0.0,0.7,0.3,1319.880738808153,26.181823219713575,30,2.0
81,0.0,0.675,0.325,1343.7775609514167,27.037726039053368,30,2.0
82,0.0,0.635,0.365,1412.942233312044,29.457957710272698,30,2.0
83,0.0,0.66,0.34,1387.1856051334096,28.568265376748506,30,2.0
84,0.0,0.62,0.38,1442.8448688258763,30.482668854997424,30,2.0
85,0.0,0.64,0.36,1401.389178301547,29.065511323841985,30,2.0
86,0.0,0.61,0.39,1470.585332940136,31.41931058679325,30,2.0
87,0.0,0.625,0.375,1426.97554270198,29.94784378273836,30,2.0
88,0.0,0.65,0.35,1345.0450209809392,27.094607652612943,30,2.0
89,0.0,0.625,0.375,1395.1337904202771,28.85295121242786,30,2.0
90,0.0,0.64,0.36,1345.257598821325,27.098389428721276,30,2.0
91,0.0,0.615,0.385,1419.5324019595673,29.688007789670632,30,2.0
92,0.0,0.585,0.415,1451.5606249000803,30.77720364055905,30,2.0
93,0.0,0.6,0.4,1410.6238000341752,29.379809548746017,30,2.0
94,0.0,0.62,0.38,1370.9594331250655,28.00249043688209,30,2.0
95,0.0,0.6,0.4,1460.0192508606324,31.06082719841195,30,2.0
96,0.0,0.62,0.38,1430.1508875641723,30.052135676456057,30,2.0
97,0.0,0.625,0.375,1397.6890358140633,28.933832587935044,30,2.0
98,0.0,0.635,0.365,1382.3518440048485,28.399472721597753,30,2.0
99,0.0,0.65,0.35,1359.8235449545316,27.606820970278143,30,2.0
100,0.0,0.63,0.37,1395.0877808672262,28.84096060411694,30,2.0
0,0.0,0.94,0.06,766.6169726630623,4.3064444733522045,31,0.0
1,0.0,0.89,0.11,830.5405023879005,8.796132687618577,31,0.0
2,0.0,0.845,0.155,951.0887330667415,14.619710880636312,31,0.0
3,0.0,0.795,0.205,1048.3914368837331,18.898753095758476,31,0.0
4,0.0,0.755,0.245,1135.118989819416,22.488013795563255,31,0.0
5,0.0,0.715,0.285,1344.8757033551842,30.45344039700642,31,0.0
6,0.0,0.68,0.32,1446.133279878766,34.017172077467336,31,0.0
7,0.0,0.635,0.365,1523.6005281671635,37.063342137904314,31,0.0
8,0.0,0.595,0.405,1586.5596970978174,40.1534547355945,31,0.0
9,0.0,0.56,0.44,1630.3790355865408,42.973262122682144,31,0.0
10,0.0,0.53,0.47,1674.181859052873,47.57566922828893,31,0.0
11,0.0,0.505,0.495,1682.6488461373724,49.51167763346876,31,0.0
12,0.0,0.48,0.52,1683.76783024363,52.639316303464895,31,0.0
13,0.0,0.44,0.56,1678.0170495188192,54.338625910898116,31,0.0
14,0.0,0.415,0.585,1661.0818944794287,56.89352089923609,31,0.0
15,0.0,0.39,0.61,1645.6005683537028,58.477386288749706,31,0.0
16,0.0,0.375,0.625,1609.788021600195,61.255336684877136,31,0.0
17,0.0,0.35,0.65,1587.6946438904786,62.64015112569999,31,0.0
18,0.0,0.33,0.67,1550.0028606015078,64.68145869871202,31,0.0
19,0.0,0.315,0.685,1539.592479528818,65.1955439245612,31,0.0
20,0.0,0.305,0.695,1517.3669112934874,66.22567745229436,31,0.0
21,0.0,0.295,0.705,1498.708955414008,67.04281336305176,31,0.0
22,0.0,0.28,0.72,1446.9465426322424,69.13535552789097,31,0.0
23,0.0,0.265,0.735,1431.8738611159986,69.70227357673136,31,0.0
24,0.0,0.25,0.75,1412.9508427597232,70.39248620698336,31,0.0
25,0.0,0.25,0.75,1412.9508427597232,70.39248620698336,31,0.0
26,0.0,0.245,0.755,1402.1907439472664,70.77599770588144,31,0.0
27,0.0,0.23,0.77,1376.617164353199,71.65853112344584,31,0.0
28,0.0,0.22,0.78,1336.8072399484893,72.96057766525577,31,0.0
29,0.0,0.205,0.795,1298.1754622425765,74.159176775802,31,0.0
30,0.0,0.19,0.81,1269.8318008308704,75.00855651718113,31,0.0
31,0.0,0.185,0.815,1259.0836950105095,75.32343455049171,31,0.0
32,0.0,0.18,0.82,1253.4929585313228,75.48486599677761,31,0.0
33,0.0,0.165,0.835,1234.1653669661289,76.03500871602444,31,0.0
34,0.0,0.16,0.84,1231.5963184576206,76.10721211715014,31,0.0
35,0.0,0.15,0.85,1203.9059117626427,76.87743089654344,31,0.0
36,0.0,0.145,0.855,1194.0716155470757,77.14742640485127,31,0.0
37,0.0,0.145,0.855,1194.0716155470757,77.14742640485127,31,0.0
38,0.0,0.13,0.87,1154.9169812709956,78.19657030557394,31,0.0
39,0.0,0.12,0.88,1142.2273581808322,78.52797112357075,31,0.0
40,0.0,0.12,0.88,1142.2273581808322,78.52797112357075,31,0.0
41,0.0,0.12,0.88,1142.2273581808322,78.52797112357075,31,0.0
42,0.0,0.115,0.885,1119.0728006200525,79.12432985890612,31,0.0
43,0.0,0.095,0.905,1065.9581142377815,80.44859976681968,31,0.0
44,0.0,0.08,0.92,1036.7076234100887,81.15871746145625,31,0.0
45,0.0,0.075,0.925,1016.1589092005402,81.648773614208,31,0.0
46,0.0,0.065,0.935,982.2702319387063,82.44222560981575,31,0.0
47,0.0,0.055,0.945,941.5015046884423,83.37369863782993,31,0.0
48,0.0,0.05,0.95,930.3948086724317,83.62450272783369,31,0.0
49,0.0,0.045,0.955,918.472829204844,83.8897830257564,31,0.0
50,0.0,0.045,0.955,918.472829204844,83.8897830257564,31,0.0
51,0.0,0.04,0.96,912.3600179508098,84.02476120849141,31,0.0
52,0.0,0.035,0.965,906.9820098013483,84.14429341971297,31,0.0
53,0.0,0.03,0.97,885.7427530021841,84.60949549886708,31,0.0
54,0.0,0.03,0.97,885.7427530021841,84.60949549886708,31,0.0
55,0.0,0.03,0.97,885.7427530021841,84.60949549886708,31,0.0
56,0.0,0.03,0.97,885.7427530021841,84.60949549886708,31,0.0
57,0.0,0.025,0.975,877.7161703936636,84.78465801297773,31,0.0
58,0.0,0.025,0.975,877.7161703936636,84.78465801297773,31,0.0
59,0.0,0.025,0.975,877.7161703936636,84.78465801297773,31,0.0
60,0.0,0.025,0.975,877.7161703936636,84.78465801297773,31,0.0
61,0.0,0.025,0.975,877.7161703936636,84.78465801297773,31,0.0
0,0.0,0.94,0.06,766.6169726630623,4.3064444733522045,31,0.5
1,0.0,0.89,0.11,830.5405023879005,8.796132687618577,31,0.5
2,0.0,0.845,0.155,951.0887330667415,14.619710880636312,31,0.5
3,0.0,0.795,0.205,1048.3914368837331,18.898753095758476,31,0.5
4,0.0,0.755,0.245,1135.118989819416,22.488013795563255,31,0.5
5,0.0,0.715,0.285,1344.8757033551842,30.45344039700642,31,0.5
6,0.0,0.68,0.32,1446.133279878766,34.017172077467336,31,0.5
7,0.0,0.635,0.365,1523.6005281671635,37.063342137904314,31,0.5
8,0.0,0.595,0.405,1586.5596970978174,40.1534547355945,31,0.5
9,0.0,0.56,0.44,1630.3790355865408,42.973262122682144,31,0.5
10,0.0,0.53,0.47,1674.181859052873,47.57566922828893,31,0.5
11,0.0,0.505,0.495,1682.6488461373724,49.51167763346876,31,0.5
12,0.0,0.48,0.52,1683.76783024363,52.639316303464895,31,0.5
13,0.0,0.44,0.56,1678.0170495188192,54.338625910898116,31,0.5
14,0.0,0.415,0.585,1661.0818944794287,56.89352089923609,31,0.5
15,0.0,0.39,0.61,1645.6005683537028,58.477386288749706,31,0.5
16,0.0,0.375,0.625,1609.788021600195,61.255336684877136,31,0.5
17,0.0,0.35,0.65,1587.6946438904786,62.64015112569999,31,0.5
18,0.0,0.33,0.67,1550.0028606015078,64.68145869871202,31,0.5
19,0.0,0.315,0.685,1539.592479528818,65.1955439245612,31,0.5
20,0.0,0.305,0.695,1517.3669112934874,66.22567745229436,31,0.5
21,0.0,0.295,0.705,1498.708955414008,67.04281336305176,31,0.5
22,0.0,0.28,0.72,1446.9465426322424,69.13535552789097,31,0.5
23,0.0,0.265,0.735,1431.8738611159986,69.70227357673136,31,0.5
24,0.0,0.25,0.75,1412.9508427597232,70.39248620698336,31,0.5
25,0.0,0.25,0.75,1412.9508427597232,70.39248620698336,31,0.5
26,0.0,0.245,0.755,1402.1907439472664,70.77599770588144,31,0.5
27,0.0,0.23,0.77,1376.617164353199,71.65853112344584,31,0.5
28,0.0,0.22,0.78,1336.8072399484893,72.96057766525577,31,0.5
29,0.0,0.205,0.795,1298.1754622425765,74.159176775802,31,0.5
30,0.0,0.19,0.81,1269.8318008308704,75.00855651718113,31,0.5
31,0.0,0.185,0.815,1259.0836950105095,75.32343455049171,31,0.5
32,0.0,0.18,0.82,1253.4929585313228,75.48486599677761,31,0.5
33,0.0,0.165,0.835,1234.1653669661289,76.03500871602444,31,0.5
34,0.0,0.16,0.84,1231.5963184576206,76.10721211715014,31,0.5
35,0.0,0.15,0.85,1203.9059117626427,76.87743089654344,31,0.5
36,0.0,0.145,0.855,1194.0716155470757,77.14742640485127,31,0.5
37,0.0,0.145,0.855,1194.0716155470757,77.14742640485127,31,0.5
38,0.0,0.13,0.87,1154.9169812709956,78.19657030557394,31,0.5
39,0.0,0.12,0.88,1142.2273581808322,78.52797112357075,31,0.5
40,0.0,0.12,0.88,1142.2273581808322,78.52797112357075,31,0.5
41,0.0,0.12,0.88,1142.2273581808322,78.52797112357075,31,0.5
42,0.0,0.115,0.885,1119.0728006200525,79.12432985890612,31,0.5
43,0.0,0.095,0.905,1065.9581142377815,80.44859976681968,31,0.5
44,0.0,0.08,0.92,1036.7076234100887,81.15871746145625,31,0.5
45,0.0,0.075,0.925,1016.1589092005402,81.648773614208,31,0.5
46,0.0,0.065,0.935,982.2702319387063,82.44222560981575,31,0.5
47,0.0,0.055,0.945,941.5015046884423,83.37369863782993,31,0.5
48,0.0,0.05,0.95,930.3948086724317,83.62450272783369,31,0.5
49,0.0,0.045,0.955,918.472829204844,83.8897830257564,31,0.5
50,0.0,0.045,0.955,918.472829204844,83.8897830257564,31,0.5
51,0.0,0.04,0.96,912.3600179508098,84.02476120849141,31,0.5
52,0.0,0.035,0.965,906.9820098013483,84.14429341971297,31,0.5
53,0.0,0.03,0.97,885.7427530021841,84.60949549886708,31,0.5
54,0.0,0.03,0.97,885.7427530021841,84.60949549886708,31,0.5
55,0.0,0.03,0.97,885.7427530021841,84.60949549886708,31,0.5
56,0.0,0.03,0.97,885.7427530021841,84.60949549886708,31,0.5
57,0.0,0.025,0.975,877.7161703936636,84.78465801297773,31,0.5
58,0.0,0.025,0.975,877.7161703936636,84.78465801297773,31,0.5
59,0.0,0.025,0.975,877.7161703936636,84.78465801297773,31,0.5
60,0.0,0.025,0.975,877.7161703936636,84.78465801297773,31,0.5
61,0.0,0.025,0.975,877.7161703936636,84.78465801297773,31,0.5
0,0.0,0.94,0.06,766.6169726630623,4.3064444733522045,31,1.0
1,0.0,0.89,0.11,830.5405023879005,8.796132687618577,31,1.0
2,0.0,0.845,0.155,951.0887330667415,14.619710880636312,31,1.0
3,0.0,0.795,0.205,1048.3914368837331,18.898753095758476,31,1.0
4,0.0,0.755,0.245,1135.118989819416,22.488013795563255,31,1.0
5,0.0,0.715,0.285,1344.8757033551842,30.45344039700642,31,1.0
6,0.0,0.715,0.285,1344.8757033551842,30.45344039700642,31,1.0
7,0.0,0.715,0.285,1344.8757033551842,30.45344039700642,31,1.0
8,0.0,0.715,0.285,1344.8757033551842,30.45344039700642,31,1.0
9,0.0,0.715,0.285,1344.8757033551842,30.45344039700642,31,1.0
0,0.0,0.94,0.06,766.6169726630623,4.3064444733522045,31,1.5
1,0.0,0.89,0.11,830.5405023879005,8.796132687618577,31,1.5
2,0.0,0.845,0.155,951.0887330667415,14.619710880636312,31,1.5
3,0.0,0.795,0.205,1048.3914368837331,18.898753095758476,31,1.5
4,0.0,0.755,0.245,1135.118989819416,22.488013795563255,31,1.5
5,0.0,0.715,0.285,1344.8757033551842,30.45344039700642,31,1.5
6,0.0,0.73,0.27,1304.1307799185815,28.974479045474617,31,1.5
7,0.0,0.685,0.315,1391.2603416686782,32.103481056836515,31,1.5
8,0.0,0.69,0.31,1385.44964194956,31.899835298778367,31,1.5
9,0.0,0.705,0.295,1343.0306239859428,30.39534880334918,31,1.5
10,0.0,0.72,0.28,1296.5154349246359,28.698486593720283,31,1.5
11,0.0,0.68,0.32,1377.9586586350295,31.63259662091806,31,1.5
12,0.0,0.69,0.31,1353.8360961708518,30.776161676147243,31,1.5
13,0.0,0.645,0.355,1417.8443013708572,33.02812882888502,31,1.5
14,0.0,0.655,0.345,1399.0992254998362,32.37470340219878,31,1.5
15,0.0,0.67,0.33,1368.8254200186643,31.30644072159832,31,1.5
16,0.0,0.69,0.31,1326.221849921141,29.780663490441274,31,1.5
17,0.0,0.65,0.35,1411.0990843880245,32.79451664426355,31,1.5
18,0.0,0.665,0.335,1389.2582306708516,32.0314506417293,31,1.5
19,0.0,0.645,0.355,1421.8585202572965,33.16536879167438,31,1.5
20,0.0,0.665,0.335,1387.1765445872566,31.958396181510953,31,1.5
21,0.0,0.65,0.35,1424.9996369719922,33.276844173722594,31,1.5
22,0.0,0.665,0.335,1399.9631810983276,32.40900076868942,31,1.5
23,0.0,0.685,0.315,1341.5954984893633,30.33673383698539,31,1.5
24,0.0,0.65,0.35,1413.4404771235043,32.87330993502759,31,1.5
25,0.0,0.675,0.325,1346.4183130004847,30.508633684374452,31,1.5
26,0.0,0.685,0.315,1326.6006849204905,29.79380306917306,31,1.5
27,0.0,0.655,0.345,1398.48541085806,32.354926192412094,31,1.5
28,0.0,0.67,0.33,1376.1776824205185,31.570364026304482,31,1.5
29,0.0,0.68,0.32,1351.2260576263138,30.681809865450607,31,1.5
30,0.0,0.65,0.35,1425.1071619381223,33.27859890185748,31,1.5
31,0.0,0.665,0.335,1391.3230005752016,32.100451489100465,31,1.5
32,0.0,0.685,0.315,1346.818085706783,30.52498019146553,31,1.5
33,0.0,0.665,0.335,1387.5428744392643,31.97158332602219,31,1.5
34,0.0,0.67,0.33,1370.0575029748393,31.35286965150066,31,1.5
35,0.0,0.685,0.315,1247.8302319504526,26.891159098885304,31,1.5
36,0.0,0.66,0.34,1286.9954220831512,28.353438488501105,31,1.5
37,0.0,0.63,0.37,1356.2766835479472,30.874995591298255,31,1.5
38,0.0,0.64,0.36,1317.360762526767,29.469657776039874,31,1.5
39,0.0,0.595,0.405,1406.2194571515543,32.63483206558351,31,1.5
40,0.0,0.61,0.39,1368.9807734660683,31.328494650083222,31,1.5
41,0.0,0.62,0.38,1346.250276640121,30.516552444140686,31,1.5
42,0.0,0.595,0.405,1413.9788860139658,32.90599420338332,31,1.5
43,0.0,0.61,0.39,1397.0852855334945,32.317387751435525,31,1.5
44,0.0,0.625,0.375,1377.72719581993,31.634157440776256,31,1.5
45,0.0,0.65,0.35,1310.2964785396462,29.205899171504296,31,1.5
46,0.0,0.665,0.335,1288.4354529018922,28.401223786470688,31,1.5
47,0.0,0.635,0.365,1363.6808164078254,31.13107492430135,31,1.5
48,0.0,0.61,0.39,1421.7472007199958,33.1693211633327,31,1.5
49,0.0,0.645,0.355,1343.140501984756,30.401907292178542,31,1.5
50,0.0,0.665,0.335,1286.2540918978118,28.330010644206602,31,1.5
51,0.0,0.63,0.37,1387.7175390665032,31.997738019084444,31,1.5
52,0.0,0.64,0.36,1386.0613688140943,31.93950222000768,31,1.5
53,0.0,0.66,0.34,1349.3405768904483,30.63808134777082,31,1.5
54,0.0,0.63,0.37,1417.237088181203,33.028441876914854,31,1.5
55,0.0,0.645,0.355,1395.0689492989623,32.258482442971555,31,1.5
56,0.0,0.665,0.335,1361.435664539227,31.067851634336265,31,1.5
57,0.0,0.645,0.355,1392.084089380344,32.15351108284685,31,1.5
58,0.0,0.655,0.345,1373.2361953454622,31.488066847603278,31,1.5
59,0.0,0.66,0.34,1369.677020698399,31.361524511101496,31,1.5
60,0.0,0.685,0.315,1321.272860786747,29.622932817969637,31,1.5
61,0.0,0.655,0.345,1414.3321202497527,32.92943799685165,31,1.5
62,0.0,0.665,0.335,1383.6766811335604,31.85562432073871,31,1.5
63,0.0,0.645,0.355,1424.6196376695596,33.28154526658972,31,1.5
64,0.0,0.66,0.34,1386.969802130578,31.970290102559794,31,1.5
65,0.0,0.67,0.33,1365.3488365440467,31.205561250912723,31,1.5
66,0.0,0.68,0.32,1352.338074822625,30.74227573122379,31,1.5
67,0.0,0.69,0.31,1335.7662545684516,30.14736770585889,31,1.5
68,0.0,0.71,0.29,1304.3854523120465,29.008724845051926,31,1.5
69,0.0,0.675,0.325,1383.0979546147148,31.83538131015317,31,1.5
70,0.0,0.69,0.31,1344.8241190471192,30.475369630574583,31,1.5
71,0.0,0.7,0.3,1334.5007279419656,30.103957537508425,31,1.5
72,0.0,0.665,0.335,1418.6433831999768,33.081312524832576,31,1.5
73,0.0,0.69,0.31,1330.4346673605144,29.957909477976834,31,1.5
74,0.0,0.655,0.345,1403.31279101153,32.54488169365712,31,1.5
75,0.0,0.675,0.325,1368.100872047942,31.30632902720497,31,1.5
76,0.0,0.69,0.31,1338.0830321183573,30.23428983037205,31,1.5
77,0.0,0.665,0.335,1424.813402577472,33.28531302388018,31,1.5
78,0.0,0.685,0.315,1349.2854730459362,30.630006654844628,31,1.5
79,0.0,0.71,0.29,1253.6508954529793,27.110295777279305,31,1.5
80,0.0,0.665,0.335,1359.5481553945888,30.99168534412094,31,1.5
81,0.0,0.69,0.31,1296.1919711261917,28.696604328577074,31,1.5
82,0.0,0.7,0.3,1261.5052657040371,27.407200602625977,31,1.5
83,0.0,0.66,0.34,1352.9735845060136,30.760093773224966,31,1.5
84,0.0,0.675,0.325,1326.4208821373982,29.801464648321666,31,1.5
85,0.0,0.695,0.305,1290.6896075346494,28.490028017837403,31,1.5
86,0.0,0.655,0.345,1370.8064141444538,31.387002292662224,31,1.5
87,0.0,0.66,0.34,1345.2846277605622,30.476505528963003,31,1.5
88,0.0,0.63,0.37,1406.1103164295755,32.629463067373024,31,1.5
89,0.0,0.65,0.35,1335.555381224503,30.12512087097093,31,1.5
90,0.0,0.655,0.345,1318.3533309294005,29.501425551778073,31,1.5
91,0.0,0.625,0.375,1369.7481953431088,31.346539743371515,31,1.5
92,0.0,0.635,0.365,1353.6304131474692,30.772388815737294,31,1.5
93,0.0,0.655,0.345,1324.836925310728,29.737577300076786,31,1.5
94,0.0,0.635,0.365,1388.2600297758627,32.00755032100009,31,1.5
95,0.0,0.645,0.355,1367.3232084447739,31.26523087511061,31,1.5
96,0.0,0.65,0.35,1354.175833891819,30.79790524316116,31,1.5
97,0.0,0.635,0.365,1379.8547362352924,31.709474274908587,31,1.5
98,0.0,0.65,0.35,1351.9764732464394,30.71696536036638,31,1.5
99,0.0,0.62,0.38,1419.498408471257,33.09175494845198,31,1.5
100,0.0,0.645,0.355,1359.403672552465,30.98321856059077,31,1.5
0,0.0,0.94,0.06,766.6169726630623,4.3064444733522045,31,2.0
1,0.0,0.89,0.11,830.5405023879005,8.796132687618577,31,2.0
2,0.0,0.845,0.155,951.0887330667415,14.619710880636312,31,2.0
3,0.0,0.795,0.205,1048.3914368837331,18.898753095758476,31,2.0
4,0.0,0.755,0.245,1135.118989819416,22.488013795563255,31,2.0
5,0.0,0.715,0.285,1344.8757033551842,30.45344039700642,31,2.0
6,0.0,0.73,0.27,1304.1307799185815,28.974479045474617,31,2.0
7,0.0,0.685,0.315,1391.2603416686782,32.103481056836515,31,2.0
8,0.0,0.69,0.31,1385.44964194956,31.899835298778367,31,2.0
9,0.0,0.705,0.295,1343.0306239859428,30.39534880334918,31,2.0
10,0.0,0.72,0.28,1296.5154349246359,28.698486593720283,31,2.0
11,0.0,0.68,0.32,1377.9586586350295,31.63259662091806,31,2.0
12,0.0,0.69,0.31,1353.8360961708518,30.776161676147243,31,2.0
13,0.0,0.645,0.355,1417.8443013708572,33.02812882888502,31,2.0
14,0.0,0.655,0.345,1399.0992254998362,32.37470340219878,31,2.0
15,0.0,0.67,0.33,1368.8254200186643,31.30644072159832,31,2.0
16,0.0,0.69,0.31,1326.221849921141,29.780663490441274,31,2.0
17,0.0,0.65,0.35,1411.0990843880245,32.79451664426355,31,2.0
18,0.0,0.665,0.335,1389.2582306708516,32.0314506417293,31,2.0
19,0.0,0.645,0.355,1421.8585202572965,33.16536879167438,31,2.0
20,0.0,0.665,0.335,1387.1765445872566,31.958396181510953,31,2.0
21,0.0,0.65,0.35,1424.9996369719922,33.276844173722594,31,2.0
22,0.0,0.665,0.335,1399.9631810983276,32.40900076868942,31,2.0
23,0.0,0.685,0.315,1341.5954984893633,30.33673383698539,31,2.0
24,0.0,0.65,0.35,1413.4404771235043,32.87330993502759,31,2.0
25,0.0,0.675,0.325,1346.4183130004847,30.508633684374452,31,2.0
26,0.0,0.685,0.315,1326.6006849204905,29.79380306917306,31,2.0
27,0.0,0.655,0.345,1398.48541085806,32.354926192412094,31,2.0
28,0.0,0.67,0.33,1376.1776824205185,31.570364026304482,31,2.0
29,0.0,0.68,0.32,1351.2260576263138,30.681809865450607,31,2.0
30,0.0,0.65,0.35,1425.1071619381223,33.27859890185748,31,2.0
31,0.0,0.665,0.335,1391.3230005752016,32.100451489100465,31,2.0
32,0.0,0.685,0.315,1346.818085706783,30.52498019146553,31,2.0
33,0.0,0.665,0.335,1387.5428744392643,31.97158332602219,31,2.0
34,0.0,0.67,0.33,1370.0575029748393,31.35286965150066,31,2.0
35,0.0,0.685,0.315,1247.8302319504526,26.891159098885304,31,2.0
36,0.0,0.66,0.34,1286.9954220831512,28.353438488501105,31,2.0
37,0.0,0.63,0.37,1356.2766835479472,30.874995591298255,31,2.0
38,0.0,0.64,0.36,1317.360762526767,29.469657776039874,31,2.0
39,0.0,0.595,0.405,1406.2194571515543,32.63483206558351,31,2.0
40,0.0,0.61,0.39,1368.9807734660683,31.328494650083222,31,2.0
41,0.0,0.62,0.38,1346.250276640121,30.516552444140686,31,2.0
42,0.0,0.595,0.405,1413.9788860139658,32.90599420338332,31,2.0
43,0.0,0.61,0.39,1397.0852855334945,32.317387751435525,31,2.0
44,0.0,0.625,0.375,1377.72719581993,31.634157440776256,31,2.0
45,0.0,0.65,0.35,1310.2964785396462,29.205899171504296,31,2.0
46,0.0,0.665,0.335,1288.4354529018922,28.401223786470688,31,2.0
47,0.0,0.635,0.365,1363.6808164078254,31.13107492430135,31,2.0
48,0.0,0.61,0.39,1421.7472007199958,33.1693211633327,31,2.0
49,0.0,0.645,0.355,1343.140501984756,30.401907292178542,31,2.0
50,0.0,0.665,0.335,1286.2540918978118,28.330010644206602,31,2.0
51,0.0,0.63,0.37,1387.7175390665032,31.997738019084444,31,2.0
52,0.0,0.64,0.36,1386.0613688140943,31.93950222000768,31,2.0
53,0.0,0.66,0.34,1349.3405768904483,30.63808134777082,31,2.0
54,0.0,0.63,0.37,1417.237088181203,33.028441876914854,31,2.0
55,0.0,0.645,0.355,1395.0689492989623,32.258482442971555,31,2.0
56,0.0,0.665,0.335,1361.435664539227,31.067851634336265,31,2.0
57,0.0,0.645,0.355,1392.084089380344,32.15351108284685,31,2.0
58,0.0,0.655,0.345,1373.2361953454622,31.488066847603278,31,2.0
59,0.0,0.66,0.34,1369.677020698399,31.361524511101496,31,2.0
60,0.0,0.685,0.315,1321.272860786747,29.622932817969637,31,2.0
61,0.0,0.655,0.345,1414.3321202497527,32.92943799685165,31,2.0
62,0.0,0.665,0.335,1383.6766811335604,31.85562432073871,31,2.0
63,0.0,0.645,0.355,1424.6196376695596,33.28154526658972,31,2.0
64,0.0,0.66,0.34,1386.969802130578,31.970290102559794,31,2.0
65,0.0,0.67,0.33,1365.3488365440467,31.205561250912723,31,2.0
66,0.0,0.68,0.32,1352.338074822625,30.74227573122379,31,2.0
67,0.0,0.69,0.31,1335.7662545684516,30.14736770585889,31,2.0
68,0.0,0.71,0.29,1304.3854523120465,29.008724845051926,31,2.0
69,0.0,0.675,0.325,1383.0979546147148,31.83538131015317,31,2.0
70,0.0,0.69,0.31,1344.8241190471192,30.475369630574583,31,2.0
71,0.0,0.7,0.3,1334.5007279419656,30.103957537508425,31,2.0
72,0.0,0.665,0.335,1418.6433831999768,33.081312524832576,31,2.0
73,0.0,0.69,0.31,1330.4346673605144,29.957909477976834,31,2.0
74,0.0,0.655,0.345,1403.31279101153,32.54488169365712,31,2.0
75,0.0,0.675,0.325,1368.100872047942,31.30632902720497,31,2.0
76,0.0,0.69,0.31,1338.0830321183573,30.23428983037205,31,2.0
77,0.0,0.665,0.335,1424.813402577472,33.28531302388018,31,2.0
78,0.0,0.685,0.315,1349.2854730459362,30.630006654844628,31,2.0
79,0.0,0.71,0.29,1253.6508954529793,27.110295777279305,31,2.0
80,0.0,0.665,0.335,1359.5481553945888,30.99168534412094,31,2.0
81,0.0,0.69,0.31,1296.1919711261917,28.696604328577074,31,2.0
82,0.0,0.7,0.3,1261.5052657040371,27.407200602625977,31,2.0
83,0.0,0.66,0.34,1352.9735845060136,30.760093773224966,31,2.0
84,0.0,0.675,0.325,1326.4208821373982,29.801464648321666,31,2.0
85,0.0,0.695,0.305,1290.6896075346494,28.490028017837403,31,2.0
86,0.0,0.655,0.345,1370.8064141444538,31.387002292662224,31,2.0
87,0.0,0.66,0.34,1345.2846277605622,30.476505528963003,31,2.0
88,0.0,0.63,0.37,1406.1103164295755,32.629463067373024,31,2.0
89,0.0,0.65,0.35,1335.555381224503,30.12512087097093,31,2.0
90,0.0,0.655,0.345,1318.3533309294005,29.501425551778073,31,2.0
91,0.0,0.625,0.375,1369.7481953431088,31.346539743371515,31,2.0
92,0.0,0.635,0.365,1353.6304131474692,30.772388815737294,31,2.0
93,0.0,0.655,0.345,1324.836925310728,29.737577300076786,31,2.0
94,0.0,0.635,0.365,1388.2600297758627,32.00755032100009,31,2.0
95,0.0,0.645,0.355,1367.3232084447739,31.26523087511061,31,2.0
96,0.0,0.65,0.35,1354.175833891819,30.79790524316116,31,2.0
97,0.0,0.635,0.365,1379.8547362352924,31.709474274908587,31,2.0
98,0.0,0.65,0.35,1351.9764732464394,30.71696536036638,31,2.0
99,0.0,0.62,0.38,1419.498408471257,33.09175494845198,31,2.0
100,0.0,0.645,0.355,1359.403672552465,30.98321856059077,31,2.0
0,0.0,0.94,0.06,992.9366901508414,7.368171494915139,32,0.0
1,0.0,0.89,0.11,1081.5313405556906,11.975064914387408,32,0.0
2,0.0,0.845,0.155,1155.975610575372,15.427712798122823,32,0.0
3,0.0,0.805,0.195,1274.7869434094694,20.583269757820467,32,0.0
4,0.0,0.76,0.24,1394.6960069348138,25.434020731144273,32,0.0
5,0.0,0.73,0.27,1495.6876017069287,29.289711197771496,32,0.0
6,0.0,0.69,0.31,1594.5546948999092,32.870636724256485,32,0.0
7,0.0,0.655,0.345,1707.520380424489,36.75519889662537,32,0.0
8,0.0,0.625,0.375,1804.6435081270984,39.94353206124465,32,0.0
9,0.0,0.6,0.4,1866.6961652725943,41.93208105130302,32,0.0
10,0.0,0.575,0.425,1887.6933442809782,42.645580061580695,32,0.0
11,0.0,0.54,0.46,1975.675952943433,46.00350970599381,32,0.0
12,0.0,0.505,0.495,2039.9513752759856,49.0899704853483,32,0.0
13,0.0,0.475,0.525,2074.0912726155548,51.13986898345618,32,0.0
14,0.0,0.455,0.545,2092.7234694084905,52.473235971096756,32,0.0
15,0.0,0.425,0.575,2111.5497012951973,54.08847366063695,32,0.0
16,0.0,0.4,0.6,2132.215407047691,56.51061391900119,32,0.0
17,0.0,0.37,0.63,2144.47386742117,59.331448383474395,32,0.0
18,0.0,0.345,0.655,2146.301075632252,60.61808533076653,32,0.0
19,0.0,0.32,0.68,2144.733021459267,62.28543111165094,32,0.0
20,0.0,0.305,0.695,2139.5397615506436,63.85344658459932,32,0.0
21,0.0,0.3,0.7,2137.990933908922,64.18600129961172,32,0.0
22,0.0,0.29,0.71,2134.837236725054,64.76218842449744,32,0.0
23,0.0,0.27,0.73,2120.481082188508,66.70637184715619,32,0.0
24,0.0,0.265,0.735,2116.3623413148625,67.1630853994923,32,0.0
25,0.0,0.255,0.745,2102.4901798451488,68.5072268618292,32,0.0
26,0.0,0.235,0.765,2092.4980988791704,69.35515404019387,32,0.0
27,0.0,0.21,0.79,2068.5246398005966,71.09685705882123,32,0.0
28,0.0,0.2,0.8,2052.1559139811,72.14562296600567,32,0.0
29,0.0,0.195,0.805,2044.3249020591138,72.61390362375019,32,0.0
30,0.0,0.185,0.815,2036.97789172292,73.03918513890434,32,0.0
31,0.0,0.175,0.825,2016.209903813567,74.16562208555442,32,0.0
32,0.0,0.16,0.84,1993.7631280611727,75.28781092522829,32,0.0
33,0.0,0.15,0.85,1984.9096020006273,75.71080690808128,32,0.0
34,0.0,0.14,0.86,1966.3273148577541,76.56697223738765,32,0.0
35,0.0,0.13,0.87,1957.1669114435538,76.96922750715808,32,0.0
36,0.0,0.13,0.87,1957.1669114435538,76.96922750715808,32,0.0
37,0.0,0.13,0.87,1957.1669114435538,76.96922750715808,32,0.0
38,0.0,0.12,0.88,1953.2705715608793,77.13708730529646,32,0.0
39,0.0,0.115,0.885,1947.813977299351,77.3717532295792,32,0.0
40,0.0,0.11,0.89,1945.8925903190586,77.45370379246836,32,0.0
41,0.0,0.105,0.895,1933.3164363488338,77.97505851737324,32,0.0
42,0.0,0.1,0.9,1921.8591521546675,78.44137772223597,32,0.0
43,0.0,0.095,0.905,1914.5053200360417,78.73508987951793,32,0.0
44,0.0,0.095,0.905,1914.5053200360417,78.73508987951793,32,0.0
45,0.0,0.09,0.91,1909.9093919978575,78.91472507669022,32,0.0
46,0.0,0.08,0.92,1891.2823352156151,79.62732216033413,32,0.0
47,0.0,0.08,0.92,1891.2823352156151,79.62732216033413,32,0.0
48,0.0,0.075,0.925,1884.0575567798278,79.89686237860298,32,0.0
49,0.0,0.065,0.935,1864.3230285849313,80.62185141827317,32,0.0
50,0.0,0.065,0.935,1864.3230285849313,80.62185141827317,32,0.0
51,0.0,0.06,0.94,1858.8360236971164,80.81737356758498,32,0.0
52,0.0,0.055,0.945,1845.223927073023,81.29601637369316,32,0.0
53,0.0,0.05,0.95,1834.9622013644298,81.65442028283496,32,0.0
54,0.0,0.04,0.96,1826.9292298962393,81.9294564300553,32,0.0
55,0.0,0.035,0.965,1820.729919310697,82.1400502998921,32,0.0
56,0.0,0.035,0.965,1820.729919310697,82.1400502998921,32,0.0
57,0.0,0.035,0.965,1820.729919310697,82.1400502998921,32,0.0
58,0.0,0.03,0.97,1817.6670313350855,82.24394739553681,32,0.0
59,0.0,0.03,0.97,1817.6670313350855,82.24394739553681,32,0.0
60,0.0,0.03,0.97,1817.6670313350855,82.24394739553681,32,0.0
61,0.0,0.03,0.97,1817.6670313350855,82.24394739553681,32,0.0
62,0.0,0.03,0.97,1817.6670313350855,82.24394739553681,32,0.0
0,0.0,0.94,0.06,992.9366901508414,7.368171494915139,32,0.5
1,0.0,0.89,0.11,1081.5313405556906,11.975064914387408,32,0.5
2,0.0,0.845,0.155,1155.975610575372,15.427712798122823,32,0.5
3,0.0,0.805,0.195,1274.7869434094694,20.583269757820467,32,0.5
4,0.0,0.76,0.24,1394.6960069348138,25.434020731144273,32,0.5
5,0.0,0.73,0.27,1495.6876017069287,29.289711197771496,32,0.5
6,0.0,0.69,0.31,1594.5546948999092,32.870636724256485,32,0.5
7,0.0,0.655,0.345,1707.520380424489,36.75519889662537,32,0.5
8,0.0,0.625,0.375,1804.6435081270984,39.94353206124465,32,0.5
9,0.0,0.6,0.4,1866.6961652725943,41.93208105130302,32,0.5
10,0.0,0.575,0.425,1887.6933442809782,42.645580061580695,32,0.5
11,0.0,0.54,0.46,1975.675952943433,46.00350970599381,32,0.5
12,0.0,0.505,0.495,2039.9513752759856,49.0899704853483,32,0.5
13,0.0,0.475,0.525,2074.0912726155548,51.13986898345618,32,0.5
14,0.0,0.455,0.545,2092.7234694084905,52.473235971096756,32,0.5
15,0.0,0.425,0.575,2111.5497012951973,54.08847366063695,32,0.5
16,0.0,0.4,0.6,2132.215407047691,56.51061391900119,32,0.5
17,0.0,0.37,0.63,2144.47386742117,59.331448383474395,32,0.5
18,0.0,0.345,0.655,2146.301075632252,60.61808533076653,32,0.5
19,0.0,0.32,0.68,2144.733021459267,62.28543111165094,32,0.5
20,0.0,0.305,0.695,2139.5397615506436,63.85344658459932,32,0.5
21,0.0,0.3,0.7,2137.990933908922,64.18600129961172,32,0.5
22,0.0,0.29,0.71,2134.837236725054,64.76218842449744,32,0.5
23,0.0,0.27,0.73,2120.481082188508,66.70637184715619,32,0.5
24,0.0,0.265,0.735,2116.3623413148625,67.1630853994923,32,0.5
25,0.0,0.255,0.745,2102.4901798451488,68.5072268618292,32,0.5
26,0.0,0.235,0.765,2092.4980988791704,69.35515404019387,32,0.5
27,0.0,0.21,0.79,2068.5246398005966,71.09685705882123,32,0.5
28,0.0,0.2,0.8,2052.1559139811,72.14562296600567,32,0.5
29,0.0,0.195,0.805,2044.3249020591138,72.61390362375019,32,0.5
30,0.0,0.185,0.815,2036.97789172292,73.03918513890434,32,0.5
31,0.0,0.175,0.825,2016.209903813567,74.16562208555442,32,0.5
32,0.0,0.16,0.84,1993.7631280611727,75.28781092522829,32,0.5
33,0.0,0.15,0.85,1984.9096020006273,75.71080690808128,32,0.5
34,0.0,0.14,0.86,1966.3273148577541,76.56697223738765,32,0.5
35,0.0,0.13,0.87,1957.1669114435538,76.96922750715808,32,0.5
36,0.0,0.13,0.87,1957.1669114435538,76.96922750715808,32,0.5
37,0.0,0.13,0.87,1957.1669114435538,76.96922750715808,32,0.5
38,0.0,0.12,0.88,1953.2705715608793,77.13708730529646,32,0.5
39,0.0,0.115,0.885,1947.813977299351,77.3717532295792,32,0.5
40,0.0,0.11,0.89,1945.8925903190586,77.45370379246836,32,0.5
41,0.0,0.105,0.895,1933.3164363488338,77.97505851737324,32,0.5
42,0.0,0.1,0.9,1921.8591521546675,78.44137772223597,32,0.5
43,0.0,0.095,0.905,1914.5053200360417,78.73508987951793,32,0.5
44,0.0,0.095,0.905,1914.5053200360417,78.73508987951793,32,0.5
45,0.0,0.09,0.91,1909.9093919978575,78.91472507669022,32,0.5
46,0.0,0.08,0.92,1891.2823352156151,79.62732216033413,32,0.5
47,0.0,0.08,0.92,1891.2823352156151,79.62732216033413,32,0.5
48,0.0,0.075,0.925,1884.0575567798278,79.89686237860298,32,0.5
49,0.0,0.065,0.935,1864.3230285849313,80.62185141827317,32,0.5
50,0.0,0.065,0.935,1864.3230285849313,80.62185141827317,32,0.5
51,0.0,0.06,0.94,1858.8360236971164,80.81737356758498,32,0.5
52,0.0,0.055,0.945,1845.223927073023,81.29601637369316,32,0.5
53,0.0,0.05,0.95,1834.9622013644298,81.65442028283496,32,0.5
54,0.0,0.04,0.96,1826.9292298962393,81.9294564300553,32,0.5
55,0.0,0.035,0.965,1820.729919310697,82.1400502998921,32,0.5
56,0.0,0.035,0.965,1820.729919310697,82.1400502998921,32,0.5
57,0.0,0.035,0.965,1820.729919310697,82.1400502998921,32,0.5
58,0.0,0.03,0.97,1817.6670313350855,82.24394739553681,32,0.5
59,0.0,0.03,0.97,1817.6670313350855,82.24394739553681,32,0.5
60,0.0,0.03,0.97,1817.6670313350855,82.24394739553681,32,0.5
61,0.0,0.03,0.97,1817.6670313350855,82.24394739553681,32,0.5
62,0.0,0.03,0.97,1817.6670313350855,82.24394739553681,32,0.5
0,0.0,0.94,0.06,992.9366901508414,7.368171494915139,32,1.0
1,0.0,0.89,0.11,1081.5313405556906,11.975064914387408,32,1.0
2,0.0,0.845,0.155,1155.975610575372,15.427712798122823,32,1.0
3,0.0,0.805,0.195,1274.7869434094694,20.583269757820467,32,1.0
4,0.0,0.76,0.24,1394.6960069348138,25.434020731144273,32,1.0
5,0.0,0.73,0.27,1495.6876017069287,29.289711197771496,32,1.0
6,0.0,0.69,0.31,1594.5546948999092,32.870636724256485,32,1.0
7,0.0,0.655,0.345,1707.520380424489,36.75519889662537,32,1.0
8,0.0,0.625,0.375,1804.6435081270984,39.94353206124465,32,1.0
9,0.0,0.625,0.375,1804.6435081270984,39.94353206124465,32,1.0
10,0.0,0.6,0.4,1827.1867000010036,40.66520909909767,32,1.0
11,0.0,0.6,0.4,1827.1867000010036,40.66520909909767,32,1.0
12,0.0,0.6,0.4,1827.1867000010036,40.66520909909767,32,1.0
13,0.0,0.6,0.4,1827.1867000010036,40.66520909909767,32,1.0
14,0.0,0.6,0.4,1827.1867000010036,40.66520909909767,32,1.0
0,0.0,0.94,0.06,992.9366901508414,7.368171494915139,32,1.5
1,0.0,0.89,0.11,1081.5313405556906,11.975064914387408,32,1.5
2,0.0,0.845,0.155,1155.975610575372,15.427712798122823,32,1.5
3,0.0,0.805,0.195,1274.7869434094694,20.583269757820467,32,1.5
4,0.0,0.76,0.24,1394.6960069348138,25.434020731144273,32,1.5
5,0.0,0.73,0.27,1495.6876017069287,29.289711197771496,32,1.5
6,0.0,0.69,0.31,1594.5546948999092,32.870636724256485,32,1.5
7,0.0,0.655,0.345,1707.520380424489,36.75519889662537,32,1.5
8,0.0,0.625,0.375,1804.6435081270984,39.94353206124465,32,1.5
9,0.0,0.65,0.35,1746.3327991563046,38.04482410410452,32,1.5
10,0.0,0.625,0.375,1768.5380743571848,38.77430977415841,32,1.5
11,0.0,0.64,0.36,1741.3126683512362,37.88111571270557,32,1.5
12,0.0,0.65,0.35,1714.9298279062027,37.006356357739044,32,1.5
13,0.0,0.62,0.38,1781.5979586925482,39.20517317015482,32,1.5
14,0.0,0.64,0.36,1758.634774747654,38.4541858368205,32,1.5
15,0.0,0.645,0.355,1748.132719371666,38.108703218068506,32,1.5
16,0.0,0.655,0.345,1725.1784364052266,37.3514448108842,32,1.5
17,0.0,0.62,0.38,1828.1571576154595,40.70653133484039,32,1.5
18,0.0,0.625,0.375,1817.248924265374,40.358036010674155,32,1.5
19,0.0,0.64,0.36,1797.458461322258,39.72425499351532,32,1.5
20,0.0,0.665,0.335,1707.67450920412,36.770769482338025,32,1.5
21,0.0,0.63,0.37,1777.551612500635,39.07488879997905,32,1.5
22,0.0,0.655,0.345,1715.4031743111975,37.029713690836346,32,1.5
23,0.0,0.61,0.39,1832.4800930293134,40.84817810153007,32,1.5
24,0.0,0.635,0.365,1799.641818741698,39.797450757503995,32,1.5
25,0.0,0.665,0.335,1689.4370486136315,36.16285564474633,32,1.5
26,0.0,0.63,0.37,1764.1788898948957,38.6431505066713,32,1.5
27,0.0,0.65,0.35,1737.054669465516,37.754156537913346,32,1.5
28,0.0,0.62,0.38,1806.9963907567578,40.0296211328614,32,1.5
29,0.0,0.63,0.37,1800.9318425284166,39.83474108355236,32,1.5
30,0.0,0.655,0.345,1744.3485725862408,37.98984701376854,32,1.5
31,0.0,0.615,0.385,1832.2185824141332,40.83043355755976,32,1.5
32,0.0,0.63,0.37,1773.270934297526,38.941139553492135,32,1.5
33,0.0,0.64,0.36,1755.715837960874,38.36604583354706,32,1.5
34,0.0,0.65,0.35,1681.7350257671542,35.894595486472866,32,1.5
35,0.0,0.62,0.38,1734.9821906451127,37.67963773742376,32,1.5
36,0.0,0.6,0.4,1798.2451017263606,39.75137258204688,32,1.5
37,0.0,0.62,0.38,1741.7956765919785,37.90656780566004,32,1.5
38,0.0,0.59,0.41,1812.8590282965163,40.21123053362847,32,1.5
39,0.0,0.615,0.385,1760.3566771048409,38.50943006993933,32,1.5
40,0.0,0.585,0.415,1834.7100451543786,40.907053410130885,32,1.5
41,0.0,0.6,0.4,1767.200440187532,38.73672982731241,32,1.5
42,0.0,0.615,0.385,1724.3205595940306,37.32005168067443,32,1.5
43,0.0,0.585,0.415,1778.3844524753583,39.10215249005098,32,1.5
44,0.0,0.6,0.4,1750.769352060054,38.20140055294183,32,1.5
45,0.0,0.58,0.42,1793.467111255866,39.593743515010985,32,1.5
46,0.0,0.6,0.4,1754.0970190343241,38.307366074905445,32,1.5
47,0.0,0.575,0.425,1836.1439002739676,40.949534195428924,32,1.5
48,0.0,0.6,0.4,1798.1067180164966,39.73448132265614,32,1.5
49,0.0,0.625,0.375,1718.6170021389598,37.13144480987279,32,1.5
50,0.0,0.59,0.41,1799.2744619878874,39.771640877810796,32,1.5
51,0.0,0.61,0.39,1739.0798304378195,37.80607990541478,32,1.5
52,0.0,0.575,0.425,1821.2967964320337,40.478488788345764,32,1.5
53,0.0,0.59,0.41,1787.8628879595162,39.402874777014105,32,1.5
54,0.0,0.565,0.435,1823.8076302952104,40.55507295462896,32,1.5
55,0.0,0.58,0.42,1747.9393496355901,38.089302141121635,32,1.5
56,0.0,0.56,0.44,1796.217968495013,39.66280722746281,32,1.5
57,0.0,0.58,0.42,1761.1380087549796,38.52587330000726,32,1.5
58,0.0,0.555,0.445,1819.2835191728864,40.40930738431723,32,1.5
59,0.0,0.57,0.43,1782.5825560629146,39.230699629456936,32,1.5
60,0.0,0.555,0.445,1821.2251647007845,40.470939700011726,32,1.5
61,0.0,0.545,0.455,1830.029539653061,40.750812161633824,32,1.5
62,0.0,0.575,0.425,1775.40436091462,38.992748238697196,32,1.5
63,0.0,0.585,0.415,1730.084979425524,37.50720653874606,32,1.5
64,0.0,0.61,0.39,1679.565293881026,35.81356512905491,32,1.5
65,0.0,0.585,0.415,1795.4592648707119,39.655990238030974,32,1.5
66,0.0,0.615,0.385,1698.0781302877895,36.446384633759564,32,1.5
67,0.0,0.58,0.42,1797.6390630039343,39.72980950032199,32,1.5
68,0.0,0.605,0.395,1732.4032064277076,37.597469649750465,32,1.5
69,0.0,0.57,0.43,1801.334134917778,39.84436456489301,32,1.5
70,0.0,0.59,0.41,1761.7524854820833,38.56057639682397,32,1.5
71,0.0,0.565,0.435,1801.390563474091,39.845930836202015,32,1.5
72,0.0,0.58,0.42,1755.7730740795728,38.36489336093748,32,1.5
73,0.0,0.59,0.41,1740.5995233291328,37.86329964146344,32,1.5
74,0.0,0.56,0.44,1837.6195785684547,40.995467762983836,32,1.5
75,0.0,0.595,0.405,1759.5994230589386,38.47998089800949,32,1.5
76,0.0,0.615,0.385,1725.5164641300291,37.35540083790086,32,1.5
77,0.0,0.63,0.37,1685.7400325842623,36.020463229308106,32,1.5
78,0.0,0.595,0.405,1753.0405583473307,38.26191973348193,32,1.5
79,0.0,0.61,0.39,1728.0790878143155,37.43808683277773,32,1.5
80,0.0,0.575,0.425,1818.618180742869,40.388958913198216,32,1.5
81,0.0,0.595,0.405,1782.6832053747917,39.23566394718324,32,1.5
82,0.0,0.61,0.39,1759.6728289503478,38.48766062199486,32,1.5
83,0.0,0.585,0.415,1822.1611422727524,40.508009561369384,32,1.5
84,0.0,0.615,0.385,1711.3843738473531,36.88230612353182,32,1.5
85,0.0,0.585,0.415,1801.559462521344,39.84260711987832,32,1.5
86,0.0,0.6,0.4,1727.588088439733,37.42807213334441,32,1.5
87,0.0,0.585,0.415,1795.1977128434992,39.64385661509763,32,1.5
88,0.0,0.6,0.4,1729.7015165180371,37.499253034316254,32,1.5
89,0.0,0.57,0.43,1807.6528978812985,40.04193124676311,32,1.5
90,0.0,0.59,0.41,1766.6839679006619,38.71306841646336,32,1.5
91,0.0,0.61,0.39,1721.812643247824,37.235309664089556,32,1.5
92,0.0,0.62,0.38,1699.8905431475573,36.50143450124807,32,1.5
93,0.0,0.595,0.405,1729.0658804865086,37.4753184107997,32,1.5
94,0.0,0.57,0.43,1817.1216315731917,40.34139676847141,32,1.5
95,0.0,0.595,0.405,1733.6628119947513,37.62027318833551,32,1.5
96,0.0,0.565,0.435,1828.0948474344889,40.6929210669754,32,1.5
97,0.0,0.59,0.41,1765.9495127117116,38.68884084165373,32,1.5
98,0.0,0.605,0.395,1716.2560469291811,37.043585008630096,32,1.5
99,0.0,0.57,0.43,1810.538061994116,40.12354401203979,32,1.5
100,0.0,0.6,0.4,1754.941757710438,38.32428275648878,32,1.5
0,0.0,0.94,0.06,992.9366901508414,7.368171494915139,32,2.0
1,0.0,0.89,0.11,1081.5313405556906,11.975064914387408,32,2.0
2,0.0,0.845,0.155,1155.975610575372,15.427712798122823,32,2.0
3,0.0,0.805,0.195,1274.7869434094694,20.583269757820467,32,2.0
4,0.0,0.76,0.24,1394.6960069348138,25.434020731144273,32,2.0
5,0.0,0.73,0.27,1495.6876017069287,29.289711197771496,32,2.0
6,0.0,0.69,0.31,1594.5546948999092,32.870636724256485,32,2.0
7,0.0,0.655,0.345,1707.520380424489,36.75519889662537,32,2.0
8,0.0,0.625,0.375,1804.6435081270984,39.94353206124465,32,2.0
9,0.0,0.65,0.35,1746.3327991563046,38.04482410410452,32,2.0
10,0.0,0.625,0.375,1768.5380743571848,38.77430977415841,32,2.0
11,0.0,0.64,0.36,1741.3126683512362,37.88111571270557,32,2.0
12,0.0,0.65,0.35,1714.9298279062027,37.006356357739044,32,2.0
13,0.0,0.62,0.38,1781.5979586925482,39.20517317015482,32,2.0
14,0.0,0.64,0.36,1758.634774747654,38.4541858368205,32,2.0
15,0.0,0.645,0.355,1748.132719371666,38.108703218068506,32,2.0
16,0.0,0.655,0.345,1725.1784364052266,37.3514448108842,32,2.0
17,0.0,0.62,0.38,1828.1571576154595,40.70653133484039,32,2.0
18,0.0,0.625,0.375,1817.248924265374,40.358036010674155,32,2.0
19,0.0,0.64,0.36,1797.458461322258,39.72425499351532,32,2.0
20,0.0,0.665,0.335,1707.67450920412,36.770769482338025,32,2.0
21,0.0,0.63,0.37,1777.551612500635,39.07488879997905,32,2.0
22,0.0,0.655,0.345,1715.4031743111975,37.029713690836346,32,2.0
23,0.0,0.61,0.39,1832.4800930293134,40.84817810153007,32,2.0
24,0.0,0.635,0.365,1799.641818741698,39.797450757503995,32,2.0
25,0.0,0.665,0.335,1689.4370486136315,36.16285564474633,32,2.0
26,0.0,0.63,0.37,1764.1788898948957,38.6431505066713,32,2.0
27,0.0,0.65,0.35,1737.054669465516,37.754156537913346,32,2.0
28,0.0,0.62,0.38,1806.9963907567578,40.0296211328614,32,2.0
29,0.0,0.63,0.37,1800.9318425284166,39.83474108355236,32,2.0
30,0.0,0.655,0.345,1744.3485725862408,37.98984701376854,32,2.0
31,0.0,0.615,0.385,1832.2185824141332,40.83043355755976,32,2.0
32,0.0,0.63,0.37,1773.270934297526,38.941139553492135,32,2.0
33,0.0,0.64,0.36,1755.715837960874,38.36604583354706,32,2.0
34,0.0,0.65,0.35,1681.7350257671542,35.894595486472866,32,2.0
35,0.0,0.62,0.38,1734.9821906451127,37.67963773742376,32,2.0
36,0.0,0.6,0.4,1798.2451017263606,39.75137258204688,32,2.0
37,0.0,0.62,0.38,1741.7956765919785,37.90656780566004,32,2.0
38,0.0,0.59,0.41,1812.8590282965163,40.21123053362847,32,2.0
39,0.0,0.615,0.385,1760.3566771048409,38.50943006993933,32,2.0
40,0.0,0.585,0.415,1834.7100451543786,40.907053410130885,32,2.0
41,0.0,0.6,0.4,1767.200440187532,38.73672982731241,32,2.0
42,0.0,0.615,0.385,1724.3205595940306,37.32005168067443,32,2.0
43,0.0,0.585,0.415,1778.3844524753583,39.10215249005098,32,2.0
44,0.0,0.6,0.4,1750.769352060054,38.20140055294183,32,2.0
45,0.0,0.58,0.42,1793.467111255866,39.593743515010985,32,2.0
46,0.0,0.6,0.4,1754.0970190343241,38.307366074905445,32,2.0
47,0.0,0.575,0.425,1836.1439002739676,40.949534195428924,32,2.0
48,0.0,0.6,0.4,1798.1067180164966,39.73448132265614,32,2.0
49,0.0,0.625,0.375,1718.6170021389598,37.13144480987279,32,2.0
50,0.0,0.59,0.41,1799.2744619878874,39.771640877810796,32,2.0
51,0.0,0.61,0.39,1739.0798304378195,37.80607990541478,32,2.0
52,0.0,0.575,0.425,1821.2967964320337,40.478488788345764,32,2.0
53,0.0,0.59,0.41,1787.8628879595162,39.402874777014105,32,2.0
54,0.0,0.565,0.435,1823.8076302952104,40.55507295462896,32,2.0
55,0.0,0.58,0.42,1747.9393496355901,38.089302141121635,32,2.0
56,0.0,0.56,0.44,1796.217968495013,39.66280722746281,32,2.0
57,0.0,0.58,0.42,1761.1380087549796,38.52587330000726,32,2.0
58,0.0,0.555,0.445,1819.2835191728864,40.40930738431723,32,2.0
59,0.0,0.57,0.43,1782.5825560629146,39.230699629456936,32,2.0
60,0.0,0.555,0.445,1821.2251647007845,40.470939700011726,32,2.0
61,0.0,0.545,0.455,1830.029539653061,40.750812161633824,32,2.0
62,0.0,0.575,0.425,1775.40436091462,38.992748238697196,32,2.0
63,0.0,0.585,0.415,1730.084979425524,37.50720653874606,32,2.0
64,0.0,0.61,0.39,1679.565293881026,35.81356512905491,32,2.0
65,0.0,0.585,0.415,1795.4592648707119,39.655990238030974,32,2.0
66,0.0,0.615,0.385,1698.0781302877895,36.446384633759564,32,2.0
67,0.0,0.58,0.42,1797.6390630039343,39.72980950032199,32,2.0
68,0.0,0.605,0.395,1732.4032064277076,37.597469649750465,32,2.0
69,0.0,0.57,0.43,1801.334134917778,39.84436456489301,32,2.0
70,0.0,0.59,0.41,1761.7524854820833,38.56057639682397,32,2.0
71,0.0,0.565,0.435,1801.390563474091,39.845930836202015,32,2.0
72,0.0,0.58,0.42,1755.7730740795728,38.36489336093748,32,2.0
73,0.0,0.59,0.41,1740.5995233291328,37.86329964146344,32,2.0
74,0.0,0.56,0.44,1837.6195785684547,40.995467762983836,32,2.0
75,0.0,0.595,0.405,1759.5994230589386,38.47998089800949,32,2.0
76,0.0,0.615,0.385,1725.5164641300291,37.35540083790086,32,2.0
77,0.0,0.63,0.37,1685.7400325842623,36.020463229308106,32,2.0
78,0.0,0.595,0.405,1753.0405583473307,38.26191973348193,32,2.0
79,0.0,0.61,0.39,1728.0790878143155,37.43808683277773,32,2.0
80,0.0,0.575,0.425,1818.618180742869,40.388958913198216,32,2.0
81,0.0,0.595,0.405,1782.6832053747917,39.23566394718324,32,2.0
82,0.0,0.61,0.39,1759.6728289503478,38.48766062199486,32,2.0
83,0.0,0.585,0.415,1822.1611422727524,40.508009561369384,32,2.0
84,0.0,0.615,0.385,1711.3843738473531,36.88230612353182,32,2.0
85,0.0,0.585,0.415,1801.559462521344,39.84260711987832,32,2.0
86,0.0,0.6,0.4,1727.588088439733,37.42807213334441,32,2.0
87,0.0,0.585,0.415,1795.1977128434992,39.64385661509763,32,2.0
88,0.0,0.6,0.4,1729.7015165180371,37.499253034316254,32,2.0
89,0.0,0.57,0.43,1807.6528978812985,40.04193124676311,32,2.0
90,0.0,0.59,0.41,1766.6839679006619,38.71306841646336,32,2.0
91,0.0,0.61,0.39,1721.812643247824,37.235309664089556,32,2.0
92,0.0,0.62,0.38,1699.8905431475573,36.50143450124807,32,2.0
93,0.0,0.595,0.405,1729.0658804865086,37.4753184107997,32,2.0
94,0.0,0.57,0.43,1817.1216315731917,40.34139676847141,32,2.0
95,0.0,0.595,0.405,1733.6628119947513,37.62027318833551,32,2.0
96,0.0,0.565,0.435,1828.0948474344889,40.6929210669754,32,2.0
97,0.0,0.59,0.41,1765.9495127117116,38.68884084165373,32,2.0
98,0.0,0.605,0.395,1716.2560469291811,37.043585008630096,32,2.0
99,0.0,0.57,0.43,1810.538061994116,40.12354401203979,32,2.0
100,0.0,0.6,0.4,1754.941757710438,38.32428275648878,32,2.0
0,0.0,0.94,0.06,856.7695070119105,6.805555648608143,33,0.0
1,0.0,0.895,0.105,988.078204927485,13.109235569264651,33,0.0
2,0.0,0.845,0.155,1045.4583237757215,15.579813044875044,33,0.0
3,0.0,0.815,0.185,1107.838197673383,18.161297375748244,33,0.0
4,0.0,0.775,0.225,1184.7108368024647,21.2056727791187,33,0.0
5,0.0,0.735,0.265,1278.249792070061,24.732113781247115,33,0.0
6,0.0,0.69,0.31,1451.5655578675899,30.82112808058533,33,0.0
7,0.0,0.65,0.35,1587.030354317549,35.649006842583816,33,0.0
8,0.0,0.62,0.38,1670.698753422383,39.5831159686999,33,0.0
9,0.0,0.585,0.415,1711.1371926041206,42.101167937850754,33,0.0
10,0.0,0.565,0.435,1728.477045596021,43.43266781767474,33,0.0
11,0.0,0.53,0.47,1754.1306705331156,46.019927238452766,33,0.0
12,0.0,0.495,0.505,1771.5894363416278,49.20770569657768,33,0.0
13,0.0,0.46,0.54,1774.7098142408927,51.19608892243443,33,0.0
14,0.0,0.44,0.56,1773.8971426678568,52.19955824505885,33,0.0
15,0.0,0.42,0.58,1771.7311914208897,53.198904604118056,33,0.0
16,0.0,0.4,0.6,1769.1583621524628,53.922019069413935,33,0.0
17,0.0,0.39,0.61,1765.7600309019492,54.65863200835492,33,0.0
18,0.0,0.375,0.625,1759.159572662742,55.796428496102514,33,0.0
19,0.0,0.365,0.635,1751.9713480104217,56.766267005954504,33,0.0
20,0.0,0.335,0.665,1716.5433009022977,60.130228356421554,33,0.0
21,0.0,0.32,0.68,1712.1694978986552,60.465973192039044,33,0.0
22,0.0,0.29,0.71,1673.8571247679147,63.00109932092843,33,0.0
23,0.0,0.27,0.73,1659.3760717910643,63.834679404830204,33,0.0
24,0.0,0.25,0.75,1628.0237592116,65.47373939164724,33,0.0
25,0.0,0.24,0.76,1613.8188908955872,66.16513404137123,33,0.0
26,0.0,0.23,0.77,1606.6632821212604,66.50059207119675,33,0.0
27,0.0,0.23,0.77,1606.6632821212604,66.50059207119675,33,0.0
28,0.0,0.22,0.78,1583.1325955425473,67.55344514104118,33,0.0
29,0.0,0.2,0.8,1551.4062492681255,68.88372001431593,33,0.0
30,0.0,0.185,0.815,1526.9092658431596,69.85999983607076,33,0.0
31,0.0,0.175,0.825,1505.5559784657664,70.66642997141093,33,0.0
32,0.0,0.16,0.84,1486.5945216652447,71.36452109707963,33,0.0
33,0.0,0.15,0.85,1470.0252186969524,71.95323994709378,33,0.0
34,0.0,0.15,0.85,1470.0252186969524,71.95323994709378,33,0.0
35,0.0,0.14,0.86,1456.3308694550487,72.42635855680003,33,0.0
36,0.0,0.135,0.865,1452.9251919758224,72.54266151598492,33,0.0
37,0.0,0.13,0.87,1445.299883891989,72.80106441649582,33,0.0
38,0.0,0.12,0.88,1417.7518931274087,73.71689087324765,33,0.0
39,0.0,0.12,0.88,1417.7518931274087,73.71689087324765,33,0.0
40,0.0,0.115,0.885,1395.2674418317483,74.446687994646,33,0.0
41,0.0,0.115,0.885,1395.2674418317483,74.446687994646,33,0.0
42,0.0,0.1,0.9,1339.5215389208083,76.15610262690544,33,0.0
43,0.0,0.1,0.9,1339.5215389208083,76.15610262690544,33,0.0
44,0.0,0.09,0.91,1294.4700557317578,77.47119298512555,33,0.0
45,0.0,0.08,0.92,1271.9666966348263,78.10741873972242,33,0.0
46,0.0,0.08,0.92,1271.9666966348263,78.10741873972242,33,0.0
47,0.0,0.075,0.925,1262.279951534902,78.37631609934998,33,0.0
48,0.0,0.075,0.925,1262.279951534902,78.37631609934998,33,0.0
49,0.0,0.07,0.93,1256.5677406797668,78.53377512890405,33,0.0
50,0.0,0.065,0.935,1253.4525101990876,78.61913520466372,33,0.0
51,0.0,0.055,0.945,1228.3454361998215,79.3063374653853,33,0.0
52,0.0,0.055,0.945,1228.3454361998215,79.3063374653853,33,0.0
53,0.0,0.055,0.945,1228.3454361998215,79.3063374653853,33,0.0
54,0.0,0.05,0.95,1221.8908800853237,79.47888916899205,33,0.0
55,0.0,0.045,0.955,1220.0385651601714,79.52890956885037,33,0.0
56,0.0,0.035,0.965,1196.5627898379435,80.15212877257079,33,0.0
57,0.0,0.035,0.965,1196.5627898379435,80.15212877257079,33,0.0
58,0.0,0.035,0.965,1196.5627898379435,80.15212877257079,33,0.0
59,0.0,0.035,0.965,1196.5627898379435,80.15212877257079,33,0.0
60,0.0,0.035,0.965,1196.5627898379435,80.15212877257079,33,0.0
0,0.0,0.94,0.06,856.7695070119105,6.805555648608143,33,0.5
1,0.0,0.895,0.105,988.078204927485,13.109235569264651,33,0.5
2,0.0,0.845,0.155,1045.4583237757215,15.579813044875044,33,0.5
3,0.0,0.815,0.185,1107.838197673383,18.161297375748244,33,0.5
4,0.0,0.775,0.225,1184.7108368024647,21.2056727791187,33,0.5
5,0.0,0.735,0.265,1278.249792070061,24.732113781247115,33,0.5
6,0.0,0.69,0.31,1451.5655578675899,30.82112808058533,33,0.5
7,0.0,0.65,0.35,1587.030354317549,35.649006842583816,33,0.5
8,0.0,0.62,0.38,1670.698753422383,39.5831159686999,33,0.5
9,0.0,0.585,0.415,1711.1371926041206,42.101167937850754,33,0.5
10,0.0,0.565,0.435,1728.477045596021,43.43266781767474,33,0.5
11,0.0,0.53,0.47,1754.1306705331156,46.019927238452766,33,0.5
12,0.0,0.495,0.505,1771.5894363416278,49.20770569657768,33,0.5
13,0.0,0.46,0.54,1774.7098142408927,51.19608892243443,33,0.5
14,0.0,0.44,0.56,1773.8971426678568,52.19955824505885,33,0.5
15,0.0,0.42,0.58,1771.7311914208897,53.198904604118056,33,0.5
16,0.0,0.4,0.6,1769.1583621524628,53.922019069413935,33,0.5
17,0.0,0.39,0.61,1765.7600309019492,54.65863200835492,33,0.5
18,0.0,0.375,0.625,1759.159572662742,55.796428496102514,33,0.5
19,0.0,0.365,0.635,1751.9713480104217,56.766267005954504,33,0.5
20,0.0,0.335,0.665,1716.5433009022977,60.130228356421554,33,0.5
21,0.0,0.32,0.68,1712.1694978986552,60.465973192039044,33,0.5
22,0.0,0.29,0.71,1673.8571247679147,63.00109932092843,33,0.5
23,0.0,0.27,0.73,1659.3760717910643,63.834679404830204,33,0.5
24,0.0,0.25,0.75,1628.0237592116,65.47373939164724,33,0.5
25,0.0,0.24,0.76,1613.8188908955872,66.16513404137123,33,0.5
26,0.0,0.23,0.77,1606.6632821212604,66.50059207119675,33,0.5
27,0.0,0.23,0.77,1606.6632821212604,66.50059207119675,33,0.5
28,0.0,0.22,0.78,1583.1325955425473,67.55344514104118,33,0.5
29,0.0,0.2,0.8,1551.4062492681255,68.88372001431593,33,0.5
30,0.0,0.185,0.815,1526.9092658431596,69.85999983607076,33,0.5
31,0.0,0.175,0.825,1505.5559784657664,70.66642997141093,33,0.5
32,0.0,0.16,0.84,1486.5945216652447,71.36452109707963,33,0.5
33,0.0,0.15,0.85,1470.0252186969524,71.95323994709378,33,0.5
34,0.0,0.15,0.85,1470.0252186969524,71.95323994709378,33,0.5
35,0.0,0.14,0.86,1456.3308694550487,72.42635855680003,33,0.5
36,0.0,0.135,0.865,1452.9251919758224,72.54266151598492,33,0.5
37,0.0,0.13,0.87,1445.299883891989,72.80106441649582,33,0.5
38,0.0,0.12,0.88,1417.7518931274087,73.71689087324765,33,0.5
39,0.0,0.12,0.88,1417.7518931274087,73.71689087324765,33,0.5
40,0.0,0.115,0.885,1395.2674418317483,74.446687994646,33,0.5
41,0.0,0.115,0.885,1395.2674418317483,74.446687994646,33,0.5
42,0.0,0.1,0.9,1339.5215389208083,76.15610262690544,33,0.5
43,0.0,0.1,0.9,1339.5215389208083,76.15610262690544,33,0.5
44,0.0,0.09,0.91,1294.4700557317578,77.47119298512555,33,0.5
45,0.0,0.08,0.92,1271.9666966348263,78.10741873972242,33,0.5
46,0.0,0.08,0.92,1271.9666966348263,78.10741873972242,33,0.5
47,0.0,0.075,0.925,1262.279951534902,78.37631609934998,33,0.5
48,0.0,0.075,0.925,1262.279951534902,78.37631609934998,33,0.5
49,0.0,0.07,0.93,1256.5677406797668,78.53377512890405,33,0.5
50,0.0,0.065,0.935,1253.4525101990876,78.61913520466372,33,0.5
51,0.0,0.055,0.945,1228.3454361998215,79.3063374653853,33,0.5
52,0.0,0.055,0.945,1228.3454361998215,79.3063374653853,33,0.5
53,0.0,0.055,0.945,1228.3454361998215,79.3063374653853,33,0.5
54,0.0,0.05,0.95,1221.8908800853237,79.47888916899205,33,0.5
55,0.0,0.045,0.955,1220.0385651601714,79.52890956885037,33,0.5
56,0.0,0.035,0.965,1196.5627898379435,80.15212877257079,33,0.5
57,0.0,0.035,0.965,1196.5627898379435,80.15212877257079,33,0.5
58,0.0,0.035,0.965,1196.5627898379435,80.15212877257079,33,0.5
59,0.0,0.035,0.965,1196.5627898379435,80.15212877257079,33,0.5
60,0.0,0.035,0.965,1196.5627898379435,80.15212877257079,33,0.5
0,0.0,0.94,0.06,856.7695070119105,6.805555648608143,33,1.0
1,0.0,0.895,0.105,988.078204927485,13.109235569264651,33,1.0
2,0.0,0.845,0.155,1045.4583237757215,15.579813044875044,33,1.0
3,0.0,0.815,0.185,1107.838197673383,18.161297375748244,33,1.0
4,0.0,0.775,0.225,1184.7108368024647,21.2056727791187,33,1.0
5,0.0,0.735,0.265,1278.249792070061,24.732113781247115,33,1.0
6,0.0,0.69,0.31,1451.5655578675899,30.82112808058533,33,1.0
7,0.0,0.69,0.31,1451.5655578675899,30.82112808058533,33,1.0
8,0.0,0.69,0.31,1451.5655578675899,30.82112808058533,33,1.0
9,0.0,0.69,0.31,1451.5655578675899,30.82112808058533,33,1.0
10,0.0,0.69,0.31,1451.5655578675899,30.82112808058533,33,1.0
0,0.0,0.94,0.06,856.7695070119105,6.805555648608143,33,1.5
1,0.0,0.895,0.105,988.078204927485,13.109235569264651,33,1.5
2,0.0,0.845,0.155,1045.4583237757215,15.579813044875044,33,1.5
3,0.0,0.815,0.185,1107.838197673383,18.161297375748244,33,1.5
4,0.0,0.775,0.225,1184.7108368024647,21.2056727791187,33,1.5
5,0.0,0.735,0.265,1278.249792070061,24.732113781247115,33,1.5
6,0.0,0.69,0.31,1451.5655578675899,30.82112808058533,33,1.5
7,0.0,0.7,0.3,1422.3292221697313,29.829801072577276,33,1.5
8,0.0,0.715,0.285,1391.1280577119678,28.75887951098653,33,1.5
9,0.0,0.725,0.275,1379.9989691499532,28.373210044285223,33,1.5
10,0.0,0.695,0.305,1470.0763228305973,31.434556497428687,33,1.5
11,0.0,0.71,0.29,1403.3921882445443,29.17789276409892,33,1.5
12,0.0,0.715,0.285,1380.983334922341,28.40362902041933,33,1.5
13,0.0,0.67,0.33,1475.4426835259185,31.610529613262962,33,1.5
14,0.0,0.68,0.32,1444.1878621554984,30.56553043979352,33,1.5
15,0.0,0.695,0.305,1417.6266043286937,29.667233462460903,33,1.5
16,0.0,0.665,0.335,1474.9207016997252,31.594475943813798,33,1.5
17,0.0,0.69,0.31,1427.0630738523375,29.98605342591901,33,1.5
18,0.0,0.715,0.285,1338.6541153002504,26.912276239546447,33,1.5
19,0.0,0.69,0.31,1402.919651527438,29.160616331824023,33,1.5
20,0.0,0.695,0.305,1395.2821681010596,28.89790074109547,33,1.5
21,0.0,0.655,0.345,1468.166728402935,31.367870653402285,33,1.5
22,0.0,0.665,0.335,1455.3119464209833,30.93858967508807,33,1.5
23,0.0,0.685,0.315,1419.147372307294,29.71886147483255,33,1.5
24,0.0,0.705,0.295,1353.4648695030523,27.44496861653238,33,1.5
25,0.0,0.68,0.32,1395.432842853461,28.90876970050399,33,1.5
26,0.0,0.69,0.31,1382.6228326380299,28.465751078432298,33,1.5
27,0.0,0.665,0.335,1427.4450971757585,30.005396302524495,33,1.5
28,0.0,0.69,0.31,1357.517442666051,27.58848084586549,33,1.5
29,0.0,0.655,0.345,1460.5371662675977,31.1200064758008,33,1.5
30,0.0,0.665,0.335,1446.3402421382996,30.645928461056037,33,1.5
31,0.0,0.685,0.315,1406.1913621202007,29.283352908609295,33,1.5
32,0.0,0.695,0.305,1387.7037385002452,28.647312635143408,33,1.5
33,0.0,0.67,0.33,1435.6648855448516,30.291744396650728,33,1.5
34,0.0,0.69,0.31,1362.6889333877637,27.77884867664063,33,1.5
35,0.0,0.66,0.34,1431.371044595546,30.148193642028374,33,1.5
36,0.0,0.68,0.32,1385.2269540095642,28.56577308362406,33,1.5
37,0.0,0.695,0.305,1337.6589570980868,26.897411075950615,33,1.5
38,0.0,0.66,0.34,1441.178667325258,30.486732865811476,33,1.5
39,0.0,0.68,0.32,1409.9699869530566,29.42661895431304,33,1.5
40,0.0,0.695,0.305,1351.2100572134686,27.383766885931017,33,1.5
41,0.0,0.66,0.34,1461.3981939283115,31.161049654226815,33,1.5
42,0.0,0.67,0.33,1432.7103287883644,30.19889202514983,33,1.5
43,0.0,0.69,0.31,1405.1008286602666,29.25906144074981,33,1.5
44,0.0,0.705,0.295,1346.1858046838897,27.211703037923712,33,1.5
45,0.0,0.67,0.33,1431.1187058472349,30.15738529282255,33,1.5
46,0.0,0.685,0.315,1385.0417838032358,28.58279438621286,33,1.5
47,0.0,0.695,0.305,1363.663210824467,27.836953308493193,33,1.5
48,0.0,0.65,0.35,1447.3058084617203,30.706075228946453,33,1.5
49,0.0,0.66,0.34,1434.9371836520481,30.28846166854129,33,1.5
50,0.0,0.68,0.32,1370.752851821291,28.084550371150012,33,1.5
51,0.0,0.645,0.355,1439.2384443953547,30.432778109515652,33,1.5
52,0.0,0.665,0.335,1390.8877925071147,28.77986187257758,33,1.5
53,0.0,0.64,0.36,1448.7840439526526,30.756397413805725,33,1.5
54,0.0,0.65,0.35,1430.8728058661616,30.152278137174946,33,1.5
55,0.0,0.665,0.335,1406.518058254585,29.32137695927302,33,1.5
56,0.0,0.685,0.315,1346.5542477446902,27.227558112955236,33,1.5
57,0.0,0.65,0.35,1472.2196314482512,31.54697720176675,33,1.5
58,0.0,0.665,0.335,1450.3522804150628,30.814657282052202,33,1.5
59,0.0,0.685,0.315,1397.4348848603358,29.0120143503393,33,1.5
60,0.0,0.67,0.33,1470.548522802241,31.485131989315985,33,1.5
61,0.0,0.68,0.32,1453.2544535168763,30.906723917355013,33,1.5
62,0.0,0.695,0.305,1424.9319409995744,29.949436560160276,33,1.5
63,0.0,0.715,0.285,1383.4942562834597,28.52466040039444,33,1.5
64,0.0,0.72,0.28,1376.3373116626665,28.276656156678882,33,1.5
65,0.0,0.68,0.32,1460.1049261592339,31.134924128302835,33,1.5
66,0.0,0.695,0.305,1418.2587351348648,29.722430996954177,33,1.5
67,0.0,0.71,0.29,1380.7048914454774,28.429177455847487,33,1.5
68,0.0,0.675,0.325,1470.8513563871093,31.497935168651473,33,1.5
69,0.0,0.7,0.3,1441.251048728051,30.507492323778227,33,1.5
70,0.0,0.71,0.29,1430.6836517488548,30.14933956625802,33,1.5
71,0.0,0.725,0.275,1374.387816440948,28.216764956669955,33,1.5
72,0.0,0.705,0.295,1388.1084995943959,28.693410236443825,33,1.5
73,0.0,0.675,0.325,1466.9021992443659,31.360864734699998,33,1.5
74,0.0,0.7,0.3,1375.1202887598995,28.227434215753604,33,1.5
75,0.0,0.665,0.335,1454.2354744004306,30.931024687315883,33,1.5
76,0.0,0.68,0.32,1418.5183278208815,29.72026221896533,33,1.5
77,0.0,0.7,0.3,1347.954549103055,27.27087961021688,33,1.5
78,0.0,0.67,0.33,1425.7936332092613,29.97145496924349,33,1.5
79,0.0,0.685,0.315,1398.4266328105807,29.034516916766684,33,1.5
80,0.0,0.66,0.34,1441.6389478531637,30.509652741377582,33,1.5
81,0.0,0.64,0.36,1475.7153856865903,31.648687960449838,33,1.5
82,0.0,0.655,0.345,1453.2845514266348,30.902982252017207,33,1.5
83,0.0,0.66,0.34,1424.948404691027,29.949032836243767,33,1.5
84,0.0,0.68,0.32,1375.3511526202287,28.241030300575684,33,1.5
85,0.0,0.64,0.36,1450.2021869329058,30.80241474732908,33,1.5
86,0.0,0.65,0.35,1438.2541528572172,30.40073279061882,33,1.5
87,0.0,0.67,0.33,1402.1260028460515,29.168636852368643,33,1.5
88,0.0,0.69,0.31,1356.1090715619434,27.56594113759081,33,1.5
89,0.0,0.69,0.31,1356.1090715619434,27.56594113759081,33,1.5
90,0.0,0.66,0.34,1413.378323844733,29.550705088945506,33,1.5
91,0.0,0.67,0.33,1404.7046798960741,29.252305412075692,33,1.5
92,0.0,0.645,0.355,1445.4648848475665,30.64066209434791,33,1.5
93,0.0,0.665,0.335,1418.6085498167804,29.729665671847783,33,1.5
94,0.0,0.635,0.365,1462.3708065959145,31.20866516389257,33,1.5
95,0.0,0.655,0.345,1441.9818645862983,30.52229087085882,33,1.5
96,0.0,0.675,0.325,1376.4262818144337,28.26910843135441,33,1.5
97,0.0,0.69,0.31,1325.840452808375,26.481311404905547,33,1.5
98,0.0,0.665,0.335,1390.9885018708126,28.774927739425188,33,1.5
99,0.0,0.63,0.37,1472.015095497611,31.517196850948903,33,1.5
100,0.0,0.645,0.355,1458.7529786609066,31.074923590230334,33,1.5
0,0.0,0.94,0.06,856.7695070119105,6.805555648608143,33,2.0
1,0.0,0.895,0.105,988.078204927485,13.109235569264651,33,2.0
2,0.0,0.845,0.155,1045.4583237757215,15.579813044875044,33,2.0
3,0.0,0.815,0.185,1107.838197673383,18.161297375748244,33,2.0
4,0.0,0.775,0.225,1184.7108368024647,21.2056727791187,33,2.0
5,0.0,0.735,0.265,1278.249792070061,24.732113781247115,33,2.0
6,0.0,0.69,0.31,1451.5655578675899,30.82112808058533,33,2.0
7,0.0,0.7,0.3,1422.3292221697313,29.829801072577276,33,2.0
8,0.0,0.715,0.285,1391.1280577119678,28.75887951098653,33,2.0
9,0.0,0.725,0.275,1379.9989691499532,28.373210044285223,33,2.0
10,0.0,0.695,0.305,1470.0763228305973,31.434556497428687,33,2.0
11,0.0,0.71,0.29,1403.3921882445443,29.17789276409892,33,2.0
12,0.0,0.715,0.285,1380.983334922341,28.40362902041933,33,2.0
13,0.0,0.67,0.33,1475.4426835259185,31.610529613262962,33,2.0
14,0.0,0.68,0.32,1444.1878621554984,30.56553043979352,33,2.0
15,0.0,0.695,0.305,1417.6266043286937,29.667233462460903,33,2.0
16,0.0,0.665,0.335,1474.9207016997252,31.594475943813798,33,2.0
17,0.0,0.69,0.31,1427.0630738523375,29.98605342591901,33,2.0
18,0.0,0.715,0.285,1338.6541153002504,26.912276239546447,33,2.0
19,0.0,0.69,0.31,1402.919651527438,29.160616331824023,33,2.0
20,0.0,0.695,0.305,1395.2821681010596,28.89790074109547,33,2.0
21,0.0,0.655,0.345,1468.166728402935,31.367870653402285,33,2.0
22,0.0,0.665,0.335,1455.3119464209833,30.93858967508807,33,2.0
23,0.0,0.685,0.315,1419.147372307294,29.71886147483255,33,2.0
24,0.0,0.705,0.295,1353.4648695030523,27.44496861653238,33,2.0
25,0.0,0.68,0.32,1395.432842853461,28.90876970050399,33,2.0
26,0.0,0.69,0.31,1382.6228326380299,28.465751078432298,33,2.0
27,0.0,0.665,0.335,1427.4450971757585,30.005396302524495,33,2.0
28,0.0,0.69,0.31,1357.517442666051,27.58848084586549,33,2.0
29,0.0,0.655,0.345,1460.5371662675977,31.1200064758008,33,2.0
30,0.0,0.665,0.335,1446.3402421382996,30.645928461056037,33,2.0
31,0.0,0.685,0.315,1406.1913621202007,29.283352908609295,33,2.0
32,0.0,0.695,0.305,1387.7037385002452,28.647312635143408,33,2.0
33,0.0,0.67,0.33,1435.6648855448516,30.291744396650728,33,2.0
34,0.0,0.69,0.31,1362.6889333877637,27.77884867664063,33,2.0
35,0.0,0.66,0.34,1431.371044595546,30.148193642028374,33,2.0
36,0.0,0.68,0.32,1385.2269540095642,28.56577308362406,33,2.0
37,0.0,0.695,0.305,1337.6589570980868,26.897411075950615,33,2.0
38,0.0,0.66,0.34,1441.178667325258,30.486732865811476,33,2.0
39,0.0,0.68,0.32,1409.9699869530566,29.42661895431304,33,2.0
40,0.0,0.695,0.305,1351.2100572134686,27.383766885931017,33,2.0
41,0.0,0.66,0.34,1461.3981939283115,31.161049654226815,33,2.0
42,0.0,0.67,0.33,1432.7103287883644,30.19889202514983,33,2.0
43,0.0,0.69,0.31,1405.1008286602666,29.25906144074981,33,2.0
44,0.0,0.705,0.295,1346.1858046838897,27.211703037923712,33,2.0
45,0.0,0.67,0.33,1431.1187058472349,30.15738529282255,33,2.0
46,0.0,0.685,0.315,1385.0417838032358,28.58279438621286,33,2.0
47,0.0,0.695,0.305,1363.663210824467,27.836953308493193,33,2.0
48,0.0,0.65,0.35,1447.3058084617203,30.706075228946453,33,2.0
49,0.0,0.66,0.34,1434.9371836520481,30.28846166854129,33,2.0
50,0.0,0.68,0.32,1370.752851821291,28.084550371150012,33,2.0
51,0.0,0.645,0.355,1439.2384443953547,30.432778109515652,33,2.0
52,0.0,0.665,0.335,1390.8877925071147,28.77986187257758,33,2.0
53,0.0,0.64,0.36,1448.7840439526526,30.756397413805725,33,2.0
54,0.0,0.65,0.35,1430.8728058661616,30.152278137174946,33,2.0
55,0.0,0.665,0.335,1406.518058254585,29.32137695927302,33,2.0
56,0.0,0.685,0.315,1346.5542477446902,27.227558112955236,33,2.0
57,0.0,0.65,0.35,1472.2196314482512,31.54697720176675,33,2.0
58,0.0,0.665,0.335,1450.3522804150628,30.814657282052202,33,2.0
59,0.0,0.685,0.315,1397.4348848603358,29.0120143503393,33,2.0
60,0.0,0.67,0.33,1470.548522802241,31.485131989315985,33,2.0
61,0.0,0.68,0.32,1453.2544535168763,30.906723917355013,33,2.0
62,0.0,0.695,0.305,1424.9319409995744,29.949436560160276,33,2.0
63,0.0,0.715,0.285,1383.4942562834597,28.52466040039444,33,2.0
64,0.0,0.72,0.28,1376.3373116626665,28.276656156678882,33,2.0
65,0.0,0.68,0.32,1460.1049261592339,31.134924128302835,33,2.0
66,0.0,0.695,0.305,1418.2587351348648,29.722430996954177,33,2.0
67,0.0,0.71,0.29,1380.7048914454774,28.429177455847487,33,2.0
68,0.0,0.675,0.325,1470.8513563871093,31.497935168651473,33,2.0
69,0.0,0.7,0.3,1441.251048728051,30.507492323778227,33,2.0
70,0.0,0.71,0.29,1430.6836517488548,30.14933956625802,33,2.0
71,0.0,0.725,0.275,1374.387816440948,28.216764956669955,33,2.0
72,0.0,0.705,0.295,1388.1084995943959,28.693410236443825,33,2.0
73,0.0,0.675,0.325,1466.9021992443659,31.360864734699998,33,2.0
74,0.0,0.7,0.3,1375.1202887598995,28.227434215753604,33,2.0
75,0.0,0.665,0.335,1454.2354744004306,30.931024687315883,33,2.0
76,0.0,0.68,0.32,1418.5183278208815,29.72026221896533,33,2.0
77,0.0,0.7,0.3,1347.954549103055,27.27087961021688,33,2.0
78,0.0,0.67,0.33,1425.7936332092613,29.97145496924349,33,2.0
79,0.0,0.685,0.315,1398.4266328105807,29.034516916766684,33,2.0
80,0.0,0.66,0.34,1441.6389478531637,30.509652741377582,33,2.0
81,0.0,0.64,0.36,1475.7153856865903,31.648687960449838,33,2.0
82,0.0,0.655,0.345,1453.2845514266348,30.902982252017207,33,2.0
83,0.0,0.66,0.34,1424.948404691027,29.949032836243767,33,2.0
84,0.0,0.68,0.32,1375.3511526202287,28.241030300575684,33,2.0
85,0.0,0.64,0.36,1450.2021869329058,30.80241474732908,33,2.0
86,0.0,0.65,0.35,1438.2541528572172,30.40073279061882,33,2.0
87,0.0,0.67,0.33,1402.1260028460515,29.168636852368643,33,2.0
88,0.0,0.69,0.31,1356.1090715619434,27.56594113759081,33,2.0
89,0.0,0.69,0.31,1356.1090715619434,27.56594113759081,33,2.0
90,0.0,0.66,0.34,1413.378323844733,29.550705088945506,33,2.0
91,0.0,0.67,0.33,1404.7046798960741,29.252305412075692,33,2.0
92,0.0,0.645,0.355,1445.4648848475665,30.64066209434791,33,2.0
93,0.0,0.665,0.335,1418.6085498167804,29.729665671847783,33,2.0
94,0.0,0.635,0.365,1462.3708065959145,31.20866516389257,33,2.0
95,0.0,0.655,0.345,1441.9818645862983,30.52229087085882,33,2.0
96,0.0,0.675,0.325,1376.4262818144337,28.26910843135441,33,2.0
97,0.0,0.69,0.31,1325.840452808375,26.481311404905547,33,2.0
98,0.0,0.665,0.335,1390.9885018708126,28.774927739425188,33,2.0
99,0.0,0.63,0.37,1472.015095497611,31.517196850948903,33,2.0
100,0.0,0.645,0.355,1458.7529786609066,31.074923590230334,33,2.0
0,0.0,0.94,0.06,917.2303538827183,5.6384082439041014,34,0.0
1,0.0,0.89,0.11,1001.8238750787522,10.212192315466977,34,0.0
2,0.0,0.845,0.155,1069.2350885272788,13.279540211692023,34,0.0
3,0.0,0.81,0.19,1128.4867869528784,15.837127924531675,34,0.0
4,0.0,0.765,0.235,1249.6292392200935,20.761973430020614,34,0.0
5,0.0,0.73,0.27,1339.6261134112415,24.20610672463193,34,0.0
6,0.0,0.695,0.305,1468.201629667194,28.85673468472704,34,0.0
7,0.0,0.67,0.33,1526.3336829697341,30.859442074507562,34,0.0
8,0.0,0.63,0.37,1648.6414961312694,35.01889985135503,34,0.0
9,0.0,0.615,0.385,1677.5100082811837,36.11694516801589,34,0.0
10,0.0,0.585,0.415,1745.4792354808003,39.06510044742851,34,0.0
11,0.0,0.56,0.44,1796.542394212313,41.84842340264147,34,0.0
12,0.0,0.53,0.47,1830.2370315504438,44.19577068911663,34,0.0
13,0.0,0.51,0.49,1842.7231932654508,45.27524809499303,34,0.0
14,0.0,0.49,0.51,1851.2369880509623,46.119088530203214,34,0.0
15,0.0,0.455,0.545,1872.5941187674152,49.1152073862162,34,0.0
16,0.0,0.44,0.56,1876.5274845855793,50.086208771226346,34,0.0
17,0.0,0.42,0.58,1880.1192207344295,51.92627159959838,34,0.0
18,0.0,0.395,0.605,1877.8154568435696,54.10312501263965,34,0.0
19,0.0,0.385,0.615,1872.8201583198188,55.455643590133036,34,0.0
20,0.0,0.37,0.63,1868.1563159776717,56.31659121598091,34,0.0
21,0.0,0.35,0.65,1862.3170992184023,57.18627450059901,34,0.0
22,0.0,0.335,0.665,1855.6269607412464,58.02196465842661,34,0.0
23,0.0,0.32,0.68,1845.093538598787,59.154320213082464,34,0.0
24,0.0,0.31,0.69,1842.911485099573,59.366151597149376,34,0.0
25,0.0,0.3,0.7,1834.0688701393005,60.177977475323615,34,0.0
26,0.0,0.29,0.71,1827.7161882617993,60.70752322060905,34,0.0
27,0.0,0.275,0.725,1813.3511931171872,61.7949821643307,34,0.0
28,0.0,0.26,0.74,1802.066721641353,62.572775332150385,34,0.0
29,0.0,0.255,0.745,1796.5292359325188,62.939582551376354,34,0.0
30,0.0,0.25,0.75,1793.488381009236,63.134327725359256,34,0.0
31,0.0,0.235,0.765,1785.9924673449648,63.597877561401006,34,0.0
32,0.0,0.22,0.78,1771.713645064961,64.43648043251139,34,0.0
33,0.0,0.2,0.8,1748.361836405733,65.70317330194075,34,0.0
34,0.0,0.185,0.815,1718.485585359031,67.17313769115911,34,0.0
35,0.0,0.17,0.83,1699.491692784754,68.03465431886235,34,0.0
36,0.0,0.165,0.835,1696.902161149795,68.15027170024445,34,0.0
37,0.0,0.16,0.84,1694.27326346392,68.2653094020359,34,0.0
38,0.0,0.16,0.84,1694.27326346392,68.2653094020359,34,0.0
39,0.0,0.145,0.855,1676.7956153124574,69.0132141365209,34,0.0
40,0.0,0.14,0.86,1667.9973559176062,69.37768795979187,34,0.0
41,0.0,0.13,0.87,1651.442556937504,70.05231744919726,34,0.0
42,0.0,0.115,0.885,1620.3079854046412,71.26169963027976,34,0.0
43,0.0,0.11,0.89,1615.1924852249144,71.45336096294645,34,0.0
44,0.0,0.11,0.89,1615.1924852249144,71.45336096294645,34,0.0
45,0.0,0.095,0.905,1580.6181818387636,72.69399531338206,34,0.0
46,0.0,0.095,0.905,1580.6181818387636,72.69399531338206,34,0.0
47,0.0,0.085,0.915,1557.5987308736585,73.4893855779838,34,0.0
48,0.0,0.085,0.915,1557.5987308736585,73.4893855779838,34,0.0
49,0.0,0.075,0.925,1527.3717129065058,74.4927682871359,34,0.0
50,0.0,0.06,0.94,1516.4875133807143,74.84462442299619,34,0.0
51,0.0,0.055,0.945,1507.126856448151,75.14536139666528,34,0.0
52,0.0,0.05,0.95,1500.299369071621,75.35992763502118,34,0.0
53,0.0,0.05,0.95,1500.299369071621,75.35992763502118,34,0.0
54,0.0,0.05,0.95,1500.299369071621,75.35992763502118,34,0.0
55,0.0,0.045,0.955,1463.1959956987434,76.49793483094025,34,0.0
56,0.0,0.04,0.96,1424.2239564242582,77.656864124711,34,0.0
57,0.0,0.04,0.96,1424.2239564242582,77.656864124711,34,0.0
58,0.0,0.04,0.96,1424.2239564242582,77.656864124711,34,0.0
59,0.0,0.035,0.965,1412.4514519903992,77.99715480532703,34,0.0
60,0.0,0.035,0.965,1412.4514519903992,77.99715480532703,34,0.0
61,0.0,0.035,0.965,1412.4514519903992,77.99715480532703,34,0.0
62,0.0,0.035,0.965,1412.4514519903992,77.99715480532703,34,0.0
63,0.0,0.03,0.97,1399.4298247290417,78.36554651232609,34,0.0
64,0.0,0.03,0.97,1399.4298247290417,78.36554651232609,34,0.0
65,0.0,0.03,0.97,1399.4298247290417,78.36554651232609,34,0.0
66,0.0,0.02,0.98,1370.3215150835022,79.17886096236535,34,0.0
67,0.0,0.015,0.985,1322.0523352166738,80.49042154627902,34,0.0
68,0.0,0.01,0.99,1315.5154181780522,80.66346195571992,34,0.0
69,0.0,0.01,0.99,1315.5154181780522,80.66346195571992,34,0.0
70,0.0,0.01,0.99,1315.5154181780522,80.66346195571992,34,0.0
71,0.0,0.01,0.99,1315.5154181780522,80.66346195571992,34,0.0
72,0.0,0.01,0.99,1315.5154181780522,80.66346195571992,34,0.0
0,0.0,0.94,0.06,917.2303538827183,5.6384082439041014,34,0.5
1,0.0,0.89,0.11,1001.8238750787522,10.212192315466977,34,0.5
2,0.0,0.845,0.155,1069.2350885272788,13.279540211692023,34,0.5
3,0.0,0.81,0.19,1128.4867869528784,15.837127924531675,34,0.5
4,0.0,0.765,0.235,1249.6292392200935,20.761973430020614,34,0.5
5,0.0,0.73,0.27,1339.6261134112415,24.20610672463193,34,0.5
6,0.0,0.695,0.305,1468.201629667194,28.85673468472704,34,0.5
7,0.0,0.67,0.33,1526.3336829697341,30.859442074507562,34,0.5
8,0.0,0.63,0.37,1648.6414961312694,35.01889985135503,34,0.5
9,0.0,0.615,0.385,1677.5100082811837,36.11694516801589,34,0.5
10,0.0,0.585,0.415,1745.4792354808003,39.06510044742851,34,0.5
11,0.0,0.56,0.44,1796.542394212313,41.84842340264147,34,0.5
12,0.0,0.53,0.47,1830.2370315504438,44.19577068911663,34,0.5
13,0.0,0.51,0.49,1842.7231932654508,45.27524809499303,34,0.5
14,0.0,0.49,0.51,1851.2369880509623,46.119088530203214,34,0.5
15,0.0,0.455,0.545,1872.5941187674152,49.1152073862162,34,0.5
16,0.0,0.44,0.56,1876.5274845855793,50.086208771226346,34,0.5
17,0.0,0.42,0.58,1880.1192207344295,51.92627159959838,34,0.5
18,0.0,0.395,0.605,1877.8154568435696,54.10312501263965,34,0.5
19,0.0,0.385,0.615,1872.8201583198188,55.455643590133036,34,0.5
20,0.0,0.37,0.63,1868.1563159776717,56.31659121598091,34,0.5
21,0.0,0.35,0.65,1862.3170992184023,57.18627450059901,34,0.5
22,0.0,0.335,0.665,1855.6269607412464,58.02196465842661,34,0.5
23,0.0,0.32,0.68,1845.093538598787,59.154320213082464,34,0.5
24,0.0,0.31,0.69,1842.911485099573,59.366151597149376,34,0.5
25,0.0,0.3,0.7,1834.0688701393005,60.177977475323615,34,0.5
26,0.0,0.29,0.71,1827.7161882617993,60.70752322060905,34,0.5
27,0.0,0.275,0.725,1813.3511931171872,61.7949821643307,34,0.5
28,0.0,0.26,0.74,1802.066721641353,62.572775332150385,34,0.5
29,0.0,0.255,0.745,1796.5292359325188,62.939582551376354,34,0.5
30,0.0,0.25,0.75,1793.488381009236,63.134327725359256,34,0.5
31,0.0,0.235,0.765,1785.9924673449648,63.597877561401006,34,0.5
32,0.0,0.22,0.78,1771.713645064961,64.43648043251139,34,0.5
33,0.0,0.2,0.8,1748.361836405733,65.70317330194075,34,0.5
34,0.0,0.185,0.815,1718.485585359031,67.17313769115911,34,0.5
35,0.0,0.17,0.83,1699.491692784754,68.03465431886235,34,0.5
36,0.0,0.165,0.835,1696.902161149795,68.15027170024445,34,0.5
37,0.0,0.16,0.84,1694.27326346392,68.2653094020359,34,0.5
38,0.0,0.16,0.84,1694.27326346392,68.2653094020359,34,0.5
39,0.0,0.145,0.855,1676.7956153124574,69.0132141365209,34,0.5
40,0.0,0.14,0.86,1667.9973559176062,69.37768795979187,34,0.5
41,0.0,0.13,0.87,1651.442556937504,70.05231744919726,34,0.5
42,0.0,0.115,0.885,1620.3079854046412,71.26169963027976,34,0.5
43,0.0,0.11,0.89,1615.1924852249144,71.45336096294645,34,0.5
44,0.0,0.11,0.89,1615.1924852249144,71.45336096294645,34,0.5
45,0.0,0.095,0.905,1580.6181818387636,72.69399531338206,34,0.5
46,0.0,0.095,0.905,1580.6181818387636,72.69399531338206,34,0.5
47,0.0,0.085,0.915,1557.5987308736585,73.4893855779838,34,0.5
48,0.0,0.085,0.915,1557.5987308736585,73.4893855779838,34,0.5
49,0.0,0.075,0.925,1527.3717129065058,74.4927682871359,34,0.5
50,0.0,0.06,0.94,1516.4875133807143,74.84462442299619,34,0.5
51,0.0,0.055,0.945,1507.126856448151,75.14536139666528,34,0.5
52,0.0,0.05,0.95,1500.299369071621,75.35992763502118,34,0.5
53,0.0,0.05,0.95,1500.299369071621,75.35992763502118,34,0.5
54,0.0,0.05,0.95,1500.299369071621,75.35992763502118,34,0.5
55,0.0,0.045,0.955,1463.1959956987434,76.49793483094025,34,0.5
56,0.0,0.04,0.96,1424.2239564242582,77.656864124711,34,0.5
57,0.0,0.04,0.96,1424.2239564242582,77.656864124711,34,0.5
58,0.0,0.04,0.96,1424.2239564242582,77.656864124711,34,0.5
59,0.0,0.035,0.965,1412.4514519903992,77.99715480532703,34,0.5
60,0.0,0.035,0.965,1412.4514519903992,77.99715480532703,34,0.5
61,0.0,0.035,0.965,1412.4514519903992,77.99715480532703,34,0.5
62,0.0,0.035,0.965,1412.4514519903992,77.99715480532703,34,0.5
63,0.0,0.03,0.97,1399.4298247290417,78.36554651232609,34,0.5
64,0.0,0.03,0.97,1399.4298247290417,78.36554651232609,34,0.5
65,0.0,0.03,0.97,1399.4298247290417,78.36554651232609,34,0.5
66,0.0,0.02,0.98,1370.3215150835022,79.17886096236535,34,0.5
67,0.0,0.015,0.985,1322.0523352166738,80.49042154627902,34,0.5
68,0.0,0.01,0.99,1315.5154181780522,80.66346195571992,34,0.5
69,0.0,0.01,0.99,1315.5154181780522,80.66346195571992,34,0.5
70,0.0,0.01,0.99,1315.5154181780522,80.66346195571992,34,0.5
71,0.0,0.01,0.99,1315.5154181780522,80.66346195571992,34,0.5
72,0.0,0.01,0.99,1315.5154181780522,80.66346195571992,34,0.5
0,0.0,0.94,0.06,917.2303538827183,5.6384082439041014,34,1.0
1,0.0,0.89,0.11,1001.8238750787522,10.212192315466977,34,1.0
2,0.0,0.845,0.155,1069.2350885272788,13.279540211692023,34,1.0
3,0.0,0.81,0.19,1128.4867869528784,15.837127924531675,34,1.0
4,0.0,0.765,0.235,1249.6292392200935,20.761973430020614,34,1.0
5,0.0,0.73,0.27,1339.6261134112415,24.20610672463193,34,1.0
6,0.0,0.695,0.305,1468.201629667194,28.85673468472704,34,1.0
7,0.0,0.67,0.33,1526.3336829697341,30.859442074507562,34,1.0
8,0.0,0.67,0.33,1526.3336829697341,30.859442074507562,34,1.0
9,0.0,0.655,0.345,1559.6748015715707,31.983934351040514,34,1.0
10,0.0,0.655,0.345,1559.6748015715707,31.983934351040514,34,1.0
11,0.0,0.655,0.345,1559.6748015715707,31.983934351040514,34,1.0
12,0.0,0.655,0.345,1559.6748015715707,31.983934351040514,34,1.0
13,0.0,0.655,0.345,1559.6748015715707,31.983934351040514,34,1.0
0,0.0,0.94,0.06,917.2303538827183,5.6384082439041014,34,1.5
1,0.0,0.89,0.11,1001.8238750787522,10.212192315466977,34,1.5
2,0.0,0.845,0.155,1069.2350885272788,13.279540211692023,34,1.5
3,0.0,0.81,0.19,1128.4867869528784,15.837127924531675,34,1.5
4,0.0,0.765,0.235,1249.6292392200935,20.761973430020614,34,1.5
5,0.0,0.73,0.27,1339.6261134112415,24.20610672463193,34,1.5
6,0.0,0.695,0.305,1468.201629667194,28.85673468472704,34,1.5
7,0.0,0.67,0.33,1526.3336829697341,30.859442074507562,34,1.5
8,0.0,0.68,0.32,1470.3806498790557,28.92836162696336,34,1.5
9,0.0,0.665,0.335,1503.1652337309977,30.065132308708336,34,1.5
10,0.0,0.68,0.32,1449.3155308570333,28.18889816762698,34,1.5
11,0.0,0.65,0.35,1558.605570840507,31.947149616057544,34,1.5
12,0.0,0.665,0.335,1509.5016903207882,30.28733683774039,34,1.5
13,0.0,0.63,0.37,1580.6111191739667,32.67651683546298,34,1.5
14,0.0,0.655,0.345,1534.7618794650352,31.141498431112296,34,1.5
15,0.0,0.66,0.34,1521.6362972063328,30.69457952529885,34,1.5
16,0.0,0.665,0.335,1505.362024853071,30.13696564355334,34,1.5
17,0.0,0.635,0.365,1590.008820715742,32.97625283005145,34,1.5
18,0.0,0.655,0.345,1548.3906921340588,31.59105494282322,34,1.5
19,0.0,0.665,0.335,1537.1730178569885,31.212673101740748,34,1.5
20,0.0,0.68,0.32,1470.8085522209071,28.932751689524537,34,1.5
21,0.0,0.645,0.355,1527.3186213048034,30.87998364069155,34,1.5
22,0.0,0.61,0.39,1589.9550407971255,32.97547508997354,34,1.5
23,0.0,0.63,0.37,1551.832589466257,31.70585665515906,34,1.5
24,0.0,0.61,0.39,1573.0775917094654,32.41513038508093,34,1.5
25,0.0,0.63,0.37,1531.431651653187,31.020748777438904,34,1.5
26,0.0,0.65,0.35,1473.244283146035,29.017418657214726,34,1.5
27,0.0,0.615,0.385,1579.9800482919177,32.6391410546794,34,1.5
28,0.0,0.63,0.37,1552.6762166118506,31.7322797793338,34,1.5
29,0.0,0.665,0.335,1450.2926040791483,28.210975032024365,34,1.5
30,0.0,0.64,0.36,1501.827822549596,30.00144146017376,34,1.5
31,0.0,0.65,0.35,1489.1383771191174,29.563196105696733,34,1.5
32,0.0,0.66,0.34,1465.0721151992843,28.726718844235727,34,1.5
33,0.0,0.63,0.37,1551.5269753591385,31.681578887656052,34,1.5
34,0.0,0.645,0.355,1533.4505091215062,31.074086200155882,34,1.5
35,0.0,0.655,0.345,1507.7953918962928,30.20382766245281,34,1.5
36,0.0,0.615,0.385,1593.700347657385,33.08309699230865,34,1.5
37,0.0,0.635,0.365,1562.8037202924609,32.05894905581944,34,1.5
38,0.0,0.66,0.34,1506.0332992895599,30.14243670289695,34,1.5
39,0.0,0.635,0.365,1551.057265596488,31.671792383772804,34,1.5
40,0.0,0.655,0.345,1509.973230547623,30.281680365874664,34,1.5
41,0.0,0.63,0.37,1577.4915505695374,32.555838946985205,34,1.5
42,0.0,0.645,0.355,1536.6887801247335,31.19084010936412,34,1.5
43,0.0,0.65,0.35,1532.9285899953945,31.063229748806627,34,1.5
44,0.0,0.665,0.335,1499.1191109363726,29.90676807276553,34,1.5
45,0.0,0.67,0.33,1489.4459868373879,29.572462116116856,34,1.5
46,0.0,0.64,0.36,1524.1189944959542,30.76110681252149,34,1.5
47,0.0,0.65,0.35,1509.1984236288642,30.251242945120204,34,1.5
48,0.0,0.625,0.375,1561.2410703544845,32.01318931900883,34,1.5
49,0.0,0.64,0.36,1545.5437506348078,31.48851542877218,34,1.5
50,0.0,0.64,0.36,1545.5437506348078,31.48851542877218,34,1.5
51,0.0,0.65,0.35,1492.3199764471997,29.676380989491207,34,1.5
52,0.0,0.63,0.37,1524.9637539578155,30.795130961047683,34,1.5
53,0.0,0.605,0.395,1575.3871045608955,32.48497885111851,34,1.5
54,0.0,0.64,0.36,1497.2691033344072,29.849855092858874,34,1.5
55,0.0,0.61,0.39,1593.1575652133747,33.08065821661167,34,1.5
56,0.0,0.63,0.37,1547.42488973956,31.56037549090246,34,1.5
57,0.0,0.65,0.35,1491.6950639271524,29.661722932960362,34,1.5
58,0.0,0.66,0.34,1460.959849069962,28.59592690374049,34,1.5
59,0.0,0.615,0.385,1581.9468729286245,32.71109473681308,34,1.5
60,0.0,0.63,0.37,1540.9062687384037,31.344124412003524,34,1.5
61,0.0,0.65,0.35,1504.1433274578642,30.092560737807524,34,1.5
62,0.0,0.61,0.39,1580.9935470621422,32.67932632875686,34,1.5
63,0.0,0.635,0.365,1530.7582435271595,31.001828534105904,34,1.5
64,0.0,0.655,0.345,1466.021570942537,28.769448389272444,34,1.5
65,0.0,0.625,0.375,1531.1141119759307,31.007893379238702,34,1.5
66,0.0,0.63,0.37,1525.8085104059496,30.82856145776475,34,1.5
67,0.0,0.64,0.36,1509.7337526455678,30.27895420148248,34,1.5
68,0.0,0.66,0.34,1474.9124412055517,29.074649271128678,34,1.5
69,0.0,0.625,0.375,1520.6034493741965,30.648339035212167,34,1.5
70,0.0,0.64,0.36,1477.9424776993849,29.180086581582945,34,1.5
71,0.0,0.605,0.395,1567.1033504345812,32.20588753353363,34,1.5
72,0.0,0.63,0.37,1523.2449438657186,30.73333660987972,34,1.5
73,0.0,0.635,0.365,1517.951756323776,30.5537259995845,34,1.5
74,0.0,0.64,0.36,1510.3242880442897,30.292805636021374,34,1.5
75,0.0,0.655,0.345,1468.1887857117163,28.838007370846718,34,1.5
76,0.0,0.66,0.34,1454.715834247892,28.364055975576363,34,1.5
77,0.0,0.635,0.365,1503.1232665866737,30.04815603359919,34,1.5
78,0.0,0.62,0.38,1554.010489714441,31.77565291522501,34,1.5
79,0.0,0.64,0.36,1515.3819531656927,30.467180358840423,34,1.5
80,0.0,0.61,0.39,1587.2124799161622,32.87621747010479,34,1.5
81,0.0,0.625,0.375,1547.1905943556853,31.54828434203464,34,1.5
82,0.0,0.63,0.37,1517.5107747530687,30.541038553949058,34,1.5
83,0.0,0.66,0.34,1434.4568891626427,27.653073706817313,34,1.5
84,0.0,0.635,0.365,1481.2464128121567,29.296973054561544,34,1.5
85,0.0,0.615,0.385,1527.7599866258295,30.895689191407484,34,1.5
86,0.0,0.635,0.365,1451.0752921770577,28.251217761313878,34,1.5
87,0.0,0.6,0.4,1499.2552996048423,29.92866790055605,34,1.5
88,0.0,0.61,0.39,1490.5490547037023,29.628051035009193,34,1.5
89,0.0,0.57,0.43,1581.693178934561,32.70240287963696,34,1.5
90,0.0,0.585,0.415,1552.6451444966874,31.73459509629943,34,1.5
91,0.0,0.605,0.395,1521.0264816265208,30.66627189136274,34,1.5
92,0.0,0.625,0.375,1494.9367475412794,29.774455881451107,34,1.5
93,0.0,0.595,0.405,1569.584506707915,32.297709220090866,34,1.5
94,0.0,0.61,0.39,1528.3622425179778,30.91358320173324,34,1.5
95,0.0,0.63,0.37,1488.3280858519486,29.541555954500534,34,1.5
96,0.0,0.6,0.4,1542.7294243503843,31.395127656424187,34,1.5
97,0.0,0.615,0.385,1512.1493505410183,30.3578183077296,34,1.5
98,0.0,0.625,0.375,1492.8988449262542,29.69822167147555,34,1.5
99,0.0,0.59,0.41,1558.2739493798656,31.91435488599759,34,1.5
100,0.0,0.615,0.385,1504.4980679283326,30.09414808012164,34,1.5
0,0.0,0.94,0.06,917.2303538827183,5.6384082439041014,34,2.0
1,0.0,0.89,0.11,1001.8238750787522,10.212192315466977,34,2.0
2,0.0,0.845,0.155,1069.2350885272788,13.279540211692023,34,2.0
3,0.0,0.81,0.19,1128.4867869528784,15.837127924531675,34,2.0
4,0.0,0.765,0.235,1249.6292392200935,20.761973430020614,34,2.0
5,0.0,0.73,0.27,1339.6261134112415,24.20610672463193,34,2.0
6,0.0,0.695,0.305,1468.201629667194,28.85673468472704,34,2.0
7,0.0,0.67,0.33,1526.3336829697341,30.859442074507562,34,2.0
8,0.0,0.68,0.32,1470.3806498790557,28.92836162696336,34,2.0
9,0.0,0.665,0.335,1503.1652337309977,30.065132308708336,34,2.0
10,0.0,0.68,0.32,1449.3155308570333,28.18889816762698,34,2.0
11,0.0,0.65,0.35,1558.605570840507,31.947149616057544,34,2.0
12,0.0,0.665,0.335,1509.5016903207882,30.28733683774039,34,2.0
13,0.0,0.63,0.37,1580.6111191739667,32.67651683546298,34,2.0
14,0.0,0.655,0.345,1534.7618794650352,31.141498431112296,34,2.0
15,0.0,0.66,0.34,1521.6362972063328,30.69457952529885,34,2.0
16,0.0,0.665,0.335,1505.362024853071,30.13696564355334,34,2.0
17,0.0,0.635,0.365,1590.008820715742,32.97625283005145,34,2.0
18,0.0,0.655,0.345,1548.3906921340588,31.59105494282322,34,2.0
19,0.0,0.665,0.335,1537.1730178569885,31.212673101740748,34,2.0
20,0.0,0.68,0.32,1470.8085522209071,28.932751689524537,34,2.0
21,0.0,0.645,0.355,1527.3186213048034,30.87998364069155,34,2.0
22,0.0,0.61,0.39,1589.9550407971255,32.97547508997354,34,2.0
23,0.0,0.63,0.37,1551.832589466257,31.70585665515906,34,2.0
24,0.0,0.61,0.39,1573.0775917094654,32.41513038508093,34,2.0
25,0.0,0.63,0.37,1531.431651653187,31.020748777438904,34,2.0
26,0.0,0.65,0.35,1473.244283146035,29.017418657214726,34,2.0
27,0.0,0.615,0.385,1579.9800482919177,32.6391410546794,34,2.0
28,0.0,0.63,0.37,1552.6762166118506,31.7322797793338,34,2.0
29,0.0,0.665,0.335,1450.2926040791483,28.210975032024365,34,2.0
30,0.0,0.64,0.36,1501.827822549596,30.00144146017376,34,2.0
31,0.0,0.65,0.35,1489.1383771191174,29.563196105696733,34,2.0
32,0.0,0.66,0.34,1465.0721151992843,28.726718844235727,34,2.0
33,0.0,0.63,0.37,1551.5269753591385,31.681578887656052,34,2.0
34,0.0,0.645,0.355,1533.4505091215062,31.074086200155882,34,2.0
35,0.0,0.655,0.345,1507.7953918962928,30.20382766245281,34,2.0
36,0.0,0.615,0.385,1593.700347657385,33.08309699230865,34,2.0
37,0.0,0.635,0.365,1562.8037202924609,32.05894905581944,34,2.0
38,0.0,0.66,0.34,1506.0332992895599,30.14243670289695,34,2.0
39,0.0,0.635,0.365,1551.057265596488,31.671792383772804,34,2.0
40,0.0,0.655,0.345,1509.973230547623,30.281680365874664,34,2.0
41,0.0,0.63,0.37,1577.4915505695374,32.555838946985205,34,2.0
42,0.0,0.645,0.355,1536.6887801247335,31.19084010936412,34,2.0
43,0.0,0.65,0.35,1532.9285899953945,31.063229748806627,34,2.0
44,0.0,0.665,0.335,1499.1191109363726,29.90676807276553,34,2.0
45,0.0,0.67,0.33,1489.4459868373879,29.572462116116856,34,2.0
46,0.0,0.64,0.36,1524.1189944959542,30.76110681252149,34,2.0
47,0.0,0.65,0.35,1509.1984236288642,30.251242945120204,34,2.0
48,0.0,0.625,0.375,1561.2410703544845,32.01318931900883,34,2.0
49,0.0,0.64,0.36,1545.5437506348078,31.48851542877218,34,2.0
50,0.0,0.64,0.36,1545.5437506348078,31.48851542877218,34,2.0
51,0.0,0.65,0.35,1492.3199764471997,29.676380989491207,34,2.0
52,0.0,0.63,0.37,1524.9637539578155,30.795130961047683,34,2.0
53,0.0,0.605,0.395,1575.3871045608955,32.48497885111851,34,2.0
54,0.0,0.64,0.36,1497.2691033344072,29.849855092858874,34,2.0
55,0.0,0.61,0.39,1593.1575652133747,33.08065821661167,34,2.0
56,0.0,0.63,0.37,1547.42488973956,31.56037549090246,34,2.0
57,0.0,0.65,0.35,1491.6950639271524,29.661722932960362,34,2.0
58,0.0,0.66,0.34,1460.959849069962,28.59592690374049,34,2.0
59,0.0,0.615,0.385,1581.9468729286245,32.71109473681308,34,2.0
60,0.0,0.63,0.37,1540.9062687384037,31.344124412003524,34,2.0
61,0.0,0.65,0.35,1504.1433274578642,30.092560737807524,34,2.0
62,0.0,0.61,0.39,1580.9935470621422,32.67932632875686,34,2.0
63,0.0,0.635,0.365,1530.7582435271595,31.001828534105904,34,2.0
64,0.0,0.655,0.345,1466.021570942537,28.769448389272444,34,2.0
65,0.0,0.625,0.375,1531.1141119759307,31.007893379238702,34,2.0
66,0.0,0.63,0.37,1525.8085104059496,30.82856145776475,34,2.0
67,0.0,0.64,0.36,1509.7337526455678,30.27895420148248,34,2.0
68,0.0,0.66,0.34,1474.9124412055517,29.074649271128678,34,2.0
69,0.0,0.625,0.375,1520.6034493741965,30.648339035212167,34,2.0
70,0.0,0.64,0.36,1477.9424776993849,29.180086581582945,34,2.0
71,0.0,0.605,0.395,1567.1033504345812,32.20588753353363,34,2.0
72,0.0,0.63,0.37,1523.2449438657186,30.73333660987972,34,2.0
73,0.0,0.635,0.365,1517.951756323776,30.5537259995845,34,2.0
74,0.0,0.64,0.36,1510.3242880442897,30.292805636021374,34,2.0
75,0.0,0.655,0.345,1468.1887857117163,28.838007370846718,34,2.0
76,0.0,0.66,0.34,1454.715834247892,28.364055975576363,34,2.0
77,0.0,0.635,0.365,1503.1232665866737,30.04815603359919,34,2.0
78,0.0,0.62,0.38,1554.010489714441,31.77565291522501,34,2.0
79,0.0,0.64,0.36,1515.3819531656927,30.467180358840423,34,2.0
80,0.0,0.61,0.39,1587.2124799161622,32.87621747010479,34,2.0
81,0.0,0.625,0.375,1547.1905943556853,31.54828434203464,34,2.0
82,0.0,0.63,0.37,1517.5107747530687,30.541038553949058,34,2.0
83,0.0,0.66,0.34,1434.4568891626427,27.653073706817313,34,2.0
84,0.0,0.635,0.365,1481.2464128121567,29.296973054561544,34,2.0
85,0.0,0.615,0.385,1527.7599866258295,30.895689191407484,34,2.0
86,0.0,0.635,0.365,1451.0752921770577,28.251217761313878,34,2.0
87,0.0,0.6,0.4,1499.2552996048423,29.92866790055605,34,2.0
88,0.0,0.61,0.39,1490.5490547037023,29.628051035009193,34,2.0
89,0.0,0.57,0.43,1581.693178934561,32.70240287963696,34,2.0
90,0.0,0.585,0.415,1552.6451444966874,31.73459509629943,34,2.0
91,0.0,0.605,0.395,1521.0264816265208,30.66627189136274,34,2.0
92,0.0,0.625,0.375,1494.9367475412794,29.774455881451107,34,2.0
93,0.0,0.595,0.405,1569.584506707915,32.297709220090866,34,2.0
94,0.0,0.61,0.39,1528.3622425179778,30.91358320173324,34,2.0
95,0.0,0.63,0.37,1488.3280858519486,29.541555954500534,34,2.0
96,0.0,0.6,0.4,1542.7294243503843,31.395127656424187,34,2.0
97,0.0,0.615,0.385,1512.1493505410183,30.3578183077296,34,2.0
98,0.0,0.625,0.375,1492.8988449262542,29.69822167147555,34,2.0
99,0.0,0.59,0.41,1558.2739493798656,31.91435488599759,34,2.0
100,0.0,0.615,0.385,1504.4980679283326,30.09414808012164,34,2.0
0,0.0,0.94,0.06,871.8266439137793,5.017958626593637,35,0.0
1,0.0,0.89,0.11,956.5496017665515,9.61835654918947,35,0.0
2,0.0,0.85,0.15,1046.678298324318,13.584732034219048,35,0.0
3,0.0,0.805,0.195,1128.0873673508725,16.938322067282797,35,0.0
4,0.0,0.765,0.235,1264.5542339714946,22.189351207275905,35,0.0
5,0.0,0.725,0.275,1342.8209216178507,25.03034545487553,35,0.0
6,0.0,0.71,0.29,1382.8950195866526,26.432605408087696,35,0.0
7,0.0,0.68,0.32,1466.3631123989312,29.261489901686456,35,0.0
8,0.0,0.635,0.365,1576.8314306441655,32.86026315075556,35,0.0
9,0.0,0.605,0.395,1629.7000543634601,34.68783145987803,35,0.0
10,0.0,0.575,0.425,1702.8678922334104,37.613341013591764,35,0.0
11,0.0,0.545,0.455,1750.0944472425304,39.87328184520305,35,0.0
12,0.0,0.5,0.5,1820.990869657201,44.36840469720697,35,0.0
13,0.0,0.48,0.52,1833.7171121299466,45.484063252761615,35,0.0
14,0.0,0.44,0.56,1860.9345706360514,48.937215985229884,35,0.0
15,0.0,0.41,0.59,1870.2354057689704,51.68495909501293,35,0.0
16,0.0,0.395,0.605,1870.8407108981405,52.58858261640333,35,0.0
17,0.0,0.375,0.625,1869.2857794152749,54.070926204036155,35,0.0
18,0.0,0.36,0.64,1867.6897111164826,54.71192751221852,35,0.0
19,0.0,0.345,0.655,1862.0993598505977,56.088076839101454,35,0.0
20,0.0,0.33,0.67,1855.8945531322456,57.1664209251025,35,0.0
21,0.0,0.32,0.68,1842.6592801093511,58.921558903328624,35,0.0
22,0.0,0.305,0.695,1832.3646784593748,59.98963756969515,35,0.0
23,0.0,0.285,0.715,1817.9996881075294,61.26728300285458,35,0.0
24,0.0,0.285,0.715,1817.9996881075294,61.26728300285458,35,0.0
25,0.0,0.26,0.74,1801.8427002535398,62.513712786507206,35,0.0
26,0.0,0.24,0.76,1773.9683121715987,64.36308238406875,35,0.0
27,0.0,0.215,0.785,1735.4340226125817,66.55495652486931,35,0.0
28,0.0,0.2,0.8,1718.8540492346406,67.4036887548672,35,0.0
29,0.0,0.18,0.82,1698.5233457948896,68.38207754296336,35,0.0
30,0.0,0.175,0.825,1683.9106592429798,69.0491820142323,35,0.0
31,0.0,0.165,0.835,1675.975974760726,69.40706131429033,35,0.0
32,0.0,0.15,0.85,1660.7130952125967,70.07548049874808,35,0.0
33,0.0,0.145,0.855,1653.5242404692078,70.384371508356,35,0.0
34,0.0,0.14,0.86,1645.9529300000254,70.69877340790552,35,0.0
35,0.0,0.12,0.88,1615.1101409677217,71.9394897569183,35,0.0
36,0.0,0.12,0.88,1615.1101409677217,71.9394897569183,35,0.0
37,0.0,0.11,0.89,1584.7304952547536,73.10238168162506,35,0.0
38,0.0,0.11,0.89,1584.7304952547536,73.10238168162506,35,0.0
39,0.0,0.11,0.89,1584.7304952547536,73.10238168162506,35,0.0
40,0.0,0.11,0.89,1584.7304952547536,73.10238168162506,35,0.0
41,0.0,0.105,0.895,1567.701597051445,73.72110217627664,35,0.0
42,0.0,0.1,0.9,1562.6607253792483,73.9032116968762,35,0.0
43,0.0,0.095,0.905,1558.8812957924195,74.03744240744146,35,0.0
44,0.0,0.085,0.915,1536.990226005992,74.8116925416582,35,0.0
45,0.0,0.085,0.915,1536.990226005992,74.8116925416582,35,0.0
46,0.0,0.08,0.92,1515.0685988057062,75.55505903798661,35,0.0
47,0.0,0.07,0.93,1506.9286737601033,75.82816323070611,35,0.0
48,0.0,0.07,0.93,1506.9286737601033,75.82816323070611,35,0.0
49,0.0,0.065,0.935,1489.2789597255255,76.40681675683417,35,0.0
50,0.0,0.06,0.94,1486.8592772922307,76.48518308474263,35,0.0
51,0.0,0.055,0.945,1482.265130595617,76.63499278695372,35,0.0
52,0.0,0.055,0.945,1482.265130595617,76.63499278695372,35,0.0
53,0.0,0.05,0.95,1469.7616071746002,77.0375252960514,35,0.0
54,0.0,0.04,0.96,1458.618067524881,77.39139101027735,35,0.0
55,0.0,0.04,0.96,1458.618067524881,77.39139101027735,35,0.0
56,0.0,0.04,0.96,1458.618067524881,77.39139101027735,35,0.0
57,0.0,0.04,0.96,1458.618067524881,77.39139101027735,35,0.0
58,0.0,0.04,0.96,1458.618067524881,77.39139101027735,35,0.0
0,0.0,0.94,0.06,871.8266439137793,5.017958626593637,35,0.5
1,0.0,0.89,0.11,956.5496017665515,9.61835654918947,35,0.5
2,0.0,0.85,0.15,1046.678298324318,13.584732034219048,35,0.5
3,0.0,0.805,0.195,1128.0873673508725,16.938322067282797,35,0.5
4,0.0,0.765,0.235,1264.5542339714946,22.189351207275905,35,0.5
5,0.0,0.725,0.275,1342.8209216178507,25.03034545487553,35,0.5
6,0.0,0.71,0.29,1382.8950195866526,26.432605408087696,35,0.5
7,0.0,0.68,0.32,1466.3631123989312,29.261489901686456,35,0.5
8,0.0,0.635,0.365,1576.8314306441655,32.86026315075556,35,0.5
9,0.0,0.605,0.395,1629.7000543634601,34.68783145987803,35,0.5
10,0.0,0.575,0.425,1702.8678922334104,37.613341013591764,35,0.5
11,0.0,0.545,0.455,1750.0944472425304,39.87328184520305,35,0.5
12,0.0,0.5,0.5,1820.990869657201,44.36840469720697,35,0.5
13,0.0,0.48,0.52,1833.7171121299466,45.484063252761615,35,0.5
14,0.0,0.44,0.56,1860.9345706360514,48.937215985229884,35,0.5
15,0.0,0.41,0.59,1870.2354057689704,51.68495909501293,35,0.5
16,0.0,0.395,0.605,1870.8407108981405,52.58858261640333,35,0.5
17,0.0,0.375,0.625,1869.2857794152749,54.070926204036155,35,0.5
18,0.0,0.36,0.64,1867.6897111164826,54.71192751221852,35,0.5
19,0.0,0.345,0.655,1862.0993598505977,56.088076839101454,35,0.5
20,0.0,0.33,0.67,1855.8945531322456,57.1664209251025,35,0.5
21,0.0,0.32,0.68,1842.6592801093511,58.921558903328624,35,0.5
22,0.0,0.305,0.695,1832.3646784593748,59.98963756969515,35,0.5
23,0.0,0.285,0.715,1817.9996881075294,61.26728300285458,35,0.5
24,0.0,0.285,0.715,1817.9996881075294,61.26728300285458,35,0.5
25,0.0,0.26,0.74,1801.8427002535398,62.513712786507206,35,0.5
26,0.0,0.24,0.76,1773.9683121715987,64.36308238406875,35,0.5
27,0.0,0.215,0.785,1735.4340226125817,66.55495652486931,35,0.5
28,0.0,0.2,0.8,1718.8540492346406,67.4036887548672,35,0.5
29,0.0,0.18,0.82,1698.5233457948896,68.38207754296336,35,0.5
30,0.0,0.175,0.825,1683.9106592429798,69.0491820142323,35,0.5
31,0.0,0.165,0.835,1675.975974760726,69.40706131429033,35,0.5
32,0.0,0.15,0.85,1660.7130952125967,70.07548049874808,35,0.5
33,0.0,0.145,0.855,1653.5242404692078,70.384371508356,35,0.5
34,0.0,0.14,0.86,1645.9529300000254,70.69877340790552,35,0.5
35,0.0,0.12,0.88,1615.1101409677217,71.9394897569183,35,0.5
36,0.0,0.12,0.88,1615.1101409677217,71.9394897569183,35,0.5
37,0.0,0.11,0.89,1584.7304952547536,73.10238168162506,35,0.5
38,0.0,0.11,0.89,1584.7304952547536,73.10238168162506,35,0.5
39,0.0,0.11,0.89,1584.7304952547536,73.10238168162506,35,0.5
40,0.0,0.11,0.89,1584.7304952547536,73.10238168162506,35,0.5
41,0.0,0.105,0.895,1567.701597051445,73.72110217627664,35,0.5
42,0.0,0.1,0.9,1562.6607253792483,73.9032116968762,35,0.5
43,0.0,0.095,0.905,1558.8812957924195,74.03744240744146,35,0.5
44,0.0,0.085,0.915,1536.990226005992,74.8116925416582,35,0.5
45,0.0,0.085,0.915,1536.990226005992,74.8116925416582,35,0.5
46,0.0,0.08,0.92,1515.0685988057062,75.55505903798661,35,0.5
47,0.0,0.07,0.93,1506.9286737601033,75.82816323070611,35,0.5
48,0.0,0.07,0.93,1506.9286737601033,75.82816323070611,35,0.5
49,0.0,0.065,0.935,1489.2789597255255,76.40681675683417,35,0.5
50,0.0,0.06,0.94,1486.8592772922307,76.48518308474263,35,0.5
51,0.0,0.055,0.945,1482.265130595617,76.63499278695372,35,0.5
52,0.0,0.055,0.945,1482.265130595617,76.63499278695372,35,0.5
53,0.0,0.05,0.95,1469.7616071746002,77.0375252960514,35,0.5
54,0.0,0.04,0.96,1458.618067524881,77.39139101027735,35,0.5
55,0.0,0.04,0.96,1458.618067524881,77.39139101027735,35,0.5
56,0.0,0.04,0.96,1458.618067524881,77.39139101027735,35,0.5
57,0.0,0.04,0.96,1458.618067524881,77.39139101027735,35,0.5
58,0.0,0.04,0.96,1458.618067524881,77.39139101027735,35,0.5
0,0.0,0.94,0.06,871.8266439137793,5.017958626593637,35,1.0
1,0.0,0.89,0.11,956.5496017665515,9.61835654918947,35,1.0
2,0.0,0.85,0.15,1046.678298324318,13.584732034219048,35,1.0
3,0.0,0.805,0.195,1128.0873673508725,16.938322067282797,35,1.0
4,0.0,0.765,0.235,1264.5542339714946,22.189351207275905,35,1.0
5,0.0,0.725,0.275,1342.8209216178507,25.03034545487553,35,1.0
6,0.0,0.71,0.29,1382.8950195866526,26.432605408087696,35,1.0
7,0.0,0.68,0.32,1466.3631123989312,29.261489901686456,35,1.0
8,0.0,0.68,0.32,1466.3631123989312,29.261489901686456,35,1.0
9,0.0,0.65,0.35,1523.227304111868,31.127628522734796,35,1.0
10,0.0,0.65,0.35,1523.227304111868,31.127628522734796,35,1.0
11,0.0,0.65,0.35,1523.227304111868,31.127628522734796,35,1.0
12,0.0,0.65,0.35,1523.227304111868,31.127628522734796,35,1.0
13,0.0,0.65,0.35,1523.227304111868,31.127628522734796,35,1.0
0,0.0,0.94,0.06,871.8266439137793,5.017958626593637,35,1.5
1,0.0,0.89,0.11,956.5496017665515,9.61835654918947,35,1.5
2,0.0,0.85,0.15,1046.678298324318,13.584732034219048,35,1.5
3,0.0,0.805,0.195,1128.0873673508725,16.938322067282797,35,1.5
4,0.0,0.765,0.235,1264.5542339714946,22.189351207275905,35,1.5
5,0.0,0.725,0.275,1342.8209216178507,25.03034545487553,35,1.5
6,0.0,0.71,0.29,1382.8950195866526,26.432605408087696,35,1.5
7,0.0,0.68,0.32,1466.3631123989312,29.261489901686456,35,1.5
8,0.0,0.685,0.315,1448.567896329217,28.668383223282213,35,1.5
9,0.0,0.655,0.345,1505.122096953791,30.54087837824274,35,1.5
10,0.0,0.67,0.33,1490.5635976101707,30.0632667541768,35,1.5
11,0.0,0.69,0.31,1434.3517671384275,28.185132417782107,35,1.5
12,0.0,0.695,0.305,1428.9736451106446,28.00314485708712,35,1.5
13,0.0,0.665,0.335,1488.6675267498447,29.998348644803357,35,1.5
14,0.0,0.675,0.325,1479.4120629601575,29.6942789153558,35,1.5
15,0.0,0.685,0.315,1428.1846909283015,27.98158279097985,35,1.5
16,0.0,0.655,0.345,1495.826982803084,30.24101118310113,35,1.5
17,0.0,0.665,0.335,1468.220761792155,29.328063526771963,35,1.5
18,0.0,0.65,0.35,1490.8753191988292,30.075286503016883,35,1.5
19,0.0,0.63,0.37,1550.917025917728,32.02138956402277,35,1.5
20,0.0,0.65,0.35,1526.7221851896636,31.243201690488352,35,1.5
21,0.0,0.675,0.325,1452.3187320924458,28.792917368178234,35,1.5
22,0.0,0.69,0.31,1434.1169446410358,28.18157404688754,35,1.5
23,0.0,0.65,0.35,1518.6713234814677,30.9838048663892,35,1.5
24,0.0,0.635,0.365,1548.9694432259284,31.96111143210232,35,1.5
25,0.0,0.645,0.355,1526.559164329457,31.24186151610236,35,1.5
26,0.0,0.655,0.345,1501.7374540220799,30.436509782321952,35,1.5
27,0.0,0.66,0.34,1489.4157732143908,30.031024464897193,35,1.5
28,0.0,0.625,0.375,1557.6718000085118,32.236173357619634,35,1.5
29,0.0,0.635,0.365,1545.3741861452017,31.844593777198806,35,1.5
30,0.0,0.66,0.34,1486.3913004817027,29.93179597968213,35,1.5
31,0.0,0.675,0.325,1463.0138367194602,29.154522446874346,35,1.5
32,0.0,0.635,0.365,1546.6256353626402,31.88127822447518,35,1.5
33,0.0,0.655,0.345,1512.2076424654708,30.76914598550767,35,1.5
34,0.0,0.67,0.33,1498.60463876438,30.324258461585227,35,1.5
35,0.0,0.68,0.32,1463.1830282211554,29.151717832371936,35,1.5
36,0.0,0.65,0.35,1518.5879099254835,30.969855385727456,35,1.5
37,0.0,0.67,0.33,1442.2306232500816,28.44068817188777,35,1.5
38,0.0,0.635,0.365,1550.1984883602947,31.981459825197163,35,1.5
39,0.0,0.665,0.335,1465.2492223058448,29.204356125787807,35,1.5
40,0.0,0.645,0.355,1500.80705650155,30.37781034729494,35,1.5
41,0.0,0.67,0.33,1436.3043990215463,28.22537748365731,35,1.5
42,0.0,0.65,0.35,1471.3737112235206,29.398892295558294,35,1.5
43,0.0,0.625,0.375,1537.2125913344994,31.55102355234024,35,1.5
44,0.0,0.635,0.365,1512.7185034844351,30.761014768544,35,1.5
45,0.0,0.65,0.35,1475.6685984305645,29.545243132136054,35,1.5
46,0.0,0.625,0.375,1548.9770012694894,31.937993884249977,35,1.5
47,0.0,0.655,0.345,1455.9511480008282,28.901429222921777,35,1.5
48,0.0,0.665,0.335,1428.395557727576,27.974972237158937,35,1.5
49,0.0,0.625,0.375,1539.7680342361261,31.655942424443985,35,1.5
50,0.0,0.64,0.36,1525.2693651099792,31.1885089316965,35,1.5
51,0.0,0.645,0.355,1507.0101670315807,30.597257935228694,35,1.5
52,0.0,0.66,0.34,1490.0735896078322,30.04110141976226,35,1.5
53,0.0,0.63,0.37,1552.4482367749963,32.06124992497266,35,1.5
54,0.0,0.65,0.35,1458.581749219779,29.00287025349924,35,1.5
55,0.0,0.655,0.345,1445.613234676473,28.570035238359537,35,1.5
56,0.0,0.63,0.37,1506.7793016653425,30.597096711206817,35,1.5
57,0.0,0.6,0.4,1547.318339229115,31.90704993267087,35,1.5
58,0.0,0.625,0.375,1485.2573137115303,29.890689135930977,35,1.5
59,0.0,0.64,0.36,1444.4275485038524,28.52972709342362,35,1.5
60,0.0,0.59,0.41,1546.0979710435706,31.866179861545078,35,1.5
61,0.0,0.615,0.385,1462.636702767923,29.14610066163608,35,1.5
62,0.0,0.635,0.365,1421.9359500863552,27.776921988078506,35,1.5
63,0.0,0.595,0.405,1507.4074717184888,30.623674619263063,35,1.5
64,0.0,0.615,0.385,1456.415291121769,28.93734508639556,35,1.5
65,0.0,0.625,0.375,1450.5137954798445,28.73933354952553,35,1.5
66,0.0,0.64,0.36,1428.891223389782,28.009942179686107,35,1.5
67,0.0,0.61,0.39,1547.9272439376211,31.931438680128547,35,1.5
68,0.0,0.625,0.375,1511.527250723516,30.76063142753444,35,1.5
69,0.0,0.64,0.36,1485.1032297137517,29.892257021038226,35,1.5
70,0.0,0.66,0.34,1431.7278732348393,28.11287956721295,35,1.5
71,0.0,0.64,0.36,1472.3282594389734,29.475033003698268,35,1.5
72,0.0,0.655,0.345,1426.2483779667002,27.929908570631813,35,1.5
73,0.0,0.63,0.37,1489.6442188481478,30.047428451341702,35,1.5
74,0.0,0.645,0.355,1460.7008418104663,29.09078528487742,35,1.5
75,0.0,0.655,0.345,1437.1052793094657,28.298015165590538,35,1.5
76,0.0,0.605,0.395,1536.354992162089,31.567701751246513,35,1.5
77,0.0,0.62,0.38,1487.727930205167,29.986860342687095,35,1.5
78,0.0,0.625,0.375,1478.4586776937333,29.68000688252426,35,1.5
79,0.0,0.63,0.37,1454.7406200137814,28.888404167746085,35,1.5
80,0.0,0.6,0.4,1548.5728639490492,31.955313841043854,35,1.5
81,0.0,0.62,0.38,1502.343772885536,30.45727291870444,35,1.5
82,0.0,0.64,0.36,1416.756470980434,27.596515505521502,35,1.5
83,0.0,0.625,0.375,1442.1737846113017,28.457427234889874,35,1.5
84,0.0,0.595,0.405,1494.8715361526085,30.21086908654908,35,1.5
85,0.0,0.605,0.395,1481.1748705454122,29.758689986954508,35,1.5
86,0.0,0.63,0.37,1436.2118242684476,28.25701430752384,35,1.5
87,0.0,0.59,0.41,1529.488311830352,31.334962500999524,35,1.5
88,0.0,0.6,0.4,1515.722702817604,30.887897962540478,35,1.5
89,0.0,0.62,0.38,1481.9794547138677,29.782894274729287,35,1.5
90,0.0,0.63,0.37,1474.168141776406,29.525638010937186,35,1.5
91,0.0,0.6,0.4,1518.3753848335145,30.97338356150007,35,1.5
92,0.0,0.615,0.385,1499.684954215642,30.364730869142456,35,1.5
93,0.0,0.59,0.41,1538.7890608182247,31.632411144292405,35,1.5
94,0.0,0.61,0.39,1506.3400908499457,30.579606185168004,35,1.5
95,0.0,0.63,0.37,1465.9701952933506,29.24914299699227,35,1.5
96,0.0,0.6,0.4,1547.8596864350184,31.92178456915052,35,1.5
97,0.0,0.615,0.385,1507.2718112181185,30.612532741940967,35,1.5
98,0.0,0.635,0.365,1457.3253199793662,28.959955651706487,35,1.5
99,0.0,0.62,0.38,1488.148428317903,29.980052654662416,35,1.5
100,0.0,0.64,0.36,1469.4210455553437,29.360996690708554,35,1.5
0,0.0,0.94,0.06,871.8266439137793,5.017958626593637,35,2.0
1,0.0,0.89,0.11,956.5496017665515,9.61835654918947,35,2.0
2,0.0,0.85,0.15,1046.678298324318,13.584732034219048,35,2.0
3,0.0,0.805,0.195,1128.0873673508725,16.938322067282797,35,2.0
4,0.0,0.765,0.235,1264.5542339714946,22.189351207275905,35,2.0
5,0.0,0.725,0.275,1342.8209216178507,25.03034545487553,35,2.0
6,0.0,0.71,0.29,1382.8950195866526,26.432605408087696,35,2.0
7,0.0,0.68,0.32,1466.3631123989312,29.261489901686456,35,2.0
8,0.0,0.685,0.315,1448.567896329217,28.668383223282213,35,2.0
9,0.0,0.655,0.345,1505.122096953791,30.54087837824274,35,2.0
10,0.0,0.67,0.33,1490.5635976101707,30.0632667541768,35,2.0
11,0.0,0.69,0.31,1434.3517671384275,28.185132417782107,35,2.0
12,0.0,0.695,0.305,1428.9736451106446,28.00314485708712,35,2.0
13,0.0,0.665,0.335,1488.6675267498447,29.998348644803357,35,2.0
14,0.0,0.675,0.325,1479.4120629601575,29.6942789153558,35,2.0
15,0.0,0.685,0.315,1428.1846909283015,27.98158279097985,35,2.0
16,0.0,0.655,0.345,1495.826982803084,30.24101118310113,35,2.0
17,0.0,0.665,0.335,1468.220761792155,29.328063526771963,35,2.0
18,0.0,0.65,0.35,1490.8753191988292,30.075286503016883,35,2.0
19,0.0,0.63,0.37,1550.917025917728,32.02138956402277,35,2.0
20,0.0,0.65,0.35,1526.7221851896636,31.243201690488352,35,2.0
21,0.0,0.675,0.325,1452.3187320924458,28.792917368178234,35,2.0
22,0.0,0.69,0.31,1434.1169446410358,28.18157404688754,35,2.0
23,0.0,0.65,0.35,1518.6713234814677,30.9838048663892,35,2.0
24,0.0,0.635,0.365,1548.9694432259284,31.96111143210232,35,2.0
25,0.0,0.645,0.355,1526.559164329457,31.24186151610236,35,2.0
26,0.0,0.655,0.345,1501.7374540220799,30.436509782321952,35,2.0
27,0.0,0.66,0.34,1489.4157732143908,30.031024464897193,35,2.0
28,0.0,0.625,0.375,1557.6718000085118,32.236173357619634,35,2.0
29,0.0,0.635,0.365,1545.3741861452017,31.844593777198806,35,2.0
30,0.0,0.66,0.34,1486.3913004817027,29.93179597968213,35,2.0
31,0.0,0.675,0.325,1463.0138367194602,29.154522446874346,35,2.0
32,0.0,0.635,0.365,1546.6256353626402,31.88127822447518,35,2.0
33,0.0,0.655,0.345,1512.2076424654708,30.76914598550767,35,2.0
34,0.0,0.67,0.33,1498.60463876438,30.324258461585227,35,2.0
35,0.0,0.68,0.32,1463.1830282211554,29.151717832371936,35,2.0
36,0.0,0.65,0.35,1518.5879099254835,30.969855385727456,35,2.0
37,0.0,0.67,0.33,1442.2306232500816,28.44068817188777,35,2.0
38,0.0,0.635,0.365,1550.1984883602947,31.981459825197163,35,2.0
39,0.0,0.665,0.335,1465.2492223058448,29.204356125787807,35,2.0
40,0.0,0.645,0.355,1500.80705650155,30.37781034729494,35,2.0
41,0.0,0.67,0.33,1436.3043990215463,28.22537748365731,35,2.0
42,0.0,0.65,0.35,1471.3737112235206,29.398892295558294,35,2.0
43,0.0,0.625,0.375,1537.2125913344994,31.55102355234024,35,2.0
44,0.0,0.635,0.365,1512.7185034844351,30.761014768544,35,2.0
45,0.0,0.65,0.35,1475.6685984305645,29.545243132136054,35,2.0
46,0.0,0.625,0.375,1548.9770012694894,31.937993884249977,35,2.0
47,0.0,0.655,0.345,1455.9511480008282,28.901429222921777,35,2.0
48,0.0,0.665,0.335,1428.395557727576,27.974972237158937,35,2.0
49,0.0,0.625,0.375,1539.7680342361261,31.655942424443985,35,2.0
50,0.0,0.64,0.36,1525.2693651099792,31.1885089316965,35,2.0
51,0.0,0.645,0.355,1507.0101670315807,30.597257935228694,35,2.0
52,0.0,0.66,0.34,1490.0735896078322,30.04110141976226,35,2.0
53,0.0,0.63,0.37,1552.4482367749963,32.06124992497266,35,2.0
54,0.0,0.65,0.35,1458.581749219779,29.00287025349924,35,2.0
55,0.0,0.655,0.345,1445.613234676473,28.570035238359537,35,2.0
56,0.0,0.63,0.37,1506.7793016653425,30.597096711206817,35,2.0
57,0.0,0.6,0.4,1547.318339229115,31.90704993267087,35,2.0
58,0.0,0.625,0.375,1485.2573137115303,29.890689135930977,35,2.0
59,0.0,0.64,0.36,1444.4275485038524,28.52972709342362,35,2.0
60,0.0,0.59,0.41,1546.0979710435706,31.866179861545078,35,2.0
61,0.0,0.615,0.385,1462.636702767923,29.14610066163608,35,2.0
62,0.0,0.635,0.365,1421.9359500863552,27.776921988078506,35,2.0
63,0.0,0.595,0.405,1507.4074717184888,30.623674619263063,35,2.0
64,0.0,0.615,0.385,1456.415291121769,28.93734508639556,35,2.0
65,0.0,0.625,0.375,1450.5137954798445,28.73933354952553,35,2.0
66,0.0,0.64,0.36,1428.891223389782,28.009942179686107,35,2.0
67,0.0,0.61,0.39,1547.9272439376211,31.931438680128547,35,2.0
68,0.0,0.625,0.375,1511.527250723516,30.76063142753444,35,2.0
69,0.0,0.64,0.36,1485.1032297137517,29.892257021038226,35,2.0
70,0.0,0.66,0.34,1431.7278732348393,28.11287956721295,35,2.0
71,0.0,0.64,0.36,1472.3282594389734,29.475033003698268,35,2.0
72,0.0,0.655,0.345,1426.2483779667002,27.929908570631813,35,2.0
73,0.0,0.63,0.37,1489.6442188481478,30.047428451341702,35,2.0
74,0.0,0.645,0.355,1460.7008418104663,29.09078528487742,35,2.0
75,0.0,0.655,0.345,1437.1052793094657,28.298015165590538,35,2.0
76,0.0,0.605,0.395,1536.354992162089,31.567701751246513,35,2.0
77,0.0,0.62,0.38,1487.727930205167,29.986860342687095,35,2.0
78,0.0,0.625,0.375,1478.4586776937333,29.68000688252426,35,2.0
79,0.0,0.63,0.37,1454.7406200137814,28.888404167746085,35,2.0
80,0.0,0.6,0.4,1548.5728639490492,31.955313841043854,35,2.0
81,0.0,0.62,0.38,1502.343772885536,30.45727291870444,35,2.0
82,0.0,0.64,0.36,1416.756470980434,27.596515505521502,35,2.0
83,0.0,0.625,0.375,1442.1737846113017,28.457427234889874,35,2.0
84,0.0,0.595,0.405,1494.8715361526085,30.21086908654908,35,2.0
85,0.0,0.605,0.395,1481.1748705454122,29.758689986954508,35,2.0
86,0.0,0.63,0.37,1436.2118242684476,28.25701430752384,35,2.0
87,0.0,0.59,0.41,1529.488311830352,31.334962500999524,35,2.0
88,0.0,0.6,0.4,1515.722702817604,30.887897962540478,35,2.0
89,0.0,0.62,0.38,1481.9794547138677,29.782894274729287,35,2.0
90,0.0,0.63,0.37,1474.168141776406,29.525638010937186,35,2.0
91,0.0,0.6,0.4,1518.3753848335145,30.97338356150007,35,2.0
92,0.0,0.615,0.385,1499.684954215642,30.364730869142456,35,2.0
93,0.0,0.59,0.41,1538.7890608182247,31.632411144292405,35,2.0
94,0.0,0.61,0.39,1506.3400908499457,30.579606185168004,35,2.0
95,0.0,0.63,0.37,1465.9701952933506,29.24914299699227,35,2.0
96,0.0,0.6,0.4,1547.8596864350184,31.92178456915052,35,2.0
97,0.0,0.615,0.385,1507.2718112181185,30.612532741940967,35,2.0
98,0.0,0.635,0.365,1457.3253199793662,28.959955651706487,35,2.0
99,0.0,0.62,0.38,1488.148428317903,29.980052654662416,35,2.0
100,0.0,0.64,0.36,1469.4210455553437,29.360996690708554,35,2.0
