agent_id,beta0,base_term,denom,numer,pi_solo,pi_break,run_id
113,-0.09897837974412253,3.4201985946307927,34.55500689617915,-3.4201985946307927,0.0,0.0,0
112,-0.8114901069752423,17.01168747622939,20.96351801458055,-17.01168747622939,0.0,0.0,0
3,-0.1441977932442644,4.7858341119901615,33.18937137881978,-4.7858341119901615,0.0,0.0,0
25,0.07225180177983033,2.317291452182367,35.657914038627574,2.5763485370011487,4.893639989183516,4.893639989183516,0
45,-0.11993908615060178,4.066927834980993,33.90827765582895,-4.066927834980993,0.0,0.0,0
159,-0.07344614748302285,2.598297594822043,35.3769078959879,-2.598297594822043,0.0,0.0,0
37,-0.15622142001856967,5.1309726878922834,32.84423280291766,-5.1309726878922834,0.0,0.0,0
134,-0.1927141083910171,6.135886056550158,31.839319434259785,-6.135886056550158,0.0,0.0,0
65,-0.02828411180524335,1.0445507672422276,36.93065472356771,-1.0445507672422276,0.0,0.0,0
71,-0.05930694410279365,2.1261008453438572,35.849104645466085,-2.1261008453438572,0.0,0.0,0
89,-0.027023470352276813,0.9992194621905965,36.975986028619346,-0.9992194621905965,0.0,0.0,0
30,0.4772402054639948,5.953469898982374,32.021735591827564,15.282059673157502,21.235529572139875,21.235529572139875,0
147,1.0270998005166894,11.287252449247859,26.687953041562082,27.41119124518719,38.69844369443505,38.69844369443505,0
83,0.7866604126444857,9.293747897028345,28.681457593781595,22.562567265969548,31.856315162997895,31.856315162997895,0
138,-0.13176901232643135,4.421357420036897,33.55384807077304,-4.421357420036897,0.0,0.0,0
140,0.6496445615768318,7.958684307678684,30.016521183131257,19.500069744076992,27.458754051755676,27.458754051755676,0
24,-0.8075330875642583,16.965794514005395,21.009410976804546,-16.965794514005395,0.0,0.0,0
155,0.01854069537521557,-0.7173875814295692,38.69259307223951,0.7173875814295692,0.0,0.0,0
128,-0.1950553109348446,6.19826165956297,31.77694383124697,-6.19826165956297,0.0,0.0,0
7,0.3469004744629075,4.206808321981807,33.76839716882813,11.71427299971838,15.921081321700187,15.921081321700187,0
158,-0.03257468176262838,1.1980055831137686,36.77719990769617,-1.1980055831137686,0.0,0.0,0
175,0.41560187979073865,5.1976734865344945,32.77753200427544,13.622403915877971,18.820077402412466,18.820077402412466,0
95,0.2657943862566863,2.9101456348476575,35.06505985596228,9.320096063469462,12.23024169831712,12.23024169831712,0
115,0.008696859610775697,-0.3331624983193915,38.30836798912933,0.3331624983193915,0.0,0.0,0
148,0.08766612921927064,-0.6876728558832423,38.662878346693184,3.3894248891301455,2.701752033246903,2.701752033246903,0
29,-0.042916179892514526,1.5626862270626303,36.41251926374731,-1.5626862270626303,0.0,0.0,0
4,0.01992382153792361,-0.7719922529411327,38.74719774375107,0.7719922529411327,0.0,0.0,0
82,-0.8821984438570959,17.799221595621272,20.17598389518867,-17.799221595621272,0.0,0.0,0
18,5.200594413393926,16.364712200468016,21.610493290341925,112.38741067643913,128.75212287690715,128.75212287690715,0
84,-0.2742486005468798,8.173167274317642,29.8020382164923,-8.173167274317642,0.0,0.0,0
176,-0.05704315584902169,2.049325567479763,35.92587992333018,-2.049325567479763,0.0,0.0,0
69,-0.06239763537432745,2.2303918481951626,35.74481364261478,-2.2303918481951626,0.0,0.0,0
178,0.16775301681177193,1.2565444483915678,36.718661042418375,6.159666163154565,7.416210611546132,7.416210611546132,0
92,0.3872008057468873,4.972931536947647,33.00227395386229,12.778507066414992,17.75143860336264,17.75143860336264,0
22,0.6880357526247237,8.534937110066005,29.440268380743937,20.255957212819013,28.79089432288502,28.79089432288502,0
146,0.17195593657869354,20.16676575837815,17.80843973243179,3.0622669331955272,23.22903269157368,23.22903269157368,0
98,0.18405871107835464,1.5961392395970284,36.37906625121291,6.6958840444323195,8.292023284029348,8.292023284029348,0
197,-0.10467138503091031,3.598280365925549,34.376925124884394,-3.598280365925549,0.0,0.0,0
91,0.25214320224381964,18.06006222042779,19.915143270382153,5.021467997338611,23.0815302177664,23.0815302177664,0
168,-0.05314702000231378,1.9164171454500416,36.0587883453599,-1.9164171454500416,0.0,0.0,0
132,-0.03336508200989858,1.4059776027100384,42.13919217380974,-1.4059776027100384,0.0,0.0,1
10,-0.5336441133750933,15.151900831816665,28.393268944703113,-15.151900831816665,0.0,0.0,1
4,0.13246316740776637,0.7650211870874912,42.78014858943229,5.666793984331089,6.43181517141858,6.43181517141858,1
181,-0.02501353044719961,1.0626380995753708,42.482531676944404,-1.0626380995753708,0.0,0.0,1
197,-0.056037001910005976,2.3106583931481586,41.23451138337162,-2.3106583931481586,0.0,0.0,1
188,0.4966144366911597,7.848497760390083,35.696672016129696,17.727482665039332,25.575980425429417,25.575980425429417,1
62,0.030818265937851617,-1.3846594248707031,44.92982920139048,1.3846594248707031,0.0,0.0,1
151,-0.3201349426560013,10.5597768674354,32.98539290908438,-10.5597768674354,0.0,0.0,1
196,-0.2699529446316456,9.256364068722304,34.28880570779747,-9.256364068722304,0.0,0.0,1
111,-0.025576297593086574,1.0859496495380556,42.45922012698172,-1.0859496495380556,0.0,0.0,1
56,0.03435215916820811,-1.5490850182827893,45.094254794802566,1.5490850182827893,0.0,0.0,1
83,-0.07683585067632051,3.1070939554271964,40.43807582109258,-3.1070939554271964,0.0,0.0,1
185,-0.12863673003373313,4.963074565762032,38.58209521075774,-4.963074565762032,0.0,0.0,1
75,-0.045490239010386624,1.894690267751098,41.65047950876868,-1.894690267751098,0.0,0.0,1
118,0.08783002671772064,-0.3916549587756053,43.93682473529538,3.8589724903928024,3.467317531617197,3.467317531617197,1
88,0.17077871810427722,1.8836647804794708,41.66150499604031,7.114898417518704,8.998563197998175,8.998563197998175,1
190,-0.11365584747931246,4.444068772038514,39.101101004481265,-4.444068772038514,0.0,0.0,1
34,0.07683951572690433,-0.6717955804512046,44.21696535697098,3.3976102049429553,2.725814624491751,2.725814624491751,1
120,-0.019038816379194315,0.8135592857215608,42.73161049079822,-0.8135592857215608,0.0,0.0,1
30,-0.45415805511139967,13.599890015865505,29.945279760654273,-13.599890015865505,0.0,0.0,1
74,-0.04696318070674132,1.953287101978085,41.591882674541694,-1.953287101978085,0.0,0.0,1
143,-0.007066729572948921,0.30556261068152324,43.23960716583825,-0.30556261068152324,0.0,0.0,1
122,0.16246640833653833,1.7775193941975223,41.76765038232226,6.785840142272139,8.563359536469662,8.563359536469662,1
59,-0.008281550097891074,0.35765952971212167,43.187510246807655,-0.35765952971212167,0.0,0.0,1
153,-0.17759927844582343,6.567251588602755,36.97791818791703,-6.567251588602755,0.0,0.0,1
39,-0.0169746820019822,0.7268277399233316,42.81834203659645,-0.7268277399233316,0.0,0.0,1
140,0.00025232824681661366,-0.010990449547907177,43.55616022606768,0.010990449547907177,0.0,0.0,1
98,0.5269672411354763,8.461242774971709,35.08392700154807,18.488080220204232,26.94932299517594,26.94932299517594,1
92,-0.11927948445541475,4.640525868294592,38.90464390822518,-4.640525868294592,0.0,0.0,1
21,-0.08198098279499122,3.2993886870655316,40.24578108945425,-3.2993886870655316,0.0,0.0,1
110,-0.1921238265502642,7.017781591913472,36.52738818460631,-7.017781591913472,0.0,0.0,1
179,-0.18344167797160715,6.749803695484644,36.795366081035134,-6.749803695484644,0.0,0.0,1
105,-0.6043991122404642,16.404061654295067,27.14110812222471,-16.404061654295067,0.0,0.0,1
148,-0.012346886349555481,0.5310899549871708,43.014079821532604,-0.5310899549871708,0.0,0.0,1
130,-0.240550984171418,8.443694438443101,35.101475338076675,-8.443694438443101,0.0,0.0,1
175,-0.029867937710666145,1.2628846581792217,42.28228511834055,-1.2628846581792217,0.0,0.0,1
32,-0.2915689855146726,9.830230609590476,33.7149391669293,-9.830230609590476,0.0,0.0,1
136,0.15629577132217987,1.7700890523945425,41.77508072412523,6.529268463823481,8.299357516218024,8.299357516218024,1
162,0.6269835519214134,4.478482122470867,39.06668765404891,24.49417058714002,28.972652709610884,28.972652709610884,1
84,-0.14319319057516713,5.454346514520476,38.090823261999304,-5.454346514520476,0.0,0.0,1
199,0.16695294851938583,1.5545112274375343,41.35167540223322,6.9037841346193956,8.45829536205693,8.45829536205693,2
24,-0.16146028884045735,5.964599352066886,36.94158727760387,-5.964599352066886,0.0,0.0,2
163,-0.11089233360166319,4.283013769558295,38.62317286011246,-4.283013769558295,0.0,0.0,2
157,0.12220351965909035,0.4753936492762332,42.43079298039452,5.185192244130435,5.660585893406668,5.660585893406668,2
36,-0.4534359341728243,13.385665208071659,29.5205214215991,-13.385665208071659,0.0,0.0,2
79,-0.7239621196535925,18.018060527287375,24.88812610238338,-18.018060527287375,0.0,0.0,2
177,-0.3568259203852717,11.283716875048503,31.62246975462225,-11.283716875048503,0.0,0.0,2
60,-0.11288300033435457,4.352100875121517,38.55408575454924,-4.352100875121517,0.0,0.0,2
122,-0.22697854161729059,10.16568898542516,32.74049764424559,-7.431390407115202,2.734298578309957,2.734298578309957,2
91,-0.26235137013148474,8.917086887020096,33.98909974265066,-8.917086887020096,0.0,0.0,2
124,-0.03314663832817626,1.3765672727313003,41.529619356939456,-1.3765672727313003,0.0,0.0,2
89,0.5402785217686239,8.334261101672388,34.57192552799837,18.67846881896191,27.012729920634296,27.012729920634296,2
103,0.5384072209498465,6.505077542870909,36.40110908679985,19.598619982916112,26.10369752578702,26.10369752578702,2
186,-0.21560869398455448,7.610135489207358,35.2960511404634,-7.610135489207358,0.0,0.0,2
5,-0.06287139879358364,2.5380041022534297,40.368182527417325,-2.5380041022534297,0.0,0.0,2
101,-0.12929336488522547,4.912350870234163,37.99383575943659,-4.912350870234163,0.0,0.0,2
73,-0.005818074460493502,0.24818741576219328,42.65799921390856,-0.24818741576219328,0.0,0.0,2
138,0.010644422857721684,-0.4616253289011991,43.367811958571956,0.4616253289011991,0.0,0.0,2
154,0.36022395641167837,5.737633872536895,37.16855275713386,13.389003128270955,19.12663700080785,19.12663700080785,2
142,-0.24789346799876041,8.523294395705335,34.38289223396542,-8.523294395705335,0.0,0.0,2
21,0.4564046595569346,7.288584646944567,35.617601982726185,16.256039507160544,23.54462415410511,23.54462415410511,2
193,-0.12205148757313308,4.667133337676242,38.239053291994516,-4.667133337676242,0.0,0.0,2
196,0.8560467680393822,12.052380838464625,30.85380579120613,26.412300729276783,38.46468156774141,38.46468156774141,2
105,2.4512789715716554,20.736470975760476,22.16971565391028,54.34415778815322,75.0806287639137,75.0806287639137,2
19,-0.11289105693114591,4.35237998125832,38.55380664841243,-4.35237998125832,0.0,0.0,2
110,-0.04790882244705031,1.9616066141334225,40.94458001553733,-1.9616066141334225,0.0,0.0,2
85,-0.11666036999897027,4.4825192528923345,38.423667376778425,-4.4825192528923345,0.0,0.0,2
37,-0.19758428999937225,7.07890750788698,35.827279121783775,-7.07890750788698,0.0,0.0,2
63,-0.2477369319637853,8.518980856942953,34.3872057727278,-8.518980856942953,0.0,0.0,2
171,-0.009812760237444977,0.4169368210409887,42.489249808629765,-0.4169368210409887,0.0,0.0,2
135,-0.03919252915735151,1.6181813507432494,41.28800527892751,-1.6181813507432494,0.0,0.0,2
59,-0.05276052695510989,2.1503019521098046,40.75588467756095,-2.1503019521098046,0.0,0.0,2
52,-0.03584291602215819,1.4846680132776404,41.421518616393115,-1.4846680132776404,0.0,0.0,2
187,0.00736753283433391,-0.31845899589883153,43.224645625569586,0.31845899589883153,0.0,0.0,2
140,0.030159089086053473,-1.3342513089983412,44.240437938669096,1.3342513089983412,0.0,0.0,2
189,0.000664614906400683,-0.028535056034484363,42.93472168570524,0.028535056034484363,0.0,0.0,2
1,0.41431870032979373,6.78656121143806,36.119625418232694,14.965036259681153,21.75159747111921,21.75159747111921,2
10,0.4756314286639853,11.161549268108274,31.744637361562482,15.098747220700087,26.26029648880836,26.26029648880836,2
128,-0.3296033748698929,10.63627257814445,32.26991405152631,-10.63627257814445,0.0,0.0,2
39,-0.16053480701663722,5.93513985859734,36.97104677107342,-5.93513985859734,0.0,0.0,2
113,-0.028983653819220755,1.0717083560759169,36.976302669099795,-1.0717083560759169,0.0,0.0,3
42,-0.0837763604381965,2.941126972277568,35.106884052898145,-2.941126972277568,0.0,0.0,3
37,-0.20981566003971833,6.5985825858657154,31.449428439309997,-6.5985825858657154,0.0,0.0,3
199,-0.04660790556832333,1.6943671985364626,36.35364382663925,-1.6943671985364626,0.0,0.0,3
79,-0.10363534155710216,3.5728455493271793,34.475165475848534,-3.5728455493271793,0.0,0.0,3
74,0.37776639514447535,4.542456946206763,33.50555407896895,12.657272381730373,17.199729327937135,17.199729327937135,3
106,-0.24793564430747117,7.559250487936584,30.488760537239127,-7.559250487936584,0.0,0.0,3
100,-0.06999970934057757,2.489112557227485,35.558898467948225,-2.489112557227485,0.0,0.0,3
1,-0.004977581581092402,0.1884490583144749,37.859561966861236,-0.1884490583144749,0.0,0.0,3
63,-0.04063805493416328,1.4858164708137278,36.56219455436198,-1.4858164708137278,0.0,0.0,3
172,-0.17066917869939674,5.546932396415091,32.501078628760624,-5.546932396415091,0.0,0.0,3
162,-0.11344575035283934,3.8766012253550253,34.17140979982069,-3.8766012253550253,0.0,0.0,3
139,0.48811289317633005,6.108685363218028,31.93932566195768,15.589996654959167,21.698682018177195,21.698682018177195,3
44,-0.3350715541036237,9.549155732942772,28.49885529223294,-9.549155732942772,0.0,0.0,3
193,0.11213039932675542,-0.2048420647667868,38.2528530899425,4.2893076923629625,4.084465627596176,4.084465627596176,3
186,0.014531005525241732,-0.5610281617494846,38.609039186925195,0.5610281617494846,0.0,0.0,3
2,-0.20769150255020452,6.543267516728254,31.504743508447458,-6.543267516728254,0.0,0.0,3
187,-0.024490605737027597,0.9095435642626502,37.13846746091306,-0.9095435642626502,0.0,0.0,3
5,-0.27664777834400733,8.244950486011682,29.80306053916403,-8.244950486011682,0.0,0.0,3
66,0.6991933157038177,8.53811822439711,29.5098928007786,20.63311979344061,29.17123801783772,29.17123801783772,3
170,-0.3157450437129717,9.130546196422882,28.917464828752827,-9.130546196422882,0.0,0.0,3
159,-0.05466457038267214,1.9720755157744088,36.075935509401305,-1.9720755157744088,0.0,0.0,3
92,0.008065512050080582,-0.30937193447058275,38.357382959646294,0.30937193447058275,0.0,0.0,3
31,0.013504297359738189,-0.5208453047037123,38.568856329879424,0.5208453047037123,0.0,0.0,3
17,3.6307912909147753,12.393134052671408,25.654876972504304,93.14750388125864,105.54063793393006,105.54063793393006,3
163,-0.17717131338156006,5.726452903037633,32.32155812213808,-5.726452903037633,0.0,0.0,3
84,-0.003945168079061166,0.14951593308178524,37.898495092093924,-0.14951593308178524,0.0,0.0,3
12,-0.14381443367469726,4.783864407493993,33.26414661768172,-4.783864407493993,0.0,0.0,3
47,0.2195277433976863,2.234590742074092,35.81342028310162,7.862039338102226,10.096630080176318,10.096630080176318,3
97,-0.0025703424788480265,0.09754569313499362,37.950465332040714,-0.09754569313499362,0.0,0.0,3
62,-0.2423214715401571,7.421468784055122,30.62654224112059,-7.421468784055122,0.0,0.0,3
82,-0.1874000648196221,6.004884068672148,32.04312695650356,-6.004884068672148,0.0,0.0,3
136,-0.054802518474755646,4.732647216198117,33.315363808977594,-1.8257658406347002,2.906881375563417,2.906881375563417,3
173,0.09575119439171513,-0.3639639702729516,38.41197499544866,3.6779924847589056,3.314028514485954,3.314028514485954,3
73,-0.13036358243455068,4.3880350524636444,33.65997597271207,-4.3880350524636444,0.0,0.0,3
158,-0.1507174880676086,4.983413137583462,33.06459788759225,-4.983413137583462,0.0,0.0,3
28,-0.09150817004356546,3.189810171161858,34.85820085401385,-3.189810171161858,0.0,0.0,3
195,-0.1026674527820548,3.5425842719150404,34.50542675326067,-3.5425842719150404,0.0,0.0,3
9,-0.31098231180304153,9.025490520801474,29.022520504374235,-9.025490520801474,0.0,0.0,3
55,0.8752074221554839,10.30065056337522,27.74736046180049,24.284695821391402,34.58534638476662,34.58534638476662,3
24,0.02537783021631346,-1.0848785983962679,42.74906834623248,1.0848785983962679,0.0,0.0,4
183,0.02183401893310323,-0.9300023977468985,42.59419214558311,0.9300023977468985,0.0,0.0,4
71,-0.5136358318437603,14.138288952342325,27.525900795493886,-14.138288952342325,0.0,0.0,4
43,-0.19102353245609507,6.682353862597658,34.98183588523855,-6.682353862597658,0.0,0.0,4
1,-0.027079447515928647,1.098496559637102,40.565693188199106,-1.098496559637102,0.0,0.0,4
151,-0.08943133206591469,3.420210048053379,38.243979699782834,-3.420210048053379,0.0,0.0,4
68,-1.6160082976954648,25.73756222737319,15.926627520463022,-25.73756222737319,0.0,0.0,4
148,0.03093754621433263,-1.3301390336308487,42.99432878146706,1.3301390336308487,0.0,0.0,4
34,-0.05814182962737403,2.2893265855810077,39.3748631622552,-2.2893265855810077,0.0,0.0,4
67,0.1757101492121997,1.8024521816558958,39.86173756618032,7.0041118556110895,8.806564037266986,8.806564037266986,4
144,-0.220187868960293,7.518472676138266,34.145717071697945,-7.518472676138266,0.0,0.0,4
156,-0.626785040435351,16.052822104151538,25.611367643684673,-16.052822104151538,0.0,0.0,4
9,-0.03276376796036412,1.3217696897429083,40.3424200580933,-1.3217696897429083,0.0,0.0,4
189,-0.1994749730283521,6.928834125829923,34.73535562200629,-6.928834125829923,0.0,0.0,4
6,-1.1338143964990304,22.138503813672937,19.525685934163274,-22.138503813672937,0.0,0.0,4
167,-0.3444820459830624,10.675163250742258,30.989026497093953,-10.675163250742258,0.0,0.0,4
146,-0.005331441214452795,0.22095218480390866,41.443237563032305,-0.22095218480390866,0.0,0.0,4
31,-0.4616362356010775,13.159019492049282,28.50517025578693,-13.159019492049282,0.0,0.0,4
185,-0.017416055040583835,0.7132046111073995,40.95098513672881,-0.7132046111073995,0.0,0.0,4
5,0.24203004540541187,3.306458683615931,38.35773106422028,9.283723391121812,12.590182074737744,12.590182074737744,4
81,-0.09364643108959991,3.567608838843366,38.09658090899285,-3.567608838843366,0.0,0.0,4
177,-0.06413172267802436,2.5109638267228753,39.15322592111333,-2.5109638267228753,0.0,0.0,4
28,-0.004472386234064176,0.1855086822050671,41.47868106563114,-0.1855086822050671,0.0,0.0,4
176,-0.8750438024969722,19.44380764670741,22.220382101128802,-19.44380764670741,0.0,0.0,4
110,0.03487947583388452,-1.5057446847932794,43.16993443262949,1.5057446847932794,0.0,0.0,4
2,-0.18077337036481772,6.378680442216089,35.285509305620124,-6.378680442216089,0.0,0.0,4
48,-0.05359772103339711,2.119504982410895,39.544684765425316,-2.119504982410895,0.0,0.0,4
50,0.218201728416848,2.8780735259704837,38.786116221865726,8.463197598187849,11.341271124158332,11.341271124158332,4
51,-0.08346206861022618,3.209507341391173,38.45468240644504,-3.209507341391173,0.0,0.0,4
79,-0.15746641476020862,5.668164967741189,35.99602478009502,-5.668164967741189,0.0,0.0,4
56,-0.1284730174634447,4.743333774258744,36.92085597357747,-4.743333774258744,0.0,0.0,4
122,0.19469987276731007,2.432698858007539,39.23149088982867,7.638366284721526,10.071065142729065,10.071065142729065,4
179,-0.11647700119515662,4.3466366739834665,37.31755307385274,-4.3466366739834665,0.0,0.0,4
96,-0.04570366700472444,1.8209807561554214,39.84320899168079,-1.8209807561554214,0.0,0.0,4
59,-0.09451022589010809,3.5976749156400127,38.0665148321962,-3.5976749156400127,0.0,0.0,4
111,-0.06979321250235779,4.248841282555002,37.41534846528121,-2.611337366287138,1.637503916267864,1.637503916267864,4
138,2.214056893806374,19.86981380989903,21.794375937937183,48.25398829159758,68.12380210149661,68.12380210149661,4
63,0.16076547796574048,-0.8509897686712776,42.51517951650749,6.8349731557705855,5.9839833870993075,5.9839833870993075,4
3,-0.03628007398226356,1.458659607970457,40.20553013986576,-1.458659607970457,0.0,0.0,4
197,-0.10816925350988217,4.066873619569647,37.59731612826656,-4.066873619569647,0.0,0.0,4
65,-0.14439559344380898,4.676226539220145,32.3848285650066,-4.676226539220145,0.0,0.0,5
112,0.07339347318117595,-1.3986652123053958,38.45972031653214,2.8226924516069296,1.424027239301534,1.424027239301534,5
150,0.39140996188378285,4.4688555248397215,32.59219957938703,12.75691159507652,17.22576711991624,17.22576711991624,5
6,-1.1820515601357846,20.07655492957436,16.984500174652386,-20.07655492957436,0.0,0.0,5
16,0.006637613706151601,-0.24764071069979732,37.308695814926544,0.24764071069979732,0.0,0.0,5
180,0.01840832540136622,-0.6950262311011659,37.75608133532791,0.6950262311011659,0.0,0.0,5
190,-0.07812988675733919,2.685739514289587,34.37531558993716,-2.685739514289587,0.0,0.0,5
126,0.17257132170842307,0.9519100148310664,36.10914508939568,6.2314028938382275,7.1833129086692935,7.1833129086692935,5
35,0.5217453577786442,6.230176859678646,30.8308782445481,16.085867600331564,22.31604446001021,22.31604446001021,5
185,-0.14789323610032165,4.7749034494505995,32.28615165477615,-4.7749034494505995,0.0,0.0,5
163,-0.11077427478401652,3.695990801280903,33.36506430294584,-3.695990801280903,0.0,0.0,5
0,-0.017614384151660473,0.6415078951698621,36.41954720905689,-0.6415078951698621,0.0,0.0,5
29,-0.0380446546862838,1.358299026332121,35.70275607789463,-1.358299026332121,0.0,0.0,5
9,-0.07499312743143148,2.585434601628986,34.475620502597764,-2.585434601628986,0.0,0.0,5
91,-0.025984416774526432,0.9386203983091801,36.12243470591756,-0.9386203983091801,0.0,0.0,5
71,-0.2575851902447771,7.5910395603786505,29.470015543848096,-7.5910395603786505,0.0,0.0,5
43,-0.36891172031741915,9.987683933415862,27.073371170810884,-9.987683933415862,0.0,0.0,5
52,-0.11517906288142436,3.8277777429502784,33.233277361276464,-3.8277777429502784,0.0,0.0,5
121,0.3682764057596182,4.339701919796267,32.72135318443048,12.050502342353093,16.39020426214936,16.39020426214936,5
57,-0.2373510449805721,7.109122502263615,29.95193260196313,-7.109122502263615,0.0,0.0,5
120,7.448215634555956,25.794244389776985,11.266810714449761,83.91763571494727,109.71188010472426,109.71188010472426,5
192,0.29158324827739135,3.2135322771552244,33.84752282707152,9.869370652060667,13.08290292921589,13.08290292921589,5
74,-0.1915711605265446,5.958376278188528,31.10267882603822,-5.958376278188528,0.0,0.0,5
59,0.11470491954008656,-0.10119831548676284,37.16225341971351,4.2626932884365445,4.161494972949781,4.161494972949781,5
111,0.30518108417551043,3.4543560937908375,33.60669901043591,10.256128839564886,13.710484933355723,13.710484933355723,5
162,-0.023900330744431545,0.8650954083437181,36.195959695883026,-0.8650954083437181,0.0,0.0,5
10,-0.11863236976828265,3.9303715071628593,33.130683597063886,-3.9303715071628593,0.0,0.0,5
197,-0.19094882350217263,5.942123397956719,31.118931706270025,-5.942123397956719,0.0,0.0,5
3,-0.12911841242466554,4.238053817194373,32.82300128703237,-4.238053817194373,0.0,0.0,5
110,-0.3856818774954586,10.315338279804894,26.74571682442185,-10.315338279804894,0.0,0.0,5
134,11.257058527032054,24.396540755505242,12.664514348721504,142.56517923999522,166.96171999550046,166.96171999550046,5
70,0.14466858975445043,0.6407981506429783,36.42025695358377,5.268867211969681,5.909665362612659,5.909665362612659,5
85,-0.2837767114064076,8.192284721544318,28.868770382682428,-8.192284721544318,0.0,0.0,5
183,-0.3004884181328183,8.563257978561213,28.497797125665535,-8.563257978561213,0.0,0.0,5
8,0.3362173226880334,4.026125871441352,33.034929232785395,11.106915461835754,15.133041333277106,15.133041333277106,5
153,0.24717701943877504,2.652105888074181,34.408949216152564,8.505101509268766,11.157207397342948,11.157207397342948,5
104,-0.008197788704315307,0.30134830913871524,36.75970679508803,-0.30134830913871524,0.0,0.0,5
36,-0.01271423587696305,0.4652872249161428,36.5957678793106,-0.4652872249161428,0.0,0.0,5
123,1.0567925511833152,7.4852659551378276,29.57578914908892,31.25547366812549,38.740739623263316,38.740739623263316,5
24,-3.1757777910239646,28.185809111997163,8.875245992229583,-28.185809111997163,0.0,0.0,5
123,-0.014568840124915246,0.5880829231125988,40.36580249836601,-0.5880829231125988,0.0,0.0,6
4,0.897874403755347,11.407379976254955,29.546505445223655,26.5290509596843,37.936430935939256,37.936430935939256,6
172,-0.014695554611572287,0.5931237769123752,40.36076164456623,-0.5931237769123752,0.0,0.0,6
117,-0.045001267001299944,1.7636119598985247,39.190273461580084,-1.7636119598985247,0.0,0.0,6
89,-0.33239998527634546,10.216955164769999,30.73693025670861,-10.216955164769999,0.0,0.0,6
151,0.04917944283986707,-1.8378927213726537,42.791778142851264,2.104475807192627,0.26658308581997325,0.26658308581997325,6
99,-0.1529888254918658,5.434126239070527,35.51975918240808,-5.434126239070527,0.0,0.0,6
82,-0.012082146750234151,0.48890384564474587,40.46498157583386,-0.48890384564474587,0.0,0.0,6
24,-0.15954664967546497,5.635008485444322,35.318876936034286,-5.635008485444322,0.0,0.0,6
139,0.007414947853138507,-0.3059394498505328,41.259824871329144,0.3059394498505328,0.0,0.0,6
140,-0.0019337377935441467,0.07904123101632532,40.874844190462284,-0.07904123101632532,0.0,0.0,6
153,-0.035397594017730856,1.4001085360580245,39.55377688542058,-1.4001085360580245,0.0,0.0,6
100,-0.5692341557369248,14.855877503567633,26.098007917910977,-14.855877503567633,0.0,0.0,6
44,0.3992182345721889,5.729427392518785,35.22445802895982,14.062245948083506,19.79167334060229,19.79167334060229,6
118,-0.0883738595806906,3.3253765584886468,37.62850886298996,-3.3253765584886468,0.0,0.0,6
16,0.019515700057998145,-0.8151520061488764,41.76903742762749,0.8151520061488764,0.0,0.0,6
0,-0.04512441092088766,1.7682296339604302,39.18565578751818,-1.7682296339604302,0.0,0.0,6
91,0.14478836219677726,0.950646461792001,40.00323895968661,5.792003451539337,6.742649913331338,6.742649913331338,6
177,-0.028275513957305758,1.1261496973553329,39.82773572412328,-1.1261496973553329,0.0,0.0,6
147,0.37161984273470783,5.349699280026717,35.60418614145189,13.231222054583615,18.58092133461033,18.58092133461033,6
29,2.684853804614551,5.762660895881498,35.191224525597114,94.4832930565943,100.2459539524758,100.2459539524758,6
104,-0.051266335999632415,1.9971681567369282,38.956717264741684,-1.9971681567369282,0.0,0.0,6
142,-0.19395803532107478,6.6529433364702015,34.30094208500841,-6.6529433364702015,0.0,0.0,6
81,-0.04393177206875986,1.723462019075324,39.23042340240329,-1.723462019075324,0.0,0.0,6
45,-0.52192198551971,14.04456561985056,26.90931980162805,-14.04456561985056,0.0,0.0,6
190,-0.1731664125483047,6.045039597534303,34.908845823944304,-6.045039597534303,0.0,0.0,6
164,-0.17202517896974984,6.0110478815219395,34.94283753995667,-6.0110478815219395,0.0,0.0,6
54,-0.08976156586529525,3.3732928365673396,37.58059258491127,-3.3732928365673396,0.0,0.0,6
125,-0.07792125541885571,2.9604928470230103,37.9933925744556,-2.9604928470230103,0.0,0.0,6
64,-0.1479385857576236,5.277860650127613,35.676024771350995,-5.277860650127613,0.0,0.0,6
185,0.15378380605404662,1.3307408496867532,39.623144571791855,6.093397980079889,7.424138829766642,7.424138829766642,6
90,0.023364054362062625,-0.9797394920786966,41.93362491355731,0.9797394920786966,0.0,0.0,6
170,-0.20112045449952637,6.8574837924322045,34.096401629046404,-6.8574837924322045,0.0,0.0,6
130,-0.052012700690248846,2.0248065286022614,38.92907889287635,-2.0248065286022614,0.0,0.0,6
67,0.583110049985985,8.419524575875236,32.53436084560337,18.97111277894186,27.390637354817095,27.390637354817095,6
129,-0.1691011211162184,5.9236517814858445,35.030233639992765,-5.9236517814858445,0.0,0.0,6
2,0.8166639731146751,10.964508029813553,29.98937739166506,24.4912440919126,35.45575212172615,35.45575212172615,6
41,-0.002899169256136698,0.11838901573860205,40.83549640574001,-0.11838901573860205,0.0,0.0,6
47,-0.6929684456496724,16.763307311936433,24.190578109542177,-16.763307311936433,0.0,0.0,6
88,-0.1427237535279952,5.1150527245653095,35.8388326969133,-5.1150527245653095,0.0,0.0,6
186,-0.23216427942936887,7.247028645152046,31.215089000617784,-7.247028645152046,0.0,0.0,7
188,0.0051582671906690546,-0.19942657509508832,38.66154422086492,0.19942657509508832,0.0,0.0,7
182,-0.28340998410869694,8.493426329657764,29.968691316112064,-8.493426329657764,0.0,0.0,7
163,-0.13343476771169366,4.527992152671092,33.93412549309874,-4.527992152671092,0.0,0.0,7
17,-0.10943694224821367,3.793975472832593,34.66814217293724,-3.793975472832593,0.0,0.0,7
7,-0.05911602345695057,2.1468162114381806,36.31530143433165,-2.1468162114381806,0.0,0.0,7
167,-0.3625357254935694,10.23378063696429,28.22833700880554,-10.23378063696429,0.0,0.0,7
161,-0.07723340599721781,2.7575828331266665,35.70453481264316,-2.7575828331266665,0.0,0.0,7
62,-0.05010371111781574,1.8351471488961204,36.62697049687371,-1.8351471488961204,0.0,0.0,7
22,0.15885906881092188,0.8405953817359277,37.6215222640339,5.976519994113791,6.817115375849719,6.817115375849719,7
51,-0.030907872079038112,1.153141075241713,37.30897657052812,-1.153141075241713,0.0,0.0,7
75,-0.08630331381497107,3.055691874411976,35.40642577135785,-3.055691874411976,0.0,0.0,7
82,-0.012286086826860929,0.46681360446445774,37.995304041305374,-0.46681360446445774,0.0,0.0,7
42,0.023489637275241254,-0.9251936557189828,39.387311301488815,0.9251936557189828,0.0,0.0,7
196,0.5049497860764038,6.451392722395902,32.01072492337393,16.163808702208275,22.615201424604177,22.615201424604177,7
183,0.15982101880438432,0.9189361212216196,37.54318152454821,6.000189520411234,6.919125641632854,6.919125641632854,7
156,-0.13988450864799204,4.719999603136333,33.74211804263349,-4.719999603136333,0.0,0.0,7
0,-0.011682794404588677,0.4441560292473756,38.017961616522456,-0.4441560292473756,0.0,0.0,7
15,-0.11513996219021974,3.971274388545594,34.490843257224235,-3.971274388545594,0.0,0.0,7
181,-0.20997486553378206,6.674583258597073,31.787534387172755,-6.674583258597073,0.0,0.0,7
37,0.13680629416534137,0.47821688204223567,37.9839007637276,5.196436701429652,5.674653583471888,5.674653583471888,7
150,0.008495704704856149,-0.3295626608905704,38.7916803066604,0.3295626608905704,0.0,0.0,7
31,-0.03166344368869162,1.18046549354341,37.28165215222642,-1.18046549354341,0.0,0.0,7
57,-0.5589381097971862,13.790119826194008,24.67199781957582,-13.790119826194008,0.0,0.0,7
189,0.04151626476933031,-1.6659682382472807,40.12808588401711,1.6659682382472807,0.0,0.0,7
138,0.42455162793897,5.531170888459586,32.930946757310245,13.98088705538761,19.512057943847196,19.512057943847196,7
101,0.37583992388516346,4.904255118764938,33.55786252700489,12.612384497898299,17.516639616663237,17.516639616663237,7
71,-0.04901799078979525,1.7972386985440698,36.66487894722576,-1.7972386985440698,0.0,0.0,7
56,-0.060362846488311125,2.1895174003463724,36.272600245423455,-2.1895174003463724,0.0,0.0,7
134,-0.18720020584846195,6.064786971216984,32.39733067455285,-6.064786971216984,0.0,0.0,7
55,-0.1821707644176277,5.926955380344151,32.535162265425676,-5.926955380344151,0.0,0.0,7
50,0.2875520814117052,3.6061923144650656,34.85592533130476,10.022893878547663,13.629086193012729,13.629086193012729,7
67,0.5932097588345839,-0.5494408154312673,39.0115584612011,23.142037186530374,22.592596371099106,22.592596371099106,7
162,-0.529459328200199,13.31459202243052,25.14752562333931,-13.31459202243052,0.0,0.0,7
127,-0.06506088619970228,2.349517752060034,36.1125998937098,-2.349517752060034,0.0,0.0,7
29,-0.10613954028844359,3.6906297413231473,34.77148790444668,-3.6906297413231473,0.0,0.0,7
148,0.20531525325851005,2.293303899699874,36.16881374606996,7.426009154334233,9.719313054034107,9.719313054034107,7
170,-0.205403043713701,6.554020311559774,31.908097334210055,-6.554020311559774,0.0,0.0,7
81,3.0501559216002825,3.2050331193809445,35.25708452638889,107.53960514652675,110.7446382659077,110.7446382659077,7
68,0.300165447573795,4.021968909130717,34.44014873663912,10.33774266004135,14.359711569172067,14.359711569172067,7
94,-0.03491053449998943,1.2978981151250055,37.17783567952529,-1.2978981151250055,0.0,0.0,8
75,0.4769737677329898,5.990714358985986,32.48501943566431,15.494502115108208,21.485216474094194,21.485216474094194,8
10,-0.5747357908123759,14.042597760572221,24.433136034078075,-14.042597760572221,0.0,0.0,8
186,-0.2680762440973136,8.133919590852607,30.34181420379769,-8.133919590852607,0.0,0.0,8
21,0.2343651300620055,2.3188441681889724,36.15688962646132,8.473914139943185,10.792758308132157,10.792758308132157,8
49,-0.19687521514833112,6.328912381958647,32.14682141269165,-6.328912381958647,0.0,0.0,8
171,-0.4007105143928244,11.007007459481294,27.468726335169002,-11.007007459481294,0.0,0.0,8
63,-0.2939005237793153,8.739495894175786,29.73623790047451,-8.739495894175786,0.0,0.0,8
185,-0.1493144877051766,4.998618343443931,33.477115451206366,-4.998618343443931,0.0,0.0,8
35,0.8558694720476501,3.8203979417933933,34.6553358528569,29.660444000018636,33.48084194181203,33.48084194181203,8
74,-0.0021739407943554166,0.08346252470170068,38.392271269948594,-0.08346252470170068,0.0,0.0,8
44,-0.5828716827175597,14.168183021745524,24.307550772904772,-14.168183021745524,0.0,0.0,8
84,-0.06967329076626812,2.5061212720379675,35.96961252261233,-2.5061212720379675,0.0,0.0,8
100,-0.0074171435224408295,0.2832789192849299,38.192454875365364,-0.2832789192849299,0.0,0.0,8
124,0.010946204151654409,-0.4258243977919367,38.90155819244223,0.4258243977919367,0.0,0.0,8
42,0.0160028937665063,-0.6257366780894369,39.101470472739734,0.6257366780894369,0.0,0.0,8
61,0.26614102970814096,3.0600270675625616,35.41570672708774,9.425572656188665,12.485599723751227,12.485599723751227,8
155,0.03134197121315235,-1.2449237038866283,39.72065749853692,1.2449237038866283,0.0,0.0,8
144,-0.032953588321210675,1.2274641437531115,37.248269650897186,-1.2274641437531115,0.0,0.0,8
163,0.44632809209783336,5.822397623129477,32.65333617152082,14.574101234064058,20.396498857193535,20.396498857193535,8
23,-0.0943140525322837,3.316052069266246,35.15968172538405,-3.316052069266246,0.0,0.0,8
24,-0.01561475798706958,0.5915523251839432,37.884181469466355,-0.5915523251839432,0.0,0.0,8
196,-0.1615287308619819,5.350652363305008,33.125081431345286,-5.350652363305008,0.0,0.0,8
129,0.26361011655159416,3.1240203682460774,35.35171342640422,9.319069296632971,12.443089664879048,12.443089664879048,8
177,-0.1869263703262686,6.059456966902435,32.41627682774786,-6.059456966902435,0.0,0.0,8
43,0.40864270581214895,3.548208771392479,34.927525023257814,14.272878332825615,17.821087104218094,17.821087104218094,8
184,0.10252276549647181,-0.14229220930717035,38.61802600395747,3.959226823940382,3.8169346146332117,3.8169346146332117,8
8,0.13432020967974087,0.6246095890082217,37.85112420564207,5.084170939915758,5.70878052892398,5.70878052892398,8
34,0.29955526029170687,3.776612103172133,34.69912169147816,10.394304430184352,14.170916533356486,14.170916533356486,8
111,-0.06480578555905828,2.341694783536863,36.13403901111343,-2.341694783536863,0.0,0.0,8
25,0.23520716444447806,2.6993572035421423,35.77637659110815,8.41486009209235,11.114217295634493,11.114217295634493,8
176,-0.11418544980698254,3.9431218301737423,34.53261196447655,-3.9431218301737423,0.0,0.0,8
116,2.8817376641675523,19.065429851118186,19.41030394353211,55.935403947016454,75.00083379813464,75.00083379813464,8
56,-0.2590075648936493,7.915366353251789,30.560367441398505,-7.915366353251789,0.0,0.0,8
98,-0.18248930112771103,5.937820971289499,32.5379128233608,-5.937820971289499,0.0,0.0,8
104,-0.1438920754684193,4.839926169272147,33.63580762537815,-4.839926169272147,0.0,0.0,8
165,-0.059078883449515604,2.1463022519012283,36.32943154274907,-2.1463022519012283,0.0,0.0,8
58,0.8572536021667818,10.232504559695764,28.243229234954534,24.211609998486935,34.4441145581827,34.4441145581827,8
173,0.012454387259305125,-0.4852349932826163,38.96096878793291,0.4852349932826163,0.0,0.0,8
188,-0.12615502498207543,4.310158948271842,34.165574846378455,-4.310158948271842,0.0,0.0,8
39,-0.11474757534374251,4.4137781075228135,38.46510999731994,-4.4137781075228135,0.0,0.0,9
171,0.3390992092340696,5.13914431397625,37.739743790866505,12.79751727617922,17.93666159015547,17.93666159015547,9
8,-0.1257575111970112,4.789967819292192,38.088920285550564,-4.789967819292192,0.0,0.0,9
114,-0.056191679249116736,2.281249487459552,40.597638617383204,-2.281249487459552,0.0,0.0,9
153,-0.1114509270951888,4.299687656553015,38.57920044828974,-4.299687656553015,0.0,0.0,9
6,-0.05397681039421471,2.1959359924476667,40.68295211239509,-2.1959359924476667,0.0,0.0,9
29,-0.2893084744870762,9.621611856890377,33.25727624795238,-9.621611856890377,0.0,0.0,9
14,0.15216843918502926,1.3225499876152298,41.556338117227526,6.3235631095438505,7.6461130971590805,7.6461130971590805,9
38,-0.015050347422880157,0.6357735502708328,42.243114554571925,-0.6357735502708328,0.0,0.0,9
142,-0.10064807951397703,3.921033271009613,38.957854833833146,-3.921033271009613,0.0,0.0,9
168,0.2903914903113838,4.376351620213758,38.502536484629,11.180808950539841,15.5571605707536,15.5571605707536,9
59,-0.424754343347243,12.783252106214846,30.095635998627912,-12.783252106214846,0.0,0.0,9
31,-0.05701215894754336,2.312762406216125,40.566125698626635,-2.312762406216125,0.0,0.0,9
137,0.5411115424146389,8.4213384277856,34.45754967705716,18.64537785358144,27.06671628136704,27.06671628136704,9
94,0.36303528072813707,5.758293338535612,37.12059476630715,13.476085541781732,19.234378880317344,19.234378880317344,9
27,-0.21142807456352938,7.4835650104099525,35.395323094432804,-7.4835650104099525,0.0,0.0,9
43,-0.16504310389828905,6.074337302071616,36.804550802771146,-6.074337302071616,0.0,0.0,9
105,-0.0801408811392898,3.1813922933558287,39.69749581148693,-3.1813922933558287,0.0,0.0,9
189,-0.029648522169076888,1.234688961514423,41.644199143328336,-1.234688961514423,0.0,0.0,9
74,-0.1513180430830895,5.635583908881129,37.24330419596163,-5.635583908881129,0.0,0.0,9
182,-0.10739214015689875,4.158288102419458,38.7206000024233,-4.158288102419458,0.0,0.0,9
45,-0.7099676714786919,17.80304087098055,25.07584723386221,-17.80304087098055,0.0,0.0,9
149,0.2075161785196668,2.854788714166138,40.02409939067662,8.305648154244537,11.160436868410674,11.160436868410674,9
178,-0.15278727127368416,5.683050526356132,37.195837578486625,-5.683050526356132,0.0,0.0,9
10,-0.06490321563891632,2.613362116064091,40.26552598877867,-2.613362116064091,0.0,0.0,9
95,-0.2714109971464996,9.153453763722302,33.725434341120454,-9.153453763722302,0.0,0.0,9
18,-0.008094035692250154,0.3442766631649321,42.534611441677825,-0.3442766631649321,0.0,0.0,9
78,-0.14288357379083427,5.360728698090911,37.51815940675185,-5.360728698090911,0.0,0.0,9
101,0.5370733688938238,22.638168516394163,20.240719588448595,10.870751458203298,33.50891997459746,33.50891997459746,9
19,-0.9187322354547338,20.531377955944578,22.34751014889818,-20.531377955944578,0.0,0.0,9
194,0.009082007227615412,-0.3929955601984374,43.271883665041194,0.3929955601984374,0.0,0.0,9
180,-0.22813722739783718,7.96512834878191,34.91375975606085,-7.96512834878191,0.0,0.0,9
125,-0.07847999074881448,3.1202570011994544,39.7586311036433,-3.1202570011994544,0.0,0.0,9
25,-0.005647166302915314,0.240784462111443,42.638103642731316,-0.240784462111443,0.0,0.0,9
199,-0.3275347527979175,10.57925299964416,32.2996351051986,-10.57925299964416,0.0,0.0,9
47,0.10873678666218611,0.5470537367917925,42.33183436805096,4.603027642697755,5.150081379489548,5.150081379489548,9
84,-0.05322642509792049,2.1669508774263218,40.711937227416435,-2.1669508774263218,0.0,0.0,9
40,-0.06963620475638245,2.791531380966025,40.08735672387673,-2.791531380966025,0.0,0.0,9
104,1.3948247954597337,16.431819428782656,26.447068676060102,36.88902715659506,53.32084658537772,53.32084658537772,9
68,-0.8357573351347767,19.52128670286078,23.357601401981977,-19.52128670286078,0.0,0.0,9
55,0.004783289184465302,-0.19766701442436063,41.324495927681774,0.19766701442436063,0.0,0.0,10
141,-0.22826406165559887,7.6431260213712555,33.48370289188615,-7.6431260213712555,0.0,0.0,10
80,-0.11938895087979154,4.38640112813992,36.74042778511749,-4.38640112813992,0.0,0.0,10
115,-0.0793073597056633,3.0219938600867717,38.10483505317064,-3.0219938600867717,0.0,0.0,10
38,0.24621356522635102,3.0151252315822155,38.111703681675195,9.383618440315498,12.398743671897714,12.398743671897714,10
9,-0.1917084308455499,6.616014146194972,34.51081476706244,-6.616014146194972,0.0,0.0,10
94,0.26887478873095955,3.46317634520069,37.66365256805672,10.126806627072511,13.589982972273202,13.589982972273202,10
77,-0.05923379281148007,2.2998681493865902,38.82696076387082,-2.2998681493865902,0.0,0.0,10
54,0.19033094412709228,1.9596275201171613,39.16720139314025,7.454730419972348,9.41435794008951,9.41435794008951,10
85,0.03309766438238238,-1.407796765340497,42.53462567859791,1.407796765340497,0.0,0.0,10
150,-0.14673001248935308,5.262389624729366,35.86443928852805,-5.262389624729366,0.0,0.0,10
14,-0.07317045700368541,2.804092161740428,38.322736751516985,-2.804092161740428,0.0,0.0,10
46,-0.023145856610239733,0.9303812146724484,40.19644769858496,-0.9303812146724484,0.0,0.0,10
110,0.8715807247214219,11.355429892036703,29.77139902122071,25.948177534886177,37.30360742692288,37.30360742692288,10
108,-0.4380037608113141,12.526883604314776,28.599945308942637,-12.526883604314776,0.0,0.0,10
12,-0.05439314663711537,2.121616251901027,39.00521266135639,-2.121616251901027,0.0,0.0,10
101,-0.09311337933441502,3.5032578448115244,37.62357106844589,-3.5032578448115244,0.0,0.0,10
24,-0.02927015688689715,1.16955565698375,39.957273256273666,-1.16955565698375,0.0,0.0,10
152,-0.022560352171842397,0.9073652640878782,40.21946364916953,-0.9073652640878782,0.0,0.0,10
1,1.0425125297581999,12.861298204647783,28.26553070860963,29.46716992399071,42.32846812863849,42.32846812863849,10
155,-0.053005511602190185,2.070215761554825,39.056613151702585,-2.070215761554825,0.0,0.0,10
86,-0.08172288194880742,3.1070831913547288,38.01974572190268,-3.1070831913547288,0.0,0.0,10
89,1.1725032264323638,11.037307437116324,30.089521476141087,35.28006101258133,46.31736844969765,46.31736844969765,10
56,-0.2337237522069088,7.791303971236195,33.335524942021216,-7.791303971236195,0.0,0.0,10
122,0.6005424622636919,8.660053402601143,32.46677551065627,19.497677306932047,28.15773070953319,28.15773070953319,10
45,-0.6437135515973049,16.106150052703054,25.02067886055436,-16.106150052703054,0.0,0.0,10
72,-0.09758524088743194,3.6565465322688646,37.47028238098855,-3.6565465322688646,0.0,0.0,10
138,-0.01027810719693972,0.418405539256389,40.70842337400102,-0.418405539256389,0.0,0.0,10
149,-0.013110122082738693,0.5322005339560496,40.59462837930136,-0.5322005339560496,0.0,0.0,10
172,-0.3281998949901756,10.162492092886245,30.964336820371166,-10.162492092886245,0.0,0.0,10
163,0.11422919398605685,1.4391455991233832,39.68768331413403,4.533492076147407,5.972637675270791,5.972637675270791,10
91,-0.004661202092412312,0.19081105210941085,40.936017861148,-0.19081105210941085,0.0,0.0,10
47,0.56130427347583,8.273809717323335,32.85301919593408,18.440540071261275,26.71434978858461,26.71434978858461,10
81,0.013702902190621239,-0.5713865682667743,41.69821548152419,0.5713865682667743,0.0,0.0,10
4,-0.019466323247479697,0.7853012184051487,40.34152769485226,-0.7853012184051487,0.0,0.0,10
130,-0.08494697956166394,3.2200650916065943,37.90676382165082,-3.2200650916065943,0.0,0.0,10
71,0.09818265560959814,0.14047622634088186,40.98635268691653,4.024148950553053,4.164625176893935,4.164625176893935,10
180,-0.16797786528460482,5.914835487991677,35.21199342526573,-5.914835487991677,0.0,0.0,10
175,-0.2101804245720819,7.142781511565386,33.984047401692024,-7.142781511565386,0.0,0.0,10
121,-0.23634516536036057,7.861985028604801,33.26484388465261,-7.861985028604801,0.0,0.0,10
24,-0.01611081730004459,0.5944681935494223,36.89869871144135,-0.5944681935494223,0.0,0.0,11
53,-0.08446073400132713,2.9200692081728357,34.57309769681794,-2.9200692081728357,0.0,0.0,11
186,0.010448984535141294,-0.3959022981545639,37.88906920314534,0.3959022981545639,0.0,0.0,11
196,0.2624840833013742,-0.7288689770093864,38.22203588200016,10.032676050399042,9.303807073389656,9.303807073389656,11
136,0.01964215737093771,-0.7512019108325851,38.24436881582336,0.7512019108325851,0.0,0.0,11
0,-0.1843177220057986,5.835136117871301,31.658030787119472,-5.835136117871301,0.0,0.0,11
175,-0.05572409389016841,1.9789950470438131,35.51417185794696,-1.9789950470438131,0.0,0.0,11
184,0.32539547314759076,3.7111553757837035,33.78201152920707,10.992513625423701,14.703669001207405,14.703669001207405,11
120,-0.3392237746527161,9.496974174083348,27.996192730907424,-9.496974174083348,0.0,0.0,11
39,-0.01069744576462724,0.3968359880506318,37.09633091694014,-0.3968359880506318,0.0,0.0,11
115,-0.07174589940158697,2.5099055499203105,34.98326135507046,-2.5099055499203105,0.0,0.0,11
16,1.244822796220429,12.621853089030445,24.871313815960328,30.960378410059526,43.58223149908997,43.58223149908997,11
55,-0.05728818983884087,2.031532825160808,35.46163407982996,-2.031532825160808,0.0,0.0,11
79,-0.051986964480385166,1.8528327840161665,35.64033412097461,-1.8528327840161665,0.0,0.0,11
137,0.022864789917362474,-0.877333429164548,38.370500334155324,0.877333429164548,0.0,0.0,11
143,-0.03170455943848663,1.1521751336674733,36.3409917713233,-1.1521751336674733,0.0,0.0,11
67,-0.03963514739563615,1.429392994581951,36.06377391040882,-1.429392994581951,0.0,0.0,11
19,0.024109945351518537,-0.9262910312784153,38.41945793626919,0.9262910312784153,0.0,0.0,11
51,-0.0025057833812972543,0.09371492524048297,37.39945197975029,-0.09371492524048297,0.0,0.0,11
27,0.2528345550205589,2.6833157911614895,34.80985111382928,8.801133216696932,11.484449007858423,11.484449007858423,11
149,0.5832675653524623,7.228575486778405,30.26459141821237,17.65235455288775,24.880930039666154,24.880930039666154,11
7,-0.41870175348481586,11.065366408589922,26.42780049640085,-11.065366408589922,0.0,0.0,11
23,-0.04354860033571817,1.5646371815750042,35.92852972341577,-1.5646371815750042,0.0,0.0,11
113,-0.048063104758961604,1.7193983840450568,35.773768520945715,-1.7193983840450568,0.0,0.0,11
169,0.013594877462933017,-0.5167400271195277,38.0099069321103,0.5167400271195277,0.0,0.0,11
45,0.16032161974012388,1.0327160295898727,36.4604508754009,5.84539854079949,6.8781145703893625,6.8781145703893625,11
195,-0.06479058667503106,2.2813915811040055,35.21177532388677,-2.2813915811040055,0.0,0.0,11
190,-0.2191515774702596,6.7396760365385315,30.75349086845224,-6.7396760365385315,0.0,0.0,11
170,0.009626366550716796,-0.3644311152727471,37.85759802026352,0.3644311152727471,0.0,0.0,11
171,-0.9354746509864018,18.121605057935515,19.371561847055258,-18.121605057935515,0.0,0.0,11
60,-0.25745794307369513,7.6765300055144206,29.81663689947635,-7.6765300055144206,0.0,0.0,11
130,-0.3247532850380449,9.191167333867591,28.301999571123183,-9.191167333867591,0.0,0.0,11
26,-1.7870618771077729,24.04058904407199,13.452577860918783,-24.04058904407199,0.0,0.0,11
63,-0.17678832301329206,5.632579769841846,31.860587135148926,-5.632579769841846,0.0,0.0,11
88,-0.2377822311748253,7.202566538717451,30.29060036627332,-7.202566538717451,0.0,0.0,11
17,-0.06002800535881488,2.123189210581182,35.36997769440959,-2.123189210581182,0.0,0.0,11
114,-0.10591486366608542,3.590767962000096,33.90239894299068,-3.590767962000096,0.0,0.0,11
140,-0.056256107784347344,1.9968827853768196,35.496284119613954,-1.9968827853768196,0.0,0.0,11
103,-0.09801153652970795,3.346743431619232,34.14642347337154,-3.346743431619232,0.0,0.0,11
185,0.1741817767392702,1.468116189095445,36.025050715895325,6.274907340816966,7.743023529912412,7.743023529912412,11
89,-0.10092490829078002,3.8011750787553322,37.66339888864272,-3.8011750787553322,0.0,0.0,12
86,0.20356634362044335,2.162710782948464,39.30186318444959,8.000536585929316,10.16324736887778,10.16324736887778,12
20,-0.0972507426312228,3.6750584479412893,37.789515519456764,-3.6750584479412893,0.0,0.0,12
65,-0.09636814741523338,3.6446372379757666,37.81993672942229,-3.6446372379757666,0.0,0.0,12
67,0.6675739512921429,9.304599987523078,32.15997397987498,21.46916090319764,30.77376089072072,30.77376089072072,12
112,-0.1474936792262127,5.329669943038823,36.13490402435923,-5.329669943038823,0.0,0.0,12
10,0.005685530860085202,-0.23709613226874793,41.7016700996668,0.23709613226874793,0.0,0.0,12
35,-0.2425278212675164,8.093430675733499,33.37114329166455,-8.093430675733499,0.0,0.0,12
169,0.007468851473637483,-0.31202319931214295,41.7765971667102,0.31202319931214295,0.0,0.0,12
107,-0.2710982924445061,8.843513728495779,32.621060238902274,-8.843513728495779,0.0,0.0,12
114,0.7092002510091441,8.164108013338819,33.300465954059234,23.616698813340264,31.780806826679083,31.780806826679083,12
40,-0.015662698212210932,0.6394318799857697,40.82514208741228,-0.6394318799857697,0.0,0.0,12
121,0.12727163688901508,0.5688132919869056,40.89576067541115,5.20487040298099,5.773683694967895,5.773683694967895,12
164,-0.03642199434875214,1.4571501636868995,40.007423803711156,-1.4571501636868995,0.0,0.0,12
130,-0.31215109653386397,9.864117223559989,31.600456743838066,-9.864117223559989,0.0,0.0,12
42,0.36692010971801464,4.842990321301094,36.62158364609696,13.437195489473346,18.28018581077444,18.28018581077444,12
63,-0.059697080700561865,2.3358694323379257,39.12870453506013,-2.3358694323379257,0.0,0.0,12
78,0.1670358019229788,1.647877873738147,39.81669609365991,6.65081376192802,8.298691635666167,8.298691635666167,12
2,-0.03887232892749267,1.5515136106888674,39.91306035670919,-1.5515136106888674,0.0,0.0,12
129,-0.0053081477601351805,0.21893793054437571,41.245636036853675,-0.21893793054437571,0.0,0.0,12
195,-0.061089666451021145,2.387222374593698,39.077351592804355,-2.387222374593698,0.0,0.0,12
47,-0.07755183378698632,9.182690682929826,32.28188328446823,-2.503519246807972,6.6791714361218535,6.6791714361218535,12
185,-0.10243212955320652,3.8526676596575413,37.61190630774051,-3.8526676596575413,0.0,0.0,12
161,0.010658038002233531,2.7129985940038703,38.75157537339418,0.41301576297605225,3.1260143569799226,3.1260143569799226,12
76,-0.07274886821401177,2.811935688290651,38.6526382791074,-2.811935688290651,0.0,0.0,12
9,-0.20916754536271304,7.172738955435374,34.291835011962675,-7.172738955435374,0.0,0.0,12
181,0.012521343166123602,-0.5257755763021519,41.990349543700205,0.5257755763021519,0.0,0.0,12
189,-0.02227296435742933,0.903417198998663,40.56115676839939,-0.903417198998663,0.0,0.0,12
166,-0.1810323213768792,6.355819349186131,35.10875461821192,-6.355819349186131,0.0,0.0,12
124,-0.010170924049487525,0.4174868059715633,41.04708716142649,-0.4174868059715633,0.0,0.0,12
105,0.5051162263533225,7.656980405519559,33.80759356187849,17.076764082062944,24.733744487582502,24.733744487582502,12
141,-0.32944100632314977,10.275093749635626,31.189480217762426,-10.275093749635626,0.0,0.0,12
81,-0.1783873015769391,6.277013891089174,35.18756007630888,-6.277013891089174,0.0,0.0,12
98,-0.21238298174442705,7.263686465878442,34.20088750151961,-7.263686465878442,0.0,0.0,12
198,0.1176213456800804,0.6655307501575203,40.79904321724053,4.798838365671588,5.464369115829109,5.464369115829109,12
175,-0.11221709009448938,4.183566206696054,37.281007760701996,-4.183566206696054,0.0,0.0,12
176,0.5394243071963184,6.089130793549188,35.375443173848865,19.082373925816157,25.171504719365345,25.171504719365345,12
66,0.1782174821664094,2.1401647772487586,39.3244091901493,7.008297193550018,9.148461970798776,9.148461970798776,12
196,0.32471262903851755,4.99601462669286,36.46855934070519,11.84180178076757,16.83781640746043,16.83781640746043,12
77,-0.05539236258543249,2.1762718748750407,39.28830209252301,-2.1762718748750407,0.0,0.0,12
44,-0.0739195342656333,2.5462094671520483,34.44569141902498,-2.5462094671520483,0.0,0.0,13
84,2.092397536485195,16.521827250045643,20.470073636131385,42.831531647911845,59.35335889795749,59.35335889795749,13
63,-0.008704686301785416,0.31922414686251566,36.67267673931451,-0.31922414686251566,0.0,0.0,13
50,0.02678823484643167,-1.018224156176808,38.010125042353835,1.018224156176808,0.0,0.0,13
132,0.11036073681039896,-0.48191493124007345,37.473815817417105,4.135637924707335,3.653722993467261,3.653722993467261,13
156,0.0036019274615496357,-0.1337238071099356,37.125624693286966,0.1337238071099356,0.0,0.0,13
144,-0.03280260519546252,1.1748912271278575,35.81700965904917,-1.1748912271278575,0.0,0.0,13
177,-0.13814506124964845,4.489979869570364,32.501921016606666,-4.489979869570364,0.0,0.0,13
49,-0.199870644447512,6.161993464606446,30.82990742157058,-6.161993464606446,0.0,0.0,13
90,0.5575519488470542,6.589436490769466,30.402464395407563,16.95095327341266,23.540389764182127,23.540389764182127,13
95,-0.17369227448411292,5.474354344911326,31.517546541265702,-5.474354344911326,0.0,0.0,13
153,-0.28571034510293575,8.220334236602154,28.771566649574872,-8.220334236602154,0.0,0.0,13
143,-0.07105454567208039,2.4540698899369353,34.53783099624009,-2.4540698899369353,0.0,0.0,13
117,1.0012004923923326,10.692398356814827,26.2995025293622,26.33107488207083,37.02347323888566,37.02347323888566,13
34,-0.05488341659606773,1.9246125923258437,35.067288293851185,-1.9246125923258437,0.0,0.0,13
8,-0.3144005410293977,8.848348193170587,28.14355269300644,-8.848348193170587,0.0,0.0,13
188,0.45639513349338484,5.449764488100276,31.542136398076753,14.395677552066793,19.845442040167068,19.845442040167068,13
107,0.940388168124186,2.6028153717218303,34.389085514455196,32.3390891304045,34.941904502126334,34.941904502126334,13
39,-0.7406947391546003,15.740672825280601,21.251228060896427,-15.740672825280601,0.0,0.0,13
104,-0.2056051487391842,6.308637029131484,30.683263857045546,-6.308637029131484,0.0,0.0,13
150,1.3107326478822654,11.402246413802155,25.589654472374875,33.54119556496818,44.94344197877033,44.94344197877033,13
121,-0.14367800203635256,4.647219235999398,32.344681650177634,-4.647219235999398,0.0,0.0,13
135,-0.14512464004449,4.688080330241885,32.30382055593515,-4.688080330241885,0.0,0.0,13
70,0.008534128187800648,-0.31841098422886405,37.31031187040589,0.31841098422886405,0.0,0.0,13
179,-0.4471949002058986,11.430795826372,25.56110505980503,-11.430795826372,0.0,0.0,13
11,-0.08874992759322599,3.0154110158623997,33.97648987031463,-3.0154110158623997,0.0,0.0,13
128,-0.38159475258154224,10.217117023501817,26.77478386267521,-10.217117023501817,0.0,0.0,13
64,0.2706961971187119,2.926547496234013,34.06535338994301,9.221361616162595,12.147909112396608,12.147909112396608,13
35,-0.26230081907712155,7.68676194693265,29.30513893924438,-7.68676194693265,0.0,0.0,13
92,-0.09924364780413772,3.3397611080009226,33.65213977817611,-3.3397611080009226,0.0,0.0,13
166,0.11764219233192114,0.05306249490760129,36.93883839126943,4.34556593054347,4.398628425451071,4.398628425451071,13
197,0.40738831708953593,4.993325750650423,31.998575135526604,13.035845673725252,18.029171424375676,18.029171424375676,13
41,0.3863947960917899,4.724983509092983,32.26691737708404,12.46776896042902,17.192752469522002,17.192752469522002,13
113,-0.0233800219986907,0.8451127029068695,36.14678818327016,-0.8451127029068695,0.0,0.0,13
100,-0.3661594866144603,9.914607752673062,27.077293133503964,-9.914607752673062,0.0,0.0,13
101,-0.13757988506909044,4.4738321582561404,32.51806872792089,-4.4738321582561404,0.0,0.0,13
126,0.013943668042576513,-0.5230966725773392,37.51499755875437,0.5230966725773392,0.0,0.0,13
37,-0.29407625493987233,8.406335897276268,28.58556498890076,-8.406335897276268,0.0,0.0,13
56,-0.2985081335900182,8.503899980164537,28.48800090601249,-8.503899980164537,0.0,0.0,13
183,-0.1200676698278398,3.965413395592754,33.02648749058427,-3.965413395592754,0.0,0.0,13
149,-0.11643023407569096,4.551546958927322,39.09248310854012,-4.551546958927322,0.0,0.0,14
51,-0.010358538454085724,0.4474534004897506,43.19657666697769,-0.4474534004897506,0.0,0.0,14
74,-0.15556325430659268,5.87540952262632,37.76862054484112,-5.87540952262632,0.0,0.0,14
83,-0.045191958719985784,1.8870784344708262,41.75695163299662,-1.8870784344708262,0.0,0.0,14
182,0.06030283109273534,-1.3297704514614899,44.97380051892893,2.7120474962913446,1.3822770448298547,1.3822770448298547,14
139,-0.059440165428971126,2.4486596335026154,41.195370433964825,-2.4486596335026154,0.0,0.0,14
42,-0.158854138739852,5.982663888177322,37.66136617929012,-5.982663888177322,0.0,0.0,14
84,0.007068433845504506,-0.31069103833395784,43.9547211058014,0.31069103833395784,0.0,0.0,14
69,-0.057276741532475466,2.3643647225102002,41.27966534495724,-2.3643647225102002,0.0,0.0,14
176,-0.09746467103156188,3.87597992472869,39.76805014273875,-3.87597992472869,0.0,0.0,14
146,-0.1250627169449405,4.851499295511073,38.792530771956365,-4.851499295511073,0.0,0.0,14
183,-0.03972913694285864,1.6676840012265113,41.97634606624093,-1.6676840012265113,0.0,0.0,14
95,-0.13977993694737773,5.352401435753393,38.29162863171405,-5.352401435753393,0.0,0.0,14
49,0.01678311343185864,-0.7449858899417823,44.38901595740922,0.7449858899417823,0.0,0.0,14
117,-0.3157239154074298,10.472914488898253,33.171115578569186,-10.472914488898253,0.0,0.0,14
185,0.019667757679311323,-0.8756013221431227,44.519631389610566,0.8756013221431227,0.0,0.0,14
27,-0.015068234230612074,0.6478761187152542,42.99615394875219,-0.6478761187152542,0.0,0.0,14
166,-0.06217897986863725,2.5548813508688273,41.089148716598615,-2.5548813508688273,0.0,0.0,14
52,0.8473941430238454,9.479211817546316,34.164818249921126,28.951066882457347,38.43027870000366,38.43027870000366,14
34,0.01378898021549118,-0.6102209923147157,44.254251059782156,0.6102209923147157,0.0,0.0,14
140,-0.08473540090641767,3.409305515288194,40.234724552179244,-3.409305515288194,0.0,0.0,14
5,-0.005361427770276327,0.23274646146854394,43.4112836059989,-0.23274646146854394,0.0,0.0,14
151,1.750372673279783,16.240918138588345,27.403111928879095,47.965658283137216,64.20657642172556,64.20657642172556,14
19,-0.015575633063957013,0.6693577274124789,42.97467234005496,-0.6693577274124789,0.0,0.0,14
143,0.4027119649195016,6.694650879953395,36.94937918751405,14.87995709515952,21.574607975112915,21.574607975112915,14
168,-0.0901430710882408,3.6088904376759414,40.0351396297915,-3.6088904376759414,0.0,0.0,14
17,0.028811890986514946,-1.2947718622640099,44.93880192973145,1.2947718622640099,0.0,0.0,14
115,0.3183303525412534,5.265382287567023,38.37864777990042,12.217088477832293,17.482470765399317,17.482470765399317,14
28,-0.2858973997600221,9.703507226677486,33.94052284078995,-9.703507226677486,0.0,0.0,14
50,0.815955532460776,12.05200580333142,31.592024264136022,25.77768697995686,37.82969278328828,37.82969278328828,14
87,-0.13689459712761856,5.255220605504348,38.38880946196309,-5.255220605504348,0.0,0.0,14
190,-0.013482859311545985,0.5806179273601875,43.06341214010725,-0.5806179273601875,0.0,0.0,14
109,-0.06117509973146454,2.516010687337081,41.12801938013036,-2.516010687337081,0.0,0.0,14
23,-0.5186975543463839,14.90622776933249,28.73780229813495,-14.90622776933249,0.0,0.0,14
10,-0.4091551715179627,12.67225992489794,30.9717701425695,-12.67225992489794,0.0,0.0,14
38,0.30800543222097565,5.178615811172203,38.46541425629524,11.847556543569095,17.0261723547413,17.0261723547413,14
114,-0.155597506075904,5.876528979938495,37.76750108752894,-5.876528979938495,0.0,0.0,14
178,0.007667956349721305,-0.3372465089933212,43.981276576460765,0.3372465089933212,0.0,0.0,14
173,-0.20416707911999868,7.399865263225862,36.24416480424158,-7.399865263225862,0.0,0.0,14
85,0.13762835166527215,1.424610201156514,42.21941986631093,5.810589164464417,7.2351993656209315,7.2351993656209315,14
133,0.11281571004665862,-0.015451664242983387,41.57052061999948,4.6898078007545045,4.674356136511521,4.674356136511521,15
70,-0.07619352004081656,2.9420609958308073,38.61300795992569,-2.9420609958308073,0.0,0.0,15
37,-0.020349988298743158,0.8287795135991294,40.726289442157366,-0.8287795135991294,0.0,0.0,15
81,-0.17480373533394378,6.1831445177189694,35.371924438037524,-6.1831445177189694,0.0,0.0,15
158,0.1795947204810446,1.6957881824803773,39.85928077327612,7.158516389052,8.854304571532378,8.854304571532378,15
140,-0.15867150955936107,5.690659920999311,35.86440903475719,-5.690659920999311,0.0,0.0,15
147,-1.5529600997491697,25.27785845025768,16.277210505498818,-25.27785845025768,0.0,0.0,15
18,-0.026499352164025842,1.072755091503467,40.48231386425303,-1.072755091503467,0.0,0.0,15
79,-0.20052803143783166,6.941075889732539,34.61399306602396,-6.941075889732539,0.0,0.0,15
25,0.37558288102605153,5.496665752899755,36.05840320285674,13.542918960127938,19.039584713027693,19.039584713027693,15
110,-0.05283390198889389,2.085339801655937,39.46972915410056,-2.085339801655937,0.0,0.0,15
170,-0.021517585786810192,0.8753297775520772,40.67973917820442,-0.8753297775520772,0.0,0.0,15
12,-0.0646765477264704,2.524370811335128,39.030698144421365,-2.524370811335128,0.0,0.0,15
20,-0.19153896096092982,6.679945004925758,34.87512395083074,-6.679945004925758,0.0,0.0,15
145,0.2928935562937113,4.1304699630651305,37.424598992691365,10.96142389183542,15.091893854900551,15.091893854900551,15
59,0.11367619333361048,0.2526462947839303,41.30242266097257,4.695102183555212,4.947748478339142,4.947748478339142,15
32,0.038626814925472784,-1.669632545081682,43.22470150083818,1.669632545081682,0.0,0.0,15
172,0.5232504714335547,7.723872137997953,33.831196817758546,17.702189684053536,25.426061822051487,25.426061822051487,15
178,-0.016026693578320043,0.6554850979695561,40.89958385778694,-0.6554850979695561,0.0,0.0,15
112,0.46513295679882877,6.461455789041089,35.09361316671541,16.323196056988646,22.784651846029735,22.784651846029735,15
182,-0.2590253635996469,8.549324864193899,33.0057440915626,-8.549324864193899,0.0,0.0,15
72,-0.08093659921366009,3.1114923519240283,38.44357660383247,-3.1114923519240283,0.0,0.0,15
97,-0.020414059154056072,0.8313366796582129,40.72373227609828,-0.8313366796582129,0.0,0.0,15
31,-1.713078816572039,26.23849624805274,15.316572707703756,-26.23849624805274,0.0,0.0,15
187,-0.38348556262620154,11.518565447274208,30.03650350848229,-11.518565447274208,0.0,0.0,15
43,1.2997452308707307,12.338286370009781,29.216782585746714,37.97437382721131,50.31266019722109,50.31266019722109,15
105,0.2092494097520351,2.7368286092728606,38.818240346483634,8.122693880114335,10.859522489387196,10.859522489387196,15
190,-0.30293739335346914,9.661695438550845,31.893373517205653,-9.661695438550845,0.0,0.0,15
167,-0.15875972084856677,5.693390120971432,35.86167883478507,-5.693390120971432,0.0,0.0,15
66,0.028612364153565363,-1.224010602474448,42.77907955823095,1.224010602474448,0.0,0.0,15
68,-0.12120820958837858,4.492310584577319,37.06275837117918,-4.492310584577319,0.0,0.0,15
8,1.3106315993951685,13.183023032165702,28.372045923590797,37.18529992694898,50.36832295911468,50.36832295911468,15
33,0.2555509855395106,3.733940338670036,37.82112861708646,9.665226692313032,13.399167030983069,13.399167030983069,15
9,-0.7669332043672986,18.036880009481933,23.518188946274563,-18.036880009481933,0.0,0.0,15
177,0.03228592801371163,-1.386405348179526,42.94147430393602,1.386405348179526,0.0,0.0,15
155,-0.014821204690311203,0.6069011763517635,40.948167779404734,-0.6069011763517635,0.0,0.0,15
36,0.15354755787623178,1.6077874700677568,39.94728148568874,6.133807515921914,7.74159498598967,7.74159498598967,15
69,-0.03829831278686383,1.5327859143636589,40.02228304139284,-1.5327859143636589,0.0,0.0,15
192,-0.10767977935365908,4.03965183763934,37.515417118117156,-4.03965183763934,0.0,0.0,15
114,0.2684380037979835,4.057121819050929,37.49794713670557,10.065874075899554,14.122995894950483,14.122995894950483,15
73,0.13815292289448286,0.8005080615497753,41.89636949176572,5.788105903954673,6.588613965504448,6.588613965504448,16
86,-0.03857868246649118,1.586003361370898,41.110874191944596,-1.586003361370898,0.0,0.0,16
53,0.3150878448567924,4.692576114834779,38.00430143848072,11.974693435538786,16.667269550373565,16.667269550373565,16
57,0.6675678964923591,9.774718970018478,32.92215858329702,21.977776153439457,31.752495123457933,31.752495123457933,16
58,0.70295363007595,10.189641595070782,32.50723595824471,22.851079520583575,33.04072111565436,33.04072111565436,16
195,-0.08915700438972565,3.4951119848708183,39.20176556844468,-3.4951119848708183,0.0,0.0,16
31,-0.015219491879346665,0.6400830425282775,42.05679451078722,-0.6400830425282775,0.0,0.0,16
60,-2.2361879637442796,29.503305971053297,13.193571582262198,-29.503305971053297,0.0,0.0,16
192,-0.3781468354474076,11.71550716874817,30.981370384567327,-11.71550716874817,0.0,0.0,16
173,-0.047141066122431456,1.9221634917017685,40.77471406161373,-1.9221634917017685,0.0,0.0,16
21,-0.2326143308855208,8.057593810247468,34.63928374306803,-8.057593810247468,0.0,0.0,16
105,0.0063138152262977205,-0.2712930900542667,42.96817064336976,0.2712930900542667,0.0,0.0,16
39,-0.2794328857491895,9.32515635645588,33.37172119685962,-9.32515635645588,0.0,0.0,16
71,-0.11770522526308257,4.49639625623145,38.200481297084046,-4.49639625623145,0.0,0.0,16
38,-0.10672307590350516,4.117328176468289,38.579549376847204,-4.117328176468289,0.0,0.0,16
93,-0.15640895601979524,5.7749241811516985,36.9219533721638,-5.7749241811516985,0.0,0.0,16
4,-0.04532935819961217,1.8514949775758978,40.8453825757396,-1.8514949775758978,0.0,0.0,16
155,0.1213195691586763,0.6075520283238716,42.08932552499162,5.106258838871261,5.713810867195132,5.713810867195132,16
35,0.5273657789940315,8.163364915445307,34.53351263787019,18.211792793670643,26.37515770911595,26.37515770911595,16
156,-0.12535512877537208,4.756074280148862,37.94080327316664,-4.756074280148862,0.0,0.0,16
34,-0.28160391259188905,9.381687786949833,33.31518976636566,-9.381687786949833,0.0,0.0,16
126,-0.054882309782127256,2.221388337713803,40.47548921560169,-2.221388337713803,0.0,0.0,16
153,-0.03959622664518773,1.626242186448335,41.07063536686716,-1.626242186448335,0.0,0.0,16
148,0.10017394058577371,0.11808941114181004,42.578788142173686,4.265284993568353,4.383374404710163,4.383374404710163,16
30,-0.10669600020268383,4.116384314435212,38.58049323888028,-4.116384314435212,0.0,0.0,16
26,-0.062246487951428404,2.5019905495866346,40.19488700372886,-2.5019905495866346,0.0,0.0,16
22,0.22606288811719524,3.2268192635935042,39.47005828972199,8.922715371128596,12.149534634722102,12.149534634722102,16
32,-0.12900612032233658,4.878767638087281,37.81810991522821,-4.878767638087281,0.0,0.0,16
78,-0.35449622145535137,11.174547053611754,31.52233049970374,-11.174547053611754,0.0,0.0,16
113,-0.24671037266921794,8.449245954726079,34.247631598589415,-8.449245954726079,0.0,0.0,16
197,-0.16509956191388084,6.050329095964461,36.64654845735103,-6.050329095964461,0.0,0.0,16
177,-0.0883509094003856,3.466076913070845,39.23080064024465,-3.466076913070845,0.0,0.0,16
42,0.09411139987009896,0.09588592397631435,42.600991629339184,4.009238958091479,4.105124882067793,4.105124882067793,16
18,0.2162635812022994,3.129703339447416,39.56717421386808,8.556938793546387,11.686642132993804,11.686642132993804,16
59,-0.07409636093669138,2.945437080990774,39.751440472324724,-2.945437080990774,0.0,0.0,16
7,-0.01353378091450079,0.570134116317712,42.126743436997785,-0.570134116317712,0.0,0.0,16
52,0.02513211557209824,9.83667449046132,32.860203062854175,0.8258464210982677,10.662520911559588,10.662520911559588,16
174,0.2186822394800389,3.2229067955619897,39.473970757753506,8.632256326475105,11.855163122037094,11.855163122037094,16
85,0.13638326658822278,1.3166559488574987,41.380221604457994,5.6435697945605305,6.960225743418029,6.960225743418029,16
40,-0.03483897007824087,1.437436434580548,41.25944111873495,-1.437436434580548,0.0,0.0,16
105,-0.049386556643962826,1.91098034481361,38.694342644502115,-1.91098034481361,0.0,0.0,17
129,-0.3137148793026628,12.661514756864982,27.943808232450742,-8.76638842690004,3.895126329964942,3.895126329964942,17
68,1.374102211275755,14.394554066907551,26.21076892240817,36.01627553551891,50.41082960242646,50.41082960242646,17
150,-0.14623523567831564,5.180375539252013,35.42494745006371,-5.180375539252013,0.0,0.0,17
143,-0.0943130555374883,3.4995580678035614,37.10576492151216,-3.4995580678035614,0.0,0.0,17
197,-0.627411007865054,15.65445145589499,24.950871533420734,-15.65445145589499,0.0,0.0,17
153,-0.10443468291661798,3.8396150507672897,36.76570793854843,-3.8396150507672897,0.0,0.0,17
81,-0.1141895781928404,4.161504285522496,36.44381870379323,-4.161504285522496,0.0,0.0,17
12,0.013675957940514342,-0.5630164790501888,41.168339468365915,0.5630164790501888,0.0,0.0,17
133,-0.015855873263604985,0.633783661729411,39.971539327586314,-0.633783661729411,0.0,0.0,17
106,-0.07366839622161311,2.786082773052076,37.81924021626365,-2.786082773052076,0.0,0.0,17
160,0.3679439157977963,5.202719389965717,35.40260359935001,13.026172597781999,18.228891987747716,18.228891987747716,17
142,-0.12562432896142528,4.5317219267117785,36.07360106260394,-4.5317219267117785,0.0,0.0,17
36,-0.025393616911895334,1.005580685863638,39.59974230345209,-1.005580685863638,0.0,0.0,17
61,0.023273947849427233,-0.9675652324228102,41.57288822173853,0.9675652324228102,0.0,0.0,17
154,-0.104508783137221,3.842081619716733,36.763241369598994,-3.842081619716733,0.0,0.0,17
118,0.014494376323172038,-0.5972049453510688,41.20252793466679,0.5972049453510688,0.0,0.0,17
78,0.03767436226011314,-1.5896694299667766,42.1949924192825,1.5896694299667766,0.0,0.0,17
179,0.5381403067352934,7.658100963073627,32.947222026242095,17.730228167277737,25.388329130351362,25.388329130351362,17
38,0.6123038607871075,8.571630413121172,32.033692576194554,19.61435363967123,28.1859840527924,28.1859840527924,17
102,-0.2987788811760455,9.341091965981278,31.264231023334446,-9.341091965981278,0.0,0.0,17
42,-0.061414675009525355,2.349470733503147,38.25585225581258,-2.349470733503147,0.0,0.0,17
177,-0.025638474001231606,1.015034580081415,39.59028840923431,-1.015034580081415,0.0,0.0,17
15,-0.01343589753037096,0.5383359324467905,40.06698705686893,-0.5383359324467905,0.0,0.0,17
40,-0.1123363890407163,4.100787680231814,36.504535309083906,-4.100787680231814,0.0,0.0,17
64,-0.3945798604208305,19.88967476421234,20.715648225103383,-8.173977585188318,11.715697179024023,11.715697179024023,17
77,-0.044278779207204175,1.7217185363529977,38.88360445296273,-1.7217185363529977,0.0,0.0,17
113,-0.110354887642431,4.035642933661384,36.56968005565434,-4.035642933661384,0.0,0.0,17
50,-0.04044490231201903,1.578438529518935,39.02688445979679,-1.578438529518935,0.0,0.0,17
19,0.7884858612090403,3.0893451128052822,37.51597787651044,29.580818125059636,32.67016323786492,32.67016323786492,17
55,-0.1722656778387029,5.966995042890266,34.638327946425456,-5.966995042890266,0.0,0.0,17
60,0.2950735027045246,4.255003061609298,36.35031992770642,10.726016225498416,14.981019287107713,14.981019287107713,17
96,0.0860032185130421,-0.24301620925174472,40.848339198567466,3.513088641989261,3.2700724327375164,3.2700724327375164,17
20,0.02446842051460843,-1.0184684319068242,41.62379142122255,1.0184684319068242,0.0,0.0,17
44,0.1740246758457754,1.9146893941135932,38.69063359520213,6.733124969672718,8.647814363786312,8.647814363786312,17
128,-0.08732666244474223,3.2611426323116666,37.344180357004056,-3.2611426323116666,0.0,0.0,17
31,0.10810270047696907,0.3919719929230494,40.21335099639268,4.347171837938263,4.7391438308613125,4.7391438308613125,17
111,0.1178630685515886,0.6419897487973412,39.96333324051838,4.710201085277197,5.3521908340745386,5.3521908340745386,17
108,-0.008926817073221488,0.35926916044931567,40.24605382886641,-0.35926916044931567,0.0,0.0,17
69,-0.09304589429125382,3.456541587373968,37.148781401941754,-3.456541587373968,0.0,0.0,17
40,2.1179770007907415,19.510693960112512,22.43313115258475,47.5128558368968,67.02354979700931,67.02354979700931,18
34,-0.05193734116865886,2.0708940252815347,39.87293108741573,-2.0708940252815347,0.0,0.0,18
87,0.11244640632571622,0.06598508646492607,41.877840026232334,4.709012615633063,4.7749977020979895,4.7749977020979895,18
119,0.2528188154649661,3.327693609887465,38.61613150280979,9.762884624379733,13.090578234267198,13.090578234267198,18
18,-0.08015377829289386,3.1124790991819538,38.83134601351531,-3.1124790991819538,0.0,0.0,18
0,-0.09840232059533612,3.757611986377909,38.18621312631935,-3.757611986377909,0.0,0.0,18
159,-0.29155374232158304,9.468347137384564,32.4754779753127,-9.468347137384564,0.0,0.0,18
158,0.027092597448687625,-1.168011638370208,43.11183675106747,1.168011638370208,0.0,0.0,18
150,-0.04746866387257527,1.900789402561942,40.04303571013532,-1.900789402561942,0.0,0.0,18
100,0.23168925885102604,2.968072808230625,38.97575230446664,9.030263164583046,11.99833597281367,11.99833597281367,18
16,-0.09531802129155591,3.650083662849889,38.293741449847374,-3.650083662849889,0.0,0.0,18
29,0.015307376337717584,-0.6520307968343926,42.59585590953166,0.6520307968343926,0.0,0.0,18
147,-0.1273980777288324,4.7397301782851,37.20409493441216,-4.7397301782851,0.0,0.0,18
79,0.23242970654174752,3.016329551221266,38.92749556147599,9.047906369759044,12.064235920980309,12.064235920980309,18
193,-0.15641527978289732,5.673269157598073,36.27055595509919,-5.673269157598073,0.0,0.0,18
6,-0.0642190099977259,2.5310494352670205,39.41277567743024,-2.5310494352670205,0.0,0.0,18
68,0.7195293498682654,10.179608507251025,31.764216605446236,22.85528612319149,33.034894630442516,33.034894630442516,18
65,0.43861857315577174,6.635835638522293,35.30798947417497,15.48673996416163,22.122575602683924,22.122575602683924,18
104,-1.7495538153745758,26.68905000040029,15.254775112296972,-26.68905000040029,0.0,0.0,18
83,-0.31296557270450437,9.997956931020935,31.945868181676325,-9.997956931020935,0.0,0.0,18
122,-0.03645203852275783,1.4751651518569386,40.46865996084032,-1.4751651518569386,0.0,0.0,18
177,-0.06756709909437816,2.654655234496264,39.289169878200994,-2.654655234496264,0.0,0.0,18
114,-0.06577913029883058,2.58874306963196,39.3550820430653,-2.58874306963196,0.0,0.0,18
106,-0.10120213668768847,3.854700768223769,38.08912434447349,-3.854700768223769,0.0,0.0,18
186,-0.09304128119968026,3.570320073014474,38.37350503968279,-3.570320073014474,0.0,0.0,18
140,0.019284932608284653,-0.8247898574489436,42.7686149701462,0.8247898574489436,0.0,0.0,18
181,-0.3415213478738172,10.677960294985485,31.265864817711776,-10.677960294985485,0.0,0.0,18
43,-0.02661810057087122,9.359530232835976,32.58429487986129,-0.867332038143072,8.492198194692904,8.492198194692904,18
162,-0.09796361959130097,3.7423543496585316,38.20147076303873,-3.7423543496585316,0.0,0.0,18
52,-0.6336289644271352,16.26857937083096,25.675245741866302,-16.26857937083096,0.0,0.0,18
80,0.32892009286254204,5.031649168181579,36.91217594451568,12.141156339428589,17.172805507610168,17.172805507610168,18
3,-0.002368487311120735,0.09910867990850547,41.84471643278876,-0.09910867990850547,0.0,0.0,18
42,-0.11330906160533095,4.268909351015997,37.67491576168126,-4.268909351015997,0.0,0.0,18
197,-0.2055809739223659,7.15244566994383,34.79137944275343,-7.15244566994383,0.0,0.0,18
148,0.0023787521651563977,-0.10001186824991071,42.04383698094717,0.10001186824991071,0.0,0.0,18
185,-0.058690275971575154,2.3252264869520545,39.61859862574521,-2.3252264869520545,0.0,0.0,18
163,-0.11502798652057243,4.326988925847532,37.61683618684973,-4.326988925847532,0.0,0.0,18
145,-0.16084920066377914,5.811806338240096,36.132018774457165,-5.811806338240096,0.0,0.0,18
125,0.16551078219037255,1.834436779473233,40.109388333224025,6.638536236209312,8.472973015682545,8.472973015682545,18
45,-0.08319661853769329,3.2215614027891863,38.72226370990808,-3.2215614027891863,0.0,0.0,18
65,0.3921530992010192,4.961669215994499,34.02629422631119,13.343516735173678,18.305185951168177,18.305185951168177,19
30,11.527626360536921,25.005213195981874,13.98275024632381,161.18792033232648,186.19313352830835,186.19313352830835,19
37,-0.036080815860316015,1.3577295402024094,37.63023390210328,-1.3577295402024094,0.0,0.0,19
156,0.6381879189833171,8.099738213810761,30.888225228494925,19.71249217966117,27.81223039347193,27.81223039347193,19
126,0.04112519631689739,-1.67215536835687,40.66011881066255,1.67215536835687,0.0,0.0,19
89,-0.6254177201355634,15.001536470749103,23.986426971556583,-15.001536470749103,0.0,0.0,19
52,0.02096355316926647,-0.8348271887425462,39.82279063104823,0.8348271887425462,0.0,0.0,19
162,-0.6056286807978407,14.705908750225525,24.28205469208016,-14.705908750225525,0.0,0.0,19
144,-0.08700737681955577,3.120715184635652,35.867248257670035,-3.120715184635652,0.0,0.0,19
188,-0.024926881279519444,0.9482123591522371,38.03975108315345,-0.9482123591522371,0.0,0.0,19
88,-0.4243500911185948,11.615505164378384,27.3724582779273,-11.615505164378384,0.0,0.0,19
143,0.24650363758344088,2.7588679495783,36.22909549272738,8.930603825315142,11.689471774893443,11.689471774893443,19
196,0.3770375778231758,4.915089181433178,34.07287426087251,12.846753980793004,17.76184316222618,17.76184316222618,19
86,-0.049534357723640815,1.840095766141586,37.1478676761641,-1.840095766141586,0.0,0.0,19
187,0.9887054632217144,10.963154380785102,28.024809061520582,27.708281824870806,38.67143620565591,38.67143620565591,19
97,-0.016683153984873855,0.6397688356645039,38.34819460664118,-0.6397688356645039,0.0,0.0,19
10,0.12489295244387001,0.29099915434876356,38.696964287956924,4.83297812053794,5.123977274886704,5.123977274886704,19
32,2.382303911223144,0.5031230094055823,38.4848404329001,91.6825858860965,92.18570889550209,92.18570889550209,19
133,-0.5721954916538098,14.18954387598711,24.79841956631857,-14.18954387598711,0.0,0.0,19
58,-0.11597914649899561,4.05185951543829,34.936103926867396,-4.05185951543829,0.0,0.0,19
146,-0.01081406312303174,0.4171076690414328,38.57085577326425,-0.4171076690414328,0.0,0.0,19
174,0.006318090461443578,-0.24789570744055545,39.23585914974624,0.24789570744055545,0.0,0.0,19
199,0.16173256370809824,1.1807733751912277,37.807190067114455,6.114653776153768,7.295427151344995,7.295427151344995,19
13,-0.06714889683166002,2.4532647155768923,36.53469872672879,-2.4532647155768923,0.0,0.0,19
73,-0.1016881704940545,3.59867227398766,35.389291168318024,-3.59867227398766,0.0,0.0,19
26,0.5515606321702184,7.3186051770140255,31.66935826529166,17.4675712652294,24.786176442243423,24.786176442243423,19
20,-0.10054256302196386,3.5618338655910855,35.4261295767146,-3.5618338655910855,0.0,0.0,19
3,0.5096158149722538,6.863718804043806,32.12424463826188,16.371023111695884,23.23474191573969,23.23474191573969,19
122,-0.06870031989252694,2.5063018234278305,36.48166161887785,-2.5063018234278305,0.0,0.0,19
55,-0.06907605834965444,2.519123701855531,36.46883974045015,-2.519123701855531,0.0,0.0,19
114,0.3652847052158621,4.903265575202717,34.08469786710297,12.450618812756431,17.35388438795915,17.35388438795915,19
36,0.17111372499659336,1.476112686754708,37.511850755550974,6.418792514298602,7.89490520105331,7.89490520105331,19
135,-0.053266544331917756,1.971726999482396,37.016236442823285,-1.971726999482396,0.0,0.0,19
9,0.007189757384227112,-0.2823439827904537,39.270307425096135,0.2823439827904537,0.0,0.0,19
111,-0.04631164774188856,1.7256778446559997,37.26228559764969,-1.7256778446559997,0.0,0.0,19
33,-0.013521346994034997,0.5201368317082609,38.46782661059742,-0.5201368317082609,0.0,0.0,19
164,-0.3873202656752474,10.884889907710443,28.10307353459524,-10.884889907710443,0.0,0.0,19
130,0.11078901419433898,0.20725849305101018,38.78070494925468,4.296476071089448,4.5037345641404585,4.5037345641404585,19
191,-0.023984872543579023,0.9132179185172711,38.074745523788415,-0.9132179185172711,0.0,0.0,19
168,0.4789219492477066,6.570517527047526,32.417445915258156,15.52542638736754,22.095943914415066,22.095943914415066,19
114,-0.012077855015316809,0.4093972509347492,33.89651973927181,-0.4093972509347492,0.0,0.0,20
157,0.21805566877056679,1.2619449295064795,33.043972060700085,7.205425426531881,8.46737035603836,8.46737035603836,20
144,-0.011496312084899403,0.3899090123869522,33.91600797781961,-0.3899090123869522,0.0,0.0,20
152,-0.17734490830325003,5.1675423743541025,29.13837461585246,-5.1675423743541025,0.0,0.0,20
63,-0.053211944534026175,1.7332546991569004,32.57266229104966,-1.7332546991569004,0.0,0.0,20
194,-0.029133247780609113,0.9711500256862338,33.33476696452033,-0.9711500256862338,0.0,0.0,20
148,-0.057835442913670716,1.875620557979488,32.430296432227074,-1.875620557979488,0.0,0.0,20
176,0.3307155820215966,3.043029253276154,31.26288773693041,10.339124113594776,13.38215336687093,13.38215336687093,20
44,-0.6615067669249811,13.658443460081894,20.647473530124667,-13.658443460081894,0.0,0.0,20
147,-0.05321498654307223,1.7333487790310094,32.57256821117555,-1.7333487790310094,0.0,0.0,20
140,-0.16907410238497741,4.961398178079472,29.34451881212709,-4.961398178079472,0.0,0.0,20
57,-0.08281444073357534,2.623741633397228,31.682175356809335,-2.623741633397228,0.0,0.0,20
124,-0.16219327891828428,4.787662485984233,29.518254504222327,-4.787662485984233,0.0,0.0,20
17,-0.28367591496936695,7.581167705629371,26.724749284577193,-7.581167705629371,0.0,0.0,20
65,-0.1020596366171574,3.1770054047040115,31.12891158550255,-3.1770054047040115,0.0,0.0,20
32,0.5873676732253681,6.1598093315405595,28.146107658666004,16.532113765821364,22.691923097361926,22.691923097361926,20
183,0.9164111193959166,9.009747665114318,25.296169325092244,23.181690847636432,32.19143851275075,32.19143851275075,20
188,-0.2606510929948492,7.093060728202963,27.212856262003598,-7.093060728202963,0.0,0.0,20
96,0.5148541004863215,5.414266908178117,28.891650082028445,14.874984514548313,20.28925142272643,20.28925142272643,20
178,-0.18139403437891286,5.267411638144238,29.038505352062323,-5.267411638144238,0.0,0.0,20
42,-0.0645420845441537,2.0799322327353176,32.225984757471245,-2.0799322327353176,0.0,0.0,20
177,-0.5656842584370223,12.394783372210572,21.91113361799599,-12.394783372210572,0.0,0.0,20
166,-0.052111972460507375,1.69920032108864,32.60671666911792,-1.69920032108864,0.0,0.0,20
103,-0.11130078389325505,3.4358613874186634,30.8700556027879,-3.4358613874186634,0.0,0.0,20
172,5.865061831080861,19.37851656864674,14.92740042155982,87.55012644975085,106.9286430183976,106.9286430183976,20
120,-0.11365873976258783,3.501222728551532,30.80469426165503,-3.501222728551532,0.0,0.0,20
80,-0.13085583660800112,3.969674403258377,30.336242586948185,-3.969674403258377,0.0,0.0,20
31,-0.03945180499196666,1.3020616643007177,33.003855325905846,-1.3020616643007177,0.0,0.0,20
82,-0.13358012378394457,4.04258026576597,30.26333672444059,-4.04258026576597,0.0,0.0,20
164,-0.11625430184260314,3.5728511166168984,30.733065873589663,-3.5728511166168984,0.0,0.0,20
141,0.045271055341746705,-1.6267078476068741,35.932624837813435,1.6267078476068741,0.0,0.0,20
43,-0.15815399258437474,4.68471185698048,29.62120513322608,-4.68471185698048,0.0,0.0,20
11,-0.16071582067971218,4.750089130363051,29.55582785984351,-4.750089130363051,0.0,0.0,20
18,-0.03353337843967999,1.1130683547826845,33.19284863542388,-1.1130683547826845,0.0,0.0,20
22,-0.14034741337410347,4.222175327040155,30.083741663166407,-4.222175327040155,0.0,0.0,20
195,-0.034301732054824965,1.137726386820705,33.16819060338586,-1.137726386820705,0.0,0.0,20
59,-0.40434935691023294,9.877581675065016,24.428335315141545,-9.877581675065016,0.0,0.0,20
198,-0.052666624868426506,1.7163808733048969,32.58953611690166,-1.7163808733048969,0.0,0.0,20
39,-0.0019631639559158816,0.06721618332146484,34.2387008068851,-0.06721618332146484,0.0,0.0,20
79,0.1327804018415054,-0.014081357275258721,34.31999834748182,4.557023171778438,4.542941814503179,4.542941814503179,20
69,0.3620245087171954,4.662073855742198,34.933247921412814,12.64669191664546,17.30876577238766,17.30876577238766,21
81,0.13778616530062512,0.40595188988699826,39.189369887268015,5.399752997314451,5.805704887201449,5.805704887201449,21
63,-0.008090683070565532,0.31778212511621673,39.2775396520388,-0.31778212511621673,0.0,0.0,21
5,-0.02889181464911529,1.1118571277076148,38.4834646494474,-1.1118571277076148,0.0,0.0,21
115,0.0709437533661436,-1.3100551649991306,40.90537694215414,2.9019809731333206,1.5919258081341903,1.5919258081341903,21
82,-0.15402165042707985,5.284594796858246,34.31072698029677,-5.284594796858246,0.0,0.0,21
189,-0.06956095419530571,2.575157922216117,37.0201638549389,-2.575157922216117,0.0,0.0,21
9,-0.19814831435034932,6.548226269096747,33.04709550805827,-6.548226269096747,0.0,0.0,21
12,-0.12560693063418404,4.4184579008403855,35.17686387631463,-4.4184579008403855,0.0,0.0,21
22,-0.07676739547825417,2.8229214022639635,36.77240037489105,-2.8229214022639635,0.0,0.0,21
93,-0.20853047448853226,6.832124974929292,32.76319680222572,-6.832124974929292,0.0,0.0,21
123,-0.3629175894285693,10.543439195056889,29.051882582098123,-10.543439195056889,0.0,0.0,21
157,0.08645602568384352,-0.7629691575813446,40.35829093473636,3.4892174376095957,2.7262482800282513,2.7262482800282513,21
177,0.3554296233049169,4.679800418723083,34.91552135843193,12.410010603922242,17.089811022645325,17.089811022645325,21
4,0.6126686149875535,8.117339007289528,31.477982769865484,19.28557210621556,27.40291111350509,27.40291111350509,21
61,-0.0596507882861677,2.22893445893791,37.36638731821711,-2.22893445893791,0.0,0.0,21
101,-0.03682785837490895,1.4064156271838284,38.18890614997119,-1.4064156271838284,0.0,0.0,21
85,-0.15525377213691427,5.321188480957998,34.274133296197014,-5.321188480957998,0.0,0.0,21
70,0.33349508532282196,4.394544223265962,35.200777553889054,11.739286313763907,16.13383053702987,16.13383053702987,21
48,-0.1504658126955827,5.1785478580919575,34.416773919063054,-5.1785478580919575,0.0,0.0,21
8,-0.12574541926406194,4.422785340773313,35.172536436381705,-4.422785340773313,0.0,0.0,21
176,-0.03680905374060499,1.40572299394338,38.189598783211636,-1.40572299394338,0.0,0.0,21
24,-0.6852381995916557,16.0999359101902,23.495385866964813,-16.0999359101902,0.0,0.0,21
162,-0.02231007090291351,0.8640963846632161,38.7312253924918,-0.8640963846632161,0.0,0.0,21
124,-0.22097065418723574,7.16594139740096,32.42938037975405,-7.16594139740096,0.0,0.0,21
67,-0.11350817207518825,4.036245723529618,35.5590760536254,-4.036245723529618,0.0,0.0,21
32,-0.13949424224525164,4.847167456395426,34.74815432075959,-4.847167456395426,0.0,0.0,21
165,0.6492679610348681,8.69026264405447,30.905059133100544,20.065664729010216,28.755927373064686,28.755927373064686,21
95,-0.05207949025416115,1.960026969165188,37.63529480798983,-1.960026969165188,0.0,0.0,21
20,1.6035584272099999,15.888269158716197,23.707052618438816,38.015644010608455,53.90391316932465,53.90391316932465,21
136,0.18223079353023688,1.785179848907587,37.810141928247425,6.890172167075409,8.675352015982996,8.675352015982996,21
92,-0.1916706781045845,6.368590177000619,33.226731600154395,-6.368590177000619,0.0,0.0,21
16,-0.060923592143836594,2.2737634006995604,37.32155837645546,-2.2737634006995604,0.0,0.0,21
143,-0.03890304615167101,1.4826971931527513,38.11262458400226,-1.4826971931527513,0.0,0.0,21
102,2.9849666975898503,18.553317161070424,21.04200461608459,62.8096830295444,81.36300019061483,81.36300019061483,21
97,0.14371897317204022,0.9847918956561206,38.61052988149889,5.549065708197396,6.533857603853517,6.533857603853517,21
7,0.0266521274738596,-1.0841956849758083,40.679517462130825,1.0841956849758083,0.0,0.0,21
76,0.020277556164139992,-0.8195141044538234,40.41483588160884,0.8195141044538234,0.0,0.0,21
10,-0.4796258729865012,12.834961269782184,26.76036050737283,-12.834961269782184,0.0,0.0,21
27,-0.053753792167085264,2.019825421667923,37.57549635548709,-2.019825421667923,0.0,0.0,21
62,-0.2320974572630385,6.7328248820123715,29.008611130030566,-6.7328248820123715,0.0,0.0,22
115,-0.39685467522866125,10.154353371400909,25.58708264064203,-10.154353371400909,0.0,0.0,22
66,-0.2813286227411046,7.8473927684116145,27.894043243631323,-7.8473927684116145,0.0,0.0,22
9,-0.13470966723483752,4.243126758063565,31.498309253979375,-4.243126758063565,0.0,0.0,22
139,0.019517517951993014,-0.7114702524189536,36.452906264461895,0.7114702524189536,0.0,0.0,22
1,0.43792720879208497,4.756493584201598,30.98494242784134,13.569149352008006,18.325642936209604,18.325642936209604,22
57,-0.4041902957918609,10.288022668314213,25.453413343728727,-10.288022668314213,0.0,0.0,22
140,-0.13944121004605395,4.373923851763655,31.367512160279283,-4.373923851763655,0.0,0.0,22
52,-0.04034943198217971,1.3862137056831285,34.35522230635981,-1.3862137056831285,0.0,0.0,22
88,0.7735385562591385,8.276351555867265,27.465084456175674,21.245301777765437,29.521653333632702,29.521653333632702,22
147,-0.09338603553346726,3.052673900128317,32.68876211191462,-3.052673900128317,0.0,0.0,22
145,3.61395313455582,20.268547912478155,15.472888099564784,55.91829244805359,76.18684036053175,76.18684036053175,22
154,0.2577167812011698,2.2244304595773157,33.517005552465626,8.637894786483177,10.862325246060493,10.862325246060493,22
179,0.02179889612335873,-0.7964863746713278,36.537922386714264,0.7964863746713278,0.0,0.0,22
83,-0.016886326177487625,0.5935191879508244,35.147916824092114,-0.5935191879508244,0.0,0.0,22
28,-0.05288596243237652,1.7952753761150984,33.94616063592784,-1.7952753761150984,0.0,0.0,22
2,-0.06916452381833893,2.31212254735886,33.42931346468408,-2.31212254735886,0.0,0.0,22
178,-0.17823345102453259,5.406670027454755,30.334765984588184,-5.406670027454755,0.0,0.0,22
103,-0.060554958029523,2.040743990905838,33.7006920211371,-2.040743990905838,0.0,0.0,22
125,-0.5058398832379095,12.006219266959487,23.735216745083452,-12.006219266959487,0.0,0.0,22
80,-0.022139079125378137,0.7741436523514404,34.9672923596915,-0.7741436523514404,0.0,0.0,22
25,-0.0053137407218528596,0.18891686873624214,35.5525191433067,-0.18891686873624214,0.0,0.0,22
100,0.002801813019183166,-0.10042218492799004,35.84185819697093,0.10042218492799004,0.0,0.0,22
156,0.33037279329265884,3.4908777688699875,32.250558243172954,10.654707012044632,14.14558478091462,14.14558478091462,22
117,-0.039969378540525825,1.3736587009438157,34.367777311099125,-1.3736587009438157,0.0,0.0,22
58,-0.1080120731958036,3.4841737703463624,32.25726224169658,-3.4841737703463624,0.0,0.0,22
56,-0.2661087862328843,7.512079735015442,28.2293562770275,-7.512079735015442,0.0,0.0,22
23,-0.0009456407332703849,0.03376662666096908,35.70766938538197,-0.03376662666096908,0.0,0.0,22
61,0.26583230073021114,2.541972873492205,33.19946313855073,8.825489669128778,11.367462542620984,11.367462542620984,22
162,-0.036939082046146786,1.273224107524963,34.46821190451798,-1.273224107524963,0.0,0.0,22
40,-0.3068598032588551,8.392338639152447,27.34909737289049,-8.392338639152447,0.0,0.0,22
168,-0.05570086681387968,1.8857888911770595,33.85564712086588,-1.8857888911770595,0.0,0.0,22
11,-0.19872685112071473,5.925272322518904,29.816163689524036,-5.925272322518904,0.0,0.0,22
176,-0.18065374796523156,5.468855186681878,30.27258082536106,-5.468855186681878,0.0,0.0,22
38,-0.08213749197829455,5.169925811502344,30.571510200540594,-2.511067173861253,2.6588586376410905,2.6588586376410905,22
10,-0.10608112570064955,3.4278604690171535,32.313575543025784,-3.4278604690171535,0.0,0.0,22
177,-0.525168957986552,12.307025139147319,23.43441087289562,-12.307025139147319,0.0,0.0,22
160,-0.24641367194873495,7.066015630812569,28.67542038123037,-7.066015630812569,0.0,0.0,22
130,0.17441060334712646,1.1565122179288687,34.58492379411407,6.031977425645825,7.188489643574694,7.188489643574694,22
109,0.714393471524528,3.5221872927757207,32.21924871926722,23.017220942469514,26.539408235245237,26.539408235245237,22
62,-0.17680696984402733,6.033203500508423,34.12310898054921,-6.033203500508423,0.0,0.0,23
176,-0.015406629089796113,0.6092863630053116,39.54702611805232,-0.6092863630053116,0.0,0.0,23
41,-1.198476652540804,21.890795567494536,18.265516913563097,-21.890795567494536,0.0,0.0,23
114,0.00036431316584712006,-0.014634804980854454,40.17094728603848,0.014634804980854454,0.0,0.0,23
48,-0.14104378333891435,4.963699307571414,35.19261317348622,-4.963699307571414,0.0,0.0,23
50,0.2751035939701858,3.427588713193521,36.72872376786411,10.104203910477601,13.531792623671121,13.531792623671121,23
152,1.3166650180460846,14.329021564981579,25.827290916076052,34.00589046009675,48.33491202507833,48.33491202507833,23
56,0.008566587675810132,-0.34697496304847464,40.50328744410611,0.34697496304847464,0.0,0.0,23
194,0.6109593098940119,8.272141277839728,31.884171203217903,19.479931234860537,27.752072512700266,27.752072512700266,23
130,-0.048449148601909714,1.8556352049060543,38.300677276151575,-1.8556352049060543,0.0,0.0,23
158,-0.2667178248307729,8.455240865978471,31.70107161507916,-8.455240865978471,0.0,0.0,23
22,-0.5615730677423034,14.441017237707305,25.715295243350326,-14.441017237707305,0.0,0.0,23
169,-0.21888239201717716,7.211122080364956,32.945190400692674,-7.211122080364956,0.0,0.0,23
113,-0.33652313197196704,10.110957095543892,30.04535538551374,-10.110957095543892,0.0,0.0,23
93,0.19599957999273027,10.384837916132177,29.771474564925455,5.8351965104896415,16.22003442662182,16.22003442662182,23
141,-0.14876687248272316,5.200297084938555,34.95601539611908,-5.200297084938555,0.0,0.0,23
179,-0.6513103144054866,15.838464932509545,24.317847548548087,-15.838464932509545,0.0,0.0,23
189,-0.41696356612199165,11.816619463431781,28.33969301762585,-11.816619463431781,0.0,0.0,23
0,1.715671751008689,14.427867403435632,25.728445077622,44.14156641705462,58.569433820490254,58.569433820490254,23
190,0.6896035823165271,9.239026171145358,30.917286309912274,21.320671394821225,30.559697565966584,30.559697565966584,23
133,0.02220705127811207,-0.9120062601927992,41.06831874125043,0.9120062601927992,0.0,0.0,23
20,-0.18442893773399252,6.252790537492773,33.90352194356486,-6.252790537492773,0.0,0.0,23
98,-0.016704664037388815,0.6597763664353593,39.49653611462227,-0.6597763664353593,0.0,0.0,23
106,-0.034598540213535006,1.34288783349375,38.813424647563885,-1.34288783349375,0.0,0.0,23
60,0.1220259653117587,0.45768985909760596,39.69862262196003,4.844262746991894,5.3019526060894995,5.3019526060894995,23
81,0.3349722180984354,-1.3044148627619934,41.46072734381963,13.888191802333713,12.58377693957172,12.58377693957172,23
110,-0.018304054899392058,0.7218112750057166,39.43450120605192,-0.7218112750057166,0.0,0.0,23
134,-0.10013844952731593,3.6551680130035056,36.50114446805413,-3.6551680130035056,0.0,0.0,23
151,-0.010984390508612024,0.4363001267070805,39.72001235435055,-0.4363001267070805,0.0,0.0,23
154,-0.14195098503158043,4.991657423689196,35.164655057368435,-4.991657423689196,0.0,0.0,23
181,-0.1343251560229553,4.755252857334547,35.401059623723086,-4.755252857334547,0.0,0.0,23
4,-0.24532396514809057,7.910636974216846,32.24567550684078,-7.910636974216846,0.0,0.0,23
57,-0.019487515482951,0.7675883709494191,39.388724110108214,-0.7675883709494191,0.0,0.0,23
138,-0.24364572512659294,7.867122987827919,32.28918949322971,-7.867122987827919,0.0,0.0,23
12,0.6064690622920724,8.275716998346455,31.88059548271118,19.33459484771273,27.610311846059183,27.610311846059183,23
172,0.0027416058828469967,-0.11039544332837847,40.26670792438601,0.11039544332837847,0.0,0.0,23
168,-0.13839978720095839,4.881962527258005,35.27434995379963,-4.881962527258005,0.0,0.0,23
155,0.46635788445712145,6.750793534980697,33.40551894607694,15.57892714488473,22.329720679865428,22.329720679865428,23
89,-0.01081844344611356,7.1157518231166135,33.04056065794102,-0.3574474369058196,6.758304386210794,6.758304386210794,23
129,-0.09351390464387989,3.434042823101,36.72226965795663,-3.434042823101,0.0,0.0,23
99,-0.07490271847230937,2.8981993280786424,38.69284569624895,-2.8981993280786424,0.0,0.0,24
19,-0.8485582273541342,19.09186463126126,22.499180393066332,-19.09186463126126,0.0,0.0,24
187,-0.4908114289039387,13.692784910433915,27.898260113893677,-13.692784910433915,0.0,0.0,24
195,0.2618775757817439,3.418405570341792,38.1726394539858,9.996558281400354,13.414963851742145,13.414963851742145,24
135,-0.023596539009004325,0.9587808076138562,40.632264216713736,-0.9587808076138562,0.0,0.0,24
3,0.6064326865459345,8.639734196821117,32.951310827506475,19.982751950334894,28.62248614715601,28.62248614715601,24
74,-0.1295323670008429,4.769572493388994,36.8214725309386,-4.769572493388994,0.0,0.0,24
71,-0.41326371738833556,12.161969252689966,29.429075771637628,-12.161969252689966,0.0,0.0,24
137,-0.14891954370931507,5.390907902410527,36.20013712191707,-5.390907902410527,0.0,0.0,24
82,-0.03925230354465676,1.5708835269993147,40.020161497328274,-1.5708835269993147,0.0,0.0,24
123,5.2951741413543445,27.07102741618905,14.520017608138541,76.88602177062496,103.95704918681402,103.95704918681402,24
1,0.04156013373001864,-1.8034823612975364,43.394527385625125,1.8034823612975364,0.0,0.0,24
191,-0.16918874207777274,6.01847788652238,35.57256713780521,-6.01847788652238,0.0,0.0,24
21,-0.25804947184321586,8.531101075230758,33.059943949096834,-8.531101075230758,0.0,0.0,24
113,-0.05682084816463338,2.2361769815952752,39.35486804273231,-2.2361769815952752,0.0,0.0,24
170,0.3999178229173652,5.964683510445366,35.62636151388222,14.247616935098787,20.21230044554415,20.21230044554415,24
9,-0.0482894604721544,1.9158917459622882,39.6751532783653,-1.9158917459622882,0.0,0.0,24
115,0.011276169910338222,-0.4743363881502838,42.065381412477876,0.4743363881502838,0.0,0.0,24
41,-0.15502240953401594,5.582180883668062,36.008864140659526,-5.582180883668062,0.0,0.0,24
53,-0.5195414234726631,14.22025777110611,27.37078725322148,-14.22025777110611,0.0,0.0,24
197,-0.30260274064142206,9.66185915155144,31.929185872776152,-9.66185915155144,0.0,0.0,24
12,-0.2611221201975038,8.611649644430491,32.9793953798971,-8.611649644430491,0.0,0.0,24
58,-0.17010574352544983,6.0463557905011065,35.54468923382649,-6.0463557905011065,0.0,0.0,24
91,-0.24988548903861613,8.31516064205631,33.275884382271286,-8.31516064205631,0.0,0.0,24
37,-0.06871158582831167,2.6740485438485395,38.91699648047905,-2.6740485438485395,0.0,0.0,24
120,-0.05966879424362527,2.341946390622314,39.24909863370528,-2.341946390622314,0.0,0.0,24
146,0.05947941609217283,-1.1442969935727523,42.735342017900344,2.5418731897240114,1.397576196151259,1.397576196151259,24
121,0.35562566952566815,5.397383212699484,36.193661811628104,12.871395214345853,18.268778427045337,18.268778427045337,24
131,0.13300779555913245,0.941700032867753,40.64934499145984,5.406679768236735,6.348379801104488,6.348379801104488,24
108,-0.08481483587289376,3.25174171745361,38.33930330687398,-3.25174171745361,0.0,0.0,24
38,-0.34153658290523303,10.588502451647255,31.002542572680337,-10.588502451647255,0.0,0.0,24
144,0.358403724773153,5.505746562106122,36.08529846222147,12.933105378411106,18.438851940517228,18.438851940517228,24
154,-0.1957275913744164,6.808001357566329,34.78304366676126,-6.808001357566329,0.0,0.0,24
160,-0.10747833660863802,4.036319437830559,37.554725586497035,-4.036319437830559,0.0,0.0,24
138,-0.18105595812444433,6.3759100104239845,35.215135013903605,-6.3759100104239845,0.0,0.0,24
83,0.17797451913668233,2.148668730083593,39.442376294244,7.019737954576154,9.168406684659747,9.168406684659747,24
104,-0.27718163026110454,9.026338455673924,32.56470656865367,-9.026338455673924,0.0,0.0,24
29,0.4415452612334771,2.014723333190405,39.57632169113719,17.474737299773295,19.489460632963702,19.489460632963702,24
88,0.39042784461076124,6.113162057855804,35.47788296647179,13.85155337795242,19.964715435808223,19.964715435808223,24
69,0.3165688821166868,4.9167583992606705,36.67428662506692,11.609937919324393,16.526696318585063,16.526696318585063,24
23,-0.6536841646664742,15.814938152787139,24.19354637549819,-15.814938152787139,0.0,0.0,25
13,0.1666075951787507,1.1377203146940573,38.87076421359127,6.476164548386684,7.613884863080742,7.613884863080742,25
164,0.17878487687591488,1.4266521858755907,38.58183234240974,6.897848144984916,8.324500330860507,8.324500330860507,25
94,-0.15576199136667332,5.3919416525537756,34.616542875731554,-5.3919416525537756,0.0,0.0,25
182,0.11032690409435351,-0.1638719044712611,40.172356432756594,4.432091715400922,4.268219810929661,4.268219810929661,25
5,0.4027574287311009,5.459282769240483,34.54920175904485,13.91494766518493,19.374230434425414,19.374230434425414,25
100,-0.17416748383475603,5.93456826071831,34.07391626756702,-5.93456826071831,0.0,0.0,25
171,-0.07697535955842684,2.8595524072298386,37.14893212105549,-2.8595524072298386,0.0,0.0,25
183,-0.1505101526641839,5.23392435979007,34.774560168495256,-5.23392435979007,0.0,0.0,25
82,-0.19817625396191016,6.617333271537762,33.39115125674757,-6.617333271537762,0.0,0.0,25
129,-0.08863368016134039,3.2573851847890922,36.751099343496236,-3.2573851847890922,0.0,0.0,25
195,-0.055778561961335675,2.1137157105126256,37.8947688177727,-2.1137157105126256,0.0,0.0,25
61,-0.5261501132525791,13.793183568789287,26.21530095949604,-13.793183568789287,0.0,0.0,25
165,1.012227956751995,11.818710447332707,28.189774080952624,28.53447741926302,40.353187866595725,40.353187866595725,25
107,-0.34744535417095707,10.316382800789778,29.69210172749555,-10.316382800789778,0.0,0.0,25
78,-0.20317182120873437,6.7559732717535095,33.25251125653182,-6.7559732717535095,0.0,0.0,25
115,0.3475661261016585,4.684687514931314,35.32379701335402,12.27735528713279,16.962042802064104,16.962042802064104,25
110,-0.4763059237844012,12.908082176903758,27.10040235138157,-12.908082176903758,0.0,0.0,25
77,-0.19036678228807458,6.398268648955558,33.61021587932977,-6.398268648955558,0.0,0.0,25
96,0.14733025261545024,0.8959681930980139,39.112516335187316,5.762456912089071,6.658425105187085,6.658425105187085,25
12,0.7076212773730921,1.2048764447700038,38.80360808351533,27.45825871874196,28.663135163511964,28.663135163511964,25
146,1.2109039906248424,10.46612850677346,29.54235602151187,35.77295679890857,46.239085305682025,46.239085305682025,25
116,0.46645835600641805,6.519716553373908,33.48876797491142,15.621115654257562,22.14083220763147,22.14083220763147,25
67,-0.09484362457101188,3.465837130615465,36.54264739766987,-3.465837130615465,0.0,0.0,25
97,0.006532148022045725,-0.26305968789645884,40.27154421618179,0.26305968789645884,0.0,0.0,25
158,-0.16536610563682122,5.677226450016049,34.33125807826928,-5.677226450016049,0.0,0.0,25
68,0.18281790801472791,1.7458381845130044,38.262646343772325,6.995096959675834,8.740935144188839,8.740935144188839,25
41,0.3914416586491336,5.486729199881955,34.52175532840337,13.513253165229782,18.999982365111737,18.999982365111737,25
63,-0.08251416101466204,3.049628959334082,36.95885556895125,-3.049628959334082,0.0,0.0,25
139,0.004031455847809611,-0.16194531429790793,40.17042984258324,0.16194531429790793,0.0,0.0,25
173,0.699585005883505,9.338473444578364,30.670011083706967,21.456279884442303,30.794753329020665,30.794753329020665,25
133,-0.2718594337239771,8.551797203066263,31.456687325219065,-8.551797203066263,0.0,0.0,25
199,0.16013029162382753,1.3180616081861283,38.6904229200992,6.1955087052447055,7.513570313430834,7.513570313430834,25
19,-0.12929252774871153,4.580565237927679,35.42791929035765,-4.580565237927679,0.0,0.0,25
62,0.16864077497501648,1.5311273693282768,38.477357158957055,6.488851330277016,8.019978699605293,8.019978699605293,25
92,-0.08120813827893965,3.004985283477031,37.003499244808296,-3.004985283477031,0.0,0.0,25
32,0.26552573073557006,3.496657227072577,36.511827301212755,9.694829624645454,13.19148685171803,13.19148685171803,25
75,0.21681296149699578,2.5762649485468296,37.4322195797385,8.115790382488935,10.692055331035766,10.692055331035766,25
37,-0.11495252990682966,4.124907913926139,35.88357661435919,-4.124907913926139,0.0,0.0,25
8,0.6392729660819865,8.786165116117466,31.222319412167863,19.959584738575735,28.7457498546932,28.7457498546932,25
107,-0.392612602852956,11.09707248405,28.26468738754714,-11.09707248405,0.0,0.0,26
70,-0.2652337800753989,8.251493538642087,31.110266332955057,-8.251493538642087,0.0,0.0,26
92,0.47773582198392156,6.294365104535963,33.06739476706118,15.797479019908799,22.091844124444762,22.091844124444762,26
61,0.054922120255611495,-1.7768334602663223,41.13859333186347,2.2594187701193027,0.48258530985298054,0.48258530985298054,26
53,0.0313450077202121,-1.2737194118543043,40.635479283451446,1.2737194118543043,0.0,0.0,26
47,0.09531776035178846,-0.6115373432667888,39.97329721486393,3.8101651643972136,3.198627821130425,3.198627821130425,26
78,0.13686802806344336,0.41805964892567893,38.94370022267147,5.330147454970924,5.748207103896603,5.748207103896603,26
123,-0.10612405179609702,3.7764565706857436,35.5853033009114,-3.7764565706857436,0.0,0.0,26
98,-0.03554653836141378,1.351145752910781,38.01061411868636,-1.351145752910781,0.0,0.0,26
150,-0.6177974193425939,15.031297107234385,24.330462764362757,-15.031297107234385,0.0,0.0,26
57,-0.516990335612432,13.414488522827341,25.947271348769803,-13.414488522827341,0.0,0.0,26
197,-0.21897450730805568,7.070879598372731,32.29088027322442,-7.070879598372731,0.0,0.0,26
160,0.1794556923249862,6.195065492940263,33.16669437865688,5.951952101853098,12.147017594793361,12.147017594793361,26
4,0.5039874005160937,14.911548054995594,24.450211816601552,12.322598695516893,27.234146750512487,27.234146750512487,26
69,-0.04767844347686441,1.7913009997225329,37.570458871874614,-1.7913009997225329,0.0,0.0,26
54,-0.1050787007676563,3.7427945940526386,35.618965277544504,-3.7427945940526386,0.0,0.0,26
71,-0.2120216568703739,6.885640613765354,32.47611925783179,-6.885640613765354,0.0,0.0,26
131,0.20598556388897385,2.067576090893569,37.29418378070358,7.682063475847249,9.749639566740818,9.749639566740818,26
13,-0.32209493456097066,9.589495533659838,29.772264337937308,-9.589495533659838,0.0,0.0,26
171,0.3254697579509428,4.248899432731685,35.11286043886546,11.428174188002776,15.677073620734461,15.677073620734461,26
35,-0.0014967526247753023,0.05882676828375244,39.30293310331339,-0.05882676828375244,0.0,0.0,26
191,-0.06298405711038814,2.3322676526846573,37.02949221891249,-2.3322676526846573,0.0,0.0,26
67,-0.18694196964307552,6.199431065047662,33.16232880654948,-6.199431065047662,0.0,0.0,26
180,0.2662423237923294,3.3087187885337643,36.05304108306338,9.598845437735115,12.907564226268878,12.907564226268878,26
63,-0.027650953893722522,1.0591049453722094,38.30265492622493,-1.0591049453722094,0.0,0.0,26
143,0.1601055969376493,1.2227949233658855,38.13896494823126,6.106261749620649,7.3290566729865345,7.3290566729865345,26
16,0.9914540792773768,-0.7497057594686438,40.11146563106579,39.76867622571448,39.01897046624583,39.01897046624583,26
41,-0.039270025230389013,1.4873298235725303,37.874430048024614,-1.4873298235725303,0.0,0.0,26
163,-0.0461272514623754,1.735591719899001,37.626168151698145,-1.735591719899001,0.0,0.0,26
172,-0.150512759021252,5.149397111637466,34.212362759959674,-5.149397111637466,0.0,0.0,26
110,0.0027683758790578114,-0.10927064881426163,39.471030520411404,0.10927064881426163,0.0,0.0,26
141,-0.160648524961483,5.44816843968334,33.9135914319138,-5.44816843968334,0.0,0.0,26
153,-0.034700537647477304,1.3200671891026619,38.041692682494485,-1.3200671891026619,0.0,0.0,26
121,-0.15062809632359067,5.152826509581054,34.20893336201609,-5.152826509581054,0.0,0.0,26
161,-0.03135679739636214,1.1967330147760586,38.165026856821086,-1.1967330147760586,0.0,0.0,26
7,-0.411830322114784,11.481809104824356,27.879950766772787,-11.481809104824356,0.0,0.0,26
137,0.03188534538493601,-1.2963994527733083,40.65815932437045,1.2963994527733083,0.0,0.0,26
168,1.9189268038177105,8.936331287310498,30.425428584286646,58.38417042802918,67.32050171533967,67.32050171533967,26
111,0.17822134302577097,1.7668686549842108,37.594891216612936,6.700212003532518,8.467080658516728,8.467080658516728,26
130,-0.1158724945498713,4.08733554099728,35.274424330599864,-4.08733554099728,0.0,0.0,26
92,-0.05889687920178264,2.380621923035002,40.420170903774256,-2.380621923035002,0.0,0.0,27
105,0.20352857377171799,2.4148647122329634,40.385928114576295,8.219690349606841,10.634555061839805,10.634555061839805,27
14,-0.1961037057246599,7.017279556211722,35.78351327059754,-7.017279556211722,0.0,0.0,27
18,-0.09141112238176255,3.5847797689562038,39.216013057853054,-3.5847797689562038,0.0,0.0,27
66,-0.3150286980091269,10.253371700861937,32.547421125947324,-10.253371700861937,0.0,0.0,27
181,-0.23975520894329722,8.277209043450586,34.523583783358674,-8.277209043450586,0.0,0.0,27
72,-0.04437923946905936,1.8187518121216346,40.982041014687624,-1.8187518121216346,0.0,0.0,27
183,0.07373731653459921,-0.943699929883103,43.74449275669236,3.225601509045707,2.281901579162604,2.281901579162604,27
61,-0.17880948635810948,6.492302504899138,36.30849032191012,-6.492302504899138,0.0,0.0,27
74,-0.150974054757261,5.614209297925202,37.18658352888406,-5.614209297925202,0.0,0.0,27
139,-0.3190965685151116,10.353742437625465,32.447050389183794,-10.353742437625465,0.0,0.0,27
39,-0.28234431044717434,9.423803138381565,33.37698968842769,-9.423803138381565,0.0,0.0,27
199,1.0899930020241275,13.930462606211208,28.87033022059805,31.468457906577562,45.39892051278877,45.39892051278877,27
76,-0.04465309269770322,1.8294951529749173,40.97129767383434,-1.8294951529749173,0.0,0.0,27
49,-0.04003941703215635,1.6477440808828079,41.15304874592645,-1.6477440808828079,0.0,0.0,27
6,0.24576944468861972,3.4923353952680847,39.30845743154117,9.66081775451612,13.153153149784204,13.153153149784204,27
148,-0.01448159196905073,0.6109757166383698,42.189817110170885,-0.6109757166383698,0.0,0.0,27
90,-0.0939923772543099,3.677309229756946,39.123483597052314,-3.677309229756946,0.0,0.0,27
62,-0.037150624271577525,1.5331198146375122,41.26767301217174,-1.5331198146375122,0.0,0.0,27
143,1.0118012801328267,7.789450189396553,35.0113426374127,35.42452129970319,43.21397148909974,43.21397148909974,27
189,0.14538975685127747,1.2828603344825904,41.517932492326665,6.036282110027127,7.319142444509717,7.319142444509717,27
165,0.3271034612540148,5.131973350765611,37.668819476043645,12.32160123196652,17.45357458273213,17.45357458273213,27
156,-0.024737032117458976,1.0332061335011156,41.76758669330814,-1.0332061335011156,0.0,0.0,27
37,0.37451534801419,5.949039843399152,36.85175298341011,13.801547093514802,19.750586936913955,19.750586936913955,27
150,-0.060681524163355954,2.44863070107632,40.35216212573294,-2.44863070107632,0.0,0.0,27
167,0.1414613614878836,1.2224936115411644,41.57829921526809,5.881722815342426,7.104216426883591,7.104216426883591,27
27,0.6213263644939728,9.456563546422398,33.344229280386855,20.717648755636244,30.174212302058642,30.174212302058642,27
198,-0.20758551512502751,7.357511758322881,35.44328106848638,-7.357511758322881,0.0,0.0,27
108,0.29902468955906114,4.675864973499328,38.12492785330993,11.400294715797605,16.076159689296933,16.076159689296933,27
154,-0.006019068598124279,0.2560795477144009,42.54471327909486,-0.2560795477144009,0.0,0.0,27
43,-0.7769495691631165,18.714125670032832,24.086667156776425,-18.714125670032832,0.0,0.0,27
184,0.5585315651864341,8.767205042665346,34.03358778414391,19.008833053987804,27.77603809665315,27.77603809665315,27
17,-0.0322711344038965,1.3380497544425738,41.462743072366685,-1.3380497544425738,0.0,0.0,27
177,-0.009279474763529817,0.39351724356477136,42.407275583244484,-0.39351724356477136,0.0,0.0,27
22,-0.22685033742398886,7.914065798084747,34.88672702872451,-7.914065798084747,0.0,0.0,27
82,0.6959483844760501,10.043209104281773,32.757583722527485,22.79758747103196,32.84079657531373,32.84079657531373,27
4,0.48228838895965565,7.786609751523191,35.01418307528607,16.88693394611816,24.67354369764135,24.67354369764135,27
2,-0.07676073031928445,3.051207220991489,39.74958560581777,-3.051207220991489,0.0,0.0,27
187,1.9665096638217432,19.3209417084012,23.479851118408057,46.17335412944521,65.49429583784641,65.49429583784641,27
161,-0.26579458151237256,8.987413111065152,33.813379715744105,-8.987413111065152,0.0,0.0,27
185,-0.06693017301776459,2.503034530841624,37.397699990664435,-2.503034530841624,0.0,0.0,28
79,-0.06378976561352853,2.392633004385551,37.50810151712051,-2.392633004385551,0.0,0.0,28
119,-0.17146364318791962,5.840151631435601,34.06058289007046,-5.840151631435601,0.0,0.0,28
25,0.533385123202629,7.1504739366592815,32.75026058484678,17.468501776966704,24.618975713625986,24.618975713625986,28
166,-0.09473278805033769,3.4528132049561115,36.44792131654995,-3.4528132049561115,0.0,0.0,28
169,-0.001781160191709286,0.07094323867706454,39.82979128282899,-0.07094323867706454,0.0,0.0,28
50,0.6257414399203111,8.253677811499333,31.647056710006726,19.80287483495935,28.056552646458684,28.056552646458684,28
95,-0.04407862448568565,1.6845182464518622,38.216216275054194,-1.6845182464518622,0.0,0.0,28
28,-0.06264527283019497,2.352235938120385,37.54849858338567,-2.352235938120385,0.0,0.0,28
112,-0.2578003062271441,8.178103890900655,31.722630630605405,-8.178103890900655,0.0,0.0,28
4,1.625682577729276,15.942618209719972,23.958116311786085,38.94829228328222,54.890910493002195,54.890910493002195,28
118,-0.18162001031196673,6.132912232366235,33.76782228913982,-6.132912232366235,0.0,0.0,28
46,0.16169094305293763,1.1037973328548178,38.79693718865124,6.273113361598606,7.376910694453423,7.376910694453423,28
147,-0.0016392516817898169,0.06530030253827057,39.83543421896779,-0.06530030253827057,0.0,0.0,28
106,-0.03263895145432319,1.2611553488323737,38.639579172673685,-1.2611553488323737,0.0,0.0,28
44,-0.13271361963048334,4.674942379514709,35.22579214199135,-4.674942379514709,0.0,0.0,28
114,-0.008076164352480394,0.31966323694138654,39.58107128456467,-0.31966323694138654,0.0,0.0,28
57,-0.017001861863141843,0.6670457567597174,39.23368876474634,-0.6670457567597174,0.0,0.0,28
23,0.31209028015851725,-0.6205068847158683,40.521241406221925,12.646285582838711,12.025778698122842,12.025778698122842,28
157,0.031588816527595605,-1.1368039050441854,41.03753842655024,1.29632727210045,0.15952336705626458,0.15952336705626458,28
100,0.10586792773243392,-0.08115836519419228,39.98189288670025,4.232800146735096,4.151641781540904,4.151641781540904,28
72,-0.12051362616614131,4.2914089499579635,35.6093255715481,-4.2914089499579635,0.0,0.0,28
117,0.23690361026197979,2.0826523071021374,37.81808221440392,8.959240209776656,11.041892516878793,11.041892516878793,28
90,0.5379340249576887,7.401768670437813,32.49896585106825,17.48229950722762,24.884068177665434,24.884068177665434,28
199,0.4069609818165042,5.649777871705156,34.250956649800905,13.9388029463575,19.588580818062656,19.588580818062656,28
138,-0.003949242715430915,0.15695782061968844,39.74377670088637,-0.15695782061968844,0.0,0.0,28
43,-0.7588124364678807,17.214555089186174,22.686179432319886,-17.214555089186174,0.0,0.0,28
45,-0.20715279192560423,6.847143635253852,33.05359088625221,-6.847143635253852,0.0,0.0,28
141,-0.37871936036125586,10.960302067543015,28.940432453963044,-10.960302067543015,0.0,0.0,28
54,-0.012038301644724116,0.47462341814071873,39.42611110336534,-0.47462341814071873,0.0,0.0,28
154,-0.10610191200916669,3.82744499158489,36.07328952992117,-3.82744499158489,0.0,0.0,28
151,-0.010184733020765387,0.4022812017944273,39.49845331971163,-0.4022812017944273,0.0,0.0,28
198,0.12173568090401288,0.4455501958691259,39.455184325636935,4.803103729074748,5.248653924943874,5.248653924943874,28
116,-0.020861351286542696,0.8153734475256667,39.085361073980394,-0.8153734475256667,0.0,0.0,28
101,-0.13127160061776855,4.630040463848346,35.270694057657714,-4.630040463848346,0.0,0.0,28
71,0.0005619284953529489,-0.02243396599790537,39.923168487503965,0.02243396599790537,0.0,0.0,28
62,0.10529982434044387,0.11454737626603162,39.78618714524003,4.189478517569801,4.304025893835832,4.304025893835832,28
113,-0.3914324352531043,11.2247215793124,28.67601294219366,-11.2247215793124,0.0,0.0,28
102,-0.10881159258705841,3.9155998166907766,35.98513470481528,-3.9155998166907766,0.0,0.0,28
194,-0.10129361874260044,3.6699475247897477,36.23078699671631,-3.6699475247897477,0.0,0.0,28
113,0.013875941995184075,-0.5896880781736504,42.49715647257055,0.5896880781736504,0.0,0.0,29
167,-0.1269129506156788,4.719619615570523,37.18784877882638,-4.719619615570523,0.0,0.0,29
159,0.17743784679596353,1.6827640482431567,40.22470434615374,7.137384927185756,8.820148975428912,8.820148975428912,29
37,0.3501234277820393,5.08746826063318,36.82000013376372,12.891544657768499,17.97901291840168,17.97901291840168,29
23,0.4297401862637322,6.359723276137213,35.547745118259684,15.276294608376595,21.63601788451381,21.63601788451381,29
130,0.12578512564872424,0.4182159965870538,41.48925239780985,5.2187308259301455,5.636946822517199,5.636946822517199,29
68,0.010324385436914845,-0.43718249699432277,42.344650891391225,0.43718249699432277,0.0,0.0,29
118,-0.10300586450933083,3.913592076214926,37.993876318181975,-3.913592076214926,0.0,0.0,29
58,-0.05298575519054027,2.1087643874147313,39.79870400698217,-2.1087643874147313,0.0,0.0,29
191,-0.40624024726597974,12.106395301891094,29.801073092505806,-12.106395301891094,0.0,0.0,29
43,-0.31690557860988344,10.084785678879712,31.82268271551719,-10.084785678879712,0.0,0.0,29
172,-0.08077911998291241,3.1322296619355665,38.77523873246133,-3.1322296619355665,0.0,0.0,29
176,-0.2306261259161992,7.8536907995186365,34.05377759487826,-7.8536907995186365,0.0,0.0,29
20,-0.0007902158153706318,0.033089796227091295,41.87437859816981,-0.033089796227091295,0.0,0.0,29
31,-0.8658080493946819,19.446707541750346,22.460760852646555,-19.446707541750346,0.0,0.0,29
125,-0.20143108624951847,7.026176513379786,34.88129188101711,-7.026176513379786,0.0,0.0,29
9,-0.009587647011589774,0.3979783382890578,41.50949005610784,-0.3979783382890578,0.0,0.0,29
48,-0.19050860353479945,6.706153368224631,35.20131502617227,-6.706153368224631,0.0,0.0,29
47,-0.12417843585826115,4.629161803857848,37.27830659053905,-4.629161803857848,0.0,0.0,29
32,0.7366099566413984,11.439115585707754,30.468352808689147,22.44329204134334,33.882407627051094,33.882407627051094,29
115,-0.08391524880191253,3.244419377678467,38.66304901671843,-3.244419377678467,0.0,0.0,29
154,-0.004822872259038365,0.2011442736285165,41.706324120768386,-0.2011442736285165,0.0,0.0,29
22,-0.10960171364535404,4.139440570504067,37.76802782389284,-4.139440570504067,0.0,0.0,29
61,0.10953161824218617,0.26900942623342794,41.63845896816347,4.5607277918938145,4.829737218127242,4.829737218127242,29
190,-0.23813596421456204,8.060241913917597,33.84722648047931,-8.060241913917597,0.0,0.0,29
137,0.23109053706771537,3.1498946324389627,38.757573761957936,8.956508536092453,12.106403168531417,12.106403168531417,29
136,0.5233144159667348,7.935347588273661,33.97212080612324,17.778100558807743,25.713448147081404,25.713448147081404,29
42,-0.03365112781189672,1.3643225816414006,40.5431458127555,-1.3643225816414006,0.0,0.0,29
110,0.1277610659283952,0.8184908298044582,41.08897756459244,5.249571571560246,6.068062401364704,6.068062401364704,29
133,0.4243509519473975,6.575589065436093,35.33187932896081,14.993116627335096,21.56870569277119,21.56870569277119,29
183,-0.17135557133585724,6.130570738457916,35.77689765593898,-6.130570738457916,0.0,0.0,29
55,0.4607136547074549,7.11971178970316,34.78775660469374,16.027194484421855,23.146906274125016,23.146906274125016,29
188,-0.007628791376151682,0.31728284882262536,41.59018554557427,-0.31728284882262536,0.0,0.0,29
24,0.7392133436948812,10.53773913638951,31.36972925800739,23.188922455614787,33.7266615920043,33.7266615920043,29
71,-0.08231920657723292,3.187404905062124,38.72006348933478,-3.187404905062124,0.0,0.0,29
139,-0.2132183859001593,7.3650736520824385,34.542394742314464,-7.3650736520824385,0.0,0.0,29
128,0.1257481918010306,0.8471341420415173,41.06033425235538,5.163262786979612,6.0103969290211285,6.0103969290211285,29
142,-0.11714683188856419,4.394522738407083,37.51294565598982,-4.394522738407083,0.0,0.0,29
5,0.16587399306408815,1.8554890300469074,40.05197936435,6.643581747285193,8.4990707773321,8.4990707773321,29
50,-0.19550431806155297,6.853250888643643,35.05421750575326,-6.853250888643643,0.0,0.0,29
190,-0.049496812076646246,1.7496384756852845,35.348508364052904,-1.7496384756852845,0.0,0.0,30
52,0.20492028019420738,1.4579534351965169,35.64019340454168,7.303398418634423,8.76135185383094,8.76135185383094,30
165,-0.13576165018606481,4.434474110816035,32.66367272892216,-4.434474110816035,0.0,0.0,30
36,-0.17676879558443837,5.572712974614738,31.525433865123453,-5.572712974614738,0.0,0.0,30
141,-0.30869299054683735,8.750668013373629,28.347478826364565,-8.750668013373629,0.0,0.0,30
53,0.23851624246999437,2.1647452933609364,34.933401546377254,8.332183673537394,10.49692896689833,10.49692896689833,30
174,-0.053248309937680954,1.8755440691406005,35.22260277059759,-1.8755440691406005,0.0,0.0,30
57,0.4129140416055114,4.848666114167701,32.24948072557049,13.316263426074352,18.164929540242053,18.164929540242053,30
19,0.6684791395624124,7.839264531436523,29.25888230830167,19.55895247001139,27.398217001447914,27.398217001447914,30
28,43.60323696814326,31.803607049921162,5.29453978981703,230.85907309265534,262.6626801425765,262.6626801425765,30
194,-0.046531865917787865,1.649492051569036,35.44865478816916,-1.649492051569036,0.0,0.0,30
34,-0.18535539654103836,5.801080197958397,31.297066641779793,-5.801080197958397,0.0,0.0,30
158,-0.7574895519696928,15.98954519931266,21.108601640425533,-15.98954519931266,0.0,0.0,30
192,-0.05790895929584101,2.03071829235994,35.06742854737825,-2.03071829235994,0.0,0.0,30
83,0.900068873457193,4.051153476056591,33.0469933636816,29.74457008799623,33.79572356405282,33.79572356405282,30
50,-0.029086349222714077,1.0485511301468295,36.049595709591365,-1.0485511301468295,0.0,0.0,30
188,-0.07189600293794274,2.488309002805812,34.60983783693238,-2.488309002805812,0.0,0.0,30
163,-0.11476351011271824,3.8192078511566154,33.27893898858158,-3.8192078511566154,0.0,0.0,30
109,-0.11903419653610786,3.946213722258036,33.151933117480155,-3.946213722258036,0.0,0.0,30
119,-0.031225333367406773,1.1233257804103185,35.97482105932787,-1.1233257804103185,0.0,0.0,30
4,0.42687704790052594,5.220756729094215,31.877390110643976,13.60772618520512,18.828482914299336,18.828482914299336,30
161,-0.03071034442816624,1.1053511524880677,35.99279568725012,-1.1053511524880677,0.0,0.0,30
55,-0.04188050122671371,1.4912353023222356,35.606911537415954,-1.4912353023222356,0.0,0.0,30
31,0.38573085663500795,4.6977090898963265,32.40043774984186,12.497848608595751,17.195557698492077,17.195557698492077,30
93,-0.058994985286706284,2.0666808222721595,35.03146601746603,-2.0666808222721595,0.0,0.0,30
9,-0.0024461896715137566,0.0905276558150272,37.00761918392316,-0.0905276558150272,0.0,0.0,30
38,0.4887889746671889,6.054452328870571,31.04369451086762,15.173815609848425,21.228267938718997,21.228267938718997,30
144,-0.10534687121884627,3.5356988827174898,33.5624479570207,-3.5356988827174898,0.0,0.0,30
69,-0.17835934385826263,5.615265973983804,31.48288086575439,-5.615265973983804,0.0,0.0,30
60,-0.09582892614193585,3.2441884756813724,33.85395836405682,-3.2441884756813724,0.0,0.0,30
13,0.8589120466735899,8.908531185702499,28.18961565403569,24.212400476349664,33.120931662052165,33.120931662052165,30
79,0.011135083210810116,-0.4177425500832097,37.5158893898214,0.4177425500832097,0.0,0.0,30
56,0.02039015722486402,-0.7721819583503204,37.870328798088515,0.7721819583503204,0.0,0.0,30
29,0.9469652217461447,10.477233793059204,26.620913046678986,25.209078826333204,35.68631261939241,35.68631261939241,30
64,-0.06382598949499878,2.2257643203481665,34.87238251939002,-2.2257643203481665,0.0,0.0,30
75,-0.04592776787085105,1.6290179196242816,35.46912892011391,-1.6290179196242816,0.0,0.0,30
139,0.4582494038215682,3.8341054856520964,33.264041354086096,15.243227119205944,19.07733260485804,19.07733260485804,30
77,0.3069961768752063,3.6393651166836998,33.45878172305449,10.271718071879757,13.911083188563456,13.911083188563456,30
30,-0.09847733007087847,3.3258096014772436,33.772337238260945,-3.3258096014772436,0.0,0.0,30
135,0.38003103934895427,4.71267799983857,32.38546883989962,12.307483383030226,17.020161382868796,17.020161382868796,30
48,-0.16875735497910835,5.2377460845441,31.03714256005326,-5.2377460845441,0.0,0.0,31
37,-0.14843135935278706,4.6884221577883185,31.586466486809044,-4.6884221577883185,0.0,0.0,31
108,0.02619723312543024,-0.9758667224488822,37.250755367046246,0.9758667224488822,0.0,0.0,31
159,-0.5990694948574927,13.58989042453555,22.68499822006181,-13.58989042453555,0.0,0.0,31
191,0.3622109427031528,3.9364904202193207,32.33839822437804,11.713321706361931,15.649812126581253,15.649812126581253,31
24,0.1507131128566919,0.39033810473541775,35.88455053986194,5.408272315325877,5.798610420061294,5.798610420061294,31
71,-0.3897277138670399,10.172733321192833,26.102155323404528,-10.172733321192833,0.0,0.0,31
119,0.3416911056421711,3.683325695040269,32.591562949557094,11.136247178840582,14.819572873880851,14.819572873880851,31
33,-0.11018091309631461,3.6001342719734963,32.674754372623866,-3.6001342719734963,0.0,0.0,31
178,-0.02084223450872788,0.7406136916665984,35.534274952930765,-0.7406136916665984,0.0,0.0,31
5,6.36017714929143,9.067011874946118,27.207876769651243,173.04691611107296,182.11392798601906,182.11392798601906,31
57,0.13890634895501258,0.22889775576120952,36.04599088883615,5.007016988833879,5.235914744595088,5.235914744595088,31
87,-0.0026522827881528812,0.09595675833568729,36.17893188626167,-0.09595675833568729,0.0,0.0,31
39,-0.08437879992507272,2.8226589928337473,33.452229651763616,-2.8226589928337473,0.0,0.0,31
65,-0.02195341157878437,0.7792503565883195,35.49563828800904,-0.7792503565883195,0.0,0.0,31
28,-0.03558717481653615,1.2465592806075132,35.02832936398985,-1.2465592806075132,0.0,0.0,31
60,-0.3224445039372591,8.844710261612184,27.430178382985176,-8.844710261612184,0.0,0.0,31
21,-0.06358359675274988,2.168600473785956,34.1062881708114,-2.168600473785956,0.0,0.0,31
169,0.1973492436394091,1.4567038329699256,34.81818481162743,6.871342437471835,8.32804627044176,8.32804627044176,31
151,-0.020694349324082196,0.7354652426562314,35.53942340194113,-0.7354652426562314,0.0,0.0,31
181,0.17683499541456654,1.0897436509498641,35.1851449936475,6.221964953612514,7.311708604562378,7.311708604562378,31
92,-0.237295498912948,6.957002435145029,29.317886209452332,-6.957002435145029,0.0,0.0,31
26,-0.6329703308197603,14.060836153890342,22.21405249070702,-14.060836153890342,0.0,0.0,31
38,0.3123040418819539,3.416530309119919,32.85835833547744,10.261798117775195,13.678328426895114,13.678328426895114,31
185,-0.17414287814676524,5.380106314654139,30.894782329943222,-5.380106314654139,0.0,0.0,31
78,-0.07566805276918111,2.551763233173345,33.723125411424014,-2.551763233173345,0.0,0.0,31
189,-0.3871188393352433,10.123640737113401,26.15124790748396,-10.123640737113401,0.0,0.0,31
142,-0.03181816542693201,1.1186083424493374,35.156280302148026,-1.1186083424493374,0.0,0.0,31
102,0.611948027832976,7.1798196220960175,29.09506902250134,17.80467010798401,24.98448973008003,24.98448973008003,31
197,-0.31016000194175974,8.587515658980998,27.687372985616364,-8.587515658980998,0.0,0.0,31
32,1.5370289696862085,13.85656833674448,22.41832030785288,34.45760776487452,48.314176101619,48.314176101619,31
73,-0.6956136085584863,14.88151903403131,21.39336961056605,-14.88151903403131,0.0,0.0,31
3,-0.14515780746161108,4.598128980350477,31.676759664246884,-4.598128980350477,0.0,0.0,31
120,-0.023051003064662085,0.8173322413174342,35.45755640327992,-0.8173322413174342,0.0,0.0,31
186,-0.0012525322972532053,0.04537863140518161,36.22951001319218,-0.04537863140518161,0.0,0.0,31
7,-0.008529684125904213,0.3067964649041883,35.96809217969317,-0.3067964649041883,0.0,0.0,31
141,-0.01632952227159848,0.5828341980047398,35.69205444659262,-0.5828341980047398,0.0,0.0,31
35,-0.7057349682697176,15.008461374601081,21.266427269996278,-15.008461374601081,0.0,0.0,31
100,-0.08605813792141973,2.8743851374619247,33.40050350713544,-2.8743851374619247,0.0,0.0,31
174,1.4053826759724986,13.195991039228627,23.078897605368734,32.4346828751284,45.63067391435703,45.63067391435703,31
109,-0.21570862712482605,8.157120398966644,37.81545739589863,-8.157120398966644,0.0,0.0,32
178,0.14916854431759127,1.5710555402166104,44.40152225464867,6.623310440211075,8.194365980427685,8.194365980427685,32
165,3.4463841177753314,26.550581928239904,19.421995866625377,66.93565809023583,93.48624001847574,93.48624001847574,32
60,-0.32707524771340557,11.3305498660967,34.642027928768584,-11.3305498660967,0.0,0.0,32
185,-0.033252203257773394,1.479493095972897,44.49308469889238,-1.479493095972897,0.0,0.0,32
132,-0.08722352536988537,3.6881931010877014,42.28438469377758,-3.6881931010877014,0.0,0.0,32
78,0.6054659134433104,10.197204520341483,35.7753732745238,21.660769058434948,31.85797357877643,31.85797357877643,32
101,-0.008049084469189768,0.36708248401626165,45.60549531084902,-0.36708248401626165,0.0,0.0,32
182,-0.35896638873291853,12.143501390901033,33.82907640396425,-12.143501390901033,0.0,0.0,32
91,-0.07719142110236456,3.2943899683985984,42.67818782646668,-3.2943899683985984,0.0,0.0,32
38,0.016033984253459452,-0.7491352106246778,46.72171300548996,0.7491352106246778,0.0,0.0,32
22,-0.10941748448282144,4.5340945927582075,41.43848320210707,-4.5340945927582075,0.0,0.0,32
130,-0.025106004111323157,1.1259203657933803,44.8466574290719,-1.1259203657933803,0.0,0.0,32
2,-0.0352977106575403,1.5674010793994584,44.40517671546582,-1.5674010793994584,0.0,0.0,32
27,-0.11635396142324207,4.791573038761991,41.18100475610329,-4.791573038761991,0.0,0.0,32
9,0.09502433547184054,0.10715328345000041,45.86542451141528,4.358331485331103,4.465484768781104,4.465484768781104,32
121,-0.16240656326725422,6.423095498716618,39.54948229614866,-6.423095498716618,0.0,0.0,32
76,0.27463744283881025,4.796148064491256,41.176429730374025,11.308589366381884,16.10473743087314,16.10473743087314,32
54,-0.15296252299553703,6.099141427286805,39.87343636757848,-6.099141427286805,0.0,0.0,32
77,0.23514307869442344,3.9786021840294117,41.99397561083587,9.874592711750477,13.85319489577989,13.85319489577989,32
113,-0.13066677377221553,5.312872511859476,40.659705283005806,-5.312872511859476,0.0,0.0,32
92,-0.05938022013444164,2.5768479887800892,43.39572980608519,-2.5768479887800892,0.0,0.0,32
45,0.044748254953646406,-1.551607235254551,47.52418503011983,2.126624348192068,0.5750171129375171,0.5750171129375171,32
15,-0.2169240758429809,8.194890010177964,37.777687784687316,-8.194890010177964,0.0,0.0,32
20,-0.10826310385636345,4.490931753508335,41.481646041356946,-4.490931753508335,0.0,0.0,32
196,-0.06846144601912847,2.9456834074731857,43.0268943873921,-2.9456834074731857,0.0,0.0,32
174,-0.16976587815836625,6.671912034941839,39.30066575992344,-6.671912034941839,0.0,0.0,32
123,-0.08843040375053318,3.7350790660056856,42.23749872885959,-3.7350790660056856,0.0,0.0,32
19,-0.1513099954529157,6.041909272544276,39.93066852232101,-6.041909272544276,0.0,0.0,32
16,-0.09783662357784166,4.096968248299982,41.8756095465653,-4.096968248299982,0.0,0.0,32
14,-0.23862279094566732,8.856695436713284,37.11588235815199,-8.856695436713284,0.0,0.0,32
116,-0.1787764133274795,6.9723252659800625,39.00025252888522,-6.9723252659800625,0.0,0.0,32
68,0.21176384239253948,3.5720195988873487,42.40055819597793,8.978905123168769,12.550924722056118,12.550924722056118,32
117,-0.018355665604007556,0.8286468995645653,45.14393089530071,-0.8286468995645653,0.0,0.0,32
35,-0.13874441407406218,5.6012905888186255,40.37128720604665,-5.6012905888186255,0.0,0.0,32
7,0.001069980159524866,-0.04924243455069521,46.02182022941597,0.04924243455069521,0.0,0.0,32
85,0.0034849650329634844,-0.1607731147735254,46.13335090963881,0.1607731147735254,0.0,0.0,32
140,-0.04591019773251359,2.0179649662192194,43.95461282864606,-2.0179649662192194,0.0,0.0,32
70,-0.08435300299466646,3.576256976919058,42.396320817946226,-3.576256976919058,0.0,0.0,32
159,-0.4795977541958149,14.901580515708073,31.070997279157208,-14.901580515708073,0.0,0.0,32
180,0.16411751057629922,0.7536619939054328,37.0018708476987,6.0726549301900485,6.826316924095481,6.826316924095481,33
125,-0.5071293088956496,12.704243201918512,25.051289639685617,-12.704243201918512,0.0,0.0,33
111,-0.010597805380513867,0.39592980210585704,37.359603039498275,-0.39592980210585704,0.0,0.0,33
182,0.002380219155573718,-0.09008085467432503,37.845613696278456,0.09008085467432503,0.0,0.0,33
177,-0.2365242881297589,7.221937016560275,30.533595825043854,-7.221937016560275,0.0,0.0,33
88,-0.10200381513580914,4.726107463930704,33.02942537767343,-3.369127400266203,1.3569800636645013,1.3569800636645013,33
143,-0.19646451804157447,6.199617666280719,31.55591517532341,-6.199617666280719,0.0,0.0,33
83,-0.8881159178178457,17.759126643599416,19.996406198004713,-17.759126643599416,0.0,0.0,33
150,4.333203472029856,20.6638186698421,17.09171417176203,74.06187519202112,94.72569386186322,94.72569386186322,33
70,-0.5929291126452464,14.053578660537891,23.701954181066238,-14.053578660537891,0.0,0.0,33
20,0.16058537154634775,0.808369951646168,36.94716288995796,5.93317388026733,6.741543831913498,6.741543831913498,33
90,0.0007778770445628294,-0.029392025684795264,37.78492486728892,0.029392025684795264,0.0,0.0,33
75,-0.013220223002506642,0.49262396506986716,37.26290887653426,-0.49262396506986716,0.0,0.0,33
18,0.09509265525580549,-0.6399753824125622,38.395508224016694,3.6511308269178637,3.0111554445053015,3.0111554445053015,33
65,0.18301657584556758,1.3001585210560993,36.45537432054803,6.671937779315135,7.972096300371234,7.972096300371234,33
34,-0.0068576539228370065,0.25715092584464827,37.49838191575948,-0.25715092584464827,0.0,0.0,33
154,0.252781685021845,2.6684205251739206,35.08711231643021,8.86937937389796,11.537799899071882,11.537799899071882,33
123,-0.10286673531488782,3.521539166181267,34.23399367542286,-3.521539166181267,0.0,0.0,33
114,-0.11530293342137468,3.9032657039370204,33.852267137667106,-3.9032657039370204,0.0,0.0,33
2,-0.3368326426786722,9.513005216043119,28.24252762556101,-9.513005216043119,0.0,0.0,33
169,-0.17494945478117807,5.621782161549813,32.13375068005432,-5.621782161549813,0.0,0.0,33
149,-0.028671717617156714,1.052343480996376,36.70318936060775,-1.052343480996376,0.0,0.0,33
122,-0.4016275913235122,10.818611026335935,26.936921815268192,-10.818611026335935,0.0,0.0,33
48,-0.03252801356305109,1.1894229194944024,36.566109922109725,-1.1894229194944024,0.0,0.0,33
14,-0.0762650006850616,2.6753873220786697,35.08014551952546,-2.6753873220786697,0.0,0.0,33
174,0.10846012414092611,-0.09449803712975302,37.85003087873388,4.105219047845363,4.01072101071561,4.01072101071561,33
30,0.1891332701926755,1.6345848281671136,36.120948013437015,6.831673020240968,8.466257848408082,8.466257848408082,33
108,-0.020911860392703294,0.7733659118545715,36.98216692974956,-0.7733659118545715,0.0,0.0,33
167,-0.1011214762798532,3.467278861524232,34.2882539800799,-3.467278861524232,0.0,0.0,33
105,0.1915063937913089,1.7356946100467354,36.019838231557394,6.8980293246718745,8.63372393471861,8.63372393471861,33
183,0.1180811448657999,0.2134594766279676,37.54207336497616,4.433011003572238,4.646470480200206,4.646470480200206,33
51,1.04813086716428,11.588875187796136,26.166657653807995,27.426081577476616,39.01495676527275,39.01495676527275,33
13,0.3378266537529838,5.848057629546835,31.907475212057292,10.779195580595593,16.627253210142428,16.627253210142428,33
36,0.29424643624060126,1.2739452734188215,36.481587568185304,10.734577130337948,12.00852240375677,12.00852240375677,33
67,-0.2135347895295045,6.643501141019591,31.112031700584538,-6.643501141019591,0.0,0.0,33
43,-0.1740833377766152,5.598077210641401,32.15745563096273,-5.598077210641401,0.0,0.0,33
24,0.010203594358401269,-0.38921351876531296,38.14474636036944,0.38921351876531296,0.0,0.0,33
58,0.13383278065062576,0.6393904758177891,37.11614236578634,4.967356539837681,5.60674701565547,5.60674701565547,33
42,-0.25228727440933596,7.606274270393133,30.149258571210996,-7.606274270393133,0.0,0.0,33
64,-0.47732583801443307,12.198860190194598,25.55667265140953,-12.198860190194598,0.0,0.0,33
177,2.193558381760692,18.811840225010435,21.429978648477302,47.007909285320046,65.81974951033048,65.81974951033048,34
185,-0.11173535755443603,4.04451831986448,36.19730055362326,-4.04451831986448,0.0,0.0,34
135,-0.3116847463342211,9.562329014394717,30.67948985909302,-9.562329014394717,0.0,0.0,34
89,-0.3661940621822309,10.786399627111265,29.455419246376472,-10.786399627111265,0.0,0.0,34
92,0.27385719579422513,3.382370302410285,36.85944857107745,10.094225224196729,13.476595526607014,13.476595526607014,34
166,0.1718951453634669,1.3668501697263677,38.87496870376137,6.682418396333286,8.049268566059654,8.049268566059654,34
51,0.17003402900325146,1.343234530378767,38.89858434310897,6.6140830183816135,7.957317548760381,7.957317548760381,34
159,-0.06446885610793367,2.4372192907195327,37.804599582768205,-2.4372192907195327,0.0,0.0,34
195,-0.0470162546969701,1.807058483703131,38.43476038978461,-1.807058483703131,0.0,0.0,34
163,-0.0005016941347855231,0.020178960835632864,40.22163991265211,-0.020178960835632864,0.0,0.0,34
137,0.22493314569693978,2.540266662550793,37.701552210936946,8.480328736463463,11.020595399014256,11.020595399014256,34
54,-0.19788019769181692,6.647625605221608,33.59419326826613,-6.647625605221608,0.0,0.0,34
38,-0.9062651166640364,19.131523919388744,21.110294954098993,-19.131523919388744,0.0,0.0,34
43,-0.18883428233165417,6.3920052606419855,33.84981361284575,-6.3920052606419855,0.0,0.0,34
176,-0.032160314890884834,1.2538648774634722,38.98795399602427,-1.2538648774634722,0.0,0.0,34
37,-0.04635008925294723,1.7825887488754177,38.45923012461232,-1.7825887488754177,0.0,0.0,34
3,-0.012810495234031617,0.508997123660786,39.732821749826954,-0.508997123660786,0.0,0.0,34
87,-0.0564173721490353,2.1490915723216064,38.09272730116613,-2.1490915723216064,0.0,0.0,34
199,1.1532194700731981,9.63400458131629,30.607814292171447,35.29752737811682,44.93153195943311,44.93153195943311,34
103,-0.015193356551835388,0.6022579821798308,39.63956089130791,-0.6022579821798308,0.0,0.0,34
194,0.11748114381326144,0.3064148716567894,39.935404001830946,4.691656940779798,4.998071812436588,4.998071812436588,34
116,-0.03080785991832799,1.2027113557432183,39.03910751774452,-1.2027113557432183,0.0,0.0,34
105,-0.05801833475356523,2.2067323805292713,38.03508649295846,-2.2067323805292713,0.0,0.0,34
69,0.004086243144622097,-0.1651125465101817,40.40693141999792,0.1651125465101817,0.0,0.0,34
16,0.34789031140462723,4.98044119123705,35.26137768225069,12.267091662434366,17.247532853671416,17.247532853671416,34
117,0.5983471435118699,8.389553401285937,31.8522654722018,19.05871205967371,27.448265460959647,27.448265460959647,34
188,-0.041795295981212205,1.614442623352067,38.62737625013567,-1.614442623352067,0.0,0.0,34
48,1.0053267389502367,12.329888191460611,27.911930682027126,28.06061025036739,40.390498441828,40.390498441828,34
18,-0.47592946871545466,12.976411056601075,27.265407816886665,-12.976411056601075,0.0,0.0,34
191,-15.171354561815093,46.36570001419419,-6.123881140706452,92.90757208007024,139.27327209426443,139.27327209426443,34
174,-0.4673664654955517,12.817300309273808,27.42451856421393,-12.817300309273808,0.0,0.0,34
31,0.008033291156863472,-0.325892234901213,40.56771110838895,0.325892234901213,0.0,0.0,34
102,3.9049687171740546,16.412651531916573,23.829167341571164,93.05215302514102,109.4648045570576,109.4648045570576,34
52,-0.05701012758310445,2.170453402749769,38.071365470737966,-2.170453402749769,0.0,0.0,34
172,0.6597985577660077,9.14049334081806,31.101325532669676,20.520609731066564,29.66110307188462,29.66110307188462,34
83,-0.3803175742129852,11.08778966652615,29.15402920696159,-11.08778966652615,0.0,0.0,34
160,-0.48033517926363556,13.057557202759044,27.184261670728695,-13.057557202759044,0.0,0.0,34
143,-0.06474017786972829,2.4468528245862258,37.794966048901514,-2.4468528245862258,0.0,0.0,34
121,-0.03457693984972768,1.344935206882079,38.89688366660566,-1.344935206882079,0.0,0.0,34
168,-0.10137480202314463,3.704012851807859,36.53780602167988,-3.704012851807859,0.0,0.0,34
0,-0.42699655328961605,11.593648491389057,27.151620784923555,-11.593648491389057,0.0,0.0,35
134,-0.10482680169221784,3.676180422776407,35.06908885353621,-3.676180422776407,0.0,0.0,35
24,-0.4179994612327098,11.421373650407242,27.323895625905372,-11.421373650407242,0.0,0.0,35
187,-0.07785945494777981,2.7987744912483152,35.946494785064296,-2.7987744912483152,0.0,0.0,35
11,-0.03401947971138044,1.2747283082378682,37.470540968074744,-1.2747283082378682,0.0,0.0,35
151,0.5002766874796316,6.386136007896934,32.359133268415675,16.188520001234938,22.57465600913187,22.57465600913187,35
91,0.6031308715617891,0.7979519888863118,37.9473172874263,22.887198548997173,23.685150537883484,23.685150537883484,35
93,-0.010534865534201129,0.40392094902791165,38.3413483272847,-0.40392094902791165,0.0,0.0,35
7,-0.10016715751442062,3.527648925011813,35.2176203513008,-3.527648925011813,0.0,0.0,35
44,0.33956941956439285,4.175111938932712,34.5701573373799,11.738968261303828,15.91408020023654,15.91408020023654,35
152,-0.07164508709855752,2.5903241897689826,36.15494508654363,-2.5903241897689826,0.0,0.0,35
14,-0.011354910940989992,0.435009586899485,38.31025968941313,-0.435009586899485,0.0,0.0,35
192,-0.6859122072103042,15.763485817715562,22.98178345859705,-15.763485817715562,0.0,0.0,35
162,0.18512509434321528,1.48882741813649,37.256441858176125,6.89710231388737,8.38592973202386,8.38592973202386,35
177,1.467961237738986,14.543887618025668,24.201381658286945,35.526690174092494,50.07057779211816,50.07057779211816,35
37,0.024358547184906064,-0.9673415035162711,39.712610779828886,0.9673415035162711,0.0,0.0,35
85,0.001602214634465826,-0.062177859727622575,38.80744713604024,0.062177859727622575,0.0,0.0,35
111,-0.11574420383413749,4.019326588760596,34.72594268755201,-4.019326588760596,0.0,0.0,35
118,3.747751739114516,27.581122243769773,11.16414703254284,41.84045145694259,69.42157370071236,69.42157370071236,35
172,0.14818079045006086,0.7324029860738142,38.0128662902388,5.632776574160058,6.365179560233872,6.365179560233872,35
16,0.39404701236531026,5.089465740709587,33.65580353560303,13.26196883195822,18.351434572667806,18.351434572667806,35
54,-0.5647977183602816,13.984708328592827,24.760560947719785,-13.984708328592827,0.0,0.0,35
20,-0.0808950556515422,2.899727127026224,35.84554214928639,-2.899727127026224,0.0,0.0,35
81,-0.09356068231059472,3.3148904202921434,35.43037885602047,-3.3148904202921434,0.0,0.0,35
199,-0.20836305092843221,6.681007425089075,32.064261851223534,-6.681007425089075,0.0,0.0,35
124,-0.14660305967821755,4.953915808979221,33.791353467333394,-4.953915808979221,0.0,0.0,35
29,0.11608041735240916,0.10926062889829025,38.63600864741432,4.484884008623144,4.594144637521434,4.594144637521434,35
95,-3.0343483726880227,29.141421096365463,9.60384817994715,-29.141421096365463,0.0,0.0,35
12,-0.02803231176160532,1.0565032394553842,37.68876603685723,-1.0565032394553842,0.0,0.0,35
63,-0.05954741560131857,2.1775152468020567,36.56775402951055,-2.1775152468020567,0.0,0.0,35
72,-0.13021133630105758,4.463831785942293,34.28143749037032,-4.463831785942293,0.0,0.0,35
90,0.008551883102759922,-0.3342030793027606,39.07947235561537,0.3342030793027606,0.0,0.0,35
164,-0.6492062183214203,15.792871069753382,22.95239820655923,-14.900839641087668,0.8920314286657138,0.8920314286657138,35
159,0.23422100505254495,2.634951708114596,36.11031756819801,8.45779487358991,11.092746581704505,11.092746581704505,35
145,0.13745355185780783,0.6838907173959996,38.061378558916616,5.2316716715277005,5.9155623889237,5.9155623889237,35
113,-0.22917096130169673,7.223804405973319,31.521464870339294,-7.223804405973319,0.0,0.0,35
173,-0.18907036094212448,6.160764146091427,32.58450513022119,-6.160764146091427,0.0,0.0,35
68,-0.11024043201165087,3.847180394690961,34.89808888162165,-3.847180394690961,0.0,0.0,35
3,-0.002703754321454492,0.10447521393059844,38.640794062382014,-0.10447521393059844,0.0,0.0,35
137,-0.27990174831998466,8.473203996950234,30.27206527936238,-8.473203996950234,0.0,0.0,35
