t,share_N,share_E,share_F,run_id,source,beta_rr
0,0.0,1.0,0.0,0,simulation_rr,0.05
1,0.0,0.95,0.05,0,simulation_rr,0.05
2,0.0,0.91,0.09,0,simulation_rr,0.05
3,0.0,0.86,0.14,0,simulation_rr,0.05
4,0.0,0.82,0.18,0,simulation_rr,0.05
5,0.0,0.775,0.225,0,simulation_rr,0.05
6,0.0,0.74,0.26,0,simulation_rr,0.05
7,0.0,0.71,0.29,0,simulation_rr,0.05
8,0.0,0.685,0.315,0,simulation_rr,0.05
9,0.0,0.65,0.35,0,simulation_rr,0.05
10,0.0,0.625,0.375,0,simulation_rr,0.05
11,0.0,0.59,0.41,0,simulation_rr,0.05
12,0.0,0.55,0.45,0,simulation_rr,0.05
13,0.0,0.53,0.47,0,simulation_rr,0.05
14,0.0,0.5,0.5,0,simulation_rr,0.05
15,0.0,0.49,0.51,0,simulation_rr,0.05
16,0.0,0.47,0.53,0,simulation_rr,0.05
17,0.0,0.44,0.56,0,simulation_rr,0.05
18,0.0,0.42,0.58,0,simulation_rr,0.05
19,0.0,0.4,0.6,0,simulation_rr,0.05
20,0.0,0.39,0.61,0,simulation_rr,0.05
21,0.0,0.365,0.635,0,simulation_rr,0.05
22,0.0,0.35,0.65,0,simulation_rr,0.05
23,0.0,0.335,0.665,0,simulation_rr,0.05
24,0.0,0.315,0.685,0,simulation_rr,0.05
25,0.0,0.305,0.695,0,simulation_rr,0.05
26,0.0,0.29,0.71,0,simulation_rr,0.05
27,0.0,0.28,0.72,0,simulation_rr,0.05
28,0.0,0.27,0.73,0,simulation_rr,0.05
29,0.0,0.26,0.74,0,simulation_rr,0.05
30,0.0,0.255,0.745,0,simulation_rr,0.05
31,0.0,0.245,0.755,0,simulation_rr,0.05
32,0.0,0.235,0.765,0,simulation_rr,0.05
33,0.0,0.22,0.78,0,simulation_rr,0.05
34,0.0,0.22,0.78,0,simulation_rr,0.05
35,0.0,0.21,0.79,0,simulation_rr,0.05
36,0.0,0.21,0.79,0,simulation_rr,0.05
37,0.0,0.19,0.81,0,simulation_rr,0.05
38,0.0,0.175,0.825,0,simulation_rr,0.05
39,0.0,0.165,0.835,0,simulation_rr,0.05
40,0.0,0.16,0.84,0,simulation_rr,0.05
41,0.0,0.145,0.855,0,simulation_rr,0.05
42,0.0,0.145,0.855,0,simulation_rr,0.05
43,0.0,0.135,0.865,0,simulation_rr,0.05
44,0.0,0.13,0.87,0,simulation_rr,0.05
45,0.0,0.125,0.875,0,simulation_rr,0.05
46,0.0,0.12,0.88,0,simulation_rr,0.05
47,0.0,0.12,0.88,0,simulation_rr,0.05
48,0.0,0.115,0.885,0,simulation_rr,0.05
49,0.0,0.11,0.89,0,simulation_rr,0.05
50,0.0,0.11,0.89,0,simulation_rr,0.05
51,0.0,0.105,0.895,0,simulation_rr,0.05
52,0.0,0.105,0.895,0,simulation_rr,0.05
53,0.0,0.1,0.9,0,simulation_rr,0.05
54,0.0,0.1,0.9,0,simulation_rr,0.05
55,0.0,0.09,0.91,0,simulation_rr,0.05
56,0.0,0.08,0.92,0,simulation_rr,0.05
57,0.0,0.075,0.925,0,simulation_rr,0.05
58,0.0,0.07,0.93,0,simulation_rr,0.05
59,0.0,0.07,0.93,0,simulation_rr,0.05
60,0.0,0.065,0.935,0,simulation_rr,0.05
61,0.0,0.065,0.935,0,simulation_rr,0.05
62,0.0,0.065,0.935,0,simulation_rr,0.05
63,0.0,0.06,0.94,0,simulation_rr,0.05
64,0.0,0.055,0.945,0,simulation_rr,0.05
65,0.0,0.05,0.95,0,simulation_rr,0.05
66,0.0,0.05,0.95,0,simulation_rr,0.05
67,0.0,0.05,0.95,0,simulation_rr,0.05
68,0.0,0.045,0.955,0,simulation_rr,0.05
69,0.0,0.035,0.965,0,simulation_rr,0.05
70,0.0,0.035,0.965,0,simulation_rr,0.05
71,0.0,0.035,0.965,0,simulation_rr,0.05
72,0.0,0.035,0.965,0,simulation_rr,0.05
73,0.0,0.035,0.965,0,simulation_rr,0.05
0,0.0,1.0,0.0,0,theory_rr,0.05
1,0.0,0.0,1.0,0,theory_rr,0.05
2,0.0,0.0,1.0,0,theory_rr,0.05
3,0.0,0.0,1.0,0,theory_rr,0.05
4,0.0,0.0,1.0,0,theory_rr,0.05
5,0.0,0.0,1.0,0,theory_rr,0.05
6,0.0,0.0,1.0,0,theory_rr,0.05
7,0.0,0.0,1.0,0,theory_rr,0.05
8,0.0,0.0,1.0,0,theory_rr,0.05
9,0.0,0.0,1.0,0,theory_rr,0.05
10,0.0,0.0,1.0,0,theory_rr,0.05
11,0.0,0.0,1.0,0,theory_rr,0.05
12,0.0,0.0,1.0,0,theory_rr,0.05
13,0.0,0.0,1.0,0,theory_rr,0.05
14,0.0,0.0,1.0,0,theory_rr,0.05
15,0.0,0.0,1.0,0,theory_rr,0.05
16,0.0,0.0,1.0,0,theory_rr,0.05
17,0.0,0.0,1.0,0,theory_rr,0.05
18,0.0,0.0,1.0,0,theory_rr,0.05
19,0.0,0.0,1.0,0,theory_rr,0.05
20,0.0,0.0,1.0,0,theory_rr,0.05
21,0.0,0.0,1.0,0,theory_rr,0.05
22,0.0,0.0,1.0,0,theory_rr,0.05
23,0.0,0.0,1.0,0,theory_rr,0.05
24,0.0,0.0,1.0,0,theory_rr,0.05
25,0.0,0.0,1.0,0,theory_rr,0.05
26,0.0,0.0,1.0,0,theory_rr,0.05
27,0.0,0.0,1.0,0,theory_rr,0.05
28,0.0,0.0,1.0,0,theory_rr,0.05
29,0.0,0.0,1.0,0,theory_rr,0.05
30,0.0,0.0,1.0,0,theory_rr,0.05
31,0.0,0.0,1.0,0,theory_rr,0.05
32,0.0,0.0,1.0,0,theory_rr,0.05
33,0.0,0.0,1.0,0,theory_rr,0.05
34,0.0,0.0,1.0,0,theory_rr,0.05
35,0.0,0.0,1.0,0,theory_rr,0.05
36,0.0,0.0,1.0,0,theory_rr,0.05
37,0.0,0.0,1.0,0,theory_rr,0.05
38,0.0,0.0,1.0,0,theory_rr,0.05
39,0.0,0.0,1.0,0,theory_rr,0.05
40,0.0,0.0,1.0,0,theory_rr,0.05
41,0.0,0.0,1.0,0,theory_rr,0.05
42,0.0,0.0,1.0,0,theory_rr,0.05
43,0.0,0.0,1.0,0,theory_rr,0.05
44,0.0,0.0,1.0,0,theory_rr,0.05
45,0.0,0.0,1.0,0,theory_rr,0.05
46,0.0,0.0,1.0,0,theory_rr,0.05
47,0.0,0.0,1.0,0,theory_rr,0.05
48,0.0,0.0,1.0,0,theory_rr,0.05
49,0.0,0.0,1.0,0,theory_rr,0.05
50,0.0,0.0,1.0,0,theory_rr,0.05
51,0.0,0.0,1.0,0,theory_rr,0.05
52,0.0,0.0,1.0,0,theory_rr,0.05
53,0.0,0.0,1.0,0,theory_rr,0.05
54,0.0,0.0,1.0,0,theory_rr,0.05
55,0.0,0.0,1.0,0,theory_rr,0.05
56,0.0,0.0,1.0,0,theory_rr,0.05
57,0.0,0.0,1.0,0,theory_rr,0.05
58,0.0,0.0,1.0,0,theory_rr,0.05
59,0.0,0.0,1.0,0,theory_rr,0.05
60,0.0,0.0,1.0,0,theory_rr,0.05
61,0.0,0.0,1.0,0,theory_rr,0.05
62,0.0,0.0,1.0,0,theory_rr,0.05
63,0.0,0.0,1.0,0,theory_rr,0.05
64,0.0,0.0,1.0,0,theory_rr,0.05
65,0.0,0.0,1.0,0,theory_rr,0.05
66,0.0,0.0,1.0,0,theory_rr,0.05
67,0.0,0.0,1.0,0,theory_rr,0.05
68,0.0,0.0,1.0,0,theory_rr,0.05
69,0.0,0.0,1.0,0,theory_rr,0.05
70,0.0,0.0,1.0,0,theory_rr,0.05
71,0.0,0.0,1.0,0,theory_rr,0.05
72,0.0,0.0,1.0,0,theory_rr,0.05
73,0.0,0.0,1.0,0,theory_rr,0.05
74,0.0,0.0,1.0,0,theory_rr,0.05
75,0.0,0.0,1.0,0,theory_rr,0.05
76,0.0,0.0,1.0,0,theory_rr,0.05
77,0.0,0.0,1.0,0,theory_rr,0.05
78,0.0,0.0,1.0,0,theory_rr,0.05
79,0.0,0.0,1.0,0,theory_rr,0.05
80,0.0,0.0,1.0,0,theory_rr,0.05
81,0.0,0.0,1.0,0,theory_rr,0.05
82,0.0,0.0,1.0,0,theory_rr,0.05
83,0.0,0.0,1.0,0,theory_rr,0.05
84,0.0,0.0,1.0,0,theory_rr,0.05
85,0.0,0.0,1.0,0,theory_rr,0.05
86,0.0,0.0,1.0,0,theory_rr,0.05
87,0.0,0.0,1.0,0,theory_rr,0.05
88,0.0,0.0,1.0,0,theory_rr,0.05
89,0.0,0.0,1.0,0,theory_rr,0.05
90,0.0,0.0,1.0,0,theory_rr,0.05
91,0.0,0.0,1.0,0,theory_rr,0.05
92,0.0,0.0,1.0,0,theory_rr,0.05
93,0.0,0.0,1.0,0,theory_rr,0.05
94,0.0,0.0,1.0,0,theory_rr,0.05
95,0.0,0.0,1.0,0,theory_rr,0.05
96,0.0,0.0,1.0,0,theory_rr,0.05
97,0.0,0.0,1.0,0,theory_rr,0.05
98,0.0,0.0,1.0,0,theory_rr,0.05
99,0.0,0.0,1.0,0,theory_rr,0.05
100,0.0,0.0,1.0,0,theory_rr,0.05
0,0.0,1.0,0.0,0,theory_rr_async,0.05
1,0.0,0.95,0.05,0,theory_rr_async,0.05
2,0.0,0.91,0.09,0,theory_rr_async,0.05
3,0.0,0.86,0.14,0,theory_rr_async,0.05
4,0.0,0.82,0.18,0,theory_rr_async,0.05
5,0.0,0.775,0.225,0,theory_rr_async,0.05
6,0.0,0.74,0.26,0,theory_rr_async,0.05
7,0.0,0.71,0.29,0,theory_rr_async,0.05
8,0.0,0.685,0.315,0,theory_rr_async,0.05
9,0.0,0.65,0.35,0,theory_rr_async,0.05
10,0.0,0.625,0.375,0,theory_rr_async,0.05
11,0.0,0.59,0.41,0,theory_rr_async,0.05
12,0.0,0.55,0.45,0,theory_rr_async,0.05
13,0.0,0.53,0.47,0,theory_rr_async,0.05
14,0.0,0.5,0.5,0,theory_rr_async,0.05
15,0.0,0.49,0.51,0,theory_rr_async,0.05
16,0.0,0.47,0.53,0,theory_rr_async,0.05
17,0.0,0.44,0.56,0,theory_rr_async,0.05
18,0.0,0.42,0.58,0,theory_rr_async,0.05
19,0.0,0.4,0.6,0,theory_rr_async,0.05
20,0.0,0.39,0.61,0,theory_rr_async,0.05
21,0.0,0.365,0.635,0,theory_rr_async,0.05
22,0.0,0.35,0.65,0,theory_rr_async,0.05
23,0.0,0.335,0.665,0,theory_rr_async,0.05
24,0.0,0.315,0.685,0,theory_rr_async,0.05
25,0.0,0.305,0.695,0,theory_rr_async,0.05
26,0.0,0.29,0.71,0,theory_rr_async,0.05
27,0.0,0.28,0.72,0,theory_rr_async,0.05
28,0.0,0.27,0.73,0,theory_rr_async,0.05
29,0.0,0.26,0.74,0,theory_rr_async,0.05
30,0.0,0.255,0.745,0,theory_rr_async,0.05
31,0.0,0.245,0.755,0,theory_rr_async,0.05
32,0.0,0.235,0.765,0,theory_rr_async,0.05
33,0.0,0.22,0.78,0,theory_rr_async,0.05
34,0.0,0.22,0.78,0,theory_rr_async,0.05
35,0.0,0.21,0.79,0,theory_rr_async,0.05
36,0.0,0.21,0.79,0,theory_rr_async,0.05
37,0.0,0.19,0.81,0,theory_rr_async,0.05
38,0.0,0.175,0.825,0,theory_rr_async,0.05
39,0.0,0.165,0.835,0,theory_rr_async,0.05
40,0.0,0.16,0.84,0,theory_rr_async,0.05
41,0.0,0.145,0.855,0,theory_rr_async,0.05
42,0.0,0.145,0.855,0,theory_rr_async,0.05
43,0.0,0.135,0.865,0,theory_rr_async,0.05
44,0.0,0.13,0.87,0,theory_rr_async,0.05
45,0.0,0.125,0.875,0,theory_rr_async,0.05
46,0.0,0.12,0.88,0,theory_rr_async,0.05
47,0.0,0.12,0.88,0,theory_rr_async,0.05
48,0.0,0.115,0.885,0,theory_rr_async,0.05
49,0.0,0.11,0.89,0,theory_rr_async,0.05
50,0.0,0.11,0.89,0,theory_rr_async,0.05
51,0.0,0.105,0.895,0,theory_rr_async,0.05
52,0.0,0.105,0.895,0,theory_rr_async,0.05
53,0.0,0.1,0.9,0,theory_rr_async,0.05
54,0.0,0.1,0.9,0,theory_rr_async,0.05
55,0.0,0.09,0.91,0,theory_rr_async,0.05
56,0.0,0.08,0.92,0,theory_rr_async,0.05
57,0.0,0.075,0.925,0,theory_rr_async,0.05
58,0.0,0.07,0.93,0,theory_rr_async,0.05
59,0.0,0.07,0.93,0,theory_rr_async,0.05
60,0.0,0.065,0.935,0,theory_rr_async,0.05
61,0.0,0.065,0.935,0,theory_rr_async,0.05
62,0.0,0.065,0.935,0,theory_rr_async,0.05
63,0.0,0.06,0.94,0,theory_rr_async,0.05
64,0.0,0.055,0.945,0,theory_rr_async,0.05
65,0.0,0.05,0.95,0,theory_rr_async,0.05
66,0.0,0.05,0.95,0,theory_rr_async,0.05
67,0.0,0.05,0.95,0,theory_rr_async,0.05
68,0.0,0.045,0.955,0,theory_rr_async,0.05
69,0.0,0.035,0.965,0,theory_rr_async,0.05
70,0.0,0.035,0.965,0,theory_rr_async,0.05
71,0.0,0.035,0.965,0,theory_rr_async,0.05
72,0.0,0.035,0.965,0,theory_rr_async,0.05
73,0.0,0.035,0.965,0,theory_rr_async,0.05
74,0.0,0.03,0.97,0,theory_rr_async,0.05
75,0.0,0.03,0.97,0,theory_rr_async,0.05
76,0.0,0.03,0.97,0,theory_rr_async,0.05
77,0.0,0.03,0.97,0,theory_rr_async,0.05
78,0.0,0.025,0.975,0,theory_rr_async,0.05
79,0.0,0.025,0.975,0,theory_rr_async,0.05
80,0.0,0.02,0.98,0,theory_rr_async,0.05
81,0.0,0.02,0.98,0,theory_rr_async,0.05
82,0.0,0.015,0.985,0,theory_rr_async,0.05
83,0.0,0.015,0.985,0,theory_rr_async,0.05
84,0.0,0.015,0.985,0,theory_rr_async,0.05
85,0.0,0.015,0.985,0,theory_rr_async,0.05
86,0.0,0.015,0.985,0,theory_rr_async,0.05
87,0.0,0.015,0.985,0,theory_rr_async,0.05
88,0.0,0.015,0.985,0,theory_rr_async,0.05
89,0.0,0.015,0.985,0,theory_rr_async,0.05
90,0.0,0.01,0.99,0,theory_rr_async,0.05
91,0.0,0.01,0.99,0,theory_rr_async,0.05
92,0.0,0.01,0.99,0,theory_rr_async,0.05
93,0.0,0.01,0.99,0,theory_rr_async,0.05
94,0.0,0.01,0.99,0,theory_rr_async,0.05
95,0.0,0.005,0.995,0,theory_rr_async,0.05
96,0.0,0.005,0.995,0,theory_rr_async,0.05
97,0.0,0.005,0.995,0,theory_rr_async,0.05
98,0.0,0.005,0.995,0,theory_rr_async,0.05
99,0.0,0.005,0.995,0,theory_rr_async,0.05
100,0.0,0.005,0.995,0,theory_rr_async,0.05
0,0.0,1.0,0.0,1,simulation_rr,0.05
1,0.0,0.95,0.05,1,simulation_rr,0.05
2,0.0,0.9,0.1,1,simulation_rr,0.05
3,0.0,0.85,0.15,1,simulation_rr,0.05
4,0.0,0.81,0.19,1,simulation_rr,0.05
5,0.0,0.765,0.235,1,simulation_rr,0.05
6,0.0,0.72,0.28,1,simulation_rr,0.05
7,0.0,0.695,0.305,1,simulation_rr,0.05
8,0.0,0.67,0.33,1,simulation_rr,0.05
9,0.0,0.625,0.375,1,simulation_rr,0.05
10,0.0,0.595,0.405,1,simulation_rr,0.05
11,0.0,0.57,0.43,1,simulation_rr,0.05
12,0.0,0.54,0.46,1,simulation_rr,0.05
13,0.0,0.51,0.49,1,simulation_rr,0.05
14,0.0,0.485,0.515,1,simulation_rr,0.05
15,0.0,0.46,0.54,1,simulation_rr,0.05
16,0.0,0.44,0.56,1,simulation_rr,0.05
17,0.0,0.42,0.58,1,simulation_rr,0.05
18,0.0,0.395,0.605,1,simulation_rr,0.05
19,0.0,0.37,0.63,1,simulation_rr,0.05
20,0.0,0.35,0.65,1,simulation_rr,0.05
21,0.0,0.335,0.665,1,simulation_rr,0.05
22,0.0,0.32,0.68,1,simulation_rr,0.05
23,0.0,0.305,0.695,1,simulation_rr,0.05
24,0.0,0.3,0.7,1,simulation_rr,0.05
25,0.0,0.29,0.71,1,simulation_rr,0.05
26,0.0,0.28,0.72,1,simulation_rr,0.05
27,0.0,0.27,0.73,1,simulation_rr,0.05
28,0.0,0.26,0.74,1,simulation_rr,0.05
29,0.0,0.25,0.75,1,simulation_rr,0.05
30,0.0,0.235,0.765,1,simulation_rr,0.05
31,0.0,0.225,0.775,1,simulation_rr,0.05
32,0.0,0.215,0.785,1,simulation_rr,0.05
33,0.0,0.205,0.795,1,simulation_rr,0.05
34,0.0,0.2,0.8,1,simulation_rr,0.05
35,0.0,0.19,0.81,1,simulation_rr,0.05
36,0.0,0.185,0.815,1,simulation_rr,0.05
37,0.0,0.175,0.825,1,simulation_rr,0.05
38,0.0,0.165,0.835,1,simulation_rr,0.05
39,0.0,0.165,0.835,1,simulation_rr,0.05
40,0.0,0.155,0.845,1,simulation_rr,0.05
41,0.0,0.145,0.855,1,simulation_rr,0.05
42,0.0,0.13,0.87,1,simulation_rr,0.05
43,0.0,0.115,0.885,1,simulation_rr,0.05
44,0.0,0.105,0.895,1,simulation_rr,0.05
45,0.0,0.105,0.895,1,simulation_rr,0.05
46,0.0,0.105,0.895,1,simulation_rr,0.05
47,0.0,0.1,0.9,1,simulation_rr,0.05
48,0.0,0.1,0.9,1,simulation_rr,0.05
49,0.0,0.1,0.9,1,simulation_rr,0.05
50,0.0,0.095,0.905,1,simulation_rr,0.05
51,0.0,0.09,0.91,1,simulation_rr,0.05
52,0.0,0.085,0.915,1,simulation_rr,0.05
53,0.0,0.085,0.915,1,simulation_rr,0.05
54,0.0,0.075,0.925,1,simulation_rr,0.05
55,0.0,0.065,0.935,1,simulation_rr,0.05
56,0.0,0.065,0.935,1,simulation_rr,0.05
57,0.0,0.05,0.95,1,simulation_rr,0.05
58,0.0,0.05,0.95,1,simulation_rr,0.05
59,0.0,0.05,0.95,1,simulation_rr,0.05
60,0.0,0.05,0.95,1,simulation_rr,0.05
61,0.0,0.05,0.95,1,simulation_rr,0.05
0,0.0,1.0,0.0,1,theory_rr,0.05
1,0.0,0.0,1.0,1,theory_rr,0.05
2,0.0,0.0,1.0,1,theory_rr,0.05
3,0.0,0.0,1.0,1,theory_rr,0.05
4,0.0,0.0,1.0,1,theory_rr,0.05
5,0.0,0.0,1.0,1,theory_rr,0.05
6,0.0,0.0,1.0,1,theory_rr,0.05
7,0.0,0.0,1.0,1,theory_rr,0.05
8,0.0,0.0,1.0,1,theory_rr,0.05
9,0.0,0.0,1.0,1,theory_rr,0.05
10,0.0,0.0,1.0,1,theory_rr,0.05
11,0.0,0.0,1.0,1,theory_rr,0.05
12,0.0,0.0,1.0,1,theory_rr,0.05
13,0.0,0.0,1.0,1,theory_rr,0.05
14,0.0,0.0,1.0,1,theory_rr,0.05
15,0.0,0.0,1.0,1,theory_rr,0.05
16,0.0,0.0,1.0,1,theory_rr,0.05
17,0.0,0.0,1.0,1,theory_rr,0.05
18,0.0,0.0,1.0,1,theory_rr,0.05
19,0.0,0.0,1.0,1,theory_rr,0.05
20,0.0,0.0,1.0,1,theory_rr,0.05
21,0.0,0.0,1.0,1,theory_rr,0.05
22,0.0,0.0,1.0,1,theory_rr,0.05
23,0.0,0.0,1.0,1,theory_rr,0.05
24,0.0,0.0,1.0,1,theory_rr,0.05
25,0.0,0.0,1.0,1,theory_rr,0.05
26,0.0,0.0,1.0,1,theory_rr,0.05
27,0.0,0.0,1.0,1,theory_rr,0.05
28,0.0,0.0,1.0,1,theory_rr,0.05
29,0.0,0.0,1.0,1,theory_rr,0.05
30,0.0,0.0,1.0,1,theory_rr,0.05
31,0.0,0.0,1.0,1,theory_rr,0.05
32,0.0,0.0,1.0,1,theory_rr,0.05
33,0.0,0.0,1.0,1,theory_rr,0.05
34,0.0,0.0,1.0,1,theory_rr,0.05
35,0.0,0.0,1.0,1,theory_rr,0.05
36,0.0,0.0,1.0,1,theory_rr,0.05
37,0.0,0.0,1.0,1,theory_rr,0.05
38,0.0,0.0,1.0,1,theory_rr,0.05
39,0.0,0.0,1.0,1,theory_rr,0.05
40,0.0,0.0,1.0,1,theory_rr,0.05
41,0.0,0.0,1.0,1,theory_rr,0.05
42,0.0,0.0,1.0,1,theory_rr,0.05
43,0.0,0.0,1.0,1,theory_rr,0.05
44,0.0,0.0,1.0,1,theory_rr,0.05
45,0.0,0.0,1.0,1,theory_rr,0.05
46,0.0,0.0,1.0,1,theory_rr,0.05
47,0.0,0.0,1.0,1,theory_rr,0.05
48,0.0,0.0,1.0,1,theory_rr,0.05
49,0.0,0.0,1.0,1,theory_rr,0.05
50,0.0,0.0,1.0,1,theory_rr,0.05
51,0.0,0.0,1.0,1,theory_rr,0.05
52,0.0,0.0,1.0,1,theory_rr,0.05
53,0.0,0.0,1.0,1,theory_rr,0.05
54,0.0,0.0,1.0,1,theory_rr,0.05
55,0.0,0.0,1.0,1,theory_rr,0.05
56,0.0,0.0,1.0,1,theory_rr,0.05
57,0.0,0.0,1.0,1,theory_rr,0.05
58,0.0,0.0,1.0,1,theory_rr,0.05
59,0.0,0.0,1.0,1,theory_rr,0.05
60,0.0,0.0,1.0,1,theory_rr,0.05
61,0.0,0.0,1.0,1,theory_rr,0.05
62,0.0,0.0,1.0,1,theory_rr,0.05
63,0.0,0.0,1.0,1,theory_rr,0.05
64,0.0,0.0,1.0,1,theory_rr,0.05
65,0.0,0.0,1.0,1,theory_rr,0.05
66,0.0,0.0,1.0,1,theory_rr,0.05
67,0.0,0.0,1.0,1,theory_rr,0.05
68,0.0,0.0,1.0,1,theory_rr,0.05
69,0.0,0.0,1.0,1,theory_rr,0.05
70,0.0,0.0,1.0,1,theory_rr,0.05
71,0.0,0.0,1.0,1,theory_rr,0.05
72,0.0,0.0,1.0,1,theory_rr,0.05
73,0.0,0.0,1.0,1,theory_rr,0.05
74,0.0,0.0,1.0,1,theory_rr,0.05
75,0.0,0.0,1.0,1,theory_rr,0.05
76,0.0,0.0,1.0,1,theory_rr,0.05
77,0.0,0.0,1.0,1,theory_rr,0.05
78,0.0,0.0,1.0,1,theory_rr,0.05
79,0.0,0.0,1.0,1,theory_rr,0.05
80,0.0,0.0,1.0,1,theory_rr,0.05
81,0.0,0.0,1.0,1,theory_rr,0.05
82,0.0,0.0,1.0,1,theory_rr,0.05
83,0.0,0.0,1.0,1,theory_rr,0.05
84,0.0,0.0,1.0,1,theory_rr,0.05
85,0.0,0.0,1.0,1,theory_rr,0.05
86,0.0,0.0,1.0,1,theory_rr,0.05
87,0.0,0.0,1.0,1,theory_rr,0.05
88,0.0,0.0,1.0,1,theory_rr,0.05
89,0.0,0.0,1.0,1,theory_rr,0.05
90,0.0,0.0,1.0,1,theory_rr,0.05
91,0.0,0.0,1.0,1,theory_rr,0.05
92,0.0,0.0,1.0,1,theory_rr,0.05
93,0.0,0.0,1.0,1,theory_rr,0.05
94,0.0,0.0,1.0,1,theory_rr,0.05
95,0.0,0.0,1.0,1,theory_rr,0.05
96,0.0,0.0,1.0,1,theory_rr,0.05
97,0.0,0.0,1.0,1,theory_rr,0.05
98,0.0,0.0,1.0,1,theory_rr,0.05
99,0.0,0.0,1.0,1,theory_rr,0.05
100,0.0,0.0,1.0,1,theory_rr,0.05
0,0.0,1.0,0.0,1,theory_rr_async,0.05
1,0.0,0.95,0.05,1,theory_rr_async,0.05
2,0.0,0.9,0.1,1,theory_rr_async,0.05
3,0.0,0.85,0.15,1,theory_rr_async,0.05
4,0.0,0.81,0.19,1,theory_rr_async,0.05
5,0.0,0.765,0.235,1,theory_rr_async,0.05
6,0.0,0.72,0.28,1,theory_rr_async,0.05
7,0.0,0.695,0.305,1,theory_rr_async,0.05
8,0.0,0.67,0.33,1,theory_rr_async,0.05
9,0.0,0.625,0.375,1,theory_rr_async,0.05
10,0.0,0.595,0.405,1,theory_rr_async,0.05
11,0.0,0.57,0.43,1,theory_rr_async,0.05
12,0.0,0.54,0.46,1,theory_rr_async,0.05
13,0.0,0.51,0.49,1,theory_rr_async,0.05
14,0.0,0.485,0.515,1,theory_rr_async,0.05
15,0.0,0.46,0.54,1,theory_rr_async,0.05
16,0.0,0.44,0.56,1,theory_rr_async,0.05
17,0.0,0.42,0.58,1,theory_rr_async,0.05
18,0.0,0.395,0.605,1,theory_rr_async,0.05
19,0.0,0.37,0.63,1,theory_rr_async,0.05
20,0.0,0.35,0.65,1,theory_rr_async,0.05
21,0.0,0.335,0.665,1,theory_rr_async,0.05
22,0.0,0.32,0.68,1,theory_rr_async,0.05
23,0.0,0.305,0.695,1,theory_rr_async,0.05
24,0.0,0.3,0.7,1,theory_rr_async,0.05
25,0.0,0.29,0.71,1,theory_rr_async,0.05
26,0.0,0.28,0.72,1,theory_rr_async,0.05
27,0.0,0.27,0.73,1,theory_rr_async,0.05
28,0.0,0.26,0.74,1,theory_rr_async,0.05
29,0.0,0.25,0.75,1,theory_rr_async,0.05
30,0.0,0.235,0.765,1,theory_rr_async,0.05
31,0.0,0.225,0.775,1,theory_rr_async,0.05
32,0.0,0.215,0.785,1,theory_rr_async,0.05
33,0.0,0.205,0.795,1,theory_rr_async,0.05
34,0.0,0.2,0.8,1,theory_rr_async,0.05
35,0.0,0.19,0.81,1,theory_rr_async,0.05
36,0.0,0.185,0.815,1,theory_rr_async,0.05
37,0.0,0.175,0.825,1,theory_rr_async,0.05
38,0.0,0.165,0.835,1,theory_rr_async,0.05
39,0.0,0.165,0.835,1,theory_rr_async,0.05
40,0.0,0.155,0.845,1,theory_rr_async,0.05
41,0.0,0.145,0.855,1,theory_rr_async,0.05
42,0.0,0.13,0.87,1,theory_rr_async,0.05
43,0.0,0.115,0.885,1,theory_rr_async,0.05
44,0.0,0.105,0.895,1,theory_rr_async,0.05
45,0.0,0.105,0.895,1,theory_rr_async,0.05
46,0.0,0.105,0.895,1,theory_rr_async,0.05
47,0.0,0.1,0.9,1,theory_rr_async,0.05
48,0.0,0.1,0.9,1,theory_rr_async,0.05
49,0.0,0.1,0.9,1,theory_rr_async,0.05
50,0.0,0.095,0.905,1,theory_rr_async,0.05
51,0.0,0.09,0.91,1,theory_rr_async,0.05
52,0.0,0.085,0.915,1,theory_rr_async,0.05
53,0.0,0.085,0.915,1,theory_rr_async,0.05
54,0.0,0.075,0.925,1,theory_rr_async,0.05
55,0.0,0.065,0.935,1,theory_rr_async,0.05
56,0.0,0.065,0.935,1,theory_rr_async,0.05
57,0.0,0.05,0.95,1,theory_rr_async,0.05
58,0.0,0.05,0.95,1,theory_rr_async,0.05
59,0.0,0.05,0.95,1,theory_rr_async,0.05
60,0.0,0.05,0.95,1,theory_rr_async,0.05
61,0.0,0.05,0.95,1,theory_rr_async,0.05
62,0.0,0.05,0.95,1,theory_rr_async,0.05
63,0.0,0.045,0.955,1,theory_rr_async,0.05
64,0.0,0.045,0.955,1,theory_rr_async,0.05
65,0.0,0.045,0.955,1,theory_rr_async,0.05
66,0.0,0.045,0.955,1,theory_rr_async,0.05
67,0.0,0.045,0.955,1,theory_rr_async,0.05
68,0.0,0.045,0.955,1,theory_rr_async,0.05
69,0.0,0.045,0.955,1,theory_rr_async,0.05
70,0.0,0.04,0.96,1,theory_rr_async,0.05
71,0.0,0.035,0.965,1,theory_rr_async,0.05
72,0.0,0.035,0.965,1,theory_rr_async,0.05
73,0.0,0.035,0.965,1,theory_rr_async,0.05
74,0.0,0.035,0.965,1,theory_rr_async,0.05
75,0.0,0.025,0.975,1,theory_rr_async,0.05
76,0.0,0.02,0.98,1,theory_rr_async,0.05
77,0.0,0.02,0.98,1,theory_rr_async,0.05
78,0.0,0.02,0.98,1,theory_rr_async,0.05
79,0.0,0.015,0.985,1,theory_rr_async,0.05
80,0.0,0.015,0.985,1,theory_rr_async,0.05
81,0.0,0.015,0.985,1,theory_rr_async,0.05
82,0.0,0.015,0.985,1,theory_rr_async,0.05
83,0.0,0.015,0.985,1,theory_rr_async,0.05
84,0.0,0.015,0.985,1,theory_rr_async,0.05
85,0.0,0.01,0.99,1,theory_rr_async,0.05
86,0.0,0.01,0.99,1,theory_rr_async,0.05
87,0.0,0.01,0.99,1,theory_rr_async,0.05
88,0.0,0.01,0.99,1,theory_rr_async,0.05
89,0.0,0.01,0.99,1,theory_rr_async,0.05
90,0.0,0.01,0.99,1,theory_rr_async,0.05
91,0.0,0.01,0.99,1,theory_rr_async,0.05
92,0.0,0.005,0.995,1,theory_rr_async,0.05
93,0.0,0.005,0.995,1,theory_rr_async,0.05
94,0.0,0.005,0.995,1,theory_rr_async,0.05
95,0.0,0.005,0.995,1,theory_rr_async,0.05
96,0.0,0.005,0.995,1,theory_rr_async,0.05
97,0.0,0.005,0.995,1,theory_rr_async,0.05
98,0.0,0.005,0.995,1,theory_rr_async,0.05
99,0.0,0.005,0.995,1,theory_rr_async,0.05
100,0.0,0.005,0.995,1,theory_rr_async,0.05
0,0.0,1.0,0.0,2,simulation_rr,0.05
1,0.0,0.95,0.05,2,simulation_rr,0.05
2,0.0,0.905,0.095,2,simulation_rr,0.05
3,0.0,0.855,0.145,2,simulation_rr,0.05
4,0.0,0.805,0.195,2,simulation_rr,0.05
5,0.0,0.76,0.24,2,simulation_rr,0.05
6,0.0,0.72,0.28,2,simulation_rr,0.05
7,0.0,0.69,0.31,2,simulation_rr,0.05
8,0.0,0.645,0.355,2,simulation_rr,0.05
9,0.0,0.6,0.4,2,simulation_rr,0.05
10,0.0,0.58,0.42,2,simulation_rr,0.05
11,0.0,0.54,0.46,2,simulation_rr,0.05
12,0.0,0.51,0.49,2,simulation_rr,0.05
13,0.0,0.475,0.525,2,simulation_rr,0.05
14,0.0,0.45,0.55,2,simulation_rr,0.05
15,0.0,0.435,0.565,2,simulation_rr,0.05
16,0.0,0.415,0.585,2,simulation_rr,0.05
17,0.0,0.41,0.59,2,simulation_rr,0.05
18,0.0,0.385,0.615,2,simulation_rr,0.05
19,0.0,0.345,0.655,2,simulation_rr,0.05
20,0.0,0.32,0.68,2,simulation_rr,0.05
21,0.0,0.31,0.69,2,simulation_rr,0.05
22,0.0,0.305,0.695,2,simulation_rr,0.05
23,0.0,0.285,0.715,2,simulation_rr,0.05
24,0.0,0.265,0.735,2,simulation_rr,0.05
25,0.0,0.25,0.75,2,simulation_rr,0.05
26,0.0,0.235,0.765,2,simulation_rr,0.05
27,0.0,0.215,0.785,2,simulation_rr,0.05
28,0.0,0.21,0.79,2,simulation_rr,0.05
29,0.0,0.195,0.805,2,simulation_rr,0.05
30,0.0,0.185,0.815,2,simulation_rr,0.05
31,0.0,0.17,0.83,2,simulation_rr,0.05
32,0.0,0.155,0.845,2,simulation_rr,0.05
33,0.0,0.155,0.845,2,simulation_rr,0.05
34,0.0,0.155,0.845,2,simulation_rr,0.05
35,0.0,0.15,0.85,2,simulation_rr,0.05
36,0.0,0.14,0.86,2,simulation_rr,0.05
37,0.0,0.13,0.87,2,simulation_rr,0.05
38,0.0,0.115,0.885,2,simulation_rr,0.05
39,0.0,0.11,0.89,2,simulation_rr,0.05
40,0.0,0.105,0.895,2,simulation_rr,0.05
41,0.0,0.09,0.91,2,simulation_rr,0.05
42,0.0,0.09,0.91,2,simulation_rr,0.05
43,0.0,0.085,0.915,2,simulation_rr,0.05
44,0.0,0.08,0.92,2,simulation_rr,0.05
45,0.0,0.075,0.925,2,simulation_rr,0.05
46,0.0,0.075,0.925,2,simulation_rr,0.05
47,0.0,0.07,0.93,2,simulation_rr,0.05
48,0.0,0.065,0.935,2,simulation_rr,0.05
49,0.0,0.055,0.945,2,simulation_rr,0.05
50,0.0,0.055,0.945,2,simulation_rr,0.05
51,0.0,0.055,0.945,2,simulation_rr,0.05
52,0.0,0.055,0.945,2,simulation_rr,0.05
53,0.0,0.05,0.95,2,simulation_rr,0.05
54,0.0,0.045,0.955,2,simulation_rr,0.05
55,0.0,0.045,0.955,2,simulation_rr,0.05
56,0.0,0.04,0.96,2,simulation_rr,0.05
57,0.0,0.025,0.975,2,simulation_rr,0.05
58,0.0,0.02,0.98,2,simulation_rr,0.05
59,0.0,0.02,0.98,2,simulation_rr,0.05
60,0.0,0.02,0.98,2,simulation_rr,0.05
61,0.0,0.02,0.98,2,simulation_rr,0.05
62,0.0,0.02,0.98,2,simulation_rr,0.05
0,0.0,1.0,0.0,2,theory_rr,0.05
1,0.0,0.0,1.0,2,theory_rr,0.05
2,0.0,0.0,1.0,2,theory_rr,0.05
3,0.0,0.0,1.0,2,theory_rr,0.05
4,0.0,0.0,1.0,2,theory_rr,0.05
5,0.0,0.0,1.0,2,theory_rr,0.05
6,0.0,0.0,1.0,2,theory_rr,0.05
7,0.0,0.0,1.0,2,theory_rr,0.05
8,0.0,0.0,1.0,2,theory_rr,0.05
9,0.0,0.0,1.0,2,theory_rr,0.05
10,0.0,0.0,1.0,2,theory_rr,0.05
11,0.0,0.0,1.0,2,theory_rr,0.05
12,0.0,0.0,1.0,2,theory_rr,0.05
13,0.0,0.0,1.0,2,theory_rr,0.05
14,0.0,0.0,1.0,2,theory_rr,0.05
15,0.0,0.0,1.0,2,theory_rr,0.05
16,0.0,0.0,1.0,2,theory_rr,0.05
17,0.0,0.0,1.0,2,theory_rr,0.05
18,0.0,0.0,1.0,2,theory_rr,0.05
19,0.0,0.0,1.0,2,theory_rr,0.05
20,0.0,0.0,1.0,2,theory_rr,0.05
21,0.0,0.0,1.0,2,theory_rr,0.05
22,0.0,0.0,1.0,2,theory_rr,0.05
23,0.0,0.0,1.0,2,theory_rr,0.05
24,0.0,0.0,1.0,2,theory_rr,0.05
25,0.0,0.0,1.0,2,theory_rr,0.05
26,0.0,0.0,1.0,2,theory_rr,0.05
27,0.0,0.0,1.0,2,theory_rr,0.05
28,0.0,0.0,1.0,2,theory_rr,0.05
29,0.0,0.0,1.0,2,theory_rr,0.05
30,0.0,0.0,1.0,2,theory_rr,0.05
31,0.0,0.0,1.0,2,theory_rr,0.05
32,0.0,0.0,1.0,2,theory_rr,0.05
33,0.0,0.0,1.0,2,theory_rr,0.05
34,0.0,0.0,1.0,2,theory_rr,0.05
35,0.0,0.0,1.0,2,theory_rr,0.05
36,0.0,0.0,1.0,2,theory_rr,0.05
37,0.0,0.0,1.0,2,theory_rr,0.05
38,0.0,0.0,1.0,2,theory_rr,0.05
39,0.0,0.0,1.0,2,theory_rr,0.05
40,0.0,0.0,1.0,2,theory_rr,0.05
41,0.0,0.0,1.0,2,theory_rr,0.05
42,0.0,0.0,1.0,2,theory_rr,0.05
43,0.0,0.0,1.0,2,theory_rr,0.05
44,0.0,0.0,1.0,2,theory_rr,0.05
45,0.0,0.0,1.0,2,theory_rr,0.05
46,0.0,0.0,1.0,2,theory_rr,0.05
47,0.0,0.0,1.0,2,theory_rr,0.05
48,0.0,0.0,1.0,2,theory_rr,0.05
49,0.0,0.0,1.0,2,theory_rr,0.05
50,0.0,0.0,1.0,2,theory_rr,0.05
51,0.0,0.0,1.0,2,theory_rr,0.05
52,0.0,0.0,1.0,2,theory_rr,0.05
53,0.0,0.0,1.0,2,theory_rr,0.05
54,0.0,0.0,1.0,2,theory_rr,0.05
55,0.0,0.0,1.0,2,theory_rr,0.05
56,0.0,0.0,1.0,2,theory_rr,0.05
57,0.0,0.0,1.0,2,theory_rr,0.05
58,0.0,0.0,1.0,2,theory_rr,0.05
59,0.0,0.0,1.0,2,theory_rr,0.05
60,0.0,0.0,1.0,2,theory_rr,0.05
61,0.0,0.0,1.0,2,theory_rr,0.05
62,0.0,0.0,1.0,2,theory_rr,0.05
63,0.0,0.0,1.0,2,theory_rr,0.05
64,0.0,0.0,1.0,2,theory_rr,0.05
65,0.0,0.0,1.0,2,theory_rr,0.05
66,0.0,0.0,1.0,2,theory_rr,0.05
67,0.0,0.0,1.0,2,theory_rr,0.05
68,0.0,0.0,1.0,2,theory_rr,0.05
69,0.0,0.0,1.0,2,theory_rr,0.05
70,0.0,0.0,1.0,2,theory_rr,0.05
71,0.0,0.0,1.0,2,theory_rr,0.05
72,0.0,0.0,1.0,2,theory_rr,0.05
73,0.0,0.0,1.0,2,theory_rr,0.05
74,0.0,0.0,1.0,2,theory_rr,0.05
75,0.0,0.0,1.0,2,theory_rr,0.05
76,0.0,0.0,1.0,2,theory_rr,0.05
77,0.0,0.0,1.0,2,theory_rr,0.05
78,0.0,0.0,1.0,2,theory_rr,0.05
79,0.0,0.0,1.0,2,theory_rr,0.05
80,0.0,0.0,1.0,2,theory_rr,0.05
81,0.0,0.0,1.0,2,theory_rr,0.05
82,0.0,0.0,1.0,2,theory_rr,0.05
83,0.0,0.0,1.0,2,theory_rr,0.05
84,0.0,0.0,1.0,2,theory_rr,0.05
85,0.0,0.0,1.0,2,theory_rr,0.05
86,0.0,0.0,1.0,2,theory_rr,0.05
87,0.0,0.0,1.0,2,theory_rr,0.05
88,0.0,0.0,1.0,2,theory_rr,0.05
89,0.0,0.0,1.0,2,theory_rr,0.05
90,0.0,0.0,1.0,2,theory_rr,0.05
91,0.0,0.0,1.0,2,theory_rr,0.05
92,0.0,0.0,1.0,2,theory_rr,0.05
93,0.0,0.0,1.0,2,theory_rr,0.05
94,0.0,0.0,1.0,2,theory_rr,0.05
95,0.0,0.0,1.0,2,theory_rr,0.05
96,0.0,0.0,1.0,2,theory_rr,0.05
97,0.0,0.0,1.0,2,theory_rr,0.05
98,0.0,0.0,1.0,2,theory_rr,0.05
99,0.0,0.0,1.0,2,theory_rr,0.05
100,0.0,0.0,1.0,2,theory_rr,0.05
0,0.0,1.0,0.0,2,theory_rr_async,0.05
1,0.0,0.95,0.05,2,theory_rr_async,0.05
2,0.0,0.905,0.095,2,theory_rr_async,0.05
3,0.0,0.855,0.145,2,theory_rr_async,0.05
4,0.0,0.805,0.195,2,theory_rr_async,0.05
5,0.0,0.76,0.24,2,theory_rr_async,0.05
6,0.0,0.72,0.28,2,theory_rr_async,0.05
7,0.0,0.69,0.31,2,theory_rr_async,0.05
8,0.0,0.645,0.355,2,theory_rr_async,0.05
9,0.0,0.6,0.4,2,theory_rr_async,0.05
10,0.0,0.58,0.42,2,theory_rr_async,0.05
11,0.0,0.54,0.46,2,theory_rr_async,0.05
12,0.0,0.51,0.49,2,theory_rr_async,0.05
13,0.0,0.475,0.525,2,theory_rr_async,0.05
14,0.0,0.45,0.55,2,theory_rr_async,0.05
15,0.0,0.435,0.565,2,theory_rr_async,0.05
16,0.0,0.415,0.585,2,theory_rr_async,0.05
17,0.0,0.41,0.59,2,theory_rr_async,0.05
18,0.0,0.385,0.615,2,theory_rr_async,0.05
19,0.0,0.345,0.655,2,theory_rr_async,0.05
20,0.0,0.32,0.68,2,theory_rr_async,0.05
21,0.0,0.31,0.69,2,theory_rr_async,0.05
22,0.0,0.305,0.695,2,theory_rr_async,0.05
23,0.0,0.285,0.715,2,theory_rr_async,0.05
24,0.0,0.265,0.735,2,theory_rr_async,0.05
25,0.0,0.25,0.75,2,theory_rr_async,0.05
26,0.0,0.235,0.765,2,theory_rr_async,0.05
27,0.0,0.215,0.785,2,theory_rr_async,0.05
28,0.0,0.21,0.79,2,theory_rr_async,0.05
29,0.0,0.195,0.805,2,theory_rr_async,0.05
30,0.0,0.185,0.815,2,theory_rr_async,0.05
31,0.0,0.17,0.83,2,theory_rr_async,0.05
32,0.0,0.155,0.845,2,theory_rr_async,0.05
33,0.0,0.155,0.845,2,theory_rr_async,0.05
34,0.0,0.155,0.845,2,theory_rr_async,0.05
35,0.0,0.15,0.85,2,theory_rr_async,0.05
36,0.0,0.14,0.86,2,theory_rr_async,0.05
37,0.0,0.13,0.87,2,theory_rr_async,0.05
38,0.0,0.115,0.885,2,theory_rr_async,0.05
39,0.0,0.11,0.89,2,theory_rr_async,0.05
40,0.0,0.105,0.895,2,theory_rr_async,0.05
41,0.0,0.09,0.91,2,theory_rr_async,0.05
42,0.0,0.09,0.91,2,theory_rr_async,0.05
43,0.0,0.085,0.915,2,theory_rr_async,0.05
44,0.0,0.08,0.92,2,theory_rr_async,0.05
45,0.0,0.075,0.925,2,theory_rr_async,0.05
46,0.0,0.075,0.925,2,theory_rr_async,0.05
47,0.0,0.07,0.93,2,theory_rr_async,0.05
48,0.0,0.065,0.935,2,theory_rr_async,0.05
49,0.0,0.055,0.945,2,theory_rr_async,0.05
50,0.0,0.055,0.945,2,theory_rr_async,0.05
51,0.0,0.055,0.945,2,theory_rr_async,0.05
52,0.0,0.055,0.945,2,theory_rr_async,0.05
53,0.0,0.05,0.95,2,theory_rr_async,0.05
54,0.0,0.045,0.955,2,theory_rr_async,0.05
55,0.0,0.045,0.955,2,theory_rr_async,0.05
56,0.0,0.04,0.96,2,theory_rr_async,0.05
57,0.0,0.025,0.975,2,theory_rr_async,0.05
58,0.0,0.02,0.98,2,theory_rr_async,0.05
59,0.0,0.02,0.98,2,theory_rr_async,0.05
60,0.0,0.02,0.98,2,theory_rr_async,0.05
61,0.0,0.02,0.98,2,theory_rr_async,0.05
62,0.0,0.02,0.98,2,theory_rr_async,0.05
63,0.0,0.015,0.985,2,theory_rr_async,0.05
64,0.0,0.015,0.985,2,theory_rr_async,0.05
65,0.0,0.01,0.99,2,theory_rr_async,0.05
66,0.0,0.01,0.99,2,theory_rr_async,0.05
67,0.0,0.01,0.99,2,theory_rr_async,0.05
68,0.0,0.01,0.99,2,theory_rr_async,0.05
69,0.0,0.01,0.99,2,theory_rr_async,0.05
70,0.0,0.01,0.99,2,theory_rr_async,0.05
71,0.0,0.01,0.99,2,theory_rr_async,0.05
72,0.0,0.01,0.99,2,theory_rr_async,0.05
73,0.0,0.01,0.99,2,theory_rr_async,0.05
74,0.0,0.01,0.99,2,theory_rr_async,0.05
75,0.0,0.01,0.99,2,theory_rr_async,0.05
76,0.0,0.01,0.99,2,theory_rr_async,0.05
77,0.0,0.01,0.99,2,theory_rr_async,0.05
78,0.0,0.01,0.99,2,theory_rr_async,0.05
79,0.0,0.01,0.99,2,theory_rr_async,0.05
80,0.0,0.01,0.99,2,theory_rr_async,0.05
81,0.0,0.01,0.99,2,theory_rr_async,0.05
82,0.0,0.01,0.99,2,theory_rr_async,0.05
83,0.0,0.01,0.99,2,theory_rr_async,0.05
84,0.0,0.005,0.995,2,theory_rr_async,0.05
85,0.0,0.005,0.995,2,theory_rr_async,0.05
86,0.0,0.005,0.995,2,theory_rr_async,0.05
87,0.0,0.005,0.995,2,theory_rr_async,0.05
88,0.0,0.005,0.995,2,theory_rr_async,0.05
89,0.0,0.0,1.0,2,theory_rr_async,0.05
90,0.0,0.0,1.0,2,theory_rr_async,0.05
91,0.0,0.0,1.0,2,theory_rr_async,0.05
92,0.0,0.0,1.0,2,theory_rr_async,0.05
93,0.0,0.0,1.0,2,theory_rr_async,0.05
94,0.0,0.0,1.0,2,theory_rr_async,0.05
95,0.0,0.0,1.0,2,theory_rr_async,0.05
96,0.0,0.0,1.0,2,theory_rr_async,0.05
97,0.0,0.0,1.0,2,theory_rr_async,0.05
98,0.0,0.0,1.0,2,theory_rr_async,0.05
99,0.0,0.0,1.0,2,theory_rr_async,0.05
100,0.0,0.0,1.0,2,theory_rr_async,0.05
0,0.0,1.0,0.0,3,simulation_rr,0.05
1,0.0,0.95,0.05,3,simulation_rr,0.05
2,0.0,0.905,0.095,3,simulation_rr,0.05
3,0.0,0.855,0.145,3,simulation_rr,0.05
4,0.0,0.82,0.18,3,simulation_rr,0.05
5,0.0,0.79,0.21,3,simulation_rr,0.05
6,0.0,0.755,0.245,3,simulation_rr,0.05
7,0.0,0.715,0.285,3,simulation_rr,0.05
8,0.0,0.675,0.325,3,simulation_rr,0.05
9,0.0,0.64,0.36,3,simulation_rr,0.05
10,0.0,0.615,0.385,3,simulation_rr,0.05
11,0.0,0.59,0.41,3,simulation_rr,0.05
12,0.0,0.555,0.445,3,simulation_rr,0.05
13,0.0,0.525,0.475,3,simulation_rr,0.05
14,0.0,0.495,0.505,3,simulation_rr,0.05
15,0.0,0.47,0.53,3,simulation_rr,0.05
16,0.0,0.445,0.555,3,simulation_rr,0.05
17,0.0,0.42,0.58,3,simulation_rr,0.05
18,0.0,0.4,0.6,3,simulation_rr,0.05
19,0.0,0.365,0.635,3,simulation_rr,0.05
20,0.0,0.36,0.64,3,simulation_rr,0.05
21,0.0,0.34,0.66,3,simulation_rr,0.05
22,0.0,0.32,0.68,3,simulation_rr,0.05
23,0.0,0.305,0.695,3,simulation_rr,0.05
24,0.0,0.295,0.705,3,simulation_rr,0.05
25,0.0,0.29,0.71,3,simulation_rr,0.05
26,0.0,0.265,0.735,3,simulation_rr,0.05
27,0.0,0.245,0.755,3,simulation_rr,0.05
28,0.0,0.24,0.76,3,simulation_rr,0.05
29,0.0,0.23,0.77,3,simulation_rr,0.05
30,0.0,0.22,0.78,3,simulation_rr,0.05
31,0.0,0.215,0.785,3,simulation_rr,0.05
32,0.0,0.215,0.785,3,simulation_rr,0.05
33,0.0,0.21,0.79,3,simulation_rr,0.05
34,0.0,0.205,0.795,3,simulation_rr,0.05
35,0.0,0.205,0.795,3,simulation_rr,0.05
36,0.0,0.195,0.805,3,simulation_rr,0.05
37,0.0,0.18,0.82,3,simulation_rr,0.05
38,0.0,0.17,0.83,3,simulation_rr,0.05
39,0.0,0.16,0.84,3,simulation_rr,0.05
40,0.0,0.155,0.845,3,simulation_rr,0.05
41,0.0,0.15,0.85,3,simulation_rr,0.05
42,0.0,0.15,0.85,3,simulation_rr,0.05
43,0.0,0.145,0.855,3,simulation_rr,0.05
44,0.0,0.135,0.865,3,simulation_rr,0.05
45,0.0,0.125,0.875,3,simulation_rr,0.05
46,0.0,0.12,0.88,3,simulation_rr,0.05
47,0.0,0.11,0.89,3,simulation_rr,0.05
48,0.0,0.1,0.9,3,simulation_rr,0.05
49,0.0,0.085,0.915,3,simulation_rr,0.05
50,0.0,0.085,0.915,3,simulation_rr,0.05
51,0.0,0.085,0.915,3,simulation_rr,0.05
52,0.0,0.085,0.915,3,simulation_rr,0.05
53,0.0,0.075,0.925,3,simulation_rr,0.05
54,0.0,0.07,0.93,3,simulation_rr,0.05
55,0.0,0.065,0.935,3,simulation_rr,0.05
56,0.0,0.065,0.935,3,simulation_rr,0.05
57,0.0,0.065,0.935,3,simulation_rr,0.05
58,0.0,0.06,0.94,3,simulation_rr,0.05
59,0.0,0.055,0.945,3,simulation_rr,0.05
60,0.0,0.055,0.945,3,simulation_rr,0.05
61,0.0,0.055,0.945,3,simulation_rr,0.05
62,0.0,0.055,0.945,3,simulation_rr,0.05
63,0.0,0.055,0.945,3,simulation_rr,0.05
0,0.0,1.0,0.0,3,theory_rr,0.05
1,0.0,0.0,1.0,3,theory_rr,0.05
2,0.0,0.0,1.0,3,theory_rr,0.05
3,0.0,0.0,1.0,3,theory_rr,0.05
4,0.0,0.0,1.0,3,theory_rr,0.05
5,0.0,0.0,1.0,3,theory_rr,0.05
6,0.0,0.0,1.0,3,theory_rr,0.05
7,0.0,0.0,1.0,3,theory_rr,0.05
8,0.0,0.0,1.0,3,theory_rr,0.05
9,0.0,0.0,1.0,3,theory_rr,0.05
10,0.0,0.0,1.0,3,theory_rr,0.05
11,0.0,0.0,1.0,3,theory_rr,0.05
12,0.0,0.0,1.0,3,theory_rr,0.05
13,0.0,0.0,1.0,3,theory_rr,0.05
14,0.0,0.0,1.0,3,theory_rr,0.05
15,0.0,0.0,1.0,3,theory_rr,0.05
16,0.0,0.0,1.0,3,theory_rr,0.05
17,0.0,0.0,1.0,3,theory_rr,0.05
18,0.0,0.0,1.0,3,theory_rr,0.05
19,0.0,0.0,1.0,3,theory_rr,0.05
20,0.0,0.0,1.0,3,theory_rr,0.05
21,0.0,0.0,1.0,3,theory_rr,0.05
22,0.0,0.0,1.0,3,theory_rr,0.05
23,0.0,0.0,1.0,3,theory_rr,0.05
24,0.0,0.0,1.0,3,theory_rr,0.05
25,0.0,0.0,1.0,3,theory_rr,0.05
26,0.0,0.0,1.0,3,theory_rr,0.05
27,0.0,0.0,1.0,3,theory_rr,0.05
28,0.0,0.0,1.0,3,theory_rr,0.05
29,0.0,0.0,1.0,3,theory_rr,0.05
30,0.0,0.0,1.0,3,theory_rr,0.05
31,0.0,0.0,1.0,3,theory_rr,0.05
32,0.0,0.0,1.0,3,theory_rr,0.05
33,0.0,0.0,1.0,3,theory_rr,0.05
34,0.0,0.0,1.0,3,theory_rr,0.05
35,0.0,0.0,1.0,3,theory_rr,0.05
36,0.0,0.0,1.0,3,theory_rr,0.05
37,0.0,0.0,1.0,3,theory_rr,0.05
38,0.0,0.0,1.0,3,theory_rr,0.05
39,0.0,0.0,1.0,3,theory_rr,0.05
40,0.0,0.0,1.0,3,theory_rr,0.05
41,0.0,0.0,1.0,3,theory_rr,0.05
42,0.0,0.0,1.0,3,theory_rr,0.05
43,0.0,0.0,1.0,3,theory_rr,0.05
44,0.0,0.0,1.0,3,theory_rr,0.05
45,0.0,0.0,1.0,3,theory_rr,0.05
46,0.0,0.0,1.0,3,theory_rr,0.05
47,0.0,0.0,1.0,3,theory_rr,0.05
48,0.0,0.0,1.0,3,theory_rr,0.05
49,0.0,0.0,1.0,3,theory_rr,0.05
50,0.0,0.0,1.0,3,theory_rr,0.05
51,0.0,0.0,1.0,3,theory_rr,0.05
52,0.0,0.0,1.0,3,theory_rr,0.05
53,0.0,0.0,1.0,3,theory_rr,0.05
54,0.0,0.0,1.0,3,theory_rr,0.05
55,0.0,0.0,1.0,3,theory_rr,0.05
56,0.0,0.0,1.0,3,theory_rr,0.05
57,0.0,0.0,1.0,3,theory_rr,0.05
58,0.0,0.0,1.0,3,theory_rr,0.05
59,0.0,0.0,1.0,3,theory_rr,0.05
60,0.0,0.0,1.0,3,theory_rr,0.05
61,0.0,0.0,1.0,3,theory_rr,0.05
62,0.0,0.0,1.0,3,theory_rr,0.05
63,0.0,0.0,1.0,3,theory_rr,0.05
64,0.0,0.0,1.0,3,theory_rr,0.05
65,0.0,0.0,1.0,3,theory_rr,0.05
66,0.0,0.0,1.0,3,theory_rr,0.05
67,0.0,0.0,1.0,3,theory_rr,0.05
68,0.0,0.0,1.0,3,theory_rr,0.05
69,0.0,0.0,1.0,3,theory_rr,0.05
70,0.0,0.0,1.0,3,theory_rr,0.05
71,0.0,0.0,1.0,3,theory_rr,0.05
72,0.0,0.0,1.0,3,theory_rr,0.05
73,0.0,0.0,1.0,3,theory_rr,0.05
74,0.0,0.0,1.0,3,theory_rr,0.05
75,0.0,0.0,1.0,3,theory_rr,0.05
76,0.0,0.0,1.0,3,theory_rr,0.05
77,0.0,0.0,1.0,3,theory_rr,0.05
78,0.0,0.0,1.0,3,theory_rr,0.05
79,0.0,0.0,1.0,3,theory_rr,0.05
80,0.0,0.0,1.0,3,theory_rr,0.05
81,0.0,0.0,1.0,3,theory_rr,0.05
82,0.0,0.0,1.0,3,theory_rr,0.05
83,0.0,0.0,1.0,3,theory_rr,0.05
84,0.0,0.0,1.0,3,theory_rr,0.05
85,0.0,0.0,1.0,3,theory_rr,0.05
86,0.0,0.0,1.0,3,theory_rr,0.05
87,0.0,0.0,1.0,3,theory_rr,0.05
88,0.0,0.0,1.0,3,theory_rr,0.05
89,0.0,0.0,1.0,3,theory_rr,0.05
90,0.0,0.0,1.0,3,theory_rr,0.05
91,0.0,0.0,1.0,3,theory_rr,0.05
92,0.0,0.0,1.0,3,theory_rr,0.05
93,0.0,0.0,1.0,3,theory_rr,0.05
94,0.0,0.0,1.0,3,theory_rr,0.05
95,0.0,0.0,1.0,3,theory_rr,0.05
96,0.0,0.0,1.0,3,theory_rr,0.05
97,0.0,0.0,1.0,3,theory_rr,0.05
98,0.0,0.0,1.0,3,theory_rr,0.05
99,0.0,0.0,1.0,3,theory_rr,0.05
100,0.0,0.0,1.0,3,theory_rr,0.05
0,0.0,1.0,0.0,3,theory_rr_async,0.05
1,0.0,0.95,0.05,3,theory_rr_async,0.05
2,0.0,0.905,0.095,3,theory_rr_async,0.05
3,0.0,0.855,0.145,3,theory_rr_async,0.05
4,0.0,0.82,0.18,3,theory_rr_async,0.05
5,0.0,0.79,0.21,3,theory_rr_async,0.05
6,0.0,0.755,0.245,3,theory_rr_async,0.05
7,0.0,0.715,0.285,3,theory_rr_async,0.05
8,0.0,0.675,0.325,3,theory_rr_async,0.05
9,0.0,0.64,0.36,3,theory_rr_async,0.05
10,0.0,0.615,0.385,3,theory_rr_async,0.05
11,0.0,0.59,0.41,3,theory_rr_async,0.05
12,0.0,0.555,0.445,3,theory_rr_async,0.05
13,0.0,0.525,0.475,3,theory_rr_async,0.05
14,0.0,0.495,0.505,3,theory_rr_async,0.05
15,0.0,0.47,0.53,3,theory_rr_async,0.05
16,0.0,0.445,0.555,3,theory_rr_async,0.05
17,0.0,0.42,0.58,3,theory_rr_async,0.05
18,0.0,0.4,0.6,3,theory_rr_async,0.05
19,0.0,0.365,0.635,3,theory_rr_async,0.05
20,0.0,0.36,0.64,3,theory_rr_async,0.05
21,0.0,0.34,0.66,3,theory_rr_async,0.05
22,0.0,0.32,0.68,3,theory_rr_async,0.05
23,0.0,0.305,0.695,3,theory_rr_async,0.05
24,0.0,0.295,0.705,3,theory_rr_async,0.05
25,0.0,0.29,0.71,3,theory_rr_async,0.05
26,0.0,0.265,0.735,3,theory_rr_async,0.05
27,0.0,0.245,0.755,3,theory_rr_async,0.05
28,0.0,0.24,0.76,3,theory_rr_async,0.05
29,0.0,0.23,0.77,3,theory_rr_async,0.05
30,0.0,0.22,0.78,3,theory_rr_async,0.05
31,0.0,0.215,0.785,3,theory_rr_async,0.05
32,0.0,0.215,0.785,3,theory_rr_async,0.05
33,0.0,0.21,0.79,3,theory_rr_async,0.05
34,0.0,0.205,0.795,3,theory_rr_async,0.05
35,0.0,0.205,0.795,3,theory_rr_async,0.05
36,0.0,0.195,0.805,3,theory_rr_async,0.05
37,0.0,0.18,0.82,3,theory_rr_async,0.05
38,0.0,0.17,0.83,3,theory_rr_async,0.05
39,0.0,0.16,0.84,3,theory_rr_async,0.05
40,0.0,0.155,0.845,3,theory_rr_async,0.05
41,0.0,0.15,0.85,3,theory_rr_async,0.05
42,0.0,0.15,0.85,3,theory_rr_async,0.05
43,0.0,0.145,0.855,3,theory_rr_async,0.05
44,0.0,0.135,0.865,3,theory_rr_async,0.05
45,0.0,0.125,0.875,3,theory_rr_async,0.05
46,0.0,0.12,0.88,3,theory_rr_async,0.05
47,0.0,0.11,0.89,3,theory_rr_async,0.05
48,0.0,0.1,0.9,3,theory_rr_async,0.05
49,0.0,0.085,0.915,3,theory_rr_async,0.05
50,0.0,0.085,0.915,3,theory_rr_async,0.05
51,0.0,0.085,0.915,3,theory_rr_async,0.05
52,0.0,0.085,0.915,3,theory_rr_async,0.05
53,0.0,0.075,0.925,3,theory_rr_async,0.05
54,0.0,0.07,0.93,3,theory_rr_async,0.05
55,0.0,0.065,0.935,3,theory_rr_async,0.05
56,0.0,0.065,0.935,3,theory_rr_async,0.05
57,0.0,0.065,0.935,3,theory_rr_async,0.05
58,0.0,0.06,0.94,3,theory_rr_async,0.05
59,0.0,0.055,0.945,3,theory_rr_async,0.05
60,0.0,0.055,0.945,3,theory_rr_async,0.05
61,0.0,0.055,0.945,3,theory_rr_async,0.05
62,0.0,0.055,0.945,3,theory_rr_async,0.05
63,0.0,0.055,0.945,3,theory_rr_async,0.05
64,0.0,0.055,0.945,3,theory_rr_async,0.05
65,0.0,0.05,0.95,3,theory_rr_async,0.05
66,0.0,0.05,0.95,3,theory_rr_async,0.05
67,0.0,0.045,0.955,3,theory_rr_async,0.05
68,0.0,0.045,0.955,3,theory_rr_async,0.05
69,0.0,0.045,0.955,3,theory_rr_async,0.05
70,0.0,0.045,0.955,3,theory_rr_async,0.05
71,0.0,0.045,0.955,3,theory_rr_async,0.05
72,0.0,0.045,0.955,3,theory_rr_async,0.05
73,0.0,0.045,0.955,3,theory_rr_async,0.05
74,0.0,0.045,0.955,3,theory_rr_async,0.05
75,0.0,0.04,0.96,3,theory_rr_async,0.05
76,0.0,0.04,0.96,3,theory_rr_async,0.05
77,0.0,0.04,0.96,3,theory_rr_async,0.05
78,0.0,0.035,0.965,3,theory_rr_async,0.05
79,0.0,0.035,0.965,3,theory_rr_async,0.05
80,0.0,0.035,0.965,3,theory_rr_async,0.05
81,0.0,0.035,0.965,3,theory_rr_async,0.05
82,0.0,0.035,0.965,3,theory_rr_async,0.05
83,0.0,0.03,0.97,3,theory_rr_async,0.05
84,0.0,0.025,0.975,3,theory_rr_async,0.05
85,0.0,0.025,0.975,3,theory_rr_async,0.05
86,0.0,0.025,0.975,3,theory_rr_async,0.05
87,0.0,0.025,0.975,3,theory_rr_async,0.05
88,0.0,0.025,0.975,3,theory_rr_async,0.05
89,0.0,0.025,0.975,3,theory_rr_async,0.05
90,0.0,0.02,0.98,3,theory_rr_async,0.05
91,0.0,0.02,0.98,3,theory_rr_async,0.05
92,0.0,0.02,0.98,3,theory_rr_async,0.05
93,0.0,0.015,0.985,3,theory_rr_async,0.05
94,0.0,0.01,0.99,3,theory_rr_async,0.05
95,0.0,0.01,0.99,3,theory_rr_async,0.05
96,0.0,0.01,0.99,3,theory_rr_async,0.05
97,0.0,0.01,0.99,3,theory_rr_async,0.05
98,0.0,0.005,0.995,3,theory_rr_async,0.05
99,0.0,0.005,0.995,3,theory_rr_async,0.05
100,0.0,0.0,1.0,3,theory_rr_async,0.05
0,0.0,1.0,0.0,4,simulation_rr,0.05
1,0.0,0.95,0.05,4,simulation_rr,0.05
2,0.0,0.9,0.1,4,simulation_rr,0.05
3,0.0,0.85,0.15,4,simulation_rr,0.05
4,0.0,0.81,0.19,4,simulation_rr,0.05
5,0.0,0.77,0.23,4,simulation_rr,0.05
6,0.0,0.73,0.27,4,simulation_rr,0.05
7,0.0,0.695,0.305,4,simulation_rr,0.05
8,0.0,0.665,0.335,4,simulation_rr,0.05
9,0.0,0.635,0.365,4,simulation_rr,0.05
10,0.0,0.6,0.4,4,simulation_rr,0.05
11,0.0,0.585,0.415,4,simulation_rr,0.05
12,0.0,0.55,0.45,4,simulation_rr,0.05
13,0.0,0.525,0.475,4,simulation_rr,0.05
14,0.0,0.505,0.495,4,simulation_rr,0.05
15,0.0,0.47,0.53,4,simulation_rr,0.05
16,0.0,0.455,0.545,4,simulation_rr,0.05
17,0.0,0.43,0.57,4,simulation_rr,0.05
18,0.0,0.42,0.58,4,simulation_rr,0.05
19,0.0,0.39,0.61,4,simulation_rr,0.05
20,0.0,0.38,0.62,4,simulation_rr,0.05
21,0.0,0.345,0.655,4,simulation_rr,0.05
22,0.0,0.315,0.685,4,simulation_rr,0.05
23,0.0,0.3,0.7,4,simulation_rr,0.05
24,0.0,0.285,0.715,4,simulation_rr,0.05
25,0.0,0.265,0.735,4,simulation_rr,0.05
26,0.0,0.235,0.765,4,simulation_rr,0.05
27,0.0,0.22,0.78,4,simulation_rr,0.05
28,0.0,0.21,0.79,4,simulation_rr,0.05
29,0.0,0.21,0.79,4,simulation_rr,0.05
30,0.0,0.205,0.795,4,simulation_rr,0.05
31,0.0,0.19,0.81,4,simulation_rr,0.05
32,0.0,0.19,0.81,4,simulation_rr,0.05
33,0.0,0.185,0.815,4,simulation_rr,0.05
34,0.0,0.165,0.835,4,simulation_rr,0.05
35,0.0,0.165,0.835,4,simulation_rr,0.05
36,0.0,0.165,0.835,4,simulation_rr,0.05
37,0.0,0.16,0.84,4,simulation_rr,0.05
38,0.0,0.16,0.84,4,simulation_rr,0.05
39,0.0,0.15,0.85,4,simulation_rr,0.05
40,0.0,0.135,0.865,4,simulation_rr,0.05
41,0.0,0.135,0.865,4,simulation_rr,0.05
42,0.0,0.13,0.87,4,simulation_rr,0.05
43,0.0,0.125,0.875,4,simulation_rr,0.05
44,0.0,0.115,0.885,4,simulation_rr,0.05
45,0.0,0.115,0.885,4,simulation_rr,0.05
46,0.0,0.115,0.885,4,simulation_rr,0.05
47,0.0,0.1,0.9,4,simulation_rr,0.05
48,0.0,0.09,0.91,4,simulation_rr,0.05
49,0.0,0.09,0.91,4,simulation_rr,0.05
50,0.0,0.09,0.91,4,simulation_rr,0.05
51,0.0,0.085,0.915,4,simulation_rr,0.05
52,0.0,0.085,0.915,4,simulation_rr,0.05
53,0.0,0.085,0.915,4,simulation_rr,0.05
54,0.0,0.085,0.915,4,simulation_rr,0.05
55,0.0,0.085,0.915,4,simulation_rr,0.05
0,0.0,1.0,0.0,4,theory_rr,0.05
1,0.0,0.0,1.0,4,theory_rr,0.05
2,0.0,0.0,1.0,4,theory_rr,0.05
3,0.0,0.0,1.0,4,theory_rr,0.05
4,0.0,0.0,1.0,4,theory_rr,0.05
5,0.0,0.0,1.0,4,theory_rr,0.05
6,0.0,0.0,1.0,4,theory_rr,0.05
7,0.0,0.0,1.0,4,theory_rr,0.05
8,0.0,0.0,1.0,4,theory_rr,0.05
9,0.0,0.0,1.0,4,theory_rr,0.05
10,0.0,0.0,1.0,4,theory_rr,0.05
11,0.0,0.0,1.0,4,theory_rr,0.05
12,0.0,0.0,1.0,4,theory_rr,0.05
13,0.0,0.0,1.0,4,theory_rr,0.05
14,0.0,0.0,1.0,4,theory_rr,0.05
15,0.0,0.0,1.0,4,theory_rr,0.05
16,0.0,0.0,1.0,4,theory_rr,0.05
17,0.0,0.0,1.0,4,theory_rr,0.05
18,0.0,0.0,1.0,4,theory_rr,0.05
19,0.0,0.0,1.0,4,theory_rr,0.05
20,0.0,0.0,1.0,4,theory_rr,0.05
21,0.0,0.0,1.0,4,theory_rr,0.05
22,0.0,0.0,1.0,4,theory_rr,0.05
23,0.0,0.0,1.0,4,theory_rr,0.05
24,0.0,0.0,1.0,4,theory_rr,0.05
25,0.0,0.0,1.0,4,theory_rr,0.05
26,0.0,0.0,1.0,4,theory_rr,0.05
27,0.0,0.0,1.0,4,theory_rr,0.05
28,0.0,0.0,1.0,4,theory_rr,0.05
29,0.0,0.0,1.0,4,theory_rr,0.05
30,0.0,0.0,1.0,4,theory_rr,0.05
31,0.0,0.0,1.0,4,theory_rr,0.05
32,0.0,0.0,1.0,4,theory_rr,0.05
33,0.0,0.0,1.0,4,theory_rr,0.05
34,0.0,0.0,1.0,4,theory_rr,0.05
35,0.0,0.0,1.0,4,theory_rr,0.05
36,0.0,0.0,1.0,4,theory_rr,0.05
37,0.0,0.0,1.0,4,theory_rr,0.05
38,0.0,0.0,1.0,4,theory_rr,0.05
39,0.0,0.0,1.0,4,theory_rr,0.05
40,0.0,0.0,1.0,4,theory_rr,0.05
41,0.0,0.0,1.0,4,theory_rr,0.05
42,0.0,0.0,1.0,4,theory_rr,0.05
43,0.0,0.0,1.0,4,theory_rr,0.05
44,0.0,0.0,1.0,4,theory_rr,0.05
45,0.0,0.0,1.0,4,theory_rr,0.05
46,0.0,0.0,1.0,4,theory_rr,0.05
47,0.0,0.0,1.0,4,theory_rr,0.05
48,0.0,0.0,1.0,4,theory_rr,0.05
49,0.0,0.0,1.0,4,theory_rr,0.05
50,0.0,0.0,1.0,4,theory_rr,0.05
51,0.0,0.0,1.0,4,theory_rr,0.05
52,0.0,0.0,1.0,4,theory_rr,0.05
53,0.0,0.0,1.0,4,theory_rr,0.05
54,0.0,0.0,1.0,4,theory_rr,0.05
55,0.0,0.0,1.0,4,theory_rr,0.05
56,0.0,0.0,1.0,4,theory_rr,0.05
57,0.0,0.0,1.0,4,theory_rr,0.05
58,0.0,0.0,1.0,4,theory_rr,0.05
59,0.0,0.0,1.0,4,theory_rr,0.05
60,0.0,0.0,1.0,4,theory_rr,0.05
61,0.0,0.0,1.0,4,theory_rr,0.05
62,0.0,0.0,1.0,4,theory_rr,0.05
63,0.0,0.0,1.0,4,theory_rr,0.05
64,0.0,0.0,1.0,4,theory_rr,0.05
65,0.0,0.0,1.0,4,theory_rr,0.05
66,0.0,0.0,1.0,4,theory_rr,0.05
67,0.0,0.0,1.0,4,theory_rr,0.05
68,0.0,0.0,1.0,4,theory_rr,0.05
69,0.0,0.0,1.0,4,theory_rr,0.05
70,0.0,0.0,1.0,4,theory_rr,0.05
71,0.0,0.0,1.0,4,theory_rr,0.05
72,0.0,0.0,1.0,4,theory_rr,0.05
73,0.0,0.0,1.0,4,theory_rr,0.05
74,0.0,0.0,1.0,4,theory_rr,0.05
75,0.0,0.0,1.0,4,theory_rr,0.05
76,0.0,0.0,1.0,4,theory_rr,0.05
77,0.0,0.0,1.0,4,theory_rr,0.05
78,0.0,0.0,1.0,4,theory_rr,0.05
79,0.0,0.0,1.0,4,theory_rr,0.05
80,0.0,0.0,1.0,4,theory_rr,0.05
81,0.0,0.0,1.0,4,theory_rr,0.05
82,0.0,0.0,1.0,4,theory_rr,0.05
83,0.0,0.0,1.0,4,theory_rr,0.05
84,0.0,0.0,1.0,4,theory_rr,0.05
85,0.0,0.0,1.0,4,theory_rr,0.05
86,0.0,0.0,1.0,4,theory_rr,0.05
87,0.0,0.0,1.0,4,theory_rr,0.05
88,0.0,0.0,1.0,4,theory_rr,0.05
89,0.0,0.0,1.0,4,theory_rr,0.05
90,0.0,0.0,1.0,4,theory_rr,0.05
91,0.0,0.0,1.0,4,theory_rr,0.05
92,0.0,0.0,1.0,4,theory_rr,0.05
93,0.0,0.0,1.0,4,theory_rr,0.05
94,0.0,0.0,1.0,4,theory_rr,0.05
95,0.0,0.0,1.0,4,theory_rr,0.05
96,0.0,0.0,1.0,4,theory_rr,0.05
97,0.0,0.0,1.0,4,theory_rr,0.05
98,0.0,0.0,1.0,4,theory_rr,0.05
99,0.0,0.0,1.0,4,theory_rr,0.05
100,0.0,0.0,1.0,4,theory_rr,0.05
0,0.0,1.0,0.0,4,theory_rr_async,0.05
1,0.0,0.95,0.05,4,theory_rr_async,0.05
2,0.0,0.9,0.1,4,theory_rr_async,0.05
3,0.0,0.85,0.15,4,theory_rr_async,0.05
4,0.0,0.81,0.19,4,theory_rr_async,0.05
5,0.0,0.77,0.23,4,theory_rr_async,0.05
6,0.0,0.73,0.27,4,theory_rr_async,0.05
7,0.0,0.695,0.305,4,theory_rr_async,0.05
8,0.0,0.665,0.335,4,theory_rr_async,0.05
9,0.0,0.635,0.365,4,theory_rr_async,0.05
10,0.0,0.6,0.4,4,theory_rr_async,0.05
11,0.0,0.585,0.415,4,theory_rr_async,0.05
12,0.0,0.55,0.45,4,theory_rr_async,0.05
13,0.0,0.525,0.475,4,theory_rr_async,0.05
14,0.0,0.505,0.495,4,theory_rr_async,0.05
15,0.0,0.47,0.53,4,theory_rr_async,0.05
16,0.0,0.455,0.545,4,theory_rr_async,0.05
17,0.0,0.43,0.57,4,theory_rr_async,0.05
18,0.0,0.42,0.58,4,theory_rr_async,0.05
19,0.0,0.39,0.61,4,theory_rr_async,0.05
20,0.0,0.38,0.62,4,theory_rr_async,0.05
21,0.0,0.345,0.655,4,theory_rr_async,0.05
22,0.0,0.315,0.685,4,theory_rr_async,0.05
23,0.0,0.3,0.7,4,theory_rr_async,0.05
24,0.0,0.285,0.715,4,theory_rr_async,0.05
25,0.0,0.265,0.735,4,theory_rr_async,0.05
26,0.0,0.235,0.765,4,theory_rr_async,0.05
27,0.0,0.22,0.78,4,theory_rr_async,0.05
28,0.0,0.21,0.79,4,theory_rr_async,0.05
29,0.0,0.21,0.79,4,theory_rr_async,0.05
30,0.0,0.205,0.795,4,theory_rr_async,0.05
31,0.0,0.19,0.81,4,theory_rr_async,0.05
32,0.0,0.19,0.81,4,theory_rr_async,0.05
33,0.0,0.185,0.815,4,theory_rr_async,0.05
34,0.0,0.165,0.835,4,theory_rr_async,0.05
35,0.0,0.165,0.835,4,theory_rr_async,0.05
36,0.0,0.165,0.835,4,theory_rr_async,0.05
37,0.0,0.16,0.84,4,theory_rr_async,0.05
38,0.0,0.16,0.84,4,theory_rr_async,0.05
39,0.0,0.15,0.85,4,theory_rr_async,0.05
40,0.0,0.135,0.865,4,theory_rr_async,0.05
41,0.0,0.135,0.865,4,theory_rr_async,0.05
42,0.0,0.13,0.87,4,theory_rr_async,0.05
43,0.0,0.125,0.875,4,theory_rr_async,0.05
44,0.0,0.115,0.885,4,theory_rr_async,0.05
45,0.0,0.115,0.885,4,theory_rr_async,0.05
46,0.0,0.115,0.885,4,theory_rr_async,0.05
47,0.0,0.1,0.9,4,theory_rr_async,0.05
48,0.0,0.09,0.91,4,theory_rr_async,0.05
49,0.0,0.09,0.91,4,theory_rr_async,0.05
50,0.0,0.09,0.91,4,theory_rr_async,0.05
51,0.0,0.085,0.915,4,theory_rr_async,0.05
52,0.0,0.085,0.915,4,theory_rr_async,0.05
53,0.0,0.085,0.915,4,theory_rr_async,0.05
54,0.0,0.085,0.915,4,theory_rr_async,0.05
55,0.0,0.085,0.915,4,theory_rr_async,0.05
56,0.0,0.075,0.925,4,theory_rr_async,0.05
57,0.0,0.07,0.93,4,theory_rr_async,0.05
58,0.0,0.065,0.935,4,theory_rr_async,0.05
59,0.0,0.065,0.935,4,theory_rr_async,0.05
60,0.0,0.06,0.94,4,theory_rr_async,0.05
61,0.0,0.06,0.94,4,theory_rr_async,0.05
62,0.0,0.06,0.94,4,theory_rr_async,0.05
63,0.0,0.06,0.94,4,theory_rr_async,0.05
64,0.0,0.055,0.945,4,theory_rr_async,0.05
65,0.0,0.055,0.945,4,theory_rr_async,0.05
66,0.0,0.055,0.945,4,theory_rr_async,0.05
67,0.0,0.05,0.95,4,theory_rr_async,0.05
68,0.0,0.05,0.95,4,theory_rr_async,0.05
69,0.0,0.05,0.95,4,theory_rr_async,0.05
70,0.0,0.05,0.95,4,theory_rr_async,0.05
71,0.0,0.05,0.95,4,theory_rr_async,0.05
72,0.0,0.05,0.95,4,theory_rr_async,0.05
73,0.0,0.05,0.95,4,theory_rr_async,0.05
74,0.0,0.05,0.95,4,theory_rr_async,0.05
75,0.0,0.045,0.955,4,theory_rr_async,0.05
76,0.0,0.045,0.955,4,theory_rr_async,0.05
77,0.0,0.045,0.955,4,theory_rr_async,0.05
78,0.0,0.045,0.955,4,theory_rr_async,0.05
79,0.0,0.045,0.955,4,theory_rr_async,0.05
80,0.0,0.04,0.96,4,theory_rr_async,0.05
81,0.0,0.04,0.96,4,theory_rr_async,0.05
82,0.0,0.03,0.97,4,theory_rr_async,0.05
83,0.0,0.03,0.97,4,theory_rr_async,0.05
84,0.0,0.03,0.97,4,theory_rr_async,0.05
85,0.0,0.03,0.97,4,theory_rr_async,0.05
86,0.0,0.025,0.975,4,theory_rr_async,0.05
87,0.0,0.025,0.975,4,theory_rr_async,0.05
88,0.0,0.02,0.98,4,theory_rr_async,0.05
89,0.0,0.02,0.98,4,theory_rr_async,0.05
90,0.0,0.02,0.98,4,theory_rr_async,0.05
91,0.0,0.015,0.985,4,theory_rr_async,0.05
92,0.0,0.015,0.985,4,theory_rr_async,0.05
93,0.0,0.015,0.985,4,theory_rr_async,0.05
94,0.0,0.015,0.985,4,theory_rr_async,0.05
95,0.0,0.015,0.985,4,theory_rr_async,0.05
96,0.0,0.01,0.99,4,theory_rr_async,0.05
97,0.0,0.01,0.99,4,theory_rr_async,0.05
98,0.0,0.01,0.99,4,theory_rr_async,0.05
99,0.0,0.01,0.99,4,theory_rr_async,0.05
100,0.0,0.01,0.99,4,theory_rr_async,0.05
0,0.0,1.0,0.0,5,simulation_rr,0.05
1,0.0,0.95,0.05,5,simulation_rr,0.05
2,0.0,0.905,0.095,5,simulation_rr,0.05
3,0.0,0.86,0.14,5,simulation_rr,0.05
4,0.0,0.815,0.185,5,simulation_rr,0.05
5,0.0,0.77,0.23,5,simulation_rr,0.05
6,0.0,0.735,0.265,5,simulation_rr,0.05
7,0.0,0.69,0.31,5,simulation_rr,0.05
8,0.0,0.655,0.345,5,simulation_rr,0.05
9,0.0,0.63,0.37,5,simulation_rr,0.05
10,0.0,0.585,0.415,5,simulation_rr,0.05
11,0.0,0.56,0.44,5,simulation_rr,0.05
12,0.0,0.53,0.47,5,simulation_rr,0.05
13,0.0,0.505,0.495,5,simulation_rr,0.05
14,0.0,0.475,0.525,5,simulation_rr,0.05
15,0.0,0.455,0.545,5,simulation_rr,0.05
16,0.0,0.43,0.57,5,simulation_rr,0.05
17,0.0,0.405,0.595,5,simulation_rr,0.05
18,0.0,0.38,0.62,5,simulation_rr,0.05
19,0.0,0.35,0.65,5,simulation_rr,0.05
20,0.0,0.315,0.685,5,simulation_rr,0.05
21,0.0,0.3,0.7,5,simulation_rr,0.05
22,0.0,0.3,0.7,5,simulation_rr,0.05
23,0.0,0.295,0.705,5,simulation_rr,0.05
24,0.0,0.27,0.73,5,simulation_rr,0.05
25,0.0,0.26,0.74,5,simulation_rr,0.05
26,0.0,0.235,0.765,5,simulation_rr,0.05
27,0.0,0.215,0.785,5,simulation_rr,0.05
28,0.0,0.21,0.79,5,simulation_rr,0.05
29,0.0,0.205,0.795,5,simulation_rr,0.05
30,0.0,0.2,0.8,5,simulation_rr,0.05
31,0.0,0.195,0.805,5,simulation_rr,0.05
32,0.0,0.185,0.815,5,simulation_rr,0.05
33,0.0,0.18,0.82,5,simulation_rr,0.05
34,0.0,0.17,0.83,5,simulation_rr,0.05
35,0.0,0.165,0.835,5,simulation_rr,0.05
36,0.0,0.155,0.845,5,simulation_rr,0.05
37,0.0,0.15,0.85,5,simulation_rr,0.05
38,0.0,0.145,0.855,5,simulation_rr,0.05
39,0.0,0.14,0.86,5,simulation_rr,0.05
40,0.0,0.13,0.87,5,simulation_rr,0.05
41,0.0,0.125,0.875,5,simulation_rr,0.05
42,0.0,0.125,0.875,5,simulation_rr,0.05
43,0.0,0.1,0.9,5,simulation_rr,0.05
44,0.0,0.1,0.9,5,simulation_rr,0.05
45,0.0,0.1,0.9,5,simulation_rr,0.05
46,0.0,0.1,0.9,5,simulation_rr,0.05
47,0.0,0.09,0.91,5,simulation_rr,0.05
48,0.0,0.09,0.91,5,simulation_rr,0.05
49,0.0,0.085,0.915,5,simulation_rr,0.05
50,0.0,0.08,0.92,5,simulation_rr,0.05
51,0.0,0.07,0.93,5,simulation_rr,0.05
52,0.0,0.06,0.94,5,simulation_rr,0.05
53,0.0,0.06,0.94,5,simulation_rr,0.05
54,0.0,0.06,0.94,5,simulation_rr,0.05
55,0.0,0.06,0.94,5,simulation_rr,0.05
56,0.0,0.06,0.94,5,simulation_rr,0.05
0,0.0,1.0,0.0,5,theory_rr,0.05
1,0.0,0.0,1.0,5,theory_rr,0.05
2,0.0,0.0,1.0,5,theory_rr,0.05
3,0.0,0.0,1.0,5,theory_rr,0.05
4,0.0,0.0,1.0,5,theory_rr,0.05
5,0.0,0.0,1.0,5,theory_rr,0.05
6,0.0,0.0,1.0,5,theory_rr,0.05
7,0.0,0.0,1.0,5,theory_rr,0.05
8,0.0,0.0,1.0,5,theory_rr,0.05
9,0.0,0.0,1.0,5,theory_rr,0.05
10,0.0,0.0,1.0,5,theory_rr,0.05
11,0.0,0.0,1.0,5,theory_rr,0.05
12,0.0,0.0,1.0,5,theory_rr,0.05
13,0.0,0.0,1.0,5,theory_rr,0.05
14,0.0,0.0,1.0,5,theory_rr,0.05
15,0.0,0.0,1.0,5,theory_rr,0.05
16,0.0,0.0,1.0,5,theory_rr,0.05
17,0.0,0.0,1.0,5,theory_rr,0.05
18,0.0,0.0,1.0,5,theory_rr,0.05
19,0.0,0.0,1.0,5,theory_rr,0.05
20,0.0,0.0,1.0,5,theory_rr,0.05
21,0.0,0.0,1.0,5,theory_rr,0.05
22,0.0,0.0,1.0,5,theory_rr,0.05
23,0.0,0.0,1.0,5,theory_rr,0.05
24,0.0,0.0,1.0,5,theory_rr,0.05
25,0.0,0.0,1.0,5,theory_rr,0.05
26,0.0,0.0,1.0,5,theory_rr,0.05
27,0.0,0.0,1.0,5,theory_rr,0.05
28,0.0,0.0,1.0,5,theory_rr,0.05
29,0.0,0.0,1.0,5,theory_rr,0.05
30,0.0,0.0,1.0,5,theory_rr,0.05
31,0.0,0.0,1.0,5,theory_rr,0.05
32,0.0,0.0,1.0,5,theory_rr,0.05
33,0.0,0.0,1.0,5,theory_rr,0.05
34,0.0,0.0,1.0,5,theory_rr,0.05
35,0.0,0.0,1.0,5,theory_rr,0.05
36,0.0,0.0,1.0,5,theory_rr,0.05
37,0.0,0.0,1.0,5,theory_rr,0.05
38,0.0,0.0,1.0,5,theory_rr,0.05
39,0.0,0.0,1.0,5,theory_rr,0.05
40,0.0,0.0,1.0,5,theory_rr,0.05
41,0.0,0.0,1.0,5,theory_rr,0.05
42,0.0,0.0,1.0,5,theory_rr,0.05
43,0.0,0.0,1.0,5,theory_rr,0.05
44,0.0,0.0,1.0,5,theory_rr,0.05
45,0.0,0.0,1.0,5,theory_rr,0.05
46,0.0,0.0,1.0,5,theory_rr,0.05
47,0.0,0.0,1.0,5,theory_rr,0.05
48,0.0,0.0,1.0,5,theory_rr,0.05
49,0.0,0.0,1.0,5,theory_rr,0.05
50,0.0,0.0,1.0,5,theory_rr,0.05
51,0.0,0.0,1.0,5,theory_rr,0.05
52,0.0,0.0,1.0,5,theory_rr,0.05
53,0.0,0.0,1.0,5,theory_rr,0.05
54,0.0,0.0,1.0,5,theory_rr,0.05
55,0.0,0.0,1.0,5,theory_rr,0.05
56,0.0,0.0,1.0,5,theory_rr,0.05
57,0.0,0.0,1.0,5,theory_rr,0.05
58,0.0,0.0,1.0,5,theory_rr,0.05
59,0.0,0.0,1.0,5,theory_rr,0.05
60,0.0,0.0,1.0,5,theory_rr,0.05
61,0.0,0.0,1.0,5,theory_rr,0.05
62,0.0,0.0,1.0,5,theory_rr,0.05
63,0.0,0.0,1.0,5,theory_rr,0.05
64,0.0,0.0,1.0,5,theory_rr,0.05
65,0.0,0.0,1.0,5,theory_rr,0.05
66,0.0,0.0,1.0,5,theory_rr,0.05
67,0.0,0.0,1.0,5,theory_rr,0.05
68,0.0,0.0,1.0,5,theory_rr,0.05
69,0.0,0.0,1.0,5,theory_rr,0.05
70,0.0,0.0,1.0,5,theory_rr,0.05
71,0.0,0.0,1.0,5,theory_rr,0.05
72,0.0,0.0,1.0,5,theory_rr,0.05
73,0.0,0.0,1.0,5,theory_rr,0.05
74,0.0,0.0,1.0,5,theory_rr,0.05
75,0.0,0.0,1.0,5,theory_rr,0.05
76,0.0,0.0,1.0,5,theory_rr,0.05
77,0.0,0.0,1.0,5,theory_rr,0.05
78,0.0,0.0,1.0,5,theory_rr,0.05
79,0.0,0.0,1.0,5,theory_rr,0.05
80,0.0,0.0,1.0,5,theory_rr,0.05
81,0.0,0.0,1.0,5,theory_rr,0.05
82,0.0,0.0,1.0,5,theory_rr,0.05
83,0.0,0.0,1.0,5,theory_rr,0.05
84,0.0,0.0,1.0,5,theory_rr,0.05
85,0.0,0.0,1.0,5,theory_rr,0.05
86,0.0,0.0,1.0,5,theory_rr,0.05
87,0.0,0.0,1.0,5,theory_rr,0.05
88,0.0,0.0,1.0,5,theory_rr,0.05
89,0.0,0.0,1.0,5,theory_rr,0.05
90,0.0,0.0,1.0,5,theory_rr,0.05
91,0.0,0.0,1.0,5,theory_rr,0.05
92,0.0,0.0,1.0,5,theory_rr,0.05
93,0.0,0.0,1.0,5,theory_rr,0.05
94,0.0,0.0,1.0,5,theory_rr,0.05
95,0.0,0.0,1.0,5,theory_rr,0.05
96,0.0,0.0,1.0,5,theory_rr,0.05
97,0.0,0.0,1.0,5,theory_rr,0.05
98,0.0,0.0,1.0,5,theory_rr,0.05
99,0.0,0.0,1.0,5,theory_rr,0.05
100,0.0,0.0,1.0,5,theory_rr,0.05
0,0.0,1.0,0.0,5,theory_rr_async,0.05
1,0.0,0.95,0.05,5,theory_rr_async,0.05
2,0.0,0.905,0.095,5,theory_rr_async,0.05
3,0.0,0.86,0.14,5,theory_rr_async,0.05
4,0.0,0.815,0.185,5,theory_rr_async,0.05
5,0.0,0.77,0.23,5,theory_rr_async,0.05
6,0.0,0.735,0.265,5,theory_rr_async,0.05
7,0.0,0.69,0.31,5,theory_rr_async,0.05
8,0.0,0.655,0.345,5,theory_rr_async,0.05
9,0.0,0.63,0.37,5,theory_rr_async,0.05
10,0.0,0.585,0.415,5,theory_rr_async,0.05
11,0.0,0.56,0.44,5,theory_rr_async,0.05
12,0.0,0.53,0.47,5,theory_rr_async,0.05
13,0.0,0.505,0.495,5,theory_rr_async,0.05
14,0.0,0.475,0.525,5,theory_rr_async,0.05
15,0.0,0.455,0.545,5,theory_rr_async,0.05
16,0.0,0.43,0.57,5,theory_rr_async,0.05
17,0.0,0.405,0.595,5,theory_rr_async,0.05
18,0.0,0.38,0.62,5,theory_rr_async,0.05
19,0.0,0.35,0.65,5,theory_rr_async,0.05
20,0.0,0.315,0.685,5,theory_rr_async,0.05
21,0.0,0.3,0.7,5,theory_rr_async,0.05
22,0.0,0.3,0.7,5,theory_rr_async,0.05
23,0.0,0.295,0.705,5,theory_rr_async,0.05
24,0.0,0.27,0.73,5,theory_rr_async,0.05
25,0.0,0.26,0.74,5,theory_rr_async,0.05
26,0.0,0.235,0.765,5,theory_rr_async,0.05
27,0.0,0.215,0.785,5,theory_rr_async,0.05
28,0.0,0.21,0.79,5,theory_rr_async,0.05
29,0.0,0.205,0.795,5,theory_rr_async,0.05
30,0.0,0.2,0.8,5,theory_rr_async,0.05
31,0.0,0.195,0.805,5,theory_rr_async,0.05
32,0.0,0.185,0.815,5,theory_rr_async,0.05
33,0.0,0.18,0.82,5,theory_rr_async,0.05
34,0.0,0.17,0.83,5,theory_rr_async,0.05
35,0.0,0.165,0.835,5,theory_rr_async,0.05
36,0.0,0.155,0.845,5,theory_rr_async,0.05
37,0.0,0.15,0.85,5,theory_rr_async,0.05
38,0.0,0.145,0.855,5,theory_rr_async,0.05
39,0.0,0.14,0.86,5,theory_rr_async,0.05
40,0.0,0.13,0.87,5,theory_rr_async,0.05
41,0.0,0.125,0.875,5,theory_rr_async,0.05
42,0.0,0.125,0.875,5,theory_rr_async,0.05
43,0.0,0.1,0.9,5,theory_rr_async,0.05
44,0.0,0.1,0.9,5,theory_rr_async,0.05
45,0.0,0.1,0.9,5,theory_rr_async,0.05
46,0.0,0.1,0.9,5,theory_rr_async,0.05
47,0.0,0.09,0.91,5,theory_rr_async,0.05
48,0.0,0.09,0.91,5,theory_rr_async,0.05
49,0.0,0.085,0.915,5,theory_rr_async,0.05
50,0.0,0.08,0.92,5,theory_rr_async,0.05
51,0.0,0.07,0.93,5,theory_rr_async,0.05
52,0.0,0.06,0.94,5,theory_rr_async,0.05
53,0.0,0.06,0.94,5,theory_rr_async,0.05
54,0.0,0.06,0.94,5,theory_rr_async,0.05
55,0.0,0.06,0.94,5,theory_rr_async,0.05
56,0.0,0.06,0.94,5,theory_rr_async,0.05
57,0.0,0.06,0.94,5,theory_rr_async,0.05
58,0.0,0.06,0.94,5,theory_rr_async,0.05
59,0.0,0.06,0.94,5,theory_rr_async,0.05
60,0.0,0.055,0.945,5,theory_rr_async,0.05
61,0.0,0.055,0.945,5,theory_rr_async,0.05
62,0.0,0.055,0.945,5,theory_rr_async,0.05
63,0.0,0.055,0.945,5,theory_rr_async,0.05
64,0.0,0.05,0.95,5,theory_rr_async,0.05
65,0.0,0.05,0.95,5,theory_rr_async,0.05
66,0.0,0.05,0.95,5,theory_rr_async,0.05
67,0.0,0.05,0.95,5,theory_rr_async,0.05
68,0.0,0.05,0.95,5,theory_rr_async,0.05
69,0.0,0.05,0.95,5,theory_rr_async,0.05
70,0.0,0.05,0.95,5,theory_rr_async,0.05
71,0.0,0.05,0.95,5,theory_rr_async,0.05
72,0.0,0.05,0.95,5,theory_rr_async,0.05
73,0.0,0.05,0.95,5,theory_rr_async,0.05
74,0.0,0.045,0.955,5,theory_rr_async,0.05
75,0.0,0.04,0.96,5,theory_rr_async,0.05
76,0.0,0.04,0.96,5,theory_rr_async,0.05
77,0.0,0.04,0.96,5,theory_rr_async,0.05
78,0.0,0.04,0.96,5,theory_rr_async,0.05
79,0.0,0.025,0.975,5,theory_rr_async,0.05
80,0.0,0.025,0.975,5,theory_rr_async,0.05
81,0.0,0.025,0.975,5,theory_rr_async,0.05
82,0.0,0.02,0.98,5,theory_rr_async,0.05
83,0.0,0.02,0.98,5,theory_rr_async,0.05
84,0.0,0.015,0.985,5,theory_rr_async,0.05
85,0.0,0.015,0.985,5,theory_rr_async,0.05
86,0.0,0.015,0.985,5,theory_rr_async,0.05
87,0.0,0.015,0.985,5,theory_rr_async,0.05
88,0.0,0.015,0.985,5,theory_rr_async,0.05
89,0.0,0.015,0.985,5,theory_rr_async,0.05
90,0.0,0.015,0.985,5,theory_rr_async,0.05
91,0.0,0.015,0.985,5,theory_rr_async,0.05
92,0.0,0.015,0.985,5,theory_rr_async,0.05
93,0.0,0.015,0.985,5,theory_rr_async,0.05
94,0.0,0.015,0.985,5,theory_rr_async,0.05
95,0.0,0.015,0.985,5,theory_rr_async,0.05
96,0.0,0.015,0.985,5,theory_rr_async,0.05
97,0.0,0.015,0.985,5,theory_rr_async,0.05
98,0.0,0.015,0.985,5,theory_rr_async,0.05
99,0.0,0.015,0.985,5,theory_rr_async,0.05
100,0.0,0.01,0.99,5,theory_rr_async,0.05
0,0.0,1.0,0.0,6,simulation_rr,0.05
1,0.0,0.95,0.05,6,simulation_rr,0.05
2,0.0,0.9,0.1,6,simulation_rr,0.05
3,0.0,0.86,0.14,6,simulation_rr,0.05
4,0.0,0.815,0.185,6,simulation_rr,0.05
5,0.0,0.765,0.235,6,simulation_rr,0.05
6,0.0,0.735,0.265,6,simulation_rr,0.05
7,0.0,0.705,0.295,6,simulation_rr,0.05
8,0.0,0.665,0.335,6,simulation_rr,0.05
9,0.0,0.635,0.365,6,simulation_rr,0.05
10,0.0,0.59,0.41,6,simulation_rr,0.05
11,0.0,0.555,0.445,6,simulation_rr,0.05
12,0.0,0.535,0.465,6,simulation_rr,0.05
13,0.0,0.52,0.48,6,simulation_rr,0.05
14,0.0,0.495,0.505,6,simulation_rr,0.05
15,0.0,0.47,0.53,6,simulation_rr,0.05
16,0.0,0.45,0.55,6,simulation_rr,0.05
17,0.0,0.435,0.565,6,simulation_rr,0.05
18,0.0,0.415,0.585,6,simulation_rr,0.05
19,0.0,0.41,0.59,6,simulation_rr,0.05
20,0.0,0.39,0.61,6,simulation_rr,0.05
21,0.0,0.37,0.63,6,simulation_rr,0.05
22,0.0,0.355,0.645,6,simulation_rr,0.05
23,0.0,0.34,0.66,6,simulation_rr,0.05
24,0.0,0.32,0.68,6,simulation_rr,0.05
25,0.0,0.31,0.69,6,simulation_rr,0.05
26,0.0,0.295,0.705,6,simulation_rr,0.05
27,0.0,0.28,0.72,6,simulation_rr,0.05
28,0.0,0.26,0.74,6,simulation_rr,0.05
29,0.0,0.25,0.75,6,simulation_rr,0.05
30,0.0,0.225,0.775,6,simulation_rr,0.05
31,0.0,0.21,0.79,6,simulation_rr,0.05
32,0.0,0.205,0.795,6,simulation_rr,0.05
33,0.0,0.2,0.8,6,simulation_rr,0.05
34,0.0,0.19,0.81,6,simulation_rr,0.05
35,0.0,0.185,0.815,6,simulation_rr,0.05
36,0.0,0.175,0.825,6,simulation_rr,0.05
37,0.0,0.17,0.83,6,simulation_rr,0.05
38,0.0,0.155,0.845,6,simulation_rr,0.05
39,0.0,0.145,0.855,6,simulation_rr,0.05
40,0.0,0.13,0.87,6,simulation_rr,0.05
41,0.0,0.12,0.88,6,simulation_rr,0.05
42,0.0,0.115,0.885,6,simulation_rr,0.05
43,0.0,0.105,0.895,6,simulation_rr,0.05
44,0.0,0.095,0.905,6,simulation_rr,0.05
45,0.0,0.095,0.905,6,simulation_rr,0.05
46,0.0,0.095,0.905,6,simulation_rr,0.05
47,0.0,0.095,0.905,6,simulation_rr,0.05
48,0.0,0.09,0.91,6,simulation_rr,0.05
49,0.0,0.08,0.92,6,simulation_rr,0.05
50,0.0,0.075,0.925,6,simulation_rr,0.05
51,0.0,0.07,0.93,6,simulation_rr,0.05
52,0.0,0.065,0.935,6,simulation_rr,0.05
53,0.0,0.06,0.94,6,simulation_rr,0.05
54,0.0,0.045,0.955,6,simulation_rr,0.05
55,0.0,0.045,0.955,6,simulation_rr,0.05
56,0.0,0.035,0.965,6,simulation_rr,0.05
57,0.0,0.035,0.965,6,simulation_rr,0.05
58,0.0,0.03,0.97,6,simulation_rr,0.05
59,0.0,0.03,0.97,6,simulation_rr,0.05
60,0.0,0.03,0.97,6,simulation_rr,0.05
61,0.0,0.025,0.975,6,simulation_rr,0.05
62,0.0,0.025,0.975,6,simulation_rr,0.05
63,0.0,0.025,0.975,6,simulation_rr,0.05
64,0.0,0.025,0.975,6,simulation_rr,0.05
65,0.0,0.025,0.975,6,simulation_rr,0.05
0,0.0,1.0,0.0,6,theory_rr,0.05
1,0.0,0.0,1.0,6,theory_rr,0.05
2,0.0,0.0,1.0,6,theory_rr,0.05
3,0.0,0.0,1.0,6,theory_rr,0.05
4,0.0,0.0,1.0,6,theory_rr,0.05
5,0.0,0.0,1.0,6,theory_rr,0.05
6,0.0,0.0,1.0,6,theory_rr,0.05
7,0.0,0.0,1.0,6,theory_rr,0.05
8,0.0,0.0,1.0,6,theory_rr,0.05
9,0.0,0.0,1.0,6,theory_rr,0.05
10,0.0,0.0,1.0,6,theory_rr,0.05
11,0.0,0.0,1.0,6,theory_rr,0.05
12,0.0,0.0,1.0,6,theory_rr,0.05
13,0.0,0.0,1.0,6,theory_rr,0.05
14,0.0,0.0,1.0,6,theory_rr,0.05
15,0.0,0.0,1.0,6,theory_rr,0.05
16,0.0,0.0,1.0,6,theory_rr,0.05
17,0.0,0.0,1.0,6,theory_rr,0.05
18,0.0,0.0,1.0,6,theory_rr,0.05
19,0.0,0.0,1.0,6,theory_rr,0.05
20,0.0,0.0,1.0,6,theory_rr,0.05
21,0.0,0.0,1.0,6,theory_rr,0.05
22,0.0,0.0,1.0,6,theory_rr,0.05
23,0.0,0.0,1.0,6,theory_rr,0.05
24,0.0,0.0,1.0,6,theory_rr,0.05
25,0.0,0.0,1.0,6,theory_rr,0.05
26,0.0,0.0,1.0,6,theory_rr,0.05
27,0.0,0.0,1.0,6,theory_rr,0.05
28,0.0,0.0,1.0,6,theory_rr,0.05
29,0.0,0.0,1.0,6,theory_rr,0.05
30,0.0,0.0,1.0,6,theory_rr,0.05
31,0.0,0.0,1.0,6,theory_rr,0.05
32,0.0,0.0,1.0,6,theory_rr,0.05
33,0.0,0.0,1.0,6,theory_rr,0.05
34,0.0,0.0,1.0,6,theory_rr,0.05
35,0.0,0.0,1.0,6,theory_rr,0.05
36,0.0,0.0,1.0,6,theory_rr,0.05
37,0.0,0.0,1.0,6,theory_rr,0.05
38,0.0,0.0,1.0,6,theory_rr,0.05
39,0.0,0.0,1.0,6,theory_rr,0.05
40,0.0,0.0,1.0,6,theory_rr,0.05
41,0.0,0.0,1.0,6,theory_rr,0.05
42,0.0,0.0,1.0,6,theory_rr,0.05
43,0.0,0.0,1.0,6,theory_rr,0.05
44,0.0,0.0,1.0,6,theory_rr,0.05
45,0.0,0.0,1.0,6,theory_rr,0.05
46,0.0,0.0,1.0,6,theory_rr,0.05
47,0.0,0.0,1.0,6,theory_rr,0.05
48,0.0,0.0,1.0,6,theory_rr,0.05
49,0.0,0.0,1.0,6,theory_rr,0.05
50,0.0,0.0,1.0,6,theory_rr,0.05
51,0.0,0.0,1.0,6,theory_rr,0.05
52,0.0,0.0,1.0,6,theory_rr,0.05
53,0.0,0.0,1.0,6,theory_rr,0.05
54,0.0,0.0,1.0,6,theory_rr,0.05
55,0.0,0.0,1.0,6,theory_rr,0.05
56,0.0,0.0,1.0,6,theory_rr,0.05
57,0.0,0.0,1.0,6,theory_rr,0.05
58,0.0,0.0,1.0,6,theory_rr,0.05
59,0.0,0.0,1.0,6,theory_rr,0.05
60,0.0,0.0,1.0,6,theory_rr,0.05
61,0.0,0.0,1.0,6,theory_rr,0.05
62,0.0,0.0,1.0,6,theory_rr,0.05
63,0.0,0.0,1.0,6,theory_rr,0.05
64,0.0,0.0,1.0,6,theory_rr,0.05
65,0.0,0.0,1.0,6,theory_rr,0.05
66,0.0,0.0,1.0,6,theory_rr,0.05
67,0.0,0.0,1.0,6,theory_rr,0.05
68,0.0,0.0,1.0,6,theory_rr,0.05
69,0.0,0.0,1.0,6,theory_rr,0.05
70,0.0,0.0,1.0,6,theory_rr,0.05
71,0.0,0.0,1.0,6,theory_rr,0.05
72,0.0,0.0,1.0,6,theory_rr,0.05
73,0.0,0.0,1.0,6,theory_rr,0.05
74,0.0,0.0,1.0,6,theory_rr,0.05
75,0.0,0.0,1.0,6,theory_rr,0.05
76,0.0,0.0,1.0,6,theory_rr,0.05
77,0.0,0.0,1.0,6,theory_rr,0.05
78,0.0,0.0,1.0,6,theory_rr,0.05
79,0.0,0.0,1.0,6,theory_rr,0.05
80,0.0,0.0,1.0,6,theory_rr,0.05
81,0.0,0.0,1.0,6,theory_rr,0.05
82,0.0,0.0,1.0,6,theory_rr,0.05
83,0.0,0.0,1.0,6,theory_rr,0.05
84,0.0,0.0,1.0,6,theory_rr,0.05
85,0.0,0.0,1.0,6,theory_rr,0.05
86,0.0,0.0,1.0,6,theory_rr,0.05
87,0.0,0.0,1.0,6,theory_rr,0.05
88,0.0,0.0,1.0,6,theory_rr,0.05
89,0.0,0.0,1.0,6,theory_rr,0.05
90,0.0,0.0,1.0,6,theory_rr,0.05
91,0.0,0.0,1.0,6,theory_rr,0.05
92,0.0,0.0,1.0,6,theory_rr,0.05
93,0.0,0.0,1.0,6,theory_rr,0.05
94,0.0,0.0,1.0,6,theory_rr,0.05
95,0.0,0.0,1.0,6,theory_rr,0.05
96,0.0,0.0,1.0,6,theory_rr,0.05
97,0.0,0.0,1.0,6,theory_rr,0.05
98,0.0,0.0,1.0,6,theory_rr,0.05
99,0.0,0.0,1.0,6,theory_rr,0.05
100,0.0,0.0,1.0,6,theory_rr,0.05
0,0.0,1.0,0.0,6,theory_rr_async,0.05
1,0.0,0.95,0.05,6,theory_rr_async,0.05
2,0.0,0.9,0.1,6,theory_rr_async,0.05
3,0.0,0.86,0.14,6,theory_rr_async,0.05
4,0.0,0.815,0.185,6,theory_rr_async,0.05
5,0.0,0.765,0.235,6,theory_rr_async,0.05
6,0.0,0.735,0.265,6,theory_rr_async,0.05
7,0.0,0.705,0.295,6,theory_rr_async,0.05
8,0.0,0.665,0.335,6,theory_rr_async,0.05
9,0.0,0.635,0.365,6,theory_rr_async,0.05
10,0.0,0.59,0.41,6,theory_rr_async,0.05
11,0.0,0.555,0.445,6,theory_rr_async,0.05
12,0.0,0.535,0.465,6,theory_rr_async,0.05
13,0.0,0.52,0.48,6,theory_rr_async,0.05
14,0.0,0.495,0.505,6,theory_rr_async,0.05
15,0.0,0.47,0.53,6,theory_rr_async,0.05
16,0.0,0.45,0.55,6,theory_rr_async,0.05
17,0.0,0.435,0.565,6,theory_rr_async,0.05
18,0.0,0.415,0.585,6,theory_rr_async,0.05
19,0.0,0.41,0.59,6,theory_rr_async,0.05
20,0.0,0.39,0.61,6,theory_rr_async,0.05
21,0.0,0.37,0.63,6,theory_rr_async,0.05
22,0.0,0.355,0.645,6,theory_rr_async,0.05
23,0.0,0.34,0.66,6,theory_rr_async,0.05
24,0.0,0.32,0.68,6,theory_rr_async,0.05
25,0.0,0.31,0.69,6,theory_rr_async,0.05
26,0.0,0.295,0.705,6,theory_rr_async,0.05
27,0.0,0.28,0.72,6,theory_rr_async,0.05
28,0.0,0.26,0.74,6,theory_rr_async,0.05
29,0.0,0.25,0.75,6,theory_rr_async,0.05
30,0.0,0.225,0.775,6,theory_rr_async,0.05
31,0.0,0.21,0.79,6,theory_rr_async,0.05
32,0.0,0.205,0.795,6,theory_rr_async,0.05
33,0.0,0.2,0.8,6,theory_rr_async,0.05
34,0.0,0.19,0.81,6,theory_rr_async,0.05
35,0.0,0.185,0.815,6,theory_rr_async,0.05
36,0.0,0.175,0.825,6,theory_rr_async,0.05
37,0.0,0.17,0.83,6,theory_rr_async,0.05
38,0.0,0.155,0.845,6,theory_rr_async,0.05
39,0.0,0.145,0.855,6,theory_rr_async,0.05
40,0.0,0.13,0.87,6,theory_rr_async,0.05
41,0.0,0.12,0.88,6,theory_rr_async,0.05
42,0.0,0.115,0.885,6,theory_rr_async,0.05
43,0.0,0.105,0.895,6,theory_rr_async,0.05
44,0.0,0.095,0.905,6,theory_rr_async,0.05
45,0.0,0.095,0.905,6,theory_rr_async,0.05
46,0.0,0.095,0.905,6,theory_rr_async,0.05
47,0.0,0.095,0.905,6,theory_rr_async,0.05
48,0.0,0.09,0.91,6,theory_rr_async,0.05
49,0.0,0.08,0.92,6,theory_rr_async,0.05
50,0.0,0.075,0.925,6,theory_rr_async,0.05
51,0.0,0.07,0.93,6,theory_rr_async,0.05
52,0.0,0.065,0.935,6,theory_rr_async,0.05
53,0.0,0.06,0.94,6,theory_rr_async,0.05
54,0.0,0.045,0.955,6,theory_rr_async,0.05
55,0.0,0.045,0.955,6,theory_rr_async,0.05
56,0.0,0.035,0.965,6,theory_rr_async,0.05
57,0.0,0.035,0.965,6,theory_rr_async,0.05
58,0.0,0.03,0.97,6,theory_rr_async,0.05
59,0.0,0.03,0.97,6,theory_rr_async,0.05
60,0.0,0.03,0.97,6,theory_rr_async,0.05
61,0.0,0.025,0.975,6,theory_rr_async,0.05
62,0.0,0.025,0.975,6,theory_rr_async,0.05
63,0.0,0.025,0.975,6,theory_rr_async,0.05
64,0.0,0.025,0.975,6,theory_rr_async,0.05
65,0.0,0.025,0.975,6,theory_rr_async,0.05
66,0.0,0.02,0.98,6,theory_rr_async,0.05
67,0.0,0.02,0.98,6,theory_rr_async,0.05
68,0.0,0.015,0.985,6,theory_rr_async,0.05
69,0.0,0.01,0.99,6,theory_rr_async,0.05
70,0.0,0.01,0.99,6,theory_rr_async,0.05
71,0.0,0.005,0.995,6,theory_rr_async,0.05
72,0.0,0.005,0.995,6,theory_rr_async,0.05
73,0.0,0.005,0.995,6,theory_rr_async,0.05
74,0.0,0.005,0.995,6,theory_rr_async,0.05
75,0.0,0.005,0.995,6,theory_rr_async,0.05
76,0.0,0.005,0.995,6,theory_rr_async,0.05
77,0.0,0.005,0.995,6,theory_rr_async,0.05
78,0.0,0.005,0.995,6,theory_rr_async,0.05
79,0.0,0.005,0.995,6,theory_rr_async,0.05
80,0.0,0.005,0.995,6,theory_rr_async,0.05
81,0.0,0.005,0.995,6,theory_rr_async,0.05
82,0.0,0.005,0.995,6,theory_rr_async,0.05
83,0.0,0.005,0.995,6,theory_rr_async,0.05
84,0.0,0.005,0.995,6,theory_rr_async,0.05
85,0.0,0.005,0.995,6,theory_rr_async,0.05
86,0.0,0.005,0.995,6,theory_rr_async,0.05
87,0.0,0.005,0.995,6,theory_rr_async,0.05
88,0.0,0.005,0.995,6,theory_rr_async,0.05
89,0.0,0.005,0.995,6,theory_rr_async,0.05
90,0.0,0.005,0.995,6,theory_rr_async,0.05
91,0.0,0.005,0.995,6,theory_rr_async,0.05
92,0.0,0.005,0.995,6,theory_rr_async,0.05
93,0.0,0.0,1.0,6,theory_rr_async,0.05
94,0.0,0.0,1.0,6,theory_rr_async,0.05
95,0.0,0.0,1.0,6,theory_rr_async,0.05
96,0.0,0.0,1.0,6,theory_rr_async,0.05
97,0.0,0.0,1.0,6,theory_rr_async,0.05
98,0.0,0.0,1.0,6,theory_rr_async,0.05
99,0.0,0.0,1.0,6,theory_rr_async,0.05
100,0.0,0.0,1.0,6,theory_rr_async,0.05
0,0.0,1.0,0.0,7,simulation_rr,0.05
1,0.0,0.95,0.05,7,simulation_rr,0.05
2,0.0,0.905,0.095,7,simulation_rr,0.05
3,0.0,0.855,0.145,7,simulation_rr,0.05
4,0.0,0.805,0.195,7,simulation_rr,0.05
5,0.0,0.76,0.24,7,simulation_rr,0.05
6,0.0,0.72,0.28,7,simulation_rr,0.05
7,0.0,0.695,0.305,7,simulation_rr,0.05
8,0.0,0.655,0.345,7,simulation_rr,0.05
9,0.0,0.63,0.37,7,simulation_rr,0.05
10,0.0,0.61,0.39,7,simulation_rr,0.05
11,0.0,0.595,0.405,7,simulation_rr,0.05
12,0.0,0.565,0.435,7,simulation_rr,0.05
13,0.0,0.545,0.455,7,simulation_rr,0.05
14,0.0,0.515,0.485,7,simulation_rr,0.05
15,0.0,0.485,0.515,7,simulation_rr,0.05
16,0.0,0.46,0.54,7,simulation_rr,0.05
17,0.0,0.44,0.56,7,simulation_rr,0.05
18,0.0,0.425,0.575,7,simulation_rr,0.05
19,0.0,0.4,0.6,7,simulation_rr,0.05
20,0.0,0.385,0.615,7,simulation_rr,0.05
21,0.0,0.37,0.63,7,simulation_rr,0.05
22,0.0,0.345,0.655,7,simulation_rr,0.05
23,0.0,0.32,0.68,7,simulation_rr,0.05
24,0.0,0.305,0.695,7,simulation_rr,0.05
25,0.0,0.285,0.715,7,simulation_rr,0.05
26,0.0,0.28,0.72,7,simulation_rr,0.05
27,0.0,0.275,0.725,7,simulation_rr,0.05
28,0.0,0.27,0.73,7,simulation_rr,0.05
29,0.0,0.26,0.74,7,simulation_rr,0.05
30,0.0,0.25,0.75,7,simulation_rr,0.05
31,0.0,0.245,0.755,7,simulation_rr,0.05
32,0.0,0.245,0.755,7,simulation_rr,0.05
33,0.0,0.23,0.77,7,simulation_rr,0.05
34,0.0,0.23,0.77,7,simulation_rr,0.05
35,0.0,0.22,0.78,7,simulation_rr,0.05
36,0.0,0.19,0.81,7,simulation_rr,0.05
37,0.0,0.175,0.825,7,simulation_rr,0.05
38,0.0,0.165,0.835,7,simulation_rr,0.05
39,0.0,0.165,0.835,7,simulation_rr,0.05
40,0.0,0.15,0.85,7,simulation_rr,0.05
41,0.0,0.14,0.86,7,simulation_rr,0.05
42,0.0,0.135,0.865,7,simulation_rr,0.05
43,0.0,0.13,0.87,7,simulation_rr,0.05
44,0.0,0.125,0.875,7,simulation_rr,0.05
45,0.0,0.115,0.885,7,simulation_rr,0.05
46,0.0,0.11,0.89,7,simulation_rr,0.05
47,0.0,0.105,0.895,7,simulation_rr,0.05
48,0.0,0.1,0.9,7,simulation_rr,0.05
49,0.0,0.1,0.9,7,simulation_rr,0.05
50,0.0,0.09,0.91,7,simulation_rr,0.05
51,0.0,0.09,0.91,7,simulation_rr,0.05
52,0.0,0.085,0.915,7,simulation_rr,0.05
53,0.0,0.085,0.915,7,simulation_rr,0.05
54,0.0,0.08,0.92,7,simulation_rr,0.05
55,0.0,0.07,0.93,7,simulation_rr,0.05
56,0.0,0.055,0.945,7,simulation_rr,0.05
57,0.0,0.05,0.95,7,simulation_rr,0.05
58,0.0,0.05,0.95,7,simulation_rr,0.05
59,0.0,0.05,0.95,7,simulation_rr,0.05
60,0.0,0.045,0.955,7,simulation_rr,0.05
61,0.0,0.04,0.96,7,simulation_rr,0.05
62,0.0,0.04,0.96,7,simulation_rr,0.05
63,0.0,0.04,0.96,7,simulation_rr,0.05
64,0.0,0.04,0.96,7,simulation_rr,0.05
65,0.0,0.04,0.96,7,simulation_rr,0.05
0,0.0,1.0,0.0,7,theory_rr,0.05
1,0.0,0.0,1.0,7,theory_rr,0.05
2,0.0,0.0,1.0,7,theory_rr,0.05
3,0.0,0.0,1.0,7,theory_rr,0.05
4,0.0,0.0,1.0,7,theory_rr,0.05
5,0.0,0.0,1.0,7,theory_rr,0.05
6,0.0,0.0,1.0,7,theory_rr,0.05
7,0.0,0.0,1.0,7,theory_rr,0.05
8,0.0,0.0,1.0,7,theory_rr,0.05
9,0.0,0.0,1.0,7,theory_rr,0.05
10,0.0,0.0,1.0,7,theory_rr,0.05
11,0.0,0.0,1.0,7,theory_rr,0.05
12,0.0,0.0,1.0,7,theory_rr,0.05
13,0.0,0.0,1.0,7,theory_rr,0.05
14,0.0,0.0,1.0,7,theory_rr,0.05
15,0.0,0.0,1.0,7,theory_rr,0.05
16,0.0,0.0,1.0,7,theory_rr,0.05
17,0.0,0.0,1.0,7,theory_rr,0.05
18,0.0,0.0,1.0,7,theory_rr,0.05
19,0.0,0.0,1.0,7,theory_rr,0.05
20,0.0,0.0,1.0,7,theory_rr,0.05
21,0.0,0.0,1.0,7,theory_rr,0.05
22,0.0,0.0,1.0,7,theory_rr,0.05
23,0.0,0.0,1.0,7,theory_rr,0.05
24,0.0,0.0,1.0,7,theory_rr,0.05
25,0.0,0.0,1.0,7,theory_rr,0.05
26,0.0,0.0,1.0,7,theory_rr,0.05
27,0.0,0.0,1.0,7,theory_rr,0.05
28,0.0,0.0,1.0,7,theory_rr,0.05
29,0.0,0.0,1.0,7,theory_rr,0.05
30,0.0,0.0,1.0,7,theory_rr,0.05
31,0.0,0.0,1.0,7,theory_rr,0.05
32,0.0,0.0,1.0,7,theory_rr,0.05
33,0.0,0.0,1.0,7,theory_rr,0.05
34,0.0,0.0,1.0,7,theory_rr,0.05
35,0.0,0.0,1.0,7,theory_rr,0.05
36,0.0,0.0,1.0,7,theory_rr,0.05
37,0.0,0.0,1.0,7,theory_rr,0.05
38,0.0,0.0,1.0,7,theory_rr,0.05
39,0.0,0.0,1.0,7,theory_rr,0.05
40,0.0,0.0,1.0,7,theory_rr,0.05
41,0.0,0.0,1.0,7,theory_rr,0.05
42,0.0,0.0,1.0,7,theory_rr,0.05
43,0.0,0.0,1.0,7,theory_rr,0.05
44,0.0,0.0,1.0,7,theory_rr,0.05
45,0.0,0.0,1.0,7,theory_rr,0.05
46,0.0,0.0,1.0,7,theory_rr,0.05
47,0.0,0.0,1.0,7,theory_rr,0.05
48,0.0,0.0,1.0,7,theory_rr,0.05
49,0.0,0.0,1.0,7,theory_rr,0.05
50,0.0,0.0,1.0,7,theory_rr,0.05
51,0.0,0.0,1.0,7,theory_rr,0.05
52,0.0,0.0,1.0,7,theory_rr,0.05
53,0.0,0.0,1.0,7,theory_rr,0.05
54,0.0,0.0,1.0,7,theory_rr,0.05
55,0.0,0.0,1.0,7,theory_rr,0.05
56,0.0,0.0,1.0,7,theory_rr,0.05
57,0.0,0.0,1.0,7,theory_rr,0.05
58,0.0,0.0,1.0,7,theory_rr,0.05
59,0.0,0.0,1.0,7,theory_rr,0.05
60,0.0,0.0,1.0,7,theory_rr,0.05
61,0.0,0.0,1.0,7,theory_rr,0.05
62,0.0,0.0,1.0,7,theory_rr,0.05
63,0.0,0.0,1.0,7,theory_rr,0.05
64,0.0,0.0,1.0,7,theory_rr,0.05
65,0.0,0.0,1.0,7,theory_rr,0.05
66,0.0,0.0,1.0,7,theory_rr,0.05
67,0.0,0.0,1.0,7,theory_rr,0.05
68,0.0,0.0,1.0,7,theory_rr,0.05
69,0.0,0.0,1.0,7,theory_rr,0.05
70,0.0,0.0,1.0,7,theory_rr,0.05
71,0.0,0.0,1.0,7,theory_rr,0.05
72,0.0,0.0,1.0,7,theory_rr,0.05
73,0.0,0.0,1.0,7,theory_rr,0.05
74,0.0,0.0,1.0,7,theory_rr,0.05
75,0.0,0.0,1.0,7,theory_rr,0.05
76,0.0,0.0,1.0,7,theory_rr,0.05
77,0.0,0.0,1.0,7,theory_rr,0.05
78,0.0,0.0,1.0,7,theory_rr,0.05
79,0.0,0.0,1.0,7,theory_rr,0.05
80,0.0,0.0,1.0,7,theory_rr,0.05
81,0.0,0.0,1.0,7,theory_rr,0.05
82,0.0,0.0,1.0,7,theory_rr,0.05
83,0.0,0.0,1.0,7,theory_rr,0.05
84,0.0,0.0,1.0,7,theory_rr,0.05
85,0.0,0.0,1.0,7,theory_rr,0.05
86,0.0,0.0,1.0,7,theory_rr,0.05
87,0.0,0.0,1.0,7,theory_rr,0.05
88,0.0,0.0,1.0,7,theory_rr,0.05
89,0.0,0.0,1.0,7,theory_rr,0.05
90,0.0,0.0,1.0,7,theory_rr,0.05
91,0.0,0.0,1.0,7,theory_rr,0.05
92,0.0,0.0,1.0,7,theory_rr,0.05
93,0.0,0.0,1.0,7,theory_rr,0.05
94,0.0,0.0,1.0,7,theory_rr,0.05
95,0.0,0.0,1.0,7,theory_rr,0.05
96,0.0,0.0,1.0,7,theory_rr,0.05
97,0.0,0.0,1.0,7,theory_rr,0.05
98,0.0,0.0,1.0,7,theory_rr,0.05
99,0.0,0.0,1.0,7,theory_rr,0.05
100,0.0,0.0,1.0,7,theory_rr,0.05
0,0.0,1.0,0.0,7,theory_rr_async,0.05
1,0.0,0.95,0.05,7,theory_rr_async,0.05
2,0.0,0.905,0.095,7,theory_rr_async,0.05
3,0.0,0.855,0.145,7,theory_rr_async,0.05
4,0.0,0.805,0.195,7,theory_rr_async,0.05
5,0.0,0.76,0.24,7,theory_rr_async,0.05
6,0.0,0.72,0.28,7,theory_rr_async,0.05
7,0.0,0.695,0.305,7,theory_rr_async,0.05
8,0.0,0.655,0.345,7,theory_rr_async,0.05
9,0.0,0.63,0.37,7,theory_rr_async,0.05
10,0.0,0.61,0.39,7,theory_rr_async,0.05
11,0.0,0.595,0.405,7,theory_rr_async,0.05
12,0.0,0.565,0.435,7,theory_rr_async,0.05
13,0.0,0.545,0.455,7,theory_rr_async,0.05
14,0.0,0.515,0.485,7,theory_rr_async,0.05
15,0.0,0.485,0.515,7,theory_rr_async,0.05
16,0.0,0.46,0.54,7,theory_rr_async,0.05
17,0.0,0.44,0.56,7,theory_rr_async,0.05
18,0.0,0.425,0.575,7,theory_rr_async,0.05
19,0.0,0.4,0.6,7,theory_rr_async,0.05
20,0.0,0.385,0.615,7,theory_rr_async,0.05
21,0.0,0.37,0.63,7,theory_rr_async,0.05
22,0.0,0.345,0.655,7,theory_rr_async,0.05
23,0.0,0.32,0.68,7,theory_rr_async,0.05
24,0.0,0.305,0.695,7,theory_rr_async,0.05
25,0.0,0.285,0.715,7,theory_rr_async,0.05
26,0.0,0.28,0.72,7,theory_rr_async,0.05
27,0.0,0.275,0.725,7,theory_rr_async,0.05
28,0.0,0.27,0.73,7,theory_rr_async,0.05
29,0.0,0.26,0.74,7,theory_rr_async,0.05
30,0.0,0.25,0.75,7,theory_rr_async,0.05
31,0.0,0.245,0.755,7,theory_rr_async,0.05
32,0.0,0.245,0.755,7,theory_rr_async,0.05
33,0.0,0.23,0.77,7,theory_rr_async,0.05
34,0.0,0.23,0.77,7,theory_rr_async,0.05
35,0.0,0.22,0.78,7,theory_rr_async,0.05
36,0.0,0.19,0.81,7,theory_rr_async,0.05
37,0.0,0.175,0.825,7,theory_rr_async,0.05
38,0.0,0.165,0.835,7,theory_rr_async,0.05
39,0.0,0.165,0.835,7,theory_rr_async,0.05
40,0.0,0.15,0.85,7,theory_rr_async,0.05
41,0.0,0.14,0.86,7,theory_rr_async,0.05
42,0.0,0.135,0.865,7,theory_rr_async,0.05
43,0.0,0.13,0.87,7,theory_rr_async,0.05
44,0.0,0.125,0.875,7,theory_rr_async,0.05
45,0.0,0.115,0.885,7,theory_rr_async,0.05
46,0.0,0.11,0.89,7,theory_rr_async,0.05
47,0.0,0.105,0.895,7,theory_rr_async,0.05
48,0.0,0.1,0.9,7,theory_rr_async,0.05
49,0.0,0.1,0.9,7,theory_rr_async,0.05
50,0.0,0.09,0.91,7,theory_rr_async,0.05
51,0.0,0.09,0.91,7,theory_rr_async,0.05
52,0.0,0.085,0.915,7,theory_rr_async,0.05
53,0.0,0.085,0.915,7,theory_rr_async,0.05
54,0.0,0.08,0.92,7,theory_rr_async,0.05
55,0.0,0.07,0.93,7,theory_rr_async,0.05
56,0.0,0.055,0.945,7,theory_rr_async,0.05
57,0.0,0.05,0.95,7,theory_rr_async,0.05
58,0.0,0.05,0.95,7,theory_rr_async,0.05
59,0.0,0.05,0.95,7,theory_rr_async,0.05
60,0.0,0.045,0.955,7,theory_rr_async,0.05
61,0.0,0.04,0.96,7,theory_rr_async,0.05
62,0.0,0.04,0.96,7,theory_rr_async,0.05
63,0.0,0.04,0.96,7,theory_rr_async,0.05
64,0.0,0.04,0.96,7,theory_rr_async,0.05
65,0.0,0.04,0.96,7,theory_rr_async,0.05
66,0.0,0.035,0.965,7,theory_rr_async,0.05
67,0.0,0.035,0.965,7,theory_rr_async,0.05
68,0.0,0.035,0.965,7,theory_rr_async,0.05
69,0.0,0.035,0.965,7,theory_rr_async,0.05
70,0.0,0.035,0.965,7,theory_rr_async,0.05
71,0.0,0.035,0.965,7,theory_rr_async,0.05
72,0.0,0.035,0.965,7,theory_rr_async,0.05
73,0.0,0.035,0.965,7,theory_rr_async,0.05
74,0.0,0.035,0.965,7,theory_rr_async,0.05
75,0.0,0.035,0.965,7,theory_rr_async,0.05
76,0.0,0.035,0.965,7,theory_rr_async,0.05
77,0.0,0.035,0.965,7,theory_rr_async,0.05
78,0.0,0.035,0.965,7,theory_rr_async,0.05
79,0.0,0.035,0.965,7,theory_rr_async,0.05
80,0.0,0.035,0.965,7,theory_rr_async,0.05
81,0.0,0.035,0.965,7,theory_rr_async,0.05
82,0.0,0.035,0.965,7,theory_rr_async,0.05
83,0.0,0.035,0.965,7,theory_rr_async,0.05
84,0.0,0.035,0.965,7,theory_rr_async,0.05
85,0.0,0.035,0.965,7,theory_rr_async,0.05
86,0.0,0.025,0.975,7,theory_rr_async,0.05
87,0.0,0.025,0.975,7,theory_rr_async,0.05
88,0.0,0.025,0.975,7,theory_rr_async,0.05
89,0.0,0.025,0.975,7,theory_rr_async,0.05
90,0.0,0.025,0.975,7,theory_rr_async,0.05
91,0.0,0.025,0.975,7,theory_rr_async,0.05
92,0.0,0.02,0.98,7,theory_rr_async,0.05
93,0.0,0.02,0.98,7,theory_rr_async,0.05
94,0.0,0.015,0.985,7,theory_rr_async,0.05
95,0.0,0.015,0.985,7,theory_rr_async,0.05
96,0.0,0.015,0.985,7,theory_rr_async,0.05
97,0.0,0.015,0.985,7,theory_rr_async,0.05
98,0.0,0.015,0.985,7,theory_rr_async,0.05
99,0.0,0.015,0.985,7,theory_rr_async,0.05
100,0.0,0.015,0.985,7,theory_rr_async,0.05
0,0.0,1.0,0.0,8,simulation_rr,0.05
1,0.0,0.95,0.05,8,simulation_rr,0.05
2,0.0,0.9,0.1,8,simulation_rr,0.05
3,0.0,0.86,0.14,8,simulation_rr,0.05
4,0.0,0.815,0.185,8,simulation_rr,0.05
5,0.0,0.78,0.22,8,simulation_rr,0.05
6,0.0,0.745,0.255,8,simulation_rr,0.05
7,0.0,0.7,0.3,8,simulation_rr,0.05
8,0.0,0.665,0.335,8,simulation_rr,0.05
9,0.0,0.63,0.37,8,simulation_rr,0.05
10,0.0,0.595,0.405,8,simulation_rr,0.05
11,0.0,0.565,0.435,8,simulation_rr,0.05
12,0.0,0.535,0.465,8,simulation_rr,0.05
13,0.0,0.51,0.49,8,simulation_rr,0.05
14,0.0,0.49,0.51,8,simulation_rr,0.05
15,0.0,0.47,0.53,8,simulation_rr,0.05
16,0.0,0.435,0.565,8,simulation_rr,0.05
17,0.0,0.42,0.58,8,simulation_rr,0.05
18,0.0,0.415,0.585,8,simulation_rr,0.05
19,0.0,0.4,0.6,8,simulation_rr,0.05
20,0.0,0.375,0.625,8,simulation_rr,0.05
21,0.0,0.355,0.645,8,simulation_rr,0.05
22,0.0,0.325,0.675,8,simulation_rr,0.05
23,0.0,0.31,0.69,8,simulation_rr,0.05
24,0.0,0.295,0.705,8,simulation_rr,0.05
25,0.0,0.285,0.715,8,simulation_rr,0.05
26,0.0,0.26,0.74,8,simulation_rr,0.05
27,0.0,0.255,0.745,8,simulation_rr,0.05
28,0.0,0.23,0.77,8,simulation_rr,0.05
29,0.0,0.225,0.775,8,simulation_rr,0.05
30,0.0,0.215,0.785,8,simulation_rr,0.05
31,0.0,0.215,0.785,8,simulation_rr,0.05
32,0.0,0.195,0.805,8,simulation_rr,0.05
33,0.0,0.19,0.81,8,simulation_rr,0.05
34,0.0,0.19,0.81,8,simulation_rr,0.05
35,0.0,0.175,0.825,8,simulation_rr,0.05
36,0.0,0.17,0.83,8,simulation_rr,0.05
37,0.0,0.17,0.83,8,simulation_rr,0.05
38,0.0,0.165,0.835,8,simulation_rr,0.05
39,0.0,0.16,0.84,8,simulation_rr,0.05
40,0.0,0.16,0.84,8,simulation_rr,0.05
41,0.0,0.15,0.85,8,simulation_rr,0.05
42,0.0,0.14,0.86,8,simulation_rr,0.05
43,0.0,0.13,0.87,8,simulation_rr,0.05
44,0.0,0.13,0.87,8,simulation_rr,0.05
45,0.0,0.12,0.88,8,simulation_rr,0.05
46,0.0,0.115,0.885,8,simulation_rr,0.05
47,0.0,0.105,0.895,8,simulation_rr,0.05
48,0.0,0.095,0.905,8,simulation_rr,0.05
49,0.0,0.09,0.91,8,simulation_rr,0.05
50,0.0,0.08,0.92,8,simulation_rr,0.05
51,0.0,0.08,0.92,8,simulation_rr,0.05
52,0.0,0.08,0.92,8,simulation_rr,0.05
53,0.0,0.08,0.92,8,simulation_rr,0.05
54,0.0,0.075,0.925,8,simulation_rr,0.05
55,0.0,0.07,0.93,8,simulation_rr,0.05
56,0.0,0.07,0.93,8,simulation_rr,0.05
57,0.0,0.07,0.93,8,simulation_rr,0.05
58,0.0,0.06,0.94,8,simulation_rr,0.05
59,0.0,0.05,0.95,8,simulation_rr,0.05
60,0.0,0.05,0.95,8,simulation_rr,0.05
61,0.0,0.04,0.96,8,simulation_rr,0.05
62,0.0,0.035,0.965,8,simulation_rr,0.05
63,0.0,0.03,0.97,8,simulation_rr,0.05
64,0.0,0.025,0.975,8,simulation_rr,0.05
65,0.0,0.025,0.975,8,simulation_rr,0.05
66,0.0,0.025,0.975,8,simulation_rr,0.05
67,0.0,0.025,0.975,8,simulation_rr,0.05
68,0.0,0.025,0.975,8,simulation_rr,0.05
0,0.0,1.0,0.0,8,theory_rr,0.05
1,0.0,0.0,1.0,8,theory_rr,0.05
2,0.0,0.0,1.0,8,theory_rr,0.05
3,0.0,0.0,1.0,8,theory_rr,0.05
4,0.0,0.0,1.0,8,theory_rr,0.05
5,0.0,0.0,1.0,8,theory_rr,0.05
6,0.0,0.0,1.0,8,theory_rr,0.05
7,0.0,0.0,1.0,8,theory_rr,0.05
8,0.0,0.0,1.0,8,theory_rr,0.05
9,0.0,0.0,1.0,8,theory_rr,0.05
10,0.0,0.0,1.0,8,theory_rr,0.05
11,0.0,0.0,1.0,8,theory_rr,0.05
12,0.0,0.0,1.0,8,theory_rr,0.05
13,0.0,0.0,1.0,8,theory_rr,0.05
14,0.0,0.0,1.0,8,theory_rr,0.05
15,0.0,0.0,1.0,8,theory_rr,0.05
16,0.0,0.0,1.0,8,theory_rr,0.05
17,0.0,0.0,1.0,8,theory_rr,0.05
18,0.0,0.0,1.0,8,theory_rr,0.05
19,0.0,0.0,1.0,8,theory_rr,0.05
20,0.0,0.0,1.0,8,theory_rr,0.05
21,0.0,0.0,1.0,8,theory_rr,0.05
22,0.0,0.0,1.0,8,theory_rr,0.05
23,0.0,0.0,1.0,8,theory_rr,0.05
24,0.0,0.0,1.0,8,theory_rr,0.05
25,0.0,0.0,1.0,8,theory_rr,0.05
26,0.0,0.0,1.0,8,theory_rr,0.05
27,0.0,0.0,1.0,8,theory_rr,0.05
28,0.0,0.0,1.0,8,theory_rr,0.05
29,0.0,0.0,1.0,8,theory_rr,0.05
30,0.0,0.0,1.0,8,theory_rr,0.05
31,0.0,0.0,1.0,8,theory_rr,0.05
32,0.0,0.0,1.0,8,theory_rr,0.05
33,0.0,0.0,1.0,8,theory_rr,0.05
34,0.0,0.0,1.0,8,theory_rr,0.05
35,0.0,0.0,1.0,8,theory_rr,0.05
36,0.0,0.0,1.0,8,theory_rr,0.05
37,0.0,0.0,1.0,8,theory_rr,0.05
38,0.0,0.0,1.0,8,theory_rr,0.05
39,0.0,0.0,1.0,8,theory_rr,0.05
40,0.0,0.0,1.0,8,theory_rr,0.05
41,0.0,0.0,1.0,8,theory_rr,0.05
42,0.0,0.0,1.0,8,theory_rr,0.05
43,0.0,0.0,1.0,8,theory_rr,0.05
44,0.0,0.0,1.0,8,theory_rr,0.05
45,0.0,0.0,1.0,8,theory_rr,0.05
46,0.0,0.0,1.0,8,theory_rr,0.05
47,0.0,0.0,1.0,8,theory_rr,0.05
48,0.0,0.0,1.0,8,theory_rr,0.05
49,0.0,0.0,1.0,8,theory_rr,0.05
50,0.0,0.0,1.0,8,theory_rr,0.05
51,0.0,0.0,1.0,8,theory_rr,0.05
52,0.0,0.0,1.0,8,theory_rr,0.05
53,0.0,0.0,1.0,8,theory_rr,0.05
54,0.0,0.0,1.0,8,theory_rr,0.05
55,0.0,0.0,1.0,8,theory_rr,0.05
56,0.0,0.0,1.0,8,theory_rr,0.05
57,0.0,0.0,1.0,8,theory_rr,0.05
58,0.0,0.0,1.0,8,theory_rr,0.05
59,0.0,0.0,1.0,8,theory_rr,0.05
60,0.0,0.0,1.0,8,theory_rr,0.05
61,0.0,0.0,1.0,8,theory_rr,0.05
62,0.0,0.0,1.0,8,theory_rr,0.05
63,0.0,0.0,1.0,8,theory_rr,0.05
64,0.0,0.0,1.0,8,theory_rr,0.05
65,0.0,0.0,1.0,8,theory_rr,0.05
66,0.0,0.0,1.0,8,theory_rr,0.05
67,0.0,0.0,1.0,8,theory_rr,0.05
68,0.0,0.0,1.0,8,theory_rr,0.05
69,0.0,0.0,1.0,8,theory_rr,0.05
70,0.0,0.0,1.0,8,theory_rr,0.05
71,0.0,0.0,1.0,8,theory_rr,0.05
72,0.0,0.0,1.0,8,theory_rr,0.05
73,0.0,0.0,1.0,8,theory_rr,0.05
74,0.0,0.0,1.0,8,theory_rr,0.05
75,0.0,0.0,1.0,8,theory_rr,0.05
76,0.0,0.0,1.0,8,theory_rr,0.05
77,0.0,0.0,1.0,8,theory_rr,0.05
78,0.0,0.0,1.0,8,theory_rr,0.05
79,0.0,0.0,1.0,8,theory_rr,0.05
80,0.0,0.0,1.0,8,theory_rr,0.05
81,0.0,0.0,1.0,8,theory_rr,0.05
82,0.0,0.0,1.0,8,theory_rr,0.05
83,0.0,0.0,1.0,8,theory_rr,0.05
84,0.0,0.0,1.0,8,theory_rr,0.05
85,0.0,0.0,1.0,8,theory_rr,0.05
86,0.0,0.0,1.0,8,theory_rr,0.05
87,0.0,0.0,1.0,8,theory_rr,0.05
88,0.0,0.0,1.0,8,theory_rr,0.05
89,0.0,0.0,1.0,8,theory_rr,0.05
90,0.0,0.0,1.0,8,theory_rr,0.05
91,0.0,0.0,1.0,8,theory_rr,0.05
92,0.0,0.0,1.0,8,theory_rr,0.05
93,0.0,0.0,1.0,8,theory_rr,0.05
94,0.0,0.0,1.0,8,theory_rr,0.05
95,0.0,0.0,1.0,8,theory_rr,0.05
96,0.0,0.0,1.0,8,theory_rr,0.05
97,0.0,0.0,1.0,8,theory_rr,0.05
98,0.0,0.0,1.0,8,theory_rr,0.05
99,0.0,0.0,1.0,8,theory_rr,0.05
100,0.0,0.0,1.0,8,theory_rr,0.05
0,0.0,1.0,0.0,8,theory_rr_async,0.05
1,0.0,0.95,0.05,8,theory_rr_async,0.05
2,0.0,0.9,0.1,8,theory_rr_async,0.05
3,0.0,0.86,0.14,8,theory_rr_async,0.05
4,0.0,0.815,0.185,8,theory_rr_async,0.05
5,0.0,0.78,0.22,8,theory_rr_async,0.05
6,0.0,0.745,0.255,8,theory_rr_async,0.05
7,0.0,0.7,0.3,8,theory_rr_async,0.05
8,0.0,0.665,0.335,8,theory_rr_async,0.05
9,0.0,0.63,0.37,8,theory_rr_async,0.05
10,0.0,0.595,0.405,8,theory_rr_async,0.05
11,0.0,0.565,0.435,8,theory_rr_async,0.05
12,0.0,0.535,0.465,8,theory_rr_async,0.05
13,0.0,0.51,0.49,8,theory_rr_async,0.05
14,0.0,0.49,0.51,8,theory_rr_async,0.05
15,0.0,0.47,0.53,8,theory_rr_async,0.05
16,0.0,0.435,0.565,8,theory_rr_async,0.05
17,0.0,0.42,0.58,8,theory_rr_async,0.05
18,0.0,0.415,0.585,8,theory_rr_async,0.05
19,0.0,0.4,0.6,8,theory_rr_async,0.05
20,0.0,0.375,0.625,8,theory_rr_async,0.05
21,0.0,0.355,0.645,8,theory_rr_async,0.05
22,0.0,0.325,0.675,8,theory_rr_async,0.05
23,0.0,0.31,0.69,8,theory_rr_async,0.05
24,0.0,0.295,0.705,8,theory_rr_async,0.05
25,0.0,0.285,0.715,8,theory_rr_async,0.05
26,0.0,0.26,0.74,8,theory_rr_async,0.05
27,0.0,0.255,0.745,8,theory_rr_async,0.05
28,0.0,0.23,0.77,8,theory_rr_async,0.05
29,0.0,0.225,0.775,8,theory_rr_async,0.05
30,0.0,0.215,0.785,8,theory_rr_async,0.05
31,0.0,0.215,0.785,8,theory_rr_async,0.05
32,0.0,0.195,0.805,8,theory_rr_async,0.05
33,0.0,0.19,0.81,8,theory_rr_async,0.05
34,0.0,0.19,0.81,8,theory_rr_async,0.05
35,0.0,0.175,0.825,8,theory_rr_async,0.05
36,0.0,0.17,0.83,8,theory_rr_async,0.05
37,0.0,0.17,0.83,8,theory_rr_async,0.05
38,0.0,0.165,0.835,8,theory_rr_async,0.05
39,0.0,0.16,0.84,8,theory_rr_async,0.05
40,0.0,0.16,0.84,8,theory_rr_async,0.05
41,0.0,0.15,0.85,8,theory_rr_async,0.05
42,0.0,0.14,0.86,8,theory_rr_async,0.05
43,0.0,0.13,0.87,8,theory_rr_async,0.05
44,0.0,0.13,0.87,8,theory_rr_async,0.05
45,0.0,0.12,0.88,8,theory_rr_async,0.05
46,0.0,0.115,0.885,8,theory_rr_async,0.05
47,0.0,0.105,0.895,8,theory_rr_async,0.05
48,0.0,0.095,0.905,8,theory_rr_async,0.05
49,0.0,0.09,0.91,8,theory_rr_async,0.05
50,0.0,0.08,0.92,8,theory_rr_async,0.05
51,0.0,0.08,0.92,8,theory_rr_async,0.05
52,0.0,0.08,0.92,8,theory_rr_async,0.05
53,0.0,0.08,0.92,8,theory_rr_async,0.05
54,0.0,0.075,0.925,8,theory_rr_async,0.05
55,0.0,0.07,0.93,8,theory_rr_async,0.05
56,0.0,0.07,0.93,8,theory_rr_async,0.05
57,0.0,0.07,0.93,8,theory_rr_async,0.05
58,0.0,0.06,0.94,8,theory_rr_async,0.05
59,0.0,0.05,0.95,8,theory_rr_async,0.05
60,0.0,0.05,0.95,8,theory_rr_async,0.05
61,0.0,0.04,0.96,8,theory_rr_async,0.05
62,0.0,0.035,0.965,8,theory_rr_async,0.05
63,0.0,0.03,0.97,8,theory_rr_async,0.05
64,0.0,0.025,0.975,8,theory_rr_async,0.05
65,0.0,0.025,0.975,8,theory_rr_async,0.05
66,0.0,0.025,0.975,8,theory_rr_async,0.05
67,0.0,0.025,0.975,8,theory_rr_async,0.05
68,0.0,0.025,0.975,8,theory_rr_async,0.05
69,0.0,0.025,0.975,8,theory_rr_async,0.05
70,0.0,0.025,0.975,8,theory_rr_async,0.05
71,0.0,0.025,0.975,8,theory_rr_async,0.05
72,0.0,0.025,0.975,8,theory_rr_async,0.05
73,0.0,0.025,0.975,8,theory_rr_async,0.05
74,0.0,0.025,0.975,8,theory_rr_async,0.05
75,0.0,0.025,0.975,8,theory_rr_async,0.05
76,0.0,0.02,0.98,8,theory_rr_async,0.05
77,0.0,0.02,0.98,8,theory_rr_async,0.05
78,0.0,0.02,0.98,8,theory_rr_async,0.05
79,0.0,0.02,0.98,8,theory_rr_async,0.05
80,0.0,0.015,0.985,8,theory_rr_async,0.05
81,0.0,0.015,0.985,8,theory_rr_async,0.05
82,0.0,0.015,0.985,8,theory_rr_async,0.05
83,0.0,0.015,0.985,8,theory_rr_async,0.05
84,0.0,0.015,0.985,8,theory_rr_async,0.05
85,0.0,0.015,0.985,8,theory_rr_async,0.05
86,0.0,0.015,0.985,8,theory_rr_async,0.05
87,0.0,0.015,0.985,8,theory_rr_async,0.05
88,0.0,0.015,0.985,8,theory_rr_async,0.05
89,0.0,0.015,0.985,8,theory_rr_async,0.05
90,0.0,0.015,0.985,8,theory_rr_async,0.05
91,0.0,0.015,0.985,8,theory_rr_async,0.05
92,0.0,0.01,0.99,8,theory_rr_async,0.05
93,0.0,0.01,0.99,8,theory_rr_async,0.05
94,0.0,0.01,0.99,8,theory_rr_async,0.05
95,0.0,0.01,0.99,8,theory_rr_async,0.05
96,0.0,0.01,0.99,8,theory_rr_async,0.05
97,0.0,0.005,0.995,8,theory_rr_async,0.05
98,0.0,0.005,0.995,8,theory_rr_async,0.05
99,0.0,0.005,0.995,8,theory_rr_async,0.05
100,0.0,0.005,0.995,8,theory_rr_async,0.05
0,0.0,1.0,0.0,9,simulation_rr,0.05
1,0.0,0.95,0.05,9,simulation_rr,0.05
2,0.0,0.9,0.1,9,simulation_rr,0.05
3,0.0,0.86,0.14,9,simulation_rr,0.05
4,0.0,0.82,0.18,9,simulation_rr,0.05
5,0.0,0.785,0.215,9,simulation_rr,0.05
6,0.0,0.75,0.25,9,simulation_rr,0.05
7,0.0,0.7,0.3,9,simulation_rr,0.05
8,0.0,0.65,0.35,9,simulation_rr,0.05
9,0.0,0.61,0.39,9,simulation_rr,0.05
10,0.0,0.59,0.41,9,simulation_rr,0.05
11,0.0,0.56,0.44,9,simulation_rr,0.05
12,0.0,0.545,0.455,9,simulation_rr,0.05
13,0.0,0.515,0.485,9,simulation_rr,0.05
14,0.0,0.5,0.5,9,simulation_rr,0.05
15,0.0,0.48,0.52,9,simulation_rr,0.05
16,0.0,0.455,0.545,9,simulation_rr,0.05
17,0.0,0.425,0.575,9,simulation_rr,0.05
18,0.0,0.395,0.605,9,simulation_rr,0.05
19,0.0,0.385,0.615,9,simulation_rr,0.05
20,0.0,0.365,0.635,9,simulation_rr,0.05
21,0.0,0.355,0.645,9,simulation_rr,0.05
22,0.0,0.33,0.67,9,simulation_rr,0.05
23,0.0,0.32,0.68,9,simulation_rr,0.05
24,0.0,0.31,0.69,9,simulation_rr,0.05
25,0.0,0.28,0.72,9,simulation_rr,0.05
26,0.0,0.26,0.74,9,simulation_rr,0.05
27,0.0,0.23,0.77,9,simulation_rr,0.05
28,0.0,0.22,0.78,9,simulation_rr,0.05
29,0.0,0.2,0.8,9,simulation_rr,0.05
30,0.0,0.185,0.815,9,simulation_rr,0.05
31,0.0,0.175,0.825,9,simulation_rr,0.05
32,0.0,0.175,0.825,9,simulation_rr,0.05
33,0.0,0.175,0.825,9,simulation_rr,0.05
34,0.0,0.17,0.83,9,simulation_rr,0.05
35,0.0,0.16,0.84,9,simulation_rr,0.05
36,0.0,0.15,0.85,9,simulation_rr,0.05
37,0.0,0.145,0.855,9,simulation_rr,0.05
38,0.0,0.135,0.865,9,simulation_rr,0.05
39,0.0,0.125,0.875,9,simulation_rr,0.05
40,0.0,0.115,0.885,9,simulation_rr,0.05
41,0.0,0.11,0.89,9,simulation_rr,0.05
42,0.0,0.105,0.895,9,simulation_rr,0.05
43,0.0,0.095,0.905,9,simulation_rr,0.05
44,0.0,0.095,0.905,9,simulation_rr,0.05
45,0.0,0.09,0.91,9,simulation_rr,0.05
46,0.0,0.09,0.91,9,simulation_rr,0.05
47,0.0,0.085,0.915,9,simulation_rr,0.05
48,0.0,0.085,0.915,9,simulation_rr,0.05
49,0.0,0.075,0.925,9,simulation_rr,0.05
50,0.0,0.075,0.925,9,simulation_rr,0.05
51,0.0,0.075,0.925,9,simulation_rr,0.05
52,0.0,0.07,0.93,9,simulation_rr,0.05
53,0.0,0.07,0.93,9,simulation_rr,0.05
54,0.0,0.065,0.935,9,simulation_rr,0.05
55,0.0,0.06,0.94,9,simulation_rr,0.05
56,0.0,0.06,0.94,9,simulation_rr,0.05
57,0.0,0.06,0.94,9,simulation_rr,0.05
58,0.0,0.06,0.94,9,simulation_rr,0.05
59,0.0,0.06,0.94,9,simulation_rr,0.05
0,0.0,1.0,0.0,9,theory_rr,0.05
1,0.0,0.0,1.0,9,theory_rr,0.05
2,0.0,0.0,1.0,9,theory_rr,0.05
3,0.0,0.0,1.0,9,theory_rr,0.05
4,0.0,0.0,1.0,9,theory_rr,0.05
5,0.0,0.0,1.0,9,theory_rr,0.05
6,0.0,0.0,1.0,9,theory_rr,0.05
7,0.0,0.0,1.0,9,theory_rr,0.05
8,0.0,0.0,1.0,9,theory_rr,0.05
9,0.0,0.0,1.0,9,theory_rr,0.05
10,0.0,0.0,1.0,9,theory_rr,0.05
11,0.0,0.0,1.0,9,theory_rr,0.05
12,0.0,0.0,1.0,9,theory_rr,0.05
13,0.0,0.0,1.0,9,theory_rr,0.05
14,0.0,0.0,1.0,9,theory_rr,0.05
15,0.0,0.0,1.0,9,theory_rr,0.05
16,0.0,0.0,1.0,9,theory_rr,0.05
17,0.0,0.0,1.0,9,theory_rr,0.05
18,0.0,0.0,1.0,9,theory_rr,0.05
19,0.0,0.0,1.0,9,theory_rr,0.05
20,0.0,0.0,1.0,9,theory_rr,0.05
21,0.0,0.0,1.0,9,theory_rr,0.05
22,0.0,0.0,1.0,9,theory_rr,0.05
23,0.0,0.0,1.0,9,theory_rr,0.05
24,0.0,0.0,1.0,9,theory_rr,0.05
25,0.0,0.0,1.0,9,theory_rr,0.05
26,0.0,0.0,1.0,9,theory_rr,0.05
27,0.0,0.0,1.0,9,theory_rr,0.05
28,0.0,0.0,1.0,9,theory_rr,0.05
29,0.0,0.0,1.0,9,theory_rr,0.05
30,0.0,0.0,1.0,9,theory_rr,0.05
31,0.0,0.0,1.0,9,theory_rr,0.05
32,0.0,0.0,1.0,9,theory_rr,0.05
33,0.0,0.0,1.0,9,theory_rr,0.05
34,0.0,0.0,1.0,9,theory_rr,0.05
35,0.0,0.0,1.0,9,theory_rr,0.05
36,0.0,0.0,1.0,9,theory_rr,0.05
37,0.0,0.0,1.0,9,theory_rr,0.05
38,0.0,0.0,1.0,9,theory_rr,0.05
39,0.0,0.0,1.0,9,theory_rr,0.05
40,0.0,0.0,1.0,9,theory_rr,0.05
41,0.0,0.0,1.0,9,theory_rr,0.05
42,0.0,0.0,1.0,9,theory_rr,0.05
43,0.0,0.0,1.0,9,theory_rr,0.05
44,0.0,0.0,1.0,9,theory_rr,0.05
45,0.0,0.0,1.0,9,theory_rr,0.05
46,0.0,0.0,1.0,9,theory_rr,0.05
47,0.0,0.0,1.0,9,theory_rr,0.05
48,0.0,0.0,1.0,9,theory_rr,0.05
49,0.0,0.0,1.0,9,theory_rr,0.05
50,0.0,0.0,1.0,9,theory_rr,0.05
51,0.0,0.0,1.0,9,theory_rr,0.05
52,0.0,0.0,1.0,9,theory_rr,0.05
53,0.0,0.0,1.0,9,theory_rr,0.05
54,0.0,0.0,1.0,9,theory_rr,0.05
55,0.0,0.0,1.0,9,theory_rr,0.05
56,0.0,0.0,1.0,9,theory_rr,0.05
57,0.0,0.0,1.0,9,theory_rr,0.05
58,0.0,0.0,1.0,9,theory_rr,0.05
59,0.0,0.0,1.0,9,theory_rr,0.05
60,0.0,0.0,1.0,9,theory_rr,0.05
61,0.0,0.0,1.0,9,theory_rr,0.05
62,0.0,0.0,1.0,9,theory_rr,0.05
63,0.0,0.0,1.0,9,theory_rr,0.05
64,0.0,0.0,1.0,9,theory_rr,0.05
65,0.0,0.0,1.0,9,theory_rr,0.05
66,0.0,0.0,1.0,9,theory_rr,0.05
67,0.0,0.0,1.0,9,theory_rr,0.05
68,0.0,0.0,1.0,9,theory_rr,0.05
69,0.0,0.0,1.0,9,theory_rr,0.05
70,0.0,0.0,1.0,9,theory_rr,0.05
71,0.0,0.0,1.0,9,theory_rr,0.05
72,0.0,0.0,1.0,9,theory_rr,0.05
73,0.0,0.0,1.0,9,theory_rr,0.05
74,0.0,0.0,1.0,9,theory_rr,0.05
75,0.0,0.0,1.0,9,theory_rr,0.05
76,0.0,0.0,1.0,9,theory_rr,0.05
77,0.0,0.0,1.0,9,theory_rr,0.05
78,0.0,0.0,1.0,9,theory_rr,0.05
79,0.0,0.0,1.0,9,theory_rr,0.05
80,0.0,0.0,1.0,9,theory_rr,0.05
81,0.0,0.0,1.0,9,theory_rr,0.05
82,0.0,0.0,1.0,9,theory_rr,0.05
83,0.0,0.0,1.0,9,theory_rr,0.05
84,0.0,0.0,1.0,9,theory_rr,0.05
85,0.0,0.0,1.0,9,theory_rr,0.05
86,0.0,0.0,1.0,9,theory_rr,0.05
87,0.0,0.0,1.0,9,theory_rr,0.05
88,0.0,0.0,1.0,9,theory_rr,0.05
89,0.0,0.0,1.0,9,theory_rr,0.05
90,0.0,0.0,1.0,9,theory_rr,0.05
91,0.0,0.0,1.0,9,theory_rr,0.05
92,0.0,0.0,1.0,9,theory_rr,0.05
93,0.0,0.0,1.0,9,theory_rr,0.05
94,0.0,0.0,1.0,9,theory_rr,0.05
95,0.0,0.0,1.0,9,theory_rr,0.05
96,0.0,0.0,1.0,9,theory_rr,0.05
97,0.0,0.0,1.0,9,theory_rr,0.05
98,0.0,0.0,1.0,9,theory_rr,0.05
99,0.0,0.0,1.0,9,theory_rr,0.05
100,0.0,0.0,1.0,9,theory_rr,0.05
0,0.0,1.0,0.0,9,theory_rr_async,0.05
1,0.0,0.95,0.05,9,theory_rr_async,0.05
2,0.0,0.9,0.1,9,theory_rr_async,0.05
3,0.0,0.86,0.14,9,theory_rr_async,0.05
4,0.0,0.82,0.18,9,theory_rr_async,0.05
5,0.0,0.785,0.215,9,theory_rr_async,0.05
6,0.0,0.75,0.25,9,theory_rr_async,0.05
7,0.0,0.7,0.3,9,theory_rr_async,0.05
8,0.0,0.65,0.35,9,theory_rr_async,0.05
9,0.0,0.61,0.39,9,theory_rr_async,0.05
10,0.0,0.59,0.41,9,theory_rr_async,0.05
11,0.0,0.56,0.44,9,theory_rr_async,0.05
12,0.0,0.545,0.455,9,theory_rr_async,0.05
13,0.0,0.515,0.485,9,theory_rr_async,0.05
14,0.0,0.5,0.5,9,theory_rr_async,0.05
15,0.0,0.48,0.52,9,theory_rr_async,0.05
16,0.0,0.455,0.545,9,theory_rr_async,0.05
17,0.0,0.425,0.575,9,theory_rr_async,0.05
18,0.0,0.395,0.605,9,theory_rr_async,0.05
19,0.0,0.385,0.615,9,theory_rr_async,0.05
20,0.0,0.365,0.635,9,theory_rr_async,0.05
21,0.0,0.355,0.645,9,theory_rr_async,0.05
22,0.0,0.33,0.67,9,theory_rr_async,0.05
23,0.0,0.32,0.68,9,theory_rr_async,0.05
24,0.0,0.31,0.69,9,theory_rr_async,0.05
25,0.0,0.28,0.72,9,theory_rr_async,0.05
26,0.0,0.26,0.74,9,theory_rr_async,0.05
27,0.0,0.23,0.77,9,theory_rr_async,0.05
28,0.0,0.22,0.78,9,theory_rr_async,0.05
29,0.0,0.2,0.8,9,theory_rr_async,0.05
30,0.0,0.185,0.815,9,theory_rr_async,0.05
31,0.0,0.175,0.825,9,theory_rr_async,0.05
32,0.0,0.175,0.825,9,theory_rr_async,0.05
33,0.0,0.175,0.825,9,theory_rr_async,0.05
34,0.0,0.17,0.83,9,theory_rr_async,0.05
35,0.0,0.16,0.84,9,theory_rr_async,0.05
36,0.0,0.15,0.85,9,theory_rr_async,0.05
37,0.0,0.145,0.855,9,theory_rr_async,0.05
38,0.0,0.135,0.865,9,theory_rr_async,0.05
39,0.0,0.125,0.875,9,theory_rr_async,0.05
40,0.0,0.115,0.885,9,theory_rr_async,0.05
41,0.0,0.11,0.89,9,theory_rr_async,0.05
42,0.0,0.105,0.895,9,theory_rr_async,0.05
43,0.0,0.095,0.905,9,theory_rr_async,0.05
44,0.0,0.095,0.905,9,theory_rr_async,0.05
45,0.0,0.09,0.91,9,theory_rr_async,0.05
46,0.0,0.09,0.91,9,theory_rr_async,0.05
47,0.0,0.085,0.915,9,theory_rr_async,0.05
48,0.0,0.085,0.915,9,theory_rr_async,0.05
49,0.0,0.075,0.925,9,theory_rr_async,0.05
50,0.0,0.075,0.925,9,theory_rr_async,0.05
51,0.0,0.075,0.925,9,theory_rr_async,0.05
52,0.0,0.07,0.93,9,theory_rr_async,0.05
53,0.0,0.07,0.93,9,theory_rr_async,0.05
54,0.0,0.065,0.935,9,theory_rr_async,0.05
55,0.0,0.06,0.94,9,theory_rr_async,0.05
56,0.0,0.06,0.94,9,theory_rr_async,0.05
57,0.0,0.06,0.94,9,theory_rr_async,0.05
58,0.0,0.06,0.94,9,theory_rr_async,0.05
59,0.0,0.06,0.94,9,theory_rr_async,0.05
60,0.0,0.06,0.94,9,theory_rr_async,0.05
61,0.0,0.06,0.94,9,theory_rr_async,0.05
62,0.0,0.06,0.94,9,theory_rr_async,0.05
63,0.0,0.06,0.94,9,theory_rr_async,0.05
64,0.0,0.055,0.945,9,theory_rr_async,0.05
65,0.0,0.05,0.95,9,theory_rr_async,0.05
66,0.0,0.045,0.955,9,theory_rr_async,0.05
67,0.0,0.04,0.96,9,theory_rr_async,0.05
68,0.0,0.035,0.965,9,theory_rr_async,0.05
69,0.0,0.025,0.975,9,theory_rr_async,0.05
70,0.0,0.025,0.975,9,theory_rr_async,0.05
71,0.0,0.025,0.975,9,theory_rr_async,0.05
72,0.0,0.025,0.975,9,theory_rr_async,0.05
73,0.0,0.025,0.975,9,theory_rr_async,0.05
74,0.0,0.02,0.98,9,theory_rr_async,0.05
75,0.0,0.02,0.98,9,theory_rr_async,0.05
76,0.0,0.02,0.98,9,theory_rr_async,0.05
77,0.0,0.02,0.98,9,theory_rr_async,0.05
78,0.0,0.02,0.98,9,theory_rr_async,0.05
79,0.0,0.01,0.99,9,theory_rr_async,0.05
80,0.0,0.01,0.99,9,theory_rr_async,0.05
81,0.0,0.01,0.99,9,theory_rr_async,0.05
82,0.0,0.01,0.99,9,theory_rr_async,0.05
83,0.0,0.01,0.99,9,theory_rr_async,0.05
84,0.0,0.01,0.99,9,theory_rr_async,0.05
85,0.0,0.01,0.99,9,theory_rr_async,0.05
86,0.0,0.01,0.99,9,theory_rr_async,0.05
87,0.0,0.01,0.99,9,theory_rr_async,0.05
88,0.0,0.01,0.99,9,theory_rr_async,0.05
89,0.0,0.01,0.99,9,theory_rr_async,0.05
90,0.0,0.0,1.0,9,theory_rr_async,0.05
91,0.0,0.0,1.0,9,theory_rr_async,0.05
92,0.0,0.0,1.0,9,theory_rr_async,0.05
93,0.0,0.0,1.0,9,theory_rr_async,0.05
94,0.0,0.0,1.0,9,theory_rr_async,0.05
95,0.0,0.0,1.0,9,theory_rr_async,0.05
96,0.0,0.0,1.0,9,theory_rr_async,0.05
97,0.0,0.0,1.0,9,theory_rr_async,0.05
98,0.0,0.0,1.0,9,theory_rr_async,0.05
99,0.0,0.0,1.0,9,theory_rr_async,0.05
100,0.0,0.0,1.0,9,theory_rr_async,0.05
0,0.0,1.0,0.0,10,simulation_rr,0.05
1,0.0,0.95,0.05,10,simulation_rr,0.05
2,0.0,0.9,0.1,10,simulation_rr,0.05
3,0.0,0.86,0.14,10,simulation_rr,0.05
4,0.0,0.83,0.17,10,simulation_rr,0.05
5,0.0,0.78,0.22,10,simulation_rr,0.05
6,0.0,0.74,0.26,10,simulation_rr,0.05
7,0.0,0.72,0.28,10,simulation_rr,0.05
8,0.0,0.69,0.31,10,simulation_rr,0.05
9,0.0,0.64,0.36,10,simulation_rr,0.05
10,0.0,0.61,0.39,10,simulation_rr,0.05
11,0.0,0.585,0.415,10,simulation_rr,0.05
12,0.0,0.57,0.43,10,simulation_rr,0.05
13,0.0,0.545,0.455,10,simulation_rr,0.05
14,0.0,0.51,0.49,10,simulation_rr,0.05
15,0.0,0.485,0.515,10,simulation_rr,0.05
16,0.0,0.455,0.545,10,simulation_rr,0.05
17,0.0,0.44,0.56,10,simulation_rr,0.05
18,0.0,0.42,0.58,10,simulation_rr,0.05
19,0.0,0.405,0.595,10,simulation_rr,0.05
20,0.0,0.39,0.61,10,simulation_rr,0.05
21,0.0,0.375,0.625,10,simulation_rr,0.05
22,0.0,0.35,0.65,10,simulation_rr,0.05
23,0.0,0.34,0.66,10,simulation_rr,0.05
24,0.0,0.34,0.66,10,simulation_rr,0.05
25,0.0,0.325,0.675,10,simulation_rr,0.05
26,0.0,0.315,0.685,10,simulation_rr,0.05
27,0.0,0.295,0.705,10,simulation_rr,0.05
28,0.0,0.275,0.725,10,simulation_rr,0.05
29,0.0,0.265,0.735,10,simulation_rr,0.05
30,0.0,0.25,0.75,10,simulation_rr,0.05
31,0.0,0.235,0.765,10,simulation_rr,0.05
32,0.0,0.225,0.775,10,simulation_rr,0.05
33,0.0,0.21,0.79,10,simulation_rr,0.05
34,0.0,0.205,0.795,10,simulation_rr,0.05
35,0.0,0.195,0.805,10,simulation_rr,0.05
36,0.0,0.17,0.83,10,simulation_rr,0.05
37,0.0,0.165,0.835,10,simulation_rr,0.05
38,0.0,0.155,0.845,10,simulation_rr,0.05
39,0.0,0.15,0.85,10,simulation_rr,0.05
40,0.0,0.14,0.86,10,simulation_rr,0.05
41,0.0,0.12,0.88,10,simulation_rr,0.05
42,0.0,0.115,0.885,10,simulation_rr,0.05
43,0.0,0.105,0.895,10,simulation_rr,0.05
44,0.0,0.1,0.9,10,simulation_rr,0.05
45,0.0,0.09,0.91,10,simulation_rr,0.05
46,0.0,0.09,0.91,10,simulation_rr,0.05
47,0.0,0.09,0.91,10,simulation_rr,0.05
48,0.0,0.09,0.91,10,simulation_rr,0.05
49,0.0,0.085,0.915,10,simulation_rr,0.05
50,0.0,0.08,0.92,10,simulation_rr,0.05
51,0.0,0.07,0.93,10,simulation_rr,0.05
52,0.0,0.06,0.94,10,simulation_rr,0.05
53,0.0,0.06,0.94,10,simulation_rr,0.05
54,0.0,0.05,0.95,10,simulation_rr,0.05
55,0.0,0.045,0.955,10,simulation_rr,0.05
56,0.0,0.045,0.955,10,simulation_rr,0.05
57,0.0,0.045,0.955,10,simulation_rr,0.05
58,0.0,0.045,0.955,10,simulation_rr,0.05
59,0.0,0.035,0.965,10,simulation_rr,0.05
60,0.0,0.035,0.965,10,simulation_rr,0.05
61,0.0,0.035,0.965,10,simulation_rr,0.05
62,0.0,0.03,0.97,10,simulation_rr,0.05
63,0.0,0.03,0.97,10,simulation_rr,0.05
64,0.0,0.03,0.97,10,simulation_rr,0.05
65,0.0,0.03,0.97,10,simulation_rr,0.05
66,0.0,0.03,0.97,10,simulation_rr,0.05
0,0.0,1.0,0.0,10,theory_rr,0.05
1,0.0,0.0,1.0,10,theory_rr,0.05
2,0.0,0.0,1.0,10,theory_rr,0.05
3,0.0,0.0,1.0,10,theory_rr,0.05
4,0.0,0.0,1.0,10,theory_rr,0.05
5,0.0,0.0,1.0,10,theory_rr,0.05
6,0.0,0.0,1.0,10,theory_rr,0.05
7,0.0,0.0,1.0,10,theory_rr,0.05
8,0.0,0.0,1.0,10,theory_rr,0.05
9,0.0,0.0,1.0,10,theory_rr,0.05
10,0.0,0.0,1.0,10,theory_rr,0.05
11,0.0,0.0,1.0,10,theory_rr,0.05
12,0.0,0.0,1.0,10,theory_rr,0.05
13,0.0,0.0,1.0,10,theory_rr,0.05
14,0.0,0.0,1.0,10,theory_rr,0.05
15,0.0,0.0,1.0,10,theory_rr,0.05
16,0.0,0.0,1.0,10,theory_rr,0.05
17,0.0,0.0,1.0,10,theory_rr,0.05
18,0.0,0.0,1.0,10,theory_rr,0.05
19,0.0,0.0,1.0,10,theory_rr,0.05
20,0.0,0.0,1.0,10,theory_rr,0.05
21,0.0,0.0,1.0,10,theory_rr,0.05
22,0.0,0.0,1.0,10,theory_rr,0.05
23,0.0,0.0,1.0,10,theory_rr,0.05
24,0.0,0.0,1.0,10,theory_rr,0.05
25,0.0,0.0,1.0,10,theory_rr,0.05
26,0.0,0.0,1.0,10,theory_rr,0.05
27,0.0,0.0,1.0,10,theory_rr,0.05
28,0.0,0.0,1.0,10,theory_rr,0.05
29,0.0,0.0,1.0,10,theory_rr,0.05
30,0.0,0.0,1.0,10,theory_rr,0.05
31,0.0,0.0,1.0,10,theory_rr,0.05
32,0.0,0.0,1.0,10,theory_rr,0.05
33,0.0,0.0,1.0,10,theory_rr,0.05
34,0.0,0.0,1.0,10,theory_rr,0.05
35,0.0,0.0,1.0,10,theory_rr,0.05
36,0.0,0.0,1.0,10,theory_rr,0.05
37,0.0,0.0,1.0,10,theory_rr,0.05
38,0.0,0.0,1.0,10,theory_rr,0.05
39,0.0,0.0,1.0,10,theory_rr,0.05
40,0.0,0.0,1.0,10,theory_rr,0.05
41,0.0,0.0,1.0,10,theory_rr,0.05
42,0.0,0.0,1.0,10,theory_rr,0.05
43,0.0,0.0,1.0,10,theory_rr,0.05
44,0.0,0.0,1.0,10,theory_rr,0.05
45,0.0,0.0,1.0,10,theory_rr,0.05
46,0.0,0.0,1.0,10,theory_rr,0.05
47,0.0,0.0,1.0,10,theory_rr,0.05
48,0.0,0.0,1.0,10,theory_rr,0.05
49,0.0,0.0,1.0,10,theory_rr,0.05
50,0.0,0.0,1.0,10,theory_rr,0.05
51,0.0,0.0,1.0,10,theory_rr,0.05
52,0.0,0.0,1.0,10,theory_rr,0.05
53,0.0,0.0,1.0,10,theory_rr,0.05
54,0.0,0.0,1.0,10,theory_rr,0.05
55,0.0,0.0,1.0,10,theory_rr,0.05
56,0.0,0.0,1.0,10,theory_rr,0.05
57,0.0,0.0,1.0,10,theory_rr,0.05
58,0.0,0.0,1.0,10,theory_rr,0.05
59,0.0,0.0,1.0,10,theory_rr,0.05
60,0.0,0.0,1.0,10,theory_rr,0.05
61,0.0,0.0,1.0,10,theory_rr,0.05
62,0.0,0.0,1.0,10,theory_rr,0.05
63,0.0,0.0,1.0,10,theory_rr,0.05
64,0.0,0.0,1.0,10,theory_rr,0.05
65,0.0,0.0,1.0,10,theory_rr,0.05
66,0.0,0.0,1.0,10,theory_rr,0.05
67,0.0,0.0,1.0,10,theory_rr,0.05
68,0.0,0.0,1.0,10,theory_rr,0.05
69,0.0,0.0,1.0,10,theory_rr,0.05
70,0.0,0.0,1.0,10,theory_rr,0.05
71,0.0,0.0,1.0,10,theory_rr,0.05
72,0.0,0.0,1.0,10,theory_rr,0.05
73,0.0,0.0,1.0,10,theory_rr,0.05
74,0.0,0.0,1.0,10,theory_rr,0.05
75,0.0,0.0,1.0,10,theory_rr,0.05
76,0.0,0.0,1.0,10,theory_rr,0.05
77,0.0,0.0,1.0,10,theory_rr,0.05
78,0.0,0.0,1.0,10,theory_rr,0.05
79,0.0,0.0,1.0,10,theory_rr,0.05
80,0.0,0.0,1.0,10,theory_rr,0.05
81,0.0,0.0,1.0,10,theory_rr,0.05
82,0.0,0.0,1.0,10,theory_rr,0.05
83,0.0,0.0,1.0,10,theory_rr,0.05
84,0.0,0.0,1.0,10,theory_rr,0.05
85,0.0,0.0,1.0,10,theory_rr,0.05
86,0.0,0.0,1.0,10,theory_rr,0.05
87,0.0,0.0,1.0,10,theory_rr,0.05
88,0.0,0.0,1.0,10,theory_rr,0.05
89,0.0,0.0,1.0,10,theory_rr,0.05
90,0.0,0.0,1.0,10,theory_rr,0.05
91,0.0,0.0,1.0,10,theory_rr,0.05
92,0.0,0.0,1.0,10,theory_rr,0.05
93,0.0,0.0,1.0,10,theory_rr,0.05
94,0.0,0.0,1.0,10,theory_rr,0.05
95,0.0,0.0,1.0,10,theory_rr,0.05
96,0.0,0.0,1.0,10,theory_rr,0.05
97,0.0,0.0,1.0,10,theory_rr,0.05
98,0.0,0.0,1.0,10,theory_rr,0.05
99,0.0,0.0,1.0,10,theory_rr,0.05
100,0.0,0.0,1.0,10,theory_rr,0.05
0,0.0,1.0,0.0,10,theory_rr_async,0.05
1,0.0,0.95,0.05,10,theory_rr_async,0.05
2,0.0,0.9,0.1,10,theory_rr_async,0.05
3,0.0,0.86,0.14,10,theory_rr_async,0.05
4,0.0,0.83,0.17,10,theory_rr_async,0.05
5,0.0,0.78,0.22,10,theory_rr_async,0.05
6,0.0,0.74,0.26,10,theory_rr_async,0.05
7,0.0,0.72,0.28,10,theory_rr_async,0.05
8,0.0,0.69,0.31,10,theory_rr_async,0.05
9,0.0,0.64,0.36,10,theory_rr_async,0.05
10,0.0,0.61,0.39,10,theory_rr_async,0.05
11,0.0,0.585,0.415,10,theory_rr_async,0.05
12,0.0,0.57,0.43,10,theory_rr_async,0.05
13,0.0,0.545,0.455,10,theory_rr_async,0.05
14,0.0,0.51,0.49,10,theory_rr_async,0.05
15,0.0,0.485,0.515,10,theory_rr_async,0.05
16,0.0,0.455,0.545,10,theory_rr_async,0.05
17,0.0,0.44,0.56,10,theory_rr_async,0.05
18,0.0,0.42,0.58,10,theory_rr_async,0.05
19,0.0,0.405,0.595,10,theory_rr_async,0.05
20,0.0,0.39,0.61,10,theory_rr_async,0.05
21,0.0,0.375,0.625,10,theory_rr_async,0.05
22,0.0,0.35,0.65,10,theory_rr_async,0.05
23,0.0,0.34,0.66,10,theory_rr_async,0.05
24,0.0,0.34,0.66,10,theory_rr_async,0.05
25,0.0,0.325,0.675,10,theory_rr_async,0.05
26,0.0,0.315,0.685,10,theory_rr_async,0.05
27,0.0,0.295,0.705,10,theory_rr_async,0.05
28,0.0,0.275,0.725,10,theory_rr_async,0.05
29,0.0,0.265,0.735,10,theory_rr_async,0.05
30,0.0,0.25,0.75,10,theory_rr_async,0.05
31,0.0,0.235,0.765,10,theory_rr_async,0.05
32,0.0,0.225,0.775,10,theory_rr_async,0.05
33,0.0,0.21,0.79,10,theory_rr_async,0.05
34,0.0,0.205,0.795,10,theory_rr_async,0.05
35,0.0,0.195,0.805,10,theory_rr_async,0.05
36,0.0,0.17,0.83,10,theory_rr_async,0.05
37,0.0,0.165,0.835,10,theory_rr_async,0.05
38,0.0,0.155,0.845,10,theory_rr_async,0.05
39,0.0,0.15,0.85,10,theory_rr_async,0.05
40,0.0,0.14,0.86,10,theory_rr_async,0.05
41,0.0,0.12,0.88,10,theory_rr_async,0.05
42,0.0,0.115,0.885,10,theory_rr_async,0.05
43,0.0,0.105,0.895,10,theory_rr_async,0.05
44,0.0,0.1,0.9,10,theory_rr_async,0.05
45,0.0,0.09,0.91,10,theory_rr_async,0.05
46,0.0,0.09,0.91,10,theory_rr_async,0.05
47,0.0,0.09,0.91,10,theory_rr_async,0.05
48,0.0,0.09,0.91,10,theory_rr_async,0.05
49,0.0,0.085,0.915,10,theory_rr_async,0.05
50,0.0,0.08,0.92,10,theory_rr_async,0.05
51,0.0,0.07,0.93,10,theory_rr_async,0.05
52,0.0,0.06,0.94,10,theory_rr_async,0.05
53,0.0,0.06,0.94,10,theory_rr_async,0.05
54,0.0,0.05,0.95,10,theory_rr_async,0.05
55,0.0,0.045,0.955,10,theory_rr_async,0.05
56,0.0,0.045,0.955,10,theory_rr_async,0.05
57,0.0,0.045,0.955,10,theory_rr_async,0.05
58,0.0,0.045,0.955,10,theory_rr_async,0.05
59,0.0,0.035,0.965,10,theory_rr_async,0.05
60,0.0,0.035,0.965,10,theory_rr_async,0.05
61,0.0,0.035,0.965,10,theory_rr_async,0.05
62,0.0,0.03,0.97,10,theory_rr_async,0.05
63,0.0,0.03,0.97,10,theory_rr_async,0.05
64,0.0,0.03,0.97,10,theory_rr_async,0.05
65,0.0,0.03,0.97,10,theory_rr_async,0.05
66,0.0,0.03,0.97,10,theory_rr_async,0.05
67,0.0,0.03,0.97,10,theory_rr_async,0.05
68,0.0,0.03,0.97,10,theory_rr_async,0.05
69,0.0,0.03,0.97,10,theory_rr_async,0.05
70,0.0,0.03,0.97,10,theory_rr_async,0.05
71,0.0,0.025,0.975,10,theory_rr_async,0.05
72,0.0,0.025,0.975,10,theory_rr_async,0.05
73,0.0,0.025,0.975,10,theory_rr_async,0.05
74,0.0,0.025,0.975,10,theory_rr_async,0.05
75,0.0,0.025,0.975,10,theory_rr_async,0.05
76,0.0,0.025,0.975,10,theory_rr_async,0.05
77,0.0,0.025,0.975,10,theory_rr_async,0.05
78,0.0,0.02,0.98,10,theory_rr_async,0.05
79,0.0,0.02,0.98,10,theory_rr_async,0.05
80,0.0,0.02,0.98,10,theory_rr_async,0.05
81,0.0,0.02,0.98,10,theory_rr_async,0.05
82,0.0,0.02,0.98,10,theory_rr_async,0.05
83,0.0,0.02,0.98,10,theory_rr_async,0.05
84,0.0,0.02,0.98,10,theory_rr_async,0.05
85,0.0,0.02,0.98,10,theory_rr_async,0.05
86,0.0,0.02,0.98,10,theory_rr_async,0.05
87,0.0,0.015,0.985,10,theory_rr_async,0.05
88,0.0,0.015,0.985,10,theory_rr_async,0.05
89,0.0,0.015,0.985,10,theory_rr_async,0.05
90,0.0,0.015,0.985,10,theory_rr_async,0.05
91,0.0,0.015,0.985,10,theory_rr_async,0.05
92,0.0,0.01,0.99,10,theory_rr_async,0.05
93,0.0,0.01,0.99,10,theory_rr_async,0.05
94,0.0,0.01,0.99,10,theory_rr_async,0.05
95,0.0,0.01,0.99,10,theory_rr_async,0.05
96,0.0,0.01,0.99,10,theory_rr_async,0.05
97,0.0,0.01,0.99,10,theory_rr_async,0.05
98,0.0,0.01,0.99,10,theory_rr_async,0.05
99,0.0,0.01,0.99,10,theory_rr_async,0.05
100,0.0,0.01,0.99,10,theory_rr_async,0.05
0,0.0,1.0,0.0,11,simulation_rr,0.05
1,0.0,0.95,0.05,11,simulation_rr,0.05
2,0.0,0.9,0.1,11,simulation_rr,0.05
3,0.0,0.85,0.15,11,simulation_rr,0.05
4,0.0,0.815,0.185,11,simulation_rr,0.05
5,0.0,0.775,0.225,11,simulation_rr,0.05
6,0.0,0.735,0.265,11,simulation_rr,0.05
7,0.0,0.695,0.305,11,simulation_rr,0.05
8,0.0,0.65,0.35,11,simulation_rr,0.05
9,0.0,0.615,0.385,11,simulation_rr,0.05
10,0.0,0.58,0.42,11,simulation_rr,0.05
11,0.0,0.545,0.455,11,simulation_rr,0.05
12,0.0,0.505,0.495,11,simulation_rr,0.05
13,0.0,0.48,0.52,11,simulation_rr,0.05
14,0.0,0.47,0.53,11,simulation_rr,0.05
15,0.0,0.455,0.545,11,simulation_rr,0.05
16,0.0,0.435,0.565,11,simulation_rr,0.05
17,0.0,0.435,0.565,11,simulation_rr,0.05
18,0.0,0.42,0.58,11,simulation_rr,0.05
19,0.0,0.4,0.6,11,simulation_rr,0.05
20,0.0,0.37,0.63,11,simulation_rr,0.05
21,0.0,0.365,0.635,11,simulation_rr,0.05
22,0.0,0.335,0.665,11,simulation_rr,0.05
23,0.0,0.32,0.68,11,simulation_rr,0.05
24,0.0,0.305,0.695,11,simulation_rr,0.05
25,0.0,0.28,0.72,11,simulation_rr,0.05
26,0.0,0.275,0.725,11,simulation_rr,0.05
27,0.0,0.265,0.735,11,simulation_rr,0.05
28,0.0,0.25,0.75,11,simulation_rr,0.05
29,0.0,0.23,0.77,11,simulation_rr,0.05
30,0.0,0.22,0.78,11,simulation_rr,0.05
31,0.0,0.205,0.795,11,simulation_rr,0.05
32,0.0,0.2,0.8,11,simulation_rr,0.05
33,0.0,0.185,0.815,11,simulation_rr,0.05
34,0.0,0.18,0.82,11,simulation_rr,0.05
35,0.0,0.175,0.825,11,simulation_rr,0.05
36,0.0,0.17,0.83,11,simulation_rr,0.05
37,0.0,0.17,0.83,11,simulation_rr,0.05
38,0.0,0.17,0.83,11,simulation_rr,0.05
39,0.0,0.17,0.83,11,simulation_rr,0.05
40,0.0,0.165,0.835,11,simulation_rr,0.05
41,0.0,0.15,0.85,11,simulation_rr,0.05
42,0.0,0.15,0.85,11,simulation_rr,0.05
43,0.0,0.145,0.855,11,simulation_rr,0.05
44,0.0,0.145,0.855,11,simulation_rr,0.05
45,0.0,0.145,0.855,11,simulation_rr,0.05
46,0.0,0.135,0.865,11,simulation_rr,0.05
47,0.0,0.13,0.87,11,simulation_rr,0.05
48,0.0,0.125,0.875,11,simulation_rr,0.05
49,0.0,0.125,0.875,11,simulation_rr,0.05
50,0.0,0.115,0.885,11,simulation_rr,0.05
51,0.0,0.105,0.895,11,simulation_rr,0.05
52,0.0,0.105,0.895,11,simulation_rr,0.05
53,0.0,0.1,0.9,11,simulation_rr,0.05
54,0.0,0.09,0.91,11,simulation_rr,0.05
55,0.0,0.09,0.91,11,simulation_rr,0.05
56,0.0,0.085,0.915,11,simulation_rr,0.05
57,0.0,0.075,0.925,11,simulation_rr,0.05
58,0.0,0.07,0.93,11,simulation_rr,0.05
59,0.0,0.06,0.94,11,simulation_rr,0.05
60,0.0,0.055,0.945,11,simulation_rr,0.05
61,0.0,0.05,0.95,11,simulation_rr,0.05
62,0.0,0.05,0.95,11,simulation_rr,0.05
63,0.0,0.045,0.955,11,simulation_rr,0.05
64,0.0,0.04,0.96,11,simulation_rr,0.05
65,0.0,0.04,0.96,11,simulation_rr,0.05
66,0.0,0.04,0.96,11,simulation_rr,0.05
67,0.0,0.04,0.96,11,simulation_rr,0.05
68,0.0,0.04,0.96,11,simulation_rr,0.05
0,0.0,1.0,0.0,11,theory_rr,0.05
1,0.0,0.0,1.0,11,theory_rr,0.05
2,0.0,0.0,1.0,11,theory_rr,0.05
3,0.0,0.0,1.0,11,theory_rr,0.05
4,0.0,0.0,1.0,11,theory_rr,0.05
5,0.0,0.0,1.0,11,theory_rr,0.05
6,0.0,0.0,1.0,11,theory_rr,0.05
7,0.0,0.0,1.0,11,theory_rr,0.05
8,0.0,0.0,1.0,11,theory_rr,0.05
9,0.0,0.0,1.0,11,theory_rr,0.05
10,0.0,0.0,1.0,11,theory_rr,0.05
11,0.0,0.0,1.0,11,theory_rr,0.05
12,0.0,0.0,1.0,11,theory_rr,0.05
13,0.0,0.0,1.0,11,theory_rr,0.05
14,0.0,0.0,1.0,11,theory_rr,0.05
15,0.0,0.0,1.0,11,theory_rr,0.05
16,0.0,0.0,1.0,11,theory_rr,0.05
17,0.0,0.0,1.0,11,theory_rr,0.05
18,0.0,0.0,1.0,11,theory_rr,0.05
19,0.0,0.0,1.0,11,theory_rr,0.05
20,0.0,0.0,1.0,11,theory_rr,0.05
21,0.0,0.0,1.0,11,theory_rr,0.05
22,0.0,0.0,1.0,11,theory_rr,0.05
23,0.0,0.0,1.0,11,theory_rr,0.05
24,0.0,0.0,1.0,11,theory_rr,0.05
25,0.0,0.0,1.0,11,theory_rr,0.05
26,0.0,0.0,1.0,11,theory_rr,0.05
27,0.0,0.0,1.0,11,theory_rr,0.05
28,0.0,0.0,1.0,11,theory_rr,0.05
29,0.0,0.0,1.0,11,theory_rr,0.05
30,0.0,0.0,1.0,11,theory_rr,0.05
31,0.0,0.0,1.0,11,theory_rr,0.05
32,0.0,0.0,1.0,11,theory_rr,0.05
33,0.0,0.0,1.0,11,theory_rr,0.05
34,0.0,0.0,1.0,11,theory_rr,0.05
35,0.0,0.0,1.0,11,theory_rr,0.05
36,0.0,0.0,1.0,11,theory_rr,0.05
37,0.0,0.0,1.0,11,theory_rr,0.05
38,0.0,0.0,1.0,11,theory_rr,0.05
39,0.0,0.0,1.0,11,theory_rr,0.05
40,0.0,0.0,1.0,11,theory_rr,0.05
41,0.0,0.0,1.0,11,theory_rr,0.05
42,0.0,0.0,1.0,11,theory_rr,0.05
43,0.0,0.0,1.0,11,theory_rr,0.05
44,0.0,0.0,1.0,11,theory_rr,0.05
45,0.0,0.0,1.0,11,theory_rr,0.05
46,0.0,0.0,1.0,11,theory_rr,0.05
47,0.0,0.0,1.0,11,theory_rr,0.05
48,0.0,0.0,1.0,11,theory_rr,0.05
49,0.0,0.0,1.0,11,theory_rr,0.05
50,0.0,0.0,1.0,11,theory_rr,0.05
51,0.0,0.0,1.0,11,theory_rr,0.05
52,0.0,0.0,1.0,11,theory_rr,0.05
53,0.0,0.0,1.0,11,theory_rr,0.05
54,0.0,0.0,1.0,11,theory_rr,0.05
55,0.0,0.0,1.0,11,theory_rr,0.05
56,0.0,0.0,1.0,11,theory_rr,0.05
57,0.0,0.0,1.0,11,theory_rr,0.05
58,0.0,0.0,1.0,11,theory_rr,0.05
59,0.0,0.0,1.0,11,theory_rr,0.05
60,0.0,0.0,1.0,11,theory_rr,0.05
61,0.0,0.0,1.0,11,theory_rr,0.05
62,0.0,0.0,1.0,11,theory_rr,0.05
63,0.0,0.0,1.0,11,theory_rr,0.05
64,0.0,0.0,1.0,11,theory_rr,0.05
65,0.0,0.0,1.0,11,theory_rr,0.05
66,0.0,0.0,1.0,11,theory_rr,0.05
67,0.0,0.0,1.0,11,theory_rr,0.05
68,0.0,0.0,1.0,11,theory_rr,0.05
69,0.0,0.0,1.0,11,theory_rr,0.05
70,0.0,0.0,1.0,11,theory_rr,0.05
71,0.0,0.0,1.0,11,theory_rr,0.05
72,0.0,0.0,1.0,11,theory_rr,0.05
73,0.0,0.0,1.0,11,theory_rr,0.05
74,0.0,0.0,1.0,11,theory_rr,0.05
75,0.0,0.0,1.0,11,theory_rr,0.05
76,0.0,0.0,1.0,11,theory_rr,0.05
77,0.0,0.0,1.0,11,theory_rr,0.05
78,0.0,0.0,1.0,11,theory_rr,0.05
79,0.0,0.0,1.0,11,theory_rr,0.05
80,0.0,0.0,1.0,11,theory_rr,0.05
81,0.0,0.0,1.0,11,theory_rr,0.05
82,0.0,0.0,1.0,11,theory_rr,0.05
83,0.0,0.0,1.0,11,theory_rr,0.05
84,0.0,0.0,1.0,11,theory_rr,0.05
85,0.0,0.0,1.0,11,theory_rr,0.05
86,0.0,0.0,1.0,11,theory_rr,0.05
87,0.0,0.0,1.0,11,theory_rr,0.05
88,0.0,0.0,1.0,11,theory_rr,0.05
89,0.0,0.0,1.0,11,theory_rr,0.05
90,0.0,0.0,1.0,11,theory_rr,0.05
91,0.0,0.0,1.0,11,theory_rr,0.05
92,0.0,0.0,1.0,11,theory_rr,0.05
93,0.0,0.0,1.0,11,theory_rr,0.05
94,0.0,0.0,1.0,11,theory_rr,0.05
95,0.0,0.0,1.0,11,theory_rr,0.05
96,0.0,0.0,1.0,11,theory_rr,0.05
97,0.0,0.0,1.0,11,theory_rr,0.05
98,0.0,0.0,1.0,11,theory_rr,0.05
99,0.0,0.0,1.0,11,theory_rr,0.05
100,0.0,0.0,1.0,11,theory_rr,0.05
0,0.0,1.0,0.0,11,theory_rr_async,0.05
1,0.0,0.95,0.05,11,theory_rr_async,0.05
2,0.0,0.9,0.1,11,theory_rr_async,0.05
3,0.0,0.85,0.15,11,theory_rr_async,0.05
4,0.0,0.815,0.185,11,theory_rr_async,0.05
5,0.0,0.775,0.225,11,theory_rr_async,0.05
6,0.0,0.735,0.265,11,theory_rr_async,0.05
7,0.0,0.695,0.305,11,theory_rr_async,0.05
8,0.0,0.65,0.35,11,theory_rr_async,0.05
9,0.0,0.615,0.385,11,theory_rr_async,0.05
10,0.0,0.58,0.42,11,theory_rr_async,0.05
11,0.0,0.545,0.455,11,theory_rr_async,0.05
12,0.0,0.505,0.495,11,theory_rr_async,0.05
13,0.0,0.48,0.52,11,theory_rr_async,0.05
14,0.0,0.47,0.53,11,theory_rr_async,0.05
15,0.0,0.455,0.545,11,theory_rr_async,0.05
16,0.0,0.435,0.565,11,theory_rr_async,0.05
17,0.0,0.435,0.565,11,theory_rr_async,0.05
18,0.0,0.42,0.58,11,theory_rr_async,0.05
19,0.0,0.4,0.6,11,theory_rr_async,0.05
20,0.0,0.37,0.63,11,theory_rr_async,0.05
21,0.0,0.365,0.635,11,theory_rr_async,0.05
22,0.0,0.335,0.665,11,theory_rr_async,0.05
23,0.0,0.32,0.68,11,theory_rr_async,0.05
24,0.0,0.305,0.695,11,theory_rr_async,0.05
25,0.0,0.28,0.72,11,theory_rr_async,0.05
26,0.0,0.275,0.725,11,theory_rr_async,0.05
27,0.0,0.265,0.735,11,theory_rr_async,0.05
28,0.0,0.25,0.75,11,theory_rr_async,0.05
29,0.0,0.23,0.77,11,theory_rr_async,0.05
30,0.0,0.22,0.78,11,theory_rr_async,0.05
31,0.0,0.205,0.795,11,theory_rr_async,0.05
32,0.0,0.2,0.8,11,theory_rr_async,0.05
33,0.0,0.185,0.815,11,theory_rr_async,0.05
34,0.0,0.18,0.82,11,theory_rr_async,0.05
35,0.0,0.175,0.825,11,theory_rr_async,0.05
36,0.0,0.17,0.83,11,theory_rr_async,0.05
37,0.0,0.17,0.83,11,theory_rr_async,0.05
38,0.0,0.17,0.83,11,theory_rr_async,0.05
39,0.0,0.17,0.83,11,theory_rr_async,0.05
40,0.0,0.165,0.835,11,theory_rr_async,0.05
41,0.0,0.15,0.85,11,theory_rr_async,0.05
42,0.0,0.15,0.85,11,theory_rr_async,0.05
43,0.0,0.145,0.855,11,theory_rr_async,0.05
44,0.0,0.145,0.855,11,theory_rr_async,0.05
45,0.0,0.145,0.855,11,theory_rr_async,0.05
46,0.0,0.135,0.865,11,theory_rr_async,0.05
47,0.0,0.13,0.87,11,theory_rr_async,0.05
48,0.0,0.125,0.875,11,theory_rr_async,0.05
49,0.0,0.125,0.875,11,theory_rr_async,0.05
50,0.0,0.115,0.885,11,theory_rr_async,0.05
51,0.0,0.105,0.895,11,theory_rr_async,0.05
52,0.0,0.105,0.895,11,theory_rr_async,0.05
53,0.0,0.1,0.9,11,theory_rr_async,0.05
54,0.0,0.09,0.91,11,theory_rr_async,0.05
55,0.0,0.09,0.91,11,theory_rr_async,0.05
56,0.0,0.085,0.915,11,theory_rr_async,0.05
57,0.0,0.075,0.925,11,theory_rr_async,0.05
58,0.0,0.07,0.93,11,theory_rr_async,0.05
59,0.0,0.06,0.94,11,theory_rr_async,0.05
60,0.0,0.055,0.945,11,theory_rr_async,0.05
61,0.0,0.05,0.95,11,theory_rr_async,0.05
62,0.0,0.05,0.95,11,theory_rr_async,0.05
63,0.0,0.045,0.955,11,theory_rr_async,0.05
64,0.0,0.04,0.96,11,theory_rr_async,0.05
65,0.0,0.04,0.96,11,theory_rr_async,0.05
66,0.0,0.04,0.96,11,theory_rr_async,0.05
67,0.0,0.04,0.96,11,theory_rr_async,0.05
68,0.0,0.04,0.96,11,theory_rr_async,0.05
69,0.0,0.04,0.96,11,theory_rr_async,0.05
70,0.0,0.04,0.96,11,theory_rr_async,0.05
71,0.0,0.035,0.965,11,theory_rr_async,0.05
72,0.0,0.035,0.965,11,theory_rr_async,0.05
73,0.0,0.035,0.965,11,theory_rr_async,0.05
74,0.0,0.03,0.97,11,theory_rr_async,0.05
75,0.0,0.03,0.97,11,theory_rr_async,0.05
76,0.0,0.025,0.975,11,theory_rr_async,0.05
77,0.0,0.025,0.975,11,theory_rr_async,0.05
78,0.0,0.02,0.98,11,theory_rr_async,0.05
79,0.0,0.015,0.985,11,theory_rr_async,0.05
80,0.0,0.015,0.985,11,theory_rr_async,0.05
81,0.0,0.015,0.985,11,theory_rr_async,0.05
82,0.0,0.015,0.985,11,theory_rr_async,0.05
83,0.0,0.01,0.99,11,theory_rr_async,0.05
84,0.0,0.01,0.99,11,theory_rr_async,0.05
85,0.0,0.01,0.99,11,theory_rr_async,0.05
86,0.0,0.01,0.99,11,theory_rr_async,0.05
87,0.0,0.01,0.99,11,theory_rr_async,0.05
88,0.0,0.01,0.99,11,theory_rr_async,0.05
89,0.0,0.01,0.99,11,theory_rr_async,0.05
90,0.0,0.01,0.99,11,theory_rr_async,0.05
91,0.0,0.01,0.99,11,theory_rr_async,0.05
92,0.0,0.01,0.99,11,theory_rr_async,0.05
93,0.0,0.01,0.99,11,theory_rr_async,0.05
94,0.0,0.01,0.99,11,theory_rr_async,0.05
95,0.0,0.01,0.99,11,theory_rr_async,0.05
96,0.0,0.01,0.99,11,theory_rr_async,0.05
97,0.0,0.01,0.99,11,theory_rr_async,0.05
98,0.0,0.01,0.99,11,theory_rr_async,0.05
99,0.0,0.01,0.99,11,theory_rr_async,0.05
100,0.0,0.01,0.99,11,theory_rr_async,0.05
0,0.0,1.0,0.0,12,simulation_rr,0.05
1,0.0,0.95,0.05,12,simulation_rr,0.05
2,0.0,0.91,0.09,12,simulation_rr,0.05
3,0.0,0.86,0.14,12,simulation_rr,0.05
4,0.0,0.81,0.19,12,simulation_rr,0.05
5,0.0,0.765,0.235,12,simulation_rr,0.05
6,0.0,0.715,0.285,12,simulation_rr,0.05
7,0.0,0.69,0.31,12,simulation_rr,0.05
8,0.0,0.65,0.35,12,simulation_rr,0.05
9,0.0,0.615,0.385,12,simulation_rr,0.05
10,0.0,0.595,0.405,12,simulation_rr,0.05
11,0.0,0.575,0.425,12,simulation_rr,0.05
12,0.0,0.545,0.455,12,simulation_rr,0.05
13,0.0,0.51,0.49,12,simulation_rr,0.05
14,0.0,0.49,0.51,12,simulation_rr,0.05
15,0.0,0.475,0.525,12,simulation_rr,0.05
16,0.0,0.455,0.545,12,simulation_rr,0.05
17,0.0,0.43,0.57,12,simulation_rr,0.05
18,0.0,0.41,0.59,12,simulation_rr,0.05
19,0.0,0.385,0.615,12,simulation_rr,0.05
20,0.0,0.37,0.63,12,simulation_rr,0.05
21,0.0,0.34,0.66,12,simulation_rr,0.05
22,0.0,0.33,0.67,12,simulation_rr,0.05
23,0.0,0.325,0.675,12,simulation_rr,0.05
24,0.0,0.305,0.695,12,simulation_rr,0.05
25,0.0,0.29,0.71,12,simulation_rr,0.05
26,0.0,0.27,0.73,12,simulation_rr,0.05
27,0.0,0.26,0.74,12,simulation_rr,0.05
28,0.0,0.245,0.755,12,simulation_rr,0.05
29,0.0,0.24,0.76,12,simulation_rr,0.05
30,0.0,0.225,0.775,12,simulation_rr,0.05
31,0.0,0.22,0.78,12,simulation_rr,0.05
32,0.0,0.22,0.78,12,simulation_rr,0.05
33,0.0,0.21,0.79,12,simulation_rr,0.05
34,0.0,0.195,0.805,12,simulation_rr,0.05
35,0.0,0.175,0.825,12,simulation_rr,0.05
36,0.0,0.17,0.83,12,simulation_rr,0.05
37,0.0,0.155,0.845,12,simulation_rr,0.05
38,0.0,0.155,0.845,12,simulation_rr,0.05
39,0.0,0.15,0.85,12,simulation_rr,0.05
40,0.0,0.13,0.87,12,simulation_rr,0.05
41,0.0,0.13,0.87,12,simulation_rr,0.05
42,0.0,0.12,0.88,12,simulation_rr,0.05
43,0.0,0.105,0.895,12,simulation_rr,0.05
44,0.0,0.095,0.905,12,simulation_rr,0.05
45,0.0,0.08,0.92,12,simulation_rr,0.05
46,0.0,0.08,0.92,12,simulation_rr,0.05
47,0.0,0.075,0.925,12,simulation_rr,0.05
48,0.0,0.07,0.93,12,simulation_rr,0.05
49,0.0,0.06,0.94,12,simulation_rr,0.05
50,0.0,0.06,0.94,12,simulation_rr,0.05
51,0.0,0.06,0.94,12,simulation_rr,0.05
52,0.0,0.06,0.94,12,simulation_rr,0.05
53,0.0,0.06,0.94,12,simulation_rr,0.05
0,0.0,1.0,0.0,12,theory_rr,0.05
1,0.0,0.0,1.0,12,theory_rr,0.05
2,0.0,0.0,1.0,12,theory_rr,0.05
3,0.0,0.0,1.0,12,theory_rr,0.05
4,0.0,0.0,1.0,12,theory_rr,0.05
5,0.0,0.0,1.0,12,theory_rr,0.05
6,0.0,0.0,1.0,12,theory_rr,0.05
7,0.0,0.0,1.0,12,theory_rr,0.05
8,0.0,0.0,1.0,12,theory_rr,0.05
9,0.0,0.0,1.0,12,theory_rr,0.05
10,0.0,0.0,1.0,12,theory_rr,0.05
11,0.0,0.0,1.0,12,theory_rr,0.05
12,0.0,0.0,1.0,12,theory_rr,0.05
13,0.0,0.0,1.0,12,theory_rr,0.05
14,0.0,0.0,1.0,12,theory_rr,0.05
15,0.0,0.0,1.0,12,theory_rr,0.05
16,0.0,0.0,1.0,12,theory_rr,0.05
17,0.0,0.0,1.0,12,theory_rr,0.05
18,0.0,0.0,1.0,12,theory_rr,0.05
19,0.0,0.0,1.0,12,theory_rr,0.05
20,0.0,0.0,1.0,12,theory_rr,0.05
21,0.0,0.0,1.0,12,theory_rr,0.05
22,0.0,0.0,1.0,12,theory_rr,0.05
23,0.0,0.0,1.0,12,theory_rr,0.05
24,0.0,0.0,1.0,12,theory_rr,0.05
25,0.0,0.0,1.0,12,theory_rr,0.05
26,0.0,0.0,1.0,12,theory_rr,0.05
27,0.0,0.0,1.0,12,theory_rr,0.05
28,0.0,0.0,1.0,12,theory_rr,0.05
29,0.0,0.0,1.0,12,theory_rr,0.05
30,0.0,0.0,1.0,12,theory_rr,0.05
31,0.0,0.0,1.0,12,theory_rr,0.05
32,0.0,0.0,1.0,12,theory_rr,0.05
33,0.0,0.0,1.0,12,theory_rr,0.05
34,0.0,0.0,1.0,12,theory_rr,0.05
35,0.0,0.0,1.0,12,theory_rr,0.05
36,0.0,0.0,1.0,12,theory_rr,0.05
37,0.0,0.0,1.0,12,theory_rr,0.05
38,0.0,0.0,1.0,12,theory_rr,0.05
39,0.0,0.0,1.0,12,theory_rr,0.05
40,0.0,0.0,1.0,12,theory_rr,0.05
41,0.0,0.0,1.0,12,theory_rr,0.05
42,0.0,0.0,1.0,12,theory_rr,0.05
43,0.0,0.0,1.0,12,theory_rr,0.05
44,0.0,0.0,1.0,12,theory_rr,0.05
45,0.0,0.0,1.0,12,theory_rr,0.05
46,0.0,0.0,1.0,12,theory_rr,0.05
47,0.0,0.0,1.0,12,theory_rr,0.05
48,0.0,0.0,1.0,12,theory_rr,0.05
49,0.0,0.0,1.0,12,theory_rr,0.05
50,0.0,0.0,1.0,12,theory_rr,0.05
51,0.0,0.0,1.0,12,theory_rr,0.05
52,0.0,0.0,1.0,12,theory_rr,0.05
53,0.0,0.0,1.0,12,theory_rr,0.05
54,0.0,0.0,1.0,12,theory_rr,0.05
55,0.0,0.0,1.0,12,theory_rr,0.05
56,0.0,0.0,1.0,12,theory_rr,0.05
57,0.0,0.0,1.0,12,theory_rr,0.05
58,0.0,0.0,1.0,12,theory_rr,0.05
59,0.0,0.0,1.0,12,theory_rr,0.05
60,0.0,0.0,1.0,12,theory_rr,0.05
61,0.0,0.0,1.0,12,theory_rr,0.05
62,0.0,0.0,1.0,12,theory_rr,0.05
63,0.0,0.0,1.0,12,theory_rr,0.05
64,0.0,0.0,1.0,12,theory_rr,0.05
65,0.0,0.0,1.0,12,theory_rr,0.05
66,0.0,0.0,1.0,12,theory_rr,0.05
67,0.0,0.0,1.0,12,theory_rr,0.05
68,0.0,0.0,1.0,12,theory_rr,0.05
69,0.0,0.0,1.0,12,theory_rr,0.05
70,0.0,0.0,1.0,12,theory_rr,0.05
71,0.0,0.0,1.0,12,theory_rr,0.05
72,0.0,0.0,1.0,12,theory_rr,0.05
73,0.0,0.0,1.0,12,theory_rr,0.05
74,0.0,0.0,1.0,12,theory_rr,0.05
75,0.0,0.0,1.0,12,theory_rr,0.05
76,0.0,0.0,1.0,12,theory_rr,0.05
77,0.0,0.0,1.0,12,theory_rr,0.05
78,0.0,0.0,1.0,12,theory_rr,0.05
79,0.0,0.0,1.0,12,theory_rr,0.05
80,0.0,0.0,1.0,12,theory_rr,0.05
81,0.0,0.0,1.0,12,theory_rr,0.05
82,0.0,0.0,1.0,12,theory_rr,0.05
83,0.0,0.0,1.0,12,theory_rr,0.05
84,0.0,0.0,1.0,12,theory_rr,0.05
85,0.0,0.0,1.0,12,theory_rr,0.05
86,0.0,0.0,1.0,12,theory_rr,0.05
87,0.0,0.0,1.0,12,theory_rr,0.05
88,0.0,0.0,1.0,12,theory_rr,0.05
89,0.0,0.0,1.0,12,theory_rr,0.05
90,0.0,0.0,1.0,12,theory_rr,0.05
91,0.0,0.0,1.0,12,theory_rr,0.05
92,0.0,0.0,1.0,12,theory_rr,0.05
93,0.0,0.0,1.0,12,theory_rr,0.05
94,0.0,0.0,1.0,12,theory_rr,0.05
95,0.0,0.0,1.0,12,theory_rr,0.05
96,0.0,0.0,1.0,12,theory_rr,0.05
97,0.0,0.0,1.0,12,theory_rr,0.05
98,0.0,0.0,1.0,12,theory_rr,0.05
99,0.0,0.0,1.0,12,theory_rr,0.05
100,0.0,0.0,1.0,12,theory_rr,0.05
0,0.0,1.0,0.0,12,theory_rr_async,0.05
1,0.0,0.95,0.05,12,theory_rr_async,0.05
2,0.0,0.91,0.09,12,theory_rr_async,0.05
3,0.0,0.86,0.14,12,theory_rr_async,0.05
4,0.0,0.81,0.19,12,theory_rr_async,0.05
5,0.0,0.765,0.235,12,theory_rr_async,0.05
6,0.0,0.715,0.285,12,theory_rr_async,0.05
7,0.0,0.69,0.31,12,theory_rr_async,0.05
8,0.0,0.65,0.35,12,theory_rr_async,0.05
9,0.0,0.615,0.385,12,theory_rr_async,0.05
10,0.0,0.595,0.405,12,theory_rr_async,0.05
11,0.0,0.575,0.425,12,theory_rr_async,0.05
12,0.0,0.545,0.455,12,theory_rr_async,0.05
13,0.0,0.51,0.49,12,theory_rr_async,0.05
14,0.0,0.49,0.51,12,theory_rr_async,0.05
15,0.0,0.475,0.525,12,theory_rr_async,0.05
16,0.0,0.455,0.545,12,theory_rr_async,0.05
17,0.0,0.43,0.57,12,theory_rr_async,0.05
18,0.0,0.41,0.59,12,theory_rr_async,0.05
19,0.0,0.385,0.615,12,theory_rr_async,0.05
20,0.0,0.37,0.63,12,theory_rr_async,0.05
21,0.0,0.34,0.66,12,theory_rr_async,0.05
22,0.0,0.33,0.67,12,theory_rr_async,0.05
23,0.0,0.325,0.675,12,theory_rr_async,0.05
24,0.0,0.305,0.695,12,theory_rr_async,0.05
25,0.0,0.29,0.71,12,theory_rr_async,0.05
26,0.0,0.27,0.73,12,theory_rr_async,0.05
27,0.0,0.26,0.74,12,theory_rr_async,0.05
28,0.0,0.245,0.755,12,theory_rr_async,0.05
29,0.0,0.24,0.76,12,theory_rr_async,0.05
30,0.0,0.225,0.775,12,theory_rr_async,0.05
31,0.0,0.22,0.78,12,theory_rr_async,0.05
32,0.0,0.22,0.78,12,theory_rr_async,0.05
33,0.0,0.21,0.79,12,theory_rr_async,0.05
34,0.0,0.195,0.805,12,theory_rr_async,0.05
35,0.0,0.175,0.825,12,theory_rr_async,0.05
36,0.0,0.17,0.83,12,theory_rr_async,0.05
37,0.0,0.155,0.845,12,theory_rr_async,0.05
38,0.0,0.155,0.845,12,theory_rr_async,0.05
39,0.0,0.15,0.85,12,theory_rr_async,0.05
40,0.0,0.13,0.87,12,theory_rr_async,0.05
41,0.0,0.13,0.87,12,theory_rr_async,0.05
42,0.0,0.12,0.88,12,theory_rr_async,0.05
43,0.0,0.105,0.895,12,theory_rr_async,0.05
44,0.0,0.095,0.905,12,theory_rr_async,0.05
45,0.0,0.08,0.92,12,theory_rr_async,0.05
46,0.0,0.08,0.92,12,theory_rr_async,0.05
47,0.0,0.075,0.925,12,theory_rr_async,0.05
48,0.0,0.07,0.93,12,theory_rr_async,0.05
49,0.0,0.06,0.94,12,theory_rr_async,0.05
50,0.0,0.06,0.94,12,theory_rr_async,0.05
51,0.0,0.06,0.94,12,theory_rr_async,0.05
52,0.0,0.06,0.94,12,theory_rr_async,0.05
53,0.0,0.06,0.94,12,theory_rr_async,0.05
54,0.0,0.06,0.94,12,theory_rr_async,0.05
55,0.0,0.06,0.94,12,theory_rr_async,0.05
56,0.0,0.06,0.94,12,theory_rr_async,0.05
57,0.0,0.06,0.94,12,theory_rr_async,0.05
58,0.0,0.06,0.94,12,theory_rr_async,0.05
59,0.0,0.06,0.94,12,theory_rr_async,0.05
60,0.0,0.05,0.95,12,theory_rr_async,0.05
61,0.0,0.05,0.95,12,theory_rr_async,0.05
62,0.0,0.045,0.955,12,theory_rr_async,0.05
63,0.0,0.045,0.955,12,theory_rr_async,0.05
64,0.0,0.04,0.96,12,theory_rr_async,0.05
65,0.0,0.04,0.96,12,theory_rr_async,0.05
66,0.0,0.04,0.96,12,theory_rr_async,0.05
67,0.0,0.04,0.96,12,theory_rr_async,0.05
68,0.0,0.035,0.965,12,theory_rr_async,0.05
69,0.0,0.035,0.965,12,theory_rr_async,0.05
70,0.0,0.035,0.965,12,theory_rr_async,0.05
71,0.0,0.035,0.965,12,theory_rr_async,0.05
72,0.0,0.03,0.97,12,theory_rr_async,0.05
73,0.0,0.025,0.975,12,theory_rr_async,0.05
74,0.0,0.025,0.975,12,theory_rr_async,0.05
75,0.0,0.025,0.975,12,theory_rr_async,0.05
76,0.0,0.025,0.975,12,theory_rr_async,0.05
77,0.0,0.025,0.975,12,theory_rr_async,0.05
78,0.0,0.025,0.975,12,theory_rr_async,0.05
79,0.0,0.025,0.975,12,theory_rr_async,0.05
80,0.0,0.025,0.975,12,theory_rr_async,0.05
81,0.0,0.025,0.975,12,theory_rr_async,0.05
82,0.0,0.025,0.975,12,theory_rr_async,0.05
83,0.0,0.025,0.975,12,theory_rr_async,0.05
84,0.0,0.02,0.98,12,theory_rr_async,0.05
85,0.0,0.02,0.98,12,theory_rr_async,0.05
86,0.0,0.02,0.98,12,theory_rr_async,0.05
87,0.0,0.02,0.98,12,theory_rr_async,0.05
88,0.0,0.02,0.98,12,theory_rr_async,0.05
89,0.0,0.015,0.985,12,theory_rr_async,0.05
90,0.0,0.015,0.985,12,theory_rr_async,0.05
91,0.0,0.015,0.985,12,theory_rr_async,0.05
92,0.0,0.01,0.99,12,theory_rr_async,0.05
93,0.0,0.01,0.99,12,theory_rr_async,0.05
94,0.0,0.01,0.99,12,theory_rr_async,0.05
95,0.0,0.01,0.99,12,theory_rr_async,0.05
96,0.0,0.01,0.99,12,theory_rr_async,0.05
97,0.0,0.01,0.99,12,theory_rr_async,0.05
98,0.0,0.01,0.99,12,theory_rr_async,0.05
99,0.0,0.005,0.995,12,theory_rr_async,0.05
100,0.0,0.005,0.995,12,theory_rr_async,0.05
0,0.0,1.0,0.0,13,simulation_rr,0.05
1,0.0,0.95,0.05,13,simulation_rr,0.05
2,0.0,0.9,0.1,13,simulation_rr,0.05
3,0.0,0.865,0.135,13,simulation_rr,0.05
4,0.0,0.815,0.185,13,simulation_rr,0.05
5,0.0,0.775,0.225,13,simulation_rr,0.05
6,0.0,0.745,0.255,13,simulation_rr,0.05
7,0.0,0.705,0.295,13,simulation_rr,0.05
8,0.0,0.665,0.335,13,simulation_rr,0.05
9,0.0,0.63,0.37,13,simulation_rr,0.05
10,0.0,0.6,0.4,13,simulation_rr,0.05
11,0.0,0.57,0.43,13,simulation_rr,0.05
12,0.0,0.535,0.465,13,simulation_rr,0.05
13,0.0,0.505,0.495,13,simulation_rr,0.05
14,0.0,0.47,0.53,13,simulation_rr,0.05
15,0.0,0.445,0.555,13,simulation_rr,0.05
16,0.0,0.425,0.575,13,simulation_rr,0.05
17,0.0,0.395,0.605,13,simulation_rr,0.05
18,0.0,0.365,0.635,13,simulation_rr,0.05
19,0.0,0.345,0.655,13,simulation_rr,0.05
20,0.0,0.32,0.68,13,simulation_rr,0.05
21,0.0,0.31,0.69,13,simulation_rr,0.05
22,0.0,0.29,0.71,13,simulation_rr,0.05
23,0.0,0.28,0.72,13,simulation_rr,0.05
24,0.0,0.265,0.735,13,simulation_rr,0.05
25,0.0,0.26,0.74,13,simulation_rr,0.05
26,0.0,0.25,0.75,13,simulation_rr,0.05
27,0.0,0.235,0.765,13,simulation_rr,0.05
28,0.0,0.225,0.775,13,simulation_rr,0.05
29,0.0,0.215,0.785,13,simulation_rr,0.05
30,0.0,0.195,0.805,13,simulation_rr,0.05
31,0.0,0.19,0.81,13,simulation_rr,0.05
32,0.0,0.185,0.815,13,simulation_rr,0.05
33,0.0,0.18,0.82,13,simulation_rr,0.05
34,0.0,0.17,0.83,13,simulation_rr,0.05
35,0.0,0.145,0.855,13,simulation_rr,0.05
36,0.0,0.135,0.865,13,simulation_rr,0.05
37,0.0,0.13,0.87,13,simulation_rr,0.05
38,0.0,0.125,0.875,13,simulation_rr,0.05
39,0.0,0.125,0.875,13,simulation_rr,0.05
40,0.0,0.125,0.875,13,simulation_rr,0.05
41,0.0,0.125,0.875,13,simulation_rr,0.05
42,0.0,0.11,0.89,13,simulation_rr,0.05
43,0.0,0.11,0.89,13,simulation_rr,0.05
44,0.0,0.105,0.895,13,simulation_rr,0.05
45,0.0,0.1,0.9,13,simulation_rr,0.05
46,0.0,0.095,0.905,13,simulation_rr,0.05
47,0.0,0.095,0.905,13,simulation_rr,0.05
48,0.0,0.09,0.91,13,simulation_rr,0.05
49,0.0,0.085,0.915,13,simulation_rr,0.05
50,0.0,0.08,0.92,13,simulation_rr,0.05
51,0.0,0.07,0.93,13,simulation_rr,0.05
52,0.0,0.06,0.94,13,simulation_rr,0.05
53,0.0,0.055,0.945,13,simulation_rr,0.05
54,0.0,0.055,0.945,13,simulation_rr,0.05
55,0.0,0.045,0.955,13,simulation_rr,0.05
56,0.0,0.04,0.96,13,simulation_rr,0.05
57,0.0,0.04,0.96,13,simulation_rr,0.05
58,0.0,0.03,0.97,13,simulation_rr,0.05
59,0.0,0.03,0.97,13,simulation_rr,0.05
60,0.0,0.03,0.97,13,simulation_rr,0.05
61,0.0,0.03,0.97,13,simulation_rr,0.05
62,0.0,0.025,0.975,13,simulation_rr,0.05
63,0.0,0.02,0.98,13,simulation_rr,0.05
64,0.0,0.02,0.98,13,simulation_rr,0.05
65,0.0,0.02,0.98,13,simulation_rr,0.05
66,0.0,0.02,0.98,13,simulation_rr,0.05
67,0.0,0.015,0.985,13,simulation_rr,0.05
68,0.0,0.015,0.985,13,simulation_rr,0.05
69,0.0,0.01,0.99,13,simulation_rr,0.05
70,0.0,0.005,0.995,13,simulation_rr,0.05
71,0.0,0.005,0.995,13,simulation_rr,0.05
72,0.0,0.005,0.995,13,simulation_rr,0.05
73,0.0,0.0,1.0,13,simulation_rr,0.05
74,0.0,0.0,1.0,13,simulation_rr,0.05
75,0.0,0.0,1.0,13,simulation_rr,0.05
76,0.0,0.0,1.0,13,simulation_rr,0.05
77,0.0,0.0,1.0,13,simulation_rr,0.05
0,0.0,1.0,0.0,13,theory_rr,0.05
1,0.0,0.0,1.0,13,theory_rr,0.05
2,0.0,0.0,1.0,13,theory_rr,0.05
3,0.0,0.0,1.0,13,theory_rr,0.05
4,0.0,0.0,1.0,13,theory_rr,0.05
5,0.0,0.0,1.0,13,theory_rr,0.05
6,0.0,0.0,1.0,13,theory_rr,0.05
7,0.0,0.0,1.0,13,theory_rr,0.05
8,0.0,0.0,1.0,13,theory_rr,0.05
9,0.0,0.0,1.0,13,theory_rr,0.05
10,0.0,0.0,1.0,13,theory_rr,0.05
11,0.0,0.0,1.0,13,theory_rr,0.05
12,0.0,0.0,1.0,13,theory_rr,0.05
13,0.0,0.0,1.0,13,theory_rr,0.05
14,0.0,0.0,1.0,13,theory_rr,0.05
15,0.0,0.0,1.0,13,theory_rr,0.05
16,0.0,0.0,1.0,13,theory_rr,0.05
17,0.0,0.0,1.0,13,theory_rr,0.05
18,0.0,0.0,1.0,13,theory_rr,0.05
19,0.0,0.0,1.0,13,theory_rr,0.05
20,0.0,0.0,1.0,13,theory_rr,0.05
21,0.0,0.0,1.0,13,theory_rr,0.05
22,0.0,0.0,1.0,13,theory_rr,0.05
23,0.0,0.0,1.0,13,theory_rr,0.05
24,0.0,0.0,1.0,13,theory_rr,0.05
25,0.0,0.0,1.0,13,theory_rr,0.05
26,0.0,0.0,1.0,13,theory_rr,0.05
27,0.0,0.0,1.0,13,theory_rr,0.05
28,0.0,0.0,1.0,13,theory_rr,0.05
29,0.0,0.0,1.0,13,theory_rr,0.05
30,0.0,0.0,1.0,13,theory_rr,0.05
31,0.0,0.0,1.0,13,theory_rr,0.05
32,0.0,0.0,1.0,13,theory_rr,0.05
33,0.0,0.0,1.0,13,theory_rr,0.05
34,0.0,0.0,1.0,13,theory_rr,0.05
35,0.0,0.0,1.0,13,theory_rr,0.05
36,0.0,0.0,1.0,13,theory_rr,0.05
37,0.0,0.0,1.0,13,theory_rr,0.05
38,0.0,0.0,1.0,13,theory_rr,0.05
39,0.0,0.0,1.0,13,theory_rr,0.05
40,0.0,0.0,1.0,13,theory_rr,0.05
41,0.0,0.0,1.0,13,theory_rr,0.05
42,0.0,0.0,1.0,13,theory_rr,0.05
43,0.0,0.0,1.0,13,theory_rr,0.05
44,0.0,0.0,1.0,13,theory_rr,0.05
45,0.0,0.0,1.0,13,theory_rr,0.05
46,0.0,0.0,1.0,13,theory_rr,0.05
47,0.0,0.0,1.0,13,theory_rr,0.05
48,0.0,0.0,1.0,13,theory_rr,0.05
49,0.0,0.0,1.0,13,theory_rr,0.05
50,0.0,0.0,1.0,13,theory_rr,0.05
51,0.0,0.0,1.0,13,theory_rr,0.05
52,0.0,0.0,1.0,13,theory_rr,0.05
53,0.0,0.0,1.0,13,theory_rr,0.05
54,0.0,0.0,1.0,13,theory_rr,0.05
55,0.0,0.0,1.0,13,theory_rr,0.05
56,0.0,0.0,1.0,13,theory_rr,0.05
57,0.0,0.0,1.0,13,theory_rr,0.05
58,0.0,0.0,1.0,13,theory_rr,0.05
59,0.0,0.0,1.0,13,theory_rr,0.05
60,0.0,0.0,1.0,13,theory_rr,0.05
61,0.0,0.0,1.0,13,theory_rr,0.05
62,0.0,0.0,1.0,13,theory_rr,0.05
63,0.0,0.0,1.0,13,theory_rr,0.05
64,0.0,0.0,1.0,13,theory_rr,0.05
65,0.0,0.0,1.0,13,theory_rr,0.05
66,0.0,0.0,1.0,13,theory_rr,0.05
67,0.0,0.0,1.0,13,theory_rr,0.05
68,0.0,0.0,1.0,13,theory_rr,0.05
69,0.0,0.0,1.0,13,theory_rr,0.05
70,0.0,0.0,1.0,13,theory_rr,0.05
71,0.0,0.0,1.0,13,theory_rr,0.05
72,0.0,0.0,1.0,13,theory_rr,0.05
73,0.0,0.0,1.0,13,theory_rr,0.05
74,0.0,0.0,1.0,13,theory_rr,0.05
75,0.0,0.0,1.0,13,theory_rr,0.05
76,0.0,0.0,1.0,13,theory_rr,0.05
77,0.0,0.0,1.0,13,theory_rr,0.05
78,0.0,0.0,1.0,13,theory_rr,0.05
79,0.0,0.0,1.0,13,theory_rr,0.05
80,0.0,0.0,1.0,13,theory_rr,0.05
81,0.0,0.0,1.0,13,theory_rr,0.05
82,0.0,0.0,1.0,13,theory_rr,0.05
83,0.0,0.0,1.0,13,theory_rr,0.05
84,0.0,0.0,1.0,13,theory_rr,0.05
85,0.0,0.0,1.0,13,theory_rr,0.05
86,0.0,0.0,1.0,13,theory_rr,0.05
87,0.0,0.0,1.0,13,theory_rr,0.05
88,0.0,0.0,1.0,13,theory_rr,0.05
89,0.0,0.0,1.0,13,theory_rr,0.05
90,0.0,0.0,1.0,13,theory_rr,0.05
91,0.0,0.0,1.0,13,theory_rr,0.05
92,0.0,0.0,1.0,13,theory_rr,0.05
93,0.0,0.0,1.0,13,theory_rr,0.05
94,0.0,0.0,1.0,13,theory_rr,0.05
95,0.0,0.0,1.0,13,theory_rr,0.05
96,0.0,0.0,1.0,13,theory_rr,0.05
97,0.0,0.0,1.0,13,theory_rr,0.05
98,0.0,0.0,1.0,13,theory_rr,0.05
99,0.0,0.0,1.0,13,theory_rr,0.05
100,0.0,0.0,1.0,13,theory_rr,0.05
0,0.0,1.0,0.0,13,theory_rr_async,0.05
1,0.0,0.95,0.05,13,theory_rr_async,0.05
2,0.0,0.9,0.1,13,theory_rr_async,0.05
3,0.0,0.865,0.135,13,theory_rr_async,0.05
4,0.0,0.815,0.185,13,theory_rr_async,0.05
5,0.0,0.775,0.225,13,theory_rr_async,0.05
6,0.0,0.745,0.255,13,theory_rr_async,0.05
7,0.0,0.705,0.295,13,theory_rr_async,0.05
8,0.0,0.665,0.335,13,theory_rr_async,0.05
9,0.0,0.63,0.37,13,theory_rr_async,0.05
10,0.0,0.6,0.4,13,theory_rr_async,0.05
11,0.0,0.57,0.43,13,theory_rr_async,0.05
12,0.0,0.535,0.465,13,theory_rr_async,0.05
13,0.0,0.505,0.495,13,theory_rr_async,0.05
14,0.0,0.47,0.53,13,theory_rr_async,0.05
15,0.0,0.445,0.555,13,theory_rr_async,0.05
16,0.0,0.425,0.575,13,theory_rr_async,0.05
17,0.0,0.395,0.605,13,theory_rr_async,0.05
18,0.0,0.365,0.635,13,theory_rr_async,0.05
19,0.0,0.345,0.655,13,theory_rr_async,0.05
20,0.0,0.32,0.68,13,theory_rr_async,0.05
21,0.0,0.31,0.69,13,theory_rr_async,0.05
22,0.0,0.29,0.71,13,theory_rr_async,0.05
23,0.0,0.28,0.72,13,theory_rr_async,0.05
24,0.0,0.265,0.735,13,theory_rr_async,0.05
25,0.0,0.26,0.74,13,theory_rr_async,0.05
26,0.0,0.25,0.75,13,theory_rr_async,0.05
27,0.0,0.235,0.765,13,theory_rr_async,0.05
28,0.0,0.225,0.775,13,theory_rr_async,0.05
29,0.0,0.215,0.785,13,theory_rr_async,0.05
30,0.0,0.195,0.805,13,theory_rr_async,0.05
31,0.0,0.19,0.81,13,theory_rr_async,0.05
32,0.0,0.185,0.815,13,theory_rr_async,0.05
33,0.0,0.18,0.82,13,theory_rr_async,0.05
34,0.0,0.17,0.83,13,theory_rr_async,0.05
35,0.0,0.145,0.855,13,theory_rr_async,0.05
36,0.0,0.135,0.865,13,theory_rr_async,0.05
37,0.0,0.13,0.87,13,theory_rr_async,0.05
38,0.0,0.125,0.875,13,theory_rr_async,0.05
39,0.0,0.125,0.875,13,theory_rr_async,0.05
40,0.0,0.125,0.875,13,theory_rr_async,0.05
41,0.0,0.125,0.875,13,theory_rr_async,0.05
42,0.0,0.11,0.89,13,theory_rr_async,0.05
43,0.0,0.11,0.89,13,theory_rr_async,0.05
44,0.0,0.105,0.895,13,theory_rr_async,0.05
45,0.0,0.1,0.9,13,theory_rr_async,0.05
46,0.0,0.095,0.905,13,theory_rr_async,0.05
47,0.0,0.095,0.905,13,theory_rr_async,0.05
48,0.0,0.09,0.91,13,theory_rr_async,0.05
49,0.0,0.085,0.915,13,theory_rr_async,0.05
50,0.0,0.08,0.92,13,theory_rr_async,0.05
51,0.0,0.07,0.93,13,theory_rr_async,0.05
52,0.0,0.06,0.94,13,theory_rr_async,0.05
53,0.0,0.055,0.945,13,theory_rr_async,0.05
54,0.0,0.055,0.945,13,theory_rr_async,0.05
55,0.0,0.045,0.955,13,theory_rr_async,0.05
56,0.0,0.04,0.96,13,theory_rr_async,0.05
57,0.0,0.04,0.96,13,theory_rr_async,0.05
58,0.0,0.03,0.97,13,theory_rr_async,0.05
59,0.0,0.03,0.97,13,theory_rr_async,0.05
60,0.0,0.03,0.97,13,theory_rr_async,0.05
61,0.0,0.03,0.97,13,theory_rr_async,0.05
62,0.0,0.025,0.975,13,theory_rr_async,0.05
63,0.0,0.02,0.98,13,theory_rr_async,0.05
64,0.0,0.02,0.98,13,theory_rr_async,0.05
65,0.0,0.02,0.98,13,theory_rr_async,0.05
66,0.0,0.02,0.98,13,theory_rr_async,0.05
67,0.0,0.015,0.985,13,theory_rr_async,0.05
68,0.0,0.015,0.985,13,theory_rr_async,0.05
69,0.0,0.01,0.99,13,theory_rr_async,0.05
70,0.0,0.005,0.995,13,theory_rr_async,0.05
71,0.0,0.005,0.995,13,theory_rr_async,0.05
72,0.0,0.005,0.995,13,theory_rr_async,0.05
73,0.0,0.0,1.0,13,theory_rr_async,0.05
74,0.0,0.0,1.0,13,theory_rr_async,0.05
75,0.0,0.0,1.0,13,theory_rr_async,0.05
76,0.0,0.0,1.0,13,theory_rr_async,0.05
77,0.0,0.0,1.0,13,theory_rr_async,0.05
78,0.0,0.0,1.0,13,theory_rr_async,0.05
79,0.0,0.0,1.0,13,theory_rr_async,0.05
80,0.0,0.0,1.0,13,theory_rr_async,0.05
81,0.0,0.0,1.0,13,theory_rr_async,0.05
82,0.0,0.0,1.0,13,theory_rr_async,0.05
83,0.0,0.0,1.0,13,theory_rr_async,0.05
84,0.0,0.0,1.0,13,theory_rr_async,0.05
85,0.0,0.0,1.0,13,theory_rr_async,0.05
86,0.0,0.0,1.0,13,theory_rr_async,0.05
87,0.0,0.0,1.0,13,theory_rr_async,0.05
88,0.0,0.0,1.0,13,theory_rr_async,0.05
89,0.0,0.0,1.0,13,theory_rr_async,0.05
90,0.0,0.0,1.0,13,theory_rr_async,0.05
91,0.0,0.0,1.0,13,theory_rr_async,0.05
92,0.0,0.0,1.0,13,theory_rr_async,0.05
93,0.0,0.0,1.0,13,theory_rr_async,0.05
94,0.0,0.0,1.0,13,theory_rr_async,0.05
95,0.0,0.0,1.0,13,theory_rr_async,0.05
96,0.0,0.0,1.0,13,theory_rr_async,0.05
97,0.0,0.0,1.0,13,theory_rr_async,0.05
98,0.0,0.0,1.0,13,theory_rr_async,0.05
99,0.0,0.0,1.0,13,theory_rr_async,0.05
100,0.0,0.0,1.0,13,theory_rr_async,0.05
0,0.0,1.0,0.0,14,simulation_rr,0.05
1,0.0,0.95,0.05,14,simulation_rr,0.05
2,0.0,0.9,0.1,14,simulation_rr,0.05
3,0.0,0.85,0.15,14,simulation_rr,0.05
4,0.0,0.805,0.195,14,simulation_rr,0.05
5,0.0,0.765,0.235,14,simulation_rr,0.05
6,0.0,0.74,0.26,14,simulation_rr,0.05
7,0.0,0.7,0.3,14,simulation_rr,0.05
8,0.0,0.665,0.335,14,simulation_rr,0.05
9,0.0,0.635,0.365,14,simulation_rr,0.05
10,0.0,0.61,0.39,14,simulation_rr,0.05
11,0.0,0.575,0.425,14,simulation_rr,0.05
12,0.0,0.555,0.445,14,simulation_rr,0.05
13,0.0,0.535,0.465,14,simulation_rr,0.05
14,0.0,0.5,0.5,14,simulation_rr,0.05
15,0.0,0.475,0.525,14,simulation_rr,0.05
16,0.0,0.46,0.54,14,simulation_rr,0.05
17,0.0,0.43,0.57,14,simulation_rr,0.05
18,0.0,0.405,0.595,14,simulation_rr,0.05
19,0.0,0.395,0.605,14,simulation_rr,0.05
20,0.0,0.38,0.62,14,simulation_rr,0.05
21,0.0,0.37,0.63,14,simulation_rr,0.05
22,0.0,0.355,0.645,14,simulation_rr,0.05
23,0.0,0.32,0.68,14,simulation_rr,0.05
24,0.0,0.3,0.7,14,simulation_rr,0.05
25,0.0,0.295,0.705,14,simulation_rr,0.05
26,0.0,0.28,0.72,14,simulation_rr,0.05
27,0.0,0.275,0.725,14,simulation_rr,0.05
28,0.0,0.26,0.74,14,simulation_rr,0.05
29,0.0,0.255,0.745,14,simulation_rr,0.05
30,0.0,0.255,0.745,14,simulation_rr,0.05
31,0.0,0.25,0.75,14,simulation_rr,0.05
32,0.0,0.24,0.76,14,simulation_rr,0.05
33,0.0,0.22,0.78,14,simulation_rr,0.05
34,0.0,0.22,0.78,14,simulation_rr,0.05
35,0.0,0.2,0.8,14,simulation_rr,0.05
36,0.0,0.18,0.82,14,simulation_rr,0.05
37,0.0,0.15,0.85,14,simulation_rr,0.05
38,0.0,0.15,0.85,14,simulation_rr,0.05
39,0.0,0.14,0.86,14,simulation_rr,0.05
40,0.0,0.135,0.865,14,simulation_rr,0.05
41,0.0,0.13,0.87,14,simulation_rr,0.05
42,0.0,0.125,0.875,14,simulation_rr,0.05
43,0.0,0.12,0.88,14,simulation_rr,0.05
44,0.0,0.115,0.885,14,simulation_rr,0.05
45,0.0,0.11,0.89,14,simulation_rr,0.05
46,0.0,0.11,0.89,14,simulation_rr,0.05
47,0.0,0.105,0.895,14,simulation_rr,0.05
48,0.0,0.105,0.895,14,simulation_rr,0.05
49,0.0,0.105,0.895,14,simulation_rr,0.05
50,0.0,0.105,0.895,14,simulation_rr,0.05
51,0.0,0.1,0.9,14,simulation_rr,0.05
52,0.0,0.09,0.91,14,simulation_rr,0.05
53,0.0,0.09,0.91,14,simulation_rr,0.05
54,0.0,0.085,0.915,14,simulation_rr,0.05
55,0.0,0.075,0.925,14,simulation_rr,0.05
56,0.0,0.07,0.93,14,simulation_rr,0.05
57,0.0,0.07,0.93,14,simulation_rr,0.05
58,0.0,0.06,0.94,14,simulation_rr,0.05
59,0.0,0.06,0.94,14,simulation_rr,0.05
60,0.0,0.06,0.94,14,simulation_rr,0.05
61,0.0,0.06,0.94,14,simulation_rr,0.05
62,0.0,0.055,0.945,14,simulation_rr,0.05
63,0.0,0.055,0.945,14,simulation_rr,0.05
64,0.0,0.045,0.955,14,simulation_rr,0.05
65,0.0,0.045,0.955,14,simulation_rr,0.05
66,0.0,0.04,0.96,14,simulation_rr,0.05
67,0.0,0.04,0.96,14,simulation_rr,0.05
68,0.0,0.04,0.96,14,simulation_rr,0.05
69,0.0,0.035,0.965,14,simulation_rr,0.05
70,0.0,0.03,0.97,14,simulation_rr,0.05
71,0.0,0.025,0.975,14,simulation_rr,0.05
72,0.0,0.025,0.975,14,simulation_rr,0.05
73,0.0,0.025,0.975,14,simulation_rr,0.05
74,0.0,0.025,0.975,14,simulation_rr,0.05
75,0.0,0.025,0.975,14,simulation_rr,0.05
0,0.0,1.0,0.0,14,theory_rr,0.05
1,0.0,0.0,1.0,14,theory_rr,0.05
2,0.0,0.0,1.0,14,theory_rr,0.05
3,0.0,0.0,1.0,14,theory_rr,0.05
4,0.0,0.0,1.0,14,theory_rr,0.05
5,0.0,0.0,1.0,14,theory_rr,0.05
6,0.0,0.0,1.0,14,theory_rr,0.05
7,0.0,0.0,1.0,14,theory_rr,0.05
8,0.0,0.0,1.0,14,theory_rr,0.05
9,0.0,0.0,1.0,14,theory_rr,0.05
10,0.0,0.0,1.0,14,theory_rr,0.05
11,0.0,0.0,1.0,14,theory_rr,0.05
12,0.0,0.0,1.0,14,theory_rr,0.05
13,0.0,0.0,1.0,14,theory_rr,0.05
14,0.0,0.0,1.0,14,theory_rr,0.05
15,0.0,0.0,1.0,14,theory_rr,0.05
16,0.0,0.0,1.0,14,theory_rr,0.05
17,0.0,0.0,1.0,14,theory_rr,0.05
18,0.0,0.0,1.0,14,theory_rr,0.05
19,0.0,0.0,1.0,14,theory_rr,0.05
20,0.0,0.0,1.0,14,theory_rr,0.05
21,0.0,0.0,1.0,14,theory_rr,0.05
22,0.0,0.0,1.0,14,theory_rr,0.05
23,0.0,0.0,1.0,14,theory_rr,0.05
24,0.0,0.0,1.0,14,theory_rr,0.05
25,0.0,0.0,1.0,14,theory_rr,0.05
26,0.0,0.0,1.0,14,theory_rr,0.05
27,0.0,0.0,1.0,14,theory_rr,0.05
28,0.0,0.0,1.0,14,theory_rr,0.05
29,0.0,0.0,1.0,14,theory_rr,0.05
30,0.0,0.0,1.0,14,theory_rr,0.05
31,0.0,0.0,1.0,14,theory_rr,0.05
32,0.0,0.0,1.0,14,theory_rr,0.05
33,0.0,0.0,1.0,14,theory_rr,0.05
34,0.0,0.0,1.0,14,theory_rr,0.05
35,0.0,0.0,1.0,14,theory_rr,0.05
36,0.0,0.0,1.0,14,theory_rr,0.05
37,0.0,0.0,1.0,14,theory_rr,0.05
38,0.0,0.0,1.0,14,theory_rr,0.05
39,0.0,0.0,1.0,14,theory_rr,0.05
40,0.0,0.0,1.0,14,theory_rr,0.05
41,0.0,0.0,1.0,14,theory_rr,0.05
42,0.0,0.0,1.0,14,theory_rr,0.05
43,0.0,0.0,1.0,14,theory_rr,0.05
44,0.0,0.0,1.0,14,theory_rr,0.05
45,0.0,0.0,1.0,14,theory_rr,0.05
46,0.0,0.0,1.0,14,theory_rr,0.05
47,0.0,0.0,1.0,14,theory_rr,0.05
48,0.0,0.0,1.0,14,theory_rr,0.05
49,0.0,0.0,1.0,14,theory_rr,0.05
50,0.0,0.0,1.0,14,theory_rr,0.05
51,0.0,0.0,1.0,14,theory_rr,0.05
52,0.0,0.0,1.0,14,theory_rr,0.05
53,0.0,0.0,1.0,14,theory_rr,0.05
54,0.0,0.0,1.0,14,theory_rr,0.05
55,0.0,0.0,1.0,14,theory_rr,0.05
56,0.0,0.0,1.0,14,theory_rr,0.05
57,0.0,0.0,1.0,14,theory_rr,0.05
58,0.0,0.0,1.0,14,theory_rr,0.05
59,0.0,0.0,1.0,14,theory_rr,0.05
60,0.0,0.0,1.0,14,theory_rr,0.05
61,0.0,0.0,1.0,14,theory_rr,0.05
62,0.0,0.0,1.0,14,theory_rr,0.05
63,0.0,0.0,1.0,14,theory_rr,0.05
64,0.0,0.0,1.0,14,theory_rr,0.05
65,0.0,0.0,1.0,14,theory_rr,0.05
66,0.0,0.0,1.0,14,theory_rr,0.05
67,0.0,0.0,1.0,14,theory_rr,0.05
68,0.0,0.0,1.0,14,theory_rr,0.05
69,0.0,0.0,1.0,14,theory_rr,0.05
70,0.0,0.0,1.0,14,theory_rr,0.05
71,0.0,0.0,1.0,14,theory_rr,0.05
72,0.0,0.0,1.0,14,theory_rr,0.05
73,0.0,0.0,1.0,14,theory_rr,0.05
74,0.0,0.0,1.0,14,theory_rr,0.05
75,0.0,0.0,1.0,14,theory_rr,0.05
76,0.0,0.0,1.0,14,theory_rr,0.05
77,0.0,0.0,1.0,14,theory_rr,0.05
78,0.0,0.0,1.0,14,theory_rr,0.05
79,0.0,0.0,1.0,14,theory_rr,0.05
80,0.0,0.0,1.0,14,theory_rr,0.05
81,0.0,0.0,1.0,14,theory_rr,0.05
82,0.0,0.0,1.0,14,theory_rr,0.05
83,0.0,0.0,1.0,14,theory_rr,0.05
84,0.0,0.0,1.0,14,theory_rr,0.05
85,0.0,0.0,1.0,14,theory_rr,0.05
86,0.0,0.0,1.0,14,theory_rr,0.05
87,0.0,0.0,1.0,14,theory_rr,0.05
88,0.0,0.0,1.0,14,theory_rr,0.05
89,0.0,0.0,1.0,14,theory_rr,0.05
90,0.0,0.0,1.0,14,theory_rr,0.05
91,0.0,0.0,1.0,14,theory_rr,0.05
92,0.0,0.0,1.0,14,theory_rr,0.05
93,0.0,0.0,1.0,14,theory_rr,0.05
94,0.0,0.0,1.0,14,theory_rr,0.05
95,0.0,0.0,1.0,14,theory_rr,0.05
96,0.0,0.0,1.0,14,theory_rr,0.05
97,0.0,0.0,1.0,14,theory_rr,0.05
98,0.0,0.0,1.0,14,theory_rr,0.05
99,0.0,0.0,1.0,14,theory_rr,0.05
100,0.0,0.0,1.0,14,theory_rr,0.05
0,0.0,1.0,0.0,14,theory_rr_async,0.05
1,0.0,0.95,0.05,14,theory_rr_async,0.05
2,0.0,0.9,0.1,14,theory_rr_async,0.05
3,0.0,0.85,0.15,14,theory_rr_async,0.05
4,0.0,0.805,0.195,14,theory_rr_async,0.05
5,0.0,0.765,0.235,14,theory_rr_async,0.05
6,0.0,0.74,0.26,14,theory_rr_async,0.05
7,0.0,0.7,0.3,14,theory_rr_async,0.05
8,0.0,0.665,0.335,14,theory_rr_async,0.05
9,0.0,0.635,0.365,14,theory_rr_async,0.05
10,0.0,0.61,0.39,14,theory_rr_async,0.05
11,0.0,0.575,0.425,14,theory_rr_async,0.05
12,0.0,0.555,0.445,14,theory_rr_async,0.05
13,0.0,0.535,0.465,14,theory_rr_async,0.05
14,0.0,0.5,0.5,14,theory_rr_async,0.05
15,0.0,0.475,0.525,14,theory_rr_async,0.05
16,0.0,0.46,0.54,14,theory_rr_async,0.05
17,0.0,0.43,0.57,14,theory_rr_async,0.05
18,0.0,0.405,0.595,14,theory_rr_async,0.05
19,0.0,0.395,0.605,14,theory_rr_async,0.05
20,0.0,0.38,0.62,14,theory_rr_async,0.05
21,0.0,0.37,0.63,14,theory_rr_async,0.05
22,0.0,0.355,0.645,14,theory_rr_async,0.05
23,0.0,0.32,0.68,14,theory_rr_async,0.05
24,0.0,0.3,0.7,14,theory_rr_async,0.05
25,0.0,0.295,0.705,14,theory_rr_async,0.05
26,0.0,0.28,0.72,14,theory_rr_async,0.05
27,0.0,0.275,0.725,14,theory_rr_async,0.05
28,0.0,0.26,0.74,14,theory_rr_async,0.05
29,0.0,0.255,0.745,14,theory_rr_async,0.05
30,0.0,0.255,0.745,14,theory_rr_async,0.05
31,0.0,0.25,0.75,14,theory_rr_async,0.05
32,0.0,0.24,0.76,14,theory_rr_async,0.05
33,0.0,0.22,0.78,14,theory_rr_async,0.05
34,0.0,0.22,0.78,14,theory_rr_async,0.05
35,0.0,0.2,0.8,14,theory_rr_async,0.05
36,0.0,0.18,0.82,14,theory_rr_async,0.05
37,0.0,0.15,0.85,14,theory_rr_async,0.05
38,0.0,0.15,0.85,14,theory_rr_async,0.05
39,0.0,0.14,0.86,14,theory_rr_async,0.05
40,0.0,0.135,0.865,14,theory_rr_async,0.05
41,0.0,0.13,0.87,14,theory_rr_async,0.05
42,0.0,0.125,0.875,14,theory_rr_async,0.05
43,0.0,0.12,0.88,14,theory_rr_async,0.05
44,0.0,0.115,0.885,14,theory_rr_async,0.05
45,0.0,0.11,0.89,14,theory_rr_async,0.05
46,0.0,0.11,0.89,14,theory_rr_async,0.05
47,0.0,0.105,0.895,14,theory_rr_async,0.05
48,0.0,0.105,0.895,14,theory_rr_async,0.05
49,0.0,0.105,0.895,14,theory_rr_async,0.05
50,0.0,0.105,0.895,14,theory_rr_async,0.05
51,0.0,0.1,0.9,14,theory_rr_async,0.05
52,0.0,0.09,0.91,14,theory_rr_async,0.05
53,0.0,0.09,0.91,14,theory_rr_async,0.05
54,0.0,0.085,0.915,14,theory_rr_async,0.05
55,0.0,0.075,0.925,14,theory_rr_async,0.05
56,0.0,0.07,0.93,14,theory_rr_async,0.05
57,0.0,0.07,0.93,14,theory_rr_async,0.05
58,0.0,0.06,0.94,14,theory_rr_async,0.05
59,0.0,0.06,0.94,14,theory_rr_async,0.05
60,0.0,0.06,0.94,14,theory_rr_async,0.05
61,0.0,0.06,0.94,14,theory_rr_async,0.05
62,0.0,0.055,0.945,14,theory_rr_async,0.05
63,0.0,0.055,0.945,14,theory_rr_async,0.05
64,0.0,0.045,0.955,14,theory_rr_async,0.05
65,0.0,0.045,0.955,14,theory_rr_async,0.05
66,0.0,0.04,0.96,14,theory_rr_async,0.05
67,0.0,0.04,0.96,14,theory_rr_async,0.05
68,0.0,0.04,0.96,14,theory_rr_async,0.05
69,0.0,0.035,0.965,14,theory_rr_async,0.05
70,0.0,0.03,0.97,14,theory_rr_async,0.05
71,0.0,0.025,0.975,14,theory_rr_async,0.05
72,0.0,0.025,0.975,14,theory_rr_async,0.05
73,0.0,0.025,0.975,14,theory_rr_async,0.05
74,0.0,0.025,0.975,14,theory_rr_async,0.05
75,0.0,0.025,0.975,14,theory_rr_async,0.05
76,0.0,0.025,0.975,14,theory_rr_async,0.05
77,0.0,0.025,0.975,14,theory_rr_async,0.05
78,0.0,0.025,0.975,14,theory_rr_async,0.05
79,0.0,0.025,0.975,14,theory_rr_async,0.05
80,0.0,0.025,0.975,14,theory_rr_async,0.05
81,0.0,0.025,0.975,14,theory_rr_async,0.05
82,0.0,0.025,0.975,14,theory_rr_async,0.05
83,0.0,0.025,0.975,14,theory_rr_async,0.05
84,0.0,0.025,0.975,14,theory_rr_async,0.05
85,0.0,0.025,0.975,14,theory_rr_async,0.05
86,0.0,0.025,0.975,14,theory_rr_async,0.05
87,0.0,0.025,0.975,14,theory_rr_async,0.05
88,0.0,0.02,0.98,14,theory_rr_async,0.05
89,0.0,0.02,0.98,14,theory_rr_async,0.05
90,0.0,0.015,0.985,14,theory_rr_async,0.05
91,0.0,0.015,0.985,14,theory_rr_async,0.05
92,0.0,0.015,0.985,14,theory_rr_async,0.05
93,0.0,0.015,0.985,14,theory_rr_async,0.05
94,0.0,0.015,0.985,14,theory_rr_async,0.05
95,0.0,0.015,0.985,14,theory_rr_async,0.05
96,0.0,0.01,0.99,14,theory_rr_async,0.05
97,0.0,0.01,0.99,14,theory_rr_async,0.05
98,0.0,0.01,0.99,14,theory_rr_async,0.05
99,0.0,0.01,0.99,14,theory_rr_async,0.05
100,0.0,0.01,0.99,14,theory_rr_async,0.05
0,0.0,1.0,0.0,15,simulation_rr,0.05
1,0.0,0.95,0.05,15,simulation_rr,0.05
2,0.0,0.905,0.095,15,simulation_rr,0.05
3,0.0,0.865,0.135,15,simulation_rr,0.05
4,0.0,0.815,0.185,15,simulation_rr,0.05
5,0.0,0.77,0.23,15,simulation_rr,0.05
6,0.0,0.73,0.27,15,simulation_rr,0.05
7,0.0,0.695,0.305,15,simulation_rr,0.05
8,0.0,0.655,0.345,15,simulation_rr,0.05
9,0.0,0.625,0.375,15,simulation_rr,0.05
10,0.0,0.595,0.405,15,simulation_rr,0.05
11,0.0,0.56,0.44,15,simulation_rr,0.05
12,0.0,0.525,0.475,15,simulation_rr,0.05
13,0.0,0.505,0.495,15,simulation_rr,0.05
14,0.0,0.475,0.525,15,simulation_rr,0.05
15,0.0,0.435,0.565,15,simulation_rr,0.05
16,0.0,0.42,0.58,15,simulation_rr,0.05
17,0.0,0.4,0.6,15,simulation_rr,0.05
18,0.0,0.38,0.62,15,simulation_rr,0.05
19,0.0,0.36,0.64,15,simulation_rr,0.05
20,0.0,0.345,0.655,15,simulation_rr,0.05
21,0.0,0.325,0.675,15,simulation_rr,0.05
22,0.0,0.305,0.695,15,simulation_rr,0.05
23,0.0,0.29,0.71,15,simulation_rr,0.05
24,0.0,0.275,0.725,15,simulation_rr,0.05
25,0.0,0.245,0.755,15,simulation_rr,0.05
26,0.0,0.235,0.765,15,simulation_rr,0.05
27,0.0,0.225,0.775,15,simulation_rr,0.05
28,0.0,0.21,0.79,15,simulation_rr,0.05
29,0.0,0.2,0.8,15,simulation_rr,0.05
30,0.0,0.185,0.815,15,simulation_rr,0.05
31,0.0,0.18,0.82,15,simulation_rr,0.05
32,0.0,0.17,0.83,15,simulation_rr,0.05
33,0.0,0.165,0.835,15,simulation_rr,0.05
34,0.0,0.15,0.85,15,simulation_rr,0.05
35,0.0,0.145,0.855,15,simulation_rr,0.05
36,0.0,0.13,0.87,15,simulation_rr,0.05
37,0.0,0.125,0.875,15,simulation_rr,0.05
38,0.0,0.115,0.885,15,simulation_rr,0.05
39,0.0,0.11,0.89,15,simulation_rr,0.05
40,0.0,0.105,0.895,15,simulation_rr,0.05
41,0.0,0.09,0.91,15,simulation_rr,0.05
42,0.0,0.09,0.91,15,simulation_rr,0.05
43,0.0,0.09,0.91,15,simulation_rr,0.05
44,0.0,0.085,0.915,15,simulation_rr,0.05
45,0.0,0.075,0.925,15,simulation_rr,0.05
46,0.0,0.075,0.925,15,simulation_rr,0.05
47,0.0,0.07,0.93,15,simulation_rr,0.05
48,0.0,0.07,0.93,15,simulation_rr,0.05
49,0.0,0.065,0.935,15,simulation_rr,0.05
50,0.0,0.06,0.94,15,simulation_rr,0.05
51,0.0,0.06,0.94,15,simulation_rr,0.05
52,0.0,0.055,0.945,15,simulation_rr,0.05
53,0.0,0.045,0.955,15,simulation_rr,0.05
54,0.0,0.04,0.96,15,simulation_rr,0.05
55,0.0,0.04,0.96,15,simulation_rr,0.05
56,0.0,0.04,0.96,15,simulation_rr,0.05
57,0.0,0.04,0.96,15,simulation_rr,0.05
58,0.0,0.04,0.96,15,simulation_rr,0.05
0,0.0,1.0,0.0,15,theory_rr,0.05
1,0.0,0.0,1.0,15,theory_rr,0.05
2,0.0,0.0,1.0,15,theory_rr,0.05
3,0.0,0.0,1.0,15,theory_rr,0.05
4,0.0,0.0,1.0,15,theory_rr,0.05
5,0.0,0.0,1.0,15,theory_rr,0.05
6,0.0,0.0,1.0,15,theory_rr,0.05
7,0.0,0.0,1.0,15,theory_rr,0.05
8,0.0,0.0,1.0,15,theory_rr,0.05
9,0.0,0.0,1.0,15,theory_rr,0.05
10,0.0,0.0,1.0,15,theory_rr,0.05
11,0.0,0.0,1.0,15,theory_rr,0.05
12,0.0,0.0,1.0,15,theory_rr,0.05
13,0.0,0.0,1.0,15,theory_rr,0.05
14,0.0,0.0,1.0,15,theory_rr,0.05
15,0.0,0.0,1.0,15,theory_rr,0.05
16,0.0,0.0,1.0,15,theory_rr,0.05
17,0.0,0.0,1.0,15,theory_rr,0.05
18,0.0,0.0,1.0,15,theory_rr,0.05
19,0.0,0.0,1.0,15,theory_rr,0.05
20,0.0,0.0,1.0,15,theory_rr,0.05
21,0.0,0.0,1.0,15,theory_rr,0.05
22,0.0,0.0,1.0,15,theory_rr,0.05
23,0.0,0.0,1.0,15,theory_rr,0.05
24,0.0,0.0,1.0,15,theory_rr,0.05
25,0.0,0.0,1.0,15,theory_rr,0.05
26,0.0,0.0,1.0,15,theory_rr,0.05
27,0.0,0.0,1.0,15,theory_rr,0.05
28,0.0,0.0,1.0,15,theory_rr,0.05
29,0.0,0.0,1.0,15,theory_rr,0.05
30,0.0,0.0,1.0,15,theory_rr,0.05
31,0.0,0.0,1.0,15,theory_rr,0.05
32,0.0,0.0,1.0,15,theory_rr,0.05
33,0.0,0.0,1.0,15,theory_rr,0.05
34,0.0,0.0,1.0,15,theory_rr,0.05
35,0.0,0.0,1.0,15,theory_rr,0.05
36,0.0,0.0,1.0,15,theory_rr,0.05
37,0.0,0.0,1.0,15,theory_rr,0.05
38,0.0,0.0,1.0,15,theory_rr,0.05
39,0.0,0.0,1.0,15,theory_rr,0.05
40,0.0,0.0,1.0,15,theory_rr,0.05
41,0.0,0.0,1.0,15,theory_rr,0.05
42,0.0,0.0,1.0,15,theory_rr,0.05
43,0.0,0.0,1.0,15,theory_rr,0.05
44,0.0,0.0,1.0,15,theory_rr,0.05
45,0.0,0.0,1.0,15,theory_rr,0.05
46,0.0,0.0,1.0,15,theory_rr,0.05
47,0.0,0.0,1.0,15,theory_rr,0.05
48,0.0,0.0,1.0,15,theory_rr,0.05
49,0.0,0.0,1.0,15,theory_rr,0.05
50,0.0,0.0,1.0,15,theory_rr,0.05
51,0.0,0.0,1.0,15,theory_rr,0.05
52,0.0,0.0,1.0,15,theory_rr,0.05
53,0.0,0.0,1.0,15,theory_rr,0.05
54,0.0,0.0,1.0,15,theory_rr,0.05
55,0.0,0.0,1.0,15,theory_rr,0.05
56,0.0,0.0,1.0,15,theory_rr,0.05
57,0.0,0.0,1.0,15,theory_rr,0.05
58,0.0,0.0,1.0,15,theory_rr,0.05
59,0.0,0.0,1.0,15,theory_rr,0.05
60,0.0,0.0,1.0,15,theory_rr,0.05
61,0.0,0.0,1.0,15,theory_rr,0.05
62,0.0,0.0,1.0,15,theory_rr,0.05
63,0.0,0.0,1.0,15,theory_rr,0.05
64,0.0,0.0,1.0,15,theory_rr,0.05
65,0.0,0.0,1.0,15,theory_rr,0.05
66,0.0,0.0,1.0,15,theory_rr,0.05
67,0.0,0.0,1.0,15,theory_rr,0.05
68,0.0,0.0,1.0,15,theory_rr,0.05
69,0.0,0.0,1.0,15,theory_rr,0.05
70,0.0,0.0,1.0,15,theory_rr,0.05
71,0.0,0.0,1.0,15,theory_rr,0.05
72,0.0,0.0,1.0,15,theory_rr,0.05
73,0.0,0.0,1.0,15,theory_rr,0.05
74,0.0,0.0,1.0,15,theory_rr,0.05
75,0.0,0.0,1.0,15,theory_rr,0.05
76,0.0,0.0,1.0,15,theory_rr,0.05
77,0.0,0.0,1.0,15,theory_rr,0.05
78,0.0,0.0,1.0,15,theory_rr,0.05
79,0.0,0.0,1.0,15,theory_rr,0.05
80,0.0,0.0,1.0,15,theory_rr,0.05
81,0.0,0.0,1.0,15,theory_rr,0.05
82,0.0,0.0,1.0,15,theory_rr,0.05
83,0.0,0.0,1.0,15,theory_rr,0.05
84,0.0,0.0,1.0,15,theory_rr,0.05
85,0.0,0.0,1.0,15,theory_rr,0.05
86,0.0,0.0,1.0,15,theory_rr,0.05
87,0.0,0.0,1.0,15,theory_rr,0.05
88,0.0,0.0,1.0,15,theory_rr,0.05
89,0.0,0.0,1.0,15,theory_rr,0.05
90,0.0,0.0,1.0,15,theory_rr,0.05
91,0.0,0.0,1.0,15,theory_rr,0.05
92,0.0,0.0,1.0,15,theory_rr,0.05
93,0.0,0.0,1.0,15,theory_rr,0.05
94,0.0,0.0,1.0,15,theory_rr,0.05
95,0.0,0.0,1.0,15,theory_rr,0.05
96,0.0,0.0,1.0,15,theory_rr,0.05
97,0.0,0.0,1.0,15,theory_rr,0.05
98,0.0,0.0,1.0,15,theory_rr,0.05
99,0.0,0.0,1.0,15,theory_rr,0.05
100,0.0,0.0,1.0,15,theory_rr,0.05
0,0.0,1.0,0.0,15,theory_rr_async,0.05
1,0.0,0.95,0.05,15,theory_rr_async,0.05
2,0.0,0.905,0.095,15,theory_rr_async,0.05
3,0.0,0.865,0.135,15,theory_rr_async,0.05
4,0.0,0.815,0.185,15,theory_rr_async,0.05
5,0.0,0.77,0.23,15,theory_rr_async,0.05
6,0.0,0.73,0.27,15,theory_rr_async,0.05
7,0.0,0.695,0.305,15,theory_rr_async,0.05
8,0.0,0.655,0.345,15,theory_rr_async,0.05
9,0.0,0.625,0.375,15,theory_rr_async,0.05
10,0.0,0.595,0.405,15,theory_rr_async,0.05
11,0.0,0.56,0.44,15,theory_rr_async,0.05
12,0.0,0.525,0.475,15,theory_rr_async,0.05
13,0.0,0.505,0.495,15,theory_rr_async,0.05
14,0.0,0.475,0.525,15,theory_rr_async,0.05
15,0.0,0.435,0.565,15,theory_rr_async,0.05
16,0.0,0.42,0.58,15,theory_rr_async,0.05
17,0.0,0.4,0.6,15,theory_rr_async,0.05
18,0.0,0.38,0.62,15,theory_rr_async,0.05
19,0.0,0.36,0.64,15,theory_rr_async,0.05
20,0.0,0.345,0.655,15,theory_rr_async,0.05
21,0.0,0.325,0.675,15,theory_rr_async,0.05
22,0.0,0.305,0.695,15,theory_rr_async,0.05
23,0.0,0.29,0.71,15,theory_rr_async,0.05
24,0.0,0.275,0.725,15,theory_rr_async,0.05
25,0.0,0.245,0.755,15,theory_rr_async,0.05
26,0.0,0.235,0.765,15,theory_rr_async,0.05
27,0.0,0.225,0.775,15,theory_rr_async,0.05
28,0.0,0.21,0.79,15,theory_rr_async,0.05
29,0.0,0.2,0.8,15,theory_rr_async,0.05
30,0.0,0.185,0.815,15,theory_rr_async,0.05
31,0.0,0.18,0.82,15,theory_rr_async,0.05
32,0.0,0.17,0.83,15,theory_rr_async,0.05
33,0.0,0.165,0.835,15,theory_rr_async,0.05
34,0.0,0.15,0.85,15,theory_rr_async,0.05
35,0.0,0.145,0.855,15,theory_rr_async,0.05
36,0.0,0.13,0.87,15,theory_rr_async,0.05
37,0.0,0.125,0.875,15,theory_rr_async,0.05
38,0.0,0.115,0.885,15,theory_rr_async,0.05
39,0.0,0.11,0.89,15,theory_rr_async,0.05
40,0.0,0.105,0.895,15,theory_rr_async,0.05
41,0.0,0.09,0.91,15,theory_rr_async,0.05
42,0.0,0.09,0.91,15,theory_rr_async,0.05
43,0.0,0.09,0.91,15,theory_rr_async,0.05
44,0.0,0.085,0.915,15,theory_rr_async,0.05
45,0.0,0.075,0.925,15,theory_rr_async,0.05
46,0.0,0.075,0.925,15,theory_rr_async,0.05
47,0.0,0.07,0.93,15,theory_rr_async,0.05
48,0.0,0.07,0.93,15,theory_rr_async,0.05
49,0.0,0.065,0.935,15,theory_rr_async,0.05
50,0.0,0.06,0.94,15,theory_rr_async,0.05
51,0.0,0.06,0.94,15,theory_rr_async,0.05
52,0.0,0.055,0.945,15,theory_rr_async,0.05
53,0.0,0.045,0.955,15,theory_rr_async,0.05
54,0.0,0.04,0.96,15,theory_rr_async,0.05
55,0.0,0.04,0.96,15,theory_rr_async,0.05
56,0.0,0.04,0.96,15,theory_rr_async,0.05
57,0.0,0.04,0.96,15,theory_rr_async,0.05
58,0.0,0.04,0.96,15,theory_rr_async,0.05
59,0.0,0.04,0.96,15,theory_rr_async,0.05
60,0.0,0.04,0.96,15,theory_rr_async,0.05
61,0.0,0.035,0.965,15,theory_rr_async,0.05
62,0.0,0.035,0.965,15,theory_rr_async,0.05
63,0.0,0.025,0.975,15,theory_rr_async,0.05
64,0.0,0.02,0.98,15,theory_rr_async,0.05
65,0.0,0.02,0.98,15,theory_rr_async,0.05
66,0.0,0.02,0.98,15,theory_rr_async,0.05
67,0.0,0.015,0.985,15,theory_rr_async,0.05
68,0.0,0.015,0.985,15,theory_rr_async,0.05
69,0.0,0.015,0.985,15,theory_rr_async,0.05
70,0.0,0.015,0.985,15,theory_rr_async,0.05
71,0.0,0.01,0.99,15,theory_rr_async,0.05
72,0.0,0.01,0.99,15,theory_rr_async,0.05
73,0.0,0.01,0.99,15,theory_rr_async,0.05
74,0.0,0.01,0.99,15,theory_rr_async,0.05
75,0.0,0.005,0.995,15,theory_rr_async,0.05
76,0.0,0.005,0.995,15,theory_rr_async,0.05
77,0.0,0.005,0.995,15,theory_rr_async,0.05
78,0.0,0.005,0.995,15,theory_rr_async,0.05
79,0.0,0.005,0.995,15,theory_rr_async,0.05
80,0.0,0.005,0.995,15,theory_rr_async,0.05
81,0.0,0.005,0.995,15,theory_rr_async,0.05
82,0.0,0.0,1.0,15,theory_rr_async,0.05
83,0.0,0.0,1.0,15,theory_rr_async,0.05
84,0.0,0.0,1.0,15,theory_rr_async,0.05
85,0.0,0.0,1.0,15,theory_rr_async,0.05
86,0.0,0.0,1.0,15,theory_rr_async,0.05
87,0.0,0.0,1.0,15,theory_rr_async,0.05
88,0.0,0.0,1.0,15,theory_rr_async,0.05
89,0.0,0.0,1.0,15,theory_rr_async,0.05
90,0.0,0.0,1.0,15,theory_rr_async,0.05
91,0.0,0.0,1.0,15,theory_rr_async,0.05
92,0.0,0.0,1.0,15,theory_rr_async,0.05
93,0.0,0.0,1.0,15,theory_rr_async,0.05
94,0.0,0.0,1.0,15,theory_rr_async,0.05
95,0.0,0.0,1.0,15,theory_rr_async,0.05
96,0.0,0.0,1.0,15,theory_rr_async,0.05
97,0.0,0.0,1.0,15,theory_rr_async,0.05
98,0.0,0.0,1.0,15,theory_rr_async,0.05
99,0.0,0.0,1.0,15,theory_rr_async,0.05
100,0.0,0.0,1.0,15,theory_rr_async,0.05
0,0.0,1.0,0.0,16,simulation_rr,0.05
1,0.0,0.95,0.05,16,simulation_rr,0.05
2,0.0,0.9,0.1,16,simulation_rr,0.05
3,0.0,0.855,0.145,16,simulation_rr,0.05
4,0.0,0.815,0.185,16,simulation_rr,0.05
5,0.0,0.77,0.23,16,simulation_rr,0.05
6,0.0,0.725,0.275,16,simulation_rr,0.05
7,0.0,0.69,0.31,16,simulation_rr,0.05
8,0.0,0.665,0.335,16,simulation_rr,0.05
9,0.0,0.625,0.375,16,simulation_rr,0.05
10,0.0,0.59,0.41,16,simulation_rr,0.05
11,0.0,0.54,0.46,16,simulation_rr,0.05
12,0.0,0.515,0.485,16,simulation_rr,0.05
13,0.0,0.5,0.5,16,simulation_rr,0.05
14,0.0,0.47,0.53,16,simulation_rr,0.05
15,0.0,0.465,0.535,16,simulation_rr,0.05
16,0.0,0.44,0.56,16,simulation_rr,0.05
17,0.0,0.435,0.565,16,simulation_rr,0.05
18,0.0,0.4,0.6,16,simulation_rr,0.05
19,0.0,0.39,0.61,16,simulation_rr,0.05
20,0.0,0.37,0.63,16,simulation_rr,0.05
21,0.0,0.35,0.65,16,simulation_rr,0.05
22,0.0,0.335,0.665,16,simulation_rr,0.05
23,0.0,0.32,0.68,16,simulation_rr,0.05
24,0.0,0.3,0.7,16,simulation_rr,0.05
25,0.0,0.27,0.73,16,simulation_rr,0.05
26,0.0,0.25,0.75,16,simulation_rr,0.05
27,0.0,0.235,0.765,16,simulation_rr,0.05
28,0.0,0.23,0.77,16,simulation_rr,0.05
29,0.0,0.22,0.78,16,simulation_rr,0.05
30,0.0,0.2,0.8,16,simulation_rr,0.05
31,0.0,0.19,0.81,16,simulation_rr,0.05
32,0.0,0.185,0.815,16,simulation_rr,0.05
33,0.0,0.18,0.82,16,simulation_rr,0.05
34,0.0,0.17,0.83,16,simulation_rr,0.05
35,0.0,0.16,0.84,16,simulation_rr,0.05
36,0.0,0.155,0.845,16,simulation_rr,0.05
37,0.0,0.155,0.845,16,simulation_rr,0.05
38,0.0,0.15,0.85,16,simulation_rr,0.05
39,0.0,0.15,0.85,16,simulation_rr,0.05
40,0.0,0.14,0.86,16,simulation_rr,0.05
41,0.0,0.135,0.865,16,simulation_rr,0.05
42,0.0,0.135,0.865,16,simulation_rr,0.05
43,0.0,0.115,0.885,16,simulation_rr,0.05
44,0.0,0.105,0.895,16,simulation_rr,0.05
45,0.0,0.09,0.91,16,simulation_rr,0.05
46,0.0,0.08,0.92,16,simulation_rr,0.05
47,0.0,0.07,0.93,16,simulation_rr,0.05
48,0.0,0.07,0.93,16,simulation_rr,0.05
49,0.0,0.065,0.935,16,simulation_rr,0.05
50,0.0,0.065,0.935,16,simulation_rr,0.05
51,0.0,0.065,0.935,16,simulation_rr,0.05
52,0.0,0.055,0.945,16,simulation_rr,0.05
53,0.0,0.055,0.945,16,simulation_rr,0.05
54,0.0,0.055,0.945,16,simulation_rr,0.05
55,0.0,0.055,0.945,16,simulation_rr,0.05
56,0.0,0.055,0.945,16,simulation_rr,0.05
0,0.0,1.0,0.0,16,theory_rr,0.05
1,0.0,0.0,1.0,16,theory_rr,0.05
2,0.0,0.0,1.0,16,theory_rr,0.05
3,0.0,0.0,1.0,16,theory_rr,0.05
4,0.0,0.0,1.0,16,theory_rr,0.05
5,0.0,0.0,1.0,16,theory_rr,0.05
6,0.0,0.0,1.0,16,theory_rr,0.05
7,0.0,0.0,1.0,16,theory_rr,0.05
8,0.0,0.0,1.0,16,theory_rr,0.05
9,0.0,0.0,1.0,16,theory_rr,0.05
10,0.0,0.0,1.0,16,theory_rr,0.05
11,0.0,0.0,1.0,16,theory_rr,0.05
12,0.0,0.0,1.0,16,theory_rr,0.05
13,0.0,0.0,1.0,16,theory_rr,0.05
14,0.0,0.0,1.0,16,theory_rr,0.05
15,0.0,0.0,1.0,16,theory_rr,0.05
16,0.0,0.0,1.0,16,theory_rr,0.05
17,0.0,0.0,1.0,16,theory_rr,0.05
18,0.0,0.0,1.0,16,theory_rr,0.05
19,0.0,0.0,1.0,16,theory_rr,0.05
20,0.0,0.0,1.0,16,theory_rr,0.05
21,0.0,0.0,1.0,16,theory_rr,0.05
22,0.0,0.0,1.0,16,theory_rr,0.05
23,0.0,0.0,1.0,16,theory_rr,0.05
24,0.0,0.0,1.0,16,theory_rr,0.05
25,0.0,0.0,1.0,16,theory_rr,0.05
26,0.0,0.0,1.0,16,theory_rr,0.05
27,0.0,0.0,1.0,16,theory_rr,0.05
28,0.0,0.0,1.0,16,theory_rr,0.05
29,0.0,0.0,1.0,16,theory_rr,0.05
30,0.0,0.0,1.0,16,theory_rr,0.05
31,0.0,0.0,1.0,16,theory_rr,0.05
32,0.0,0.0,1.0,16,theory_rr,0.05
33,0.0,0.0,1.0,16,theory_rr,0.05
34,0.0,0.0,1.0,16,theory_rr,0.05
35,0.0,0.0,1.0,16,theory_rr,0.05
36,0.0,0.0,1.0,16,theory_rr,0.05
37,0.0,0.0,1.0,16,theory_rr,0.05
38,0.0,0.0,1.0,16,theory_rr,0.05
39,0.0,0.0,1.0,16,theory_rr,0.05
40,0.0,0.0,1.0,16,theory_rr,0.05
41,0.0,0.0,1.0,16,theory_rr,0.05
42,0.0,0.0,1.0,16,theory_rr,0.05
43,0.0,0.0,1.0,16,theory_rr,0.05
44,0.0,0.0,1.0,16,theory_rr,0.05
45,0.0,0.0,1.0,16,theory_rr,0.05
46,0.0,0.0,1.0,16,theory_rr,0.05
47,0.0,0.0,1.0,16,theory_rr,0.05
48,0.0,0.0,1.0,16,theory_rr,0.05
49,0.0,0.0,1.0,16,theory_rr,0.05
50,0.0,0.0,1.0,16,theory_rr,0.05
51,0.0,0.0,1.0,16,theory_rr,0.05
52,0.0,0.0,1.0,16,theory_rr,0.05
53,0.0,0.0,1.0,16,theory_rr,0.05
54,0.0,0.0,1.0,16,theory_rr,0.05
55,0.0,0.0,1.0,16,theory_rr,0.05
56,0.0,0.0,1.0,16,theory_rr,0.05
57,0.0,0.0,1.0,16,theory_rr,0.05
58,0.0,0.0,1.0,16,theory_rr,0.05
59,0.0,0.0,1.0,16,theory_rr,0.05
60,0.0,0.0,1.0,16,theory_rr,0.05
61,0.0,0.0,1.0,16,theory_rr,0.05
62,0.0,0.0,1.0,16,theory_rr,0.05
63,0.0,0.0,1.0,16,theory_rr,0.05
64,0.0,0.0,1.0,16,theory_rr,0.05
65,0.0,0.0,1.0,16,theory_rr,0.05
66,0.0,0.0,1.0,16,theory_rr,0.05
67,0.0,0.0,1.0,16,theory_rr,0.05
68,0.0,0.0,1.0,16,theory_rr,0.05
69,0.0,0.0,1.0,16,theory_rr,0.05
70,0.0,0.0,1.0,16,theory_rr,0.05
71,0.0,0.0,1.0,16,theory_rr,0.05
72,0.0,0.0,1.0,16,theory_rr,0.05
73,0.0,0.0,1.0,16,theory_rr,0.05
74,0.0,0.0,1.0,16,theory_rr,0.05
75,0.0,0.0,1.0,16,theory_rr,0.05
76,0.0,0.0,1.0,16,theory_rr,0.05
77,0.0,0.0,1.0,16,theory_rr,0.05
78,0.0,0.0,1.0,16,theory_rr,0.05
79,0.0,0.0,1.0,16,theory_rr,0.05
80,0.0,0.0,1.0,16,theory_rr,0.05
81,0.0,0.0,1.0,16,theory_rr,0.05
82,0.0,0.0,1.0,16,theory_rr,0.05
83,0.0,0.0,1.0,16,theory_rr,0.05
84,0.0,0.0,1.0,16,theory_rr,0.05
85,0.0,0.0,1.0,16,theory_rr,0.05
86,0.0,0.0,1.0,16,theory_rr,0.05
87,0.0,0.0,1.0,16,theory_rr,0.05
88,0.0,0.0,1.0,16,theory_rr,0.05
89,0.0,0.0,1.0,16,theory_rr,0.05
90,0.0,0.0,1.0,16,theory_rr,0.05
91,0.0,0.0,1.0,16,theory_rr,0.05
92,0.0,0.0,1.0,16,theory_rr,0.05
93,0.0,0.0,1.0,16,theory_rr,0.05
94,0.0,0.0,1.0,16,theory_rr,0.05
95,0.0,0.0,1.0,16,theory_rr,0.05
96,0.0,0.0,1.0,16,theory_rr,0.05
97,0.0,0.0,1.0,16,theory_rr,0.05
98,0.0,0.0,1.0,16,theory_rr,0.05
99,0.0,0.0,1.0,16,theory_rr,0.05
100,0.0,0.0,1.0,16,theory_rr,0.05
0,0.0,1.0,0.0,16,theory_rr_async,0.05
1,0.0,0.95,0.05,16,theory_rr_async,0.05
2,0.0,0.9,0.1,16,theory_rr_async,0.05
3,0.0,0.855,0.145,16,theory_rr_async,0.05
4,0.0,0.815,0.185,16,theory_rr_async,0.05
5,0.0,0.77,0.23,16,theory_rr_async,0.05
6,0.0,0.725,0.275,16,theory_rr_async,0.05
7,0.0,0.69,0.31,16,theory_rr_async,0.05
8,0.0,0.665,0.335,16,theory_rr_async,0.05
9,0.0,0.625,0.375,16,theory_rr_async,0.05
10,0.0,0.59,0.41,16,theory_rr_async,0.05
11,0.0,0.54,0.46,16,theory_rr_async,0.05
12,0.0,0.515,0.485,16,theory_rr_async,0.05
13,0.0,0.5,0.5,16,theory_rr_async,0.05
14,0.0,0.47,0.53,16,theory_rr_async,0.05
15,0.0,0.465,0.535,16,theory_rr_async,0.05
16,0.0,0.44,0.56,16,theory_rr_async,0.05
17,0.0,0.435,0.565,16,theory_rr_async,0.05
18,0.0,0.4,0.6,16,theory_rr_async,0.05
19,0.0,0.39,0.61,16,theory_rr_async,0.05
20,0.0,0.37,0.63,16,theory_rr_async,0.05
21,0.0,0.35,0.65,16,theory_rr_async,0.05
22,0.0,0.335,0.665,16,theory_rr_async,0.05
23,0.0,0.32,0.68,16,theory_rr_async,0.05
24,0.0,0.3,0.7,16,theory_rr_async,0.05
25,0.0,0.27,0.73,16,theory_rr_async,0.05
26,0.0,0.25,0.75,16,theory_rr_async,0.05
27,0.0,0.235,0.765,16,theory_rr_async,0.05
28,0.0,0.23,0.77,16,theory_rr_async,0.05
29,0.0,0.22,0.78,16,theory_rr_async,0.05
30,0.0,0.2,0.8,16,theory_rr_async,0.05
31,0.0,0.19,0.81,16,theory_rr_async,0.05
32,0.0,0.185,0.815,16,theory_rr_async,0.05
33,0.0,0.18,0.82,16,theory_rr_async,0.05
34,0.0,0.17,0.83,16,theory_rr_async,0.05
35,0.0,0.16,0.84,16,theory_rr_async,0.05
36,0.0,0.155,0.845,16,theory_rr_async,0.05
37,0.0,0.155,0.845,16,theory_rr_async,0.05
38,0.0,0.15,0.85,16,theory_rr_async,0.05
39,0.0,0.15,0.85,16,theory_rr_async,0.05
40,0.0,0.14,0.86,16,theory_rr_async,0.05
41,0.0,0.135,0.865,16,theory_rr_async,0.05
42,0.0,0.135,0.865,16,theory_rr_async,0.05
43,0.0,0.115,0.885,16,theory_rr_async,0.05
44,0.0,0.105,0.895,16,theory_rr_async,0.05
45,0.0,0.09,0.91,16,theory_rr_async,0.05
46,0.0,0.08,0.92,16,theory_rr_async,0.05
47,0.0,0.07,0.93,16,theory_rr_async,0.05
48,0.0,0.07,0.93,16,theory_rr_async,0.05
49,0.0,0.065,0.935,16,theory_rr_async,0.05
50,0.0,0.065,0.935,16,theory_rr_async,0.05
51,0.0,0.065,0.935,16,theory_rr_async,0.05
52,0.0,0.055,0.945,16,theory_rr_async,0.05
53,0.0,0.055,0.945,16,theory_rr_async,0.05
54,0.0,0.055,0.945,16,theory_rr_async,0.05
55,0.0,0.055,0.945,16,theory_rr_async,0.05
56,0.0,0.055,0.945,16,theory_rr_async,0.05
57,0.0,0.055,0.945,16,theory_rr_async,0.05
58,0.0,0.055,0.945,16,theory_rr_async,0.05
59,0.0,0.05,0.95,16,theory_rr_async,0.05
60,0.0,0.05,0.95,16,theory_rr_async,0.05
61,0.0,0.05,0.95,16,theory_rr_async,0.05
62,0.0,0.05,0.95,16,theory_rr_async,0.05
63,0.0,0.05,0.95,16,theory_rr_async,0.05
64,0.0,0.04,0.96,16,theory_rr_async,0.05
65,0.0,0.04,0.96,16,theory_rr_async,0.05
66,0.0,0.04,0.96,16,theory_rr_async,0.05
67,0.0,0.04,0.96,16,theory_rr_async,0.05
68,0.0,0.035,0.965,16,theory_rr_async,0.05
69,0.0,0.03,0.97,16,theory_rr_async,0.05
70,0.0,0.03,0.97,16,theory_rr_async,0.05
71,0.0,0.03,0.97,16,theory_rr_async,0.05
72,0.0,0.03,0.97,16,theory_rr_async,0.05
73,0.0,0.03,0.97,16,theory_rr_async,0.05
74,0.0,0.025,0.975,16,theory_rr_async,0.05
75,0.0,0.025,0.975,16,theory_rr_async,0.05
76,0.0,0.025,0.975,16,theory_rr_async,0.05
77,0.0,0.02,0.98,16,theory_rr_async,0.05
78,0.0,0.015,0.985,16,theory_rr_async,0.05
79,0.0,0.01,0.99,16,theory_rr_async,0.05
80,0.0,0.01,0.99,16,theory_rr_async,0.05
81,0.0,0.01,0.99,16,theory_rr_async,0.05
82,0.0,0.01,0.99,16,theory_rr_async,0.05
83,0.0,0.01,0.99,16,theory_rr_async,0.05
84,0.0,0.01,0.99,16,theory_rr_async,0.05
85,0.0,0.01,0.99,16,theory_rr_async,0.05
86,0.0,0.01,0.99,16,theory_rr_async,0.05
87,0.0,0.01,0.99,16,theory_rr_async,0.05
88,0.0,0.01,0.99,16,theory_rr_async,0.05
89,0.0,0.005,0.995,16,theory_rr_async,0.05
90,0.0,0.005,0.995,16,theory_rr_async,0.05
91,0.0,0.005,0.995,16,theory_rr_async,0.05
92,0.0,0.005,0.995,16,theory_rr_async,0.05
93,0.0,0.005,0.995,16,theory_rr_async,0.05
94,0.0,0.005,0.995,16,theory_rr_async,0.05
95,0.0,0.005,0.995,16,theory_rr_async,0.05
96,0.0,0.005,0.995,16,theory_rr_async,0.05
97,0.0,0.005,0.995,16,theory_rr_async,0.05
98,0.0,0.005,0.995,16,theory_rr_async,0.05
99,0.0,0.005,0.995,16,theory_rr_async,0.05
100,0.0,0.005,0.995,16,theory_rr_async,0.05
0,0.0,1.0,0.0,17,simulation_rr,0.05
1,0.0,0.95,0.05,17,simulation_rr,0.05
2,0.0,0.9,0.1,17,simulation_rr,0.05
3,0.0,0.855,0.145,17,simulation_rr,0.05
4,0.0,0.81,0.19,17,simulation_rr,0.05
5,0.0,0.775,0.225,17,simulation_rr,0.05
6,0.0,0.745,0.255,17,simulation_rr,0.05
7,0.0,0.71,0.29,17,simulation_rr,0.05
8,0.0,0.675,0.325,17,simulation_rr,0.05
9,0.0,0.645,0.355,17,simulation_rr,0.05
10,0.0,0.625,0.375,17,simulation_rr,0.05
11,0.0,0.58,0.42,17,simulation_rr,0.05
12,0.0,0.555,0.445,17,simulation_rr,0.05
13,0.0,0.535,0.465,17,simulation_rr,0.05
14,0.0,0.505,0.495,17,simulation_rr,0.05
15,0.0,0.485,0.515,17,simulation_rr,0.05
16,0.0,0.455,0.545,17,simulation_rr,0.05
17,0.0,0.435,0.565,17,simulation_rr,0.05
18,0.0,0.415,0.585,17,simulation_rr,0.05
19,0.0,0.405,0.595,17,simulation_rr,0.05
20,0.0,0.38,0.62,17,simulation_rr,0.05
21,0.0,0.365,0.635,17,simulation_rr,0.05
22,0.0,0.365,0.635,17,simulation_rr,0.05
23,0.0,0.35,0.65,17,simulation_rr,0.05
24,0.0,0.34,0.66,17,simulation_rr,0.05
25,0.0,0.315,0.685,17,simulation_rr,0.05
26,0.0,0.3,0.7,17,simulation_rr,0.05
27,0.0,0.295,0.705,17,simulation_rr,0.05
28,0.0,0.28,0.72,17,simulation_rr,0.05
29,0.0,0.275,0.725,17,simulation_rr,0.05
30,0.0,0.265,0.735,17,simulation_rr,0.05
31,0.0,0.25,0.75,17,simulation_rr,0.05
32,0.0,0.245,0.755,17,simulation_rr,0.05
33,0.0,0.24,0.76,17,simulation_rr,0.05
34,0.0,0.225,0.775,17,simulation_rr,0.05
35,0.0,0.21,0.79,17,simulation_rr,0.05
36,0.0,0.2,0.8,17,simulation_rr,0.05
37,0.0,0.185,0.815,17,simulation_rr,0.05
38,0.0,0.185,0.815,17,simulation_rr,0.05
39,0.0,0.17,0.83,17,simulation_rr,0.05
40,0.0,0.16,0.84,17,simulation_rr,0.05
41,0.0,0.15,0.85,17,simulation_rr,0.05
42,0.0,0.14,0.86,17,simulation_rr,0.05
43,0.0,0.135,0.865,17,simulation_rr,0.05
44,0.0,0.135,0.865,17,simulation_rr,0.05
45,0.0,0.125,0.875,17,simulation_rr,0.05
46,0.0,0.125,0.875,17,simulation_rr,0.05
47,0.0,0.12,0.88,17,simulation_rr,0.05
48,0.0,0.115,0.885,17,simulation_rr,0.05
49,0.0,0.11,0.89,17,simulation_rr,0.05
50,0.0,0.105,0.895,17,simulation_rr,0.05
51,0.0,0.09,0.91,17,simulation_rr,0.05
52,0.0,0.09,0.91,17,simulation_rr,0.05
53,0.0,0.075,0.925,17,simulation_rr,0.05
54,0.0,0.075,0.925,17,simulation_rr,0.05
55,0.0,0.065,0.935,17,simulation_rr,0.05
56,0.0,0.06,0.94,17,simulation_rr,0.05
57,0.0,0.05,0.95,17,simulation_rr,0.05
58,0.0,0.045,0.955,17,simulation_rr,0.05
59,0.0,0.04,0.96,17,simulation_rr,0.05
60,0.0,0.04,0.96,17,simulation_rr,0.05
61,0.0,0.035,0.965,17,simulation_rr,0.05
62,0.0,0.035,0.965,17,simulation_rr,0.05
63,0.0,0.03,0.97,17,simulation_rr,0.05
64,0.0,0.03,0.97,17,simulation_rr,0.05
65,0.0,0.03,0.97,17,simulation_rr,0.05
66,0.0,0.025,0.975,17,simulation_rr,0.05
67,0.0,0.025,0.975,17,simulation_rr,0.05
68,0.0,0.025,0.975,17,simulation_rr,0.05
69,0.0,0.025,0.975,17,simulation_rr,0.05
70,0.0,0.025,0.975,17,simulation_rr,0.05
0,0.0,1.0,0.0,17,theory_rr,0.05
1,0.0,0.0,1.0,17,theory_rr,0.05
2,0.0,0.0,1.0,17,theory_rr,0.05
3,0.0,0.0,1.0,17,theory_rr,0.05
4,0.0,0.0,1.0,17,theory_rr,0.05
5,0.0,0.0,1.0,17,theory_rr,0.05
6,0.0,0.0,1.0,17,theory_rr,0.05
7,0.0,0.0,1.0,17,theory_rr,0.05
8,0.0,0.0,1.0,17,theory_rr,0.05
9,0.0,0.0,1.0,17,theory_rr,0.05
10,0.0,0.0,1.0,17,theory_rr,0.05
11,0.0,0.0,1.0,17,theory_rr,0.05
12,0.0,0.0,1.0,17,theory_rr,0.05
13,0.0,0.0,1.0,17,theory_rr,0.05
14,0.0,0.0,1.0,17,theory_rr,0.05
15,0.0,0.0,1.0,17,theory_rr,0.05
16,0.0,0.0,1.0,17,theory_rr,0.05
17,0.0,0.0,1.0,17,theory_rr,0.05
18,0.0,0.0,1.0,17,theory_rr,0.05
19,0.0,0.0,1.0,17,theory_rr,0.05
20,0.0,0.0,1.0,17,theory_rr,0.05
21,0.0,0.0,1.0,17,theory_rr,0.05
22,0.0,0.0,1.0,17,theory_rr,0.05
23,0.0,0.0,1.0,17,theory_rr,0.05
24,0.0,0.0,1.0,17,theory_rr,0.05
25,0.0,0.0,1.0,17,theory_rr,0.05
26,0.0,0.0,1.0,17,theory_rr,0.05
27,0.0,0.0,1.0,17,theory_rr,0.05
28,0.0,0.0,1.0,17,theory_rr,0.05
29,0.0,0.0,1.0,17,theory_rr,0.05
30,0.0,0.0,1.0,17,theory_rr,0.05
31,0.0,0.0,1.0,17,theory_rr,0.05
32,0.0,0.0,1.0,17,theory_rr,0.05
33,0.0,0.0,1.0,17,theory_rr,0.05
34,0.0,0.0,1.0,17,theory_rr,0.05
35,0.0,0.0,1.0,17,theory_rr,0.05
36,0.0,0.0,1.0,17,theory_rr,0.05
37,0.0,0.0,1.0,17,theory_rr,0.05
38,0.0,0.0,1.0,17,theory_rr,0.05
39,0.0,0.0,1.0,17,theory_rr,0.05
40,0.0,0.0,1.0,17,theory_rr,0.05
41,0.0,0.0,1.0,17,theory_rr,0.05
42,0.0,0.0,1.0,17,theory_rr,0.05
43,0.0,0.0,1.0,17,theory_rr,0.05
44,0.0,0.0,1.0,17,theory_rr,0.05
45,0.0,0.0,1.0,17,theory_rr,0.05
46,0.0,0.0,1.0,17,theory_rr,0.05
47,0.0,0.0,1.0,17,theory_rr,0.05
48,0.0,0.0,1.0,17,theory_rr,0.05
49,0.0,0.0,1.0,17,theory_rr,0.05
50,0.0,0.0,1.0,17,theory_rr,0.05
51,0.0,0.0,1.0,17,theory_rr,0.05
52,0.0,0.0,1.0,17,theory_rr,0.05
53,0.0,0.0,1.0,17,theory_rr,0.05
54,0.0,0.0,1.0,17,theory_rr,0.05
55,0.0,0.0,1.0,17,theory_rr,0.05
56,0.0,0.0,1.0,17,theory_rr,0.05
57,0.0,0.0,1.0,17,theory_rr,0.05
58,0.0,0.0,1.0,17,theory_rr,0.05
59,0.0,0.0,1.0,17,theory_rr,0.05
60,0.0,0.0,1.0,17,theory_rr,0.05
61,0.0,0.0,1.0,17,theory_rr,0.05
62,0.0,0.0,1.0,17,theory_rr,0.05
63,0.0,0.0,1.0,17,theory_rr,0.05
64,0.0,0.0,1.0,17,theory_rr,0.05
65,0.0,0.0,1.0,17,theory_rr,0.05
66,0.0,0.0,1.0,17,theory_rr,0.05
67,0.0,0.0,1.0,17,theory_rr,0.05
68,0.0,0.0,1.0,17,theory_rr,0.05
69,0.0,0.0,1.0,17,theory_rr,0.05
70,0.0,0.0,1.0,17,theory_rr,0.05
71,0.0,0.0,1.0,17,theory_rr,0.05
72,0.0,0.0,1.0,17,theory_rr,0.05
73,0.0,0.0,1.0,17,theory_rr,0.05
74,0.0,0.0,1.0,17,theory_rr,0.05
75,0.0,0.0,1.0,17,theory_rr,0.05
76,0.0,0.0,1.0,17,theory_rr,0.05
77,0.0,0.0,1.0,17,theory_rr,0.05
78,0.0,0.0,1.0,17,theory_rr,0.05
79,0.0,0.0,1.0,17,theory_rr,0.05
80,0.0,0.0,1.0,17,theory_rr,0.05
81,0.0,0.0,1.0,17,theory_rr,0.05
82,0.0,0.0,1.0,17,theory_rr,0.05
83,0.0,0.0,1.0,17,theory_rr,0.05
84,0.0,0.0,1.0,17,theory_rr,0.05
85,0.0,0.0,1.0,17,theory_rr,0.05
86,0.0,0.0,1.0,17,theory_rr,0.05
87,0.0,0.0,1.0,17,theory_rr,0.05
88,0.0,0.0,1.0,17,theory_rr,0.05
89,0.0,0.0,1.0,17,theory_rr,0.05
90,0.0,0.0,1.0,17,theory_rr,0.05
91,0.0,0.0,1.0,17,theory_rr,0.05
92,0.0,0.0,1.0,17,theory_rr,0.05
93,0.0,0.0,1.0,17,theory_rr,0.05
94,0.0,0.0,1.0,17,theory_rr,0.05
95,0.0,0.0,1.0,17,theory_rr,0.05
96,0.0,0.0,1.0,17,theory_rr,0.05
97,0.0,0.0,1.0,17,theory_rr,0.05
98,0.0,0.0,1.0,17,theory_rr,0.05
99,0.0,0.0,1.0,17,theory_rr,0.05
100,0.0,0.0,1.0,17,theory_rr,0.05
0,0.0,1.0,0.0,17,theory_rr_async,0.05
1,0.0,0.95,0.05,17,theory_rr_async,0.05
2,0.0,0.9,0.1,17,theory_rr_async,0.05
3,0.0,0.855,0.145,17,theory_rr_async,0.05
4,0.0,0.81,0.19,17,theory_rr_async,0.05
5,0.0,0.775,0.225,17,theory_rr_async,0.05
6,0.0,0.745,0.255,17,theory_rr_async,0.05
7,0.0,0.71,0.29,17,theory_rr_async,0.05
8,0.0,0.675,0.325,17,theory_rr_async,0.05
9,0.0,0.645,0.355,17,theory_rr_async,0.05
10,0.0,0.625,0.375,17,theory_rr_async,0.05
11,0.0,0.58,0.42,17,theory_rr_async,0.05
12,0.0,0.555,0.445,17,theory_rr_async,0.05
13,0.0,0.535,0.465,17,theory_rr_async,0.05
14,0.0,0.505,0.495,17,theory_rr_async,0.05
15,0.0,0.485,0.515,17,theory_rr_async,0.05
16,0.0,0.455,0.545,17,theory_rr_async,0.05
17,0.0,0.435,0.565,17,theory_rr_async,0.05
18,0.0,0.415,0.585,17,theory_rr_async,0.05
19,0.0,0.405,0.595,17,theory_rr_async,0.05
20,0.0,0.38,0.62,17,theory_rr_async,0.05
21,0.0,0.365,0.635,17,theory_rr_async,0.05
22,0.0,0.365,0.635,17,theory_rr_async,0.05
23,0.0,0.35,0.65,17,theory_rr_async,0.05
24,0.0,0.34,0.66,17,theory_rr_async,0.05
25,0.0,0.315,0.685,17,theory_rr_async,0.05
26,0.0,0.3,0.7,17,theory_rr_async,0.05
27,0.0,0.295,0.705,17,theory_rr_async,0.05
28,0.0,0.28,0.72,17,theory_rr_async,0.05
29,0.0,0.275,0.725,17,theory_rr_async,0.05
30,0.0,0.265,0.735,17,theory_rr_async,0.05
31,0.0,0.25,0.75,17,theory_rr_async,0.05
32,0.0,0.245,0.755,17,theory_rr_async,0.05
33,0.0,0.24,0.76,17,theory_rr_async,0.05
34,0.0,0.225,0.775,17,theory_rr_async,0.05
35,0.0,0.21,0.79,17,theory_rr_async,0.05
36,0.0,0.2,0.8,17,theory_rr_async,0.05
37,0.0,0.185,0.815,17,theory_rr_async,0.05
38,0.0,0.185,0.815,17,theory_rr_async,0.05
39,0.0,0.17,0.83,17,theory_rr_async,0.05
40,0.0,0.16,0.84,17,theory_rr_async,0.05
41,0.0,0.15,0.85,17,theory_rr_async,0.05
42,0.0,0.14,0.86,17,theory_rr_async,0.05
43,0.0,0.135,0.865,17,theory_rr_async,0.05
44,0.0,0.135,0.865,17,theory_rr_async,0.05
45,0.0,0.125,0.875,17,theory_rr_async,0.05
46,0.0,0.125,0.875,17,theory_rr_async,0.05
47,0.0,0.12,0.88,17,theory_rr_async,0.05
48,0.0,0.115,0.885,17,theory_rr_async,0.05
49,0.0,0.11,0.89,17,theory_rr_async,0.05
50,0.0,0.105,0.895,17,theory_rr_async,0.05
51,0.0,0.09,0.91,17,theory_rr_async,0.05
52,0.0,0.09,0.91,17,theory_rr_async,0.05
53,0.0,0.075,0.925,17,theory_rr_async,0.05
54,0.0,0.075,0.925,17,theory_rr_async,0.05
55,0.0,0.065,0.935,17,theory_rr_async,0.05
56,0.0,0.06,0.94,17,theory_rr_async,0.05
57,0.0,0.05,0.95,17,theory_rr_async,0.05
58,0.0,0.045,0.955,17,theory_rr_async,0.05
59,0.0,0.04,0.96,17,theory_rr_async,0.05
60,0.0,0.04,0.96,17,theory_rr_async,0.05
61,0.0,0.035,0.965,17,theory_rr_async,0.05
62,0.0,0.035,0.965,17,theory_rr_async,0.05
63,0.0,0.03,0.97,17,theory_rr_async,0.05
64,0.0,0.03,0.97,17,theory_rr_async,0.05
65,0.0,0.03,0.97,17,theory_rr_async,0.05
66,0.0,0.025,0.975,17,theory_rr_async,0.05
67,0.0,0.025,0.975,17,theory_rr_async,0.05
68,0.0,0.025,0.975,17,theory_rr_async,0.05
69,0.0,0.025,0.975,17,theory_rr_async,0.05
70,0.0,0.025,0.975,17,theory_rr_async,0.05
71,0.0,0.025,0.975,17,theory_rr_async,0.05
72,0.0,0.025,0.975,17,theory_rr_async,0.05
73,0.0,0.025,0.975,17,theory_rr_async,0.05
74,0.0,0.025,0.975,17,theory_rr_async,0.05
75,0.0,0.025,0.975,17,theory_rr_async,0.05
76,0.0,0.025,0.975,17,theory_rr_async,0.05
77,0.0,0.025,0.975,17,theory_rr_async,0.05
78,0.0,0.025,0.975,17,theory_rr_async,0.05
79,0.0,0.025,0.975,17,theory_rr_async,0.05
80,0.0,0.025,0.975,17,theory_rr_async,0.05
81,0.0,0.025,0.975,17,theory_rr_async,0.05
82,0.0,0.025,0.975,17,theory_rr_async,0.05
83,0.0,0.02,0.98,17,theory_rr_async,0.05
84,0.0,0.015,0.985,17,theory_rr_async,0.05
85,0.0,0.015,0.985,17,theory_rr_async,0.05
86,0.0,0.015,0.985,17,theory_rr_async,0.05
87,0.0,0.015,0.985,17,theory_rr_async,0.05
88,0.0,0.015,0.985,17,theory_rr_async,0.05
89,0.0,0.015,0.985,17,theory_rr_async,0.05
90,0.0,0.015,0.985,17,theory_rr_async,0.05
91,0.0,0.01,0.99,17,theory_rr_async,0.05
92,0.0,0.01,0.99,17,theory_rr_async,0.05
93,0.0,0.01,0.99,17,theory_rr_async,0.05
94,0.0,0.01,0.99,17,theory_rr_async,0.05
95,0.0,0.01,0.99,17,theory_rr_async,0.05
96,0.0,0.01,0.99,17,theory_rr_async,0.05
97,0.0,0.01,0.99,17,theory_rr_async,0.05
98,0.0,0.01,0.99,17,theory_rr_async,0.05
99,0.0,0.01,0.99,17,theory_rr_async,0.05
100,0.0,0.01,0.99,17,theory_rr_async,0.05
0,0.0,0.94,0.06,18,simulation_rr,0.05
1,0.0,0.89,0.11,18,simulation_rr,0.05
2,0.0,0.85,0.15,18,simulation_rr,0.05
3,0.0,0.805,0.195,18,simulation_rr,0.05
4,0.0,0.76,0.24,18,simulation_rr,0.05
5,0.0,0.71,0.29,18,simulation_rr,0.05
6,0.0,0.675,0.325,18,simulation_rr,0.05
7,0.0,0.635,0.365,18,simulation_rr,0.05
8,0.0,0.595,0.405,18,simulation_rr,0.05
9,0.0,0.565,0.435,18,simulation_rr,0.05
10,0.0,0.53,0.47,18,simulation_rr,0.05
11,0.0,0.505,0.495,18,simulation_rr,0.05
12,0.0,0.48,0.52,18,simulation_rr,0.05
13,0.0,0.44,0.56,18,simulation_rr,0.05
14,0.0,0.415,0.585,18,simulation_rr,0.05
15,0.0,0.405,0.595,18,simulation_rr,0.05
16,0.0,0.4,0.6,18,simulation_rr,0.05
17,0.0,0.385,0.615,18,simulation_rr,0.05
18,0.0,0.37,0.63,18,simulation_rr,0.05
19,0.0,0.35,0.65,18,simulation_rr,0.05
20,0.0,0.325,0.675,18,simulation_rr,0.05
21,0.0,0.305,0.695,18,simulation_rr,0.05
22,0.0,0.295,0.705,18,simulation_rr,0.05
23,0.0,0.28,0.72,18,simulation_rr,0.05
24,0.0,0.27,0.73,18,simulation_rr,0.05
25,0.0,0.26,0.74,18,simulation_rr,0.05
26,0.0,0.245,0.755,18,simulation_rr,0.05
27,0.0,0.23,0.77,18,simulation_rr,0.05
28,0.0,0.23,0.77,18,simulation_rr,0.05
29,0.0,0.205,0.795,18,simulation_rr,0.05
30,0.0,0.2,0.8,18,simulation_rr,0.05
31,0.0,0.195,0.805,18,simulation_rr,0.05
32,0.0,0.185,0.815,18,simulation_rr,0.05
33,0.0,0.175,0.825,18,simulation_rr,0.05
34,0.0,0.165,0.835,18,simulation_rr,0.05
35,0.0,0.16,0.84,18,simulation_rr,0.05
36,0.0,0.155,0.845,18,simulation_rr,0.05
37,0.0,0.15,0.85,18,simulation_rr,0.05
38,0.0,0.145,0.855,18,simulation_rr,0.05
39,0.0,0.125,0.875,18,simulation_rr,0.05
40,0.0,0.12,0.88,18,simulation_rr,0.05
41,0.0,0.11,0.89,18,simulation_rr,0.05
42,0.0,0.105,0.895,18,simulation_rr,0.05
43,0.0,0.105,0.895,18,simulation_rr,0.05
44,0.0,0.095,0.905,18,simulation_rr,0.05
45,0.0,0.09,0.91,18,simulation_rr,0.05
46,0.0,0.085,0.915,18,simulation_rr,0.05
47,0.0,0.08,0.92,18,simulation_rr,0.05
48,0.0,0.065,0.935,18,simulation_rr,0.05
49,0.0,0.06,0.94,18,simulation_rr,0.05
50,0.0,0.055,0.945,18,simulation_rr,0.05
51,0.0,0.045,0.955,18,simulation_rr,0.05
52,0.0,0.045,0.955,18,simulation_rr,0.05
53,0.0,0.045,0.955,18,simulation_rr,0.05
54,0.0,0.035,0.965,18,simulation_rr,0.05
55,0.0,0.035,0.965,18,simulation_rr,0.05
56,0.0,0.035,0.965,18,simulation_rr,0.05
57,0.0,0.035,0.965,18,simulation_rr,0.05
58,0.0,0.03,0.97,18,simulation_rr,0.05
59,0.0,0.03,0.97,18,simulation_rr,0.05
60,0.0,0.03,0.97,18,simulation_rr,0.05
61,0.0,0.03,0.97,18,simulation_rr,0.05
62,0.0,0.03,0.97,18,simulation_rr,0.05
0,0.0,0.94,0.06,18,theory_rr,0.05
1,0.0,0.0,1.0,18,theory_rr,0.05
2,0.0,0.0,1.0,18,theory_rr,0.05
3,0.0,0.0,1.0,18,theory_rr,0.05
4,0.0,0.0,1.0,18,theory_rr,0.05
5,0.0,0.0,1.0,18,theory_rr,0.05
6,0.0,0.0,1.0,18,theory_rr,0.05
7,0.0,0.0,1.0,18,theory_rr,0.05
8,0.0,0.0,1.0,18,theory_rr,0.05
9,0.0,0.0,1.0,18,theory_rr,0.05
10,0.0,0.0,1.0,18,theory_rr,0.05
11,0.0,0.0,1.0,18,theory_rr,0.05
12,0.0,0.0,1.0,18,theory_rr,0.05
13,0.0,0.0,1.0,18,theory_rr,0.05
14,0.0,0.0,1.0,18,theory_rr,0.05
15,0.0,0.0,1.0,18,theory_rr,0.05
16,0.0,0.0,1.0,18,theory_rr,0.05
17,0.0,0.0,1.0,18,theory_rr,0.05
18,0.0,0.0,1.0,18,theory_rr,0.05
19,0.0,0.0,1.0,18,theory_rr,0.05
20,0.0,0.0,1.0,18,theory_rr,0.05
21,0.0,0.0,1.0,18,theory_rr,0.05
22,0.0,0.0,1.0,18,theory_rr,0.05
23,0.0,0.0,1.0,18,theory_rr,0.05
24,0.0,0.0,1.0,18,theory_rr,0.05
25,0.0,0.0,1.0,18,theory_rr,0.05
26,0.0,0.0,1.0,18,theory_rr,0.05
27,0.0,0.0,1.0,18,theory_rr,0.05
28,0.0,0.0,1.0,18,theory_rr,0.05
29,0.0,0.0,1.0,18,theory_rr,0.05
30,0.0,0.0,1.0,18,theory_rr,0.05
31,0.0,0.0,1.0,18,theory_rr,0.05
32,0.0,0.0,1.0,18,theory_rr,0.05
33,0.0,0.0,1.0,18,theory_rr,0.05
34,0.0,0.0,1.0,18,theory_rr,0.05
35,0.0,0.0,1.0,18,theory_rr,0.05
36,0.0,0.0,1.0,18,theory_rr,0.05
37,0.0,0.0,1.0,18,theory_rr,0.05
38,0.0,0.0,1.0,18,theory_rr,0.05
39,0.0,0.0,1.0,18,theory_rr,0.05
40,0.0,0.0,1.0,18,theory_rr,0.05
41,0.0,0.0,1.0,18,theory_rr,0.05
42,0.0,0.0,1.0,18,theory_rr,0.05
43,0.0,0.0,1.0,18,theory_rr,0.05
44,0.0,0.0,1.0,18,theory_rr,0.05
45,0.0,0.0,1.0,18,theory_rr,0.05
46,0.0,0.0,1.0,18,theory_rr,0.05
47,0.0,0.0,1.0,18,theory_rr,0.05
48,0.0,0.0,1.0,18,theory_rr,0.05
49,0.0,0.0,1.0,18,theory_rr,0.05
50,0.0,0.0,1.0,18,theory_rr,0.05
51,0.0,0.0,1.0,18,theory_rr,0.05
52,0.0,0.0,1.0,18,theory_rr,0.05
53,0.0,0.0,1.0,18,theory_rr,0.05
54,0.0,0.0,1.0,18,theory_rr,0.05
55,0.0,0.0,1.0,18,theory_rr,0.05
56,0.0,0.0,1.0,18,theory_rr,0.05
57,0.0,0.0,1.0,18,theory_rr,0.05
58,0.0,0.0,1.0,18,theory_rr,0.05
59,0.0,0.0,1.0,18,theory_rr,0.05
60,0.0,0.0,1.0,18,theory_rr,0.05
61,0.0,0.0,1.0,18,theory_rr,0.05
62,0.0,0.0,1.0,18,theory_rr,0.05
63,0.0,0.0,1.0,18,theory_rr,0.05
64,0.0,0.0,1.0,18,theory_rr,0.05
65,0.0,0.0,1.0,18,theory_rr,0.05
66,0.0,0.0,1.0,18,theory_rr,0.05
67,0.0,0.0,1.0,18,theory_rr,0.05
68,0.0,0.0,1.0,18,theory_rr,0.05
69,0.0,0.0,1.0,18,theory_rr,0.05
70,0.0,0.0,1.0,18,theory_rr,0.05
71,0.0,0.0,1.0,18,theory_rr,0.05
72,0.0,0.0,1.0,18,theory_rr,0.05
73,0.0,0.0,1.0,18,theory_rr,0.05
74,0.0,0.0,1.0,18,theory_rr,0.05
75,0.0,0.0,1.0,18,theory_rr,0.05
76,0.0,0.0,1.0,18,theory_rr,0.05
77,0.0,0.0,1.0,18,theory_rr,0.05
78,0.0,0.0,1.0,18,theory_rr,0.05
79,0.0,0.0,1.0,18,theory_rr,0.05
80,0.0,0.0,1.0,18,theory_rr,0.05
81,0.0,0.0,1.0,18,theory_rr,0.05
82,0.0,0.0,1.0,18,theory_rr,0.05
83,0.0,0.0,1.0,18,theory_rr,0.05
84,0.0,0.0,1.0,18,theory_rr,0.05
85,0.0,0.0,1.0,18,theory_rr,0.05
86,0.0,0.0,1.0,18,theory_rr,0.05
87,0.0,0.0,1.0,18,theory_rr,0.05
88,0.0,0.0,1.0,18,theory_rr,0.05
89,0.0,0.0,1.0,18,theory_rr,0.05
90,0.0,0.0,1.0,18,theory_rr,0.05
91,0.0,0.0,1.0,18,theory_rr,0.05
92,0.0,0.0,1.0,18,theory_rr,0.05
93,0.0,0.0,1.0,18,theory_rr,0.05
94,0.0,0.0,1.0,18,theory_rr,0.05
95,0.0,0.0,1.0,18,theory_rr,0.05
96,0.0,0.0,1.0,18,theory_rr,0.05
97,0.0,0.0,1.0,18,theory_rr,0.05
98,0.0,0.0,1.0,18,theory_rr,0.05
99,0.0,0.0,1.0,18,theory_rr,0.05
100,0.0,0.0,1.0,18,theory_rr,0.05
0,0.0,0.94,0.06,18,theory_rr_async,0.05
1,0.0,0.89,0.11,18,theory_rr_async,0.05
2,0.0,0.85,0.15,18,theory_rr_async,0.05
3,0.0,0.805,0.195,18,theory_rr_async,0.05
4,0.0,0.76,0.24,18,theory_rr_async,0.05
5,0.0,0.71,0.29,18,theory_rr_async,0.05
6,0.0,0.675,0.325,18,theory_rr_async,0.05
7,0.0,0.635,0.365,18,theory_rr_async,0.05
8,0.0,0.595,0.405,18,theory_rr_async,0.05
9,0.0,0.565,0.435,18,theory_rr_async,0.05
10,0.0,0.53,0.47,18,theory_rr_async,0.05
11,0.0,0.505,0.495,18,theory_rr_async,0.05
12,0.0,0.48,0.52,18,theory_rr_async,0.05
13,0.0,0.44,0.56,18,theory_rr_async,0.05
14,0.0,0.415,0.585,18,theory_rr_async,0.05
15,0.0,0.405,0.595,18,theory_rr_async,0.05
16,0.0,0.4,0.6,18,theory_rr_async,0.05
17,0.0,0.385,0.615,18,theory_rr_async,0.05
18,0.0,0.37,0.63,18,theory_rr_async,0.05
19,0.0,0.35,0.65,18,theory_rr_async,0.05
20,0.0,0.325,0.675,18,theory_rr_async,0.05
21,0.0,0.305,0.695,18,theory_rr_async,0.05
22,0.0,0.295,0.705,18,theory_rr_async,0.05
23,0.0,0.28,0.72,18,theory_rr_async,0.05
24,0.0,0.27,0.73,18,theory_rr_async,0.05
25,0.0,0.26,0.74,18,theory_rr_async,0.05
26,0.0,0.245,0.755,18,theory_rr_async,0.05
27,0.0,0.23,0.77,18,theory_rr_async,0.05
28,0.0,0.23,0.77,18,theory_rr_async,0.05
29,0.0,0.205,0.795,18,theory_rr_async,0.05
30,0.0,0.2,0.8,18,theory_rr_async,0.05
31,0.0,0.195,0.805,18,theory_rr_async,0.05
32,0.0,0.185,0.815,18,theory_rr_async,0.05
33,0.0,0.175,0.825,18,theory_rr_async,0.05
34,0.0,0.165,0.835,18,theory_rr_async,0.05
35,0.0,0.16,0.84,18,theory_rr_async,0.05
36,0.0,0.155,0.845,18,theory_rr_async,0.05
37,0.0,0.15,0.85,18,theory_rr_async,0.05
38,0.0,0.145,0.855,18,theory_rr_async,0.05
39,0.0,0.125,0.875,18,theory_rr_async,0.05
40,0.0,0.12,0.88,18,theory_rr_async,0.05
41,0.0,0.11,0.89,18,theory_rr_async,0.05
42,0.0,0.105,0.895,18,theory_rr_async,0.05
43,0.0,0.105,0.895,18,theory_rr_async,0.05
44,0.0,0.095,0.905,18,theory_rr_async,0.05
45,0.0,0.09,0.91,18,theory_rr_async,0.05
46,0.0,0.085,0.915,18,theory_rr_async,0.05
47,0.0,0.08,0.92,18,theory_rr_async,0.05
48,0.0,0.065,0.935,18,theory_rr_async,0.05
49,0.0,0.06,0.94,18,theory_rr_async,0.05
50,0.0,0.055,0.945,18,theory_rr_async,0.05
51,0.0,0.045,0.955,18,theory_rr_async,0.05
52,0.0,0.045,0.955,18,theory_rr_async,0.05
53,0.0,0.045,0.955,18,theory_rr_async,0.05
54,0.0,0.035,0.965,18,theory_rr_async,0.05
55,0.0,0.035,0.965,18,theory_rr_async,0.05
56,0.0,0.035,0.965,18,theory_rr_async,0.05
57,0.0,0.035,0.965,18,theory_rr_async,0.05
58,0.0,0.03,0.97,18,theory_rr_async,0.05
59,0.0,0.03,0.97,18,theory_rr_async,0.05
60,0.0,0.03,0.97,18,theory_rr_async,0.05
61,0.0,0.03,0.97,18,theory_rr_async,0.05
62,0.0,0.03,0.97,18,theory_rr_async,0.05
63,0.0,0.03,0.97,18,theory_rr_async,0.05
64,0.0,0.03,0.97,18,theory_rr_async,0.05
65,0.0,0.03,0.97,18,theory_rr_async,0.05
66,0.0,0.03,0.97,18,theory_rr_async,0.05
67,0.0,0.03,0.97,18,theory_rr_async,0.05
68,0.0,0.03,0.97,18,theory_rr_async,0.05
69,0.0,0.025,0.975,18,theory_rr_async,0.05
70,0.0,0.025,0.975,18,theory_rr_async,0.05
71,0.0,0.025,0.975,18,theory_rr_async,0.05
72,0.0,0.025,0.975,18,theory_rr_async,0.05
73,0.0,0.025,0.975,18,theory_rr_async,0.05
74,0.0,0.025,0.975,18,theory_rr_async,0.05
75,0.0,0.02,0.98,18,theory_rr_async,0.05
76,0.0,0.02,0.98,18,theory_rr_async,0.05
77,0.0,0.02,0.98,18,theory_rr_async,0.05
78,0.0,0.02,0.98,18,theory_rr_async,0.05
79,0.0,0.02,0.98,18,theory_rr_async,0.05
80,0.0,0.02,0.98,18,theory_rr_async,0.05
81,0.0,0.02,0.98,18,theory_rr_async,0.05
82,0.0,0.015,0.985,18,theory_rr_async,0.05
83,0.0,0.015,0.985,18,theory_rr_async,0.05
84,0.0,0.015,0.985,18,theory_rr_async,0.05
85,0.0,0.01,0.99,18,theory_rr_async,0.05
86,0.0,0.01,0.99,18,theory_rr_async,0.05
87,0.0,0.01,0.99,18,theory_rr_async,0.05
88,0.0,0.01,0.99,18,theory_rr_async,0.05
89,0.0,0.01,0.99,18,theory_rr_async,0.05
90,0.0,0.01,0.99,18,theory_rr_async,0.05
91,0.0,0.01,0.99,18,theory_rr_async,0.05
92,0.0,0.01,0.99,18,theory_rr_async,0.05
93,0.0,0.01,0.99,18,theory_rr_async,0.05
94,0.0,0.01,0.99,18,theory_rr_async,0.05
95,0.0,0.01,0.99,18,theory_rr_async,0.05
96,0.0,0.01,0.99,18,theory_rr_async,0.05
97,0.0,0.01,0.99,18,theory_rr_async,0.05
98,0.0,0.01,0.99,18,theory_rr_async,0.05
99,0.0,0.01,0.99,18,theory_rr_async,0.05
100,0.0,0.005,0.995,18,theory_rr_async,0.05
0,0.0,0.94,0.06,19,simulation_rr,0.05
1,0.0,0.89,0.11,19,simulation_rr,0.05
2,0.0,0.845,0.155,19,simulation_rr,0.05
3,0.0,0.805,0.195,19,simulation_rr,0.05
4,0.0,0.76,0.24,19,simulation_rr,0.05
5,0.0,0.72,0.28,19,simulation_rr,0.05
6,0.0,0.685,0.315,19,simulation_rr,0.05
7,0.0,0.65,0.35,19,simulation_rr,0.05
8,0.0,0.605,0.395,19,simulation_rr,0.05
9,0.0,0.565,0.435,19,simulation_rr,0.05
10,0.0,0.535,0.465,19,simulation_rr,0.05
11,0.0,0.5,0.5,19,simulation_rr,0.05
12,0.0,0.47,0.53,19,simulation_rr,0.05
13,0.0,0.445,0.555,19,simulation_rr,0.05
14,0.0,0.425,0.575,19,simulation_rr,0.05
15,0.0,0.405,0.595,19,simulation_rr,0.05
16,0.0,0.385,0.615,19,simulation_rr,0.05
17,0.0,0.365,0.635,19,simulation_rr,0.05
18,0.0,0.34,0.66,19,simulation_rr,0.05
19,0.0,0.32,0.68,19,simulation_rr,0.05
20,0.0,0.3,0.7,19,simulation_rr,0.05
21,0.0,0.29,0.71,19,simulation_rr,0.05
22,0.0,0.265,0.735,19,simulation_rr,0.05
23,0.0,0.255,0.745,19,simulation_rr,0.05
24,0.0,0.24,0.76,19,simulation_rr,0.05
25,0.0,0.235,0.765,19,simulation_rr,0.05
26,0.0,0.225,0.775,19,simulation_rr,0.05
27,0.0,0.225,0.775,19,simulation_rr,0.05
28,0.0,0.21,0.79,19,simulation_rr,0.05
29,0.0,0.2,0.8,19,simulation_rr,0.05
30,0.0,0.195,0.805,19,simulation_rr,0.05
31,0.0,0.18,0.82,19,simulation_rr,0.05
32,0.0,0.175,0.825,19,simulation_rr,0.05
33,0.0,0.16,0.84,19,simulation_rr,0.05
34,0.0,0.14,0.86,19,simulation_rr,0.05
35,0.0,0.13,0.87,19,simulation_rr,0.05
36,0.0,0.125,0.875,19,simulation_rr,0.05
37,0.0,0.11,0.89,19,simulation_rr,0.05
38,0.0,0.105,0.895,19,simulation_rr,0.05
39,0.0,0.1,0.9,19,simulation_rr,0.05
40,0.0,0.095,0.905,19,simulation_rr,0.05
41,0.0,0.095,0.905,19,simulation_rr,0.05
42,0.0,0.09,0.91,19,simulation_rr,0.05
43,0.0,0.08,0.92,19,simulation_rr,0.05
44,0.0,0.08,0.92,19,simulation_rr,0.05
45,0.0,0.08,0.92,19,simulation_rr,0.05
46,0.0,0.08,0.92,19,simulation_rr,0.05
47,0.0,0.07,0.93,19,simulation_rr,0.05
48,0.0,0.07,0.93,19,simulation_rr,0.05
49,0.0,0.06,0.94,19,simulation_rr,0.05
50,0.0,0.055,0.945,19,simulation_rr,0.05
51,0.0,0.05,0.95,19,simulation_rr,0.05
52,0.0,0.045,0.955,19,simulation_rr,0.05
53,0.0,0.04,0.96,19,simulation_rr,0.05
54,0.0,0.035,0.965,19,simulation_rr,0.05
55,0.0,0.03,0.97,19,simulation_rr,0.05
56,0.0,0.025,0.975,19,simulation_rr,0.05
57,0.0,0.025,0.975,19,simulation_rr,0.05
58,0.0,0.02,0.98,19,simulation_rr,0.05
59,0.0,0.015,0.985,19,simulation_rr,0.05
60,0.0,0.015,0.985,19,simulation_rr,0.05
61,0.0,0.015,0.985,19,simulation_rr,0.05
62,0.0,0.01,0.99,19,simulation_rr,0.05
63,0.0,0.01,0.99,19,simulation_rr,0.05
64,0.0,0.01,0.99,19,simulation_rr,0.05
65,0.0,0.005,0.995,19,simulation_rr,0.05
66,0.0,0.005,0.995,19,simulation_rr,0.05
67,0.0,0.005,0.995,19,simulation_rr,0.05
68,0.0,0.005,0.995,19,simulation_rr,0.05
69,0.0,0.005,0.995,19,simulation_rr,0.05
0,0.0,0.94,0.06,19,theory_rr,0.05
1,0.0,0.0,1.0,19,theory_rr,0.05
2,0.0,0.0,1.0,19,theory_rr,0.05
3,0.0,0.0,1.0,19,theory_rr,0.05
4,0.0,0.0,1.0,19,theory_rr,0.05
5,0.0,0.0,1.0,19,theory_rr,0.05
6,0.0,0.0,1.0,19,theory_rr,0.05
7,0.0,0.0,1.0,19,theory_rr,0.05
8,0.0,0.0,1.0,19,theory_rr,0.05
9,0.0,0.0,1.0,19,theory_rr,0.05
10,0.0,0.0,1.0,19,theory_rr,0.05
11,0.0,0.0,1.0,19,theory_rr,0.05
12,0.0,0.0,1.0,19,theory_rr,0.05
13,0.0,0.0,1.0,19,theory_rr,0.05
14,0.0,0.0,1.0,19,theory_rr,0.05
15,0.0,0.0,1.0,19,theory_rr,0.05
16,0.0,0.0,1.0,19,theory_rr,0.05
17,0.0,0.0,1.0,19,theory_rr,0.05
18,0.0,0.0,1.0,19,theory_rr,0.05
19,0.0,0.0,1.0,19,theory_rr,0.05
20,0.0,0.0,1.0,19,theory_rr,0.05
21,0.0,0.0,1.0,19,theory_rr,0.05
22,0.0,0.0,1.0,19,theory_rr,0.05
23,0.0,0.0,1.0,19,theory_rr,0.05
24,0.0,0.0,1.0,19,theory_rr,0.05
25,0.0,0.0,1.0,19,theory_rr,0.05
26,0.0,0.0,1.0,19,theory_rr,0.05
27,0.0,0.0,1.0,19,theory_rr,0.05
28,0.0,0.0,1.0,19,theory_rr,0.05
29,0.0,0.0,1.0,19,theory_rr,0.05
30,0.0,0.0,1.0,19,theory_rr,0.05
31,0.0,0.0,1.0,19,theory_rr,0.05
32,0.0,0.0,1.0,19,theory_rr,0.05
33,0.0,0.0,1.0,19,theory_rr,0.05
34,0.0,0.0,1.0,19,theory_rr,0.05
35,0.0,0.0,1.0,19,theory_rr,0.05
36,0.0,0.0,1.0,19,theory_rr,0.05
37,0.0,0.0,1.0,19,theory_rr,0.05
38,0.0,0.0,1.0,19,theory_rr,0.05
39,0.0,0.0,1.0,19,theory_rr,0.05
40,0.0,0.0,1.0,19,theory_rr,0.05
41,0.0,0.0,1.0,19,theory_rr,0.05
42,0.0,0.0,1.0,19,theory_rr,0.05
43,0.0,0.0,1.0,19,theory_rr,0.05
44,0.0,0.0,1.0,19,theory_rr,0.05
45,0.0,0.0,1.0,19,theory_rr,0.05
46,0.0,0.0,1.0,19,theory_rr,0.05
47,0.0,0.0,1.0,19,theory_rr,0.05
48,0.0,0.0,1.0,19,theory_rr,0.05
49,0.0,0.0,1.0,19,theory_rr,0.05
50,0.0,0.0,1.0,19,theory_rr,0.05
51,0.0,0.0,1.0,19,theory_rr,0.05
52,0.0,0.0,1.0,19,theory_rr,0.05
53,0.0,0.0,1.0,19,theory_rr,0.05
54,0.0,0.0,1.0,19,theory_rr,0.05
55,0.0,0.0,1.0,19,theory_rr,0.05
56,0.0,0.0,1.0,19,theory_rr,0.05
57,0.0,0.0,1.0,19,theory_rr,0.05
58,0.0,0.0,1.0,19,theory_rr,0.05
59,0.0,0.0,1.0,19,theory_rr,0.05
60,0.0,0.0,1.0,19,theory_rr,0.05
61,0.0,0.0,1.0,19,theory_rr,0.05
62,0.0,0.0,1.0,19,theory_rr,0.05
63,0.0,0.0,1.0,19,theory_rr,0.05
64,0.0,0.0,1.0,19,theory_rr,0.05
65,0.0,0.0,1.0,19,theory_rr,0.05
66,0.0,0.0,1.0,19,theory_rr,0.05
67,0.0,0.0,1.0,19,theory_rr,0.05
68,0.0,0.0,1.0,19,theory_rr,0.05
69,0.0,0.0,1.0,19,theory_rr,0.05
70,0.0,0.0,1.0,19,theory_rr,0.05
71,0.0,0.0,1.0,19,theory_rr,0.05
72,0.0,0.0,1.0,19,theory_rr,0.05
73,0.0,0.0,1.0,19,theory_rr,0.05
74,0.0,0.0,1.0,19,theory_rr,0.05
75,0.0,0.0,1.0,19,theory_rr,0.05
76,0.0,0.0,1.0,19,theory_rr,0.05
77,0.0,0.0,1.0,19,theory_rr,0.05
78,0.0,0.0,1.0,19,theory_rr,0.05
79,0.0,0.0,1.0,19,theory_rr,0.05
80,0.0,0.0,1.0,19,theory_rr,0.05
81,0.0,0.0,1.0,19,theory_rr,0.05
82,0.0,0.0,1.0,19,theory_rr,0.05
83,0.0,0.0,1.0,19,theory_rr,0.05
84,0.0,0.0,1.0,19,theory_rr,0.05
85,0.0,0.0,1.0,19,theory_rr,0.05
86,0.0,0.0,1.0,19,theory_rr,0.05
87,0.0,0.0,1.0,19,theory_rr,0.05
88,0.0,0.0,1.0,19,theory_rr,0.05
89,0.0,0.0,1.0,19,theory_rr,0.05
90,0.0,0.0,1.0,19,theory_rr,0.05
91,0.0,0.0,1.0,19,theory_rr,0.05
92,0.0,0.0,1.0,19,theory_rr,0.05
93,0.0,0.0,1.0,19,theory_rr,0.05
94,0.0,0.0,1.0,19,theory_rr,0.05
95,0.0,0.0,1.0,19,theory_rr,0.05
96,0.0,0.0,1.0,19,theory_rr,0.05
97,0.0,0.0,1.0,19,theory_rr,0.05
98,0.0,0.0,1.0,19,theory_rr,0.05
99,0.0,0.0,1.0,19,theory_rr,0.05
100,0.0,0.0,1.0,19,theory_rr,0.05
0,0.0,0.94,0.06,19,theory_rr_async,0.05
1,0.0,0.89,0.11,19,theory_rr_async,0.05
2,0.0,0.845,0.155,19,theory_rr_async,0.05
3,0.0,0.805,0.195,19,theory_rr_async,0.05
4,0.0,0.76,0.24,19,theory_rr_async,0.05
5,0.0,0.72,0.28,19,theory_rr_async,0.05
6,0.0,0.685,0.315,19,theory_rr_async,0.05
7,0.0,0.65,0.35,19,theory_rr_async,0.05
8,0.0,0.605,0.395,19,theory_rr_async,0.05
9,0.0,0.565,0.435,19,theory_rr_async,0.05
10,0.0,0.535,0.465,19,theory_rr_async,0.05
11,0.0,0.5,0.5,19,theory_rr_async,0.05
12,0.0,0.47,0.53,19,theory_rr_async,0.05
13,0.0,0.445,0.555,19,theory_rr_async,0.05
14,0.0,0.425,0.575,19,theory_rr_async,0.05
15,0.0,0.405,0.595,19,theory_rr_async,0.05
16,0.0,0.385,0.615,19,theory_rr_async,0.05
17,0.0,0.365,0.635,19,theory_rr_async,0.05
18,0.0,0.34,0.66,19,theory_rr_async,0.05
19,0.0,0.32,0.68,19,theory_rr_async,0.05
20,0.0,0.3,0.7,19,theory_rr_async,0.05
21,0.0,0.29,0.71,19,theory_rr_async,0.05
22,0.0,0.265,0.735,19,theory_rr_async,0.05
23,0.0,0.255,0.745,19,theory_rr_async,0.05
24,0.0,0.24,0.76,19,theory_rr_async,0.05
25,0.0,0.235,0.765,19,theory_rr_async,0.05
26,0.0,0.225,0.775,19,theory_rr_async,0.05
27,0.0,0.225,0.775,19,theory_rr_async,0.05
28,0.0,0.21,0.79,19,theory_rr_async,0.05
29,0.0,0.2,0.8,19,theory_rr_async,0.05
30,0.0,0.195,0.805,19,theory_rr_async,0.05
31,0.0,0.18,0.82,19,theory_rr_async,0.05
32,0.0,0.175,0.825,19,theory_rr_async,0.05
33,0.0,0.16,0.84,19,theory_rr_async,0.05
34,0.0,0.14,0.86,19,theory_rr_async,0.05
35,0.0,0.13,0.87,19,theory_rr_async,0.05
36,0.0,0.125,0.875,19,theory_rr_async,0.05
37,0.0,0.11,0.89,19,theory_rr_async,0.05
38,0.0,0.105,0.895,19,theory_rr_async,0.05
39,0.0,0.1,0.9,19,theory_rr_async,0.05
40,0.0,0.095,0.905,19,theory_rr_async,0.05
41,0.0,0.095,0.905,19,theory_rr_async,0.05
42,0.0,0.09,0.91,19,theory_rr_async,0.05
43,0.0,0.08,0.92,19,theory_rr_async,0.05
44,0.0,0.08,0.92,19,theory_rr_async,0.05
45,0.0,0.08,0.92,19,theory_rr_async,0.05
46,0.0,0.08,0.92,19,theory_rr_async,0.05
47,0.0,0.07,0.93,19,theory_rr_async,0.05
48,0.0,0.07,0.93,19,theory_rr_async,0.05
49,0.0,0.06,0.94,19,theory_rr_async,0.05
50,0.0,0.055,0.945,19,theory_rr_async,0.05
51,0.0,0.05,0.95,19,theory_rr_async,0.05
52,0.0,0.045,0.955,19,theory_rr_async,0.05
53,0.0,0.04,0.96,19,theory_rr_async,0.05
54,0.0,0.035,0.965,19,theory_rr_async,0.05
55,0.0,0.03,0.97,19,theory_rr_async,0.05
56,0.0,0.025,0.975,19,theory_rr_async,0.05
57,0.0,0.025,0.975,19,theory_rr_async,0.05
58,0.0,0.02,0.98,19,theory_rr_async,0.05
59,0.0,0.015,0.985,19,theory_rr_async,0.05
60,0.0,0.015,0.985,19,theory_rr_async,0.05
61,0.0,0.015,0.985,19,theory_rr_async,0.05
62,0.0,0.01,0.99,19,theory_rr_async,0.05
63,0.0,0.01,0.99,19,theory_rr_async,0.05
64,0.0,0.01,0.99,19,theory_rr_async,0.05
65,0.0,0.005,0.995,19,theory_rr_async,0.05
66,0.0,0.005,0.995,19,theory_rr_async,0.05
67,0.0,0.005,0.995,19,theory_rr_async,0.05
68,0.0,0.005,0.995,19,theory_rr_async,0.05
69,0.0,0.005,0.995,19,theory_rr_async,0.05
70,0.0,0.005,0.995,19,theory_rr_async,0.05
71,0.0,0.005,0.995,19,theory_rr_async,0.05
72,0.0,0.005,0.995,19,theory_rr_async,0.05
73,0.0,0.005,0.995,19,theory_rr_async,0.05
74,0.0,0.005,0.995,19,theory_rr_async,0.05
75,0.0,0.005,0.995,19,theory_rr_async,0.05
76,0.0,0.005,0.995,19,theory_rr_async,0.05
77,0.0,0.005,0.995,19,theory_rr_async,0.05
78,0.0,0.005,0.995,19,theory_rr_async,0.05
79,0.0,0.005,0.995,19,theory_rr_async,0.05
80,0.0,0.005,0.995,19,theory_rr_async,0.05
81,0.0,0.005,0.995,19,theory_rr_async,0.05
82,0.0,0.005,0.995,19,theory_rr_async,0.05
83,0.0,0.005,0.995,19,theory_rr_async,0.05
84,0.0,0.005,0.995,19,theory_rr_async,0.05
85,0.0,0.005,0.995,19,theory_rr_async,0.05
86,0.0,0.005,0.995,19,theory_rr_async,0.05
87,0.0,0.005,0.995,19,theory_rr_async,0.05
88,0.0,0.005,0.995,19,theory_rr_async,0.05
89,0.0,0.005,0.995,19,theory_rr_async,0.05
90,0.0,0.005,0.995,19,theory_rr_async,0.05
91,0.0,0.005,0.995,19,theory_rr_async,0.05
92,0.0,0.005,0.995,19,theory_rr_async,0.05
93,0.0,0.0,1.0,19,theory_rr_async,0.05
94,0.0,0.0,1.0,19,theory_rr_async,0.05
95,0.0,0.0,1.0,19,theory_rr_async,0.05
96,0.0,0.0,1.0,19,theory_rr_async,0.05
97,0.0,0.0,1.0,19,theory_rr_async,0.05
98,0.0,0.0,1.0,19,theory_rr_async,0.05
99,0.0,0.0,1.0,19,theory_rr_async,0.05
100,0.0,0.0,1.0,19,theory_rr_async,0.05
0,0.0,0.94,0.06,20,simulation_rr,0.05
1,0.0,0.89,0.11,20,simulation_rr,0.05
2,0.0,0.85,0.15,20,simulation_rr,0.05
3,0.0,0.805,0.195,20,simulation_rr,0.05
4,0.0,0.755,0.245,20,simulation_rr,0.05
5,0.0,0.715,0.285,20,simulation_rr,0.05
6,0.0,0.695,0.305,20,simulation_rr,0.05
7,0.0,0.655,0.345,20,simulation_rr,0.05
8,0.0,0.625,0.375,20,simulation_rr,0.05
9,0.0,0.6,0.4,20,simulation_rr,0.05
10,0.0,0.58,0.42,20,simulation_rr,0.05
11,0.0,0.545,0.455,20,simulation_rr,0.05
12,0.0,0.525,0.475,20,simulation_rr,0.05
13,0.0,0.495,0.505,20,simulation_rr,0.05
14,0.0,0.475,0.525,20,simulation_rr,0.05
15,0.0,0.44,0.56,20,simulation_rr,0.05
16,0.0,0.415,0.585,20,simulation_rr,0.05
17,0.0,0.405,0.595,20,simulation_rr,0.05
18,0.0,0.38,0.62,20,simulation_rr,0.05
19,0.0,0.37,0.63,20,simulation_rr,0.05
20,0.0,0.35,0.65,20,simulation_rr,0.05
21,0.0,0.32,0.68,20,simulation_rr,0.05
22,0.0,0.305,0.695,20,simulation_rr,0.05
23,0.0,0.295,0.705,20,simulation_rr,0.05
24,0.0,0.285,0.715,20,simulation_rr,0.05
25,0.0,0.27,0.73,20,simulation_rr,0.05
26,0.0,0.27,0.73,20,simulation_rr,0.05
27,0.0,0.26,0.74,20,simulation_rr,0.05
28,0.0,0.255,0.745,20,simulation_rr,0.05
29,0.0,0.25,0.75,20,simulation_rr,0.05
30,0.0,0.235,0.765,20,simulation_rr,0.05
31,0.0,0.215,0.785,20,simulation_rr,0.05
32,0.0,0.205,0.795,20,simulation_rr,0.05
33,0.0,0.19,0.81,20,simulation_rr,0.05
34,0.0,0.18,0.82,20,simulation_rr,0.05
35,0.0,0.175,0.825,20,simulation_rr,0.05
36,0.0,0.165,0.835,20,simulation_rr,0.05
37,0.0,0.15,0.85,20,simulation_rr,0.05
38,0.0,0.135,0.865,20,simulation_rr,0.05
39,0.0,0.13,0.87,20,simulation_rr,0.05
40,0.0,0.12,0.88,20,simulation_rr,0.05
41,0.0,0.11,0.89,20,simulation_rr,0.05
42,0.0,0.1,0.9,20,simulation_rr,0.05
43,0.0,0.1,0.9,20,simulation_rr,0.05
44,0.0,0.1,0.9,20,simulation_rr,0.05
45,0.0,0.095,0.905,20,simulation_rr,0.05
46,0.0,0.095,0.905,20,simulation_rr,0.05
47,0.0,0.09,0.91,20,simulation_rr,0.05
48,0.0,0.08,0.92,20,simulation_rr,0.05
49,0.0,0.08,0.92,20,simulation_rr,0.05
50,0.0,0.075,0.925,20,simulation_rr,0.05
51,0.0,0.075,0.925,20,simulation_rr,0.05
52,0.0,0.075,0.925,20,simulation_rr,0.05
53,0.0,0.065,0.935,20,simulation_rr,0.05
54,0.0,0.065,0.935,20,simulation_rr,0.05
55,0.0,0.065,0.935,20,simulation_rr,0.05
56,0.0,0.065,0.935,20,simulation_rr,0.05
57,0.0,0.065,0.935,20,simulation_rr,0.05
0,0.0,0.94,0.06,20,theory_rr,0.05
1,0.0,0.0,1.0,20,theory_rr,0.05
2,0.0,0.0,1.0,20,theory_rr,0.05
3,0.0,0.0,1.0,20,theory_rr,0.05
4,0.0,0.0,1.0,20,theory_rr,0.05
5,0.0,0.0,1.0,20,theory_rr,0.05
6,0.0,0.0,1.0,20,theory_rr,0.05
7,0.0,0.0,1.0,20,theory_rr,0.05
8,0.0,0.0,1.0,20,theory_rr,0.05
9,0.0,0.0,1.0,20,theory_rr,0.05
10,0.0,0.0,1.0,20,theory_rr,0.05
11,0.0,0.0,1.0,20,theory_rr,0.05
12,0.0,0.0,1.0,20,theory_rr,0.05
13,0.0,0.0,1.0,20,theory_rr,0.05
14,0.0,0.0,1.0,20,theory_rr,0.05
15,0.0,0.0,1.0,20,theory_rr,0.05
16,0.0,0.0,1.0,20,theory_rr,0.05
17,0.0,0.0,1.0,20,theory_rr,0.05
18,0.0,0.0,1.0,20,theory_rr,0.05
19,0.0,0.0,1.0,20,theory_rr,0.05
20,0.0,0.0,1.0,20,theory_rr,0.05
21,0.0,0.0,1.0,20,theory_rr,0.05
22,0.0,0.0,1.0,20,theory_rr,0.05
23,0.0,0.0,1.0,20,theory_rr,0.05
24,0.0,0.0,1.0,20,theory_rr,0.05
25,0.0,0.0,1.0,20,theory_rr,0.05
26,0.0,0.0,1.0,20,theory_rr,0.05
27,0.0,0.0,1.0,20,theory_rr,0.05
28,0.0,0.0,1.0,20,theory_rr,0.05
29,0.0,0.0,1.0,20,theory_rr,0.05
30,0.0,0.0,1.0,20,theory_rr,0.05
31,0.0,0.0,1.0,20,theory_rr,0.05
32,0.0,0.0,1.0,20,theory_rr,0.05
33,0.0,0.0,1.0,20,theory_rr,0.05
34,0.0,0.0,1.0,20,theory_rr,0.05
35,0.0,0.0,1.0,20,theory_rr,0.05
36,0.0,0.0,1.0,20,theory_rr,0.05
37,0.0,0.0,1.0,20,theory_rr,0.05
38,0.0,0.0,1.0,20,theory_rr,0.05
39,0.0,0.0,1.0,20,theory_rr,0.05
40,0.0,0.0,1.0,20,theory_rr,0.05
41,0.0,0.0,1.0,20,theory_rr,0.05
42,0.0,0.0,1.0,20,theory_rr,0.05
43,0.0,0.0,1.0,20,theory_rr,0.05
44,0.0,0.0,1.0,20,theory_rr,0.05
45,0.0,0.0,1.0,20,theory_rr,0.05
46,0.0,0.0,1.0,20,theory_rr,0.05
47,0.0,0.0,1.0,20,theory_rr,0.05
48,0.0,0.0,1.0,20,theory_rr,0.05
49,0.0,0.0,1.0,20,theory_rr,0.05
50,0.0,0.0,1.0,20,theory_rr,0.05
51,0.0,0.0,1.0,20,theory_rr,0.05
52,0.0,0.0,1.0,20,theory_rr,0.05
53,0.0,0.0,1.0,20,theory_rr,0.05
54,0.0,0.0,1.0,20,theory_rr,0.05
55,0.0,0.0,1.0,20,theory_rr,0.05
56,0.0,0.0,1.0,20,theory_rr,0.05
57,0.0,0.0,1.0,20,theory_rr,0.05
58,0.0,0.0,1.0,20,theory_rr,0.05
59,0.0,0.0,1.0,20,theory_rr,0.05
60,0.0,0.0,1.0,20,theory_rr,0.05
61,0.0,0.0,1.0,20,theory_rr,0.05
62,0.0,0.0,1.0,20,theory_rr,0.05
63,0.0,0.0,1.0,20,theory_rr,0.05
64,0.0,0.0,1.0,20,theory_rr,0.05
65,0.0,0.0,1.0,20,theory_rr,0.05
66,0.0,0.0,1.0,20,theory_rr,0.05
67,0.0,0.0,1.0,20,theory_rr,0.05
68,0.0,0.0,1.0,20,theory_rr,0.05
69,0.0,0.0,1.0,20,theory_rr,0.05
70,0.0,0.0,1.0,20,theory_rr,0.05
71,0.0,0.0,1.0,20,theory_rr,0.05
72,0.0,0.0,1.0,20,theory_rr,0.05
73,0.0,0.0,1.0,20,theory_rr,0.05
74,0.0,0.0,1.0,20,theory_rr,0.05
75,0.0,0.0,1.0,20,theory_rr,0.05
76,0.0,0.0,1.0,20,theory_rr,0.05
77,0.0,0.0,1.0,20,theory_rr,0.05
78,0.0,0.0,1.0,20,theory_rr,0.05
79,0.0,0.0,1.0,20,theory_rr,0.05
80,0.0,0.0,1.0,20,theory_rr,0.05
81,0.0,0.0,1.0,20,theory_rr,0.05
82,0.0,0.0,1.0,20,theory_rr,0.05
83,0.0,0.0,1.0,20,theory_rr,0.05
84,0.0,0.0,1.0,20,theory_rr,0.05
85,0.0,0.0,1.0,20,theory_rr,0.05
86,0.0,0.0,1.0,20,theory_rr,0.05
87,0.0,0.0,1.0,20,theory_rr,0.05
88,0.0,0.0,1.0,20,theory_rr,0.05
89,0.0,0.0,1.0,20,theory_rr,0.05
90,0.0,0.0,1.0,20,theory_rr,0.05
91,0.0,0.0,1.0,20,theory_rr,0.05
92,0.0,0.0,1.0,20,theory_rr,0.05
93,0.0,0.0,1.0,20,theory_rr,0.05
94,0.0,0.0,1.0,20,theory_rr,0.05
95,0.0,0.0,1.0,20,theory_rr,0.05
96,0.0,0.0,1.0,20,theory_rr,0.05
97,0.0,0.0,1.0,20,theory_rr,0.05
98,0.0,0.0,1.0,20,theory_rr,0.05
99,0.0,0.0,1.0,20,theory_rr,0.05
100,0.0,0.0,1.0,20,theory_rr,0.05
0,0.0,0.94,0.06,20,theory_rr_async,0.05
1,0.0,0.89,0.11,20,theory_rr_async,0.05
2,0.0,0.85,0.15,20,theory_rr_async,0.05
3,0.0,0.805,0.195,20,theory_rr_async,0.05
4,0.0,0.755,0.245,20,theory_rr_async,0.05
5,0.0,0.715,0.285,20,theory_rr_async,0.05
6,0.0,0.695,0.305,20,theory_rr_async,0.05
7,0.0,0.655,0.345,20,theory_rr_async,0.05
8,0.0,0.625,0.375,20,theory_rr_async,0.05
9,0.0,0.6,0.4,20,theory_rr_async,0.05
10,0.0,0.58,0.42,20,theory_rr_async,0.05
11,0.0,0.545,0.455,20,theory_rr_async,0.05
12,0.0,0.525,0.475,20,theory_rr_async,0.05
13,0.0,0.495,0.505,20,theory_rr_async,0.05
14,0.0,0.475,0.525,20,theory_rr_async,0.05
15,0.0,0.44,0.56,20,theory_rr_async,0.05
16,0.0,0.415,0.585,20,theory_rr_async,0.05
17,0.0,0.405,0.595,20,theory_rr_async,0.05
18,0.0,0.38,0.62,20,theory_rr_async,0.05
19,0.0,0.37,0.63,20,theory_rr_async,0.05
20,0.0,0.35,0.65,20,theory_rr_async,0.05
21,0.0,0.32,0.68,20,theory_rr_async,0.05
22,0.0,0.305,0.695,20,theory_rr_async,0.05
23,0.0,0.295,0.705,20,theory_rr_async,0.05
24,0.0,0.285,0.715,20,theory_rr_async,0.05
25,0.0,0.27,0.73,20,theory_rr_async,0.05
26,0.0,0.27,0.73,20,theory_rr_async,0.05
27,0.0,0.26,0.74,20,theory_rr_async,0.05
28,0.0,0.255,0.745,20,theory_rr_async,0.05
29,0.0,0.25,0.75,20,theory_rr_async,0.05
30,0.0,0.235,0.765,20,theory_rr_async,0.05
31,0.0,0.215,0.785,20,theory_rr_async,0.05
32,0.0,0.205,0.795,20,theory_rr_async,0.05
33,0.0,0.19,0.81,20,theory_rr_async,0.05
34,0.0,0.18,0.82,20,theory_rr_async,0.05
35,0.0,0.175,0.825,20,theory_rr_async,0.05
36,0.0,0.165,0.835,20,theory_rr_async,0.05
37,0.0,0.15,0.85,20,theory_rr_async,0.05
38,0.0,0.135,0.865,20,theory_rr_async,0.05
39,0.0,0.13,0.87,20,theory_rr_async,0.05
40,0.0,0.12,0.88,20,theory_rr_async,0.05
41,0.0,0.11,0.89,20,theory_rr_async,0.05
42,0.0,0.1,0.9,20,theory_rr_async,0.05
43,0.0,0.1,0.9,20,theory_rr_async,0.05
44,0.0,0.1,0.9,20,theory_rr_async,0.05
45,0.0,0.095,0.905,20,theory_rr_async,0.05
46,0.0,0.095,0.905,20,theory_rr_async,0.05
47,0.0,0.09,0.91,20,theory_rr_async,0.05
48,0.0,0.08,0.92,20,theory_rr_async,0.05
49,0.0,0.08,0.92,20,theory_rr_async,0.05
50,0.0,0.075,0.925,20,theory_rr_async,0.05
51,0.0,0.075,0.925,20,theory_rr_async,0.05
52,0.0,0.075,0.925,20,theory_rr_async,0.05
53,0.0,0.065,0.935,20,theory_rr_async,0.05
54,0.0,0.065,0.935,20,theory_rr_async,0.05
55,0.0,0.065,0.935,20,theory_rr_async,0.05
56,0.0,0.065,0.935,20,theory_rr_async,0.05
57,0.0,0.065,0.935,20,theory_rr_async,0.05
58,0.0,0.06,0.94,20,theory_rr_async,0.05
59,0.0,0.05,0.95,20,theory_rr_async,0.05
60,0.0,0.05,0.95,20,theory_rr_async,0.05
61,0.0,0.05,0.95,20,theory_rr_async,0.05
62,0.0,0.045,0.955,20,theory_rr_async,0.05
63,0.0,0.04,0.96,20,theory_rr_async,0.05
64,0.0,0.035,0.965,20,theory_rr_async,0.05
65,0.0,0.035,0.965,20,theory_rr_async,0.05
66,0.0,0.035,0.965,20,theory_rr_async,0.05
67,0.0,0.035,0.965,20,theory_rr_async,0.05
68,0.0,0.035,0.965,20,theory_rr_async,0.05
69,0.0,0.035,0.965,20,theory_rr_async,0.05
70,0.0,0.035,0.965,20,theory_rr_async,0.05
71,0.0,0.035,0.965,20,theory_rr_async,0.05
72,0.0,0.03,0.97,20,theory_rr_async,0.05
73,0.0,0.03,0.97,20,theory_rr_async,0.05
74,0.0,0.03,0.97,20,theory_rr_async,0.05
75,0.0,0.03,0.97,20,theory_rr_async,0.05
76,0.0,0.03,0.97,20,theory_rr_async,0.05
77,0.0,0.025,0.975,20,theory_rr_async,0.05
78,0.0,0.025,0.975,20,theory_rr_async,0.05
79,0.0,0.025,0.975,20,theory_rr_async,0.05
80,0.0,0.025,0.975,20,theory_rr_async,0.05
81,0.0,0.02,0.98,20,theory_rr_async,0.05
82,0.0,0.015,0.985,20,theory_rr_async,0.05
83,0.0,0.015,0.985,20,theory_rr_async,0.05
84,0.0,0.01,0.99,20,theory_rr_async,0.05
85,0.0,0.01,0.99,20,theory_rr_async,0.05
86,0.0,0.01,0.99,20,theory_rr_async,0.05
87,0.0,0.01,0.99,20,theory_rr_async,0.05
88,0.0,0.005,0.995,20,theory_rr_async,0.05
89,0.0,0.005,0.995,20,theory_rr_async,0.05
90,0.0,0.0,1.0,20,theory_rr_async,0.05
91,0.0,0.0,1.0,20,theory_rr_async,0.05
92,0.0,0.0,1.0,20,theory_rr_async,0.05
93,0.0,0.0,1.0,20,theory_rr_async,0.05
94,0.0,0.0,1.0,20,theory_rr_async,0.05
95,0.0,0.0,1.0,20,theory_rr_async,0.05
96,0.0,0.0,1.0,20,theory_rr_async,0.05
97,0.0,0.0,1.0,20,theory_rr_async,0.05
98,0.0,0.0,1.0,20,theory_rr_async,0.05
99,0.0,0.0,1.0,20,theory_rr_async,0.05
100,0.0,0.0,1.0,20,theory_rr_async,0.05
0,0.0,0.94,0.06,21,simulation_rr,0.05
1,0.0,0.89,0.11,21,simulation_rr,0.05
2,0.0,0.84,0.16,21,simulation_rr,0.05
3,0.0,0.795,0.205,21,simulation_rr,0.05
4,0.0,0.75,0.25,21,simulation_rr,0.05
5,0.0,0.72,0.28,21,simulation_rr,0.05
6,0.0,0.675,0.325,21,simulation_rr,0.05
7,0.0,0.64,0.36,21,simulation_rr,0.05
8,0.0,0.615,0.385,21,simulation_rr,0.05
9,0.0,0.585,0.415,21,simulation_rr,0.05
10,0.0,0.56,0.44,21,simulation_rr,0.05
11,0.0,0.53,0.47,21,simulation_rr,0.05
12,0.0,0.52,0.48,21,simulation_rr,0.05
13,0.0,0.49,0.51,21,simulation_rr,0.05
14,0.0,0.475,0.525,21,simulation_rr,0.05
15,0.0,0.455,0.545,21,simulation_rr,0.05
16,0.0,0.425,0.575,21,simulation_rr,0.05
17,0.0,0.415,0.585,21,simulation_rr,0.05
18,0.0,0.4,0.6,21,simulation_rr,0.05
19,0.0,0.375,0.625,21,simulation_rr,0.05
20,0.0,0.365,0.635,21,simulation_rr,0.05
21,0.0,0.35,0.65,21,simulation_rr,0.05
22,0.0,0.335,0.665,21,simulation_rr,0.05
23,0.0,0.31,0.69,21,simulation_rr,0.05
24,0.0,0.29,0.71,21,simulation_rr,0.05
25,0.0,0.275,0.725,21,simulation_rr,0.05
26,0.0,0.265,0.735,21,simulation_rr,0.05
27,0.0,0.245,0.755,21,simulation_rr,0.05
28,0.0,0.235,0.765,21,simulation_rr,0.05
29,0.0,0.23,0.77,21,simulation_rr,0.05
30,0.0,0.225,0.775,21,simulation_rr,0.05
31,0.0,0.21,0.79,21,simulation_rr,0.05
32,0.0,0.21,0.79,21,simulation_rr,0.05
33,0.0,0.205,0.795,21,simulation_rr,0.05
34,0.0,0.195,0.805,21,simulation_rr,0.05
35,0.0,0.19,0.81,21,simulation_rr,0.05
36,0.0,0.185,0.815,21,simulation_rr,0.05
37,0.0,0.175,0.825,21,simulation_rr,0.05
38,0.0,0.17,0.83,21,simulation_rr,0.05
39,0.0,0.16,0.84,21,simulation_rr,0.05
40,0.0,0.14,0.86,21,simulation_rr,0.05
41,0.0,0.135,0.865,21,simulation_rr,0.05
42,0.0,0.12,0.88,21,simulation_rr,0.05
43,0.0,0.11,0.89,21,simulation_rr,0.05
44,0.0,0.1,0.9,21,simulation_rr,0.05
45,0.0,0.095,0.905,21,simulation_rr,0.05
46,0.0,0.09,0.91,21,simulation_rr,0.05
47,0.0,0.085,0.915,21,simulation_rr,0.05
48,0.0,0.08,0.92,21,simulation_rr,0.05
49,0.0,0.075,0.925,21,simulation_rr,0.05
50,0.0,0.07,0.93,21,simulation_rr,0.05
51,0.0,0.065,0.935,21,simulation_rr,0.05
52,0.0,0.065,0.935,21,simulation_rr,0.05
53,0.0,0.055,0.945,21,simulation_rr,0.05
54,0.0,0.05,0.95,21,simulation_rr,0.05
55,0.0,0.05,0.95,21,simulation_rr,0.05
56,0.0,0.05,0.95,21,simulation_rr,0.05
57,0.0,0.05,0.95,21,simulation_rr,0.05
58,0.0,0.045,0.955,21,simulation_rr,0.05
59,0.0,0.045,0.955,21,simulation_rr,0.05
60,0.0,0.045,0.955,21,simulation_rr,0.05
61,0.0,0.045,0.955,21,simulation_rr,0.05
62,0.0,0.045,0.955,21,simulation_rr,0.05
0,0.0,0.94,0.06,21,theory_rr,0.05
1,0.0,0.0,1.0,21,theory_rr,0.05
2,0.0,0.0,1.0,21,theory_rr,0.05
3,0.0,0.0,1.0,21,theory_rr,0.05
4,0.0,0.0,1.0,21,theory_rr,0.05
5,0.0,0.0,1.0,21,theory_rr,0.05
6,0.0,0.0,1.0,21,theory_rr,0.05
7,0.0,0.0,1.0,21,theory_rr,0.05
8,0.0,0.0,1.0,21,theory_rr,0.05
9,0.0,0.0,1.0,21,theory_rr,0.05
10,0.0,0.0,1.0,21,theory_rr,0.05
11,0.0,0.0,1.0,21,theory_rr,0.05
12,0.0,0.0,1.0,21,theory_rr,0.05
13,0.0,0.0,1.0,21,theory_rr,0.05
14,0.0,0.0,1.0,21,theory_rr,0.05
15,0.0,0.0,1.0,21,theory_rr,0.05
16,0.0,0.0,1.0,21,theory_rr,0.05
17,0.0,0.0,1.0,21,theory_rr,0.05
18,0.0,0.0,1.0,21,theory_rr,0.05
19,0.0,0.0,1.0,21,theory_rr,0.05
20,0.0,0.0,1.0,21,theory_rr,0.05
21,0.0,0.0,1.0,21,theory_rr,0.05
22,0.0,0.0,1.0,21,theory_rr,0.05
23,0.0,0.0,1.0,21,theory_rr,0.05
24,0.0,0.0,1.0,21,theory_rr,0.05
25,0.0,0.0,1.0,21,theory_rr,0.05
26,0.0,0.0,1.0,21,theory_rr,0.05
27,0.0,0.0,1.0,21,theory_rr,0.05
28,0.0,0.0,1.0,21,theory_rr,0.05
29,0.0,0.0,1.0,21,theory_rr,0.05
30,0.0,0.0,1.0,21,theory_rr,0.05
31,0.0,0.0,1.0,21,theory_rr,0.05
32,0.0,0.0,1.0,21,theory_rr,0.05
33,0.0,0.0,1.0,21,theory_rr,0.05
34,0.0,0.0,1.0,21,theory_rr,0.05
35,0.0,0.0,1.0,21,theory_rr,0.05
36,0.0,0.0,1.0,21,theory_rr,0.05
37,0.0,0.0,1.0,21,theory_rr,0.05
38,0.0,0.0,1.0,21,theory_rr,0.05
39,0.0,0.0,1.0,21,theory_rr,0.05
40,0.0,0.0,1.0,21,theory_rr,0.05
41,0.0,0.0,1.0,21,theory_rr,0.05
42,0.0,0.0,1.0,21,theory_rr,0.05
43,0.0,0.0,1.0,21,theory_rr,0.05
44,0.0,0.0,1.0,21,theory_rr,0.05
45,0.0,0.0,1.0,21,theory_rr,0.05
46,0.0,0.0,1.0,21,theory_rr,0.05
47,0.0,0.0,1.0,21,theory_rr,0.05
48,0.0,0.0,1.0,21,theory_rr,0.05
49,0.0,0.0,1.0,21,theory_rr,0.05
50,0.0,0.0,1.0,21,theory_rr,0.05
51,0.0,0.0,1.0,21,theory_rr,0.05
52,0.0,0.0,1.0,21,theory_rr,0.05
53,0.0,0.0,1.0,21,theory_rr,0.05
54,0.0,0.0,1.0,21,theory_rr,0.05
55,0.0,0.0,1.0,21,theory_rr,0.05
56,0.0,0.0,1.0,21,theory_rr,0.05
57,0.0,0.0,1.0,21,theory_rr,0.05
58,0.0,0.0,1.0,21,theory_rr,0.05
59,0.0,0.0,1.0,21,theory_rr,0.05
60,0.0,0.0,1.0,21,theory_rr,0.05
61,0.0,0.0,1.0,21,theory_rr,0.05
62,0.0,0.0,1.0,21,theory_rr,0.05
63,0.0,0.0,1.0,21,theory_rr,0.05
64,0.0,0.0,1.0,21,theory_rr,0.05
65,0.0,0.0,1.0,21,theory_rr,0.05
66,0.0,0.0,1.0,21,theory_rr,0.05
67,0.0,0.0,1.0,21,theory_rr,0.05
68,0.0,0.0,1.0,21,theory_rr,0.05
69,0.0,0.0,1.0,21,theory_rr,0.05
70,0.0,0.0,1.0,21,theory_rr,0.05
71,0.0,0.0,1.0,21,theory_rr,0.05
72,0.0,0.0,1.0,21,theory_rr,0.05
73,0.0,0.0,1.0,21,theory_rr,0.05
74,0.0,0.0,1.0,21,theory_rr,0.05
75,0.0,0.0,1.0,21,theory_rr,0.05
76,0.0,0.0,1.0,21,theory_rr,0.05
77,0.0,0.0,1.0,21,theory_rr,0.05
78,0.0,0.0,1.0,21,theory_rr,0.05
79,0.0,0.0,1.0,21,theory_rr,0.05
80,0.0,0.0,1.0,21,theory_rr,0.05
81,0.0,0.0,1.0,21,theory_rr,0.05
82,0.0,0.0,1.0,21,theory_rr,0.05
83,0.0,0.0,1.0,21,theory_rr,0.05
84,0.0,0.0,1.0,21,theory_rr,0.05
85,0.0,0.0,1.0,21,theory_rr,0.05
86,0.0,0.0,1.0,21,theory_rr,0.05
87,0.0,0.0,1.0,21,theory_rr,0.05
88,0.0,0.0,1.0,21,theory_rr,0.05
89,0.0,0.0,1.0,21,theory_rr,0.05
90,0.0,0.0,1.0,21,theory_rr,0.05
91,0.0,0.0,1.0,21,theory_rr,0.05
92,0.0,0.0,1.0,21,theory_rr,0.05
93,0.0,0.0,1.0,21,theory_rr,0.05
94,0.0,0.0,1.0,21,theory_rr,0.05
95,0.0,0.0,1.0,21,theory_rr,0.05
96,0.0,0.0,1.0,21,theory_rr,0.05
97,0.0,0.0,1.0,21,theory_rr,0.05
98,0.0,0.0,1.0,21,theory_rr,0.05
99,0.0,0.0,1.0,21,theory_rr,0.05
100,0.0,0.0,1.0,21,theory_rr,0.05
0,0.0,0.94,0.06,21,theory_rr_async,0.05
1,0.0,0.89,0.11,21,theory_rr_async,0.05
2,0.0,0.84,0.16,21,theory_rr_async,0.05
3,0.0,0.795,0.205,21,theory_rr_async,0.05
4,0.0,0.75,0.25,21,theory_rr_async,0.05
5,0.0,0.72,0.28,21,theory_rr_async,0.05
6,0.0,0.675,0.325,21,theory_rr_async,0.05
7,0.0,0.64,0.36,21,theory_rr_async,0.05
8,0.0,0.615,0.385,21,theory_rr_async,0.05
9,0.0,0.585,0.415,21,theory_rr_async,0.05
10,0.0,0.56,0.44,21,theory_rr_async,0.05
11,0.0,0.53,0.47,21,theory_rr_async,0.05
12,0.0,0.52,0.48,21,theory_rr_async,0.05
13,0.0,0.49,0.51,21,theory_rr_async,0.05
14,0.0,0.475,0.525,21,theory_rr_async,0.05
15,0.0,0.455,0.545,21,theory_rr_async,0.05
16,0.0,0.425,0.575,21,theory_rr_async,0.05
17,0.0,0.415,0.585,21,theory_rr_async,0.05
18,0.0,0.4,0.6,21,theory_rr_async,0.05
19,0.0,0.375,0.625,21,theory_rr_async,0.05
20,0.0,0.365,0.635,21,theory_rr_async,0.05
21,0.0,0.35,0.65,21,theory_rr_async,0.05
22,0.0,0.335,0.665,21,theory_rr_async,0.05
23,0.0,0.31,0.69,21,theory_rr_async,0.05
24,0.0,0.29,0.71,21,theory_rr_async,0.05
25,0.0,0.275,0.725,21,theory_rr_async,0.05
26,0.0,0.265,0.735,21,theory_rr_async,0.05
27,0.0,0.245,0.755,21,theory_rr_async,0.05
28,0.0,0.235,0.765,21,theory_rr_async,0.05
29,0.0,0.23,0.77,21,theory_rr_async,0.05
30,0.0,0.225,0.775,21,theory_rr_async,0.05
31,0.0,0.21,0.79,21,theory_rr_async,0.05
32,0.0,0.21,0.79,21,theory_rr_async,0.05
33,0.0,0.205,0.795,21,theory_rr_async,0.05
34,0.0,0.195,0.805,21,theory_rr_async,0.05
35,0.0,0.19,0.81,21,theory_rr_async,0.05
36,0.0,0.185,0.815,21,theory_rr_async,0.05
37,0.0,0.175,0.825,21,theory_rr_async,0.05
38,0.0,0.17,0.83,21,theory_rr_async,0.05
39,0.0,0.16,0.84,21,theory_rr_async,0.05
40,0.0,0.14,0.86,21,theory_rr_async,0.05
41,0.0,0.135,0.865,21,theory_rr_async,0.05
42,0.0,0.12,0.88,21,theory_rr_async,0.05
43,0.0,0.11,0.89,21,theory_rr_async,0.05
44,0.0,0.1,0.9,21,theory_rr_async,0.05
45,0.0,0.095,0.905,21,theory_rr_async,0.05
46,0.0,0.09,0.91,21,theory_rr_async,0.05
47,0.0,0.085,0.915,21,theory_rr_async,0.05
48,0.0,0.08,0.92,21,theory_rr_async,0.05
49,0.0,0.075,0.925,21,theory_rr_async,0.05
50,0.0,0.07,0.93,21,theory_rr_async,0.05
51,0.0,0.065,0.935,21,theory_rr_async,0.05
52,0.0,0.065,0.935,21,theory_rr_async,0.05
53,0.0,0.055,0.945,21,theory_rr_async,0.05
54,0.0,0.05,0.95,21,theory_rr_async,0.05
55,0.0,0.05,0.95,21,theory_rr_async,0.05
56,0.0,0.05,0.95,21,theory_rr_async,0.05
57,0.0,0.05,0.95,21,theory_rr_async,0.05
58,0.0,0.045,0.955,21,theory_rr_async,0.05
59,0.0,0.045,0.955,21,theory_rr_async,0.05
60,0.0,0.045,0.955,21,theory_rr_async,0.05
61,0.0,0.045,0.955,21,theory_rr_async,0.05
62,0.0,0.045,0.955,21,theory_rr_async,0.05
63,0.0,0.045,0.955,21,theory_rr_async,0.05
64,0.0,0.045,0.955,21,theory_rr_async,0.05
65,0.0,0.045,0.955,21,theory_rr_async,0.05
66,0.0,0.035,0.965,21,theory_rr_async,0.05
67,0.0,0.035,0.965,21,theory_rr_async,0.05
68,0.0,0.035,0.965,21,theory_rr_async,0.05
69,0.0,0.035,0.965,21,theory_rr_async,0.05
70,0.0,0.035,0.965,21,theory_rr_async,0.05
71,0.0,0.03,0.97,21,theory_rr_async,0.05
72,0.0,0.03,0.97,21,theory_rr_async,0.05
73,0.0,0.03,0.97,21,theory_rr_async,0.05
74,0.0,0.03,0.97,21,theory_rr_async,0.05
75,0.0,0.03,0.97,21,theory_rr_async,0.05
76,0.0,0.025,0.975,21,theory_rr_async,0.05
77,0.0,0.025,0.975,21,theory_rr_async,0.05
78,0.0,0.025,0.975,21,theory_rr_async,0.05
79,0.0,0.025,0.975,21,theory_rr_async,0.05
80,0.0,0.025,0.975,21,theory_rr_async,0.05
81,0.0,0.025,0.975,21,theory_rr_async,0.05
82,0.0,0.025,0.975,21,theory_rr_async,0.05
83,0.0,0.025,0.975,21,theory_rr_async,0.05
84,0.0,0.025,0.975,21,theory_rr_async,0.05
85,0.0,0.025,0.975,21,theory_rr_async,0.05
86,0.0,0.025,0.975,21,theory_rr_async,0.05
87,0.0,0.02,0.98,21,theory_rr_async,0.05
88,0.0,0.02,0.98,21,theory_rr_async,0.05
89,0.0,0.02,0.98,21,theory_rr_async,0.05
90,0.0,0.02,0.98,21,theory_rr_async,0.05
91,0.0,0.02,0.98,21,theory_rr_async,0.05
92,0.0,0.02,0.98,21,theory_rr_async,0.05
93,0.0,0.02,0.98,21,theory_rr_async,0.05
94,0.0,0.02,0.98,21,theory_rr_async,0.05
95,0.0,0.02,0.98,21,theory_rr_async,0.05
96,0.0,0.015,0.985,21,theory_rr_async,0.05
97,0.0,0.01,0.99,21,theory_rr_async,0.05
98,0.0,0.01,0.99,21,theory_rr_async,0.05
99,0.0,0.01,0.99,21,theory_rr_async,0.05
100,0.0,0.005,0.995,21,theory_rr_async,0.05
0,0.0,0.94,0.06,22,simulation_rr,0.05
1,0.0,0.89,0.11,22,simulation_rr,0.05
2,0.0,0.84,0.16,22,simulation_rr,0.05
3,0.0,0.805,0.195,22,simulation_rr,0.05
4,0.0,0.765,0.235,22,simulation_rr,0.05
5,0.0,0.72,0.28,22,simulation_rr,0.05
6,0.0,0.685,0.315,22,simulation_rr,0.05
7,0.0,0.645,0.355,22,simulation_rr,0.05
8,0.0,0.6,0.4,22,simulation_rr,0.05
9,0.0,0.575,0.425,22,simulation_rr,0.05
10,0.0,0.55,0.45,22,simulation_rr,0.05
11,0.0,0.52,0.48,22,simulation_rr,0.05
12,0.0,0.5,0.5,22,simulation_rr,0.05
13,0.0,0.48,0.52,22,simulation_rr,0.05
14,0.0,0.465,0.535,22,simulation_rr,0.05
15,0.0,0.43,0.57,22,simulation_rr,0.05
16,0.0,0.405,0.595,22,simulation_rr,0.05
17,0.0,0.39,0.61,22,simulation_rr,0.05
18,0.0,0.365,0.635,22,simulation_rr,0.05
19,0.0,0.355,0.645,22,simulation_rr,0.05
20,0.0,0.335,0.665,22,simulation_rr,0.05
21,0.0,0.335,0.665,22,simulation_rr,0.05
22,0.0,0.32,0.68,22,simulation_rr,0.05
23,0.0,0.295,0.705,22,simulation_rr,0.05
24,0.0,0.265,0.735,22,simulation_rr,0.05
25,0.0,0.255,0.745,22,simulation_rr,0.05
26,0.0,0.245,0.755,22,simulation_rr,0.05
27,0.0,0.235,0.765,22,simulation_rr,0.05
28,0.0,0.225,0.775,22,simulation_rr,0.05
29,0.0,0.215,0.785,22,simulation_rr,0.05
30,0.0,0.195,0.805,22,simulation_rr,0.05
31,0.0,0.185,0.815,22,simulation_rr,0.05
32,0.0,0.175,0.825,22,simulation_rr,0.05
33,0.0,0.175,0.825,22,simulation_rr,0.05
34,0.0,0.17,0.83,22,simulation_rr,0.05
35,0.0,0.16,0.84,22,simulation_rr,0.05
36,0.0,0.15,0.85,22,simulation_rr,0.05
37,0.0,0.14,0.86,22,simulation_rr,0.05
38,0.0,0.135,0.865,22,simulation_rr,0.05
39,0.0,0.135,0.865,22,simulation_rr,0.05
40,0.0,0.12,0.88,22,simulation_rr,0.05
41,0.0,0.115,0.885,22,simulation_rr,0.05
42,0.0,0.11,0.89,22,simulation_rr,0.05
43,0.0,0.1,0.9,22,simulation_rr,0.05
44,0.0,0.09,0.91,22,simulation_rr,0.05
45,0.0,0.085,0.915,22,simulation_rr,0.05
46,0.0,0.085,0.915,22,simulation_rr,0.05
47,0.0,0.075,0.925,22,simulation_rr,0.05
48,0.0,0.075,0.925,22,simulation_rr,0.05
49,0.0,0.075,0.925,22,simulation_rr,0.05
50,0.0,0.075,0.925,22,simulation_rr,0.05
51,0.0,0.075,0.925,22,simulation_rr,0.05
0,0.0,0.94,0.06,22,theory_rr,0.05
1,0.0,0.0,1.0,22,theory_rr,0.05
2,0.0,0.0,1.0,22,theory_rr,0.05
3,0.0,0.0,1.0,22,theory_rr,0.05
4,0.0,0.0,1.0,22,theory_rr,0.05
5,0.0,0.0,1.0,22,theory_rr,0.05
6,0.0,0.0,1.0,22,theory_rr,0.05
7,0.0,0.0,1.0,22,theory_rr,0.05
8,0.0,0.0,1.0,22,theory_rr,0.05
9,0.0,0.0,1.0,22,theory_rr,0.05
10,0.0,0.0,1.0,22,theory_rr,0.05
11,0.0,0.0,1.0,22,theory_rr,0.05
12,0.0,0.0,1.0,22,theory_rr,0.05
13,0.0,0.0,1.0,22,theory_rr,0.05
14,0.0,0.0,1.0,22,theory_rr,0.05
15,0.0,0.0,1.0,22,theory_rr,0.05
16,0.0,0.0,1.0,22,theory_rr,0.05
17,0.0,0.0,1.0,22,theory_rr,0.05
18,0.0,0.0,1.0,22,theory_rr,0.05
19,0.0,0.0,1.0,22,theory_rr,0.05
20,0.0,0.0,1.0,22,theory_rr,0.05
21,0.0,0.0,1.0,22,theory_rr,0.05
22,0.0,0.0,1.0,22,theory_rr,0.05
23,0.0,0.0,1.0,22,theory_rr,0.05
24,0.0,0.0,1.0,22,theory_rr,0.05
25,0.0,0.0,1.0,22,theory_rr,0.05
26,0.0,0.0,1.0,22,theory_rr,0.05
27,0.0,0.0,1.0,22,theory_rr,0.05
28,0.0,0.0,1.0,22,theory_rr,0.05
29,0.0,0.0,1.0,22,theory_rr,0.05
30,0.0,0.0,1.0,22,theory_rr,0.05
31,0.0,0.0,1.0,22,theory_rr,0.05
32,0.0,0.0,1.0,22,theory_rr,0.05
33,0.0,0.0,1.0,22,theory_rr,0.05
34,0.0,0.0,1.0,22,theory_rr,0.05
35,0.0,0.0,1.0,22,theory_rr,0.05
36,0.0,0.0,1.0,22,theory_rr,0.05
37,0.0,0.0,1.0,22,theory_rr,0.05
38,0.0,0.0,1.0,22,theory_rr,0.05
39,0.0,0.0,1.0,22,theory_rr,0.05
40,0.0,0.0,1.0,22,theory_rr,0.05
41,0.0,0.0,1.0,22,theory_rr,0.05
42,0.0,0.0,1.0,22,theory_rr,0.05
43,0.0,0.0,1.0,22,theory_rr,0.05
44,0.0,0.0,1.0,22,theory_rr,0.05
45,0.0,0.0,1.0,22,theory_rr,0.05
46,0.0,0.0,1.0,22,theory_rr,0.05
47,0.0,0.0,1.0,22,theory_rr,0.05
48,0.0,0.0,1.0,22,theory_rr,0.05
49,0.0,0.0,1.0,22,theory_rr,0.05
50,0.0,0.0,1.0,22,theory_rr,0.05
51,0.0,0.0,1.0,22,theory_rr,0.05
52,0.0,0.0,1.0,22,theory_rr,0.05
53,0.0,0.0,1.0,22,theory_rr,0.05
54,0.0,0.0,1.0,22,theory_rr,0.05
55,0.0,0.0,1.0,22,theory_rr,0.05
56,0.0,0.0,1.0,22,theory_rr,0.05
57,0.0,0.0,1.0,22,theory_rr,0.05
58,0.0,0.0,1.0,22,theory_rr,0.05
59,0.0,0.0,1.0,22,theory_rr,0.05
60,0.0,0.0,1.0,22,theory_rr,0.05
61,0.0,0.0,1.0,22,theory_rr,0.05
62,0.0,0.0,1.0,22,theory_rr,0.05
63,0.0,0.0,1.0,22,theory_rr,0.05
64,0.0,0.0,1.0,22,theory_rr,0.05
65,0.0,0.0,1.0,22,theory_rr,0.05
66,0.0,0.0,1.0,22,theory_rr,0.05
67,0.0,0.0,1.0,22,theory_rr,0.05
68,0.0,0.0,1.0,22,theory_rr,0.05
69,0.0,0.0,1.0,22,theory_rr,0.05
70,0.0,0.0,1.0,22,theory_rr,0.05
71,0.0,0.0,1.0,22,theory_rr,0.05
72,0.0,0.0,1.0,22,theory_rr,0.05
73,0.0,0.0,1.0,22,theory_rr,0.05
74,0.0,0.0,1.0,22,theory_rr,0.05
75,0.0,0.0,1.0,22,theory_rr,0.05
76,0.0,0.0,1.0,22,theory_rr,0.05
77,0.0,0.0,1.0,22,theory_rr,0.05
78,0.0,0.0,1.0,22,theory_rr,0.05
79,0.0,0.0,1.0,22,theory_rr,0.05
80,0.0,0.0,1.0,22,theory_rr,0.05
81,0.0,0.0,1.0,22,theory_rr,0.05
82,0.0,0.0,1.0,22,theory_rr,0.05
83,0.0,0.0,1.0,22,theory_rr,0.05
84,0.0,0.0,1.0,22,theory_rr,0.05
85,0.0,0.0,1.0,22,theory_rr,0.05
86,0.0,0.0,1.0,22,theory_rr,0.05
87,0.0,0.0,1.0,22,theory_rr,0.05
88,0.0,0.0,1.0,22,theory_rr,0.05
89,0.0,0.0,1.0,22,theory_rr,0.05
90,0.0,0.0,1.0,22,theory_rr,0.05
91,0.0,0.0,1.0,22,theory_rr,0.05
92,0.0,0.0,1.0,22,theory_rr,0.05
93,0.0,0.0,1.0,22,theory_rr,0.05
94,0.0,0.0,1.0,22,theory_rr,0.05
95,0.0,0.0,1.0,22,theory_rr,0.05
96,0.0,0.0,1.0,22,theory_rr,0.05
97,0.0,0.0,1.0,22,theory_rr,0.05
98,0.0,0.0,1.0,22,theory_rr,0.05
99,0.0,0.0,1.0,22,theory_rr,0.05
100,0.0,0.0,1.0,22,theory_rr,0.05
0,0.0,0.94,0.06,22,theory_rr_async,0.05
1,0.0,0.89,0.11,22,theory_rr_async,0.05
2,0.0,0.84,0.16,22,theory_rr_async,0.05
3,0.0,0.805,0.195,22,theory_rr_async,0.05
4,0.0,0.765,0.235,22,theory_rr_async,0.05
5,0.0,0.72,0.28,22,theory_rr_async,0.05
6,0.0,0.685,0.315,22,theory_rr_async,0.05
7,0.0,0.645,0.355,22,theory_rr_async,0.05
8,0.0,0.6,0.4,22,theory_rr_async,0.05
9,0.0,0.575,0.425,22,theory_rr_async,0.05
10,0.0,0.55,0.45,22,theory_rr_async,0.05
11,0.0,0.52,0.48,22,theory_rr_async,0.05
12,0.0,0.5,0.5,22,theory_rr_async,0.05
13,0.0,0.48,0.52,22,theory_rr_async,0.05
14,0.0,0.465,0.535,22,theory_rr_async,0.05
15,0.0,0.43,0.57,22,theory_rr_async,0.05
16,0.0,0.405,0.595,22,theory_rr_async,0.05
17,0.0,0.39,0.61,22,theory_rr_async,0.05
18,0.0,0.365,0.635,22,theory_rr_async,0.05
19,0.0,0.355,0.645,22,theory_rr_async,0.05
20,0.0,0.335,0.665,22,theory_rr_async,0.05
21,0.0,0.335,0.665,22,theory_rr_async,0.05
22,0.0,0.32,0.68,22,theory_rr_async,0.05
23,0.0,0.295,0.705,22,theory_rr_async,0.05
24,0.0,0.265,0.735,22,theory_rr_async,0.05
25,0.0,0.255,0.745,22,theory_rr_async,0.05
26,0.0,0.245,0.755,22,theory_rr_async,0.05
27,0.0,0.235,0.765,22,theory_rr_async,0.05
28,0.0,0.225,0.775,22,theory_rr_async,0.05
29,0.0,0.215,0.785,22,theory_rr_async,0.05
30,0.0,0.195,0.805,22,theory_rr_async,0.05
31,0.0,0.185,0.815,22,theory_rr_async,0.05
32,0.0,0.175,0.825,22,theory_rr_async,0.05
33,0.0,0.175,0.825,22,theory_rr_async,0.05
34,0.0,0.17,0.83,22,theory_rr_async,0.05
35,0.0,0.16,0.84,22,theory_rr_async,0.05
36,0.0,0.15,0.85,22,theory_rr_async,0.05
37,0.0,0.14,0.86,22,theory_rr_async,0.05
38,0.0,0.135,0.865,22,theory_rr_async,0.05
39,0.0,0.135,0.865,22,theory_rr_async,0.05
40,0.0,0.12,0.88,22,theory_rr_async,0.05
41,0.0,0.115,0.885,22,theory_rr_async,0.05
42,0.0,0.11,0.89,22,theory_rr_async,0.05
43,0.0,0.1,0.9,22,theory_rr_async,0.05
44,0.0,0.09,0.91,22,theory_rr_async,0.05
45,0.0,0.085,0.915,22,theory_rr_async,0.05
46,0.0,0.085,0.915,22,theory_rr_async,0.05
47,0.0,0.075,0.925,22,theory_rr_async,0.05
48,0.0,0.075,0.925,22,theory_rr_async,0.05
49,0.0,0.075,0.925,22,theory_rr_async,0.05
50,0.0,0.075,0.925,22,theory_rr_async,0.05
51,0.0,0.075,0.925,22,theory_rr_async,0.05
52,0.0,0.07,0.93,22,theory_rr_async,0.05
53,0.0,0.07,0.93,22,theory_rr_async,0.05
54,0.0,0.07,0.93,22,theory_rr_async,0.05
55,0.0,0.055,0.945,22,theory_rr_async,0.05
56,0.0,0.05,0.95,22,theory_rr_async,0.05
57,0.0,0.05,0.95,22,theory_rr_async,0.05
58,0.0,0.045,0.955,22,theory_rr_async,0.05
59,0.0,0.04,0.96,22,theory_rr_async,0.05
60,0.0,0.04,0.96,22,theory_rr_async,0.05
61,0.0,0.04,0.96,22,theory_rr_async,0.05
62,0.0,0.035,0.965,22,theory_rr_async,0.05
63,0.0,0.035,0.965,22,theory_rr_async,0.05
64,0.0,0.03,0.97,22,theory_rr_async,0.05
65,0.0,0.03,0.97,22,theory_rr_async,0.05
66,0.0,0.03,0.97,22,theory_rr_async,0.05
67,0.0,0.03,0.97,22,theory_rr_async,0.05
68,0.0,0.03,0.97,22,theory_rr_async,0.05
69,0.0,0.025,0.975,22,theory_rr_async,0.05
70,0.0,0.025,0.975,22,theory_rr_async,0.05
71,0.0,0.02,0.98,22,theory_rr_async,0.05
72,0.0,0.02,0.98,22,theory_rr_async,0.05
73,0.0,0.02,0.98,22,theory_rr_async,0.05
74,0.0,0.02,0.98,22,theory_rr_async,0.05
75,0.0,0.02,0.98,22,theory_rr_async,0.05
76,0.0,0.015,0.985,22,theory_rr_async,0.05
77,0.0,0.015,0.985,22,theory_rr_async,0.05
78,0.0,0.015,0.985,22,theory_rr_async,0.05
79,0.0,0.015,0.985,22,theory_rr_async,0.05
80,0.0,0.01,0.99,22,theory_rr_async,0.05
81,0.0,0.01,0.99,22,theory_rr_async,0.05
82,0.0,0.01,0.99,22,theory_rr_async,0.05
83,0.0,0.01,0.99,22,theory_rr_async,0.05
84,0.0,0.005,0.995,22,theory_rr_async,0.05
85,0.0,0.005,0.995,22,theory_rr_async,0.05
86,0.0,0.005,0.995,22,theory_rr_async,0.05
87,0.0,0.005,0.995,22,theory_rr_async,0.05
88,0.0,0.005,0.995,22,theory_rr_async,0.05
89,0.0,0.0,1.0,22,theory_rr_async,0.05
90,0.0,0.0,1.0,22,theory_rr_async,0.05
91,0.0,0.0,1.0,22,theory_rr_async,0.05
92,0.0,0.0,1.0,22,theory_rr_async,0.05
93,0.0,0.0,1.0,22,theory_rr_async,0.05
94,0.0,0.0,1.0,22,theory_rr_async,0.05
95,0.0,0.0,1.0,22,theory_rr_async,0.05
96,0.0,0.0,1.0,22,theory_rr_async,0.05
97,0.0,0.0,1.0,22,theory_rr_async,0.05
98,0.0,0.0,1.0,22,theory_rr_async,0.05
99,0.0,0.0,1.0,22,theory_rr_async,0.05
100,0.0,0.0,1.0,22,theory_rr_async,0.05
0,0.0,0.94,0.06,23,simulation_rr,0.05
1,0.0,0.89,0.11,23,simulation_rr,0.05
2,0.0,0.84,0.16,23,simulation_rr,0.05
3,0.0,0.8,0.2,23,simulation_rr,0.05
4,0.0,0.755,0.245,23,simulation_rr,0.05
5,0.0,0.71,0.29,23,simulation_rr,0.05
6,0.0,0.68,0.32,23,simulation_rr,0.05
7,0.0,0.65,0.35,23,simulation_rr,0.05
8,0.0,0.61,0.39,23,simulation_rr,0.05
9,0.0,0.58,0.42,23,simulation_rr,0.05
10,0.0,0.55,0.45,23,simulation_rr,0.05
11,0.0,0.53,0.47,23,simulation_rr,0.05
12,0.0,0.505,0.495,23,simulation_rr,0.05
13,0.0,0.49,0.51,23,simulation_rr,0.05
14,0.0,0.47,0.53,23,simulation_rr,0.05
15,0.0,0.465,0.535,23,simulation_rr,0.05
16,0.0,0.44,0.56,23,simulation_rr,0.05
17,0.0,0.43,0.57,23,simulation_rr,0.05
18,0.0,0.41,0.59,23,simulation_rr,0.05
19,0.0,0.385,0.615,23,simulation_rr,0.05
20,0.0,0.38,0.62,23,simulation_rr,0.05
21,0.0,0.36,0.64,23,simulation_rr,0.05
22,0.0,0.345,0.655,23,simulation_rr,0.05
23,0.0,0.32,0.68,23,simulation_rr,0.05
24,0.0,0.315,0.685,23,simulation_rr,0.05
25,0.0,0.295,0.705,23,simulation_rr,0.05
26,0.0,0.285,0.715,23,simulation_rr,0.05
27,0.0,0.27,0.73,23,simulation_rr,0.05
28,0.0,0.25,0.75,23,simulation_rr,0.05
29,0.0,0.235,0.765,23,simulation_rr,0.05
30,0.0,0.22,0.78,23,simulation_rr,0.05
31,0.0,0.215,0.785,23,simulation_rr,0.05
32,0.0,0.21,0.79,23,simulation_rr,0.05
33,0.0,0.2,0.8,23,simulation_rr,0.05
34,0.0,0.19,0.81,23,simulation_rr,0.05
35,0.0,0.185,0.815,23,simulation_rr,0.05
36,0.0,0.18,0.82,23,simulation_rr,0.05
37,0.0,0.18,0.82,23,simulation_rr,0.05
38,0.0,0.155,0.845,23,simulation_rr,0.05
39,0.0,0.145,0.855,23,simulation_rr,0.05
40,0.0,0.135,0.865,23,simulation_rr,0.05
41,0.0,0.125,0.875,23,simulation_rr,0.05
42,0.0,0.11,0.89,23,simulation_rr,0.05
43,0.0,0.105,0.895,23,simulation_rr,0.05
44,0.0,0.105,0.895,23,simulation_rr,0.05
45,0.0,0.1,0.9,23,simulation_rr,0.05
46,0.0,0.095,0.905,23,simulation_rr,0.05
47,0.0,0.09,0.91,23,simulation_rr,0.05
48,0.0,0.085,0.915,23,simulation_rr,0.05
49,0.0,0.085,0.915,23,simulation_rr,0.05
50,0.0,0.075,0.925,23,simulation_rr,0.05
51,0.0,0.065,0.935,23,simulation_rr,0.05
52,0.0,0.055,0.945,23,simulation_rr,0.05
53,0.0,0.05,0.95,23,simulation_rr,0.05
54,0.0,0.05,0.95,23,simulation_rr,0.05
55,0.0,0.045,0.955,23,simulation_rr,0.05
56,0.0,0.045,0.955,23,simulation_rr,0.05
57,0.0,0.045,0.955,23,simulation_rr,0.05
58,0.0,0.045,0.955,23,simulation_rr,0.05
59,0.0,0.04,0.96,23,simulation_rr,0.05
60,0.0,0.04,0.96,23,simulation_rr,0.05
61,0.0,0.04,0.96,23,simulation_rr,0.05
62,0.0,0.035,0.965,23,simulation_rr,0.05
63,0.0,0.03,0.97,23,simulation_rr,0.05
64,0.0,0.03,0.97,23,simulation_rr,0.05
65,0.0,0.025,0.975,23,simulation_rr,0.05
66,0.0,0.025,0.975,23,simulation_rr,0.05
67,0.0,0.025,0.975,23,simulation_rr,0.05
68,0.0,0.02,0.98,23,simulation_rr,0.05
69,0.0,0.02,0.98,23,simulation_rr,0.05
70,0.0,0.015,0.985,23,simulation_rr,0.05
71,0.0,0.01,0.99,23,simulation_rr,0.05
72,0.0,0.005,0.995,23,simulation_rr,0.05
73,0.0,0.005,0.995,23,simulation_rr,0.05
74,0.0,0.0,1.0,23,simulation_rr,0.05
75,0.0,0.0,1.0,23,simulation_rr,0.05
76,0.0,0.0,1.0,23,simulation_rr,0.05
77,0.0,0.0,1.0,23,simulation_rr,0.05
78,0.0,0.0,1.0,23,simulation_rr,0.05
0,0.0,0.94,0.06,23,theory_rr,0.05
1,0.0,0.0,1.0,23,theory_rr,0.05
2,0.0,0.0,1.0,23,theory_rr,0.05
3,0.0,0.0,1.0,23,theory_rr,0.05
4,0.0,0.0,1.0,23,theory_rr,0.05
5,0.0,0.0,1.0,23,theory_rr,0.05
6,0.0,0.0,1.0,23,theory_rr,0.05
7,0.0,0.0,1.0,23,theory_rr,0.05
8,0.0,0.0,1.0,23,theory_rr,0.05
9,0.0,0.0,1.0,23,theory_rr,0.05
10,0.0,0.0,1.0,23,theory_rr,0.05
11,0.0,0.0,1.0,23,theory_rr,0.05
12,0.0,0.0,1.0,23,theory_rr,0.05
13,0.0,0.0,1.0,23,theory_rr,0.05
14,0.0,0.0,1.0,23,theory_rr,0.05
15,0.0,0.0,1.0,23,theory_rr,0.05
16,0.0,0.0,1.0,23,theory_rr,0.05
17,0.0,0.0,1.0,23,theory_rr,0.05
18,0.0,0.0,1.0,23,theory_rr,0.05
19,0.0,0.0,1.0,23,theory_rr,0.05
20,0.0,0.0,1.0,23,theory_rr,0.05
21,0.0,0.0,1.0,23,theory_rr,0.05
22,0.0,0.0,1.0,23,theory_rr,0.05
23,0.0,0.0,1.0,23,theory_rr,0.05
24,0.0,0.0,1.0,23,theory_rr,0.05
25,0.0,0.0,1.0,23,theory_rr,0.05
26,0.0,0.0,1.0,23,theory_rr,0.05
27,0.0,0.0,1.0,23,theory_rr,0.05
28,0.0,0.0,1.0,23,theory_rr,0.05
29,0.0,0.0,1.0,23,theory_rr,0.05
30,0.0,0.0,1.0,23,theory_rr,0.05
31,0.0,0.0,1.0,23,theory_rr,0.05
32,0.0,0.0,1.0,23,theory_rr,0.05
33,0.0,0.0,1.0,23,theory_rr,0.05
34,0.0,0.0,1.0,23,theory_rr,0.05
35,0.0,0.0,1.0,23,theory_rr,0.05
36,0.0,0.0,1.0,23,theory_rr,0.05
37,0.0,0.0,1.0,23,theory_rr,0.05
38,0.0,0.0,1.0,23,theory_rr,0.05
39,0.0,0.0,1.0,23,theory_rr,0.05
40,0.0,0.0,1.0,23,theory_rr,0.05
41,0.0,0.0,1.0,23,theory_rr,0.05
42,0.0,0.0,1.0,23,theory_rr,0.05
43,0.0,0.0,1.0,23,theory_rr,0.05
44,0.0,0.0,1.0,23,theory_rr,0.05
45,0.0,0.0,1.0,23,theory_rr,0.05
46,0.0,0.0,1.0,23,theory_rr,0.05
47,0.0,0.0,1.0,23,theory_rr,0.05
48,0.0,0.0,1.0,23,theory_rr,0.05
49,0.0,0.0,1.0,23,theory_rr,0.05
50,0.0,0.0,1.0,23,theory_rr,0.05
51,0.0,0.0,1.0,23,theory_rr,0.05
52,0.0,0.0,1.0,23,theory_rr,0.05
53,0.0,0.0,1.0,23,theory_rr,0.05
54,0.0,0.0,1.0,23,theory_rr,0.05
55,0.0,0.0,1.0,23,theory_rr,0.05
56,0.0,0.0,1.0,23,theory_rr,0.05
57,0.0,0.0,1.0,23,theory_rr,0.05
58,0.0,0.0,1.0,23,theory_rr,0.05
59,0.0,0.0,1.0,23,theory_rr,0.05
60,0.0,0.0,1.0,23,theory_rr,0.05
61,0.0,0.0,1.0,23,theory_rr,0.05
62,0.0,0.0,1.0,23,theory_rr,0.05
63,0.0,0.0,1.0,23,theory_rr,0.05
64,0.0,0.0,1.0,23,theory_rr,0.05
65,0.0,0.0,1.0,23,theory_rr,0.05
66,0.0,0.0,1.0,23,theory_rr,0.05
67,0.0,0.0,1.0,23,theory_rr,0.05
68,0.0,0.0,1.0,23,theory_rr,0.05
69,0.0,0.0,1.0,23,theory_rr,0.05
70,0.0,0.0,1.0,23,theory_rr,0.05
71,0.0,0.0,1.0,23,theory_rr,0.05
72,0.0,0.0,1.0,23,theory_rr,0.05
73,0.0,0.0,1.0,23,theory_rr,0.05
74,0.0,0.0,1.0,23,theory_rr,0.05
75,0.0,0.0,1.0,23,theory_rr,0.05
76,0.0,0.0,1.0,23,theory_rr,0.05
77,0.0,0.0,1.0,23,theory_rr,0.05
78,0.0,0.0,1.0,23,theory_rr,0.05
79,0.0,0.0,1.0,23,theory_rr,0.05
80,0.0,0.0,1.0,23,theory_rr,0.05
81,0.0,0.0,1.0,23,theory_rr,0.05
82,0.0,0.0,1.0,23,theory_rr,0.05
83,0.0,0.0,1.0,23,theory_rr,0.05
84,0.0,0.0,1.0,23,theory_rr,0.05
85,0.0,0.0,1.0,23,theory_rr,0.05
86,0.0,0.0,1.0,23,theory_rr,0.05
87,0.0,0.0,1.0,23,theory_rr,0.05
88,0.0,0.0,1.0,23,theory_rr,0.05
89,0.0,0.0,1.0,23,theory_rr,0.05
90,0.0,0.0,1.0,23,theory_rr,0.05
91,0.0,0.0,1.0,23,theory_rr,0.05
92,0.0,0.0,1.0,23,theory_rr,0.05
93,0.0,0.0,1.0,23,theory_rr,0.05
94,0.0,0.0,1.0,23,theory_rr,0.05
95,0.0,0.0,1.0,23,theory_rr,0.05
96,0.0,0.0,1.0,23,theory_rr,0.05
97,0.0,0.0,1.0,23,theory_rr,0.05
98,0.0,0.0,1.0,23,theory_rr,0.05
99,0.0,0.0,1.0,23,theory_rr,0.05
100,0.0,0.0,1.0,23,theory_rr,0.05
0,0.0,0.94,0.06,23,theory_rr_async,0.05
1,0.0,0.89,0.11,23,theory_rr_async,0.05
2,0.0,0.84,0.16,23,theory_rr_async,0.05
3,0.0,0.8,0.2,23,theory_rr_async,0.05
4,0.0,0.755,0.245,23,theory_rr_async,0.05
5,0.0,0.71,0.29,23,theory_rr_async,0.05
6,0.0,0.68,0.32,23,theory_rr_async,0.05
7,0.0,0.65,0.35,23,theory_rr_async,0.05
8,0.0,0.61,0.39,23,theory_rr_async,0.05
9,0.0,0.58,0.42,23,theory_rr_async,0.05
10,0.0,0.55,0.45,23,theory_rr_async,0.05
11,0.0,0.53,0.47,23,theory_rr_async,0.05
12,0.0,0.505,0.495,23,theory_rr_async,0.05
13,0.0,0.49,0.51,23,theory_rr_async,0.05
14,0.0,0.47,0.53,23,theory_rr_async,0.05
15,0.0,0.465,0.535,23,theory_rr_async,0.05
16,0.0,0.44,0.56,23,theory_rr_async,0.05
17,0.0,0.43,0.57,23,theory_rr_async,0.05
18,0.0,0.41,0.59,23,theory_rr_async,0.05
19,0.0,0.385,0.615,23,theory_rr_async,0.05
20,0.0,0.38,0.62,23,theory_rr_async,0.05
21,0.0,0.36,0.64,23,theory_rr_async,0.05
22,0.0,0.345,0.655,23,theory_rr_async,0.05
23,0.0,0.32,0.68,23,theory_rr_async,0.05
24,0.0,0.315,0.685,23,theory_rr_async,0.05
25,0.0,0.295,0.705,23,theory_rr_async,0.05
26,0.0,0.285,0.715,23,theory_rr_async,0.05
27,0.0,0.27,0.73,23,theory_rr_async,0.05
28,0.0,0.25,0.75,23,theory_rr_async,0.05
29,0.0,0.235,0.765,23,theory_rr_async,0.05
30,0.0,0.22,0.78,23,theory_rr_async,0.05
31,0.0,0.215,0.785,23,theory_rr_async,0.05
32,0.0,0.21,0.79,23,theory_rr_async,0.05
33,0.0,0.2,0.8,23,theory_rr_async,0.05
34,0.0,0.19,0.81,23,theory_rr_async,0.05
35,0.0,0.185,0.815,23,theory_rr_async,0.05
36,0.0,0.18,0.82,23,theory_rr_async,0.05
37,0.0,0.18,0.82,23,theory_rr_async,0.05
38,0.0,0.155,0.845,23,theory_rr_async,0.05
39,0.0,0.145,0.855,23,theory_rr_async,0.05
40,0.0,0.135,0.865,23,theory_rr_async,0.05
41,0.0,0.125,0.875,23,theory_rr_async,0.05
42,0.0,0.11,0.89,23,theory_rr_async,0.05
43,0.0,0.105,0.895,23,theory_rr_async,0.05
44,0.0,0.105,0.895,23,theory_rr_async,0.05
45,0.0,0.1,0.9,23,theory_rr_async,0.05
46,0.0,0.095,0.905,23,theory_rr_async,0.05
47,0.0,0.09,0.91,23,theory_rr_async,0.05
48,0.0,0.085,0.915,23,theory_rr_async,0.05
49,0.0,0.085,0.915,23,theory_rr_async,0.05
50,0.0,0.075,0.925,23,theory_rr_async,0.05
51,0.0,0.065,0.935,23,theory_rr_async,0.05
52,0.0,0.055,0.945,23,theory_rr_async,0.05
53,0.0,0.05,0.95,23,theory_rr_async,0.05
54,0.0,0.05,0.95,23,theory_rr_async,0.05
55,0.0,0.045,0.955,23,theory_rr_async,0.05
56,0.0,0.045,0.955,23,theory_rr_async,0.05
57,0.0,0.045,0.955,23,theory_rr_async,0.05
58,0.0,0.045,0.955,23,theory_rr_async,0.05
59,0.0,0.04,0.96,23,theory_rr_async,0.05
60,0.0,0.04,0.96,23,theory_rr_async,0.05
61,0.0,0.04,0.96,23,theory_rr_async,0.05
62,0.0,0.035,0.965,23,theory_rr_async,0.05
63,0.0,0.03,0.97,23,theory_rr_async,0.05
64,0.0,0.03,0.97,23,theory_rr_async,0.05
65,0.0,0.025,0.975,23,theory_rr_async,0.05
66,0.0,0.025,0.975,23,theory_rr_async,0.05
67,0.0,0.025,0.975,23,theory_rr_async,0.05
68,0.0,0.02,0.98,23,theory_rr_async,0.05
69,0.0,0.02,0.98,23,theory_rr_async,0.05
70,0.0,0.015,0.985,23,theory_rr_async,0.05
71,0.0,0.01,0.99,23,theory_rr_async,0.05
72,0.0,0.005,0.995,23,theory_rr_async,0.05
73,0.0,0.005,0.995,23,theory_rr_async,0.05
74,0.0,0.0,1.0,23,theory_rr_async,0.05
75,0.0,0.0,1.0,23,theory_rr_async,0.05
76,0.0,0.0,1.0,23,theory_rr_async,0.05
77,0.0,0.0,1.0,23,theory_rr_async,0.05
78,0.0,0.0,1.0,23,theory_rr_async,0.05
79,0.0,0.0,1.0,23,theory_rr_async,0.05
80,0.0,0.0,1.0,23,theory_rr_async,0.05
81,0.0,0.0,1.0,23,theory_rr_async,0.05
82,0.0,0.0,1.0,23,theory_rr_async,0.05
83,0.0,0.0,1.0,23,theory_rr_async,0.05
84,0.0,0.0,1.0,23,theory_rr_async,0.05
85,0.0,0.0,1.0,23,theory_rr_async,0.05
86,0.0,0.0,1.0,23,theory_rr_async,0.05
87,0.0,0.0,1.0,23,theory_rr_async,0.05
88,0.0,0.0,1.0,23,theory_rr_async,0.05
89,0.0,0.0,1.0,23,theory_rr_async,0.05
90,0.0,0.0,1.0,23,theory_rr_async,0.05
91,0.0,0.0,1.0,23,theory_rr_async,0.05
92,0.0,0.0,1.0,23,theory_rr_async,0.05
93,0.0,0.0,1.0,23,theory_rr_async,0.05
94,0.0,0.0,1.0,23,theory_rr_async,0.05
95,0.0,0.0,1.0,23,theory_rr_async,0.05
96,0.0,0.0,1.0,23,theory_rr_async,0.05
97,0.0,0.0,1.0,23,theory_rr_async,0.05
98,0.0,0.0,1.0,23,theory_rr_async,0.05
99,0.0,0.0,1.0,23,theory_rr_async,0.05
100,0.0,0.0,1.0,23,theory_rr_async,0.05
0,0.0,0.94,0.06,24,simulation_rr,0.05
1,0.0,0.89,0.11,24,simulation_rr,0.05
2,0.0,0.84,0.16,24,simulation_rr,0.05
3,0.0,0.8,0.2,24,simulation_rr,0.05
4,0.0,0.75,0.25,24,simulation_rr,0.05
5,0.0,0.705,0.295,24,simulation_rr,0.05
6,0.0,0.665,0.335,24,simulation_rr,0.05
7,0.0,0.63,0.37,24,simulation_rr,0.05
8,0.0,0.6,0.4,24,simulation_rr,0.05
9,0.0,0.575,0.425,24,simulation_rr,0.05
10,0.0,0.545,0.455,24,simulation_rr,0.05
11,0.0,0.51,0.49,24,simulation_rr,0.05
12,0.0,0.49,0.51,24,simulation_rr,0.05
13,0.0,0.47,0.53,24,simulation_rr,0.05
14,0.0,0.455,0.545,24,simulation_rr,0.05
15,0.0,0.435,0.565,24,simulation_rr,0.05
16,0.0,0.405,0.595,24,simulation_rr,0.05
17,0.0,0.39,0.61,24,simulation_rr,0.05
18,0.0,0.365,0.635,24,simulation_rr,0.05
19,0.0,0.345,0.655,24,simulation_rr,0.05
20,0.0,0.33,0.67,24,simulation_rr,0.05
21,0.0,0.32,0.68,24,simulation_rr,0.05
22,0.0,0.31,0.69,24,simulation_rr,0.05
23,0.0,0.295,0.705,24,simulation_rr,0.05
24,0.0,0.275,0.725,24,simulation_rr,0.05
25,0.0,0.25,0.75,24,simulation_rr,0.05
26,0.0,0.24,0.76,24,simulation_rr,0.05
27,0.0,0.22,0.78,24,simulation_rr,0.05
28,0.0,0.21,0.79,24,simulation_rr,0.05
29,0.0,0.2,0.8,24,simulation_rr,0.05
30,0.0,0.18,0.82,24,simulation_rr,0.05
31,0.0,0.17,0.83,24,simulation_rr,0.05
32,0.0,0.16,0.84,24,simulation_rr,0.05
33,0.0,0.155,0.845,24,simulation_rr,0.05
34,0.0,0.15,0.85,24,simulation_rr,0.05
35,0.0,0.14,0.86,24,simulation_rr,0.05
36,0.0,0.135,0.865,24,simulation_rr,0.05
37,0.0,0.13,0.87,24,simulation_rr,0.05
38,0.0,0.12,0.88,24,simulation_rr,0.05
39,0.0,0.115,0.885,24,simulation_rr,0.05
40,0.0,0.105,0.895,24,simulation_rr,0.05
41,0.0,0.105,0.895,24,simulation_rr,0.05
42,0.0,0.095,0.905,24,simulation_rr,0.05
43,0.0,0.09,0.91,24,simulation_rr,0.05
44,0.0,0.09,0.91,24,simulation_rr,0.05
45,0.0,0.09,0.91,24,simulation_rr,0.05
46,0.0,0.085,0.915,24,simulation_rr,0.05
47,0.0,0.085,0.915,24,simulation_rr,0.05
48,0.0,0.08,0.92,24,simulation_rr,0.05
49,0.0,0.08,0.92,24,simulation_rr,0.05
50,0.0,0.075,0.925,24,simulation_rr,0.05
51,0.0,0.075,0.925,24,simulation_rr,0.05
52,0.0,0.075,0.925,24,simulation_rr,0.05
53,0.0,0.075,0.925,24,simulation_rr,0.05
54,0.0,0.065,0.935,24,simulation_rr,0.05
55,0.0,0.065,0.935,24,simulation_rr,0.05
56,0.0,0.065,0.935,24,simulation_rr,0.05
57,0.0,0.065,0.935,24,simulation_rr,0.05
58,0.0,0.065,0.935,24,simulation_rr,0.05
0,0.0,0.94,0.06,24,theory_rr,0.05
1,0.0,0.0,1.0,24,theory_rr,0.05
2,0.0,0.0,1.0,24,theory_rr,0.05
3,0.0,0.0,1.0,24,theory_rr,0.05
4,0.0,0.0,1.0,24,theory_rr,0.05
5,0.0,0.0,1.0,24,theory_rr,0.05
6,0.0,0.0,1.0,24,theory_rr,0.05
7,0.0,0.0,1.0,24,theory_rr,0.05
8,0.0,0.0,1.0,24,theory_rr,0.05
9,0.0,0.0,1.0,24,theory_rr,0.05
10,0.0,0.0,1.0,24,theory_rr,0.05
11,0.0,0.0,1.0,24,theory_rr,0.05
12,0.0,0.0,1.0,24,theory_rr,0.05
13,0.0,0.0,1.0,24,theory_rr,0.05
14,0.0,0.0,1.0,24,theory_rr,0.05
15,0.0,0.0,1.0,24,theory_rr,0.05
16,0.0,0.0,1.0,24,theory_rr,0.05
17,0.0,0.0,1.0,24,theory_rr,0.05
18,0.0,0.0,1.0,24,theory_rr,0.05
19,0.0,0.0,1.0,24,theory_rr,0.05
20,0.0,0.0,1.0,24,theory_rr,0.05
21,0.0,0.0,1.0,24,theory_rr,0.05
22,0.0,0.0,1.0,24,theory_rr,0.05
23,0.0,0.0,1.0,24,theory_rr,0.05
24,0.0,0.0,1.0,24,theory_rr,0.05
25,0.0,0.0,1.0,24,theory_rr,0.05
26,0.0,0.0,1.0,24,theory_rr,0.05
27,0.0,0.0,1.0,24,theory_rr,0.05
28,0.0,0.0,1.0,24,theory_rr,0.05
29,0.0,0.0,1.0,24,theory_rr,0.05
30,0.0,0.0,1.0,24,theory_rr,0.05
31,0.0,0.0,1.0,24,theory_rr,0.05
32,0.0,0.0,1.0,24,theory_rr,0.05
33,0.0,0.0,1.0,24,theory_rr,0.05
34,0.0,0.0,1.0,24,theory_rr,0.05
35,0.0,0.0,1.0,24,theory_rr,0.05
36,0.0,0.0,1.0,24,theory_rr,0.05
37,0.0,0.0,1.0,24,theory_rr,0.05
38,0.0,0.0,1.0,24,theory_rr,0.05
39,0.0,0.0,1.0,24,theory_rr,0.05
40,0.0,0.0,1.0,24,theory_rr,0.05
41,0.0,0.0,1.0,24,theory_rr,0.05
42,0.0,0.0,1.0,24,theory_rr,0.05
43,0.0,0.0,1.0,24,theory_rr,0.05
44,0.0,0.0,1.0,24,theory_rr,0.05
45,0.0,0.0,1.0,24,theory_rr,0.05
46,0.0,0.0,1.0,24,theory_rr,0.05
47,0.0,0.0,1.0,24,theory_rr,0.05
48,0.0,0.0,1.0,24,theory_rr,0.05
49,0.0,0.0,1.0,24,theory_rr,0.05
50,0.0,0.0,1.0,24,theory_rr,0.05
51,0.0,0.0,1.0,24,theory_rr,0.05
52,0.0,0.0,1.0,24,theory_rr,0.05
53,0.0,0.0,1.0,24,theory_rr,0.05
54,0.0,0.0,1.0,24,theory_rr,0.05
55,0.0,0.0,1.0,24,theory_rr,0.05
56,0.0,0.0,1.0,24,theory_rr,0.05
57,0.0,0.0,1.0,24,theory_rr,0.05
58,0.0,0.0,1.0,24,theory_rr,0.05
59,0.0,0.0,1.0,24,theory_rr,0.05
60,0.0,0.0,1.0,24,theory_rr,0.05
61,0.0,0.0,1.0,24,theory_rr,0.05
62,0.0,0.0,1.0,24,theory_rr,0.05
63,0.0,0.0,1.0,24,theory_rr,0.05
64,0.0,0.0,1.0,24,theory_rr,0.05
65,0.0,0.0,1.0,24,theory_rr,0.05
66,0.0,0.0,1.0,24,theory_rr,0.05
67,0.0,0.0,1.0,24,theory_rr,0.05
68,0.0,0.0,1.0,24,theory_rr,0.05
69,0.0,0.0,1.0,24,theory_rr,0.05
70,0.0,0.0,1.0,24,theory_rr,0.05
71,0.0,0.0,1.0,24,theory_rr,0.05
72,0.0,0.0,1.0,24,theory_rr,0.05
73,0.0,0.0,1.0,24,theory_rr,0.05
74,0.0,0.0,1.0,24,theory_rr,0.05
75,0.0,0.0,1.0,24,theory_rr,0.05
76,0.0,0.0,1.0,24,theory_rr,0.05
77,0.0,0.0,1.0,24,theory_rr,0.05
78,0.0,0.0,1.0,24,theory_rr,0.05
79,0.0,0.0,1.0,24,theory_rr,0.05
80,0.0,0.0,1.0,24,theory_rr,0.05
81,0.0,0.0,1.0,24,theory_rr,0.05
82,0.0,0.0,1.0,24,theory_rr,0.05
83,0.0,0.0,1.0,24,theory_rr,0.05
84,0.0,0.0,1.0,24,theory_rr,0.05
85,0.0,0.0,1.0,24,theory_rr,0.05
86,0.0,0.0,1.0,24,theory_rr,0.05
87,0.0,0.0,1.0,24,theory_rr,0.05
88,0.0,0.0,1.0,24,theory_rr,0.05
89,0.0,0.0,1.0,24,theory_rr,0.05
90,0.0,0.0,1.0,24,theory_rr,0.05
91,0.0,0.0,1.0,24,theory_rr,0.05
92,0.0,0.0,1.0,24,theory_rr,0.05
93,0.0,0.0,1.0,24,theory_rr,0.05
94,0.0,0.0,1.0,24,theory_rr,0.05
95,0.0,0.0,1.0,24,theory_rr,0.05
96,0.0,0.0,1.0,24,theory_rr,0.05
97,0.0,0.0,1.0,24,theory_rr,0.05
98,0.0,0.0,1.0,24,theory_rr,0.05
99,0.0,0.0,1.0,24,theory_rr,0.05
100,0.0,0.0,1.0,24,theory_rr,0.05
0,0.0,0.94,0.06,24,theory_rr_async,0.05
1,0.0,0.89,0.11,24,theory_rr_async,0.05
2,0.0,0.84,0.16,24,theory_rr_async,0.05
3,0.0,0.8,0.2,24,theory_rr_async,0.05
4,0.0,0.75,0.25,24,theory_rr_async,0.05
5,0.0,0.705,0.295,24,theory_rr_async,0.05
6,0.0,0.665,0.335,24,theory_rr_async,0.05
7,0.0,0.63,0.37,24,theory_rr_async,0.05
8,0.0,0.6,0.4,24,theory_rr_async,0.05
9,0.0,0.575,0.425,24,theory_rr_async,0.05
10,0.0,0.545,0.455,24,theory_rr_async,0.05
11,0.0,0.51,0.49,24,theory_rr_async,0.05
12,0.0,0.49,0.51,24,theory_rr_async,0.05
13,0.0,0.47,0.53,24,theory_rr_async,0.05
14,0.0,0.455,0.545,24,theory_rr_async,0.05
15,0.0,0.435,0.565,24,theory_rr_async,0.05
16,0.0,0.405,0.595,24,theory_rr_async,0.05
17,0.0,0.39,0.61,24,theory_rr_async,0.05
18,0.0,0.365,0.635,24,theory_rr_async,0.05
19,0.0,0.345,0.655,24,theory_rr_async,0.05
20,0.0,0.33,0.67,24,theory_rr_async,0.05
21,0.0,0.32,0.68,24,theory_rr_async,0.05
22,0.0,0.31,0.69,24,theory_rr_async,0.05
23,0.0,0.295,0.705,24,theory_rr_async,0.05
24,0.0,0.275,0.725,24,theory_rr_async,0.05
25,0.0,0.25,0.75,24,theory_rr_async,0.05
26,0.0,0.24,0.76,24,theory_rr_async,0.05
27,0.0,0.22,0.78,24,theory_rr_async,0.05
28,0.0,0.21,0.79,24,theory_rr_async,0.05
29,0.0,0.2,0.8,24,theory_rr_async,0.05
30,0.0,0.18,0.82,24,theory_rr_async,0.05
31,0.0,0.17,0.83,24,theory_rr_async,0.05
32,0.0,0.16,0.84,24,theory_rr_async,0.05
33,0.0,0.155,0.845,24,theory_rr_async,0.05
34,0.0,0.15,0.85,24,theory_rr_async,0.05
35,0.0,0.14,0.86,24,theory_rr_async,0.05
36,0.0,0.135,0.865,24,theory_rr_async,0.05
37,0.0,0.13,0.87,24,theory_rr_async,0.05
38,0.0,0.12,0.88,24,theory_rr_async,0.05
39,0.0,0.115,0.885,24,theory_rr_async,0.05
40,0.0,0.105,0.895,24,theory_rr_async,0.05
41,0.0,0.105,0.895,24,theory_rr_async,0.05
42,0.0,0.095,0.905,24,theory_rr_async,0.05
43,0.0,0.09,0.91,24,theory_rr_async,0.05
44,0.0,0.09,0.91,24,theory_rr_async,0.05
45,0.0,0.09,0.91,24,theory_rr_async,0.05
46,0.0,0.085,0.915,24,theory_rr_async,0.05
47,0.0,0.085,0.915,24,theory_rr_async,0.05
48,0.0,0.08,0.92,24,theory_rr_async,0.05
49,0.0,0.08,0.92,24,theory_rr_async,0.05
50,0.0,0.075,0.925,24,theory_rr_async,0.05
51,0.0,0.075,0.925,24,theory_rr_async,0.05
52,0.0,0.075,0.925,24,theory_rr_async,0.05
53,0.0,0.075,0.925,24,theory_rr_async,0.05
54,0.0,0.065,0.935,24,theory_rr_async,0.05
55,0.0,0.065,0.935,24,theory_rr_async,0.05
56,0.0,0.065,0.935,24,theory_rr_async,0.05
57,0.0,0.065,0.935,24,theory_rr_async,0.05
58,0.0,0.065,0.935,24,theory_rr_async,0.05
59,0.0,0.06,0.94,24,theory_rr_async,0.05
60,0.0,0.055,0.945,24,theory_rr_async,0.05
61,0.0,0.05,0.95,24,theory_rr_async,0.05
62,0.0,0.05,0.95,24,theory_rr_async,0.05
63,0.0,0.05,0.95,24,theory_rr_async,0.05
64,0.0,0.04,0.96,24,theory_rr_async,0.05
65,0.0,0.03,0.97,24,theory_rr_async,0.05
66,0.0,0.03,0.97,24,theory_rr_async,0.05
67,0.0,0.03,0.97,24,theory_rr_async,0.05
68,0.0,0.03,0.97,24,theory_rr_async,0.05
69,0.0,0.02,0.98,24,theory_rr_async,0.05
70,0.0,0.02,0.98,24,theory_rr_async,0.05
71,0.0,0.02,0.98,24,theory_rr_async,0.05
72,0.0,0.02,0.98,24,theory_rr_async,0.05
73,0.0,0.02,0.98,24,theory_rr_async,0.05
74,0.0,0.02,0.98,24,theory_rr_async,0.05
75,0.0,0.02,0.98,24,theory_rr_async,0.05
76,0.0,0.02,0.98,24,theory_rr_async,0.05
77,0.0,0.02,0.98,24,theory_rr_async,0.05
78,0.0,0.02,0.98,24,theory_rr_async,0.05
79,0.0,0.015,0.985,24,theory_rr_async,0.05
80,0.0,0.015,0.985,24,theory_rr_async,0.05
81,0.0,0.015,0.985,24,theory_rr_async,0.05
82,0.0,0.015,0.985,24,theory_rr_async,0.05
83,0.0,0.015,0.985,24,theory_rr_async,0.05
84,0.0,0.015,0.985,24,theory_rr_async,0.05
85,0.0,0.015,0.985,24,theory_rr_async,0.05
86,0.0,0.015,0.985,24,theory_rr_async,0.05
87,0.0,0.015,0.985,24,theory_rr_async,0.05
88,0.0,0.015,0.985,24,theory_rr_async,0.05
89,0.0,0.015,0.985,24,theory_rr_async,0.05
90,0.0,0.015,0.985,24,theory_rr_async,0.05
91,0.0,0.01,0.99,24,theory_rr_async,0.05
92,0.0,0.01,0.99,24,theory_rr_async,0.05
93,0.0,0.01,0.99,24,theory_rr_async,0.05
94,0.0,0.01,0.99,24,theory_rr_async,0.05
95,0.0,0.01,0.99,24,theory_rr_async,0.05
96,0.0,0.01,0.99,24,theory_rr_async,0.05
97,0.0,0.01,0.99,24,theory_rr_async,0.05
98,0.0,0.01,0.99,24,theory_rr_async,0.05
99,0.0,0.01,0.99,24,theory_rr_async,0.05
100,0.0,0.01,0.99,24,theory_rr_async,0.05
0,0.0,0.94,0.06,25,simulation_rr,0.05
1,0.0,0.89,0.11,25,simulation_rr,0.05
2,0.0,0.845,0.155,25,simulation_rr,0.05
3,0.0,0.805,0.195,25,simulation_rr,0.05
4,0.0,0.765,0.235,25,simulation_rr,0.05
5,0.0,0.725,0.275,25,simulation_rr,0.05
6,0.0,0.685,0.315,25,simulation_rr,0.05
7,0.0,0.645,0.355,25,simulation_rr,0.05
8,0.0,0.61,0.39,25,simulation_rr,0.05
9,0.0,0.58,0.42,25,simulation_rr,0.05
10,0.0,0.55,0.45,25,simulation_rr,0.05
11,0.0,0.525,0.475,25,simulation_rr,0.05
12,0.0,0.505,0.495,25,simulation_rr,0.05
13,0.0,0.48,0.52,25,simulation_rr,0.05
14,0.0,0.465,0.535,25,simulation_rr,0.05
15,0.0,0.425,0.575,25,simulation_rr,0.05
16,0.0,0.41,0.59,25,simulation_rr,0.05
17,0.0,0.39,0.61,25,simulation_rr,0.05
18,0.0,0.365,0.635,25,simulation_rr,0.05
19,0.0,0.36,0.64,25,simulation_rr,0.05
20,0.0,0.335,0.665,25,simulation_rr,0.05
21,0.0,0.315,0.685,25,simulation_rr,0.05
22,0.0,0.285,0.715,25,simulation_rr,0.05
23,0.0,0.285,0.715,25,simulation_rr,0.05
24,0.0,0.275,0.725,25,simulation_rr,0.05
25,0.0,0.245,0.755,25,simulation_rr,0.05
26,0.0,0.23,0.77,25,simulation_rr,0.05
27,0.0,0.21,0.79,25,simulation_rr,0.05
28,0.0,0.195,0.805,25,simulation_rr,0.05
29,0.0,0.185,0.815,25,simulation_rr,0.05
30,0.0,0.165,0.835,25,simulation_rr,0.05
31,0.0,0.145,0.855,25,simulation_rr,0.05
32,0.0,0.14,0.86,25,simulation_rr,0.05
33,0.0,0.135,0.865,25,simulation_rr,0.05
34,0.0,0.125,0.875,25,simulation_rr,0.05
35,0.0,0.125,0.875,25,simulation_rr,0.05
36,0.0,0.125,0.875,25,simulation_rr,0.05
37,0.0,0.125,0.875,25,simulation_rr,0.05
38,0.0,0.12,0.88,25,simulation_rr,0.05
39,0.0,0.11,0.89,25,simulation_rr,0.05
40,0.0,0.105,0.895,25,simulation_rr,0.05
41,0.0,0.095,0.905,25,simulation_rr,0.05
42,0.0,0.09,0.91,25,simulation_rr,0.05
43,0.0,0.09,0.91,25,simulation_rr,0.05
44,0.0,0.085,0.915,25,simulation_rr,0.05
45,0.0,0.085,0.915,25,simulation_rr,0.05
46,0.0,0.085,0.915,25,simulation_rr,0.05
47,0.0,0.075,0.925,25,simulation_rr,0.05
48,0.0,0.075,0.925,25,simulation_rr,0.05
49,0.0,0.075,0.925,25,simulation_rr,0.05
50,0.0,0.065,0.935,25,simulation_rr,0.05
51,0.0,0.06,0.94,25,simulation_rr,0.05
52,0.0,0.06,0.94,25,simulation_rr,0.05
53,0.0,0.06,0.94,25,simulation_rr,0.05
54,0.0,0.055,0.945,25,simulation_rr,0.05
55,0.0,0.055,0.945,25,simulation_rr,0.05
56,0.0,0.05,0.95,25,simulation_rr,0.05
57,0.0,0.045,0.955,25,simulation_rr,0.05
58,0.0,0.045,0.955,25,simulation_rr,0.05
59,0.0,0.04,0.96,25,simulation_rr,0.05
60,0.0,0.04,0.96,25,simulation_rr,0.05
61,0.0,0.04,0.96,25,simulation_rr,0.05
62,0.0,0.04,0.96,25,simulation_rr,0.05
63,0.0,0.04,0.96,25,simulation_rr,0.05
0,0.0,0.94,0.06,25,theory_rr,0.05
1,0.0,0.0,1.0,25,theory_rr,0.05
2,0.0,0.0,1.0,25,theory_rr,0.05
3,0.0,0.0,1.0,25,theory_rr,0.05
4,0.0,0.0,1.0,25,theory_rr,0.05
5,0.0,0.0,1.0,25,theory_rr,0.05
6,0.0,0.0,1.0,25,theory_rr,0.05
7,0.0,0.0,1.0,25,theory_rr,0.05
8,0.0,0.0,1.0,25,theory_rr,0.05
9,0.0,0.0,1.0,25,theory_rr,0.05
10,0.0,0.0,1.0,25,theory_rr,0.05
11,0.0,0.0,1.0,25,theory_rr,0.05
12,0.0,0.0,1.0,25,theory_rr,0.05
13,0.0,0.0,1.0,25,theory_rr,0.05
14,0.0,0.0,1.0,25,theory_rr,0.05
15,0.0,0.0,1.0,25,theory_rr,0.05
16,0.0,0.0,1.0,25,theory_rr,0.05
17,0.0,0.0,1.0,25,theory_rr,0.05
18,0.0,0.0,1.0,25,theory_rr,0.05
19,0.0,0.0,1.0,25,theory_rr,0.05
20,0.0,0.0,1.0,25,theory_rr,0.05
21,0.0,0.0,1.0,25,theory_rr,0.05
22,0.0,0.0,1.0,25,theory_rr,0.05
23,0.0,0.0,1.0,25,theory_rr,0.05
24,0.0,0.0,1.0,25,theory_rr,0.05
25,0.0,0.0,1.0,25,theory_rr,0.05
26,0.0,0.0,1.0,25,theory_rr,0.05
27,0.0,0.0,1.0,25,theory_rr,0.05
28,0.0,0.0,1.0,25,theory_rr,0.05
29,0.0,0.0,1.0,25,theory_rr,0.05
30,0.0,0.0,1.0,25,theory_rr,0.05
31,0.0,0.0,1.0,25,theory_rr,0.05
32,0.0,0.0,1.0,25,theory_rr,0.05
33,0.0,0.0,1.0,25,theory_rr,0.05
34,0.0,0.0,1.0,25,theory_rr,0.05
35,0.0,0.0,1.0,25,theory_rr,0.05
36,0.0,0.0,1.0,25,theory_rr,0.05
37,0.0,0.0,1.0,25,theory_rr,0.05
38,0.0,0.0,1.0,25,theory_rr,0.05
39,0.0,0.0,1.0,25,theory_rr,0.05
40,0.0,0.0,1.0,25,theory_rr,0.05
41,0.0,0.0,1.0,25,theory_rr,0.05
42,0.0,0.0,1.0,25,theory_rr,0.05
43,0.0,0.0,1.0,25,theory_rr,0.05
44,0.0,0.0,1.0,25,theory_rr,0.05
45,0.0,0.0,1.0,25,theory_rr,0.05
46,0.0,0.0,1.0,25,theory_rr,0.05
47,0.0,0.0,1.0,25,theory_rr,0.05
48,0.0,0.0,1.0,25,theory_rr,0.05
49,0.0,0.0,1.0,25,theory_rr,0.05
50,0.0,0.0,1.0,25,theory_rr,0.05
51,0.0,0.0,1.0,25,theory_rr,0.05
52,0.0,0.0,1.0,25,theory_rr,0.05
53,0.0,0.0,1.0,25,theory_rr,0.05
54,0.0,0.0,1.0,25,theory_rr,0.05
55,0.0,0.0,1.0,25,theory_rr,0.05
56,0.0,0.0,1.0,25,theory_rr,0.05
57,0.0,0.0,1.0,25,theory_rr,0.05
58,0.0,0.0,1.0,25,theory_rr,0.05
59,0.0,0.0,1.0,25,theory_rr,0.05
60,0.0,0.0,1.0,25,theory_rr,0.05
61,0.0,0.0,1.0,25,theory_rr,0.05
62,0.0,0.0,1.0,25,theory_rr,0.05
63,0.0,0.0,1.0,25,theory_rr,0.05
64,0.0,0.0,1.0,25,theory_rr,0.05
65,0.0,0.0,1.0,25,theory_rr,0.05
66,0.0,0.0,1.0,25,theory_rr,0.05
67,0.0,0.0,1.0,25,theory_rr,0.05
68,0.0,0.0,1.0,25,theory_rr,0.05
69,0.0,0.0,1.0,25,theory_rr,0.05
70,0.0,0.0,1.0,25,theory_rr,0.05
71,0.0,0.0,1.0,25,theory_rr,0.05
72,0.0,0.0,1.0,25,theory_rr,0.05
73,0.0,0.0,1.0,25,theory_rr,0.05
74,0.0,0.0,1.0,25,theory_rr,0.05
75,0.0,0.0,1.0,25,theory_rr,0.05
76,0.0,0.0,1.0,25,theory_rr,0.05
77,0.0,0.0,1.0,25,theory_rr,0.05
78,0.0,0.0,1.0,25,theory_rr,0.05
79,0.0,0.0,1.0,25,theory_rr,0.05
80,0.0,0.0,1.0,25,theory_rr,0.05
81,0.0,0.0,1.0,25,theory_rr,0.05
82,0.0,0.0,1.0,25,theory_rr,0.05
83,0.0,0.0,1.0,25,theory_rr,0.05
84,0.0,0.0,1.0,25,theory_rr,0.05
85,0.0,0.0,1.0,25,theory_rr,0.05
86,0.0,0.0,1.0,25,theory_rr,0.05
87,0.0,0.0,1.0,25,theory_rr,0.05
88,0.0,0.0,1.0,25,theory_rr,0.05
89,0.0,0.0,1.0,25,theory_rr,0.05
90,0.0,0.0,1.0,25,theory_rr,0.05
91,0.0,0.0,1.0,25,theory_rr,0.05
92,0.0,0.0,1.0,25,theory_rr,0.05
93,0.0,0.0,1.0,25,theory_rr,0.05
94,0.0,0.0,1.0,25,theory_rr,0.05
95,0.0,0.0,1.0,25,theory_rr,0.05
96,0.0,0.0,1.0,25,theory_rr,0.05
97,0.0,0.0,1.0,25,theory_rr,0.05
98,0.0,0.0,1.0,25,theory_rr,0.05
99,0.0,0.0,1.0,25,theory_rr,0.05
100,0.0,0.0,1.0,25,theory_rr,0.05
0,0.0,0.94,0.06,25,theory_rr_async,0.05
1,0.0,0.89,0.11,25,theory_rr_async,0.05
2,0.0,0.845,0.155,25,theory_rr_async,0.05
3,0.0,0.805,0.195,25,theory_rr_async,0.05
4,0.0,0.765,0.235,25,theory_rr_async,0.05
5,0.0,0.725,0.275,25,theory_rr_async,0.05
6,0.0,0.685,0.315,25,theory_rr_async,0.05
7,0.0,0.645,0.355,25,theory_rr_async,0.05
8,0.0,0.61,0.39,25,theory_rr_async,0.05
9,0.0,0.58,0.42,25,theory_rr_async,0.05
10,0.0,0.55,0.45,25,theory_rr_async,0.05
11,0.0,0.525,0.475,25,theory_rr_async,0.05
12,0.0,0.505,0.495,25,theory_rr_async,0.05
13,0.0,0.48,0.52,25,theory_rr_async,0.05
14,0.0,0.465,0.535,25,theory_rr_async,0.05
15,0.0,0.425,0.575,25,theory_rr_async,0.05
16,0.0,0.41,0.59,25,theory_rr_async,0.05
17,0.0,0.39,0.61,25,theory_rr_async,0.05
18,0.0,0.365,0.635,25,theory_rr_async,0.05
19,0.0,0.36,0.64,25,theory_rr_async,0.05
20,0.0,0.335,0.665,25,theory_rr_async,0.05
21,0.0,0.315,0.685,25,theory_rr_async,0.05
22,0.0,0.285,0.715,25,theory_rr_async,0.05
23,0.0,0.285,0.715,25,theory_rr_async,0.05
24,0.0,0.275,0.725,25,theory_rr_async,0.05
25,0.0,0.245,0.755,25,theory_rr_async,0.05
26,0.0,0.23,0.77,25,theory_rr_async,0.05
27,0.0,0.21,0.79,25,theory_rr_async,0.05
28,0.0,0.195,0.805,25,theory_rr_async,0.05
29,0.0,0.185,0.815,25,theory_rr_async,0.05
30,0.0,0.165,0.835,25,theory_rr_async,0.05
31,0.0,0.145,0.855,25,theory_rr_async,0.05
32,0.0,0.14,0.86,25,theory_rr_async,0.05
33,0.0,0.135,0.865,25,theory_rr_async,0.05
34,0.0,0.125,0.875,25,theory_rr_async,0.05
35,0.0,0.125,0.875,25,theory_rr_async,0.05
36,0.0,0.125,0.875,25,theory_rr_async,0.05
37,0.0,0.125,0.875,25,theory_rr_async,0.05
38,0.0,0.12,0.88,25,theory_rr_async,0.05
39,0.0,0.11,0.89,25,theory_rr_async,0.05
40,0.0,0.105,0.895,25,theory_rr_async,0.05
41,0.0,0.095,0.905,25,theory_rr_async,0.05
42,0.0,0.09,0.91,25,theory_rr_async,0.05
43,0.0,0.09,0.91,25,theory_rr_async,0.05
44,0.0,0.085,0.915,25,theory_rr_async,0.05
45,0.0,0.085,0.915,25,theory_rr_async,0.05
46,0.0,0.085,0.915,25,theory_rr_async,0.05
47,0.0,0.075,0.925,25,theory_rr_async,0.05
48,0.0,0.075,0.925,25,theory_rr_async,0.05
49,0.0,0.075,0.925,25,theory_rr_async,0.05
50,0.0,0.065,0.935,25,theory_rr_async,0.05
51,0.0,0.06,0.94,25,theory_rr_async,0.05
52,0.0,0.06,0.94,25,theory_rr_async,0.05
53,0.0,0.06,0.94,25,theory_rr_async,0.05
54,0.0,0.055,0.945,25,theory_rr_async,0.05
55,0.0,0.055,0.945,25,theory_rr_async,0.05
56,0.0,0.05,0.95,25,theory_rr_async,0.05
57,0.0,0.045,0.955,25,theory_rr_async,0.05
58,0.0,0.045,0.955,25,theory_rr_async,0.05
59,0.0,0.04,0.96,25,theory_rr_async,0.05
60,0.0,0.04,0.96,25,theory_rr_async,0.05
61,0.0,0.04,0.96,25,theory_rr_async,0.05
62,0.0,0.04,0.96,25,theory_rr_async,0.05
63,0.0,0.04,0.96,25,theory_rr_async,0.05
64,0.0,0.035,0.965,25,theory_rr_async,0.05
65,0.0,0.035,0.965,25,theory_rr_async,0.05
66,0.0,0.035,0.965,25,theory_rr_async,0.05
67,0.0,0.035,0.965,25,theory_rr_async,0.05
68,0.0,0.035,0.965,25,theory_rr_async,0.05
69,0.0,0.035,0.965,25,theory_rr_async,0.05
70,0.0,0.035,0.965,25,theory_rr_async,0.05
71,0.0,0.035,0.965,25,theory_rr_async,0.05
72,0.0,0.035,0.965,25,theory_rr_async,0.05
73,0.0,0.03,0.97,25,theory_rr_async,0.05
74,0.0,0.025,0.975,25,theory_rr_async,0.05
75,0.0,0.025,0.975,25,theory_rr_async,0.05
76,0.0,0.025,0.975,25,theory_rr_async,0.05
77,0.0,0.025,0.975,25,theory_rr_async,0.05
78,0.0,0.025,0.975,25,theory_rr_async,0.05
79,0.0,0.02,0.98,25,theory_rr_async,0.05
80,0.0,0.02,0.98,25,theory_rr_async,0.05
81,0.0,0.02,0.98,25,theory_rr_async,0.05
82,0.0,0.02,0.98,25,theory_rr_async,0.05
83,0.0,0.02,0.98,25,theory_rr_async,0.05
84,0.0,0.02,0.98,25,theory_rr_async,0.05
85,0.0,0.02,0.98,25,theory_rr_async,0.05
86,0.0,0.02,0.98,25,theory_rr_async,0.05
87,0.0,0.02,0.98,25,theory_rr_async,0.05
88,0.0,0.02,0.98,25,theory_rr_async,0.05
89,0.0,0.02,0.98,25,theory_rr_async,0.05
90,0.0,0.02,0.98,25,theory_rr_async,0.05
91,0.0,0.02,0.98,25,theory_rr_async,0.05
92,0.0,0.02,0.98,25,theory_rr_async,0.05
93,0.0,0.02,0.98,25,theory_rr_async,0.05
94,0.0,0.02,0.98,25,theory_rr_async,0.05
95,0.0,0.02,0.98,25,theory_rr_async,0.05
96,0.0,0.02,0.98,25,theory_rr_async,0.05
97,0.0,0.02,0.98,25,theory_rr_async,0.05
98,0.0,0.015,0.985,25,theory_rr_async,0.05
99,0.0,0.015,0.985,25,theory_rr_async,0.05
100,0.0,0.015,0.985,25,theory_rr_async,0.05
0,0.0,0.94,0.06,26,simulation_rr,0.05
1,0.0,0.895,0.105,26,simulation_rr,0.05
2,0.0,0.85,0.15,26,simulation_rr,0.05
3,0.0,0.805,0.195,26,simulation_rr,0.05
4,0.0,0.765,0.235,26,simulation_rr,0.05
5,0.0,0.72,0.28,26,simulation_rr,0.05
6,0.0,0.69,0.31,26,simulation_rr,0.05
7,0.0,0.665,0.335,26,simulation_rr,0.05
8,0.0,0.64,0.36,26,simulation_rr,0.05
9,0.0,0.605,0.395,26,simulation_rr,0.05
10,0.0,0.585,0.415,26,simulation_rr,0.05
11,0.0,0.55,0.45,26,simulation_rr,0.05
12,0.0,0.52,0.48,26,simulation_rr,0.05
13,0.0,0.495,0.505,26,simulation_rr,0.05
14,0.0,0.465,0.535,26,simulation_rr,0.05
15,0.0,0.445,0.555,26,simulation_rr,0.05
16,0.0,0.425,0.575,26,simulation_rr,0.05
17,0.0,0.41,0.59,26,simulation_rr,0.05
18,0.0,0.385,0.615,26,simulation_rr,0.05
19,0.0,0.345,0.655,26,simulation_rr,0.05
20,0.0,0.325,0.675,26,simulation_rr,0.05
21,0.0,0.305,0.695,26,simulation_rr,0.05
22,0.0,0.3,0.7,26,simulation_rr,0.05
23,0.0,0.285,0.715,26,simulation_rr,0.05
24,0.0,0.28,0.72,26,simulation_rr,0.05
25,0.0,0.275,0.725,26,simulation_rr,0.05
26,0.0,0.26,0.74,26,simulation_rr,0.05
27,0.0,0.235,0.765,26,simulation_rr,0.05
28,0.0,0.21,0.79,26,simulation_rr,0.05
29,0.0,0.19,0.81,26,simulation_rr,0.05
30,0.0,0.175,0.825,26,simulation_rr,0.05
31,0.0,0.165,0.835,26,simulation_rr,0.05
32,0.0,0.155,0.845,26,simulation_rr,0.05
33,0.0,0.15,0.85,26,simulation_rr,0.05
34,0.0,0.145,0.855,26,simulation_rr,0.05
35,0.0,0.13,0.87,26,simulation_rr,0.05
36,0.0,0.125,0.875,26,simulation_rr,0.05
37,0.0,0.125,0.875,26,simulation_rr,0.05
38,0.0,0.12,0.88,26,simulation_rr,0.05
39,0.0,0.12,0.88,26,simulation_rr,0.05
40,0.0,0.105,0.895,26,simulation_rr,0.05
41,0.0,0.095,0.905,26,simulation_rr,0.05
42,0.0,0.095,0.905,26,simulation_rr,0.05
43,0.0,0.085,0.915,26,simulation_rr,0.05
44,0.0,0.085,0.915,26,simulation_rr,0.05
45,0.0,0.08,0.92,26,simulation_rr,0.05
46,0.0,0.08,0.92,26,simulation_rr,0.05
47,0.0,0.08,0.92,26,simulation_rr,0.05
48,0.0,0.08,0.92,26,simulation_rr,0.05
49,0.0,0.07,0.93,26,simulation_rr,0.05
50,0.0,0.065,0.935,26,simulation_rr,0.05
51,0.0,0.065,0.935,26,simulation_rr,0.05
52,0.0,0.065,0.935,26,simulation_rr,0.05
53,0.0,0.06,0.94,26,simulation_rr,0.05
54,0.0,0.06,0.94,26,simulation_rr,0.05
55,0.0,0.06,0.94,26,simulation_rr,0.05
56,0.0,0.06,0.94,26,simulation_rr,0.05
57,0.0,0.06,0.94,26,simulation_rr,0.05
0,0.0,0.94,0.06,26,theory_rr,0.05
1,0.0,0.0,1.0,26,theory_rr,0.05
2,0.0,0.0,1.0,26,theory_rr,0.05
3,0.0,0.0,1.0,26,theory_rr,0.05
4,0.0,0.0,1.0,26,theory_rr,0.05
5,0.0,0.0,1.0,26,theory_rr,0.05
6,0.0,0.0,1.0,26,theory_rr,0.05
7,0.0,0.0,1.0,26,theory_rr,0.05
8,0.0,0.0,1.0,26,theory_rr,0.05
9,0.0,0.0,1.0,26,theory_rr,0.05
10,0.0,0.0,1.0,26,theory_rr,0.05
11,0.0,0.0,1.0,26,theory_rr,0.05
12,0.0,0.0,1.0,26,theory_rr,0.05
13,0.0,0.0,1.0,26,theory_rr,0.05
14,0.0,0.0,1.0,26,theory_rr,0.05
15,0.0,0.0,1.0,26,theory_rr,0.05
16,0.0,0.0,1.0,26,theory_rr,0.05
17,0.0,0.0,1.0,26,theory_rr,0.05
18,0.0,0.0,1.0,26,theory_rr,0.05
19,0.0,0.0,1.0,26,theory_rr,0.05
20,0.0,0.0,1.0,26,theory_rr,0.05
21,0.0,0.0,1.0,26,theory_rr,0.05
22,0.0,0.0,1.0,26,theory_rr,0.05
23,0.0,0.0,1.0,26,theory_rr,0.05
24,0.0,0.0,1.0,26,theory_rr,0.05
25,0.0,0.0,1.0,26,theory_rr,0.05
26,0.0,0.0,1.0,26,theory_rr,0.05
27,0.0,0.0,1.0,26,theory_rr,0.05
28,0.0,0.0,1.0,26,theory_rr,0.05
29,0.0,0.0,1.0,26,theory_rr,0.05
30,0.0,0.0,1.0,26,theory_rr,0.05
31,0.0,0.0,1.0,26,theory_rr,0.05
32,0.0,0.0,1.0,26,theory_rr,0.05
33,0.0,0.0,1.0,26,theory_rr,0.05
34,0.0,0.0,1.0,26,theory_rr,0.05
35,0.0,0.0,1.0,26,theory_rr,0.05
36,0.0,0.0,1.0,26,theory_rr,0.05
37,0.0,0.0,1.0,26,theory_rr,0.05
38,0.0,0.0,1.0,26,theory_rr,0.05
39,0.0,0.0,1.0,26,theory_rr,0.05
40,0.0,0.0,1.0,26,theory_rr,0.05
41,0.0,0.0,1.0,26,theory_rr,0.05
42,0.0,0.0,1.0,26,theory_rr,0.05
43,0.0,0.0,1.0,26,theory_rr,0.05
44,0.0,0.0,1.0,26,theory_rr,0.05
45,0.0,0.0,1.0,26,theory_rr,0.05
46,0.0,0.0,1.0,26,theory_rr,0.05
47,0.0,0.0,1.0,26,theory_rr,0.05
48,0.0,0.0,1.0,26,theory_rr,0.05
49,0.0,0.0,1.0,26,theory_rr,0.05
50,0.0,0.0,1.0,26,theory_rr,0.05
51,0.0,0.0,1.0,26,theory_rr,0.05
52,0.0,0.0,1.0,26,theory_rr,0.05
53,0.0,0.0,1.0,26,theory_rr,0.05
54,0.0,0.0,1.0,26,theory_rr,0.05
55,0.0,0.0,1.0,26,theory_rr,0.05
56,0.0,0.0,1.0,26,theory_rr,0.05
57,0.0,0.0,1.0,26,theory_rr,0.05
58,0.0,0.0,1.0,26,theory_rr,0.05
59,0.0,0.0,1.0,26,theory_rr,0.05
60,0.0,0.0,1.0,26,theory_rr,0.05
61,0.0,0.0,1.0,26,theory_rr,0.05
62,0.0,0.0,1.0,26,theory_rr,0.05
63,0.0,0.0,1.0,26,theory_rr,0.05
64,0.0,0.0,1.0,26,theory_rr,0.05
65,0.0,0.0,1.0,26,theory_rr,0.05
66,0.0,0.0,1.0,26,theory_rr,0.05
67,0.0,0.0,1.0,26,theory_rr,0.05
68,0.0,0.0,1.0,26,theory_rr,0.05
69,0.0,0.0,1.0,26,theory_rr,0.05
70,0.0,0.0,1.0,26,theory_rr,0.05
71,0.0,0.0,1.0,26,theory_rr,0.05
72,0.0,0.0,1.0,26,theory_rr,0.05
73,0.0,0.0,1.0,26,theory_rr,0.05
74,0.0,0.0,1.0,26,theory_rr,0.05
75,0.0,0.0,1.0,26,theory_rr,0.05
76,0.0,0.0,1.0,26,theory_rr,0.05
77,0.0,0.0,1.0,26,theory_rr,0.05
78,0.0,0.0,1.0,26,theory_rr,0.05
79,0.0,0.0,1.0,26,theory_rr,0.05
80,0.0,0.0,1.0,26,theory_rr,0.05
81,0.0,0.0,1.0,26,theory_rr,0.05
82,0.0,0.0,1.0,26,theory_rr,0.05
83,0.0,0.0,1.0,26,theory_rr,0.05
84,0.0,0.0,1.0,26,theory_rr,0.05
85,0.0,0.0,1.0,26,theory_rr,0.05
86,0.0,0.0,1.0,26,theory_rr,0.05
87,0.0,0.0,1.0,26,theory_rr,0.05
88,0.0,0.0,1.0,26,theory_rr,0.05
89,0.0,0.0,1.0,26,theory_rr,0.05
90,0.0,0.0,1.0,26,theory_rr,0.05
91,0.0,0.0,1.0,26,theory_rr,0.05
92,0.0,0.0,1.0,26,theory_rr,0.05
93,0.0,0.0,1.0,26,theory_rr,0.05
94,0.0,0.0,1.0,26,theory_rr,0.05
95,0.0,0.0,1.0,26,theory_rr,0.05
96,0.0,0.0,1.0,26,theory_rr,0.05
97,0.0,0.0,1.0,26,theory_rr,0.05
98,0.0,0.0,1.0,26,theory_rr,0.05
99,0.0,0.0,1.0,26,theory_rr,0.05
100,0.0,0.0,1.0,26,theory_rr,0.05
0,0.0,0.94,0.06,26,theory_rr_async,0.05
1,0.0,0.895,0.105,26,theory_rr_async,0.05
2,0.0,0.85,0.15,26,theory_rr_async,0.05
3,0.0,0.805,0.195,26,theory_rr_async,0.05
4,0.0,0.765,0.235,26,theory_rr_async,0.05
5,0.0,0.72,0.28,26,theory_rr_async,0.05
6,0.0,0.69,0.31,26,theory_rr_async,0.05
7,0.0,0.665,0.335,26,theory_rr_async,0.05
8,0.0,0.64,0.36,26,theory_rr_async,0.05
9,0.0,0.605,0.395,26,theory_rr_async,0.05
10,0.0,0.585,0.415,26,theory_rr_async,0.05
11,0.0,0.55,0.45,26,theory_rr_async,0.05
12,0.0,0.52,0.48,26,theory_rr_async,0.05
13,0.0,0.495,0.505,26,theory_rr_async,0.05
14,0.0,0.465,0.535,26,theory_rr_async,0.05
15,0.0,0.445,0.555,26,theory_rr_async,0.05
16,0.0,0.425,0.575,26,theory_rr_async,0.05
17,0.0,0.41,0.59,26,theory_rr_async,0.05
18,0.0,0.385,0.615,26,theory_rr_async,0.05
19,0.0,0.345,0.655,26,theory_rr_async,0.05
20,0.0,0.325,0.675,26,theory_rr_async,0.05
21,0.0,0.305,0.695,26,theory_rr_async,0.05
22,0.0,0.3,0.7,26,theory_rr_async,0.05
23,0.0,0.285,0.715,26,theory_rr_async,0.05
24,0.0,0.28,0.72,26,theory_rr_async,0.05
25,0.0,0.275,0.725,26,theory_rr_async,0.05
26,0.0,0.26,0.74,26,theory_rr_async,0.05
27,0.0,0.235,0.765,26,theory_rr_async,0.05
28,0.0,0.21,0.79,26,theory_rr_async,0.05
29,0.0,0.19,0.81,26,theory_rr_async,0.05
30,0.0,0.175,0.825,26,theory_rr_async,0.05
31,0.0,0.165,0.835,26,theory_rr_async,0.05
32,0.0,0.155,0.845,26,theory_rr_async,0.05
33,0.0,0.15,0.85,26,theory_rr_async,0.05
34,0.0,0.145,0.855,26,theory_rr_async,0.05
35,0.0,0.13,0.87,26,theory_rr_async,0.05
36,0.0,0.125,0.875,26,theory_rr_async,0.05
37,0.0,0.125,0.875,26,theory_rr_async,0.05
38,0.0,0.12,0.88,26,theory_rr_async,0.05
39,0.0,0.12,0.88,26,theory_rr_async,0.05
40,0.0,0.105,0.895,26,theory_rr_async,0.05
41,0.0,0.095,0.905,26,theory_rr_async,0.05
42,0.0,0.095,0.905,26,theory_rr_async,0.05
43,0.0,0.085,0.915,26,theory_rr_async,0.05
44,0.0,0.085,0.915,26,theory_rr_async,0.05
45,0.0,0.08,0.92,26,theory_rr_async,0.05
46,0.0,0.08,0.92,26,theory_rr_async,0.05
47,0.0,0.08,0.92,26,theory_rr_async,0.05
48,0.0,0.08,0.92,26,theory_rr_async,0.05
49,0.0,0.07,0.93,26,theory_rr_async,0.05
50,0.0,0.065,0.935,26,theory_rr_async,0.05
51,0.0,0.065,0.935,26,theory_rr_async,0.05
52,0.0,0.065,0.935,26,theory_rr_async,0.05
53,0.0,0.06,0.94,26,theory_rr_async,0.05
54,0.0,0.06,0.94,26,theory_rr_async,0.05
55,0.0,0.06,0.94,26,theory_rr_async,0.05
56,0.0,0.06,0.94,26,theory_rr_async,0.05
57,0.0,0.06,0.94,26,theory_rr_async,0.05
58,0.0,0.055,0.945,26,theory_rr_async,0.05
59,0.0,0.05,0.95,26,theory_rr_async,0.05
60,0.0,0.045,0.955,26,theory_rr_async,0.05
61,0.0,0.035,0.965,26,theory_rr_async,0.05
62,0.0,0.035,0.965,26,theory_rr_async,0.05
63,0.0,0.03,0.97,26,theory_rr_async,0.05
64,0.0,0.03,0.97,26,theory_rr_async,0.05
65,0.0,0.03,0.97,26,theory_rr_async,0.05
66,0.0,0.025,0.975,26,theory_rr_async,0.05
67,0.0,0.025,0.975,26,theory_rr_async,0.05
68,0.0,0.025,0.975,26,theory_rr_async,0.05
69,0.0,0.025,0.975,26,theory_rr_async,0.05
70,0.0,0.02,0.98,26,theory_rr_async,0.05
71,0.0,0.02,0.98,26,theory_rr_async,0.05
72,0.0,0.02,0.98,26,theory_rr_async,0.05
73,0.0,0.02,0.98,26,theory_rr_async,0.05
74,0.0,0.02,0.98,26,theory_rr_async,0.05
75,0.0,0.01,0.99,26,theory_rr_async,0.05
76,0.0,0.01,0.99,26,theory_rr_async,0.05
77,0.0,0.01,0.99,26,theory_rr_async,0.05
78,0.0,0.01,0.99,26,theory_rr_async,0.05
79,0.0,0.01,0.99,26,theory_rr_async,0.05
80,0.0,0.01,0.99,26,theory_rr_async,0.05
81,0.0,0.005,0.995,26,theory_rr_async,0.05
82,0.0,0.005,0.995,26,theory_rr_async,0.05
83,0.0,0.005,0.995,26,theory_rr_async,0.05
84,0.0,0.005,0.995,26,theory_rr_async,0.05
85,0.0,0.005,0.995,26,theory_rr_async,0.05
86,0.0,0.005,0.995,26,theory_rr_async,0.05
87,0.0,0.005,0.995,26,theory_rr_async,0.05
88,0.0,0.0,1.0,26,theory_rr_async,0.05
89,0.0,0.0,1.0,26,theory_rr_async,0.05
90,0.0,0.0,1.0,26,theory_rr_async,0.05
91,0.0,0.0,1.0,26,theory_rr_async,0.05
92,0.0,0.0,1.0,26,theory_rr_async,0.05
93,0.0,0.0,1.0,26,theory_rr_async,0.05
94,0.0,0.0,1.0,26,theory_rr_async,0.05
95,0.0,0.0,1.0,26,theory_rr_async,0.05
96,0.0,0.0,1.0,26,theory_rr_async,0.05
97,0.0,0.0,1.0,26,theory_rr_async,0.05
98,0.0,0.0,1.0,26,theory_rr_async,0.05
99,0.0,0.0,1.0,26,theory_rr_async,0.05
100,0.0,0.0,1.0,26,theory_rr_async,0.05
0,0.0,0.94,0.06,27,simulation_rr,0.05
1,0.0,0.89,0.11,27,simulation_rr,0.05
2,0.0,0.845,0.155,27,simulation_rr,0.05
3,0.0,0.8,0.2,27,simulation_rr,0.05
4,0.0,0.755,0.245,27,simulation_rr,0.05
5,0.0,0.71,0.29,27,simulation_rr,0.05
6,0.0,0.675,0.325,27,simulation_rr,0.05
7,0.0,0.63,0.37,27,simulation_rr,0.05
8,0.0,0.605,0.395,27,simulation_rr,0.05
9,0.0,0.575,0.425,27,simulation_rr,0.05
10,0.0,0.545,0.455,27,simulation_rr,0.05
11,0.0,0.525,0.475,27,simulation_rr,0.05
12,0.0,0.505,0.495,27,simulation_rr,0.05
13,0.0,0.475,0.525,27,simulation_rr,0.05
14,0.0,0.455,0.545,27,simulation_rr,0.05
15,0.0,0.425,0.575,27,simulation_rr,0.05
16,0.0,0.395,0.605,27,simulation_rr,0.05
17,0.0,0.385,0.615,27,simulation_rr,0.05
18,0.0,0.36,0.64,27,simulation_rr,0.05
19,0.0,0.35,0.65,27,simulation_rr,0.05
20,0.0,0.335,0.665,27,simulation_rr,0.05
21,0.0,0.315,0.685,27,simulation_rr,0.05
22,0.0,0.3,0.7,27,simulation_rr,0.05
23,0.0,0.28,0.72,27,simulation_rr,0.05
24,0.0,0.25,0.75,27,simulation_rr,0.05
25,0.0,0.23,0.77,27,simulation_rr,0.05
26,0.0,0.225,0.775,27,simulation_rr,0.05
27,0.0,0.21,0.79,27,simulation_rr,0.05
28,0.0,0.2,0.8,27,simulation_rr,0.05
29,0.0,0.19,0.81,27,simulation_rr,0.05
30,0.0,0.175,0.825,27,simulation_rr,0.05
31,0.0,0.17,0.83,27,simulation_rr,0.05
32,0.0,0.16,0.84,27,simulation_rr,0.05
33,0.0,0.16,0.84,27,simulation_rr,0.05
34,0.0,0.16,0.84,27,simulation_rr,0.05
35,0.0,0.145,0.855,27,simulation_rr,0.05
36,0.0,0.14,0.86,27,simulation_rr,0.05
37,0.0,0.13,0.87,27,simulation_rr,0.05
38,0.0,0.12,0.88,27,simulation_rr,0.05
39,0.0,0.11,0.89,27,simulation_rr,0.05
40,0.0,0.105,0.895,27,simulation_rr,0.05
41,0.0,0.1,0.9,27,simulation_rr,0.05
42,0.0,0.095,0.905,27,simulation_rr,0.05
43,0.0,0.095,0.905,27,simulation_rr,0.05
44,0.0,0.095,0.905,27,simulation_rr,0.05
45,0.0,0.095,0.905,27,simulation_rr,0.05
46,0.0,0.09,0.91,27,simulation_rr,0.05
47,0.0,0.08,0.92,27,simulation_rr,0.05
48,0.0,0.08,0.92,27,simulation_rr,0.05
49,0.0,0.075,0.925,27,simulation_rr,0.05
50,0.0,0.06,0.94,27,simulation_rr,0.05
51,0.0,0.06,0.94,27,simulation_rr,0.05
52,0.0,0.055,0.945,27,simulation_rr,0.05
53,0.0,0.055,0.945,27,simulation_rr,0.05
54,0.0,0.045,0.955,27,simulation_rr,0.05
55,0.0,0.04,0.96,27,simulation_rr,0.05
56,0.0,0.035,0.965,27,simulation_rr,0.05
57,0.0,0.03,0.97,27,simulation_rr,0.05
58,0.0,0.03,0.97,27,simulation_rr,0.05
59,0.0,0.02,0.98,27,simulation_rr,0.05
60,0.0,0.02,0.98,27,simulation_rr,0.05
61,0.0,0.02,0.98,27,simulation_rr,0.05
62,0.0,0.02,0.98,27,simulation_rr,0.05
63,0.0,0.02,0.98,27,simulation_rr,0.05
0,0.0,0.94,0.06,27,theory_rr,0.05
1,0.0,0.0,1.0,27,theory_rr,0.05
2,0.0,0.0,1.0,27,theory_rr,0.05
3,0.0,0.0,1.0,27,theory_rr,0.05
4,0.0,0.0,1.0,27,theory_rr,0.05
5,0.0,0.0,1.0,27,theory_rr,0.05
6,0.0,0.0,1.0,27,theory_rr,0.05
7,0.0,0.0,1.0,27,theory_rr,0.05
8,0.0,0.0,1.0,27,theory_rr,0.05
9,0.0,0.0,1.0,27,theory_rr,0.05
10,0.0,0.0,1.0,27,theory_rr,0.05
11,0.0,0.0,1.0,27,theory_rr,0.05
12,0.0,0.0,1.0,27,theory_rr,0.05
13,0.0,0.0,1.0,27,theory_rr,0.05
14,0.0,0.0,1.0,27,theory_rr,0.05
15,0.0,0.0,1.0,27,theory_rr,0.05
16,0.0,0.0,1.0,27,theory_rr,0.05
17,0.0,0.0,1.0,27,theory_rr,0.05
18,0.0,0.0,1.0,27,theory_rr,0.05
19,0.0,0.0,1.0,27,theory_rr,0.05
20,0.0,0.0,1.0,27,theory_rr,0.05
21,0.0,0.0,1.0,27,theory_rr,0.05
22,0.0,0.0,1.0,27,theory_rr,0.05
23,0.0,0.0,1.0,27,theory_rr,0.05
24,0.0,0.0,1.0,27,theory_rr,0.05
25,0.0,0.0,1.0,27,theory_rr,0.05
26,0.0,0.0,1.0,27,theory_rr,0.05
27,0.0,0.0,1.0,27,theory_rr,0.05
28,0.0,0.0,1.0,27,theory_rr,0.05
29,0.0,0.0,1.0,27,theory_rr,0.05
30,0.0,0.0,1.0,27,theory_rr,0.05
31,0.0,0.0,1.0,27,theory_rr,0.05
32,0.0,0.0,1.0,27,theory_rr,0.05
33,0.0,0.0,1.0,27,theory_rr,0.05
34,0.0,0.0,1.0,27,theory_rr,0.05
35,0.0,0.0,1.0,27,theory_rr,0.05
36,0.0,0.0,1.0,27,theory_rr,0.05
37,0.0,0.0,1.0,27,theory_rr,0.05
38,0.0,0.0,1.0,27,theory_rr,0.05
39,0.0,0.0,1.0,27,theory_rr,0.05
40,0.0,0.0,1.0,27,theory_rr,0.05
41,0.0,0.0,1.0,27,theory_rr,0.05
42,0.0,0.0,1.0,27,theory_rr,0.05
43,0.0,0.0,1.0,27,theory_rr,0.05
44,0.0,0.0,1.0,27,theory_rr,0.05
45,0.0,0.0,1.0,27,theory_rr,0.05
46,0.0,0.0,1.0,27,theory_rr,0.05
47,0.0,0.0,1.0,27,theory_rr,0.05
48,0.0,0.0,1.0,27,theory_rr,0.05
49,0.0,0.0,1.0,27,theory_rr,0.05
50,0.0,0.0,1.0,27,theory_rr,0.05
51,0.0,0.0,1.0,27,theory_rr,0.05
52,0.0,0.0,1.0,27,theory_rr,0.05
53,0.0,0.0,1.0,27,theory_rr,0.05
54,0.0,0.0,1.0,27,theory_rr,0.05
55,0.0,0.0,1.0,27,theory_rr,0.05
56,0.0,0.0,1.0,27,theory_rr,0.05
57,0.0,0.0,1.0,27,theory_rr,0.05
58,0.0,0.0,1.0,27,theory_rr,0.05
59,0.0,0.0,1.0,27,theory_rr,0.05
60,0.0,0.0,1.0,27,theory_rr,0.05
61,0.0,0.0,1.0,27,theory_rr,0.05
62,0.0,0.0,1.0,27,theory_rr,0.05
63,0.0,0.0,1.0,27,theory_rr,0.05
64,0.0,0.0,1.0,27,theory_rr,0.05
65,0.0,0.0,1.0,27,theory_rr,0.05
66,0.0,0.0,1.0,27,theory_rr,0.05
67,0.0,0.0,1.0,27,theory_rr,0.05
68,0.0,0.0,1.0,27,theory_rr,0.05
69,0.0,0.0,1.0,27,theory_rr,0.05
70,0.0,0.0,1.0,27,theory_rr,0.05
71,0.0,0.0,1.0,27,theory_rr,0.05
72,0.0,0.0,1.0,27,theory_rr,0.05
73,0.0,0.0,1.0,27,theory_rr,0.05
74,0.0,0.0,1.0,27,theory_rr,0.05
75,0.0,0.0,1.0,27,theory_rr,0.05
76,0.0,0.0,1.0,27,theory_rr,0.05
77,0.0,0.0,1.0,27,theory_rr,0.05
78,0.0,0.0,1.0,27,theory_rr,0.05
79,0.0,0.0,1.0,27,theory_rr,0.05
80,0.0,0.0,1.0,27,theory_rr,0.05
81,0.0,0.0,1.0,27,theory_rr,0.05
82,0.0,0.0,1.0,27,theory_rr,0.05
83,0.0,0.0,1.0,27,theory_rr,0.05
84,0.0,0.0,1.0,27,theory_rr,0.05
85,0.0,0.0,1.0,27,theory_rr,0.05
86,0.0,0.0,1.0,27,theory_rr,0.05
87,0.0,0.0,1.0,27,theory_rr,0.05
88,0.0,0.0,1.0,27,theory_rr,0.05
89,0.0,0.0,1.0,27,theory_rr,0.05
90,0.0,0.0,1.0,27,theory_rr,0.05
91,0.0,0.0,1.0,27,theory_rr,0.05
92,0.0,0.0,1.0,27,theory_rr,0.05
93,0.0,0.0,1.0,27,theory_rr,0.05
94,0.0,0.0,1.0,27,theory_rr,0.05
95,0.0,0.0,1.0,27,theory_rr,0.05
96,0.0,0.0,1.0,27,theory_rr,0.05
97,0.0,0.0,1.0,27,theory_rr,0.05
98,0.0,0.0,1.0,27,theory_rr,0.05
99,0.0,0.0,1.0,27,theory_rr,0.05
100,0.0,0.0,1.0,27,theory_rr,0.05
0,0.0,0.94,0.06,27,theory_rr_async,0.05
1,0.0,0.89,0.11,27,theory_rr_async,0.05
2,0.0,0.845,0.155,27,theory_rr_async,0.05
3,0.0,0.8,0.2,27,theory_rr_async,0.05
4,0.0,0.755,0.245,27,theory_rr_async,0.05
5,0.0,0.71,0.29,27,theory_rr_async,0.05
6,0.0,0.675,0.325,27,theory_rr_async,0.05
7,0.0,0.63,0.37,27,theory_rr_async,0.05
8,0.0,0.605,0.395,27,theory_rr_async,0.05
9,0.0,0.575,0.425,27,theory_rr_async,0.05
10,0.0,0.545,0.455,27,theory_rr_async,0.05
11,0.0,0.525,0.475,27,theory_rr_async,0.05
12,0.0,0.505,0.495,27,theory_rr_async,0.05
13,0.0,0.475,0.525,27,theory_rr_async,0.05
14,0.0,0.455,0.545,27,theory_rr_async,0.05
15,0.0,0.425,0.575,27,theory_rr_async,0.05
16,0.0,0.395,0.605,27,theory_rr_async,0.05
17,0.0,0.385,0.615,27,theory_rr_async,0.05
18,0.0,0.36,0.64,27,theory_rr_async,0.05
19,0.0,0.35,0.65,27,theory_rr_async,0.05
20,0.0,0.335,0.665,27,theory_rr_async,0.05
21,0.0,0.315,0.685,27,theory_rr_async,0.05
22,0.0,0.3,0.7,27,theory_rr_async,0.05
23,0.0,0.28,0.72,27,theory_rr_async,0.05
24,0.0,0.25,0.75,27,theory_rr_async,0.05
25,0.0,0.23,0.77,27,theory_rr_async,0.05
26,0.0,0.225,0.775,27,theory_rr_async,0.05
27,0.0,0.21,0.79,27,theory_rr_async,0.05
28,0.0,0.2,0.8,27,theory_rr_async,0.05
29,0.0,0.19,0.81,27,theory_rr_async,0.05
30,0.0,0.175,0.825,27,theory_rr_async,0.05
31,0.0,0.17,0.83,27,theory_rr_async,0.05
32,0.0,0.16,0.84,27,theory_rr_async,0.05
33,0.0,0.16,0.84,27,theory_rr_async,0.05
34,0.0,0.16,0.84,27,theory_rr_async,0.05
35,0.0,0.145,0.855,27,theory_rr_async,0.05
36,0.0,0.14,0.86,27,theory_rr_async,0.05
37,0.0,0.13,0.87,27,theory_rr_async,0.05
38,0.0,0.12,0.88,27,theory_rr_async,0.05
39,0.0,0.11,0.89,27,theory_rr_async,0.05
40,0.0,0.105,0.895,27,theory_rr_async,0.05
41,0.0,0.1,0.9,27,theory_rr_async,0.05
42,0.0,0.095,0.905,27,theory_rr_async,0.05
43,0.0,0.095,0.905,27,theory_rr_async,0.05
44,0.0,0.095,0.905,27,theory_rr_async,0.05
45,0.0,0.095,0.905,27,theory_rr_async,0.05
46,0.0,0.09,0.91,27,theory_rr_async,0.05
47,0.0,0.08,0.92,27,theory_rr_async,0.05
48,0.0,0.08,0.92,27,theory_rr_async,0.05
49,0.0,0.075,0.925,27,theory_rr_async,0.05
50,0.0,0.06,0.94,27,theory_rr_async,0.05
51,0.0,0.06,0.94,27,theory_rr_async,0.05
52,0.0,0.055,0.945,27,theory_rr_async,0.05
53,0.0,0.055,0.945,27,theory_rr_async,0.05
54,0.0,0.045,0.955,27,theory_rr_async,0.05
55,0.0,0.04,0.96,27,theory_rr_async,0.05
56,0.0,0.035,0.965,27,theory_rr_async,0.05
57,0.0,0.03,0.97,27,theory_rr_async,0.05
58,0.0,0.03,0.97,27,theory_rr_async,0.05
59,0.0,0.02,0.98,27,theory_rr_async,0.05
60,0.0,0.02,0.98,27,theory_rr_async,0.05
61,0.0,0.02,0.98,27,theory_rr_async,0.05
62,0.0,0.02,0.98,27,theory_rr_async,0.05
63,0.0,0.02,0.98,27,theory_rr_async,0.05
64,0.0,0.02,0.98,27,theory_rr_async,0.05
65,0.0,0.02,0.98,27,theory_rr_async,0.05
66,0.0,0.02,0.98,27,theory_rr_async,0.05
67,0.0,0.02,0.98,27,theory_rr_async,0.05
68,0.0,0.02,0.98,27,theory_rr_async,0.05
69,0.0,0.02,0.98,27,theory_rr_async,0.05
70,0.0,0.02,0.98,27,theory_rr_async,0.05
71,0.0,0.02,0.98,27,theory_rr_async,0.05
72,0.0,0.015,0.985,27,theory_rr_async,0.05
73,0.0,0.015,0.985,27,theory_rr_async,0.05
74,0.0,0.015,0.985,27,theory_rr_async,0.05
75,0.0,0.015,0.985,27,theory_rr_async,0.05
76,0.0,0.015,0.985,27,theory_rr_async,0.05
77,0.0,0.01,0.99,27,theory_rr_async,0.05
78,0.0,0.01,0.99,27,theory_rr_async,0.05
79,0.0,0.01,0.99,27,theory_rr_async,0.05
80,0.0,0.01,0.99,27,theory_rr_async,0.05
81,0.0,0.01,0.99,27,theory_rr_async,0.05
82,0.0,0.01,0.99,27,theory_rr_async,0.05
83,0.0,0.01,0.99,27,theory_rr_async,0.05
84,0.0,0.01,0.99,27,theory_rr_async,0.05
85,0.0,0.01,0.99,27,theory_rr_async,0.05
86,0.0,0.01,0.99,27,theory_rr_async,0.05
87,0.0,0.005,0.995,27,theory_rr_async,0.05
88,0.0,0.005,0.995,27,theory_rr_async,0.05
89,0.0,0.005,0.995,27,theory_rr_async,0.05
90,0.0,0.005,0.995,27,theory_rr_async,0.05
91,0.0,0.005,0.995,27,theory_rr_async,0.05
92,0.0,0.005,0.995,27,theory_rr_async,0.05
93,0.0,0.005,0.995,27,theory_rr_async,0.05
94,0.0,0.005,0.995,27,theory_rr_async,0.05
95,0.0,0.005,0.995,27,theory_rr_async,0.05
96,0.0,0.005,0.995,27,theory_rr_async,0.05
97,0.0,0.005,0.995,27,theory_rr_async,0.05
98,0.0,0.005,0.995,27,theory_rr_async,0.05
99,0.0,0.0,1.0,27,theory_rr_async,0.05
100,0.0,0.0,1.0,27,theory_rr_async,0.05
0,0.0,0.94,0.06,28,simulation_rr,0.05
1,0.0,0.89,0.11,28,simulation_rr,0.05
2,0.0,0.84,0.16,28,simulation_rr,0.05
3,0.0,0.795,0.205,28,simulation_rr,0.05
4,0.0,0.76,0.24,28,simulation_rr,0.05
5,0.0,0.715,0.285,28,simulation_rr,0.05
6,0.0,0.68,0.32,28,simulation_rr,0.05
7,0.0,0.635,0.365,28,simulation_rr,0.05
8,0.0,0.615,0.385,28,simulation_rr,0.05
9,0.0,0.575,0.425,28,simulation_rr,0.05
10,0.0,0.55,0.45,28,simulation_rr,0.05
11,0.0,0.525,0.475,28,simulation_rr,0.05
12,0.0,0.505,0.495,28,simulation_rr,0.05
13,0.0,0.46,0.54,28,simulation_rr,0.05
14,0.0,0.44,0.56,28,simulation_rr,0.05
15,0.0,0.41,0.59,28,simulation_rr,0.05
16,0.0,0.39,0.61,28,simulation_rr,0.05
17,0.0,0.36,0.64,28,simulation_rr,0.05
18,0.0,0.35,0.65,28,simulation_rr,0.05
19,0.0,0.33,0.67,28,simulation_rr,0.05
20,0.0,0.315,0.685,28,simulation_rr,0.05
21,0.0,0.295,0.705,28,simulation_rr,0.05
22,0.0,0.28,0.72,28,simulation_rr,0.05
23,0.0,0.26,0.74,28,simulation_rr,0.05
24,0.0,0.255,0.745,28,simulation_rr,0.05
25,0.0,0.23,0.77,28,simulation_rr,0.05
26,0.0,0.215,0.785,28,simulation_rr,0.05
27,0.0,0.205,0.795,28,simulation_rr,0.05
28,0.0,0.195,0.805,28,simulation_rr,0.05
29,0.0,0.19,0.81,28,simulation_rr,0.05
30,0.0,0.185,0.815,28,simulation_rr,0.05
31,0.0,0.17,0.83,28,simulation_rr,0.05
32,0.0,0.165,0.835,28,simulation_rr,0.05
33,0.0,0.16,0.84,28,simulation_rr,0.05
34,0.0,0.14,0.86,28,simulation_rr,0.05
35,0.0,0.13,0.87,28,simulation_rr,0.05
36,0.0,0.13,0.87,28,simulation_rr,0.05
37,0.0,0.125,0.875,28,simulation_rr,0.05
38,0.0,0.12,0.88,28,simulation_rr,0.05
39,0.0,0.12,0.88,28,simulation_rr,0.05
40,0.0,0.115,0.885,28,simulation_rr,0.05
41,0.0,0.105,0.895,28,simulation_rr,0.05
42,0.0,0.1,0.9,28,simulation_rr,0.05
43,0.0,0.095,0.905,28,simulation_rr,0.05
44,0.0,0.085,0.915,28,simulation_rr,0.05
45,0.0,0.08,0.92,28,simulation_rr,0.05
46,0.0,0.08,0.92,28,simulation_rr,0.05
47,0.0,0.065,0.935,28,simulation_rr,0.05
48,0.0,0.045,0.955,28,simulation_rr,0.05
49,0.0,0.045,0.955,28,simulation_rr,0.05
50,0.0,0.045,0.955,28,simulation_rr,0.05
51,0.0,0.045,0.955,28,simulation_rr,0.05
52,0.0,0.045,0.955,28,simulation_rr,0.05
0,0.0,0.94,0.06,28,theory_rr,0.05
1,0.0,0.0,1.0,28,theory_rr,0.05
2,0.0,0.0,1.0,28,theory_rr,0.05
3,0.0,0.0,1.0,28,theory_rr,0.05
4,0.0,0.0,1.0,28,theory_rr,0.05
5,0.0,0.0,1.0,28,theory_rr,0.05
6,0.0,0.0,1.0,28,theory_rr,0.05
7,0.0,0.0,1.0,28,theory_rr,0.05
8,0.0,0.0,1.0,28,theory_rr,0.05
9,0.0,0.0,1.0,28,theory_rr,0.05
10,0.0,0.0,1.0,28,theory_rr,0.05
11,0.0,0.0,1.0,28,theory_rr,0.05
12,0.0,0.0,1.0,28,theory_rr,0.05
13,0.0,0.0,1.0,28,theory_rr,0.05
14,0.0,0.0,1.0,28,theory_rr,0.05
15,0.0,0.0,1.0,28,theory_rr,0.05
16,0.0,0.0,1.0,28,theory_rr,0.05
17,0.0,0.0,1.0,28,theory_rr,0.05
18,0.0,0.0,1.0,28,theory_rr,0.05
19,0.0,0.0,1.0,28,theory_rr,0.05
20,0.0,0.0,1.0,28,theory_rr,0.05
21,0.0,0.0,1.0,28,theory_rr,0.05
22,0.0,0.0,1.0,28,theory_rr,0.05
23,0.0,0.0,1.0,28,theory_rr,0.05
24,0.0,0.0,1.0,28,theory_rr,0.05
25,0.0,0.0,1.0,28,theory_rr,0.05
26,0.0,0.0,1.0,28,theory_rr,0.05
27,0.0,0.0,1.0,28,theory_rr,0.05
28,0.0,0.0,1.0,28,theory_rr,0.05
29,0.0,0.0,1.0,28,theory_rr,0.05
30,0.0,0.0,1.0,28,theory_rr,0.05
31,0.0,0.0,1.0,28,theory_rr,0.05
32,0.0,0.0,1.0,28,theory_rr,0.05
33,0.0,0.0,1.0,28,theory_rr,0.05
34,0.0,0.0,1.0,28,theory_rr,0.05
35,0.0,0.0,1.0,28,theory_rr,0.05
36,0.0,0.0,1.0,28,theory_rr,0.05
37,0.0,0.0,1.0,28,theory_rr,0.05
38,0.0,0.0,1.0,28,theory_rr,0.05
39,0.0,0.0,1.0,28,theory_rr,0.05
40,0.0,0.0,1.0,28,theory_rr,0.05
41,0.0,0.0,1.0,28,theory_rr,0.05
42,0.0,0.0,1.0,28,theory_rr,0.05
43,0.0,0.0,1.0,28,theory_rr,0.05
44,0.0,0.0,1.0,28,theory_rr,0.05
45,0.0,0.0,1.0,28,theory_rr,0.05
46,0.0,0.0,1.0,28,theory_rr,0.05
47,0.0,0.0,1.0,28,theory_rr,0.05
48,0.0,0.0,1.0,28,theory_rr,0.05
49,0.0,0.0,1.0,28,theory_rr,0.05
50,0.0,0.0,1.0,28,theory_rr,0.05
51,0.0,0.0,1.0,28,theory_rr,0.05
52,0.0,0.0,1.0,28,theory_rr,0.05
53,0.0,0.0,1.0,28,theory_rr,0.05
54,0.0,0.0,1.0,28,theory_rr,0.05
55,0.0,0.0,1.0,28,theory_rr,0.05
56,0.0,0.0,1.0,28,theory_rr,0.05
57,0.0,0.0,1.0,28,theory_rr,0.05
58,0.0,0.0,1.0,28,theory_rr,0.05
59,0.0,0.0,1.0,28,theory_rr,0.05
60,0.0,0.0,1.0,28,theory_rr,0.05
61,0.0,0.0,1.0,28,theory_rr,0.05
62,0.0,0.0,1.0,28,theory_rr,0.05
63,0.0,0.0,1.0,28,theory_rr,0.05
64,0.0,0.0,1.0,28,theory_rr,0.05
65,0.0,0.0,1.0,28,theory_rr,0.05
66,0.0,0.0,1.0,28,theory_rr,0.05
67,0.0,0.0,1.0,28,theory_rr,0.05
68,0.0,0.0,1.0,28,theory_rr,0.05
69,0.0,0.0,1.0,28,theory_rr,0.05
70,0.0,0.0,1.0,28,theory_rr,0.05
71,0.0,0.0,1.0,28,theory_rr,0.05
72,0.0,0.0,1.0,28,theory_rr,0.05
73,0.0,0.0,1.0,28,theory_rr,0.05
74,0.0,0.0,1.0,28,theory_rr,0.05
75,0.0,0.0,1.0,28,theory_rr,0.05
76,0.0,0.0,1.0,28,theory_rr,0.05
77,0.0,0.0,1.0,28,theory_rr,0.05
78,0.0,0.0,1.0,28,theory_rr,0.05
79,0.0,0.0,1.0,28,theory_rr,0.05
80,0.0,0.0,1.0,28,theory_rr,0.05
81,0.0,0.0,1.0,28,theory_rr,0.05
82,0.0,0.0,1.0,28,theory_rr,0.05
83,0.0,0.0,1.0,28,theory_rr,0.05
84,0.0,0.0,1.0,28,theory_rr,0.05
85,0.0,0.0,1.0,28,theory_rr,0.05
86,0.0,0.0,1.0,28,theory_rr,0.05
87,0.0,0.0,1.0,28,theory_rr,0.05
88,0.0,0.0,1.0,28,theory_rr,0.05
89,0.0,0.0,1.0,28,theory_rr,0.05
90,0.0,0.0,1.0,28,theory_rr,0.05
91,0.0,0.0,1.0,28,theory_rr,0.05
92,0.0,0.0,1.0,28,theory_rr,0.05
93,0.0,0.0,1.0,28,theory_rr,0.05
94,0.0,0.0,1.0,28,theory_rr,0.05
95,0.0,0.0,1.0,28,theory_rr,0.05
96,0.0,0.0,1.0,28,theory_rr,0.05
97,0.0,0.0,1.0,28,theory_rr,0.05
98,0.0,0.0,1.0,28,theory_rr,0.05
99,0.0,0.0,1.0,28,theory_rr,0.05
100,0.0,0.0,1.0,28,theory_rr,0.05
0,0.0,0.94,0.06,28,theory_rr_async,0.05
1,0.0,0.89,0.11,28,theory_rr_async,0.05
2,0.0,0.84,0.16,28,theory_rr_async,0.05
3,0.0,0.795,0.205,28,theory_rr_async,0.05
4,0.0,0.76,0.24,28,theory_rr_async,0.05
5,0.0,0.715,0.285,28,theory_rr_async,0.05
6,0.0,0.68,0.32,28,theory_rr_async,0.05
7,0.0,0.635,0.365,28,theory_rr_async,0.05
8,0.0,0.615,0.385,28,theory_rr_async,0.05
9,0.0,0.575,0.425,28,theory_rr_async,0.05
10,0.0,0.55,0.45,28,theory_rr_async,0.05
11,0.0,0.525,0.475,28,theory_rr_async,0.05
12,0.0,0.505,0.495,28,theory_rr_async,0.05
13,0.0,0.46,0.54,28,theory_rr_async,0.05
14,0.0,0.44,0.56,28,theory_rr_async,0.05
15,0.0,0.41,0.59,28,theory_rr_async,0.05
16,0.0,0.39,0.61,28,theory_rr_async,0.05
17,0.0,0.36,0.64,28,theory_rr_async,0.05
18,0.0,0.35,0.65,28,theory_rr_async,0.05
19,0.0,0.33,0.67,28,theory_rr_async,0.05
20,0.0,0.315,0.685,28,theory_rr_async,0.05
21,0.0,0.295,0.705,28,theory_rr_async,0.05
22,0.0,0.28,0.72,28,theory_rr_async,0.05
23,0.0,0.26,0.74,28,theory_rr_async,0.05
24,0.0,0.255,0.745,28,theory_rr_async,0.05
25,0.0,0.23,0.77,28,theory_rr_async,0.05
26,0.0,0.215,0.785,28,theory_rr_async,0.05
27,0.0,0.205,0.795,28,theory_rr_async,0.05
28,0.0,0.195,0.805,28,theory_rr_async,0.05
29,0.0,0.19,0.81,28,theory_rr_async,0.05
30,0.0,0.185,0.815,28,theory_rr_async,0.05
31,0.0,0.17,0.83,28,theory_rr_async,0.05
32,0.0,0.165,0.835,28,theory_rr_async,0.05
33,0.0,0.16,0.84,28,theory_rr_async,0.05
34,0.0,0.14,0.86,28,theory_rr_async,0.05
35,0.0,0.13,0.87,28,theory_rr_async,0.05
36,0.0,0.13,0.87,28,theory_rr_async,0.05
37,0.0,0.125,0.875,28,theory_rr_async,0.05
38,0.0,0.12,0.88,28,theory_rr_async,0.05
39,0.0,0.12,0.88,28,theory_rr_async,0.05
40,0.0,0.115,0.885,28,theory_rr_async,0.05
41,0.0,0.105,0.895,28,theory_rr_async,0.05
42,0.0,0.1,0.9,28,theory_rr_async,0.05
43,0.0,0.095,0.905,28,theory_rr_async,0.05
44,0.0,0.085,0.915,28,theory_rr_async,0.05
45,0.0,0.08,0.92,28,theory_rr_async,0.05
46,0.0,0.08,0.92,28,theory_rr_async,0.05
47,0.0,0.065,0.935,28,theory_rr_async,0.05
48,0.0,0.045,0.955,28,theory_rr_async,0.05
49,0.0,0.045,0.955,28,theory_rr_async,0.05
50,0.0,0.045,0.955,28,theory_rr_async,0.05
51,0.0,0.045,0.955,28,theory_rr_async,0.05
52,0.0,0.045,0.955,28,theory_rr_async,0.05
53,0.0,0.035,0.965,28,theory_rr_async,0.05
54,0.0,0.03,0.97,28,theory_rr_async,0.05
55,0.0,0.025,0.975,28,theory_rr_async,0.05
56,0.0,0.025,0.975,28,theory_rr_async,0.05
57,0.0,0.02,0.98,28,theory_rr_async,0.05
58,0.0,0.02,0.98,28,theory_rr_async,0.05
59,0.0,0.015,0.985,28,theory_rr_async,0.05
60,0.0,0.015,0.985,28,theory_rr_async,0.05
61,0.0,0.015,0.985,28,theory_rr_async,0.05
62,0.0,0.015,0.985,28,theory_rr_async,0.05
63,0.0,0.015,0.985,28,theory_rr_async,0.05
64,0.0,0.015,0.985,28,theory_rr_async,0.05
65,0.0,0.015,0.985,28,theory_rr_async,0.05
66,0.0,0.015,0.985,28,theory_rr_async,0.05
67,0.0,0.015,0.985,28,theory_rr_async,0.05
68,0.0,0.015,0.985,28,theory_rr_async,0.05
69,0.0,0.015,0.985,28,theory_rr_async,0.05
70,0.0,0.015,0.985,28,theory_rr_async,0.05
71,0.0,0.005,0.995,28,theory_rr_async,0.05
72,0.0,0.005,0.995,28,theory_rr_async,0.05
73,0.0,0.005,0.995,28,theory_rr_async,0.05
74,0.0,0.005,0.995,28,theory_rr_async,0.05
75,0.0,0.005,0.995,28,theory_rr_async,0.05
76,0.0,0.005,0.995,28,theory_rr_async,0.05
77,0.0,0.005,0.995,28,theory_rr_async,0.05
78,0.0,0.005,0.995,28,theory_rr_async,0.05
79,0.0,0.005,0.995,28,theory_rr_async,0.05
80,0.0,0.005,0.995,28,theory_rr_async,0.05
81,0.0,0.005,0.995,28,theory_rr_async,0.05
82,0.0,0.005,0.995,28,theory_rr_async,0.05
83,0.0,0.005,0.995,28,theory_rr_async,0.05
84,0.0,0.005,0.995,28,theory_rr_async,0.05
85,0.0,0.005,0.995,28,theory_rr_async,0.05
86,0.0,0.005,0.995,28,theory_rr_async,0.05
87,0.0,0.005,0.995,28,theory_rr_async,0.05
88,0.0,0.005,0.995,28,theory_rr_async,0.05
89,0.0,0.005,0.995,28,theory_rr_async,0.05
90,0.0,0.005,0.995,28,theory_rr_async,0.05
91,0.0,0.005,0.995,28,theory_rr_async,0.05
92,0.0,0.005,0.995,28,theory_rr_async,0.05
93,0.0,0.005,0.995,28,theory_rr_async,0.05
94,0.0,0.005,0.995,28,theory_rr_async,0.05
95,0.0,0.005,0.995,28,theory_rr_async,0.05
96,0.0,0.005,0.995,28,theory_rr_async,0.05
97,0.0,0.005,0.995,28,theory_rr_async,0.05
98,0.0,0.005,0.995,28,theory_rr_async,0.05
99,0.0,0.0,1.0,28,theory_rr_async,0.05
100,0.0,0.0,1.0,28,theory_rr_async,0.05
0,0.0,0.94,0.06,29,simulation_rr,0.05
1,0.0,0.89,0.11,29,simulation_rr,0.05
2,0.0,0.85,0.15,29,simulation_rr,0.05
3,0.0,0.81,0.19,29,simulation_rr,0.05
4,0.0,0.775,0.225,29,simulation_rr,0.05
5,0.0,0.74,0.26,29,simulation_rr,0.05
6,0.0,0.7,0.3,29,simulation_rr,0.05
7,0.0,0.655,0.345,29,simulation_rr,0.05
8,0.0,0.62,0.38,29,simulation_rr,0.05
9,0.0,0.585,0.415,29,simulation_rr,0.05
10,0.0,0.555,0.445,29,simulation_rr,0.05
11,0.0,0.525,0.475,29,simulation_rr,0.05
12,0.0,0.5,0.5,29,simulation_rr,0.05
13,0.0,0.48,0.52,29,simulation_rr,0.05
14,0.0,0.44,0.56,29,simulation_rr,0.05
15,0.0,0.425,0.575,29,simulation_rr,0.05
16,0.0,0.395,0.605,29,simulation_rr,0.05
17,0.0,0.38,0.62,29,simulation_rr,0.05
18,0.0,0.35,0.65,29,simulation_rr,0.05
19,0.0,0.33,0.67,29,simulation_rr,0.05
20,0.0,0.315,0.685,29,simulation_rr,0.05
21,0.0,0.305,0.695,29,simulation_rr,0.05
22,0.0,0.275,0.725,29,simulation_rr,0.05
23,0.0,0.27,0.73,29,simulation_rr,0.05
24,0.0,0.265,0.735,29,simulation_rr,0.05
25,0.0,0.25,0.75,29,simulation_rr,0.05
26,0.0,0.235,0.765,29,simulation_rr,0.05
27,0.0,0.22,0.78,29,simulation_rr,0.05
28,0.0,0.2,0.8,29,simulation_rr,0.05
29,0.0,0.195,0.805,29,simulation_rr,0.05
30,0.0,0.185,0.815,29,simulation_rr,0.05
31,0.0,0.165,0.835,29,simulation_rr,0.05
32,0.0,0.155,0.845,29,simulation_rr,0.05
33,0.0,0.145,0.855,29,simulation_rr,0.05
34,0.0,0.14,0.86,29,simulation_rr,0.05
35,0.0,0.125,0.875,29,simulation_rr,0.05
36,0.0,0.12,0.88,29,simulation_rr,0.05
37,0.0,0.11,0.89,29,simulation_rr,0.05
38,0.0,0.105,0.895,29,simulation_rr,0.05
39,0.0,0.105,0.895,29,simulation_rr,0.05
40,0.0,0.105,0.895,29,simulation_rr,0.05
41,0.0,0.105,0.895,29,simulation_rr,0.05
42,0.0,0.095,0.905,29,simulation_rr,0.05
43,0.0,0.09,0.91,29,simulation_rr,0.05
44,0.0,0.085,0.915,29,simulation_rr,0.05
45,0.0,0.085,0.915,29,simulation_rr,0.05
46,0.0,0.08,0.92,29,simulation_rr,0.05
47,0.0,0.075,0.925,29,simulation_rr,0.05
48,0.0,0.075,0.925,29,simulation_rr,0.05
49,0.0,0.07,0.93,29,simulation_rr,0.05
50,0.0,0.07,0.93,29,simulation_rr,0.05
51,0.0,0.07,0.93,29,simulation_rr,0.05
52,0.0,0.055,0.945,29,simulation_rr,0.05
53,0.0,0.05,0.95,29,simulation_rr,0.05
54,0.0,0.05,0.95,29,simulation_rr,0.05
55,0.0,0.045,0.955,29,simulation_rr,0.05
56,0.0,0.045,0.955,29,simulation_rr,0.05
57,0.0,0.045,0.955,29,simulation_rr,0.05
58,0.0,0.035,0.965,29,simulation_rr,0.05
59,0.0,0.035,0.965,29,simulation_rr,0.05
60,0.0,0.025,0.975,29,simulation_rr,0.05
61,0.0,0.025,0.975,29,simulation_rr,0.05
62,0.0,0.02,0.98,29,simulation_rr,0.05
63,0.0,0.02,0.98,29,simulation_rr,0.05
64,0.0,0.015,0.985,29,simulation_rr,0.05
65,0.0,0.015,0.985,29,simulation_rr,0.05
66,0.0,0.015,0.985,29,simulation_rr,0.05
67,0.0,0.015,0.985,29,simulation_rr,0.05
68,0.0,0.01,0.99,29,simulation_rr,0.05
69,0.0,0.01,0.99,29,simulation_rr,0.05
70,0.0,0.01,0.99,29,simulation_rr,0.05
71,0.0,0.01,0.99,29,simulation_rr,0.05
72,0.0,0.01,0.99,29,simulation_rr,0.05
0,0.0,0.94,0.06,29,theory_rr,0.05
1,0.0,0.0,1.0,29,theory_rr,0.05
2,0.0,0.0,1.0,29,theory_rr,0.05
3,0.0,0.0,1.0,29,theory_rr,0.05
4,0.0,0.0,1.0,29,theory_rr,0.05
5,0.0,0.0,1.0,29,theory_rr,0.05
6,0.0,0.0,1.0,29,theory_rr,0.05
7,0.0,0.0,1.0,29,theory_rr,0.05
8,0.0,0.0,1.0,29,theory_rr,0.05
9,0.0,0.0,1.0,29,theory_rr,0.05
10,0.0,0.0,1.0,29,theory_rr,0.05
11,0.0,0.0,1.0,29,theory_rr,0.05
12,0.0,0.0,1.0,29,theory_rr,0.05
13,0.0,0.0,1.0,29,theory_rr,0.05
14,0.0,0.0,1.0,29,theory_rr,0.05
15,0.0,0.0,1.0,29,theory_rr,0.05
16,0.0,0.0,1.0,29,theory_rr,0.05
17,0.0,0.0,1.0,29,theory_rr,0.05
18,0.0,0.0,1.0,29,theory_rr,0.05
19,0.0,0.0,1.0,29,theory_rr,0.05
20,0.0,0.0,1.0,29,theory_rr,0.05
21,0.0,0.0,1.0,29,theory_rr,0.05
22,0.0,0.0,1.0,29,theory_rr,0.05
23,0.0,0.0,1.0,29,theory_rr,0.05
24,0.0,0.0,1.0,29,theory_rr,0.05
25,0.0,0.0,1.0,29,theory_rr,0.05
26,0.0,0.0,1.0,29,theory_rr,0.05
27,0.0,0.0,1.0,29,theory_rr,0.05
28,0.0,0.0,1.0,29,theory_rr,0.05
29,0.0,0.0,1.0,29,theory_rr,0.05
30,0.0,0.0,1.0,29,theory_rr,0.05
31,0.0,0.0,1.0,29,theory_rr,0.05
32,0.0,0.0,1.0,29,theory_rr,0.05
33,0.0,0.0,1.0,29,theory_rr,0.05
34,0.0,0.0,1.0,29,theory_rr,0.05
35,0.0,0.0,1.0,29,theory_rr,0.05
36,0.0,0.0,1.0,29,theory_rr,0.05
37,0.0,0.0,1.0,29,theory_rr,0.05
38,0.0,0.0,1.0,29,theory_rr,0.05
39,0.0,0.0,1.0,29,theory_rr,0.05
40,0.0,0.0,1.0,29,theory_rr,0.05
41,0.0,0.0,1.0,29,theory_rr,0.05
42,0.0,0.0,1.0,29,theory_rr,0.05
43,0.0,0.0,1.0,29,theory_rr,0.05
44,0.0,0.0,1.0,29,theory_rr,0.05
45,0.0,0.0,1.0,29,theory_rr,0.05
46,0.0,0.0,1.0,29,theory_rr,0.05
47,0.0,0.0,1.0,29,theory_rr,0.05
48,0.0,0.0,1.0,29,theory_rr,0.05
49,0.0,0.0,1.0,29,theory_rr,0.05
50,0.0,0.0,1.0,29,theory_rr,0.05
51,0.0,0.0,1.0,29,theory_rr,0.05
52,0.0,0.0,1.0,29,theory_rr,0.05
53,0.0,0.0,1.0,29,theory_rr,0.05
54,0.0,0.0,1.0,29,theory_rr,0.05
55,0.0,0.0,1.0,29,theory_rr,0.05
56,0.0,0.0,1.0,29,theory_rr,0.05
57,0.0,0.0,1.0,29,theory_rr,0.05
58,0.0,0.0,1.0,29,theory_rr,0.05
59,0.0,0.0,1.0,29,theory_rr,0.05
60,0.0,0.0,1.0,29,theory_rr,0.05
61,0.0,0.0,1.0,29,theory_rr,0.05
62,0.0,0.0,1.0,29,theory_rr,0.05
63,0.0,0.0,1.0,29,theory_rr,0.05
64,0.0,0.0,1.0,29,theory_rr,0.05
65,0.0,0.0,1.0,29,theory_rr,0.05
66,0.0,0.0,1.0,29,theory_rr,0.05
67,0.0,0.0,1.0,29,theory_rr,0.05
68,0.0,0.0,1.0,29,theory_rr,0.05
69,0.0,0.0,1.0,29,theory_rr,0.05
70,0.0,0.0,1.0,29,theory_rr,0.05
71,0.0,0.0,1.0,29,theory_rr,0.05
72,0.0,0.0,1.0,29,theory_rr,0.05
73,0.0,0.0,1.0,29,theory_rr,0.05
74,0.0,0.0,1.0,29,theory_rr,0.05
75,0.0,0.0,1.0,29,theory_rr,0.05
76,0.0,0.0,1.0,29,theory_rr,0.05
77,0.0,0.0,1.0,29,theory_rr,0.05
78,0.0,0.0,1.0,29,theory_rr,0.05
79,0.0,0.0,1.0,29,theory_rr,0.05
80,0.0,0.0,1.0,29,theory_rr,0.05
81,0.0,0.0,1.0,29,theory_rr,0.05
82,0.0,0.0,1.0,29,theory_rr,0.05
83,0.0,0.0,1.0,29,theory_rr,0.05
84,0.0,0.0,1.0,29,theory_rr,0.05
85,0.0,0.0,1.0,29,theory_rr,0.05
86,0.0,0.0,1.0,29,theory_rr,0.05
87,0.0,0.0,1.0,29,theory_rr,0.05
88,0.0,0.0,1.0,29,theory_rr,0.05
89,0.0,0.0,1.0,29,theory_rr,0.05
90,0.0,0.0,1.0,29,theory_rr,0.05
91,0.0,0.0,1.0,29,theory_rr,0.05
92,0.0,0.0,1.0,29,theory_rr,0.05
93,0.0,0.0,1.0,29,theory_rr,0.05
94,0.0,0.0,1.0,29,theory_rr,0.05
95,0.0,0.0,1.0,29,theory_rr,0.05
96,0.0,0.0,1.0,29,theory_rr,0.05
97,0.0,0.0,1.0,29,theory_rr,0.05
98,0.0,0.0,1.0,29,theory_rr,0.05
99,0.0,0.0,1.0,29,theory_rr,0.05
100,0.0,0.0,1.0,29,theory_rr,0.05
0,0.0,0.94,0.06,29,theory_rr_async,0.05
1,0.0,0.89,0.11,29,theory_rr_async,0.05
2,0.0,0.85,0.15,29,theory_rr_async,0.05
3,0.0,0.81,0.19,29,theory_rr_async,0.05
4,0.0,0.775,0.225,29,theory_rr_async,0.05
5,0.0,0.74,0.26,29,theory_rr_async,0.05
6,0.0,0.7,0.3,29,theory_rr_async,0.05
7,0.0,0.655,0.345,29,theory_rr_async,0.05
8,0.0,0.62,0.38,29,theory_rr_async,0.05
9,0.0,0.585,0.415,29,theory_rr_async,0.05
10,0.0,0.555,0.445,29,theory_rr_async,0.05
11,0.0,0.525,0.475,29,theory_rr_async,0.05
12,0.0,0.5,0.5,29,theory_rr_async,0.05
13,0.0,0.48,0.52,29,theory_rr_async,0.05
14,0.0,0.44,0.56,29,theory_rr_async,0.05
15,0.0,0.425,0.575,29,theory_rr_async,0.05
16,0.0,0.395,0.605,29,theory_rr_async,0.05
17,0.0,0.38,0.62,29,theory_rr_async,0.05
18,0.0,0.35,0.65,29,theory_rr_async,0.05
19,0.0,0.33,0.67,29,theory_rr_async,0.05
20,0.0,0.315,0.685,29,theory_rr_async,0.05
21,0.0,0.305,0.695,29,theory_rr_async,0.05
22,0.0,0.275,0.725,29,theory_rr_async,0.05
23,0.0,0.27,0.73,29,theory_rr_async,0.05
24,0.0,0.265,0.735,29,theory_rr_async,0.05
25,0.0,0.25,0.75,29,theory_rr_async,0.05
26,0.0,0.235,0.765,29,theory_rr_async,0.05
27,0.0,0.22,0.78,29,theory_rr_async,0.05
28,0.0,0.2,0.8,29,theory_rr_async,0.05
29,0.0,0.195,0.805,29,theory_rr_async,0.05
30,0.0,0.185,0.815,29,theory_rr_async,0.05
31,0.0,0.165,0.835,29,theory_rr_async,0.05
32,0.0,0.155,0.845,29,theory_rr_async,0.05
33,0.0,0.145,0.855,29,theory_rr_async,0.05
34,0.0,0.14,0.86,29,theory_rr_async,0.05
35,0.0,0.125,0.875,29,theory_rr_async,0.05
36,0.0,0.12,0.88,29,theory_rr_async,0.05
37,0.0,0.11,0.89,29,theory_rr_async,0.05
38,0.0,0.105,0.895,29,theory_rr_async,0.05
39,0.0,0.105,0.895,29,theory_rr_async,0.05
40,0.0,0.105,0.895,29,theory_rr_async,0.05
41,0.0,0.105,0.895,29,theory_rr_async,0.05
42,0.0,0.095,0.905,29,theory_rr_async,0.05
43,0.0,0.09,0.91,29,theory_rr_async,0.05
44,0.0,0.085,0.915,29,theory_rr_async,0.05
45,0.0,0.085,0.915,29,theory_rr_async,0.05
46,0.0,0.08,0.92,29,theory_rr_async,0.05
47,0.0,0.075,0.925,29,theory_rr_async,0.05
48,0.0,0.075,0.925,29,theory_rr_async,0.05
49,0.0,0.07,0.93,29,theory_rr_async,0.05
50,0.0,0.07,0.93,29,theory_rr_async,0.05
51,0.0,0.07,0.93,29,theory_rr_async,0.05
52,0.0,0.055,0.945,29,theory_rr_async,0.05
53,0.0,0.05,0.95,29,theory_rr_async,0.05
54,0.0,0.05,0.95,29,theory_rr_async,0.05
55,0.0,0.045,0.955,29,theory_rr_async,0.05
56,0.0,0.045,0.955,29,theory_rr_async,0.05
57,0.0,0.045,0.955,29,theory_rr_async,0.05
58,0.0,0.035,0.965,29,theory_rr_async,0.05
59,0.0,0.035,0.965,29,theory_rr_async,0.05
60,0.0,0.025,0.975,29,theory_rr_async,0.05
61,0.0,0.025,0.975,29,theory_rr_async,0.05
62,0.0,0.02,0.98,29,theory_rr_async,0.05
63,0.0,0.02,0.98,29,theory_rr_async,0.05
64,0.0,0.015,0.985,29,theory_rr_async,0.05
65,0.0,0.015,0.985,29,theory_rr_async,0.05
66,0.0,0.015,0.985,29,theory_rr_async,0.05
67,0.0,0.015,0.985,29,theory_rr_async,0.05
68,0.0,0.01,0.99,29,theory_rr_async,0.05
69,0.0,0.01,0.99,29,theory_rr_async,0.05
70,0.0,0.01,0.99,29,theory_rr_async,0.05
71,0.0,0.01,0.99,29,theory_rr_async,0.05
72,0.0,0.01,0.99,29,theory_rr_async,0.05
73,0.0,0.01,0.99,29,theory_rr_async,0.05
74,0.0,0.005,0.995,29,theory_rr_async,0.05
75,0.0,0.005,0.995,29,theory_rr_async,0.05
76,0.0,0.005,0.995,29,theory_rr_async,0.05
77,0.0,0.005,0.995,29,theory_rr_async,0.05
78,0.0,0.005,0.995,29,theory_rr_async,0.05
79,0.0,0.005,0.995,29,theory_rr_async,0.05
80,0.0,0.005,0.995,29,theory_rr_async,0.05
81,0.0,0.005,0.995,29,theory_rr_async,0.05
82,0.0,0.005,0.995,29,theory_rr_async,0.05
83,0.0,0.005,0.995,29,theory_rr_async,0.05
84,0.0,0.005,0.995,29,theory_rr_async,0.05
85,0.0,0.005,0.995,29,theory_rr_async,0.05
86,0.0,0.005,0.995,29,theory_rr_async,0.05
87,0.0,0.005,0.995,29,theory_rr_async,0.05
88,0.0,0.005,0.995,29,theory_rr_async,0.05
89,0.0,0.005,0.995,29,theory_rr_async,0.05
90,0.0,0.005,0.995,29,theory_rr_async,0.05
91,0.0,0.005,0.995,29,theory_rr_async,0.05
92,0.0,0.005,0.995,29,theory_rr_async,0.05
93,0.0,0.005,0.995,29,theory_rr_async,0.05
94,0.0,0.005,0.995,29,theory_rr_async,0.05
95,0.0,0.005,0.995,29,theory_rr_async,0.05
96,0.0,0.005,0.995,29,theory_rr_async,0.05
97,0.0,0.005,0.995,29,theory_rr_async,0.05
98,0.0,0.005,0.995,29,theory_rr_async,0.05
99,0.0,0.005,0.995,29,theory_rr_async,0.05
100,0.0,0.005,0.995,29,theory_rr_async,0.05
0,0.0,0.94,0.06,30,simulation_rr,0.05
1,0.0,0.895,0.105,30,simulation_rr,0.05
2,0.0,0.85,0.15,30,simulation_rr,0.05
3,0.0,0.805,0.195,30,simulation_rr,0.05
4,0.0,0.765,0.235,30,simulation_rr,0.05
5,0.0,0.725,0.275,30,simulation_rr,0.05
6,0.0,0.68,0.32,30,simulation_rr,0.05
7,0.0,0.645,0.355,30,simulation_rr,0.05
8,0.0,0.625,0.375,30,simulation_rr,0.05
9,0.0,0.585,0.415,30,simulation_rr,0.05
10,0.0,0.54,0.46,30,simulation_rr,0.05
11,0.0,0.515,0.485,30,simulation_rr,0.05
12,0.0,0.485,0.515,30,simulation_rr,0.05
13,0.0,0.465,0.535,30,simulation_rr,0.05
14,0.0,0.44,0.56,30,simulation_rr,0.05
15,0.0,0.42,0.58,30,simulation_rr,0.05
16,0.0,0.39,0.61,30,simulation_rr,0.05
17,0.0,0.385,0.615,30,simulation_rr,0.05
18,0.0,0.355,0.645,30,simulation_rr,0.05
19,0.0,0.33,0.67,30,simulation_rr,0.05
20,0.0,0.32,0.68,30,simulation_rr,0.05
21,0.0,0.3,0.7,30,simulation_rr,0.05
22,0.0,0.3,0.7,30,simulation_rr,0.05
23,0.0,0.285,0.715,30,simulation_rr,0.05
24,0.0,0.26,0.74,30,simulation_rr,0.05
25,0.0,0.25,0.75,30,simulation_rr,0.05
26,0.0,0.245,0.755,30,simulation_rr,0.05
27,0.0,0.24,0.76,30,simulation_rr,0.05
28,0.0,0.235,0.765,30,simulation_rr,0.05
29,0.0,0.22,0.78,30,simulation_rr,0.05
30,0.0,0.21,0.79,30,simulation_rr,0.05
31,0.0,0.205,0.795,30,simulation_rr,0.05
32,0.0,0.2,0.8,30,simulation_rr,0.05
33,0.0,0.19,0.81,30,simulation_rr,0.05
34,0.0,0.19,0.81,30,simulation_rr,0.05
35,0.0,0.18,0.82,30,simulation_rr,0.05
36,0.0,0.165,0.835,30,simulation_rr,0.05
37,0.0,0.155,0.845,30,simulation_rr,0.05
38,0.0,0.145,0.855,30,simulation_rr,0.05
39,0.0,0.13,0.87,30,simulation_rr,0.05
40,0.0,0.125,0.875,30,simulation_rr,0.05
41,0.0,0.11,0.89,30,simulation_rr,0.05
42,0.0,0.11,0.89,30,simulation_rr,0.05
43,0.0,0.1,0.9,30,simulation_rr,0.05
44,0.0,0.1,0.9,30,simulation_rr,0.05
45,0.0,0.095,0.905,30,simulation_rr,0.05
46,0.0,0.09,0.91,30,simulation_rr,0.05
47,0.0,0.085,0.915,30,simulation_rr,0.05
48,0.0,0.08,0.92,30,simulation_rr,0.05
49,0.0,0.08,0.92,30,simulation_rr,0.05
50,0.0,0.07,0.93,30,simulation_rr,0.05
51,0.0,0.07,0.93,30,simulation_rr,0.05
52,0.0,0.065,0.935,30,simulation_rr,0.05
53,0.0,0.05,0.95,30,simulation_rr,0.05
54,0.0,0.04,0.96,30,simulation_rr,0.05
55,0.0,0.04,0.96,30,simulation_rr,0.05
56,0.0,0.04,0.96,30,simulation_rr,0.05
57,0.0,0.04,0.96,30,simulation_rr,0.05
58,0.0,0.04,0.96,30,simulation_rr,0.05
0,0.0,0.94,0.06,30,theory_rr,0.05
1,0.0,0.0,1.0,30,theory_rr,0.05
2,0.0,0.0,1.0,30,theory_rr,0.05
3,0.0,0.0,1.0,30,theory_rr,0.05
4,0.0,0.0,1.0,30,theory_rr,0.05
5,0.0,0.0,1.0,30,theory_rr,0.05
6,0.0,0.0,1.0,30,theory_rr,0.05
7,0.0,0.0,1.0,30,theory_rr,0.05
8,0.0,0.0,1.0,30,theory_rr,0.05
9,0.0,0.0,1.0,30,theory_rr,0.05
10,0.0,0.0,1.0,30,theory_rr,0.05
11,0.0,0.0,1.0,30,theory_rr,0.05
12,0.0,0.0,1.0,30,theory_rr,0.05
13,0.0,0.0,1.0,30,theory_rr,0.05
14,0.0,0.0,1.0,30,theory_rr,0.05
15,0.0,0.0,1.0,30,theory_rr,0.05
16,0.0,0.0,1.0,30,theory_rr,0.05
17,0.0,0.0,1.0,30,theory_rr,0.05
18,0.0,0.0,1.0,30,theory_rr,0.05
19,0.0,0.0,1.0,30,theory_rr,0.05
20,0.0,0.0,1.0,30,theory_rr,0.05
21,0.0,0.0,1.0,30,theory_rr,0.05
22,0.0,0.0,1.0,30,theory_rr,0.05
23,0.0,0.0,1.0,30,theory_rr,0.05
24,0.0,0.0,1.0,30,theory_rr,0.05
25,0.0,0.0,1.0,30,theory_rr,0.05
26,0.0,0.0,1.0,30,theory_rr,0.05
27,0.0,0.0,1.0,30,theory_rr,0.05
28,0.0,0.0,1.0,30,theory_rr,0.05
29,0.0,0.0,1.0,30,theory_rr,0.05
30,0.0,0.0,1.0,30,theory_rr,0.05
31,0.0,0.0,1.0,30,theory_rr,0.05
32,0.0,0.0,1.0,30,theory_rr,0.05
33,0.0,0.0,1.0,30,theory_rr,0.05
34,0.0,0.0,1.0,30,theory_rr,0.05
35,0.0,0.0,1.0,30,theory_rr,0.05
36,0.0,0.0,1.0,30,theory_rr,0.05
37,0.0,0.0,1.0,30,theory_rr,0.05
38,0.0,0.0,1.0,30,theory_rr,0.05
39,0.0,0.0,1.0,30,theory_rr,0.05
40,0.0,0.0,1.0,30,theory_rr,0.05
41,0.0,0.0,1.0,30,theory_rr,0.05
42,0.0,0.0,1.0,30,theory_rr,0.05
43,0.0,0.0,1.0,30,theory_rr,0.05
44,0.0,0.0,1.0,30,theory_rr,0.05
45,0.0,0.0,1.0,30,theory_rr,0.05
46,0.0,0.0,1.0,30,theory_rr,0.05
47,0.0,0.0,1.0,30,theory_rr,0.05
48,0.0,0.0,1.0,30,theory_rr,0.05
49,0.0,0.0,1.0,30,theory_rr,0.05
50,0.0,0.0,1.0,30,theory_rr,0.05
51,0.0,0.0,1.0,30,theory_rr,0.05
52,0.0,0.0,1.0,30,theory_rr,0.05
53,0.0,0.0,1.0,30,theory_rr,0.05
54,0.0,0.0,1.0,30,theory_rr,0.05
55,0.0,0.0,1.0,30,theory_rr,0.05
56,0.0,0.0,1.0,30,theory_rr,0.05
57,0.0,0.0,1.0,30,theory_rr,0.05
58,0.0,0.0,1.0,30,theory_rr,0.05
59,0.0,0.0,1.0,30,theory_rr,0.05
60,0.0,0.0,1.0,30,theory_rr,0.05
61,0.0,0.0,1.0,30,theory_rr,0.05
62,0.0,0.0,1.0,30,theory_rr,0.05
63,0.0,0.0,1.0,30,theory_rr,0.05
64,0.0,0.0,1.0,30,theory_rr,0.05
65,0.0,0.0,1.0,30,theory_rr,0.05
66,0.0,0.0,1.0,30,theory_rr,0.05
67,0.0,0.0,1.0,30,theory_rr,0.05
68,0.0,0.0,1.0,30,theory_rr,0.05
69,0.0,0.0,1.0,30,theory_rr,0.05
70,0.0,0.0,1.0,30,theory_rr,0.05
71,0.0,0.0,1.0,30,theory_rr,0.05
72,0.0,0.0,1.0,30,theory_rr,0.05
73,0.0,0.0,1.0,30,theory_rr,0.05
74,0.0,0.0,1.0,30,theory_rr,0.05
75,0.0,0.0,1.0,30,theory_rr,0.05
76,0.0,0.0,1.0,30,theory_rr,0.05
77,0.0,0.0,1.0,30,theory_rr,0.05
78,0.0,0.0,1.0,30,theory_rr,0.05
79,0.0,0.0,1.0,30,theory_rr,0.05
80,0.0,0.0,1.0,30,theory_rr,0.05
81,0.0,0.0,1.0,30,theory_rr,0.05
82,0.0,0.0,1.0,30,theory_rr,0.05
83,0.0,0.0,1.0,30,theory_rr,0.05
84,0.0,0.0,1.0,30,theory_rr,0.05
85,0.0,0.0,1.0,30,theory_rr,0.05
86,0.0,0.0,1.0,30,theory_rr,0.05
87,0.0,0.0,1.0,30,theory_rr,0.05
88,0.0,0.0,1.0,30,theory_rr,0.05
89,0.0,0.0,1.0,30,theory_rr,0.05
90,0.0,0.0,1.0,30,theory_rr,0.05
91,0.0,0.0,1.0,30,theory_rr,0.05
92,0.0,0.0,1.0,30,theory_rr,0.05
93,0.0,0.0,1.0,30,theory_rr,0.05
94,0.0,0.0,1.0,30,theory_rr,0.05
95,0.0,0.0,1.0,30,theory_rr,0.05
96,0.0,0.0,1.0,30,theory_rr,0.05
97,0.0,0.0,1.0,30,theory_rr,0.05
98,0.0,0.0,1.0,30,theory_rr,0.05
99,0.0,0.0,1.0,30,theory_rr,0.05
100,0.0,0.0,1.0,30,theory_rr,0.05
0,0.0,0.94,0.06,30,theory_rr_async,0.05
1,0.0,0.895,0.105,30,theory_rr_async,0.05
2,0.0,0.85,0.15,30,theory_rr_async,0.05
3,0.0,0.805,0.195,30,theory_rr_async,0.05
4,0.0,0.765,0.235,30,theory_rr_async,0.05
5,0.0,0.725,0.275,30,theory_rr_async,0.05
6,0.0,0.68,0.32,30,theory_rr_async,0.05
7,0.0,0.645,0.355,30,theory_rr_async,0.05
8,0.0,0.625,0.375,30,theory_rr_async,0.05
9,0.0,0.585,0.415,30,theory_rr_async,0.05
10,0.0,0.54,0.46,30,theory_rr_async,0.05
11,0.0,0.515,0.485,30,theory_rr_async,0.05
12,0.0,0.485,0.515,30,theory_rr_async,0.05
13,0.0,0.465,0.535,30,theory_rr_async,0.05
14,0.0,0.44,0.56,30,theory_rr_async,0.05
15,0.0,0.42,0.58,30,theory_rr_async,0.05
16,0.0,0.39,0.61,30,theory_rr_async,0.05
17,0.0,0.385,0.615,30,theory_rr_async,0.05
18,0.0,0.355,0.645,30,theory_rr_async,0.05
19,0.0,0.33,0.67,30,theory_rr_async,0.05
20,0.0,0.32,0.68,30,theory_rr_async,0.05
21,0.0,0.3,0.7,30,theory_rr_async,0.05
22,0.0,0.3,0.7,30,theory_rr_async,0.05
23,0.0,0.285,0.715,30,theory_rr_async,0.05
24,0.0,0.26,0.74,30,theory_rr_async,0.05
25,0.0,0.25,0.75,30,theory_rr_async,0.05
26,0.0,0.245,0.755,30,theory_rr_async,0.05
27,0.0,0.24,0.76,30,theory_rr_async,0.05
28,0.0,0.235,0.765,30,theory_rr_async,0.05
29,0.0,0.22,0.78,30,theory_rr_async,0.05
30,0.0,0.21,0.79,30,theory_rr_async,0.05
31,0.0,0.205,0.795,30,theory_rr_async,0.05
32,0.0,0.2,0.8,30,theory_rr_async,0.05
33,0.0,0.19,0.81,30,theory_rr_async,0.05
34,0.0,0.19,0.81,30,theory_rr_async,0.05
35,0.0,0.18,0.82,30,theory_rr_async,0.05
36,0.0,0.165,0.835,30,theory_rr_async,0.05
37,0.0,0.155,0.845,30,theory_rr_async,0.05
38,0.0,0.145,0.855,30,theory_rr_async,0.05
39,0.0,0.13,0.87,30,theory_rr_async,0.05
40,0.0,0.125,0.875,30,theory_rr_async,0.05
41,0.0,0.11,0.89,30,theory_rr_async,0.05
42,0.0,0.11,0.89,30,theory_rr_async,0.05
43,0.0,0.1,0.9,30,theory_rr_async,0.05
44,0.0,0.1,0.9,30,theory_rr_async,0.05
45,0.0,0.095,0.905,30,theory_rr_async,0.05
46,0.0,0.09,0.91,30,theory_rr_async,0.05
47,0.0,0.085,0.915,30,theory_rr_async,0.05
48,0.0,0.08,0.92,30,theory_rr_async,0.05
49,0.0,0.08,0.92,30,theory_rr_async,0.05
50,0.0,0.07,0.93,30,theory_rr_async,0.05
51,0.0,0.07,0.93,30,theory_rr_async,0.05
52,0.0,0.065,0.935,30,theory_rr_async,0.05
53,0.0,0.05,0.95,30,theory_rr_async,0.05
54,0.0,0.04,0.96,30,theory_rr_async,0.05
55,0.0,0.04,0.96,30,theory_rr_async,0.05
56,0.0,0.04,0.96,30,theory_rr_async,0.05
57,0.0,0.04,0.96,30,theory_rr_async,0.05
58,0.0,0.04,0.96,30,theory_rr_async,0.05
59,0.0,0.04,0.96,30,theory_rr_async,0.05
60,0.0,0.04,0.96,30,theory_rr_async,0.05
61,0.0,0.035,0.965,30,theory_rr_async,0.05
62,0.0,0.035,0.965,30,theory_rr_async,0.05
63,0.0,0.03,0.97,30,theory_rr_async,0.05
64,0.0,0.03,0.97,30,theory_rr_async,0.05
65,0.0,0.03,0.97,30,theory_rr_async,0.05
66,0.0,0.025,0.975,30,theory_rr_async,0.05
67,0.0,0.02,0.98,30,theory_rr_async,0.05
68,0.0,0.02,0.98,30,theory_rr_async,0.05
69,0.0,0.015,0.985,30,theory_rr_async,0.05
70,0.0,0.01,0.99,30,theory_rr_async,0.05
71,0.0,0.01,0.99,30,theory_rr_async,0.05
72,0.0,0.01,0.99,30,theory_rr_async,0.05
73,0.0,0.01,0.99,30,theory_rr_async,0.05
74,0.0,0.01,0.99,30,theory_rr_async,0.05
75,0.0,0.01,0.99,30,theory_rr_async,0.05
76,0.0,0.01,0.99,30,theory_rr_async,0.05
77,0.0,0.01,0.99,30,theory_rr_async,0.05
78,0.0,0.01,0.99,30,theory_rr_async,0.05
79,0.0,0.01,0.99,30,theory_rr_async,0.05
80,0.0,0.01,0.99,30,theory_rr_async,0.05
81,0.0,0.01,0.99,30,theory_rr_async,0.05
82,0.0,0.005,0.995,30,theory_rr_async,0.05
83,0.0,0.005,0.995,30,theory_rr_async,0.05
84,0.0,0.005,0.995,30,theory_rr_async,0.05
85,0.0,0.005,0.995,30,theory_rr_async,0.05
86,0.0,0.005,0.995,30,theory_rr_async,0.05
87,0.0,0.005,0.995,30,theory_rr_async,0.05
88,0.0,0.005,0.995,30,theory_rr_async,0.05
89,0.0,0.005,0.995,30,theory_rr_async,0.05
90,0.0,0.005,0.995,30,theory_rr_async,0.05
91,0.0,0.005,0.995,30,theory_rr_async,0.05
92,0.0,0.005,0.995,30,theory_rr_async,0.05
93,0.0,0.005,0.995,30,theory_rr_async,0.05
94,0.0,0.005,0.995,30,theory_rr_async,0.05
95,0.0,0.005,0.995,30,theory_rr_async,0.05
96,0.0,0.005,0.995,30,theory_rr_async,0.05
97,0.0,0.005,0.995,30,theory_rr_async,0.05
98,0.0,0.005,0.995,30,theory_rr_async,0.05
99,0.0,0.005,0.995,30,theory_rr_async,0.05
100,0.0,0.005,0.995,30,theory_rr_async,0.05
0,0.0,0.94,0.06,31,simulation_rr,0.05
1,0.0,0.89,0.11,31,simulation_rr,0.05
2,0.0,0.845,0.155,31,simulation_rr,0.05
3,0.0,0.795,0.205,31,simulation_rr,0.05
4,0.0,0.755,0.245,31,simulation_rr,0.05
5,0.0,0.715,0.285,31,simulation_rr,0.05
6,0.0,0.68,0.32,31,simulation_rr,0.05
7,0.0,0.635,0.365,31,simulation_rr,0.05
8,0.0,0.595,0.405,31,simulation_rr,0.05
9,0.0,0.56,0.44,31,simulation_rr,0.05
10,0.0,0.53,0.47,31,simulation_rr,0.05
11,0.0,0.505,0.495,31,simulation_rr,0.05
12,0.0,0.48,0.52,31,simulation_rr,0.05
13,0.0,0.44,0.56,31,simulation_rr,0.05
14,0.0,0.415,0.585,31,simulation_rr,0.05
15,0.0,0.39,0.61,31,simulation_rr,0.05
16,0.0,0.375,0.625,31,simulation_rr,0.05
17,0.0,0.35,0.65,31,simulation_rr,0.05
18,0.0,0.33,0.67,31,simulation_rr,0.05
19,0.0,0.315,0.685,31,simulation_rr,0.05
20,0.0,0.305,0.695,31,simulation_rr,0.05
21,0.0,0.295,0.705,31,simulation_rr,0.05
22,0.0,0.28,0.72,31,simulation_rr,0.05
23,0.0,0.265,0.735,31,simulation_rr,0.05
24,0.0,0.25,0.75,31,simulation_rr,0.05
25,0.0,0.25,0.75,31,simulation_rr,0.05
26,0.0,0.245,0.755,31,simulation_rr,0.05
27,0.0,0.23,0.77,31,simulation_rr,0.05
28,0.0,0.22,0.78,31,simulation_rr,0.05
29,0.0,0.205,0.795,31,simulation_rr,0.05
30,0.0,0.19,0.81,31,simulation_rr,0.05
31,0.0,0.185,0.815,31,simulation_rr,0.05
32,0.0,0.18,0.82,31,simulation_rr,0.05
33,0.0,0.165,0.835,31,simulation_rr,0.05
34,0.0,0.16,0.84,31,simulation_rr,0.05
35,0.0,0.15,0.85,31,simulation_rr,0.05
36,0.0,0.145,0.855,31,simulation_rr,0.05
37,0.0,0.145,0.855,31,simulation_rr,0.05
38,0.0,0.13,0.87,31,simulation_rr,0.05
39,0.0,0.12,0.88,31,simulation_rr,0.05
40,0.0,0.12,0.88,31,simulation_rr,0.05
41,0.0,0.12,0.88,31,simulation_rr,0.05
42,0.0,0.115,0.885,31,simulation_rr,0.05
43,0.0,0.095,0.905,31,simulation_rr,0.05
44,0.0,0.08,0.92,31,simulation_rr,0.05
45,0.0,0.075,0.925,31,simulation_rr,0.05
46,0.0,0.065,0.935,31,simulation_rr,0.05
47,0.0,0.055,0.945,31,simulation_rr,0.05
48,0.0,0.05,0.95,31,simulation_rr,0.05
49,0.0,0.045,0.955,31,simulation_rr,0.05
50,0.0,0.045,0.955,31,simulation_rr,0.05
51,0.0,0.04,0.96,31,simulation_rr,0.05
52,0.0,0.035,0.965,31,simulation_rr,0.05
53,0.0,0.03,0.97,31,simulation_rr,0.05
54,0.0,0.03,0.97,31,simulation_rr,0.05
55,0.0,0.03,0.97,31,simulation_rr,0.05
56,0.0,0.03,0.97,31,simulation_rr,0.05
57,0.0,0.025,0.975,31,simulation_rr,0.05
58,0.0,0.025,0.975,31,simulation_rr,0.05
59,0.0,0.025,0.975,31,simulation_rr,0.05
60,0.0,0.025,0.975,31,simulation_rr,0.05
61,0.0,0.025,0.975,31,simulation_rr,0.05
0,0.0,0.94,0.06,31,theory_rr,0.05
1,0.0,0.0,1.0,31,theory_rr,0.05
2,0.0,0.0,1.0,31,theory_rr,0.05
3,0.0,0.0,1.0,31,theory_rr,0.05
4,0.0,0.0,1.0,31,theory_rr,0.05
5,0.0,0.0,1.0,31,theory_rr,0.05
6,0.0,0.0,1.0,31,theory_rr,0.05
7,0.0,0.0,1.0,31,theory_rr,0.05
8,0.0,0.0,1.0,31,theory_rr,0.05
9,0.0,0.0,1.0,31,theory_rr,0.05
10,0.0,0.0,1.0,31,theory_rr,0.05
11,0.0,0.0,1.0,31,theory_rr,0.05
12,0.0,0.0,1.0,31,theory_rr,0.05
13,0.0,0.0,1.0,31,theory_rr,0.05
14,0.0,0.0,1.0,31,theory_rr,0.05
15,0.0,0.0,1.0,31,theory_rr,0.05
16,0.0,0.0,1.0,31,theory_rr,0.05
17,0.0,0.0,1.0,31,theory_rr,0.05
18,0.0,0.0,1.0,31,theory_rr,0.05
19,0.0,0.0,1.0,31,theory_rr,0.05
20,0.0,0.0,1.0,31,theory_rr,0.05
21,0.0,0.0,1.0,31,theory_rr,0.05
22,0.0,0.0,1.0,31,theory_rr,0.05
23,0.0,0.0,1.0,31,theory_rr,0.05
24,0.0,0.0,1.0,31,theory_rr,0.05
25,0.0,0.0,1.0,31,theory_rr,0.05
26,0.0,0.0,1.0,31,theory_rr,0.05
27,0.0,0.0,1.0,31,theory_rr,0.05
28,0.0,0.0,1.0,31,theory_rr,0.05
29,0.0,0.0,1.0,31,theory_rr,0.05
30,0.0,0.0,1.0,31,theory_rr,0.05
31,0.0,0.0,1.0,31,theory_rr,0.05
32,0.0,0.0,1.0,31,theory_rr,0.05
33,0.0,0.0,1.0,31,theory_rr,0.05
34,0.0,0.0,1.0,31,theory_rr,0.05
35,0.0,0.0,1.0,31,theory_rr,0.05
36,0.0,0.0,1.0,31,theory_rr,0.05
37,0.0,0.0,1.0,31,theory_rr,0.05
38,0.0,0.0,1.0,31,theory_rr,0.05
39,0.0,0.0,1.0,31,theory_rr,0.05
40,0.0,0.0,1.0,31,theory_rr,0.05
41,0.0,0.0,1.0,31,theory_rr,0.05
42,0.0,0.0,1.0,31,theory_rr,0.05
43,0.0,0.0,1.0,31,theory_rr,0.05
44,0.0,0.0,1.0,31,theory_rr,0.05
45,0.0,0.0,1.0,31,theory_rr,0.05
46,0.0,0.0,1.0,31,theory_rr,0.05
47,0.0,0.0,1.0,31,theory_rr,0.05
48,0.0,0.0,1.0,31,theory_rr,0.05
49,0.0,0.0,1.0,31,theory_rr,0.05
50,0.0,0.0,1.0,31,theory_rr,0.05
51,0.0,0.0,1.0,31,theory_rr,0.05
52,0.0,0.0,1.0,31,theory_rr,0.05
53,0.0,0.0,1.0,31,theory_rr,0.05
54,0.0,0.0,1.0,31,theory_rr,0.05
55,0.0,0.0,1.0,31,theory_rr,0.05
56,0.0,0.0,1.0,31,theory_rr,0.05
57,0.0,0.0,1.0,31,theory_rr,0.05
58,0.0,0.0,1.0,31,theory_rr,0.05
59,0.0,0.0,1.0,31,theory_rr,0.05
60,0.0,0.0,1.0,31,theory_rr,0.05
61,0.0,0.0,1.0,31,theory_rr,0.05
62,0.0,0.0,1.0,31,theory_rr,0.05
63,0.0,0.0,1.0,31,theory_rr,0.05
64,0.0,0.0,1.0,31,theory_rr,0.05
65,0.0,0.0,1.0,31,theory_rr,0.05
66,0.0,0.0,1.0,31,theory_rr,0.05
67,0.0,0.0,1.0,31,theory_rr,0.05
68,0.0,0.0,1.0,31,theory_rr,0.05
69,0.0,0.0,1.0,31,theory_rr,0.05
70,0.0,0.0,1.0,31,theory_rr,0.05
71,0.0,0.0,1.0,31,theory_rr,0.05
72,0.0,0.0,1.0,31,theory_rr,0.05
73,0.0,0.0,1.0,31,theory_rr,0.05
74,0.0,0.0,1.0,31,theory_rr,0.05
75,0.0,0.0,1.0,31,theory_rr,0.05
76,0.0,0.0,1.0,31,theory_rr,0.05
77,0.0,0.0,1.0,31,theory_rr,0.05
78,0.0,0.0,1.0,31,theory_rr,0.05
79,0.0,0.0,1.0,31,theory_rr,0.05
80,0.0,0.0,1.0,31,theory_rr,0.05
81,0.0,0.0,1.0,31,theory_rr,0.05
82,0.0,0.0,1.0,31,theory_rr,0.05
83,0.0,0.0,1.0,31,theory_rr,0.05
84,0.0,0.0,1.0,31,theory_rr,0.05
85,0.0,0.0,1.0,31,theory_rr,0.05
86,0.0,0.0,1.0,31,theory_rr,0.05
87,0.0,0.0,1.0,31,theory_rr,0.05
88,0.0,0.0,1.0,31,theory_rr,0.05
89,0.0,0.0,1.0,31,theory_rr,0.05
90,0.0,0.0,1.0,31,theory_rr,0.05
91,0.0,0.0,1.0,31,theory_rr,0.05
92,0.0,0.0,1.0,31,theory_rr,0.05
93,0.0,0.0,1.0,31,theory_rr,0.05
94,0.0,0.0,1.0,31,theory_rr,0.05
95,0.0,0.0,1.0,31,theory_rr,0.05
96,0.0,0.0,1.0,31,theory_rr,0.05
97,0.0,0.0,1.0,31,theory_rr,0.05
98,0.0,0.0,1.0,31,theory_rr,0.05
99,0.0,0.0,1.0,31,theory_rr,0.05
100,0.0,0.0,1.0,31,theory_rr,0.05
0,0.0,0.94,0.06,31,theory_rr_async,0.05
1,0.0,0.89,0.11,31,theory_rr_async,0.05
2,0.0,0.845,0.155,31,theory_rr_async,0.05
3,0.0,0.795,0.205,31,theory_rr_async,0.05
4,0.0,0.755,0.245,31,theory_rr_async,0.05
5,0.0,0.715,0.285,31,theory_rr_async,0.05
6,0.0,0.68,0.32,31,theory_rr_async,0.05
7,0.0,0.635,0.365,31,theory_rr_async,0.05
8,0.0,0.595,0.405,31,theory_rr_async,0.05
9,0.0,0.56,0.44,31,theory_rr_async,0.05
10,0.0,0.53,0.47,31,theory_rr_async,0.05
11,0.0,0.505,0.495,31,theory_rr_async,0.05
12,0.0,0.48,0.52,31,theory_rr_async,0.05
13,0.0,0.44,0.56,31,theory_rr_async,0.05
14,0.0,0.415,0.585,31,theory_rr_async,0.05
15,0.0,0.39,0.61,31,theory_rr_async,0.05
16,0.0,0.375,0.625,31,theory_rr_async,0.05
17,0.0,0.35,0.65,31,theory_rr_async,0.05
18,0.0,0.33,0.67,31,theory_rr_async,0.05
19,0.0,0.315,0.685,31,theory_rr_async,0.05
20,0.0,0.305,0.695,31,theory_rr_async,0.05
21,0.0,0.295,0.705,31,theory_rr_async,0.05
22,0.0,0.28,0.72,31,theory_rr_async,0.05
23,0.0,0.265,0.735,31,theory_rr_async,0.05
24,0.0,0.25,0.75,31,theory_rr_async,0.05
25,0.0,0.25,0.75,31,theory_rr_async,0.05
26,0.0,0.245,0.755,31,theory_rr_async,0.05
27,0.0,0.23,0.77,31,theory_rr_async,0.05
28,0.0,0.22,0.78,31,theory_rr_async,0.05
29,0.0,0.205,0.795,31,theory_rr_async,0.05
30,0.0,0.19,0.81,31,theory_rr_async,0.05
31,0.0,0.185,0.815,31,theory_rr_async,0.05
32,0.0,0.18,0.82,31,theory_rr_async,0.05
33,0.0,0.165,0.835,31,theory_rr_async,0.05
34,0.0,0.16,0.84,31,theory_rr_async,0.05
35,0.0,0.15,0.85,31,theory_rr_async,0.05
36,0.0,0.145,0.855,31,theory_rr_async,0.05
37,0.0,0.145,0.855,31,theory_rr_async,0.05
38,0.0,0.13,0.87,31,theory_rr_async,0.05
39,0.0,0.12,0.88,31,theory_rr_async,0.05
40,0.0,0.12,0.88,31,theory_rr_async,0.05
41,0.0,0.12,0.88,31,theory_rr_async,0.05
42,0.0,0.115,0.885,31,theory_rr_async,0.05
43,0.0,0.095,0.905,31,theory_rr_async,0.05
44,0.0,0.08,0.92,31,theory_rr_async,0.05
45,0.0,0.075,0.925,31,theory_rr_async,0.05
46,0.0,0.065,0.935,31,theory_rr_async,0.05
47,0.0,0.055,0.945,31,theory_rr_async,0.05
48,0.0,0.05,0.95,31,theory_rr_async,0.05
49,0.0,0.045,0.955,31,theory_rr_async,0.05
50,0.0,0.045,0.955,31,theory_rr_async,0.05
51,0.0,0.04,0.96,31,theory_rr_async,0.05
52,0.0,0.035,0.965,31,theory_rr_async,0.05
53,0.0,0.03,0.97,31,theory_rr_async,0.05
54,0.0,0.03,0.97,31,theory_rr_async,0.05
55,0.0,0.03,0.97,31,theory_rr_async,0.05
56,0.0,0.03,0.97,31,theory_rr_async,0.05
57,0.0,0.025,0.975,31,theory_rr_async,0.05
58,0.0,0.025,0.975,31,theory_rr_async,0.05
59,0.0,0.025,0.975,31,theory_rr_async,0.05
60,0.0,0.025,0.975,31,theory_rr_async,0.05
61,0.0,0.025,0.975,31,theory_rr_async,0.05
62,0.0,0.02,0.98,31,theory_rr_async,0.05
63,0.0,0.02,0.98,31,theory_rr_async,0.05
64,0.0,0.015,0.985,31,theory_rr_async,0.05
65,0.0,0.01,0.99,31,theory_rr_async,0.05
66,0.0,0.01,0.99,31,theory_rr_async,0.05
67,0.0,0.01,0.99,31,theory_rr_async,0.05
68,0.0,0.005,0.995,31,theory_rr_async,0.05
69,0.0,0.005,0.995,31,theory_rr_async,0.05
70,0.0,0.0,1.0,31,theory_rr_async,0.05
71,0.0,0.0,1.0,31,theory_rr_async,0.05
72,0.0,0.0,1.0,31,theory_rr_async,0.05
73,0.0,0.0,1.0,31,theory_rr_async,0.05
74,0.0,0.0,1.0,31,theory_rr_async,0.05
75,0.0,0.0,1.0,31,theory_rr_async,0.05
76,0.0,0.0,1.0,31,theory_rr_async,0.05
77,0.0,0.0,1.0,31,theory_rr_async,0.05
78,0.0,0.0,1.0,31,theory_rr_async,0.05
79,0.0,0.0,1.0,31,theory_rr_async,0.05
80,0.0,0.0,1.0,31,theory_rr_async,0.05
81,0.0,0.0,1.0,31,theory_rr_async,0.05
82,0.0,0.0,1.0,31,theory_rr_async,0.05
83,0.0,0.0,1.0,31,theory_rr_async,0.05
84,0.0,0.0,1.0,31,theory_rr_async,0.05
85,0.0,0.0,1.0,31,theory_rr_async,0.05
86,0.0,0.0,1.0,31,theory_rr_async,0.05
87,0.0,0.0,1.0,31,theory_rr_async,0.05
88,0.0,0.0,1.0,31,theory_rr_async,0.05
89,0.0,0.0,1.0,31,theory_rr_async,0.05
90,0.0,0.0,1.0,31,theory_rr_async,0.05
91,0.0,0.0,1.0,31,theory_rr_async,0.05
92,0.0,0.0,1.0,31,theory_rr_async,0.05
93,0.0,0.0,1.0,31,theory_rr_async,0.05
94,0.0,0.0,1.0,31,theory_rr_async,0.05
95,0.0,0.0,1.0,31,theory_rr_async,0.05
96,0.0,0.0,1.0,31,theory_rr_async,0.05
97,0.0,0.0,1.0,31,theory_rr_async,0.05
98,0.0,0.0,1.0,31,theory_rr_async,0.05
99,0.0,0.0,1.0,31,theory_rr_async,0.05
100,0.0,0.0,1.0,31,theory_rr_async,0.05
0,0.0,0.94,0.06,32,simulation_rr,0.05
1,0.0,0.89,0.11,32,simulation_rr,0.05
2,0.0,0.845,0.155,32,simulation_rr,0.05
3,0.0,0.805,0.195,32,simulation_rr,0.05
4,0.0,0.76,0.24,32,simulation_rr,0.05
5,0.0,0.73,0.27,32,simulation_rr,0.05
6,0.0,0.69,0.31,32,simulation_rr,0.05
7,0.0,0.655,0.345,32,simulation_rr,0.05
8,0.0,0.625,0.375,32,simulation_rr,0.05
9,0.0,0.6,0.4,32,simulation_rr,0.05
10,0.0,0.575,0.425,32,simulation_rr,0.05
11,0.0,0.54,0.46,32,simulation_rr,0.05
12,0.0,0.505,0.495,32,simulation_rr,0.05
13,0.0,0.475,0.525,32,simulation_rr,0.05
14,0.0,0.455,0.545,32,simulation_rr,0.05
15,0.0,0.425,0.575,32,simulation_rr,0.05
16,0.0,0.4,0.6,32,simulation_rr,0.05
17,0.0,0.37,0.63,32,simulation_rr,0.05
18,0.0,0.345,0.655,32,simulation_rr,0.05
19,0.0,0.32,0.68,32,simulation_rr,0.05
20,0.0,0.305,0.695,32,simulation_rr,0.05
21,0.0,0.3,0.7,32,simulation_rr,0.05
22,0.0,0.29,0.71,32,simulation_rr,0.05
23,0.0,0.27,0.73,32,simulation_rr,0.05
24,0.0,0.265,0.735,32,simulation_rr,0.05
25,0.0,0.255,0.745,32,simulation_rr,0.05
26,0.0,0.235,0.765,32,simulation_rr,0.05
27,0.0,0.21,0.79,32,simulation_rr,0.05
28,0.0,0.2,0.8,32,simulation_rr,0.05
29,0.0,0.195,0.805,32,simulation_rr,0.05
30,0.0,0.185,0.815,32,simulation_rr,0.05
31,0.0,0.175,0.825,32,simulation_rr,0.05
32,0.0,0.16,0.84,32,simulation_rr,0.05
33,0.0,0.15,0.85,32,simulation_rr,0.05
34,0.0,0.14,0.86,32,simulation_rr,0.05
35,0.0,0.13,0.87,32,simulation_rr,0.05
36,0.0,0.13,0.87,32,simulation_rr,0.05
37,0.0,0.13,0.87,32,simulation_rr,0.05
38,0.0,0.12,0.88,32,simulation_rr,0.05
39,0.0,0.115,0.885,32,simulation_rr,0.05
40,0.0,0.11,0.89,32,simulation_rr,0.05
41,0.0,0.105,0.895,32,simulation_rr,0.05
42,0.0,0.1,0.9,32,simulation_rr,0.05
43,0.0,0.095,0.905,32,simulation_rr,0.05
44,0.0,0.095,0.905,32,simulation_rr,0.05
45,0.0,0.09,0.91,32,simulation_rr,0.05
46,0.0,0.08,0.92,32,simulation_rr,0.05
47,0.0,0.08,0.92,32,simulation_rr,0.05
48,0.0,0.075,0.925,32,simulation_rr,0.05
49,0.0,0.065,0.935,32,simulation_rr,0.05
50,0.0,0.065,0.935,32,simulation_rr,0.05
51,0.0,0.06,0.94,32,simulation_rr,0.05
52,0.0,0.055,0.945,32,simulation_rr,0.05
53,0.0,0.05,0.95,32,simulation_rr,0.05
54,0.0,0.04,0.96,32,simulation_rr,0.05
55,0.0,0.035,0.965,32,simulation_rr,0.05
56,0.0,0.035,0.965,32,simulation_rr,0.05
57,0.0,0.035,0.965,32,simulation_rr,0.05
58,0.0,0.03,0.97,32,simulation_rr,0.05
59,0.0,0.03,0.97,32,simulation_rr,0.05
60,0.0,0.03,0.97,32,simulation_rr,0.05
61,0.0,0.03,0.97,32,simulation_rr,0.05
62,0.0,0.03,0.97,32,simulation_rr,0.05
0,0.0,0.94,0.06,32,theory_rr,0.05
1,0.0,0.0,1.0,32,theory_rr,0.05
2,0.0,0.0,1.0,32,theory_rr,0.05
3,0.0,0.0,1.0,32,theory_rr,0.05
4,0.0,0.0,1.0,32,theory_rr,0.05
5,0.0,0.0,1.0,32,theory_rr,0.05
6,0.0,0.0,1.0,32,theory_rr,0.05
7,0.0,0.0,1.0,32,theory_rr,0.05
8,0.0,0.0,1.0,32,theory_rr,0.05
9,0.0,0.0,1.0,32,theory_rr,0.05
10,0.0,0.0,1.0,32,theory_rr,0.05
11,0.0,0.0,1.0,32,theory_rr,0.05
12,0.0,0.0,1.0,32,theory_rr,0.05
13,0.0,0.0,1.0,32,theory_rr,0.05
14,0.0,0.0,1.0,32,theory_rr,0.05
15,0.0,0.0,1.0,32,theory_rr,0.05
16,0.0,0.0,1.0,32,theory_rr,0.05
17,0.0,0.0,1.0,32,theory_rr,0.05
18,0.0,0.0,1.0,32,theory_rr,0.05
19,0.0,0.0,1.0,32,theory_rr,0.05
20,0.0,0.0,1.0,32,theory_rr,0.05
21,0.0,0.0,1.0,32,theory_rr,0.05
22,0.0,0.0,1.0,32,theory_rr,0.05
23,0.0,0.0,1.0,32,theory_rr,0.05
24,0.0,0.0,1.0,32,theory_rr,0.05
25,0.0,0.0,1.0,32,theory_rr,0.05
26,0.0,0.0,1.0,32,theory_rr,0.05
27,0.0,0.0,1.0,32,theory_rr,0.05
28,0.0,0.0,1.0,32,theory_rr,0.05
29,0.0,0.0,1.0,32,theory_rr,0.05
30,0.0,0.0,1.0,32,theory_rr,0.05
31,0.0,0.0,1.0,32,theory_rr,0.05
32,0.0,0.0,1.0,32,theory_rr,0.05
33,0.0,0.0,1.0,32,theory_rr,0.05
34,0.0,0.0,1.0,32,theory_rr,0.05
35,0.0,0.0,1.0,32,theory_rr,0.05
36,0.0,0.0,1.0,32,theory_rr,0.05
37,0.0,0.0,1.0,32,theory_rr,0.05
38,0.0,0.0,1.0,32,theory_rr,0.05
39,0.0,0.0,1.0,32,theory_rr,0.05
40,0.0,0.0,1.0,32,theory_rr,0.05
41,0.0,0.0,1.0,32,theory_rr,0.05
42,0.0,0.0,1.0,32,theory_rr,0.05
43,0.0,0.0,1.0,32,theory_rr,0.05
44,0.0,0.0,1.0,32,theory_rr,0.05
45,0.0,0.0,1.0,32,theory_rr,0.05
46,0.0,0.0,1.0,32,theory_rr,0.05
47,0.0,0.0,1.0,32,theory_rr,0.05
48,0.0,0.0,1.0,32,theory_rr,0.05
49,0.0,0.0,1.0,32,theory_rr,0.05
50,0.0,0.0,1.0,32,theory_rr,0.05
51,0.0,0.0,1.0,32,theory_rr,0.05
52,0.0,0.0,1.0,32,theory_rr,0.05
53,0.0,0.0,1.0,32,theory_rr,0.05
54,0.0,0.0,1.0,32,theory_rr,0.05
55,0.0,0.0,1.0,32,theory_rr,0.05
56,0.0,0.0,1.0,32,theory_rr,0.05
57,0.0,0.0,1.0,32,theory_rr,0.05
58,0.0,0.0,1.0,32,theory_rr,0.05
59,0.0,0.0,1.0,32,theory_rr,0.05
60,0.0,0.0,1.0,32,theory_rr,0.05
61,0.0,0.0,1.0,32,theory_rr,0.05
62,0.0,0.0,1.0,32,theory_rr,0.05
63,0.0,0.0,1.0,32,theory_rr,0.05
64,0.0,0.0,1.0,32,theory_rr,0.05
65,0.0,0.0,1.0,32,theory_rr,0.05
66,0.0,0.0,1.0,32,theory_rr,0.05
67,0.0,0.0,1.0,32,theory_rr,0.05
68,0.0,0.0,1.0,32,theory_rr,0.05
69,0.0,0.0,1.0,32,theory_rr,0.05
70,0.0,0.0,1.0,32,theory_rr,0.05
71,0.0,0.0,1.0,32,theory_rr,0.05
72,0.0,0.0,1.0,32,theory_rr,0.05
73,0.0,0.0,1.0,32,theory_rr,0.05
74,0.0,0.0,1.0,32,theory_rr,0.05
75,0.0,0.0,1.0,32,theory_rr,0.05
76,0.0,0.0,1.0,32,theory_rr,0.05
77,0.0,0.0,1.0,32,theory_rr,0.05
78,0.0,0.0,1.0,32,theory_rr,0.05
79,0.0,0.0,1.0,32,theory_rr,0.05
80,0.0,0.0,1.0,32,theory_rr,0.05
81,0.0,0.0,1.0,32,theory_rr,0.05
82,0.0,0.0,1.0,32,theory_rr,0.05
83,0.0,0.0,1.0,32,theory_rr,0.05
84,0.0,0.0,1.0,32,theory_rr,0.05
85,0.0,0.0,1.0,32,theory_rr,0.05
86,0.0,0.0,1.0,32,theory_rr,0.05
87,0.0,0.0,1.0,32,theory_rr,0.05
88,0.0,0.0,1.0,32,theory_rr,0.05
89,0.0,0.0,1.0,32,theory_rr,0.05
90,0.0,0.0,1.0,32,theory_rr,0.05
91,0.0,0.0,1.0,32,theory_rr,0.05
92,0.0,0.0,1.0,32,theory_rr,0.05
93,0.0,0.0,1.0,32,theory_rr,0.05
94,0.0,0.0,1.0,32,theory_rr,0.05
95,0.0,0.0,1.0,32,theory_rr,0.05
96,0.0,0.0,1.0,32,theory_rr,0.05
97,0.0,0.0,1.0,32,theory_rr,0.05
98,0.0,0.0,1.0,32,theory_rr,0.05
99,0.0,0.0,1.0,32,theory_rr,0.05
100,0.0,0.0,1.0,32,theory_rr,0.05
0,0.0,0.94,0.06,32,theory_rr_async,0.05
1,0.0,0.89,0.11,32,theory_rr_async,0.05
2,0.0,0.845,0.155,32,theory_rr_async,0.05
3,0.0,0.805,0.195,32,theory_rr_async,0.05
4,0.0,0.76,0.24,32,theory_rr_async,0.05
5,0.0,0.73,0.27,32,theory_rr_async,0.05
6,0.0,0.69,0.31,32,theory_rr_async,0.05
7,0.0,0.655,0.345,32,theory_rr_async,0.05
8,0.0,0.625,0.375,32,theory_rr_async,0.05
9,0.0,0.6,0.4,32,theory_rr_async,0.05
10,0.0,0.575,0.425,32,theory_rr_async,0.05
11,0.0,0.54,0.46,32,theory_rr_async,0.05
12,0.0,0.505,0.495,32,theory_rr_async,0.05
13,0.0,0.475,0.525,32,theory_rr_async,0.05
14,0.0,0.455,0.545,32,theory_rr_async,0.05
15,0.0,0.425,0.575,32,theory_rr_async,0.05
16,0.0,0.4,0.6,32,theory_rr_async,0.05
17,0.0,0.37,0.63,32,theory_rr_async,0.05
18,0.0,0.345,0.655,32,theory_rr_async,0.05
19,0.0,0.32,0.68,32,theory_rr_async,0.05
20,0.0,0.305,0.695,32,theory_rr_async,0.05
21,0.0,0.3,0.7,32,theory_rr_async,0.05
22,0.0,0.29,0.71,32,theory_rr_async,0.05
23,0.0,0.27,0.73,32,theory_rr_async,0.05
24,0.0,0.265,0.735,32,theory_rr_async,0.05
25,0.0,0.255,0.745,32,theory_rr_async,0.05
26,0.0,0.235,0.765,32,theory_rr_async,0.05
27,0.0,0.21,0.79,32,theory_rr_async,0.05
28,0.0,0.2,0.8,32,theory_rr_async,0.05
29,0.0,0.195,0.805,32,theory_rr_async,0.05
30,0.0,0.185,0.815,32,theory_rr_async,0.05
31,0.0,0.175,0.825,32,theory_rr_async,0.05
32,0.0,0.16,0.84,32,theory_rr_async,0.05
33,0.0,0.15,0.85,32,theory_rr_async,0.05
34,0.0,0.14,0.86,32,theory_rr_async,0.05
35,0.0,0.13,0.87,32,theory_rr_async,0.05
36,0.0,0.13,0.87,32,theory_rr_async,0.05
37,0.0,0.13,0.87,32,theory_rr_async,0.05
38,0.0,0.12,0.88,32,theory_rr_async,0.05
39,0.0,0.115,0.885,32,theory_rr_async,0.05
40,0.0,0.11,0.89,32,theory_rr_async,0.05
41,0.0,0.105,0.895,32,theory_rr_async,0.05
42,0.0,0.1,0.9,32,theory_rr_async,0.05
43,0.0,0.095,0.905,32,theory_rr_async,0.05
44,0.0,0.095,0.905,32,theory_rr_async,0.05
45,0.0,0.09,0.91,32,theory_rr_async,0.05
46,0.0,0.08,0.92,32,theory_rr_async,0.05
47,0.0,0.08,0.92,32,theory_rr_async,0.05
48,0.0,0.075,0.925,32,theory_rr_async,0.05
49,0.0,0.065,0.935,32,theory_rr_async,0.05
50,0.0,0.065,0.935,32,theory_rr_async,0.05
51,0.0,0.06,0.94,32,theory_rr_async,0.05
52,0.0,0.055,0.945,32,theory_rr_async,0.05
53,0.0,0.05,0.95,32,theory_rr_async,0.05
54,0.0,0.04,0.96,32,theory_rr_async,0.05
55,0.0,0.035,0.965,32,theory_rr_async,0.05
56,0.0,0.035,0.965,32,theory_rr_async,0.05
57,0.0,0.035,0.965,32,theory_rr_async,0.05
58,0.0,0.03,0.97,32,theory_rr_async,0.05
59,0.0,0.03,0.97,32,theory_rr_async,0.05
60,0.0,0.03,0.97,32,theory_rr_async,0.05
61,0.0,0.03,0.97,32,theory_rr_async,0.05
62,0.0,0.03,0.97,32,theory_rr_async,0.05
63,0.0,0.025,0.975,32,theory_rr_async,0.05
64,0.0,0.025,0.975,32,theory_rr_async,0.05
65,0.0,0.025,0.975,32,theory_rr_async,0.05
66,0.0,0.02,0.98,32,theory_rr_async,0.05
67,0.0,0.015,0.985,32,theory_rr_async,0.05
68,0.0,0.015,0.985,32,theory_rr_async,0.05
69,0.0,0.015,0.985,32,theory_rr_async,0.05
70,0.0,0.015,0.985,32,theory_rr_async,0.05
71,0.0,0.015,0.985,32,theory_rr_async,0.05
72,0.0,0.01,0.99,32,theory_rr_async,0.05
73,0.0,0.01,0.99,32,theory_rr_async,0.05
74,0.0,0.01,0.99,32,theory_rr_async,0.05
75,0.0,0.01,0.99,32,theory_rr_async,0.05
76,0.0,0.01,0.99,32,theory_rr_async,0.05
77,0.0,0.01,0.99,32,theory_rr_async,0.05
78,0.0,0.01,0.99,32,theory_rr_async,0.05
79,0.0,0.01,0.99,32,theory_rr_async,0.05
80,0.0,0.01,0.99,32,theory_rr_async,0.05
81,0.0,0.01,0.99,32,theory_rr_async,0.05
82,0.0,0.01,0.99,32,theory_rr_async,0.05
83,0.0,0.01,0.99,32,theory_rr_async,0.05
84,0.0,0.01,0.99,32,theory_rr_async,0.05
85,0.0,0.01,0.99,32,theory_rr_async,0.05
86,0.0,0.01,0.99,32,theory_rr_async,0.05
87,0.0,0.01,0.99,32,theory_rr_async,0.05
88,0.0,0.01,0.99,32,theory_rr_async,0.05
89,0.0,0.01,0.99,32,theory_rr_async,0.05
90,0.0,0.01,0.99,32,theory_rr_async,0.05
91,0.0,0.01,0.99,32,theory_rr_async,0.05
92,0.0,0.01,0.99,32,theory_rr_async,0.05
93,0.0,0.01,0.99,32,theory_rr_async,0.05
94,0.0,0.01,0.99,32,theory_rr_async,0.05
95,0.0,0.01,0.99,32,theory_rr_async,0.05
96,0.0,0.01,0.99,32,theory_rr_async,0.05
97,0.0,0.01,0.99,32,theory_rr_async,0.05
98,0.0,0.01,0.99,32,theory_rr_async,0.05
99,0.0,0.01,0.99,32,theory_rr_async,0.05
100,0.0,0.01,0.99,32,theory_rr_async,0.05
0,0.0,0.94,0.06,33,simulation_rr,0.05
1,0.0,0.895,0.105,33,simulation_rr,0.05
2,0.0,0.845,0.155,33,simulation_rr,0.05
3,0.0,0.815,0.185,33,simulation_rr,0.05
4,0.0,0.775,0.225,33,simulation_rr,0.05
5,0.0,0.735,0.265,33,simulation_rr,0.05
6,0.0,0.69,0.31,33,simulation_rr,0.05
7,0.0,0.65,0.35,33,simulation_rr,0.05
8,0.0,0.62,0.38,33,simulation_rr,0.05
9,0.0,0.585,0.415,33,simulation_rr,0.05
10,0.0,0.565,0.435,33,simulation_rr,0.05
11,0.0,0.53,0.47,33,simulation_rr,0.05
12,0.0,0.495,0.505,33,simulation_rr,0.05
13,0.0,0.46,0.54,33,simulation_rr,0.05
14,0.0,0.44,0.56,33,simulation_rr,0.05
15,0.0,0.42,0.58,33,simulation_rr,0.05
16,0.0,0.4,0.6,33,simulation_rr,0.05
17,0.0,0.39,0.61,33,simulation_rr,0.05
18,0.0,0.375,0.625,33,simulation_rr,0.05
19,0.0,0.365,0.635,33,simulation_rr,0.05
20,0.0,0.335,0.665,33,simulation_rr,0.05
21,0.0,0.32,0.68,33,simulation_rr,0.05
22,0.0,0.29,0.71,33,simulation_rr,0.05
23,0.0,0.27,0.73,33,simulation_rr,0.05
24,0.0,0.25,0.75,33,simulation_rr,0.05
25,0.0,0.24,0.76,33,simulation_rr,0.05
26,0.0,0.23,0.77,33,simulation_rr,0.05
27,0.0,0.23,0.77,33,simulation_rr,0.05
28,0.0,0.22,0.78,33,simulation_rr,0.05
29,0.0,0.2,0.8,33,simulation_rr,0.05
30,0.0,0.185,0.815,33,simulation_rr,0.05
31,0.0,0.175,0.825,33,simulation_rr,0.05
32,0.0,0.16,0.84,33,simulation_rr,0.05
33,0.0,0.15,0.85,33,simulation_rr,0.05
34,0.0,0.15,0.85,33,simulation_rr,0.05
35,0.0,0.14,0.86,33,simulation_rr,0.05
36,0.0,0.135,0.865,33,simulation_rr,0.05
37,0.0,0.13,0.87,33,simulation_rr,0.05
38,0.0,0.12,0.88,33,simulation_rr,0.05
39,0.0,0.12,0.88,33,simulation_rr,0.05
40,0.0,0.115,0.885,33,simulation_rr,0.05
41,0.0,0.115,0.885,33,simulation_rr,0.05
42,0.0,0.1,0.9,33,simulation_rr,0.05
43,0.0,0.1,0.9,33,simulation_rr,0.05
44,0.0,0.09,0.91,33,simulation_rr,0.05
45,0.0,0.08,0.92,33,simulation_rr,0.05
46,0.0,0.08,0.92,33,simulation_rr,0.05
47,0.0,0.075,0.925,33,simulation_rr,0.05
48,0.0,0.075,0.925,33,simulation_rr,0.05
49,0.0,0.07,0.93,33,simulation_rr,0.05
50,0.0,0.065,0.935,33,simulation_rr,0.05
51,0.0,0.055,0.945,33,simulation_rr,0.05
52,0.0,0.055,0.945,33,simulation_rr,0.05
53,0.0,0.055,0.945,33,simulation_rr,0.05
54,0.0,0.05,0.95,33,simulation_rr,0.05
55,0.0,0.045,0.955,33,simulation_rr,0.05
56,0.0,0.035,0.965,33,simulation_rr,0.05
57,0.0,0.035,0.965,33,simulation_rr,0.05
58,0.0,0.035,0.965,33,simulation_rr,0.05
59,0.0,0.035,0.965,33,simulation_rr,0.05
60,0.0,0.035,0.965,33,simulation_rr,0.05
0,0.0,0.94,0.06,33,theory_rr,0.05
1,0.0,0.0,1.0,33,theory_rr,0.05
2,0.0,0.0,1.0,33,theory_rr,0.05
3,0.0,0.0,1.0,33,theory_rr,0.05
4,0.0,0.0,1.0,33,theory_rr,0.05
5,0.0,0.0,1.0,33,theory_rr,0.05
6,0.0,0.0,1.0,33,theory_rr,0.05
7,0.0,0.0,1.0,33,theory_rr,0.05
8,0.0,0.0,1.0,33,theory_rr,0.05
9,0.0,0.0,1.0,33,theory_rr,0.05
10,0.0,0.0,1.0,33,theory_rr,0.05
11,0.0,0.0,1.0,33,theory_rr,0.05
12,0.0,0.0,1.0,33,theory_rr,0.05
13,0.0,0.0,1.0,33,theory_rr,0.05
14,0.0,0.0,1.0,33,theory_rr,0.05
15,0.0,0.0,1.0,33,theory_rr,0.05
16,0.0,0.0,1.0,33,theory_rr,0.05
17,0.0,0.0,1.0,33,theory_rr,0.05
18,0.0,0.0,1.0,33,theory_rr,0.05
19,0.0,0.0,1.0,33,theory_rr,0.05
20,0.0,0.0,1.0,33,theory_rr,0.05
21,0.0,0.0,1.0,33,theory_rr,0.05
22,0.0,0.0,1.0,33,theory_rr,0.05
23,0.0,0.0,1.0,33,theory_rr,0.05
24,0.0,0.0,1.0,33,theory_rr,0.05
25,0.0,0.0,1.0,33,theory_rr,0.05
26,0.0,0.0,1.0,33,theory_rr,0.05
27,0.0,0.0,1.0,33,theory_rr,0.05
28,0.0,0.0,1.0,33,theory_rr,0.05
29,0.0,0.0,1.0,33,theory_rr,0.05
30,0.0,0.0,1.0,33,theory_rr,0.05
31,0.0,0.0,1.0,33,theory_rr,0.05
32,0.0,0.0,1.0,33,theory_rr,0.05
33,0.0,0.0,1.0,33,theory_rr,0.05
34,0.0,0.0,1.0,33,theory_rr,0.05
35,0.0,0.0,1.0,33,theory_rr,0.05
36,0.0,0.0,1.0,33,theory_rr,0.05
37,0.0,0.0,1.0,33,theory_rr,0.05
38,0.0,0.0,1.0,33,theory_rr,0.05
39,0.0,0.0,1.0,33,theory_rr,0.05
40,0.0,0.0,1.0,33,theory_rr,0.05
41,0.0,0.0,1.0,33,theory_rr,0.05
42,0.0,0.0,1.0,33,theory_rr,0.05
43,0.0,0.0,1.0,33,theory_rr,0.05
44,0.0,0.0,1.0,33,theory_rr,0.05
45,0.0,0.0,1.0,33,theory_rr,0.05
46,0.0,0.0,1.0,33,theory_rr,0.05
47,0.0,0.0,1.0,33,theory_rr,0.05
48,0.0,0.0,1.0,33,theory_rr,0.05
49,0.0,0.0,1.0,33,theory_rr,0.05
50,0.0,0.0,1.0,33,theory_rr,0.05
51,0.0,0.0,1.0,33,theory_rr,0.05
52,0.0,0.0,1.0,33,theory_rr,0.05
53,0.0,0.0,1.0,33,theory_rr,0.05
54,0.0,0.0,1.0,33,theory_rr,0.05
55,0.0,0.0,1.0,33,theory_rr,0.05
56,0.0,0.0,1.0,33,theory_rr,0.05
57,0.0,0.0,1.0,33,theory_rr,0.05
58,0.0,0.0,1.0,33,theory_rr,0.05
59,0.0,0.0,1.0,33,theory_rr,0.05
60,0.0,0.0,1.0,33,theory_rr,0.05
61,0.0,0.0,1.0,33,theory_rr,0.05
62,0.0,0.0,1.0,33,theory_rr,0.05
63,0.0,0.0,1.0,33,theory_rr,0.05
64,0.0,0.0,1.0,33,theory_rr,0.05
65,0.0,0.0,1.0,33,theory_rr,0.05
66,0.0,0.0,1.0,33,theory_rr,0.05
67,0.0,0.0,1.0,33,theory_rr,0.05
68,0.0,0.0,1.0,33,theory_rr,0.05
69,0.0,0.0,1.0,33,theory_rr,0.05
70,0.0,0.0,1.0,33,theory_rr,0.05
71,0.0,0.0,1.0,33,theory_rr,0.05
72,0.0,0.0,1.0,33,theory_rr,0.05
73,0.0,0.0,1.0,33,theory_rr,0.05
74,0.0,0.0,1.0,33,theory_rr,0.05
75,0.0,0.0,1.0,33,theory_rr,0.05
76,0.0,0.0,1.0,33,theory_rr,0.05
77,0.0,0.0,1.0,33,theory_rr,0.05
78,0.0,0.0,1.0,33,theory_rr,0.05
79,0.0,0.0,1.0,33,theory_rr,0.05
80,0.0,0.0,1.0,33,theory_rr,0.05
81,0.0,0.0,1.0,33,theory_rr,0.05
82,0.0,0.0,1.0,33,theory_rr,0.05
83,0.0,0.0,1.0,33,theory_rr,0.05
84,0.0,0.0,1.0,33,theory_rr,0.05
85,0.0,0.0,1.0,33,theory_rr,0.05
86,0.0,0.0,1.0,33,theory_rr,0.05
87,0.0,0.0,1.0,33,theory_rr,0.05
88,0.0,0.0,1.0,33,theory_rr,0.05
89,0.0,0.0,1.0,33,theory_rr,0.05
90,0.0,0.0,1.0,33,theory_rr,0.05
91,0.0,0.0,1.0,33,theory_rr,0.05
92,0.0,0.0,1.0,33,theory_rr,0.05
93,0.0,0.0,1.0,33,theory_rr,0.05
94,0.0,0.0,1.0,33,theory_rr,0.05
95,0.0,0.0,1.0,33,theory_rr,0.05
96,0.0,0.0,1.0,33,theory_rr,0.05
97,0.0,0.0,1.0,33,theory_rr,0.05
98,0.0,0.0,1.0,33,theory_rr,0.05
99,0.0,0.0,1.0,33,theory_rr,0.05
100,0.0,0.0,1.0,33,theory_rr,0.05
0,0.0,0.94,0.06,33,theory_rr_async,0.05
1,0.0,0.895,0.105,33,theory_rr_async,0.05
2,0.0,0.845,0.155,33,theory_rr_async,0.05
3,0.0,0.815,0.185,33,theory_rr_async,0.05
4,0.0,0.775,0.225,33,theory_rr_async,0.05
5,0.0,0.735,0.265,33,theory_rr_async,0.05
6,0.0,0.69,0.31,33,theory_rr_async,0.05
7,0.0,0.65,0.35,33,theory_rr_async,0.05
8,0.0,0.62,0.38,33,theory_rr_async,0.05
9,0.0,0.585,0.415,33,theory_rr_async,0.05
10,0.0,0.565,0.435,33,theory_rr_async,0.05
11,0.0,0.53,0.47,33,theory_rr_async,0.05
12,0.0,0.495,0.505,33,theory_rr_async,0.05
13,0.0,0.46,0.54,33,theory_rr_async,0.05
14,0.0,0.44,0.56,33,theory_rr_async,0.05
15,0.0,0.42,0.58,33,theory_rr_async,0.05
16,0.0,0.4,0.6,33,theory_rr_async,0.05
17,0.0,0.39,0.61,33,theory_rr_async,0.05
18,0.0,0.375,0.625,33,theory_rr_async,0.05
19,0.0,0.365,0.635,33,theory_rr_async,0.05
20,0.0,0.335,0.665,33,theory_rr_async,0.05
21,0.0,0.32,0.68,33,theory_rr_async,0.05
22,0.0,0.29,0.71,33,theory_rr_async,0.05
23,0.0,0.27,0.73,33,theory_rr_async,0.05
24,0.0,0.25,0.75,33,theory_rr_async,0.05
25,0.0,0.24,0.76,33,theory_rr_async,0.05
26,0.0,0.23,0.77,33,theory_rr_async,0.05
27,0.0,0.23,0.77,33,theory_rr_async,0.05
28,0.0,0.22,0.78,33,theory_rr_async,0.05
29,0.0,0.2,0.8,33,theory_rr_async,0.05
30,0.0,0.185,0.815,33,theory_rr_async,0.05
31,0.0,0.175,0.825,33,theory_rr_async,0.05
32,0.0,0.16,0.84,33,theory_rr_async,0.05
33,0.0,0.15,0.85,33,theory_rr_async,0.05
34,0.0,0.15,0.85,33,theory_rr_async,0.05
35,0.0,0.14,0.86,33,theory_rr_async,0.05
36,0.0,0.135,0.865,33,theory_rr_async,0.05
37,0.0,0.13,0.87,33,theory_rr_async,0.05
38,0.0,0.12,0.88,33,theory_rr_async,0.05
39,0.0,0.12,0.88,33,theory_rr_async,0.05
40,0.0,0.115,0.885,33,theory_rr_async,0.05
41,0.0,0.115,0.885,33,theory_rr_async,0.05
42,0.0,0.1,0.9,33,theory_rr_async,0.05
43,0.0,0.1,0.9,33,theory_rr_async,0.05
44,0.0,0.09,0.91,33,theory_rr_async,0.05
45,0.0,0.08,0.92,33,theory_rr_async,0.05
46,0.0,0.08,0.92,33,theory_rr_async,0.05
47,0.0,0.075,0.925,33,theory_rr_async,0.05
48,0.0,0.075,0.925,33,theory_rr_async,0.05
49,0.0,0.07,0.93,33,theory_rr_async,0.05
50,0.0,0.065,0.935,33,theory_rr_async,0.05
51,0.0,0.055,0.945,33,theory_rr_async,0.05
52,0.0,0.055,0.945,33,theory_rr_async,0.05
53,0.0,0.055,0.945,33,theory_rr_async,0.05
54,0.0,0.05,0.95,33,theory_rr_async,0.05
55,0.0,0.045,0.955,33,theory_rr_async,0.05
56,0.0,0.035,0.965,33,theory_rr_async,0.05
57,0.0,0.035,0.965,33,theory_rr_async,0.05
58,0.0,0.035,0.965,33,theory_rr_async,0.05
59,0.0,0.035,0.965,33,theory_rr_async,0.05
60,0.0,0.035,0.965,33,theory_rr_async,0.05
61,0.0,0.03,0.97,33,theory_rr_async,0.05
62,0.0,0.03,0.97,33,theory_rr_async,0.05
63,0.0,0.03,0.97,33,theory_rr_async,0.05
64,0.0,0.03,0.97,33,theory_rr_async,0.05
65,0.0,0.02,0.98,33,theory_rr_async,0.05
66,0.0,0.02,0.98,33,theory_rr_async,0.05
67,0.0,0.015,0.985,33,theory_rr_async,0.05
68,0.0,0.015,0.985,33,theory_rr_async,0.05
69,0.0,0.015,0.985,33,theory_rr_async,0.05
70,0.0,0.015,0.985,33,theory_rr_async,0.05
71,0.0,0.015,0.985,33,theory_rr_async,0.05
72,0.0,0.015,0.985,33,theory_rr_async,0.05
73,0.0,0.015,0.985,33,theory_rr_async,0.05
74,0.0,0.015,0.985,33,theory_rr_async,0.05
75,0.0,0.015,0.985,33,theory_rr_async,0.05
76,0.0,0.015,0.985,33,theory_rr_async,0.05
77,0.0,0.015,0.985,33,theory_rr_async,0.05
78,0.0,0.015,0.985,33,theory_rr_async,0.05
79,0.0,0.015,0.985,33,theory_rr_async,0.05
80,0.0,0.015,0.985,33,theory_rr_async,0.05
81,0.0,0.015,0.985,33,theory_rr_async,0.05
82,0.0,0.015,0.985,33,theory_rr_async,0.05
83,0.0,0.015,0.985,33,theory_rr_async,0.05
84,0.0,0.01,0.99,33,theory_rr_async,0.05
85,0.0,0.01,0.99,33,theory_rr_async,0.05
86,0.0,0.005,0.995,33,theory_rr_async,0.05
87,0.0,0.005,0.995,33,theory_rr_async,0.05
88,0.0,0.005,0.995,33,theory_rr_async,0.05
89,0.0,0.005,0.995,33,theory_rr_async,0.05
90,0.0,0.005,0.995,33,theory_rr_async,0.05
91,0.0,0.005,0.995,33,theory_rr_async,0.05
92,0.0,0.005,0.995,33,theory_rr_async,0.05
93,0.0,0.005,0.995,33,theory_rr_async,0.05
94,0.0,0.005,0.995,33,theory_rr_async,0.05
95,0.0,0.005,0.995,33,theory_rr_async,0.05
96,0.0,0.005,0.995,33,theory_rr_async,0.05
97,0.0,0.005,0.995,33,theory_rr_async,0.05
98,0.0,0.005,0.995,33,theory_rr_async,0.05
99,0.0,0.005,0.995,33,theory_rr_async,0.05
100,0.0,0.005,0.995,33,theory_rr_async,0.05
0,0.0,0.94,0.06,34,simulation_rr,0.05
1,0.0,0.89,0.11,34,simulation_rr,0.05
2,0.0,0.845,0.155,34,simulation_rr,0.05
3,0.0,0.81,0.19,34,simulation_rr,0.05
4,0.0,0.765,0.235,34,simulation_rr,0.05
5,0.0,0.73,0.27,34,simulation_rr,0.05
6,0.0,0.695,0.305,34,simulation_rr,0.05
7,0.0,0.67,0.33,34,simulation_rr,0.05
8,0.0,0.63,0.37,34,simulation_rr,0.05
9,0.0,0.615,0.385,34,simulation_rr,0.05
10,0.0,0.585,0.415,34,simulation_rr,0.05
11,0.0,0.56,0.44,34,simulation_rr,0.05
12,0.0,0.53,0.47,34,simulation_rr,0.05
13,0.0,0.51,0.49,34,simulation_rr,0.05
14,0.0,0.49,0.51,34,simulation_rr,0.05
15,0.0,0.455,0.545,34,simulation_rr,0.05
16,0.0,0.44,0.56,34,simulation_rr,0.05
17,0.0,0.42,0.58,34,simulation_rr,0.05
18,0.0,0.395,0.605,34,simulation_rr,0.05
19,0.0,0.385,0.615,34,simulation_rr,0.05
20,0.0,0.37,0.63,34,simulation_rr,0.05
21,0.0,0.35,0.65,34,simulation_rr,0.05
22,0.0,0.335,0.665,34,simulation_rr,0.05
23,0.0,0.32,0.68,34,simulation_rr,0.05
24,0.0,0.31,0.69,34,simulation_rr,0.05
25,0.0,0.3,0.7,34,simulation_rr,0.05
26,0.0,0.29,0.71,34,simulation_rr,0.05
27,0.0,0.275,0.725,34,simulation_rr,0.05
28,0.0,0.26,0.74,34,simulation_rr,0.05
29,0.0,0.255,0.745,34,simulation_rr,0.05
30,0.0,0.25,0.75,34,simulation_rr,0.05
31,0.0,0.235,0.765,34,simulation_rr,0.05
32,0.0,0.22,0.78,34,simulation_rr,0.05
33,0.0,0.2,0.8,34,simulation_rr,0.05
34,0.0,0.185,0.815,34,simulation_rr,0.05
35,0.0,0.17,0.83,34,simulation_rr,0.05
36,0.0,0.165,0.835,34,simulation_rr,0.05
37,0.0,0.16,0.84,34,simulation_rr,0.05
38,0.0,0.16,0.84,34,simulation_rr,0.05
39,0.0,0.145,0.855,34,simulation_rr,0.05
40,0.0,0.14,0.86,34,simulation_rr,0.05
41,0.0,0.13,0.87,34,simulation_rr,0.05
42,0.0,0.115,0.885,34,simulation_rr,0.05
43,0.0,0.11,0.89,34,simulation_rr,0.05
44,0.0,0.11,0.89,34,simulation_rr,0.05
45,0.0,0.095,0.905,34,simulation_rr,0.05
46,0.0,0.095,0.905,34,simulation_rr,0.05
47,0.0,0.085,0.915,34,simulation_rr,0.05
48,0.0,0.085,0.915,34,simulation_rr,0.05
49,0.0,0.075,0.925,34,simulation_rr,0.05
50,0.0,0.06,0.94,34,simulation_rr,0.05
51,0.0,0.055,0.945,34,simulation_rr,0.05
52,0.0,0.05,0.95,34,simulation_rr,0.05
53,0.0,0.05,0.95,34,simulation_rr,0.05
54,0.0,0.05,0.95,34,simulation_rr,0.05
55,0.0,0.045,0.955,34,simulation_rr,0.05
56,0.0,0.04,0.96,34,simulation_rr,0.05
57,0.0,0.04,0.96,34,simulation_rr,0.05
58,0.0,0.04,0.96,34,simulation_rr,0.05
59,0.0,0.035,0.965,34,simulation_rr,0.05
60,0.0,0.035,0.965,34,simulation_rr,0.05
61,0.0,0.035,0.965,34,simulation_rr,0.05
62,0.0,0.035,0.965,34,simulation_rr,0.05
63,0.0,0.03,0.97,34,simulation_rr,0.05
64,0.0,0.03,0.97,34,simulation_rr,0.05
65,0.0,0.03,0.97,34,simulation_rr,0.05
66,0.0,0.02,0.98,34,simulation_rr,0.05
67,0.0,0.015,0.985,34,simulation_rr,0.05
68,0.0,0.01,0.99,34,simulation_rr,0.05
69,0.0,0.01,0.99,34,simulation_rr,0.05
70,0.0,0.01,0.99,34,simulation_rr,0.05
71,0.0,0.01,0.99,34,simulation_rr,0.05
72,0.0,0.01,0.99,34,simulation_rr,0.05
0,0.0,0.94,0.06,34,theory_rr,0.05
1,0.0,0.0,1.0,34,theory_rr,0.05
2,0.0,0.0,1.0,34,theory_rr,0.05
3,0.0,0.0,1.0,34,theory_rr,0.05
4,0.0,0.0,1.0,34,theory_rr,0.05
5,0.0,0.0,1.0,34,theory_rr,0.05
6,0.0,0.0,1.0,34,theory_rr,0.05
7,0.0,0.0,1.0,34,theory_rr,0.05
8,0.0,0.0,1.0,34,theory_rr,0.05
9,0.0,0.0,1.0,34,theory_rr,0.05
10,0.0,0.0,1.0,34,theory_rr,0.05
11,0.0,0.0,1.0,34,theory_rr,0.05
12,0.0,0.0,1.0,34,theory_rr,0.05
13,0.0,0.0,1.0,34,theory_rr,0.05
14,0.0,0.0,1.0,34,theory_rr,0.05
15,0.0,0.0,1.0,34,theory_rr,0.05
16,0.0,0.0,1.0,34,theory_rr,0.05
17,0.0,0.0,1.0,34,theory_rr,0.05
18,0.0,0.0,1.0,34,theory_rr,0.05
19,0.0,0.0,1.0,34,theory_rr,0.05
20,0.0,0.0,1.0,34,theory_rr,0.05
21,0.0,0.0,1.0,34,theory_rr,0.05
22,0.0,0.0,1.0,34,theory_rr,0.05
23,0.0,0.0,1.0,34,theory_rr,0.05
24,0.0,0.0,1.0,34,theory_rr,0.05
25,0.0,0.0,1.0,34,theory_rr,0.05
26,0.0,0.0,1.0,34,theory_rr,0.05
27,0.0,0.0,1.0,34,theory_rr,0.05
28,0.0,0.0,1.0,34,theory_rr,0.05
29,0.0,0.0,1.0,34,theory_rr,0.05
30,0.0,0.0,1.0,34,theory_rr,0.05
31,0.0,0.0,1.0,34,theory_rr,0.05
32,0.0,0.0,1.0,34,theory_rr,0.05
33,0.0,0.0,1.0,34,theory_rr,0.05
34,0.0,0.0,1.0,34,theory_rr,0.05
35,0.0,0.0,1.0,34,theory_rr,0.05
36,0.0,0.0,1.0,34,theory_rr,0.05
37,0.0,0.0,1.0,34,theory_rr,0.05
38,0.0,0.0,1.0,34,theory_rr,0.05
39,0.0,0.0,1.0,34,theory_rr,0.05
40,0.0,0.0,1.0,34,theory_rr,0.05
41,0.0,0.0,1.0,34,theory_rr,0.05
42,0.0,0.0,1.0,34,theory_rr,0.05
43,0.0,0.0,1.0,34,theory_rr,0.05
44,0.0,0.0,1.0,34,theory_rr,0.05
45,0.0,0.0,1.0,34,theory_rr,0.05
46,0.0,0.0,1.0,34,theory_rr,0.05
47,0.0,0.0,1.0,34,theory_rr,0.05
48,0.0,0.0,1.0,34,theory_rr,0.05
49,0.0,0.0,1.0,34,theory_rr,0.05
50,0.0,0.0,1.0,34,theory_rr,0.05
51,0.0,0.0,1.0,34,theory_rr,0.05
52,0.0,0.0,1.0,34,theory_rr,0.05
53,0.0,0.0,1.0,34,theory_rr,0.05
54,0.0,0.0,1.0,34,theory_rr,0.05
55,0.0,0.0,1.0,34,theory_rr,0.05
56,0.0,0.0,1.0,34,theory_rr,0.05
57,0.0,0.0,1.0,34,theory_rr,0.05
58,0.0,0.0,1.0,34,theory_rr,0.05
59,0.0,0.0,1.0,34,theory_rr,0.05
60,0.0,0.0,1.0,34,theory_rr,0.05
61,0.0,0.0,1.0,34,theory_rr,0.05
62,0.0,0.0,1.0,34,theory_rr,0.05
63,0.0,0.0,1.0,34,theory_rr,0.05
64,0.0,0.0,1.0,34,theory_rr,0.05
65,0.0,0.0,1.0,34,theory_rr,0.05
66,0.0,0.0,1.0,34,theory_rr,0.05
67,0.0,0.0,1.0,34,theory_rr,0.05
68,0.0,0.0,1.0,34,theory_rr,0.05
69,0.0,0.0,1.0,34,theory_rr,0.05
70,0.0,0.0,1.0,34,theory_rr,0.05
71,0.0,0.0,1.0,34,theory_rr,0.05
72,0.0,0.0,1.0,34,theory_rr,0.05
73,0.0,0.0,1.0,34,theory_rr,0.05
74,0.0,0.0,1.0,34,theory_rr,0.05
75,0.0,0.0,1.0,34,theory_rr,0.05
76,0.0,0.0,1.0,34,theory_rr,0.05
77,0.0,0.0,1.0,34,theory_rr,0.05
78,0.0,0.0,1.0,34,theory_rr,0.05
79,0.0,0.0,1.0,34,theory_rr,0.05
80,0.0,0.0,1.0,34,theory_rr,0.05
81,0.0,0.0,1.0,34,theory_rr,0.05
82,0.0,0.0,1.0,34,theory_rr,0.05
83,0.0,0.0,1.0,34,theory_rr,0.05
84,0.0,0.0,1.0,34,theory_rr,0.05
85,0.0,0.0,1.0,34,theory_rr,0.05
86,0.0,0.0,1.0,34,theory_rr,0.05
87,0.0,0.0,1.0,34,theory_rr,0.05
88,0.0,0.0,1.0,34,theory_rr,0.05
89,0.0,0.0,1.0,34,theory_rr,0.05
90,0.0,0.0,1.0,34,theory_rr,0.05
91,0.0,0.0,1.0,34,theory_rr,0.05
92,0.0,0.0,1.0,34,theory_rr,0.05
93,0.0,0.0,1.0,34,theory_rr,0.05
94,0.0,0.0,1.0,34,theory_rr,0.05
95,0.0,0.0,1.0,34,theory_rr,0.05
96,0.0,0.0,1.0,34,theory_rr,0.05
97,0.0,0.0,1.0,34,theory_rr,0.05
98,0.0,0.0,1.0,34,theory_rr,0.05
99,0.0,0.0,1.0,34,theory_rr,0.05
100,0.0,0.0,1.0,34,theory_rr,0.05
0,0.0,0.94,0.06,34,theory_rr_async,0.05
1,0.0,0.89,0.11,34,theory_rr_async,0.05
2,0.0,0.845,0.155,34,theory_rr_async,0.05
3,0.0,0.81,0.19,34,theory_rr_async,0.05
4,0.0,0.765,0.235,34,theory_rr_async,0.05
5,0.0,0.73,0.27,34,theory_rr_async,0.05
6,0.0,0.695,0.305,34,theory_rr_async,0.05
7,0.0,0.67,0.33,34,theory_rr_async,0.05
8,0.0,0.63,0.37,34,theory_rr_async,0.05
9,0.0,0.615,0.385,34,theory_rr_async,0.05
10,0.0,0.585,0.415,34,theory_rr_async,0.05
11,0.0,0.56,0.44,34,theory_rr_async,0.05
12,0.0,0.53,0.47,34,theory_rr_async,0.05
13,0.0,0.51,0.49,34,theory_rr_async,0.05
14,0.0,0.49,0.51,34,theory_rr_async,0.05
15,0.0,0.455,0.545,34,theory_rr_async,0.05
16,0.0,0.44,0.56,34,theory_rr_async,0.05
17,0.0,0.42,0.58,34,theory_rr_async,0.05
18,0.0,0.395,0.605,34,theory_rr_async,0.05
19,0.0,0.385,0.615,34,theory_rr_async,0.05
20,0.0,0.37,0.63,34,theory_rr_async,0.05
21,0.0,0.35,0.65,34,theory_rr_async,0.05
22,0.0,0.335,0.665,34,theory_rr_async,0.05
23,0.0,0.32,0.68,34,theory_rr_async,0.05
24,0.0,0.31,0.69,34,theory_rr_async,0.05
25,0.0,0.3,0.7,34,theory_rr_async,0.05
26,0.0,0.29,0.71,34,theory_rr_async,0.05
27,0.0,0.275,0.725,34,theory_rr_async,0.05
28,0.0,0.26,0.74,34,theory_rr_async,0.05
29,0.0,0.255,0.745,34,theory_rr_async,0.05
30,0.0,0.25,0.75,34,theory_rr_async,0.05
31,0.0,0.235,0.765,34,theory_rr_async,0.05
32,0.0,0.22,0.78,34,theory_rr_async,0.05
33,0.0,0.2,0.8,34,theory_rr_async,0.05
34,0.0,0.185,0.815,34,theory_rr_async,0.05
35,0.0,0.17,0.83,34,theory_rr_async,0.05
36,0.0,0.165,0.835,34,theory_rr_async,0.05
37,0.0,0.16,0.84,34,theory_rr_async,0.05
38,0.0,0.16,0.84,34,theory_rr_async,0.05
39,0.0,0.145,0.855,34,theory_rr_async,0.05
40,0.0,0.14,0.86,34,theory_rr_async,0.05
41,0.0,0.13,0.87,34,theory_rr_async,0.05
42,0.0,0.115,0.885,34,theory_rr_async,0.05
43,0.0,0.11,0.89,34,theory_rr_async,0.05
44,0.0,0.11,0.89,34,theory_rr_async,0.05
45,0.0,0.095,0.905,34,theory_rr_async,0.05
46,0.0,0.095,0.905,34,theory_rr_async,0.05
47,0.0,0.085,0.915,34,theory_rr_async,0.05
48,0.0,0.085,0.915,34,theory_rr_async,0.05
49,0.0,0.075,0.925,34,theory_rr_async,0.05
50,0.0,0.06,0.94,34,theory_rr_async,0.05
51,0.0,0.055,0.945,34,theory_rr_async,0.05
52,0.0,0.05,0.95,34,theory_rr_async,0.05
53,0.0,0.05,0.95,34,theory_rr_async,0.05
54,0.0,0.05,0.95,34,theory_rr_async,0.05
55,0.0,0.045,0.955,34,theory_rr_async,0.05
56,0.0,0.04,0.96,34,theory_rr_async,0.05
57,0.0,0.04,0.96,34,theory_rr_async,0.05
58,0.0,0.04,0.96,34,theory_rr_async,0.05
59,0.0,0.035,0.965,34,theory_rr_async,0.05
60,0.0,0.035,0.965,34,theory_rr_async,0.05
61,0.0,0.035,0.965,34,theory_rr_async,0.05
62,0.0,0.035,0.965,34,theory_rr_async,0.05
63,0.0,0.03,0.97,34,theory_rr_async,0.05
64,0.0,0.03,0.97,34,theory_rr_async,0.05
65,0.0,0.03,0.97,34,theory_rr_async,0.05
66,0.0,0.02,0.98,34,theory_rr_async,0.05
67,0.0,0.015,0.985,34,theory_rr_async,0.05
68,0.0,0.01,0.99,34,theory_rr_async,0.05
69,0.0,0.01,0.99,34,theory_rr_async,0.05
70,0.0,0.01,0.99,34,theory_rr_async,0.05
71,0.0,0.01,0.99,34,theory_rr_async,0.05
72,0.0,0.01,0.99,34,theory_rr_async,0.05
73,0.0,0.005,0.995,34,theory_rr_async,0.05
74,0.0,0.005,0.995,34,theory_rr_async,0.05
75,0.0,0.005,0.995,34,theory_rr_async,0.05
76,0.0,0.005,0.995,34,theory_rr_async,0.05
77,0.0,0.005,0.995,34,theory_rr_async,0.05
78,0.0,0.005,0.995,34,theory_rr_async,0.05
79,0.0,0.005,0.995,34,theory_rr_async,0.05
80,0.0,0.005,0.995,34,theory_rr_async,0.05
81,0.0,0.005,0.995,34,theory_rr_async,0.05
82,0.0,0.005,0.995,34,theory_rr_async,0.05
83,0.0,0.005,0.995,34,theory_rr_async,0.05
84,0.0,0.005,0.995,34,theory_rr_async,0.05
85,0.0,0.005,0.995,34,theory_rr_async,0.05
86,0.0,0.005,0.995,34,theory_rr_async,0.05
87,0.0,0.005,0.995,34,theory_rr_async,0.05
88,0.0,0.005,0.995,34,theory_rr_async,0.05
89,0.0,0.005,0.995,34,theory_rr_async,0.05
90,0.0,0.005,0.995,34,theory_rr_async,0.05
91,0.0,0.0,1.0,34,theory_rr_async,0.05
92,0.0,0.0,1.0,34,theory_rr_async,0.05
93,0.0,0.0,1.0,34,theory_rr_async,0.05
94,0.0,0.0,1.0,34,theory_rr_async,0.05
95,0.0,0.0,1.0,34,theory_rr_async,0.05
96,0.0,0.0,1.0,34,theory_rr_async,0.05
97,0.0,0.0,1.0,34,theory_rr_async,0.05
98,0.0,0.0,1.0,34,theory_rr_async,0.05
99,0.0,0.0,1.0,34,theory_rr_async,0.05
100,0.0,0.0,1.0,34,theory_rr_async,0.05
0,0.0,0.94,0.06,35,simulation_rr,0.05
1,0.0,0.89,0.11,35,simulation_rr,0.05
2,0.0,0.85,0.15,35,simulation_rr,0.05
3,0.0,0.805,0.195,35,simulation_rr,0.05
4,0.0,0.765,0.235,35,simulation_rr,0.05
5,0.0,0.725,0.275,35,simulation_rr,0.05
6,0.0,0.71,0.29,35,simulation_rr,0.05
7,0.0,0.68,0.32,35,simulation_rr,0.05
8,0.0,0.635,0.365,35,simulation_rr,0.05
9,0.0,0.605,0.395,35,simulation_rr,0.05
10,0.0,0.575,0.425,35,simulation_rr,0.05
11,0.0,0.545,0.455,35,simulation_rr,0.05
12,0.0,0.5,0.5,35,simulation_rr,0.05
13,0.0,0.48,0.52,35,simulation_rr,0.05
14,0.0,0.44,0.56,35,simulation_rr,0.05
15,0.0,0.41,0.59,35,simulation_rr,0.05
16,0.0,0.395,0.605,35,simulation_rr,0.05
17,0.0,0.375,0.625,35,simulation_rr,0.05
18,0.0,0.36,0.64,35,simulation_rr,0.05
19,0.0,0.345,0.655,35,simulation_rr,0.05
20,0.0,0.33,0.67,35,simulation_rr,0.05
21,0.0,0.32,0.68,35,simulation_rr,0.05
22,0.0,0.305,0.695,35,simulation_rr,0.05
23,0.0,0.285,0.715,35,simulation_rr,0.05
24,0.0,0.285,0.715,35,simulation_rr,0.05
25,0.0,0.26,0.74,35,simulation_rr,0.05
26,0.0,0.24,0.76,35,simulation_rr,0.05
27,0.0,0.215,0.785,35,simulation_rr,0.05
28,0.0,0.2,0.8,35,simulation_rr,0.05
29,0.0,0.18,0.82,35,simulation_rr,0.05
30,0.0,0.175,0.825,35,simulation_rr,0.05
31,0.0,0.165,0.835,35,simulation_rr,0.05
32,0.0,0.15,0.85,35,simulation_rr,0.05
33,0.0,0.145,0.855,35,simulation_rr,0.05
34,0.0,0.14,0.86,35,simulation_rr,0.05
35,0.0,0.12,0.88,35,simulation_rr,0.05
36,0.0,0.12,0.88,35,simulation_rr,0.05
37,0.0,0.11,0.89,35,simulation_rr,0.05
38,0.0,0.11,0.89,35,simulation_rr,0.05
39,0.0,0.11,0.89,35,simulation_rr,0.05
40,0.0,0.11,0.89,35,simulation_rr,0.05
41,0.0,0.105,0.895,35,simulation_rr,0.05
42,0.0,0.1,0.9,35,simulation_rr,0.05
43,0.0,0.095,0.905,35,simulation_rr,0.05
44,0.0,0.085,0.915,35,simulation_rr,0.05
45,0.0,0.085,0.915,35,simulation_rr,0.05
46,0.0,0.08,0.92,35,simulation_rr,0.05
47,0.0,0.07,0.93,35,simulation_rr,0.05
48,0.0,0.07,0.93,35,simulation_rr,0.05
49,0.0,0.065,0.935,35,simulation_rr,0.05
50,0.0,0.06,0.94,35,simulation_rr,0.05
51,0.0,0.055,0.945,35,simulation_rr,0.05
52,0.0,0.055,0.945,35,simulation_rr,0.05
53,0.0,0.05,0.95,35,simulation_rr,0.05
54,0.0,0.04,0.96,35,simulation_rr,0.05
55,0.0,0.04,0.96,35,simulation_rr,0.05
56,0.0,0.04,0.96,35,simulation_rr,0.05
57,0.0,0.04,0.96,35,simulation_rr,0.05
58,0.0,0.04,0.96,35,simulation_rr,0.05
0,0.0,0.94,0.06,35,theory_rr,0.05
1,0.0,0.0,1.0,35,theory_rr,0.05
2,0.0,0.0,1.0,35,theory_rr,0.05
3,0.0,0.0,1.0,35,theory_rr,0.05
4,0.0,0.0,1.0,35,theory_rr,0.05
5,0.0,0.0,1.0,35,theory_rr,0.05
6,0.0,0.0,1.0,35,theory_rr,0.05
7,0.0,0.0,1.0,35,theory_rr,0.05
8,0.0,0.0,1.0,35,theory_rr,0.05
9,0.0,0.0,1.0,35,theory_rr,0.05
10,0.0,0.0,1.0,35,theory_rr,0.05
11,0.0,0.0,1.0,35,theory_rr,0.05
12,0.0,0.0,1.0,35,theory_rr,0.05
13,0.0,0.0,1.0,35,theory_rr,0.05
14,0.0,0.0,1.0,35,theory_rr,0.05
15,0.0,0.0,1.0,35,theory_rr,0.05
16,0.0,0.0,1.0,35,theory_rr,0.05
17,0.0,0.0,1.0,35,theory_rr,0.05
18,0.0,0.0,1.0,35,theory_rr,0.05
19,0.0,0.0,1.0,35,theory_rr,0.05
20,0.0,0.0,1.0,35,theory_rr,0.05
21,0.0,0.0,1.0,35,theory_rr,0.05
22,0.0,0.0,1.0,35,theory_rr,0.05
23,0.0,0.0,1.0,35,theory_rr,0.05
24,0.0,0.0,1.0,35,theory_rr,0.05
25,0.0,0.0,1.0,35,theory_rr,0.05
26,0.0,0.0,1.0,35,theory_rr,0.05
27,0.0,0.0,1.0,35,theory_rr,0.05
28,0.0,0.0,1.0,35,theory_rr,0.05
29,0.0,0.0,1.0,35,theory_rr,0.05
30,0.0,0.0,1.0,35,theory_rr,0.05
31,0.0,0.0,1.0,35,theory_rr,0.05
32,0.0,0.0,1.0,35,theory_rr,0.05
33,0.0,0.0,1.0,35,theory_rr,0.05
34,0.0,0.0,1.0,35,theory_rr,0.05
35,0.0,0.0,1.0,35,theory_rr,0.05
36,0.0,0.0,1.0,35,theory_rr,0.05
37,0.0,0.0,1.0,35,theory_rr,0.05
38,0.0,0.0,1.0,35,theory_rr,0.05
39,0.0,0.0,1.0,35,theory_rr,0.05
40,0.0,0.0,1.0,35,theory_rr,0.05
41,0.0,0.0,1.0,35,theory_rr,0.05
42,0.0,0.0,1.0,35,theory_rr,0.05
43,0.0,0.0,1.0,35,theory_rr,0.05
44,0.0,0.0,1.0,35,theory_rr,0.05
45,0.0,0.0,1.0,35,theory_rr,0.05
46,0.0,0.0,1.0,35,theory_rr,0.05
47,0.0,0.0,1.0,35,theory_rr,0.05
48,0.0,0.0,1.0,35,theory_rr,0.05
49,0.0,0.0,1.0,35,theory_rr,0.05
50,0.0,0.0,1.0,35,theory_rr,0.05
51,0.0,0.0,1.0,35,theory_rr,0.05
52,0.0,0.0,1.0,35,theory_rr,0.05
53,0.0,0.0,1.0,35,theory_rr,0.05
54,0.0,0.0,1.0,35,theory_rr,0.05
55,0.0,0.0,1.0,35,theory_rr,0.05
56,0.0,0.0,1.0,35,theory_rr,0.05
57,0.0,0.0,1.0,35,theory_rr,0.05
58,0.0,0.0,1.0,35,theory_rr,0.05
59,0.0,0.0,1.0,35,theory_rr,0.05
60,0.0,0.0,1.0,35,theory_rr,0.05
61,0.0,0.0,1.0,35,theory_rr,0.05
62,0.0,0.0,1.0,35,theory_rr,0.05
63,0.0,0.0,1.0,35,theory_rr,0.05
64,0.0,0.0,1.0,35,theory_rr,0.05
65,0.0,0.0,1.0,35,theory_rr,0.05
66,0.0,0.0,1.0,35,theory_rr,0.05
67,0.0,0.0,1.0,35,theory_rr,0.05
68,0.0,0.0,1.0,35,theory_rr,0.05
69,0.0,0.0,1.0,35,theory_rr,0.05
70,0.0,0.0,1.0,35,theory_rr,0.05
71,0.0,0.0,1.0,35,theory_rr,0.05
72,0.0,0.0,1.0,35,theory_rr,0.05
73,0.0,0.0,1.0,35,theory_rr,0.05
74,0.0,0.0,1.0,35,theory_rr,0.05
75,0.0,0.0,1.0,35,theory_rr,0.05
76,0.0,0.0,1.0,35,theory_rr,0.05
77,0.0,0.0,1.0,35,theory_rr,0.05
78,0.0,0.0,1.0,35,theory_rr,0.05
79,0.0,0.0,1.0,35,theory_rr,0.05
80,0.0,0.0,1.0,35,theory_rr,0.05
81,0.0,0.0,1.0,35,theory_rr,0.05
82,0.0,0.0,1.0,35,theory_rr,0.05
83,0.0,0.0,1.0,35,theory_rr,0.05
84,0.0,0.0,1.0,35,theory_rr,0.05
85,0.0,0.0,1.0,35,theory_rr,0.05
86,0.0,0.0,1.0,35,theory_rr,0.05
87,0.0,0.0,1.0,35,theory_rr,0.05
88,0.0,0.0,1.0,35,theory_rr,0.05
89,0.0,0.0,1.0,35,theory_rr,0.05
90,0.0,0.0,1.0,35,theory_rr,0.05
91,0.0,0.0,1.0,35,theory_rr,0.05
92,0.0,0.0,1.0,35,theory_rr,0.05
93,0.0,0.0,1.0,35,theory_rr,0.05
94,0.0,0.0,1.0,35,theory_rr,0.05
95,0.0,0.0,1.0,35,theory_rr,0.05
96,0.0,0.0,1.0,35,theory_rr,0.05
97,0.0,0.0,1.0,35,theory_rr,0.05
98,0.0,0.0,1.0,35,theory_rr,0.05
99,0.0,0.0,1.0,35,theory_rr,0.05
100,0.0,0.0,1.0,35,theory_rr,0.05
0,0.0,0.94,0.06,35,theory_rr_async,0.05
1,0.0,0.89,0.11,35,theory_rr_async,0.05
2,0.0,0.85,0.15,35,theory_rr_async,0.05
3,0.0,0.805,0.195,35,theory_rr_async,0.05
4,0.0,0.765,0.235,35,theory_rr_async,0.05
5,0.0,0.725,0.275,35,theory_rr_async,0.05
6,0.0,0.71,0.29,35,theory_rr_async,0.05
7,0.0,0.68,0.32,35,theory_rr_async,0.05
8,0.0,0.635,0.365,35,theory_rr_async,0.05
9,0.0,0.605,0.395,35,theory_rr_async,0.05
10,0.0,0.575,0.425,35,theory_rr_async,0.05
11,0.0,0.545,0.455,35,theory_rr_async,0.05
12,0.0,0.5,0.5,35,theory_rr_async,0.05
13,0.0,0.48,0.52,35,theory_rr_async,0.05
14,0.0,0.44,0.56,35,theory_rr_async,0.05
15,0.0,0.41,0.59,35,theory_rr_async,0.05
16,0.0,0.395,0.605,35,theory_rr_async,0.05
17,0.0,0.375,0.625,35,theory_rr_async,0.05
18,0.0,0.36,0.64,35,theory_rr_async,0.05
19,0.0,0.345,0.655,35,theory_rr_async,0.05
20,0.0,0.33,0.67,35,theory_rr_async,0.05
21,0.0,0.32,0.68,35,theory_rr_async,0.05
22,0.0,0.305,0.695,35,theory_rr_async,0.05
23,0.0,0.285,0.715,35,theory_rr_async,0.05
24,0.0,0.285,0.715,35,theory_rr_async,0.05
25,0.0,0.26,0.74,35,theory_rr_async,0.05
26,0.0,0.24,0.76,35,theory_rr_async,0.05
27,0.0,0.215,0.785,35,theory_rr_async,0.05
28,0.0,0.2,0.8,35,theory_rr_async,0.05
29,0.0,0.18,0.82,35,theory_rr_async,0.05
30,0.0,0.175,0.825,35,theory_rr_async,0.05
31,0.0,0.165,0.835,35,theory_rr_async,0.05
32,0.0,0.15,0.85,35,theory_rr_async,0.05
33,0.0,0.145,0.855,35,theory_rr_async,0.05
34,0.0,0.14,0.86,35,theory_rr_async,0.05
35,0.0,0.12,0.88,35,theory_rr_async,0.05
36,0.0,0.12,0.88,35,theory_rr_async,0.05
37,0.0,0.11,0.89,35,theory_rr_async,0.05
38,0.0,0.11,0.89,35,theory_rr_async,0.05
39,0.0,0.11,0.89,35,theory_rr_async,0.05
40,0.0,0.11,0.89,35,theory_rr_async,0.05
41,0.0,0.105,0.895,35,theory_rr_async,0.05
42,0.0,0.1,0.9,35,theory_rr_async,0.05
43,0.0,0.095,0.905,35,theory_rr_async,0.05
44,0.0,0.085,0.915,35,theory_rr_async,0.05
45,0.0,0.085,0.915,35,theory_rr_async,0.05
46,0.0,0.08,0.92,35,theory_rr_async,0.05
47,0.0,0.07,0.93,35,theory_rr_async,0.05
48,0.0,0.07,0.93,35,theory_rr_async,0.05
49,0.0,0.065,0.935,35,theory_rr_async,0.05
50,0.0,0.06,0.94,35,theory_rr_async,0.05
51,0.0,0.055,0.945,35,theory_rr_async,0.05
52,0.0,0.055,0.945,35,theory_rr_async,0.05
53,0.0,0.05,0.95,35,theory_rr_async,0.05
54,0.0,0.04,0.96,35,theory_rr_async,0.05
55,0.0,0.04,0.96,35,theory_rr_async,0.05
56,0.0,0.04,0.96,35,theory_rr_async,0.05
57,0.0,0.04,0.96,35,theory_rr_async,0.05
58,0.0,0.04,0.96,35,theory_rr_async,0.05
59,0.0,0.04,0.96,35,theory_rr_async,0.05
60,0.0,0.035,0.965,35,theory_rr_async,0.05
61,0.0,0.035,0.965,35,theory_rr_async,0.05
62,0.0,0.035,0.965,35,theory_rr_async,0.05
63,0.0,0.03,0.97,35,theory_rr_async,0.05
64,0.0,0.03,0.97,35,theory_rr_async,0.05
65,0.0,0.03,0.97,35,theory_rr_async,0.05
66,0.0,0.03,0.97,35,theory_rr_async,0.05
67,0.0,0.03,0.97,35,theory_rr_async,0.05
68,0.0,0.03,0.97,35,theory_rr_async,0.05
69,0.0,0.025,0.975,35,theory_rr_async,0.05
70,0.0,0.025,0.975,35,theory_rr_async,0.05
71,0.0,0.025,0.975,35,theory_rr_async,0.05
72,0.0,0.02,0.98,35,theory_rr_async,0.05
73,0.0,0.02,0.98,35,theory_rr_async,0.05
74,0.0,0.02,0.98,35,theory_rr_async,0.05
75,0.0,0.02,0.98,35,theory_rr_async,0.05
76,0.0,0.02,0.98,35,theory_rr_async,0.05
77,0.0,0.015,0.985,35,theory_rr_async,0.05
78,0.0,0.005,0.995,35,theory_rr_async,0.05
79,0.0,0.0,1.0,35,theory_rr_async,0.05
80,0.0,0.0,1.0,35,theory_rr_async,0.05
81,0.0,0.0,1.0,35,theory_rr_async,0.05
82,0.0,0.0,1.0,35,theory_rr_async,0.05
83,0.0,0.0,1.0,35,theory_rr_async,0.05
84,0.0,0.0,1.0,35,theory_rr_async,0.05
85,0.0,0.0,1.0,35,theory_rr_async,0.05
86,0.0,0.0,1.0,35,theory_rr_async,0.05
87,0.0,0.0,1.0,35,theory_rr_async,0.05
88,0.0,0.0,1.0,35,theory_rr_async,0.05
89,0.0,0.0,1.0,35,theory_rr_async,0.05
90,0.0,0.0,1.0,35,theory_rr_async,0.05
91,0.0,0.0,1.0,35,theory_rr_async,0.05
92,0.0,0.0,1.0,35,theory_rr_async,0.05
93,0.0,0.0,1.0,35,theory_rr_async,0.05
94,0.0,0.0,1.0,35,theory_rr_async,0.05
95,0.0,0.0,1.0,35,theory_rr_async,0.05
96,0.0,0.0,1.0,35,theory_rr_async,0.05
97,0.0,0.0,1.0,35,theory_rr_async,0.05
98,0.0,0.0,1.0,35,theory_rr_async,0.05
99,0.0,0.0,1.0,35,theory_rr_async,0.05
100,0.0,0.0,1.0,35,theory_rr_async,0.05
