t,share_N,share_E,share_F,run_id,source
0,0.0,1.0,0.0,0,simulation_safety_fee
1,0.0,0.95,0.05,0,simulation_safety_fee
2,0.0,0.91,0.09,0,simulation_safety_fee
3,0.0,0.86,0.14,0,simulation_safety_fee
4,0.0,0.82,0.18,0,simulation_safety_fee
5,0.0,0.775,0.225,0,simulation_safety_fee
6,0.0,0.74,0.26,0,simulation_safety_fee
7,0.0,0.74,0.26,0,simulation_safety_fee
8,0.0,0.74,0.26,0,simulation_safety_fee
9,0.0,0.74,0.26,0,simulation_safety_fee
10,0.0,0.74,0.26,0,simulation_safety_fee
0,0.0,1.0,0.0,0,theory_safety_fee
1,0.0,1.0,0.0,0,theory_safety_fee
2,0.0,1.0,0.0,0,theory_safety_fee
3,0.0,1.0,0.0,0,theory_safety_fee
4,0.0,1.0,0.0,0,theory_safety_fee
5,0.0,1.0,0.0,0,theory_safety_fee
6,0.0,1.0,0.0,0,theory_safety_fee
7,0.0,1.0,0.0,0,theory_safety_fee
8,0.0,1.0,0.0,0,theory_safety_fee
9,0.0,1.0,0.0,0,theory_safety_fee
10,0.0,1.0,0.0,0,theory_safety_fee
11,0.0,1.0,0.0,0,theory_safety_fee
12,0.0,1.0,0.0,0,theory_safety_fee
13,0.0,1.0,0.0,0,theory_safety_fee
14,0.0,1.0,0.0,0,theory_safety_fee
15,0.0,1.0,0.0,0,theory_safety_fee
16,0.0,1.0,0.0,0,theory_safety_fee
17,0.0,1.0,0.0,0,theory_safety_fee
18,0.0,1.0,0.0,0,theory_safety_fee
19,0.0,1.0,0.0,0,theory_safety_fee
20,0.0,1.0,0.0,0,theory_safety_fee
21,0.0,1.0,0.0,0,theory_safety_fee
22,0.0,1.0,0.0,0,theory_safety_fee
23,0.0,1.0,0.0,0,theory_safety_fee
24,0.0,1.0,0.0,0,theory_safety_fee
25,0.0,1.0,0.0,0,theory_safety_fee
26,0.0,1.0,0.0,0,theory_safety_fee
27,0.0,1.0,0.0,0,theory_safety_fee
28,0.0,1.0,0.0,0,theory_safety_fee
29,0.0,1.0,0.0,0,theory_safety_fee
30,0.0,1.0,0.0,0,theory_safety_fee
31,0.0,1.0,0.0,0,theory_safety_fee
32,0.0,1.0,0.0,0,theory_safety_fee
33,0.0,1.0,0.0,0,theory_safety_fee
34,0.0,1.0,0.0,0,theory_safety_fee
35,0.0,1.0,0.0,0,theory_safety_fee
36,0.0,1.0,0.0,0,theory_safety_fee
37,0.0,1.0,0.0,0,theory_safety_fee
38,0.0,1.0,0.0,0,theory_safety_fee
39,0.0,1.0,0.0,0,theory_safety_fee
40,0.0,1.0,0.0,0,theory_safety_fee
41,0.0,1.0,0.0,0,theory_safety_fee
42,0.0,1.0,0.0,0,theory_safety_fee
43,0.0,1.0,0.0,0,theory_safety_fee
44,0.0,1.0,0.0,0,theory_safety_fee
45,0.0,1.0,0.0,0,theory_safety_fee
46,0.0,1.0,0.0,0,theory_safety_fee
47,0.0,1.0,0.0,0,theory_safety_fee
48,0.0,1.0,0.0,0,theory_safety_fee
49,0.0,1.0,0.0,0,theory_safety_fee
50,0.0,1.0,0.0,0,theory_safety_fee
51,0.0,1.0,0.0,0,theory_safety_fee
52,0.0,1.0,0.0,0,theory_safety_fee
53,0.0,1.0,0.0,0,theory_safety_fee
54,0.0,1.0,0.0,0,theory_safety_fee
55,0.0,1.0,0.0,0,theory_safety_fee
56,0.0,1.0,0.0,0,theory_safety_fee
57,0.0,1.0,0.0,0,theory_safety_fee
58,0.0,1.0,0.0,0,theory_safety_fee
59,0.0,1.0,0.0,0,theory_safety_fee
60,0.0,1.0,0.0,0,theory_safety_fee
61,0.0,1.0,0.0,0,theory_safety_fee
62,0.0,1.0,0.0,0,theory_safety_fee
63,0.0,1.0,0.0,0,theory_safety_fee
64,0.0,1.0,0.0,0,theory_safety_fee
65,0.0,1.0,0.0,0,theory_safety_fee
66,0.0,1.0,0.0,0,theory_safety_fee
67,0.0,1.0,0.0,0,theory_safety_fee
68,0.0,1.0,0.0,0,theory_safety_fee
69,0.0,1.0,0.0,0,theory_safety_fee
70,0.0,1.0,0.0,0,theory_safety_fee
71,0.0,1.0,0.0,0,theory_safety_fee
72,0.0,1.0,0.0,0,theory_safety_fee
73,0.0,1.0,0.0,0,theory_safety_fee
74,0.0,1.0,0.0,0,theory_safety_fee
75,0.0,1.0,0.0,0,theory_safety_fee
76,0.0,1.0,0.0,0,theory_safety_fee
77,0.0,1.0,0.0,0,theory_safety_fee
78,0.0,1.0,0.0,0,theory_safety_fee
79,0.0,1.0,0.0,0,theory_safety_fee
80,0.0,1.0,0.0,0,theory_safety_fee
81,0.0,1.0,0.0,0,theory_safety_fee
82,0.0,1.0,0.0,0,theory_safety_fee
83,0.0,1.0,0.0,0,theory_safety_fee
84,0.0,1.0,0.0,0,theory_safety_fee
85,0.0,1.0,0.0,0,theory_safety_fee
86,0.0,1.0,0.0,0,theory_safety_fee
87,0.0,1.0,0.0,0,theory_safety_fee
88,0.0,1.0,0.0,0,theory_safety_fee
89,0.0,1.0,0.0,0,theory_safety_fee
90,0.0,1.0,0.0,0,theory_safety_fee
91,0.0,1.0,0.0,0,theory_safety_fee
92,0.0,1.0,0.0,0,theory_safety_fee
93,0.0,1.0,0.0,0,theory_safety_fee
94,0.0,1.0,0.0,0,theory_safety_fee
95,0.0,1.0,0.0,0,theory_safety_fee
96,0.0,1.0,0.0,0,theory_safety_fee
97,0.0,1.0,0.0,0,theory_safety_fee
98,0.0,1.0,0.0,0,theory_safety_fee
99,0.0,1.0,0.0,0,theory_safety_fee
100,0.0,1.0,0.0,0,theory_safety_fee
0,0.0,1.0,0.0,0,theory_safety_fee_async
1,0.0,0.95,0.05,0,theory_safety_fee_async
2,0.0,0.91,0.09,0,theory_safety_fee_async
3,0.0,0.86,0.14,0,theory_safety_fee_async
4,0.0,0.82,0.18,0,theory_safety_fee_async
5,0.0,0.775,0.225,0,theory_safety_fee_async
6,0.0,0.74,0.26,0,theory_safety_fee_async
7,0.0,0.74,0.26,0,theory_safety_fee_async
8,0.0,0.74,0.26,0,theory_safety_fee_async
9,0.0,0.74,0.26,0,theory_safety_fee_async
10,0.0,0.74,0.26,0,theory_safety_fee_async
11,0.0,0.74,0.26,0,theory_safety_fee_async
12,0.0,0.74,0.26,0,theory_safety_fee_async
13,0.0,0.74,0.26,0,theory_safety_fee_async
14,0.0,0.74,0.26,0,theory_safety_fee_async
15,0.0,0.74,0.26,0,theory_safety_fee_async
16,0.0,0.74,0.26,0,theory_safety_fee_async
17,0.0,0.74,0.26,0,theory_safety_fee_async
18,0.0,0.74,0.26,0,theory_safety_fee_async
19,0.0,0.74,0.26,0,theory_safety_fee_async
20,0.0,0.74,0.26,0,theory_safety_fee_async
21,0.0,0.74,0.26,0,theory_safety_fee_async
22,0.0,0.74,0.26,0,theory_safety_fee_async
23,0.0,0.74,0.26,0,theory_safety_fee_async
24,0.0,0.74,0.26,0,theory_safety_fee_async
25,0.0,0.74,0.26,0,theory_safety_fee_async
26,0.0,0.74,0.26,0,theory_safety_fee_async
27,0.0,0.74,0.26,0,theory_safety_fee_async
28,0.0,0.74,0.26,0,theory_safety_fee_async
29,0.0,0.74,0.26,0,theory_safety_fee_async
30,0.0,0.74,0.26,0,theory_safety_fee_async
31,0.0,0.74,0.26,0,theory_safety_fee_async
32,0.0,0.74,0.26,0,theory_safety_fee_async
33,0.0,0.74,0.26,0,theory_safety_fee_async
34,0.0,0.74,0.26,0,theory_safety_fee_async
35,0.0,0.74,0.26,0,theory_safety_fee_async
36,0.0,0.74,0.26,0,theory_safety_fee_async
37,0.0,0.74,0.26,0,theory_safety_fee_async
38,0.0,0.74,0.26,0,theory_safety_fee_async
39,0.0,0.74,0.26,0,theory_safety_fee_async
40,0.0,0.74,0.26,0,theory_safety_fee_async
41,0.0,0.74,0.26,0,theory_safety_fee_async
42,0.0,0.74,0.26,0,theory_safety_fee_async
43,0.0,0.74,0.26,0,theory_safety_fee_async
44,0.0,0.74,0.26,0,theory_safety_fee_async
45,0.0,0.74,0.26,0,theory_safety_fee_async
46,0.0,0.74,0.26,0,theory_safety_fee_async
47,0.0,0.74,0.26,0,theory_safety_fee_async
48,0.0,0.74,0.26,0,theory_safety_fee_async
49,0.0,0.74,0.26,0,theory_safety_fee_async
50,0.0,0.74,0.26,0,theory_safety_fee_async
51,0.0,0.74,0.26,0,theory_safety_fee_async
52,0.0,0.74,0.26,0,theory_safety_fee_async
53,0.0,0.74,0.26,0,theory_safety_fee_async
54,0.0,0.74,0.26,0,theory_safety_fee_async
55,0.0,0.74,0.26,0,theory_safety_fee_async
56,0.0,0.74,0.26,0,theory_safety_fee_async
57,0.0,0.74,0.26,0,theory_safety_fee_async
58,0.0,0.74,0.26,0,theory_safety_fee_async
59,0.0,0.74,0.26,0,theory_safety_fee_async
60,0.0,0.74,0.26,0,theory_safety_fee_async
61,0.0,0.74,0.26,0,theory_safety_fee_async
62,0.0,0.74,0.26,0,theory_safety_fee_async
63,0.0,0.74,0.26,0,theory_safety_fee_async
64,0.0,0.74,0.26,0,theory_safety_fee_async
65,0.0,0.74,0.26,0,theory_safety_fee_async
66,0.0,0.74,0.26,0,theory_safety_fee_async
67,0.0,0.74,0.26,0,theory_safety_fee_async
68,0.0,0.74,0.26,0,theory_safety_fee_async
69,0.0,0.74,0.26,0,theory_safety_fee_async
70,0.0,0.74,0.26,0,theory_safety_fee_async
71,0.0,0.74,0.26,0,theory_safety_fee_async
72,0.0,0.74,0.26,0,theory_safety_fee_async
73,0.0,0.74,0.26,0,theory_safety_fee_async
74,0.0,0.74,0.26,0,theory_safety_fee_async
75,0.0,0.74,0.26,0,theory_safety_fee_async
76,0.0,0.74,0.26,0,theory_safety_fee_async
77,0.0,0.74,0.26,0,theory_safety_fee_async
78,0.0,0.74,0.26,0,theory_safety_fee_async
79,0.0,0.74,0.26,0,theory_safety_fee_async
80,0.0,0.74,0.26,0,theory_safety_fee_async
81,0.0,0.74,0.26,0,theory_safety_fee_async
82,0.0,0.74,0.26,0,theory_safety_fee_async
83,0.0,0.74,0.26,0,theory_safety_fee_async
84,0.0,0.74,0.26,0,theory_safety_fee_async
85,0.0,0.74,0.26,0,theory_safety_fee_async
86,0.0,0.74,0.26,0,theory_safety_fee_async
87,0.0,0.74,0.26,0,theory_safety_fee_async
88,0.0,0.74,0.26,0,theory_safety_fee_async
89,0.0,0.74,0.26,0,theory_safety_fee_async
90,0.0,0.74,0.26,0,theory_safety_fee_async
91,0.0,0.74,0.26,0,theory_safety_fee_async
92,0.0,0.74,0.26,0,theory_safety_fee_async
93,0.0,0.74,0.26,0,theory_safety_fee_async
94,0.0,0.74,0.26,0,theory_safety_fee_async
95,0.0,0.74,0.26,0,theory_safety_fee_async
96,0.0,0.74,0.26,0,theory_safety_fee_async
97,0.0,0.74,0.26,0,theory_safety_fee_async
98,0.0,0.74,0.26,0,theory_safety_fee_async
99,0.0,0.74,0.26,0,theory_safety_fee_async
100,0.0,0.74,0.26,0,theory_safety_fee_async
0,0.0,1.0,0.0,1,simulation_safety_fee
1,0.0,0.95,0.05,1,simulation_safety_fee
2,0.0,0.9,0.1,1,simulation_safety_fee
3,0.0,0.85,0.15,1,simulation_safety_fee
4,0.0,0.81,0.19,1,simulation_safety_fee
5,0.0,0.765,0.235,1,simulation_safety_fee
6,0.0,0.72,0.28,1,simulation_safety_fee
7,0.0,0.695,0.305,1,simulation_safety_fee
8,0.0,0.67,0.33,1,simulation_safety_fee
9,0.0,0.625,0.375,1,simulation_safety_fee
10,0.0,0.625,0.375,1,simulation_safety_fee
11,0.0,0.6,0.4,1,simulation_safety_fee
12,0.0,0.6,0.4,1,simulation_safety_fee
13,0.0,0.6,0.4,1,simulation_safety_fee
14,0.0,0.6,0.4,1,simulation_safety_fee
15,0.0,0.6,0.4,1,simulation_safety_fee
0,0.0,1.0,0.0,1,theory_safety_fee
1,0.0,1.0,0.0,1,theory_safety_fee
2,0.0,1.0,0.0,1,theory_safety_fee
3,0.0,1.0,0.0,1,theory_safety_fee
4,0.0,1.0,0.0,1,theory_safety_fee
5,0.0,1.0,0.0,1,theory_safety_fee
6,0.0,1.0,0.0,1,theory_safety_fee
7,0.0,1.0,0.0,1,theory_safety_fee
8,0.0,1.0,0.0,1,theory_safety_fee
9,0.0,1.0,0.0,1,theory_safety_fee
10,0.0,1.0,0.0,1,theory_safety_fee
11,0.0,1.0,0.0,1,theory_safety_fee
12,0.0,1.0,0.0,1,theory_safety_fee
13,0.0,1.0,0.0,1,theory_safety_fee
14,0.0,1.0,0.0,1,theory_safety_fee
15,0.0,1.0,0.0,1,theory_safety_fee
16,0.0,1.0,0.0,1,theory_safety_fee
17,0.0,1.0,0.0,1,theory_safety_fee
18,0.0,1.0,0.0,1,theory_safety_fee
19,0.0,1.0,0.0,1,theory_safety_fee
20,0.0,1.0,0.0,1,theory_safety_fee
21,0.0,1.0,0.0,1,theory_safety_fee
22,0.0,1.0,0.0,1,theory_safety_fee
23,0.0,1.0,0.0,1,theory_safety_fee
24,0.0,1.0,0.0,1,theory_safety_fee
25,0.0,1.0,0.0,1,theory_safety_fee
26,0.0,1.0,0.0,1,theory_safety_fee
27,0.0,1.0,0.0,1,theory_safety_fee
28,0.0,1.0,0.0,1,theory_safety_fee
29,0.0,1.0,0.0,1,theory_safety_fee
30,0.0,1.0,0.0,1,theory_safety_fee
31,0.0,1.0,0.0,1,theory_safety_fee
32,0.0,1.0,0.0,1,theory_safety_fee
33,0.0,1.0,0.0,1,theory_safety_fee
34,0.0,1.0,0.0,1,theory_safety_fee
35,0.0,1.0,0.0,1,theory_safety_fee
36,0.0,1.0,0.0,1,theory_safety_fee
37,0.0,1.0,0.0,1,theory_safety_fee
38,0.0,1.0,0.0,1,theory_safety_fee
39,0.0,1.0,0.0,1,theory_safety_fee
40,0.0,1.0,0.0,1,theory_safety_fee
41,0.0,1.0,0.0,1,theory_safety_fee
42,0.0,1.0,0.0,1,theory_safety_fee
43,0.0,1.0,0.0,1,theory_safety_fee
44,0.0,1.0,0.0,1,theory_safety_fee
45,0.0,1.0,0.0,1,theory_safety_fee
46,0.0,1.0,0.0,1,theory_safety_fee
47,0.0,1.0,0.0,1,theory_safety_fee
48,0.0,1.0,0.0,1,theory_safety_fee
49,0.0,1.0,0.0,1,theory_safety_fee
50,0.0,1.0,0.0,1,theory_safety_fee
51,0.0,1.0,0.0,1,theory_safety_fee
52,0.0,1.0,0.0,1,theory_safety_fee
53,0.0,1.0,0.0,1,theory_safety_fee
54,0.0,1.0,0.0,1,theory_safety_fee
55,0.0,1.0,0.0,1,theory_safety_fee
56,0.0,1.0,0.0,1,theory_safety_fee
57,0.0,1.0,0.0,1,theory_safety_fee
58,0.0,1.0,0.0,1,theory_safety_fee
59,0.0,1.0,0.0,1,theory_safety_fee
60,0.0,1.0,0.0,1,theory_safety_fee
61,0.0,1.0,0.0,1,theory_safety_fee
62,0.0,1.0,0.0,1,theory_safety_fee
63,0.0,1.0,0.0,1,theory_safety_fee
64,0.0,1.0,0.0,1,theory_safety_fee
65,0.0,1.0,0.0,1,theory_safety_fee
66,0.0,1.0,0.0,1,theory_safety_fee
67,0.0,1.0,0.0,1,theory_safety_fee
68,0.0,1.0,0.0,1,theory_safety_fee
69,0.0,1.0,0.0,1,theory_safety_fee
70,0.0,1.0,0.0,1,theory_safety_fee
71,0.0,1.0,0.0,1,theory_safety_fee
72,0.0,1.0,0.0,1,theory_safety_fee
73,0.0,1.0,0.0,1,theory_safety_fee
74,0.0,1.0,0.0,1,theory_safety_fee
75,0.0,1.0,0.0,1,theory_safety_fee
76,0.0,1.0,0.0,1,theory_safety_fee
77,0.0,1.0,0.0,1,theory_safety_fee
78,0.0,1.0,0.0,1,theory_safety_fee
79,0.0,1.0,0.0,1,theory_safety_fee
80,0.0,1.0,0.0,1,theory_safety_fee
81,0.0,1.0,0.0,1,theory_safety_fee
82,0.0,1.0,0.0,1,theory_safety_fee
83,0.0,1.0,0.0,1,theory_safety_fee
84,0.0,1.0,0.0,1,theory_safety_fee
85,0.0,1.0,0.0,1,theory_safety_fee
86,0.0,1.0,0.0,1,theory_safety_fee
87,0.0,1.0,0.0,1,theory_safety_fee
88,0.0,1.0,0.0,1,theory_safety_fee
89,0.0,1.0,0.0,1,theory_safety_fee
90,0.0,1.0,0.0,1,theory_safety_fee
91,0.0,1.0,0.0,1,theory_safety_fee
92,0.0,1.0,0.0,1,theory_safety_fee
93,0.0,1.0,0.0,1,theory_safety_fee
94,0.0,1.0,0.0,1,theory_safety_fee
95,0.0,1.0,0.0,1,theory_safety_fee
96,0.0,1.0,0.0,1,theory_safety_fee
97,0.0,1.0,0.0,1,theory_safety_fee
98,0.0,1.0,0.0,1,theory_safety_fee
99,0.0,1.0,0.0,1,theory_safety_fee
100,0.0,1.0,0.0,1,theory_safety_fee
0,0.0,1.0,0.0,1,theory_safety_fee_async
1,0.0,0.95,0.05,1,theory_safety_fee_async
2,0.0,0.9,0.1,1,theory_safety_fee_async
3,0.0,0.85,0.15,1,theory_safety_fee_async
4,0.0,0.81,0.19,1,theory_safety_fee_async
5,0.0,0.765,0.235,1,theory_safety_fee_async
6,0.0,0.72,0.28,1,theory_safety_fee_async
7,0.0,0.695,0.305,1,theory_safety_fee_async
8,0.0,0.67,0.33,1,theory_safety_fee_async
9,0.0,0.625,0.375,1,theory_safety_fee_async
10,0.0,0.625,0.375,1,theory_safety_fee_async
11,0.0,0.6,0.4,1,theory_safety_fee_async
12,0.0,0.6,0.4,1,theory_safety_fee_async
13,0.0,0.6,0.4,1,theory_safety_fee_async
14,0.0,0.6,0.4,1,theory_safety_fee_async
15,0.0,0.6,0.4,1,theory_safety_fee_async
16,0.0,0.6,0.4,1,theory_safety_fee_async
17,0.0,0.6,0.4,1,theory_safety_fee_async
18,0.0,0.6,0.4,1,theory_safety_fee_async
19,0.0,0.6,0.4,1,theory_safety_fee_async
20,0.0,0.6,0.4,1,theory_safety_fee_async
21,0.0,0.6,0.4,1,theory_safety_fee_async
22,0.0,0.6,0.4,1,theory_safety_fee_async
23,0.0,0.6,0.4,1,theory_safety_fee_async
24,0.0,0.6,0.4,1,theory_safety_fee_async
25,0.0,0.6,0.4,1,theory_safety_fee_async
26,0.0,0.6,0.4,1,theory_safety_fee_async
27,0.0,0.6,0.4,1,theory_safety_fee_async
28,0.0,0.6,0.4,1,theory_safety_fee_async
29,0.0,0.6,0.4,1,theory_safety_fee_async
30,0.0,0.6,0.4,1,theory_safety_fee_async
31,0.0,0.6,0.4,1,theory_safety_fee_async
32,0.0,0.6,0.4,1,theory_safety_fee_async
33,0.0,0.6,0.4,1,theory_safety_fee_async
34,0.0,0.6,0.4,1,theory_safety_fee_async
35,0.0,0.6,0.4,1,theory_safety_fee_async
36,0.0,0.6,0.4,1,theory_safety_fee_async
37,0.0,0.6,0.4,1,theory_safety_fee_async
38,0.0,0.6,0.4,1,theory_safety_fee_async
39,0.0,0.6,0.4,1,theory_safety_fee_async
40,0.0,0.6,0.4,1,theory_safety_fee_async
41,0.0,0.6,0.4,1,theory_safety_fee_async
42,0.0,0.6,0.4,1,theory_safety_fee_async
43,0.0,0.6,0.4,1,theory_safety_fee_async
44,0.0,0.6,0.4,1,theory_safety_fee_async
45,0.0,0.6,0.4,1,theory_safety_fee_async
46,0.0,0.6,0.4,1,theory_safety_fee_async
47,0.0,0.6,0.4,1,theory_safety_fee_async
48,0.0,0.6,0.4,1,theory_safety_fee_async
49,0.0,0.6,0.4,1,theory_safety_fee_async
50,0.0,0.6,0.4,1,theory_safety_fee_async
51,0.0,0.6,0.4,1,theory_safety_fee_async
52,0.0,0.6,0.4,1,theory_safety_fee_async
53,0.0,0.6,0.4,1,theory_safety_fee_async
54,0.0,0.6,0.4,1,theory_safety_fee_async
55,0.0,0.6,0.4,1,theory_safety_fee_async
56,0.0,0.6,0.4,1,theory_safety_fee_async
57,0.0,0.6,0.4,1,theory_safety_fee_async
58,0.0,0.6,0.4,1,theory_safety_fee_async
59,0.0,0.6,0.4,1,theory_safety_fee_async
60,0.0,0.6,0.4,1,theory_safety_fee_async
61,0.0,0.6,0.4,1,theory_safety_fee_async
62,0.0,0.6,0.4,1,theory_safety_fee_async
63,0.0,0.6,0.4,1,theory_safety_fee_async
64,0.0,0.6,0.4,1,theory_safety_fee_async
65,0.0,0.6,0.4,1,theory_safety_fee_async
66,0.0,0.6,0.4,1,theory_safety_fee_async
67,0.0,0.6,0.4,1,theory_safety_fee_async
68,0.0,0.6,0.4,1,theory_safety_fee_async
69,0.0,0.6,0.4,1,theory_safety_fee_async
70,0.0,0.6,0.4,1,theory_safety_fee_async
71,0.0,0.6,0.4,1,theory_safety_fee_async
72,0.0,0.6,0.4,1,theory_safety_fee_async
73,0.0,0.6,0.4,1,theory_safety_fee_async
74,0.0,0.6,0.4,1,theory_safety_fee_async
75,0.0,0.6,0.4,1,theory_safety_fee_async
76,0.0,0.6,0.4,1,theory_safety_fee_async
77,0.0,0.6,0.4,1,theory_safety_fee_async
78,0.0,0.6,0.4,1,theory_safety_fee_async
79,0.0,0.6,0.4,1,theory_safety_fee_async
80,0.0,0.6,0.4,1,theory_safety_fee_async
81,0.0,0.6,0.4,1,theory_safety_fee_async
82,0.0,0.6,0.4,1,theory_safety_fee_async
83,0.0,0.6,0.4,1,theory_safety_fee_async
84,0.0,0.6,0.4,1,theory_safety_fee_async
85,0.0,0.6,0.4,1,theory_safety_fee_async
86,0.0,0.6,0.4,1,theory_safety_fee_async
87,0.0,0.6,0.4,1,theory_safety_fee_async
88,0.0,0.6,0.4,1,theory_safety_fee_async
89,0.0,0.6,0.4,1,theory_safety_fee_async
90,0.0,0.6,0.4,1,theory_safety_fee_async
91,0.0,0.6,0.4,1,theory_safety_fee_async
92,0.0,0.6,0.4,1,theory_safety_fee_async
93,0.0,0.6,0.4,1,theory_safety_fee_async
94,0.0,0.6,0.4,1,theory_safety_fee_async
95,0.0,0.6,0.4,1,theory_safety_fee_async
96,0.0,0.6,0.4,1,theory_safety_fee_async
97,0.0,0.6,0.4,1,theory_safety_fee_async
98,0.0,0.6,0.4,1,theory_safety_fee_async
99,0.0,0.6,0.4,1,theory_safety_fee_async
100,0.0,0.6,0.4,1,theory_safety_fee_async
0,0.0,1.0,0.0,2,simulation_safety_fee
1,0.0,0.95,0.05,2,simulation_safety_fee
2,0.0,0.905,0.095,2,simulation_safety_fee
3,0.0,0.855,0.145,2,simulation_safety_fee
4,0.0,0.805,0.195,2,simulation_safety_fee
5,0.0,0.76,0.24,2,simulation_safety_fee
6,0.0,0.72,0.28,2,simulation_safety_fee
7,0.0,0.69,0.31,2,simulation_safety_fee
8,0.0,0.645,0.355,2,simulation_safety_fee
9,0.0,0.645,0.355,2,simulation_safety_fee
10,0.0,0.645,0.355,2,simulation_safety_fee
11,0.0,0.645,0.355,2,simulation_safety_fee
12,0.0,0.645,0.355,2,simulation_safety_fee
0,0.0,1.0,0.0,2,theory_safety_fee
1,0.0,1.0,0.0,2,theory_safety_fee
2,0.0,1.0,0.0,2,theory_safety_fee
3,0.0,1.0,0.0,2,theory_safety_fee
4,0.0,1.0,0.0,2,theory_safety_fee
5,0.0,1.0,0.0,2,theory_safety_fee
6,0.0,1.0,0.0,2,theory_safety_fee
7,0.0,1.0,0.0,2,theory_safety_fee
8,0.0,1.0,0.0,2,theory_safety_fee
9,0.0,1.0,0.0,2,theory_safety_fee
10,0.0,1.0,0.0,2,theory_safety_fee
11,0.0,1.0,0.0,2,theory_safety_fee
12,0.0,1.0,0.0,2,theory_safety_fee
13,0.0,1.0,0.0,2,theory_safety_fee
14,0.0,1.0,0.0,2,theory_safety_fee
15,0.0,1.0,0.0,2,theory_safety_fee
16,0.0,1.0,0.0,2,theory_safety_fee
17,0.0,1.0,0.0,2,theory_safety_fee
18,0.0,1.0,0.0,2,theory_safety_fee
19,0.0,1.0,0.0,2,theory_safety_fee
20,0.0,1.0,0.0,2,theory_safety_fee
21,0.0,1.0,0.0,2,theory_safety_fee
22,0.0,1.0,0.0,2,theory_safety_fee
23,0.0,1.0,0.0,2,theory_safety_fee
24,0.0,1.0,0.0,2,theory_safety_fee
25,0.0,1.0,0.0,2,theory_safety_fee
26,0.0,1.0,0.0,2,theory_safety_fee
27,0.0,1.0,0.0,2,theory_safety_fee
28,0.0,1.0,0.0,2,theory_safety_fee
29,0.0,1.0,0.0,2,theory_safety_fee
30,0.0,1.0,0.0,2,theory_safety_fee
31,0.0,1.0,0.0,2,theory_safety_fee
32,0.0,1.0,0.0,2,theory_safety_fee
33,0.0,1.0,0.0,2,theory_safety_fee
34,0.0,1.0,0.0,2,theory_safety_fee
35,0.0,1.0,0.0,2,theory_safety_fee
36,0.0,1.0,0.0,2,theory_safety_fee
37,0.0,1.0,0.0,2,theory_safety_fee
38,0.0,1.0,0.0,2,theory_safety_fee
39,0.0,1.0,0.0,2,theory_safety_fee
40,0.0,1.0,0.0,2,theory_safety_fee
41,0.0,1.0,0.0,2,theory_safety_fee
42,0.0,1.0,0.0,2,theory_safety_fee
43,0.0,1.0,0.0,2,theory_safety_fee
44,0.0,1.0,0.0,2,theory_safety_fee
45,0.0,1.0,0.0,2,theory_safety_fee
46,0.0,1.0,0.0,2,theory_safety_fee
47,0.0,1.0,0.0,2,theory_safety_fee
48,0.0,1.0,0.0,2,theory_safety_fee
49,0.0,1.0,0.0,2,theory_safety_fee
50,0.0,1.0,0.0,2,theory_safety_fee
51,0.0,1.0,0.0,2,theory_safety_fee
52,0.0,1.0,0.0,2,theory_safety_fee
53,0.0,1.0,0.0,2,theory_safety_fee
54,0.0,1.0,0.0,2,theory_safety_fee
55,0.0,1.0,0.0,2,theory_safety_fee
56,0.0,1.0,0.0,2,theory_safety_fee
57,0.0,1.0,0.0,2,theory_safety_fee
58,0.0,1.0,0.0,2,theory_safety_fee
59,0.0,1.0,0.0,2,theory_safety_fee
60,0.0,1.0,0.0,2,theory_safety_fee
61,0.0,1.0,0.0,2,theory_safety_fee
62,0.0,1.0,0.0,2,theory_safety_fee
63,0.0,1.0,0.0,2,theory_safety_fee
64,0.0,1.0,0.0,2,theory_safety_fee
65,0.0,1.0,0.0,2,theory_safety_fee
66,0.0,1.0,0.0,2,theory_safety_fee
67,0.0,1.0,0.0,2,theory_safety_fee
68,0.0,1.0,0.0,2,theory_safety_fee
69,0.0,1.0,0.0,2,theory_safety_fee
70,0.0,1.0,0.0,2,theory_safety_fee
71,0.0,1.0,0.0,2,theory_safety_fee
72,0.0,1.0,0.0,2,theory_safety_fee
73,0.0,1.0,0.0,2,theory_safety_fee
74,0.0,1.0,0.0,2,theory_safety_fee
75,0.0,1.0,0.0,2,theory_safety_fee
76,0.0,1.0,0.0,2,theory_safety_fee
77,0.0,1.0,0.0,2,theory_safety_fee
78,0.0,1.0,0.0,2,theory_safety_fee
79,0.0,1.0,0.0,2,theory_safety_fee
80,0.0,1.0,0.0,2,theory_safety_fee
81,0.0,1.0,0.0,2,theory_safety_fee
82,0.0,1.0,0.0,2,theory_safety_fee
83,0.0,1.0,0.0,2,theory_safety_fee
84,0.0,1.0,0.0,2,theory_safety_fee
85,0.0,1.0,0.0,2,theory_safety_fee
86,0.0,1.0,0.0,2,theory_safety_fee
87,0.0,1.0,0.0,2,theory_safety_fee
88,0.0,1.0,0.0,2,theory_safety_fee
89,0.0,1.0,0.0,2,theory_safety_fee
90,0.0,1.0,0.0,2,theory_safety_fee
91,0.0,1.0,0.0,2,theory_safety_fee
92,0.0,1.0,0.0,2,theory_safety_fee
93,0.0,1.0,0.0,2,theory_safety_fee
94,0.0,1.0,0.0,2,theory_safety_fee
95,0.0,1.0,0.0,2,theory_safety_fee
96,0.0,1.0,0.0,2,theory_safety_fee
97,0.0,1.0,0.0,2,theory_safety_fee
98,0.0,1.0,0.0,2,theory_safety_fee
99,0.0,1.0,0.0,2,theory_safety_fee
100,0.0,1.0,0.0,2,theory_safety_fee
0,0.0,1.0,0.0,2,theory_safety_fee_async
1,0.0,0.95,0.05,2,theory_safety_fee_async
2,0.0,0.905,0.095,2,theory_safety_fee_async
3,0.0,0.855,0.145,2,theory_safety_fee_async
4,0.0,0.805,0.195,2,theory_safety_fee_async
5,0.0,0.76,0.24,2,theory_safety_fee_async
6,0.0,0.72,0.28,2,theory_safety_fee_async
7,0.0,0.69,0.31,2,theory_safety_fee_async
8,0.0,0.645,0.355,2,theory_safety_fee_async
9,0.0,0.645,0.355,2,theory_safety_fee_async
10,0.0,0.645,0.355,2,theory_safety_fee_async
11,0.0,0.645,0.355,2,theory_safety_fee_async
12,0.0,0.645,0.355,2,theory_safety_fee_async
13,0.0,0.645,0.355,2,theory_safety_fee_async
14,0.0,0.645,0.355,2,theory_safety_fee_async
15,0.0,0.645,0.355,2,theory_safety_fee_async
16,0.0,0.645,0.355,2,theory_safety_fee_async
17,0.0,0.645,0.355,2,theory_safety_fee_async
18,0.0,0.645,0.355,2,theory_safety_fee_async
19,0.0,0.645,0.355,2,theory_safety_fee_async
20,0.0,0.645,0.355,2,theory_safety_fee_async
21,0.0,0.645,0.355,2,theory_safety_fee_async
22,0.0,0.645,0.355,2,theory_safety_fee_async
23,0.0,0.645,0.355,2,theory_safety_fee_async
24,0.0,0.645,0.355,2,theory_safety_fee_async
25,0.0,0.645,0.355,2,theory_safety_fee_async
26,0.0,0.645,0.355,2,theory_safety_fee_async
27,0.0,0.645,0.355,2,theory_safety_fee_async
28,0.0,0.645,0.355,2,theory_safety_fee_async
29,0.0,0.645,0.355,2,theory_safety_fee_async
30,0.0,0.645,0.355,2,theory_safety_fee_async
31,0.0,0.645,0.355,2,theory_safety_fee_async
32,0.0,0.645,0.355,2,theory_safety_fee_async
33,0.0,0.645,0.355,2,theory_safety_fee_async
34,0.0,0.645,0.355,2,theory_safety_fee_async
35,0.0,0.645,0.355,2,theory_safety_fee_async
36,0.0,0.645,0.355,2,theory_safety_fee_async
37,0.0,0.645,0.355,2,theory_safety_fee_async
38,0.0,0.645,0.355,2,theory_safety_fee_async
39,0.0,0.645,0.355,2,theory_safety_fee_async
40,0.0,0.645,0.355,2,theory_safety_fee_async
41,0.0,0.645,0.355,2,theory_safety_fee_async
42,0.0,0.645,0.355,2,theory_safety_fee_async
43,0.0,0.645,0.355,2,theory_safety_fee_async
44,0.0,0.645,0.355,2,theory_safety_fee_async
45,0.0,0.645,0.355,2,theory_safety_fee_async
46,0.0,0.645,0.355,2,theory_safety_fee_async
47,0.0,0.645,0.355,2,theory_safety_fee_async
48,0.0,0.645,0.355,2,theory_safety_fee_async
49,0.0,0.645,0.355,2,theory_safety_fee_async
50,0.0,0.645,0.355,2,theory_safety_fee_async
51,0.0,0.645,0.355,2,theory_safety_fee_async
52,0.0,0.645,0.355,2,theory_safety_fee_async
53,0.0,0.645,0.355,2,theory_safety_fee_async
54,0.0,0.645,0.355,2,theory_safety_fee_async
55,0.0,0.645,0.355,2,theory_safety_fee_async
56,0.0,0.645,0.355,2,theory_safety_fee_async
57,0.0,0.645,0.355,2,theory_safety_fee_async
58,0.0,0.645,0.355,2,theory_safety_fee_async
59,0.0,0.645,0.355,2,theory_safety_fee_async
60,0.0,0.645,0.355,2,theory_safety_fee_async
61,0.0,0.645,0.355,2,theory_safety_fee_async
62,0.0,0.645,0.355,2,theory_safety_fee_async
63,0.0,0.645,0.355,2,theory_safety_fee_async
64,0.0,0.645,0.355,2,theory_safety_fee_async
65,0.0,0.645,0.355,2,theory_safety_fee_async
66,0.0,0.645,0.355,2,theory_safety_fee_async
67,0.0,0.645,0.355,2,theory_safety_fee_async
68,0.0,0.645,0.355,2,theory_safety_fee_async
69,0.0,0.645,0.355,2,theory_safety_fee_async
70,0.0,0.645,0.355,2,theory_safety_fee_async
71,0.0,0.645,0.355,2,theory_safety_fee_async
72,0.0,0.645,0.355,2,theory_safety_fee_async
73,0.0,0.645,0.355,2,theory_safety_fee_async
74,0.0,0.645,0.355,2,theory_safety_fee_async
75,0.0,0.645,0.355,2,theory_safety_fee_async
76,0.0,0.645,0.355,2,theory_safety_fee_async
77,0.0,0.645,0.355,2,theory_safety_fee_async
78,0.0,0.645,0.355,2,theory_safety_fee_async
79,0.0,0.645,0.355,2,theory_safety_fee_async
80,0.0,0.645,0.355,2,theory_safety_fee_async
81,0.0,0.645,0.355,2,theory_safety_fee_async
82,0.0,0.645,0.355,2,theory_safety_fee_async
83,0.0,0.645,0.355,2,theory_safety_fee_async
84,0.0,0.645,0.355,2,theory_safety_fee_async
85,0.0,0.645,0.355,2,theory_safety_fee_async
86,0.0,0.645,0.355,2,theory_safety_fee_async
87,0.0,0.645,0.355,2,theory_safety_fee_async
88,0.0,0.645,0.355,2,theory_safety_fee_async
89,0.0,0.645,0.355,2,theory_safety_fee_async
90,0.0,0.645,0.355,2,theory_safety_fee_async
91,0.0,0.645,0.355,2,theory_safety_fee_async
92,0.0,0.645,0.355,2,theory_safety_fee_async
93,0.0,0.645,0.355,2,theory_safety_fee_async
94,0.0,0.645,0.355,2,theory_safety_fee_async
95,0.0,0.645,0.355,2,theory_safety_fee_async
96,0.0,0.645,0.355,2,theory_safety_fee_async
97,0.0,0.645,0.355,2,theory_safety_fee_async
98,0.0,0.645,0.355,2,theory_safety_fee_async
99,0.0,0.645,0.355,2,theory_safety_fee_async
100,0.0,0.645,0.355,2,theory_safety_fee_async
0,0.0,1.0,0.0,3,simulation_safety_fee
1,0.0,0.95,0.05,3,simulation_safety_fee
2,0.0,0.905,0.095,3,simulation_safety_fee
3,0.0,0.855,0.145,3,simulation_safety_fee
4,0.0,0.82,0.18,3,simulation_safety_fee
5,0.0,0.79,0.21,3,simulation_safety_fee
6,0.0,0.755,0.245,3,simulation_safety_fee
7,0.0,0.715,0.285,3,simulation_safety_fee
8,0.0,0.715,0.285,3,simulation_safety_fee
9,0.0,0.715,0.285,3,simulation_safety_fee
10,0.0,0.715,0.285,3,simulation_safety_fee
11,0.0,0.715,0.285,3,simulation_safety_fee
0,0.0,1.0,0.0,3,theory_safety_fee
1,0.0,1.0,0.0,3,theory_safety_fee
2,0.0,1.0,0.0,3,theory_safety_fee
3,0.0,1.0,0.0,3,theory_safety_fee
4,0.0,1.0,0.0,3,theory_safety_fee
5,0.0,1.0,0.0,3,theory_safety_fee
6,0.0,1.0,0.0,3,theory_safety_fee
7,0.0,1.0,0.0,3,theory_safety_fee
8,0.0,1.0,0.0,3,theory_safety_fee
9,0.0,1.0,0.0,3,theory_safety_fee
10,0.0,1.0,0.0,3,theory_safety_fee
11,0.0,1.0,0.0,3,theory_safety_fee
12,0.0,1.0,0.0,3,theory_safety_fee
13,0.0,1.0,0.0,3,theory_safety_fee
14,0.0,1.0,0.0,3,theory_safety_fee
15,0.0,1.0,0.0,3,theory_safety_fee
16,0.0,1.0,0.0,3,theory_safety_fee
17,0.0,1.0,0.0,3,theory_safety_fee
18,0.0,1.0,0.0,3,theory_safety_fee
19,0.0,1.0,0.0,3,theory_safety_fee
20,0.0,1.0,0.0,3,theory_safety_fee
21,0.0,1.0,0.0,3,theory_safety_fee
22,0.0,1.0,0.0,3,theory_safety_fee
23,0.0,1.0,0.0,3,theory_safety_fee
24,0.0,1.0,0.0,3,theory_safety_fee
25,0.0,1.0,0.0,3,theory_safety_fee
26,0.0,1.0,0.0,3,theory_safety_fee
27,0.0,1.0,0.0,3,theory_safety_fee
28,0.0,1.0,0.0,3,theory_safety_fee
29,0.0,1.0,0.0,3,theory_safety_fee
30,0.0,1.0,0.0,3,theory_safety_fee
31,0.0,1.0,0.0,3,theory_safety_fee
32,0.0,1.0,0.0,3,theory_safety_fee
33,0.0,1.0,0.0,3,theory_safety_fee
34,0.0,1.0,0.0,3,theory_safety_fee
35,0.0,1.0,0.0,3,theory_safety_fee
36,0.0,1.0,0.0,3,theory_safety_fee
37,0.0,1.0,0.0,3,theory_safety_fee
38,0.0,1.0,0.0,3,theory_safety_fee
39,0.0,1.0,0.0,3,theory_safety_fee
40,0.0,1.0,0.0,3,theory_safety_fee
41,0.0,1.0,0.0,3,theory_safety_fee
42,0.0,1.0,0.0,3,theory_safety_fee
43,0.0,1.0,0.0,3,theory_safety_fee
44,0.0,1.0,0.0,3,theory_safety_fee
45,0.0,1.0,0.0,3,theory_safety_fee
46,0.0,1.0,0.0,3,theory_safety_fee
47,0.0,1.0,0.0,3,theory_safety_fee
48,0.0,1.0,0.0,3,theory_safety_fee
49,0.0,1.0,0.0,3,theory_safety_fee
50,0.0,1.0,0.0,3,theory_safety_fee
51,0.0,1.0,0.0,3,theory_safety_fee
52,0.0,1.0,0.0,3,theory_safety_fee
53,0.0,1.0,0.0,3,theory_safety_fee
54,0.0,1.0,0.0,3,theory_safety_fee
55,0.0,1.0,0.0,3,theory_safety_fee
56,0.0,1.0,0.0,3,theory_safety_fee
57,0.0,1.0,0.0,3,theory_safety_fee
58,0.0,1.0,0.0,3,theory_safety_fee
59,0.0,1.0,0.0,3,theory_safety_fee
60,0.0,1.0,0.0,3,theory_safety_fee
61,0.0,1.0,0.0,3,theory_safety_fee
62,0.0,1.0,0.0,3,theory_safety_fee
63,0.0,1.0,0.0,3,theory_safety_fee
64,0.0,1.0,0.0,3,theory_safety_fee
65,0.0,1.0,0.0,3,theory_safety_fee
66,0.0,1.0,0.0,3,theory_safety_fee
67,0.0,1.0,0.0,3,theory_safety_fee
68,0.0,1.0,0.0,3,theory_safety_fee
69,0.0,1.0,0.0,3,theory_safety_fee
70,0.0,1.0,0.0,3,theory_safety_fee
71,0.0,1.0,0.0,3,theory_safety_fee
72,0.0,1.0,0.0,3,theory_safety_fee
73,0.0,1.0,0.0,3,theory_safety_fee
74,0.0,1.0,0.0,3,theory_safety_fee
75,0.0,1.0,0.0,3,theory_safety_fee
76,0.0,1.0,0.0,3,theory_safety_fee
77,0.0,1.0,0.0,3,theory_safety_fee
78,0.0,1.0,0.0,3,theory_safety_fee
79,0.0,1.0,0.0,3,theory_safety_fee
80,0.0,1.0,0.0,3,theory_safety_fee
81,0.0,1.0,0.0,3,theory_safety_fee
82,0.0,1.0,0.0,3,theory_safety_fee
83,0.0,1.0,0.0,3,theory_safety_fee
84,0.0,1.0,0.0,3,theory_safety_fee
85,0.0,1.0,0.0,3,theory_safety_fee
86,0.0,1.0,0.0,3,theory_safety_fee
87,0.0,1.0,0.0,3,theory_safety_fee
88,0.0,1.0,0.0,3,theory_safety_fee
89,0.0,1.0,0.0,3,theory_safety_fee
90,0.0,1.0,0.0,3,theory_safety_fee
91,0.0,1.0,0.0,3,theory_safety_fee
92,0.0,1.0,0.0,3,theory_safety_fee
93,0.0,1.0,0.0,3,theory_safety_fee
94,0.0,1.0,0.0,3,theory_safety_fee
95,0.0,1.0,0.0,3,theory_safety_fee
96,0.0,1.0,0.0,3,theory_safety_fee
97,0.0,1.0,0.0,3,theory_safety_fee
98,0.0,1.0,0.0,3,theory_safety_fee
99,0.0,1.0,0.0,3,theory_safety_fee
100,0.0,1.0,0.0,3,theory_safety_fee
0,0.0,1.0,0.0,3,theory_safety_fee_async
1,0.0,0.95,0.05,3,theory_safety_fee_async
2,0.0,0.905,0.095,3,theory_safety_fee_async
3,0.0,0.855,0.145,3,theory_safety_fee_async
4,0.0,0.82,0.18,3,theory_safety_fee_async
5,0.0,0.79,0.21,3,theory_safety_fee_async
6,0.0,0.755,0.245,3,theory_safety_fee_async
7,0.0,0.715,0.285,3,theory_safety_fee_async
8,0.0,0.715,0.285,3,theory_safety_fee_async
9,0.0,0.715,0.285,3,theory_safety_fee_async
10,0.0,0.715,0.285,3,theory_safety_fee_async
11,0.0,0.715,0.285,3,theory_safety_fee_async
12,0.0,0.715,0.285,3,theory_safety_fee_async
13,0.0,0.715,0.285,3,theory_safety_fee_async
14,0.0,0.715,0.285,3,theory_safety_fee_async
15,0.0,0.685,0.315,3,theory_safety_fee_async
16,0.0,0.685,0.315,3,theory_safety_fee_async
17,0.0,0.685,0.315,3,theory_safety_fee_async
18,0.0,0.685,0.315,3,theory_safety_fee_async
19,0.0,0.685,0.315,3,theory_safety_fee_async
20,0.0,0.685,0.315,3,theory_safety_fee_async
21,0.0,0.685,0.315,3,theory_safety_fee_async
22,0.0,0.685,0.315,3,theory_safety_fee_async
23,0.0,0.685,0.315,3,theory_safety_fee_async
24,0.0,0.685,0.315,3,theory_safety_fee_async
25,0.0,0.685,0.315,3,theory_safety_fee_async
26,0.0,0.685,0.315,3,theory_safety_fee_async
27,0.0,0.685,0.315,3,theory_safety_fee_async
28,0.0,0.685,0.315,3,theory_safety_fee_async
29,0.0,0.685,0.315,3,theory_safety_fee_async
30,0.0,0.685,0.315,3,theory_safety_fee_async
31,0.0,0.685,0.315,3,theory_safety_fee_async
32,0.0,0.685,0.315,3,theory_safety_fee_async
33,0.0,0.685,0.315,3,theory_safety_fee_async
34,0.0,0.685,0.315,3,theory_safety_fee_async
35,0.0,0.685,0.315,3,theory_safety_fee_async
36,0.0,0.685,0.315,3,theory_safety_fee_async
37,0.0,0.685,0.315,3,theory_safety_fee_async
38,0.0,0.685,0.315,3,theory_safety_fee_async
39,0.0,0.685,0.315,3,theory_safety_fee_async
40,0.0,0.685,0.315,3,theory_safety_fee_async
41,0.0,0.685,0.315,3,theory_safety_fee_async
42,0.0,0.685,0.315,3,theory_safety_fee_async
43,0.0,0.685,0.315,3,theory_safety_fee_async
44,0.0,0.685,0.315,3,theory_safety_fee_async
45,0.0,0.685,0.315,3,theory_safety_fee_async
46,0.0,0.685,0.315,3,theory_safety_fee_async
47,0.0,0.685,0.315,3,theory_safety_fee_async
48,0.0,0.685,0.315,3,theory_safety_fee_async
49,0.0,0.685,0.315,3,theory_safety_fee_async
50,0.0,0.685,0.315,3,theory_safety_fee_async
51,0.0,0.685,0.315,3,theory_safety_fee_async
52,0.0,0.685,0.315,3,theory_safety_fee_async
53,0.0,0.685,0.315,3,theory_safety_fee_async
54,0.0,0.685,0.315,3,theory_safety_fee_async
55,0.0,0.685,0.315,3,theory_safety_fee_async
56,0.0,0.685,0.315,3,theory_safety_fee_async
57,0.0,0.685,0.315,3,theory_safety_fee_async
58,0.0,0.685,0.315,3,theory_safety_fee_async
59,0.0,0.685,0.315,3,theory_safety_fee_async
60,0.0,0.685,0.315,3,theory_safety_fee_async
61,0.0,0.685,0.315,3,theory_safety_fee_async
62,0.0,0.685,0.315,3,theory_safety_fee_async
63,0.0,0.685,0.315,3,theory_safety_fee_async
64,0.0,0.685,0.315,3,theory_safety_fee_async
65,0.0,0.685,0.315,3,theory_safety_fee_async
66,0.0,0.685,0.315,3,theory_safety_fee_async
67,0.0,0.685,0.315,3,theory_safety_fee_async
68,0.0,0.685,0.315,3,theory_safety_fee_async
69,0.0,0.685,0.315,3,theory_safety_fee_async
70,0.0,0.685,0.315,3,theory_safety_fee_async
71,0.0,0.685,0.315,3,theory_safety_fee_async
72,0.0,0.685,0.315,3,theory_safety_fee_async
73,0.0,0.685,0.315,3,theory_safety_fee_async
74,0.0,0.685,0.315,3,theory_safety_fee_async
75,0.0,0.685,0.315,3,theory_safety_fee_async
76,0.0,0.685,0.315,3,theory_safety_fee_async
77,0.0,0.685,0.315,3,theory_safety_fee_async
78,0.0,0.685,0.315,3,theory_safety_fee_async
79,0.0,0.685,0.315,3,theory_safety_fee_async
80,0.0,0.685,0.315,3,theory_safety_fee_async
81,0.0,0.685,0.315,3,theory_safety_fee_async
82,0.0,0.685,0.315,3,theory_safety_fee_async
83,0.0,0.685,0.315,3,theory_safety_fee_async
84,0.0,0.685,0.315,3,theory_safety_fee_async
85,0.0,0.685,0.315,3,theory_safety_fee_async
86,0.0,0.685,0.315,3,theory_safety_fee_async
87,0.0,0.685,0.315,3,theory_safety_fee_async
88,0.0,0.685,0.315,3,theory_safety_fee_async
89,0.0,0.685,0.315,3,theory_safety_fee_async
90,0.0,0.685,0.315,3,theory_safety_fee_async
91,0.0,0.685,0.315,3,theory_safety_fee_async
92,0.0,0.685,0.315,3,theory_safety_fee_async
93,0.0,0.685,0.315,3,theory_safety_fee_async
94,0.0,0.685,0.315,3,theory_safety_fee_async
95,0.0,0.685,0.315,3,theory_safety_fee_async
96,0.0,0.685,0.315,3,theory_safety_fee_async
97,0.0,0.685,0.315,3,theory_safety_fee_async
98,0.0,0.685,0.315,3,theory_safety_fee_async
99,0.0,0.685,0.315,3,theory_safety_fee_async
100,0.0,0.685,0.315,3,theory_safety_fee_async
0,0.0,1.0,0.0,4,simulation_safety_fee
1,0.0,0.95,0.05,4,simulation_safety_fee
2,0.0,0.9,0.1,4,simulation_safety_fee
3,0.0,0.85,0.15,4,simulation_safety_fee
4,0.0,0.81,0.19,4,simulation_safety_fee
5,0.0,0.77,0.23,4,simulation_safety_fee
6,0.0,0.73,0.27,4,simulation_safety_fee
7,0.0,0.695,0.305,4,simulation_safety_fee
8,0.0,0.665,0.335,4,simulation_safety_fee
9,0.0,0.635,0.365,4,simulation_safety_fee
10,0.0,0.635,0.365,4,simulation_safety_fee
11,0.0,0.635,0.365,4,simulation_safety_fee
12,0.0,0.635,0.365,4,simulation_safety_fee
13,0.0,0.635,0.365,4,simulation_safety_fee
0,0.0,1.0,0.0,4,theory_safety_fee
1,0.0,1.0,0.0,4,theory_safety_fee
2,0.0,1.0,0.0,4,theory_safety_fee
3,0.0,1.0,0.0,4,theory_safety_fee
4,0.0,1.0,0.0,4,theory_safety_fee
5,0.0,1.0,0.0,4,theory_safety_fee
6,0.0,1.0,0.0,4,theory_safety_fee
7,0.0,1.0,0.0,4,theory_safety_fee
8,0.0,1.0,0.0,4,theory_safety_fee
9,0.0,1.0,0.0,4,theory_safety_fee
10,0.0,1.0,0.0,4,theory_safety_fee
11,0.0,1.0,0.0,4,theory_safety_fee
12,0.0,1.0,0.0,4,theory_safety_fee
13,0.0,1.0,0.0,4,theory_safety_fee
14,0.0,1.0,0.0,4,theory_safety_fee
15,0.0,1.0,0.0,4,theory_safety_fee
16,0.0,1.0,0.0,4,theory_safety_fee
17,0.0,1.0,0.0,4,theory_safety_fee
18,0.0,1.0,0.0,4,theory_safety_fee
19,0.0,1.0,0.0,4,theory_safety_fee
20,0.0,1.0,0.0,4,theory_safety_fee
21,0.0,1.0,0.0,4,theory_safety_fee
22,0.0,1.0,0.0,4,theory_safety_fee
23,0.0,1.0,0.0,4,theory_safety_fee
24,0.0,1.0,0.0,4,theory_safety_fee
25,0.0,1.0,0.0,4,theory_safety_fee
26,0.0,1.0,0.0,4,theory_safety_fee
27,0.0,1.0,0.0,4,theory_safety_fee
28,0.0,1.0,0.0,4,theory_safety_fee
29,0.0,1.0,0.0,4,theory_safety_fee
30,0.0,1.0,0.0,4,theory_safety_fee
31,0.0,1.0,0.0,4,theory_safety_fee
32,0.0,1.0,0.0,4,theory_safety_fee
33,0.0,1.0,0.0,4,theory_safety_fee
34,0.0,1.0,0.0,4,theory_safety_fee
35,0.0,1.0,0.0,4,theory_safety_fee
36,0.0,1.0,0.0,4,theory_safety_fee
37,0.0,1.0,0.0,4,theory_safety_fee
38,0.0,1.0,0.0,4,theory_safety_fee
39,0.0,1.0,0.0,4,theory_safety_fee
40,0.0,1.0,0.0,4,theory_safety_fee
41,0.0,1.0,0.0,4,theory_safety_fee
42,0.0,1.0,0.0,4,theory_safety_fee
43,0.0,1.0,0.0,4,theory_safety_fee
44,0.0,1.0,0.0,4,theory_safety_fee
45,0.0,1.0,0.0,4,theory_safety_fee
46,0.0,1.0,0.0,4,theory_safety_fee
47,0.0,1.0,0.0,4,theory_safety_fee
48,0.0,1.0,0.0,4,theory_safety_fee
49,0.0,1.0,0.0,4,theory_safety_fee
50,0.0,1.0,0.0,4,theory_safety_fee
51,0.0,1.0,0.0,4,theory_safety_fee
52,0.0,1.0,0.0,4,theory_safety_fee
53,0.0,1.0,0.0,4,theory_safety_fee
54,0.0,1.0,0.0,4,theory_safety_fee
55,0.0,1.0,0.0,4,theory_safety_fee
56,0.0,1.0,0.0,4,theory_safety_fee
57,0.0,1.0,0.0,4,theory_safety_fee
58,0.0,1.0,0.0,4,theory_safety_fee
59,0.0,1.0,0.0,4,theory_safety_fee
60,0.0,1.0,0.0,4,theory_safety_fee
61,0.0,1.0,0.0,4,theory_safety_fee
62,0.0,1.0,0.0,4,theory_safety_fee
63,0.0,1.0,0.0,4,theory_safety_fee
64,0.0,1.0,0.0,4,theory_safety_fee
65,0.0,1.0,0.0,4,theory_safety_fee
66,0.0,1.0,0.0,4,theory_safety_fee
67,0.0,1.0,0.0,4,theory_safety_fee
68,0.0,1.0,0.0,4,theory_safety_fee
69,0.0,1.0,0.0,4,theory_safety_fee
70,0.0,1.0,0.0,4,theory_safety_fee
71,0.0,1.0,0.0,4,theory_safety_fee
72,0.0,1.0,0.0,4,theory_safety_fee
73,0.0,1.0,0.0,4,theory_safety_fee
74,0.0,1.0,0.0,4,theory_safety_fee
75,0.0,1.0,0.0,4,theory_safety_fee
76,0.0,1.0,0.0,4,theory_safety_fee
77,0.0,1.0,0.0,4,theory_safety_fee
78,0.0,1.0,0.0,4,theory_safety_fee
79,0.0,1.0,0.0,4,theory_safety_fee
80,0.0,1.0,0.0,4,theory_safety_fee
81,0.0,1.0,0.0,4,theory_safety_fee
82,0.0,1.0,0.0,4,theory_safety_fee
83,0.0,1.0,0.0,4,theory_safety_fee
84,0.0,1.0,0.0,4,theory_safety_fee
85,0.0,1.0,0.0,4,theory_safety_fee
86,0.0,1.0,0.0,4,theory_safety_fee
87,0.0,1.0,0.0,4,theory_safety_fee
88,0.0,1.0,0.0,4,theory_safety_fee
89,0.0,1.0,0.0,4,theory_safety_fee
90,0.0,1.0,0.0,4,theory_safety_fee
91,0.0,1.0,0.0,4,theory_safety_fee
92,0.0,1.0,0.0,4,theory_safety_fee
93,0.0,1.0,0.0,4,theory_safety_fee
94,0.0,1.0,0.0,4,theory_safety_fee
95,0.0,1.0,0.0,4,theory_safety_fee
96,0.0,1.0,0.0,4,theory_safety_fee
97,0.0,1.0,0.0,4,theory_safety_fee
98,0.0,1.0,0.0,4,theory_safety_fee
99,0.0,1.0,0.0,4,theory_safety_fee
100,0.0,1.0,0.0,4,theory_safety_fee
0,0.0,1.0,0.0,4,theory_safety_fee_async
1,0.0,0.95,0.05,4,theory_safety_fee_async
2,0.0,0.9,0.1,4,theory_safety_fee_async
3,0.0,0.85,0.15,4,theory_safety_fee_async
4,0.0,0.81,0.19,4,theory_safety_fee_async
5,0.0,0.77,0.23,4,theory_safety_fee_async
6,0.0,0.73,0.27,4,theory_safety_fee_async
7,0.0,0.695,0.305,4,theory_safety_fee_async
8,0.0,0.665,0.335,4,theory_safety_fee_async
9,0.0,0.635,0.365,4,theory_safety_fee_async
10,0.0,0.635,0.365,4,theory_safety_fee_async
11,0.0,0.635,0.365,4,theory_safety_fee_async
12,0.0,0.635,0.365,4,theory_safety_fee_async
13,0.0,0.635,0.365,4,theory_safety_fee_async
14,0.0,0.635,0.365,4,theory_safety_fee_async
15,0.0,0.635,0.365,4,theory_safety_fee_async
16,0.0,0.635,0.365,4,theory_safety_fee_async
17,0.0,0.635,0.365,4,theory_safety_fee_async
18,0.0,0.635,0.365,4,theory_safety_fee_async
19,0.0,0.635,0.365,4,theory_safety_fee_async
20,0.0,0.635,0.365,4,theory_safety_fee_async
21,0.0,0.635,0.365,4,theory_safety_fee_async
22,0.0,0.635,0.365,4,theory_safety_fee_async
23,0.0,0.635,0.365,4,theory_safety_fee_async
24,0.0,0.635,0.365,4,theory_safety_fee_async
25,0.0,0.635,0.365,4,theory_safety_fee_async
26,0.0,0.635,0.365,4,theory_safety_fee_async
27,0.0,0.635,0.365,4,theory_safety_fee_async
28,0.0,0.635,0.365,4,theory_safety_fee_async
29,0.0,0.635,0.365,4,theory_safety_fee_async
30,0.0,0.635,0.365,4,theory_safety_fee_async
31,0.0,0.635,0.365,4,theory_safety_fee_async
32,0.0,0.635,0.365,4,theory_safety_fee_async
33,0.0,0.635,0.365,4,theory_safety_fee_async
34,0.0,0.635,0.365,4,theory_safety_fee_async
35,0.0,0.635,0.365,4,theory_safety_fee_async
36,0.0,0.635,0.365,4,theory_safety_fee_async
37,0.0,0.635,0.365,4,theory_safety_fee_async
38,0.0,0.61,0.39,4,theory_safety_fee_async
39,0.0,0.61,0.39,4,theory_safety_fee_async
40,0.0,0.61,0.39,4,theory_safety_fee_async
41,0.0,0.61,0.39,4,theory_safety_fee_async
42,0.0,0.61,0.39,4,theory_safety_fee_async
43,0.0,0.61,0.39,4,theory_safety_fee_async
44,0.0,0.61,0.39,4,theory_safety_fee_async
45,0.0,0.61,0.39,4,theory_safety_fee_async
46,0.0,0.61,0.39,4,theory_safety_fee_async
47,0.0,0.61,0.39,4,theory_safety_fee_async
48,0.0,0.61,0.39,4,theory_safety_fee_async
49,0.0,0.61,0.39,4,theory_safety_fee_async
50,0.0,0.61,0.39,4,theory_safety_fee_async
51,0.0,0.61,0.39,4,theory_safety_fee_async
52,0.0,0.61,0.39,4,theory_safety_fee_async
53,0.0,0.61,0.39,4,theory_safety_fee_async
54,0.0,0.61,0.39,4,theory_safety_fee_async
55,0.0,0.61,0.39,4,theory_safety_fee_async
56,0.0,0.61,0.39,4,theory_safety_fee_async
57,0.0,0.61,0.39,4,theory_safety_fee_async
58,0.0,0.61,0.39,4,theory_safety_fee_async
59,0.0,0.61,0.39,4,theory_safety_fee_async
60,0.0,0.61,0.39,4,theory_safety_fee_async
61,0.0,0.61,0.39,4,theory_safety_fee_async
62,0.0,0.61,0.39,4,theory_safety_fee_async
63,0.0,0.61,0.39,4,theory_safety_fee_async
64,0.0,0.61,0.39,4,theory_safety_fee_async
65,0.0,0.61,0.39,4,theory_safety_fee_async
66,0.0,0.61,0.39,4,theory_safety_fee_async
67,0.0,0.61,0.39,4,theory_safety_fee_async
68,0.0,0.61,0.39,4,theory_safety_fee_async
69,0.0,0.61,0.39,4,theory_safety_fee_async
70,0.0,0.61,0.39,4,theory_safety_fee_async
71,0.0,0.61,0.39,4,theory_safety_fee_async
72,0.0,0.61,0.39,4,theory_safety_fee_async
73,0.0,0.61,0.39,4,theory_safety_fee_async
74,0.0,0.61,0.39,4,theory_safety_fee_async
75,0.0,0.61,0.39,4,theory_safety_fee_async
76,0.0,0.61,0.39,4,theory_safety_fee_async
77,0.0,0.61,0.39,4,theory_safety_fee_async
78,0.0,0.61,0.39,4,theory_safety_fee_async
79,0.0,0.61,0.39,4,theory_safety_fee_async
80,0.0,0.61,0.39,4,theory_safety_fee_async
81,0.0,0.61,0.39,4,theory_safety_fee_async
82,0.0,0.61,0.39,4,theory_safety_fee_async
83,0.0,0.61,0.39,4,theory_safety_fee_async
84,0.0,0.61,0.39,4,theory_safety_fee_async
85,0.0,0.61,0.39,4,theory_safety_fee_async
86,0.0,0.61,0.39,4,theory_safety_fee_async
87,0.0,0.61,0.39,4,theory_safety_fee_async
88,0.0,0.61,0.39,4,theory_safety_fee_async
89,0.0,0.61,0.39,4,theory_safety_fee_async
90,0.0,0.61,0.39,4,theory_safety_fee_async
91,0.0,0.61,0.39,4,theory_safety_fee_async
92,0.0,0.61,0.39,4,theory_safety_fee_async
93,0.0,0.61,0.39,4,theory_safety_fee_async
94,0.0,0.61,0.39,4,theory_safety_fee_async
95,0.0,0.61,0.39,4,theory_safety_fee_async
96,0.0,0.61,0.39,4,theory_safety_fee_async
97,0.0,0.61,0.39,4,theory_safety_fee_async
98,0.0,0.61,0.39,4,theory_safety_fee_async
99,0.0,0.61,0.39,4,theory_safety_fee_async
100,0.0,0.61,0.39,4,theory_safety_fee_async
0,0.0,1.0,0.0,5,simulation_safety_fee
1,0.0,0.95,0.05,5,simulation_safety_fee
2,0.0,0.905,0.095,5,simulation_safety_fee
3,0.0,0.86,0.14,5,simulation_safety_fee
4,0.0,0.815,0.185,5,simulation_safety_fee
5,0.0,0.77,0.23,5,simulation_safety_fee
6,0.0,0.735,0.265,5,simulation_safety_fee
7,0.0,0.735,0.265,5,simulation_safety_fee
8,0.0,0.735,0.265,5,simulation_safety_fee
9,0.0,0.735,0.265,5,simulation_safety_fee
10,0.0,0.735,0.265,5,simulation_safety_fee
0,0.0,1.0,0.0,5,theory_safety_fee
1,0.0,1.0,0.0,5,theory_safety_fee
2,0.0,1.0,0.0,5,theory_safety_fee
3,0.0,1.0,0.0,5,theory_safety_fee
4,0.0,1.0,0.0,5,theory_safety_fee
5,0.0,1.0,0.0,5,theory_safety_fee
6,0.0,1.0,0.0,5,theory_safety_fee
7,0.0,1.0,0.0,5,theory_safety_fee
8,0.0,1.0,0.0,5,theory_safety_fee
9,0.0,1.0,0.0,5,theory_safety_fee
10,0.0,1.0,0.0,5,theory_safety_fee
11,0.0,1.0,0.0,5,theory_safety_fee
12,0.0,1.0,0.0,5,theory_safety_fee
13,0.0,1.0,0.0,5,theory_safety_fee
14,0.0,1.0,0.0,5,theory_safety_fee
15,0.0,1.0,0.0,5,theory_safety_fee
16,0.0,1.0,0.0,5,theory_safety_fee
17,0.0,1.0,0.0,5,theory_safety_fee
18,0.0,1.0,0.0,5,theory_safety_fee
19,0.0,1.0,0.0,5,theory_safety_fee
20,0.0,1.0,0.0,5,theory_safety_fee
21,0.0,1.0,0.0,5,theory_safety_fee
22,0.0,1.0,0.0,5,theory_safety_fee
23,0.0,1.0,0.0,5,theory_safety_fee
24,0.0,1.0,0.0,5,theory_safety_fee
25,0.0,1.0,0.0,5,theory_safety_fee
26,0.0,1.0,0.0,5,theory_safety_fee
27,0.0,1.0,0.0,5,theory_safety_fee
28,0.0,1.0,0.0,5,theory_safety_fee
29,0.0,1.0,0.0,5,theory_safety_fee
30,0.0,1.0,0.0,5,theory_safety_fee
31,0.0,1.0,0.0,5,theory_safety_fee
32,0.0,1.0,0.0,5,theory_safety_fee
33,0.0,1.0,0.0,5,theory_safety_fee
34,0.0,1.0,0.0,5,theory_safety_fee
35,0.0,1.0,0.0,5,theory_safety_fee
36,0.0,1.0,0.0,5,theory_safety_fee
37,0.0,1.0,0.0,5,theory_safety_fee
38,0.0,1.0,0.0,5,theory_safety_fee
39,0.0,1.0,0.0,5,theory_safety_fee
40,0.0,1.0,0.0,5,theory_safety_fee
41,0.0,1.0,0.0,5,theory_safety_fee
42,0.0,1.0,0.0,5,theory_safety_fee
43,0.0,1.0,0.0,5,theory_safety_fee
44,0.0,1.0,0.0,5,theory_safety_fee
45,0.0,1.0,0.0,5,theory_safety_fee
46,0.0,1.0,0.0,5,theory_safety_fee
47,0.0,1.0,0.0,5,theory_safety_fee
48,0.0,1.0,0.0,5,theory_safety_fee
49,0.0,1.0,0.0,5,theory_safety_fee
50,0.0,1.0,0.0,5,theory_safety_fee
51,0.0,1.0,0.0,5,theory_safety_fee
52,0.0,1.0,0.0,5,theory_safety_fee
53,0.0,1.0,0.0,5,theory_safety_fee
54,0.0,1.0,0.0,5,theory_safety_fee
55,0.0,1.0,0.0,5,theory_safety_fee
56,0.0,1.0,0.0,5,theory_safety_fee
57,0.0,1.0,0.0,5,theory_safety_fee
58,0.0,1.0,0.0,5,theory_safety_fee
59,0.0,1.0,0.0,5,theory_safety_fee
60,0.0,1.0,0.0,5,theory_safety_fee
61,0.0,1.0,0.0,5,theory_safety_fee
62,0.0,1.0,0.0,5,theory_safety_fee
63,0.0,1.0,0.0,5,theory_safety_fee
64,0.0,1.0,0.0,5,theory_safety_fee
65,0.0,1.0,0.0,5,theory_safety_fee
66,0.0,1.0,0.0,5,theory_safety_fee
67,0.0,1.0,0.0,5,theory_safety_fee
68,0.0,1.0,0.0,5,theory_safety_fee
69,0.0,1.0,0.0,5,theory_safety_fee
70,0.0,1.0,0.0,5,theory_safety_fee
71,0.0,1.0,0.0,5,theory_safety_fee
72,0.0,1.0,0.0,5,theory_safety_fee
73,0.0,1.0,0.0,5,theory_safety_fee
74,0.0,1.0,0.0,5,theory_safety_fee
75,0.0,1.0,0.0,5,theory_safety_fee
76,0.0,1.0,0.0,5,theory_safety_fee
77,0.0,1.0,0.0,5,theory_safety_fee
78,0.0,1.0,0.0,5,theory_safety_fee
79,0.0,1.0,0.0,5,theory_safety_fee
80,0.0,1.0,0.0,5,theory_safety_fee
81,0.0,1.0,0.0,5,theory_safety_fee
82,0.0,1.0,0.0,5,theory_safety_fee
83,0.0,1.0,0.0,5,theory_safety_fee
84,0.0,1.0,0.0,5,theory_safety_fee
85,0.0,1.0,0.0,5,theory_safety_fee
86,0.0,1.0,0.0,5,theory_safety_fee
87,0.0,1.0,0.0,5,theory_safety_fee
88,0.0,1.0,0.0,5,theory_safety_fee
89,0.0,1.0,0.0,5,theory_safety_fee
90,0.0,1.0,0.0,5,theory_safety_fee
91,0.0,1.0,0.0,5,theory_safety_fee
92,0.0,1.0,0.0,5,theory_safety_fee
93,0.0,1.0,0.0,5,theory_safety_fee
94,0.0,1.0,0.0,5,theory_safety_fee
95,0.0,1.0,0.0,5,theory_safety_fee
96,0.0,1.0,0.0,5,theory_safety_fee
97,0.0,1.0,0.0,5,theory_safety_fee
98,0.0,1.0,0.0,5,theory_safety_fee
99,0.0,1.0,0.0,5,theory_safety_fee
100,0.0,1.0,0.0,5,theory_safety_fee
0,0.0,1.0,0.0,5,theory_safety_fee_async
1,0.0,0.95,0.05,5,theory_safety_fee_async
2,0.0,0.905,0.095,5,theory_safety_fee_async
3,0.0,0.86,0.14,5,theory_safety_fee_async
4,0.0,0.815,0.185,5,theory_safety_fee_async
5,0.0,0.77,0.23,5,theory_safety_fee_async
6,0.0,0.735,0.265,5,theory_safety_fee_async
7,0.0,0.735,0.265,5,theory_safety_fee_async
8,0.0,0.735,0.265,5,theory_safety_fee_async
9,0.0,0.735,0.265,5,theory_safety_fee_async
10,0.0,0.735,0.265,5,theory_safety_fee_async
11,0.0,0.735,0.265,5,theory_safety_fee_async
12,0.0,0.735,0.265,5,theory_safety_fee_async
13,0.0,0.735,0.265,5,theory_safety_fee_async
14,0.0,0.735,0.265,5,theory_safety_fee_async
15,0.0,0.735,0.265,5,theory_safety_fee_async
16,0.0,0.735,0.265,5,theory_safety_fee_async
17,0.0,0.735,0.265,5,theory_safety_fee_async
18,0.0,0.735,0.265,5,theory_safety_fee_async
19,0.0,0.735,0.265,5,theory_safety_fee_async
20,0.0,0.735,0.265,5,theory_safety_fee_async
21,0.0,0.735,0.265,5,theory_safety_fee_async
22,0.0,0.735,0.265,5,theory_safety_fee_async
23,0.0,0.735,0.265,5,theory_safety_fee_async
24,0.0,0.735,0.265,5,theory_safety_fee_async
25,0.0,0.735,0.265,5,theory_safety_fee_async
26,0.0,0.735,0.265,5,theory_safety_fee_async
27,0.0,0.735,0.265,5,theory_safety_fee_async
28,0.0,0.735,0.265,5,theory_safety_fee_async
29,0.0,0.735,0.265,5,theory_safety_fee_async
30,0.0,0.735,0.265,5,theory_safety_fee_async
31,0.0,0.735,0.265,5,theory_safety_fee_async
32,0.0,0.735,0.265,5,theory_safety_fee_async
33,0.0,0.735,0.265,5,theory_safety_fee_async
34,0.0,0.735,0.265,5,theory_safety_fee_async
35,0.0,0.735,0.265,5,theory_safety_fee_async
36,0.0,0.735,0.265,5,theory_safety_fee_async
37,0.0,0.735,0.265,5,theory_safety_fee_async
38,0.0,0.735,0.265,5,theory_safety_fee_async
39,0.0,0.735,0.265,5,theory_safety_fee_async
40,0.0,0.735,0.265,5,theory_safety_fee_async
41,0.0,0.735,0.265,5,theory_safety_fee_async
42,0.0,0.735,0.265,5,theory_safety_fee_async
43,0.0,0.735,0.265,5,theory_safety_fee_async
44,0.0,0.735,0.265,5,theory_safety_fee_async
45,0.0,0.735,0.265,5,theory_safety_fee_async
46,0.0,0.735,0.265,5,theory_safety_fee_async
47,0.0,0.735,0.265,5,theory_safety_fee_async
48,0.0,0.735,0.265,5,theory_safety_fee_async
49,0.0,0.735,0.265,5,theory_safety_fee_async
50,0.0,0.735,0.265,5,theory_safety_fee_async
51,0.0,0.735,0.265,5,theory_safety_fee_async
52,0.0,0.735,0.265,5,theory_safety_fee_async
53,0.0,0.735,0.265,5,theory_safety_fee_async
54,0.0,0.735,0.265,5,theory_safety_fee_async
55,0.0,0.735,0.265,5,theory_safety_fee_async
56,0.0,0.735,0.265,5,theory_safety_fee_async
57,0.0,0.735,0.265,5,theory_safety_fee_async
58,0.0,0.735,0.265,5,theory_safety_fee_async
59,0.0,0.735,0.265,5,theory_safety_fee_async
60,0.0,0.735,0.265,5,theory_safety_fee_async
61,0.0,0.735,0.265,5,theory_safety_fee_async
62,0.0,0.735,0.265,5,theory_safety_fee_async
63,0.0,0.735,0.265,5,theory_safety_fee_async
64,0.0,0.735,0.265,5,theory_safety_fee_async
65,0.0,0.735,0.265,5,theory_safety_fee_async
66,0.0,0.735,0.265,5,theory_safety_fee_async
67,0.0,0.735,0.265,5,theory_safety_fee_async
68,0.0,0.735,0.265,5,theory_safety_fee_async
69,0.0,0.735,0.265,5,theory_safety_fee_async
70,0.0,0.735,0.265,5,theory_safety_fee_async
71,0.0,0.735,0.265,5,theory_safety_fee_async
72,0.0,0.735,0.265,5,theory_safety_fee_async
73,0.0,0.735,0.265,5,theory_safety_fee_async
74,0.0,0.735,0.265,5,theory_safety_fee_async
75,0.0,0.735,0.265,5,theory_safety_fee_async
76,0.0,0.735,0.265,5,theory_safety_fee_async
77,0.0,0.735,0.265,5,theory_safety_fee_async
78,0.0,0.735,0.265,5,theory_safety_fee_async
79,0.0,0.735,0.265,5,theory_safety_fee_async
80,0.0,0.735,0.265,5,theory_safety_fee_async
81,0.0,0.735,0.265,5,theory_safety_fee_async
82,0.0,0.735,0.265,5,theory_safety_fee_async
83,0.0,0.735,0.265,5,theory_safety_fee_async
84,0.0,0.735,0.265,5,theory_safety_fee_async
85,0.0,0.735,0.265,5,theory_safety_fee_async
86,0.0,0.735,0.265,5,theory_safety_fee_async
87,0.0,0.735,0.265,5,theory_safety_fee_async
88,0.0,0.735,0.265,5,theory_safety_fee_async
89,0.0,0.735,0.265,5,theory_safety_fee_async
90,0.0,0.735,0.265,5,theory_safety_fee_async
91,0.0,0.735,0.265,5,theory_safety_fee_async
92,0.0,0.735,0.265,5,theory_safety_fee_async
93,0.0,0.735,0.265,5,theory_safety_fee_async
94,0.0,0.735,0.265,5,theory_safety_fee_async
95,0.0,0.735,0.265,5,theory_safety_fee_async
96,0.0,0.735,0.265,5,theory_safety_fee_async
97,0.0,0.735,0.265,5,theory_safety_fee_async
98,0.0,0.735,0.265,5,theory_safety_fee_async
99,0.0,0.735,0.265,5,theory_safety_fee_async
100,0.0,0.735,0.265,5,theory_safety_fee_async
0,0.0,1.0,0.0,6,simulation_safety_fee
1,0.0,0.95,0.05,6,simulation_safety_fee
2,0.0,0.9,0.1,6,simulation_safety_fee
3,0.0,0.86,0.14,6,simulation_safety_fee
4,0.0,0.815,0.185,6,simulation_safety_fee
5,0.0,0.765,0.235,6,simulation_safety_fee
6,0.0,0.735,0.265,6,simulation_safety_fee
7,0.0,0.705,0.295,6,simulation_safety_fee
8,0.0,0.665,0.335,6,simulation_safety_fee
9,0.0,0.665,0.335,6,simulation_safety_fee
10,0.0,0.665,0.335,6,simulation_safety_fee
11,0.0,0.665,0.335,6,simulation_safety_fee
12,0.0,0.64,0.36,6,simulation_safety_fee
13,0.0,0.64,0.36,6,simulation_safety_fee
14,0.0,0.64,0.36,6,simulation_safety_fee
15,0.0,0.64,0.36,6,simulation_safety_fee
16,0.0,0.64,0.36,6,simulation_safety_fee
0,0.0,1.0,0.0,6,theory_safety_fee
1,0.0,1.0,0.0,6,theory_safety_fee
2,0.0,1.0,0.0,6,theory_safety_fee
3,0.0,1.0,0.0,6,theory_safety_fee
4,0.0,1.0,0.0,6,theory_safety_fee
5,0.0,1.0,0.0,6,theory_safety_fee
6,0.0,1.0,0.0,6,theory_safety_fee
7,0.0,1.0,0.0,6,theory_safety_fee
8,0.0,1.0,0.0,6,theory_safety_fee
9,0.0,1.0,0.0,6,theory_safety_fee
10,0.0,1.0,0.0,6,theory_safety_fee
11,0.0,1.0,0.0,6,theory_safety_fee
12,0.0,1.0,0.0,6,theory_safety_fee
13,0.0,1.0,0.0,6,theory_safety_fee
14,0.0,1.0,0.0,6,theory_safety_fee
15,0.0,1.0,0.0,6,theory_safety_fee
16,0.0,1.0,0.0,6,theory_safety_fee
17,0.0,1.0,0.0,6,theory_safety_fee
18,0.0,1.0,0.0,6,theory_safety_fee
19,0.0,1.0,0.0,6,theory_safety_fee
20,0.0,1.0,0.0,6,theory_safety_fee
21,0.0,1.0,0.0,6,theory_safety_fee
22,0.0,1.0,0.0,6,theory_safety_fee
23,0.0,1.0,0.0,6,theory_safety_fee
24,0.0,1.0,0.0,6,theory_safety_fee
25,0.0,1.0,0.0,6,theory_safety_fee
26,0.0,1.0,0.0,6,theory_safety_fee
27,0.0,1.0,0.0,6,theory_safety_fee
28,0.0,1.0,0.0,6,theory_safety_fee
29,0.0,1.0,0.0,6,theory_safety_fee
30,0.0,1.0,0.0,6,theory_safety_fee
31,0.0,1.0,0.0,6,theory_safety_fee
32,0.0,1.0,0.0,6,theory_safety_fee
33,0.0,1.0,0.0,6,theory_safety_fee
34,0.0,1.0,0.0,6,theory_safety_fee
35,0.0,1.0,0.0,6,theory_safety_fee
36,0.0,1.0,0.0,6,theory_safety_fee
37,0.0,1.0,0.0,6,theory_safety_fee
38,0.0,1.0,0.0,6,theory_safety_fee
39,0.0,1.0,0.0,6,theory_safety_fee
40,0.0,1.0,0.0,6,theory_safety_fee
41,0.0,1.0,0.0,6,theory_safety_fee
42,0.0,1.0,0.0,6,theory_safety_fee
43,0.0,1.0,0.0,6,theory_safety_fee
44,0.0,1.0,0.0,6,theory_safety_fee
45,0.0,1.0,0.0,6,theory_safety_fee
46,0.0,1.0,0.0,6,theory_safety_fee
47,0.0,1.0,0.0,6,theory_safety_fee
48,0.0,1.0,0.0,6,theory_safety_fee
49,0.0,1.0,0.0,6,theory_safety_fee
50,0.0,1.0,0.0,6,theory_safety_fee
51,0.0,1.0,0.0,6,theory_safety_fee
52,0.0,1.0,0.0,6,theory_safety_fee
53,0.0,1.0,0.0,6,theory_safety_fee
54,0.0,1.0,0.0,6,theory_safety_fee
55,0.0,1.0,0.0,6,theory_safety_fee
56,0.0,1.0,0.0,6,theory_safety_fee
57,0.0,1.0,0.0,6,theory_safety_fee
58,0.0,1.0,0.0,6,theory_safety_fee
59,0.0,1.0,0.0,6,theory_safety_fee
60,0.0,1.0,0.0,6,theory_safety_fee
61,0.0,1.0,0.0,6,theory_safety_fee
62,0.0,1.0,0.0,6,theory_safety_fee
63,0.0,1.0,0.0,6,theory_safety_fee
64,0.0,1.0,0.0,6,theory_safety_fee
65,0.0,1.0,0.0,6,theory_safety_fee
66,0.0,1.0,0.0,6,theory_safety_fee
67,0.0,1.0,0.0,6,theory_safety_fee
68,0.0,1.0,0.0,6,theory_safety_fee
69,0.0,1.0,0.0,6,theory_safety_fee
70,0.0,1.0,0.0,6,theory_safety_fee
71,0.0,1.0,0.0,6,theory_safety_fee
72,0.0,1.0,0.0,6,theory_safety_fee
73,0.0,1.0,0.0,6,theory_safety_fee
74,0.0,1.0,0.0,6,theory_safety_fee
75,0.0,1.0,0.0,6,theory_safety_fee
76,0.0,1.0,0.0,6,theory_safety_fee
77,0.0,1.0,0.0,6,theory_safety_fee
78,0.0,1.0,0.0,6,theory_safety_fee
79,0.0,1.0,0.0,6,theory_safety_fee
80,0.0,1.0,0.0,6,theory_safety_fee
81,0.0,1.0,0.0,6,theory_safety_fee
82,0.0,1.0,0.0,6,theory_safety_fee
83,0.0,1.0,0.0,6,theory_safety_fee
84,0.0,1.0,0.0,6,theory_safety_fee
85,0.0,1.0,0.0,6,theory_safety_fee
86,0.0,1.0,0.0,6,theory_safety_fee
87,0.0,1.0,0.0,6,theory_safety_fee
88,0.0,1.0,0.0,6,theory_safety_fee
89,0.0,1.0,0.0,6,theory_safety_fee
90,0.0,1.0,0.0,6,theory_safety_fee
91,0.0,1.0,0.0,6,theory_safety_fee
92,0.0,1.0,0.0,6,theory_safety_fee
93,0.0,1.0,0.0,6,theory_safety_fee
94,0.0,1.0,0.0,6,theory_safety_fee
95,0.0,1.0,0.0,6,theory_safety_fee
96,0.0,1.0,0.0,6,theory_safety_fee
97,0.0,1.0,0.0,6,theory_safety_fee
98,0.0,1.0,0.0,6,theory_safety_fee
99,0.0,1.0,0.0,6,theory_safety_fee
100,0.0,1.0,0.0,6,theory_safety_fee
0,0.0,1.0,0.0,6,theory_safety_fee_async
1,0.0,0.95,0.05,6,theory_safety_fee_async
2,0.0,0.9,0.1,6,theory_safety_fee_async
3,0.0,0.86,0.14,6,theory_safety_fee_async
4,0.0,0.815,0.185,6,theory_safety_fee_async
5,0.0,0.765,0.235,6,theory_safety_fee_async
6,0.0,0.735,0.265,6,theory_safety_fee_async
7,0.0,0.705,0.295,6,theory_safety_fee_async
8,0.0,0.665,0.335,6,theory_safety_fee_async
9,0.0,0.665,0.335,6,theory_safety_fee_async
10,0.0,0.665,0.335,6,theory_safety_fee_async
11,0.0,0.665,0.335,6,theory_safety_fee_async
12,0.0,0.64,0.36,6,theory_safety_fee_async
13,0.0,0.64,0.36,6,theory_safety_fee_async
14,0.0,0.64,0.36,6,theory_safety_fee_async
15,0.0,0.64,0.36,6,theory_safety_fee_async
16,0.0,0.64,0.36,6,theory_safety_fee_async
17,0.0,0.64,0.36,6,theory_safety_fee_async
18,0.0,0.64,0.36,6,theory_safety_fee_async
19,0.0,0.64,0.36,6,theory_safety_fee_async
20,0.0,0.64,0.36,6,theory_safety_fee_async
21,0.0,0.64,0.36,6,theory_safety_fee_async
22,0.0,0.64,0.36,6,theory_safety_fee_async
23,0.0,0.64,0.36,6,theory_safety_fee_async
24,0.0,0.64,0.36,6,theory_safety_fee_async
25,0.0,0.64,0.36,6,theory_safety_fee_async
26,0.0,0.64,0.36,6,theory_safety_fee_async
27,0.0,0.64,0.36,6,theory_safety_fee_async
28,0.0,0.64,0.36,6,theory_safety_fee_async
29,0.0,0.64,0.36,6,theory_safety_fee_async
30,0.0,0.64,0.36,6,theory_safety_fee_async
31,0.0,0.64,0.36,6,theory_safety_fee_async
32,0.0,0.64,0.36,6,theory_safety_fee_async
33,0.0,0.64,0.36,6,theory_safety_fee_async
34,0.0,0.64,0.36,6,theory_safety_fee_async
35,0.0,0.64,0.36,6,theory_safety_fee_async
36,0.0,0.64,0.36,6,theory_safety_fee_async
37,0.0,0.64,0.36,6,theory_safety_fee_async
38,0.0,0.64,0.36,6,theory_safety_fee_async
39,0.0,0.64,0.36,6,theory_safety_fee_async
40,0.0,0.64,0.36,6,theory_safety_fee_async
41,0.0,0.64,0.36,6,theory_safety_fee_async
42,0.0,0.64,0.36,6,theory_safety_fee_async
43,0.0,0.64,0.36,6,theory_safety_fee_async
44,0.0,0.64,0.36,6,theory_safety_fee_async
45,0.0,0.64,0.36,6,theory_safety_fee_async
46,0.0,0.64,0.36,6,theory_safety_fee_async
47,0.0,0.64,0.36,6,theory_safety_fee_async
48,0.0,0.64,0.36,6,theory_safety_fee_async
49,0.0,0.64,0.36,6,theory_safety_fee_async
50,0.0,0.64,0.36,6,theory_safety_fee_async
51,0.0,0.64,0.36,6,theory_safety_fee_async
52,0.0,0.64,0.36,6,theory_safety_fee_async
53,0.0,0.64,0.36,6,theory_safety_fee_async
54,0.0,0.64,0.36,6,theory_safety_fee_async
55,0.0,0.64,0.36,6,theory_safety_fee_async
56,0.0,0.64,0.36,6,theory_safety_fee_async
57,0.0,0.64,0.36,6,theory_safety_fee_async
58,0.0,0.64,0.36,6,theory_safety_fee_async
59,0.0,0.64,0.36,6,theory_safety_fee_async
60,0.0,0.64,0.36,6,theory_safety_fee_async
61,0.0,0.64,0.36,6,theory_safety_fee_async
62,0.0,0.64,0.36,6,theory_safety_fee_async
63,0.0,0.64,0.36,6,theory_safety_fee_async
64,0.0,0.64,0.36,6,theory_safety_fee_async
65,0.0,0.64,0.36,6,theory_safety_fee_async
66,0.0,0.64,0.36,6,theory_safety_fee_async
67,0.0,0.64,0.36,6,theory_safety_fee_async
68,0.0,0.64,0.36,6,theory_safety_fee_async
69,0.0,0.64,0.36,6,theory_safety_fee_async
70,0.0,0.64,0.36,6,theory_safety_fee_async
71,0.0,0.64,0.36,6,theory_safety_fee_async
72,0.0,0.64,0.36,6,theory_safety_fee_async
73,0.0,0.64,0.36,6,theory_safety_fee_async
74,0.0,0.64,0.36,6,theory_safety_fee_async
75,0.0,0.64,0.36,6,theory_safety_fee_async
76,0.0,0.64,0.36,6,theory_safety_fee_async
77,0.0,0.64,0.36,6,theory_safety_fee_async
78,0.0,0.64,0.36,6,theory_safety_fee_async
79,0.0,0.64,0.36,6,theory_safety_fee_async
80,0.0,0.64,0.36,6,theory_safety_fee_async
81,0.0,0.64,0.36,6,theory_safety_fee_async
82,0.0,0.64,0.36,6,theory_safety_fee_async
83,0.0,0.64,0.36,6,theory_safety_fee_async
84,0.0,0.64,0.36,6,theory_safety_fee_async
85,0.0,0.64,0.36,6,theory_safety_fee_async
86,0.0,0.64,0.36,6,theory_safety_fee_async
87,0.0,0.64,0.36,6,theory_safety_fee_async
88,0.0,0.64,0.36,6,theory_safety_fee_async
89,0.0,0.64,0.36,6,theory_safety_fee_async
90,0.0,0.64,0.36,6,theory_safety_fee_async
91,0.0,0.64,0.36,6,theory_safety_fee_async
92,0.0,0.64,0.36,6,theory_safety_fee_async
93,0.0,0.64,0.36,6,theory_safety_fee_async
94,0.0,0.64,0.36,6,theory_safety_fee_async
95,0.0,0.64,0.36,6,theory_safety_fee_async
96,0.0,0.64,0.36,6,theory_safety_fee_async
97,0.0,0.64,0.36,6,theory_safety_fee_async
98,0.0,0.64,0.36,6,theory_safety_fee_async
99,0.0,0.64,0.36,6,theory_safety_fee_async
100,0.0,0.64,0.36,6,theory_safety_fee_async
0,0.0,1.0,0.0,7,simulation_safety_fee
1,0.0,0.95,0.05,7,simulation_safety_fee
2,0.0,0.905,0.095,7,simulation_safety_fee
3,0.0,0.855,0.145,7,simulation_safety_fee
4,0.0,0.805,0.195,7,simulation_safety_fee
5,0.0,0.76,0.24,7,simulation_safety_fee
6,0.0,0.72,0.28,7,simulation_safety_fee
7,0.0,0.72,0.28,7,simulation_safety_fee
8,0.0,0.72,0.28,7,simulation_safety_fee
9,0.0,0.69,0.31,7,simulation_safety_fee
10,0.0,0.69,0.31,7,simulation_safety_fee
11,0.0,0.69,0.31,7,simulation_safety_fee
12,0.0,0.69,0.31,7,simulation_safety_fee
13,0.0,0.69,0.31,7,simulation_safety_fee
0,0.0,1.0,0.0,7,theory_safety_fee
1,0.0,1.0,0.0,7,theory_safety_fee
2,0.0,1.0,0.0,7,theory_safety_fee
3,0.0,1.0,0.0,7,theory_safety_fee
4,0.0,1.0,0.0,7,theory_safety_fee
5,0.0,1.0,0.0,7,theory_safety_fee
6,0.0,1.0,0.0,7,theory_safety_fee
7,0.0,1.0,0.0,7,theory_safety_fee
8,0.0,1.0,0.0,7,theory_safety_fee
9,0.0,1.0,0.0,7,theory_safety_fee
10,0.0,1.0,0.0,7,theory_safety_fee
11,0.0,1.0,0.0,7,theory_safety_fee
12,0.0,1.0,0.0,7,theory_safety_fee
13,0.0,1.0,0.0,7,theory_safety_fee
14,0.0,1.0,0.0,7,theory_safety_fee
15,0.0,1.0,0.0,7,theory_safety_fee
16,0.0,1.0,0.0,7,theory_safety_fee
17,0.0,1.0,0.0,7,theory_safety_fee
18,0.0,1.0,0.0,7,theory_safety_fee
19,0.0,1.0,0.0,7,theory_safety_fee
20,0.0,1.0,0.0,7,theory_safety_fee
21,0.0,1.0,0.0,7,theory_safety_fee
22,0.0,1.0,0.0,7,theory_safety_fee
23,0.0,1.0,0.0,7,theory_safety_fee
24,0.0,1.0,0.0,7,theory_safety_fee
25,0.0,1.0,0.0,7,theory_safety_fee
26,0.0,1.0,0.0,7,theory_safety_fee
27,0.0,1.0,0.0,7,theory_safety_fee
28,0.0,1.0,0.0,7,theory_safety_fee
29,0.0,1.0,0.0,7,theory_safety_fee
30,0.0,1.0,0.0,7,theory_safety_fee
31,0.0,1.0,0.0,7,theory_safety_fee
32,0.0,1.0,0.0,7,theory_safety_fee
33,0.0,1.0,0.0,7,theory_safety_fee
34,0.0,1.0,0.0,7,theory_safety_fee
35,0.0,1.0,0.0,7,theory_safety_fee
36,0.0,1.0,0.0,7,theory_safety_fee
37,0.0,1.0,0.0,7,theory_safety_fee
38,0.0,1.0,0.0,7,theory_safety_fee
39,0.0,1.0,0.0,7,theory_safety_fee
40,0.0,1.0,0.0,7,theory_safety_fee
41,0.0,1.0,0.0,7,theory_safety_fee
42,0.0,1.0,0.0,7,theory_safety_fee
43,0.0,1.0,0.0,7,theory_safety_fee
44,0.0,1.0,0.0,7,theory_safety_fee
45,0.0,1.0,0.0,7,theory_safety_fee
46,0.0,1.0,0.0,7,theory_safety_fee
47,0.0,1.0,0.0,7,theory_safety_fee
48,0.0,1.0,0.0,7,theory_safety_fee
49,0.0,1.0,0.0,7,theory_safety_fee
50,0.0,1.0,0.0,7,theory_safety_fee
51,0.0,1.0,0.0,7,theory_safety_fee
52,0.0,1.0,0.0,7,theory_safety_fee
53,0.0,1.0,0.0,7,theory_safety_fee
54,0.0,1.0,0.0,7,theory_safety_fee
55,0.0,1.0,0.0,7,theory_safety_fee
56,0.0,1.0,0.0,7,theory_safety_fee
57,0.0,1.0,0.0,7,theory_safety_fee
58,0.0,1.0,0.0,7,theory_safety_fee
59,0.0,1.0,0.0,7,theory_safety_fee
60,0.0,1.0,0.0,7,theory_safety_fee
61,0.0,1.0,0.0,7,theory_safety_fee
62,0.0,1.0,0.0,7,theory_safety_fee
63,0.0,1.0,0.0,7,theory_safety_fee
64,0.0,1.0,0.0,7,theory_safety_fee
65,0.0,1.0,0.0,7,theory_safety_fee
66,0.0,1.0,0.0,7,theory_safety_fee
67,0.0,1.0,0.0,7,theory_safety_fee
68,0.0,1.0,0.0,7,theory_safety_fee
69,0.0,1.0,0.0,7,theory_safety_fee
70,0.0,1.0,0.0,7,theory_safety_fee
71,0.0,1.0,0.0,7,theory_safety_fee
72,0.0,1.0,0.0,7,theory_safety_fee
73,0.0,1.0,0.0,7,theory_safety_fee
74,0.0,1.0,0.0,7,theory_safety_fee
75,0.0,1.0,0.0,7,theory_safety_fee
76,0.0,1.0,0.0,7,theory_safety_fee
77,0.0,1.0,0.0,7,theory_safety_fee
78,0.0,1.0,0.0,7,theory_safety_fee
79,0.0,1.0,0.0,7,theory_safety_fee
80,0.0,1.0,0.0,7,theory_safety_fee
81,0.0,1.0,0.0,7,theory_safety_fee
82,0.0,1.0,0.0,7,theory_safety_fee
83,0.0,1.0,0.0,7,theory_safety_fee
84,0.0,1.0,0.0,7,theory_safety_fee
85,0.0,1.0,0.0,7,theory_safety_fee
86,0.0,1.0,0.0,7,theory_safety_fee
87,0.0,1.0,0.0,7,theory_safety_fee
88,0.0,1.0,0.0,7,theory_safety_fee
89,0.0,1.0,0.0,7,theory_safety_fee
90,0.0,1.0,0.0,7,theory_safety_fee
91,0.0,1.0,0.0,7,theory_safety_fee
92,0.0,1.0,0.0,7,theory_safety_fee
93,0.0,1.0,0.0,7,theory_safety_fee
94,0.0,1.0,0.0,7,theory_safety_fee
95,0.0,1.0,0.0,7,theory_safety_fee
96,0.0,1.0,0.0,7,theory_safety_fee
97,0.0,1.0,0.0,7,theory_safety_fee
98,0.0,1.0,0.0,7,theory_safety_fee
99,0.0,1.0,0.0,7,theory_safety_fee
100,0.0,1.0,0.0,7,theory_safety_fee
0,0.0,1.0,0.0,7,theory_safety_fee_async
1,0.0,0.95,0.05,7,theory_safety_fee_async
2,0.0,0.905,0.095,7,theory_safety_fee_async
3,0.0,0.855,0.145,7,theory_safety_fee_async
4,0.0,0.805,0.195,7,theory_safety_fee_async
5,0.0,0.76,0.24,7,theory_safety_fee_async
6,0.0,0.72,0.28,7,theory_safety_fee_async
7,0.0,0.72,0.28,7,theory_safety_fee_async
8,0.0,0.72,0.28,7,theory_safety_fee_async
9,0.0,0.69,0.31,7,theory_safety_fee_async
10,0.0,0.69,0.31,7,theory_safety_fee_async
11,0.0,0.69,0.31,7,theory_safety_fee_async
12,0.0,0.69,0.31,7,theory_safety_fee_async
13,0.0,0.69,0.31,7,theory_safety_fee_async
14,0.0,0.69,0.31,7,theory_safety_fee_async
15,0.0,0.69,0.31,7,theory_safety_fee_async
16,0.0,0.655,0.345,7,theory_safety_fee_async
17,0.0,0.655,0.345,7,theory_safety_fee_async
18,0.0,0.655,0.345,7,theory_safety_fee_async
19,0.0,0.655,0.345,7,theory_safety_fee_async
20,0.0,0.655,0.345,7,theory_safety_fee_async
21,0.0,0.655,0.345,7,theory_safety_fee_async
22,0.0,0.655,0.345,7,theory_safety_fee_async
23,0.0,0.655,0.345,7,theory_safety_fee_async
24,0.0,0.655,0.345,7,theory_safety_fee_async
25,0.0,0.655,0.345,7,theory_safety_fee_async
26,0.0,0.655,0.345,7,theory_safety_fee_async
27,0.0,0.655,0.345,7,theory_safety_fee_async
28,0.0,0.655,0.345,7,theory_safety_fee_async
29,0.0,0.655,0.345,7,theory_safety_fee_async
30,0.0,0.655,0.345,7,theory_safety_fee_async
31,0.0,0.655,0.345,7,theory_safety_fee_async
32,0.0,0.655,0.345,7,theory_safety_fee_async
33,0.0,0.655,0.345,7,theory_safety_fee_async
34,0.0,0.655,0.345,7,theory_safety_fee_async
35,0.0,0.655,0.345,7,theory_safety_fee_async
36,0.0,0.655,0.345,7,theory_safety_fee_async
37,0.0,0.655,0.345,7,theory_safety_fee_async
38,0.0,0.655,0.345,7,theory_safety_fee_async
39,0.0,0.655,0.345,7,theory_safety_fee_async
40,0.0,0.655,0.345,7,theory_safety_fee_async
41,0.0,0.655,0.345,7,theory_safety_fee_async
42,0.0,0.655,0.345,7,theory_safety_fee_async
43,0.0,0.655,0.345,7,theory_safety_fee_async
44,0.0,0.655,0.345,7,theory_safety_fee_async
45,0.0,0.655,0.345,7,theory_safety_fee_async
46,0.0,0.655,0.345,7,theory_safety_fee_async
47,0.0,0.655,0.345,7,theory_safety_fee_async
48,0.0,0.655,0.345,7,theory_safety_fee_async
49,0.0,0.655,0.345,7,theory_safety_fee_async
50,0.0,0.655,0.345,7,theory_safety_fee_async
51,0.0,0.655,0.345,7,theory_safety_fee_async
52,0.0,0.655,0.345,7,theory_safety_fee_async
53,0.0,0.655,0.345,7,theory_safety_fee_async
54,0.0,0.655,0.345,7,theory_safety_fee_async
55,0.0,0.655,0.345,7,theory_safety_fee_async
56,0.0,0.655,0.345,7,theory_safety_fee_async
57,0.0,0.655,0.345,7,theory_safety_fee_async
58,0.0,0.655,0.345,7,theory_safety_fee_async
59,0.0,0.655,0.345,7,theory_safety_fee_async
60,0.0,0.655,0.345,7,theory_safety_fee_async
61,0.0,0.655,0.345,7,theory_safety_fee_async
62,0.0,0.655,0.345,7,theory_safety_fee_async
63,0.0,0.655,0.345,7,theory_safety_fee_async
64,0.0,0.655,0.345,7,theory_safety_fee_async
65,0.0,0.655,0.345,7,theory_safety_fee_async
66,0.0,0.655,0.345,7,theory_safety_fee_async
67,0.0,0.655,0.345,7,theory_safety_fee_async
68,0.0,0.655,0.345,7,theory_safety_fee_async
69,0.0,0.655,0.345,7,theory_safety_fee_async
70,0.0,0.655,0.345,7,theory_safety_fee_async
71,0.0,0.655,0.345,7,theory_safety_fee_async
72,0.0,0.655,0.345,7,theory_safety_fee_async
73,0.0,0.655,0.345,7,theory_safety_fee_async
74,0.0,0.655,0.345,7,theory_safety_fee_async
75,0.0,0.655,0.345,7,theory_safety_fee_async
76,0.0,0.655,0.345,7,theory_safety_fee_async
77,0.0,0.655,0.345,7,theory_safety_fee_async
78,0.0,0.655,0.345,7,theory_safety_fee_async
79,0.0,0.655,0.345,7,theory_safety_fee_async
80,0.0,0.655,0.345,7,theory_safety_fee_async
81,0.0,0.655,0.345,7,theory_safety_fee_async
82,0.0,0.655,0.345,7,theory_safety_fee_async
83,0.0,0.655,0.345,7,theory_safety_fee_async
84,0.0,0.655,0.345,7,theory_safety_fee_async
85,0.0,0.655,0.345,7,theory_safety_fee_async
86,0.0,0.655,0.345,7,theory_safety_fee_async
87,0.0,0.655,0.345,7,theory_safety_fee_async
88,0.0,0.655,0.345,7,theory_safety_fee_async
89,0.0,0.655,0.345,7,theory_safety_fee_async
90,0.0,0.655,0.345,7,theory_safety_fee_async
91,0.0,0.655,0.345,7,theory_safety_fee_async
92,0.0,0.655,0.345,7,theory_safety_fee_async
93,0.0,0.655,0.345,7,theory_safety_fee_async
94,0.0,0.645,0.355,7,theory_safety_fee_async
95,0.0,0.645,0.355,7,theory_safety_fee_async
96,0.0,0.645,0.355,7,theory_safety_fee_async
97,0.0,0.645,0.355,7,theory_safety_fee_async
98,0.0,0.645,0.355,7,theory_safety_fee_async
99,0.0,0.645,0.355,7,theory_safety_fee_async
100,0.0,0.645,0.355,7,theory_safety_fee_async
0,0.0,1.0,0.0,8,simulation_safety_fee
1,0.0,0.95,0.05,8,simulation_safety_fee
2,0.0,0.9,0.1,8,simulation_safety_fee
3,0.0,0.86,0.14,8,simulation_safety_fee
4,0.0,0.815,0.185,8,simulation_safety_fee
5,0.0,0.78,0.22,8,simulation_safety_fee
6,0.0,0.745,0.255,8,simulation_safety_fee
7,0.0,0.7,0.3,8,simulation_safety_fee
8,0.0,0.7,0.3,8,simulation_safety_fee
9,0.0,0.7,0.3,8,simulation_safety_fee
10,0.0,0.7,0.3,8,simulation_safety_fee
11,0.0,0.7,0.3,8,simulation_safety_fee
0,0.0,1.0,0.0,8,theory_safety_fee
1,0.0,1.0,0.0,8,theory_safety_fee
2,0.0,1.0,0.0,8,theory_safety_fee
3,0.0,1.0,0.0,8,theory_safety_fee
4,0.0,1.0,0.0,8,theory_safety_fee
5,0.0,1.0,0.0,8,theory_safety_fee
6,0.0,1.0,0.0,8,theory_safety_fee
7,0.0,1.0,0.0,8,theory_safety_fee
8,0.0,1.0,0.0,8,theory_safety_fee
9,0.0,1.0,0.0,8,theory_safety_fee
10,0.0,1.0,0.0,8,theory_safety_fee
11,0.0,1.0,0.0,8,theory_safety_fee
12,0.0,1.0,0.0,8,theory_safety_fee
13,0.0,1.0,0.0,8,theory_safety_fee
14,0.0,1.0,0.0,8,theory_safety_fee
15,0.0,1.0,0.0,8,theory_safety_fee
16,0.0,1.0,0.0,8,theory_safety_fee
17,0.0,1.0,0.0,8,theory_safety_fee
18,0.0,1.0,0.0,8,theory_safety_fee
19,0.0,1.0,0.0,8,theory_safety_fee
20,0.0,1.0,0.0,8,theory_safety_fee
21,0.0,1.0,0.0,8,theory_safety_fee
22,0.0,1.0,0.0,8,theory_safety_fee
23,0.0,1.0,0.0,8,theory_safety_fee
24,0.0,1.0,0.0,8,theory_safety_fee
25,0.0,1.0,0.0,8,theory_safety_fee
26,0.0,1.0,0.0,8,theory_safety_fee
27,0.0,1.0,0.0,8,theory_safety_fee
28,0.0,1.0,0.0,8,theory_safety_fee
29,0.0,1.0,0.0,8,theory_safety_fee
30,0.0,1.0,0.0,8,theory_safety_fee
31,0.0,1.0,0.0,8,theory_safety_fee
32,0.0,1.0,0.0,8,theory_safety_fee
33,0.0,1.0,0.0,8,theory_safety_fee
34,0.0,1.0,0.0,8,theory_safety_fee
35,0.0,1.0,0.0,8,theory_safety_fee
36,0.0,1.0,0.0,8,theory_safety_fee
37,0.0,1.0,0.0,8,theory_safety_fee
38,0.0,1.0,0.0,8,theory_safety_fee
39,0.0,1.0,0.0,8,theory_safety_fee
40,0.0,1.0,0.0,8,theory_safety_fee
41,0.0,1.0,0.0,8,theory_safety_fee
42,0.0,1.0,0.0,8,theory_safety_fee
43,0.0,1.0,0.0,8,theory_safety_fee
44,0.0,1.0,0.0,8,theory_safety_fee
45,0.0,1.0,0.0,8,theory_safety_fee
46,0.0,1.0,0.0,8,theory_safety_fee
47,0.0,1.0,0.0,8,theory_safety_fee
48,0.0,1.0,0.0,8,theory_safety_fee
49,0.0,1.0,0.0,8,theory_safety_fee
50,0.0,1.0,0.0,8,theory_safety_fee
51,0.0,1.0,0.0,8,theory_safety_fee
52,0.0,1.0,0.0,8,theory_safety_fee
53,0.0,1.0,0.0,8,theory_safety_fee
54,0.0,1.0,0.0,8,theory_safety_fee
55,0.0,1.0,0.0,8,theory_safety_fee
56,0.0,1.0,0.0,8,theory_safety_fee
57,0.0,1.0,0.0,8,theory_safety_fee
58,0.0,1.0,0.0,8,theory_safety_fee
59,0.0,1.0,0.0,8,theory_safety_fee
60,0.0,1.0,0.0,8,theory_safety_fee
61,0.0,1.0,0.0,8,theory_safety_fee
62,0.0,1.0,0.0,8,theory_safety_fee
63,0.0,1.0,0.0,8,theory_safety_fee
64,0.0,1.0,0.0,8,theory_safety_fee
65,0.0,1.0,0.0,8,theory_safety_fee
66,0.0,1.0,0.0,8,theory_safety_fee
67,0.0,1.0,0.0,8,theory_safety_fee
68,0.0,1.0,0.0,8,theory_safety_fee
69,0.0,1.0,0.0,8,theory_safety_fee
70,0.0,1.0,0.0,8,theory_safety_fee
71,0.0,1.0,0.0,8,theory_safety_fee
72,0.0,1.0,0.0,8,theory_safety_fee
73,0.0,1.0,0.0,8,theory_safety_fee
74,0.0,1.0,0.0,8,theory_safety_fee
75,0.0,1.0,0.0,8,theory_safety_fee
76,0.0,1.0,0.0,8,theory_safety_fee
77,0.0,1.0,0.0,8,theory_safety_fee
78,0.0,1.0,0.0,8,theory_safety_fee
79,0.0,1.0,0.0,8,theory_safety_fee
80,0.0,1.0,0.0,8,theory_safety_fee
81,0.0,1.0,0.0,8,theory_safety_fee
82,0.0,1.0,0.0,8,theory_safety_fee
83,0.0,1.0,0.0,8,theory_safety_fee
84,0.0,1.0,0.0,8,theory_safety_fee
85,0.0,1.0,0.0,8,theory_safety_fee
86,0.0,1.0,0.0,8,theory_safety_fee
87,0.0,1.0,0.0,8,theory_safety_fee
88,0.0,1.0,0.0,8,theory_safety_fee
89,0.0,1.0,0.0,8,theory_safety_fee
90,0.0,1.0,0.0,8,theory_safety_fee
91,0.0,1.0,0.0,8,theory_safety_fee
92,0.0,1.0,0.0,8,theory_safety_fee
93,0.0,1.0,0.0,8,theory_safety_fee
94,0.0,1.0,0.0,8,theory_safety_fee
95,0.0,1.0,0.0,8,theory_safety_fee
96,0.0,1.0,0.0,8,theory_safety_fee
97,0.0,1.0,0.0,8,theory_safety_fee
98,0.0,1.0,0.0,8,theory_safety_fee
99,0.0,1.0,0.0,8,theory_safety_fee
100,0.0,1.0,0.0,8,theory_safety_fee
0,0.0,1.0,0.0,8,theory_safety_fee_async
1,0.0,0.95,0.05,8,theory_safety_fee_async
2,0.0,0.9,0.1,8,theory_safety_fee_async
3,0.0,0.86,0.14,8,theory_safety_fee_async
4,0.0,0.815,0.185,8,theory_safety_fee_async
5,0.0,0.78,0.22,8,theory_safety_fee_async
6,0.0,0.745,0.255,8,theory_safety_fee_async
7,0.0,0.7,0.3,8,theory_safety_fee_async
8,0.0,0.7,0.3,8,theory_safety_fee_async
9,0.0,0.7,0.3,8,theory_safety_fee_async
10,0.0,0.7,0.3,8,theory_safety_fee_async
11,0.0,0.7,0.3,8,theory_safety_fee_async
12,0.0,0.7,0.3,8,theory_safety_fee_async
13,0.0,0.7,0.3,8,theory_safety_fee_async
14,0.0,0.7,0.3,8,theory_safety_fee_async
15,0.0,0.7,0.3,8,theory_safety_fee_async
16,0.0,0.7,0.3,8,theory_safety_fee_async
17,0.0,0.7,0.3,8,theory_safety_fee_async
18,0.0,0.7,0.3,8,theory_safety_fee_async
19,0.0,0.7,0.3,8,theory_safety_fee_async
20,0.0,0.7,0.3,8,theory_safety_fee_async
21,0.0,0.7,0.3,8,theory_safety_fee_async
22,0.0,0.7,0.3,8,theory_safety_fee_async
23,0.0,0.7,0.3,8,theory_safety_fee_async
24,0.0,0.7,0.3,8,theory_safety_fee_async
25,0.0,0.7,0.3,8,theory_safety_fee_async
26,0.0,0.7,0.3,8,theory_safety_fee_async
27,0.0,0.7,0.3,8,theory_safety_fee_async
28,0.0,0.7,0.3,8,theory_safety_fee_async
29,0.0,0.7,0.3,8,theory_safety_fee_async
30,0.0,0.7,0.3,8,theory_safety_fee_async
31,0.0,0.7,0.3,8,theory_safety_fee_async
32,0.0,0.7,0.3,8,theory_safety_fee_async
33,0.0,0.7,0.3,8,theory_safety_fee_async
34,0.0,0.7,0.3,8,theory_safety_fee_async
35,0.0,0.7,0.3,8,theory_safety_fee_async
36,0.0,0.7,0.3,8,theory_safety_fee_async
37,0.0,0.7,0.3,8,theory_safety_fee_async
38,0.0,0.7,0.3,8,theory_safety_fee_async
39,0.0,0.7,0.3,8,theory_safety_fee_async
40,0.0,0.7,0.3,8,theory_safety_fee_async
41,0.0,0.7,0.3,8,theory_safety_fee_async
42,0.0,0.7,0.3,8,theory_safety_fee_async
43,0.0,0.7,0.3,8,theory_safety_fee_async
44,0.0,0.7,0.3,8,theory_safety_fee_async
45,0.0,0.7,0.3,8,theory_safety_fee_async
46,0.0,0.7,0.3,8,theory_safety_fee_async
47,0.0,0.7,0.3,8,theory_safety_fee_async
48,0.0,0.7,0.3,8,theory_safety_fee_async
49,0.0,0.7,0.3,8,theory_safety_fee_async
50,0.0,0.7,0.3,8,theory_safety_fee_async
51,0.0,0.7,0.3,8,theory_safety_fee_async
52,0.0,0.7,0.3,8,theory_safety_fee_async
53,0.0,0.7,0.3,8,theory_safety_fee_async
54,0.0,0.7,0.3,8,theory_safety_fee_async
55,0.0,0.7,0.3,8,theory_safety_fee_async
56,0.0,0.7,0.3,8,theory_safety_fee_async
57,0.0,0.7,0.3,8,theory_safety_fee_async
58,0.0,0.7,0.3,8,theory_safety_fee_async
59,0.0,0.7,0.3,8,theory_safety_fee_async
60,0.0,0.7,0.3,8,theory_safety_fee_async
61,0.0,0.7,0.3,8,theory_safety_fee_async
62,0.0,0.7,0.3,8,theory_safety_fee_async
63,0.0,0.7,0.3,8,theory_safety_fee_async
64,0.0,0.7,0.3,8,theory_safety_fee_async
65,0.0,0.7,0.3,8,theory_safety_fee_async
66,0.0,0.7,0.3,8,theory_safety_fee_async
67,0.0,0.7,0.3,8,theory_safety_fee_async
68,0.0,0.7,0.3,8,theory_safety_fee_async
69,0.0,0.7,0.3,8,theory_safety_fee_async
70,0.0,0.7,0.3,8,theory_safety_fee_async
71,0.0,0.7,0.3,8,theory_safety_fee_async
72,0.0,0.7,0.3,8,theory_safety_fee_async
73,0.0,0.7,0.3,8,theory_safety_fee_async
74,0.0,0.7,0.3,8,theory_safety_fee_async
75,0.0,0.7,0.3,8,theory_safety_fee_async
76,0.0,0.7,0.3,8,theory_safety_fee_async
77,0.0,0.7,0.3,8,theory_safety_fee_async
78,0.0,0.7,0.3,8,theory_safety_fee_async
79,0.0,0.7,0.3,8,theory_safety_fee_async
80,0.0,0.7,0.3,8,theory_safety_fee_async
81,0.0,0.7,0.3,8,theory_safety_fee_async
82,0.0,0.7,0.3,8,theory_safety_fee_async
83,0.0,0.7,0.3,8,theory_safety_fee_async
84,0.0,0.7,0.3,8,theory_safety_fee_async
85,0.0,0.7,0.3,8,theory_safety_fee_async
86,0.0,0.7,0.3,8,theory_safety_fee_async
87,0.0,0.7,0.3,8,theory_safety_fee_async
88,0.0,0.7,0.3,8,theory_safety_fee_async
89,0.0,0.7,0.3,8,theory_safety_fee_async
90,0.0,0.7,0.3,8,theory_safety_fee_async
91,0.0,0.7,0.3,8,theory_safety_fee_async
92,0.0,0.7,0.3,8,theory_safety_fee_async
93,0.0,0.7,0.3,8,theory_safety_fee_async
94,0.0,0.7,0.3,8,theory_safety_fee_async
95,0.0,0.7,0.3,8,theory_safety_fee_async
96,0.0,0.7,0.3,8,theory_safety_fee_async
97,0.0,0.7,0.3,8,theory_safety_fee_async
98,0.0,0.7,0.3,8,theory_safety_fee_async
99,0.0,0.7,0.3,8,theory_safety_fee_async
100,0.0,0.7,0.3,8,theory_safety_fee_async
0,0.0,1.0,0.0,9,simulation_safety_fee
1,0.0,0.95,0.05,9,simulation_safety_fee
2,0.0,0.9,0.1,9,simulation_safety_fee
3,0.0,0.86,0.14,9,simulation_safety_fee
4,0.0,0.82,0.18,9,simulation_safety_fee
5,0.0,0.785,0.215,9,simulation_safety_fee
6,0.0,0.75,0.25,9,simulation_safety_fee
7,0.0,0.7,0.3,9,simulation_safety_fee
8,0.0,0.65,0.35,9,simulation_safety_fee
9,0.0,0.65,0.35,9,simulation_safety_fee
10,0.0,0.625,0.375,9,simulation_safety_fee
11,0.0,0.625,0.375,9,simulation_safety_fee
12,0.0,0.61,0.39,9,simulation_safety_fee
13,0.0,0.61,0.39,9,simulation_safety_fee
14,0.0,0.61,0.39,9,simulation_safety_fee
15,0.0,0.61,0.39,9,simulation_safety_fee
16,0.0,0.61,0.39,9,simulation_safety_fee
0,0.0,1.0,0.0,9,theory_safety_fee
1,0.0,1.0,0.0,9,theory_safety_fee
2,0.0,1.0,0.0,9,theory_safety_fee
3,0.0,1.0,0.0,9,theory_safety_fee
4,0.0,1.0,0.0,9,theory_safety_fee
5,0.0,1.0,0.0,9,theory_safety_fee
6,0.0,1.0,0.0,9,theory_safety_fee
7,0.0,1.0,0.0,9,theory_safety_fee
8,0.0,1.0,0.0,9,theory_safety_fee
9,0.0,1.0,0.0,9,theory_safety_fee
10,0.0,1.0,0.0,9,theory_safety_fee
11,0.0,1.0,0.0,9,theory_safety_fee
12,0.0,1.0,0.0,9,theory_safety_fee
13,0.0,1.0,0.0,9,theory_safety_fee
14,0.0,1.0,0.0,9,theory_safety_fee
15,0.0,1.0,0.0,9,theory_safety_fee
16,0.0,1.0,0.0,9,theory_safety_fee
17,0.0,1.0,0.0,9,theory_safety_fee
18,0.0,1.0,0.0,9,theory_safety_fee
19,0.0,1.0,0.0,9,theory_safety_fee
20,0.0,1.0,0.0,9,theory_safety_fee
21,0.0,1.0,0.0,9,theory_safety_fee
22,0.0,1.0,0.0,9,theory_safety_fee
23,0.0,1.0,0.0,9,theory_safety_fee
24,0.0,1.0,0.0,9,theory_safety_fee
25,0.0,1.0,0.0,9,theory_safety_fee
26,0.0,1.0,0.0,9,theory_safety_fee
27,0.0,1.0,0.0,9,theory_safety_fee
28,0.0,1.0,0.0,9,theory_safety_fee
29,0.0,1.0,0.0,9,theory_safety_fee
30,0.0,1.0,0.0,9,theory_safety_fee
31,0.0,1.0,0.0,9,theory_safety_fee
32,0.0,1.0,0.0,9,theory_safety_fee
33,0.0,1.0,0.0,9,theory_safety_fee
34,0.0,1.0,0.0,9,theory_safety_fee
35,0.0,1.0,0.0,9,theory_safety_fee
36,0.0,1.0,0.0,9,theory_safety_fee
37,0.0,1.0,0.0,9,theory_safety_fee
38,0.0,1.0,0.0,9,theory_safety_fee
39,0.0,1.0,0.0,9,theory_safety_fee
40,0.0,1.0,0.0,9,theory_safety_fee
41,0.0,1.0,0.0,9,theory_safety_fee
42,0.0,1.0,0.0,9,theory_safety_fee
43,0.0,1.0,0.0,9,theory_safety_fee
44,0.0,1.0,0.0,9,theory_safety_fee
45,0.0,1.0,0.0,9,theory_safety_fee
46,0.0,1.0,0.0,9,theory_safety_fee
47,0.0,1.0,0.0,9,theory_safety_fee
48,0.0,1.0,0.0,9,theory_safety_fee
49,0.0,1.0,0.0,9,theory_safety_fee
50,0.0,1.0,0.0,9,theory_safety_fee
51,0.0,1.0,0.0,9,theory_safety_fee
52,0.0,1.0,0.0,9,theory_safety_fee
53,0.0,1.0,0.0,9,theory_safety_fee
54,0.0,1.0,0.0,9,theory_safety_fee
55,0.0,1.0,0.0,9,theory_safety_fee
56,0.0,1.0,0.0,9,theory_safety_fee
57,0.0,1.0,0.0,9,theory_safety_fee
58,0.0,1.0,0.0,9,theory_safety_fee
59,0.0,1.0,0.0,9,theory_safety_fee
60,0.0,1.0,0.0,9,theory_safety_fee
61,0.0,1.0,0.0,9,theory_safety_fee
62,0.0,1.0,0.0,9,theory_safety_fee
63,0.0,1.0,0.0,9,theory_safety_fee
64,0.0,1.0,0.0,9,theory_safety_fee
65,0.0,1.0,0.0,9,theory_safety_fee
66,0.0,1.0,0.0,9,theory_safety_fee
67,0.0,1.0,0.0,9,theory_safety_fee
68,0.0,1.0,0.0,9,theory_safety_fee
69,0.0,1.0,0.0,9,theory_safety_fee
70,0.0,1.0,0.0,9,theory_safety_fee
71,0.0,1.0,0.0,9,theory_safety_fee
72,0.0,1.0,0.0,9,theory_safety_fee
73,0.0,1.0,0.0,9,theory_safety_fee
74,0.0,1.0,0.0,9,theory_safety_fee
75,0.0,1.0,0.0,9,theory_safety_fee
76,0.0,1.0,0.0,9,theory_safety_fee
77,0.0,1.0,0.0,9,theory_safety_fee
78,0.0,1.0,0.0,9,theory_safety_fee
79,0.0,1.0,0.0,9,theory_safety_fee
80,0.0,1.0,0.0,9,theory_safety_fee
81,0.0,1.0,0.0,9,theory_safety_fee
82,0.0,1.0,0.0,9,theory_safety_fee
83,0.0,1.0,0.0,9,theory_safety_fee
84,0.0,1.0,0.0,9,theory_safety_fee
85,0.0,1.0,0.0,9,theory_safety_fee
86,0.0,1.0,0.0,9,theory_safety_fee
87,0.0,1.0,0.0,9,theory_safety_fee
88,0.0,1.0,0.0,9,theory_safety_fee
89,0.0,1.0,0.0,9,theory_safety_fee
90,0.0,1.0,0.0,9,theory_safety_fee
91,0.0,1.0,0.0,9,theory_safety_fee
92,0.0,1.0,0.0,9,theory_safety_fee
93,0.0,1.0,0.0,9,theory_safety_fee
94,0.0,1.0,0.0,9,theory_safety_fee
95,0.0,1.0,0.0,9,theory_safety_fee
96,0.0,1.0,0.0,9,theory_safety_fee
97,0.0,1.0,0.0,9,theory_safety_fee
98,0.0,1.0,0.0,9,theory_safety_fee
99,0.0,1.0,0.0,9,theory_safety_fee
100,0.0,1.0,0.0,9,theory_safety_fee
0,0.0,1.0,0.0,9,theory_safety_fee_async
1,0.0,0.95,0.05,9,theory_safety_fee_async
2,0.0,0.9,0.1,9,theory_safety_fee_async
3,0.0,0.86,0.14,9,theory_safety_fee_async
4,0.0,0.82,0.18,9,theory_safety_fee_async
5,0.0,0.785,0.215,9,theory_safety_fee_async
6,0.0,0.75,0.25,9,theory_safety_fee_async
7,0.0,0.7,0.3,9,theory_safety_fee_async
8,0.0,0.65,0.35,9,theory_safety_fee_async
9,0.0,0.65,0.35,9,theory_safety_fee_async
10,0.0,0.625,0.375,9,theory_safety_fee_async
11,0.0,0.625,0.375,9,theory_safety_fee_async
12,0.0,0.61,0.39,9,theory_safety_fee_async
13,0.0,0.61,0.39,9,theory_safety_fee_async
14,0.0,0.61,0.39,9,theory_safety_fee_async
15,0.0,0.61,0.39,9,theory_safety_fee_async
16,0.0,0.61,0.39,9,theory_safety_fee_async
17,0.0,0.61,0.39,9,theory_safety_fee_async
18,0.0,0.61,0.39,9,theory_safety_fee_async
19,0.0,0.61,0.39,9,theory_safety_fee_async
20,0.0,0.61,0.39,9,theory_safety_fee_async
21,0.0,0.61,0.39,9,theory_safety_fee_async
22,0.0,0.61,0.39,9,theory_safety_fee_async
23,0.0,0.61,0.39,9,theory_safety_fee_async
24,0.0,0.61,0.39,9,theory_safety_fee_async
25,0.0,0.61,0.39,9,theory_safety_fee_async
26,0.0,0.61,0.39,9,theory_safety_fee_async
27,0.0,0.61,0.39,9,theory_safety_fee_async
28,0.0,0.61,0.39,9,theory_safety_fee_async
29,0.0,0.61,0.39,9,theory_safety_fee_async
30,0.0,0.61,0.39,9,theory_safety_fee_async
31,0.0,0.61,0.39,9,theory_safety_fee_async
32,0.0,0.61,0.39,9,theory_safety_fee_async
33,0.0,0.61,0.39,9,theory_safety_fee_async
34,0.0,0.61,0.39,9,theory_safety_fee_async
35,0.0,0.61,0.39,9,theory_safety_fee_async
36,0.0,0.61,0.39,9,theory_safety_fee_async
37,0.0,0.61,0.39,9,theory_safety_fee_async
38,0.0,0.61,0.39,9,theory_safety_fee_async
39,0.0,0.61,0.39,9,theory_safety_fee_async
40,0.0,0.61,0.39,9,theory_safety_fee_async
41,0.0,0.61,0.39,9,theory_safety_fee_async
42,0.0,0.61,0.39,9,theory_safety_fee_async
43,0.0,0.61,0.39,9,theory_safety_fee_async
44,0.0,0.61,0.39,9,theory_safety_fee_async
45,0.0,0.61,0.39,9,theory_safety_fee_async
46,0.0,0.61,0.39,9,theory_safety_fee_async
47,0.0,0.61,0.39,9,theory_safety_fee_async
48,0.0,0.61,0.39,9,theory_safety_fee_async
49,0.0,0.61,0.39,9,theory_safety_fee_async
50,0.0,0.585,0.415,9,theory_safety_fee_async
51,0.0,0.585,0.415,9,theory_safety_fee_async
52,0.0,0.585,0.415,9,theory_safety_fee_async
53,0.0,0.585,0.415,9,theory_safety_fee_async
54,0.0,0.585,0.415,9,theory_safety_fee_async
55,0.0,0.585,0.415,9,theory_safety_fee_async
56,0.0,0.585,0.415,9,theory_safety_fee_async
57,0.0,0.585,0.415,9,theory_safety_fee_async
58,0.0,0.585,0.415,9,theory_safety_fee_async
59,0.0,0.585,0.415,9,theory_safety_fee_async
60,0.0,0.585,0.415,9,theory_safety_fee_async
61,0.0,0.585,0.415,9,theory_safety_fee_async
62,0.0,0.585,0.415,9,theory_safety_fee_async
63,0.0,0.585,0.415,9,theory_safety_fee_async
64,0.0,0.585,0.415,9,theory_safety_fee_async
65,0.0,0.585,0.415,9,theory_safety_fee_async
66,0.0,0.585,0.415,9,theory_safety_fee_async
67,0.0,0.585,0.415,9,theory_safety_fee_async
68,0.0,0.585,0.415,9,theory_safety_fee_async
69,0.0,0.585,0.415,9,theory_safety_fee_async
70,0.0,0.585,0.415,9,theory_safety_fee_async
71,0.0,0.585,0.415,9,theory_safety_fee_async
72,0.0,0.585,0.415,9,theory_safety_fee_async
73,0.0,0.585,0.415,9,theory_safety_fee_async
74,0.0,0.585,0.415,9,theory_safety_fee_async
75,0.0,0.585,0.415,9,theory_safety_fee_async
76,0.0,0.585,0.415,9,theory_safety_fee_async
77,0.0,0.585,0.415,9,theory_safety_fee_async
78,0.0,0.585,0.415,9,theory_safety_fee_async
79,0.0,0.585,0.415,9,theory_safety_fee_async
80,0.0,0.585,0.415,9,theory_safety_fee_async
81,0.0,0.585,0.415,9,theory_safety_fee_async
82,0.0,0.585,0.415,9,theory_safety_fee_async
83,0.0,0.585,0.415,9,theory_safety_fee_async
84,0.0,0.585,0.415,9,theory_safety_fee_async
85,0.0,0.585,0.415,9,theory_safety_fee_async
86,0.0,0.585,0.415,9,theory_safety_fee_async
87,0.0,0.585,0.415,9,theory_safety_fee_async
88,0.0,0.585,0.415,9,theory_safety_fee_async
89,0.0,0.585,0.415,9,theory_safety_fee_async
90,0.0,0.585,0.415,9,theory_safety_fee_async
91,0.0,0.585,0.415,9,theory_safety_fee_async
92,0.0,0.585,0.415,9,theory_safety_fee_async
93,0.0,0.585,0.415,9,theory_safety_fee_async
94,0.0,0.585,0.415,9,theory_safety_fee_async
95,0.0,0.585,0.415,9,theory_safety_fee_async
96,0.0,0.585,0.415,9,theory_safety_fee_async
97,0.0,0.585,0.415,9,theory_safety_fee_async
98,0.0,0.585,0.415,9,theory_safety_fee_async
99,0.0,0.585,0.415,9,theory_safety_fee_async
100,0.0,0.585,0.415,9,theory_safety_fee_async
0,0.0,1.0,0.0,10,simulation_safety_fee
1,0.0,0.95,0.05,10,simulation_safety_fee
2,0.0,0.9,0.1,10,simulation_safety_fee
3,0.0,0.86,0.14,10,simulation_safety_fee
4,0.0,0.83,0.17,10,simulation_safety_fee
5,0.0,0.78,0.22,10,simulation_safety_fee
6,0.0,0.74,0.26,10,simulation_safety_fee
7,0.0,0.72,0.28,10,simulation_safety_fee
8,0.0,0.69,0.31,10,simulation_safety_fee
9,0.0,0.69,0.31,10,simulation_safety_fee
10,0.0,0.66,0.34,10,simulation_safety_fee
11,0.0,0.63,0.37,10,simulation_safety_fee
12,0.0,0.63,0.37,10,simulation_safety_fee
13,0.0,0.63,0.37,10,simulation_safety_fee
14,0.0,0.63,0.37,10,simulation_safety_fee
15,0.0,0.63,0.37,10,simulation_safety_fee
0,0.0,1.0,0.0,10,theory_safety_fee
1,0.0,1.0,0.0,10,theory_safety_fee
2,0.0,1.0,0.0,10,theory_safety_fee
3,0.0,1.0,0.0,10,theory_safety_fee
4,0.0,1.0,0.0,10,theory_safety_fee
5,0.0,1.0,0.0,10,theory_safety_fee
6,0.0,1.0,0.0,10,theory_safety_fee
7,0.0,1.0,0.0,10,theory_safety_fee
8,0.0,1.0,0.0,10,theory_safety_fee
9,0.0,1.0,0.0,10,theory_safety_fee
10,0.0,1.0,0.0,10,theory_safety_fee
11,0.0,1.0,0.0,10,theory_safety_fee
12,0.0,1.0,0.0,10,theory_safety_fee
13,0.0,1.0,0.0,10,theory_safety_fee
14,0.0,1.0,0.0,10,theory_safety_fee
15,0.0,1.0,0.0,10,theory_safety_fee
16,0.0,1.0,0.0,10,theory_safety_fee
17,0.0,1.0,0.0,10,theory_safety_fee
18,0.0,1.0,0.0,10,theory_safety_fee
19,0.0,1.0,0.0,10,theory_safety_fee
20,0.0,1.0,0.0,10,theory_safety_fee
21,0.0,1.0,0.0,10,theory_safety_fee
22,0.0,1.0,0.0,10,theory_safety_fee
23,0.0,1.0,0.0,10,theory_safety_fee
24,0.0,1.0,0.0,10,theory_safety_fee
25,0.0,1.0,0.0,10,theory_safety_fee
26,0.0,1.0,0.0,10,theory_safety_fee
27,0.0,1.0,0.0,10,theory_safety_fee
28,0.0,1.0,0.0,10,theory_safety_fee
29,0.0,1.0,0.0,10,theory_safety_fee
30,0.0,1.0,0.0,10,theory_safety_fee
31,0.0,1.0,0.0,10,theory_safety_fee
32,0.0,1.0,0.0,10,theory_safety_fee
33,0.0,1.0,0.0,10,theory_safety_fee
34,0.0,1.0,0.0,10,theory_safety_fee
35,0.0,1.0,0.0,10,theory_safety_fee
36,0.0,1.0,0.0,10,theory_safety_fee
37,0.0,1.0,0.0,10,theory_safety_fee
38,0.0,1.0,0.0,10,theory_safety_fee
39,0.0,1.0,0.0,10,theory_safety_fee
40,0.0,1.0,0.0,10,theory_safety_fee
41,0.0,1.0,0.0,10,theory_safety_fee
42,0.0,1.0,0.0,10,theory_safety_fee
43,0.0,1.0,0.0,10,theory_safety_fee
44,0.0,1.0,0.0,10,theory_safety_fee
45,0.0,1.0,0.0,10,theory_safety_fee
46,0.0,1.0,0.0,10,theory_safety_fee
47,0.0,1.0,0.0,10,theory_safety_fee
48,0.0,1.0,0.0,10,theory_safety_fee
49,0.0,1.0,0.0,10,theory_safety_fee
50,0.0,1.0,0.0,10,theory_safety_fee
51,0.0,1.0,0.0,10,theory_safety_fee
52,0.0,1.0,0.0,10,theory_safety_fee
53,0.0,1.0,0.0,10,theory_safety_fee
54,0.0,1.0,0.0,10,theory_safety_fee
55,0.0,1.0,0.0,10,theory_safety_fee
56,0.0,1.0,0.0,10,theory_safety_fee
57,0.0,1.0,0.0,10,theory_safety_fee
58,0.0,1.0,0.0,10,theory_safety_fee
59,0.0,1.0,0.0,10,theory_safety_fee
60,0.0,1.0,0.0,10,theory_safety_fee
61,0.0,1.0,0.0,10,theory_safety_fee
62,0.0,1.0,0.0,10,theory_safety_fee
63,0.0,1.0,0.0,10,theory_safety_fee
64,0.0,1.0,0.0,10,theory_safety_fee
65,0.0,1.0,0.0,10,theory_safety_fee
66,0.0,1.0,0.0,10,theory_safety_fee
67,0.0,1.0,0.0,10,theory_safety_fee
68,0.0,1.0,0.0,10,theory_safety_fee
69,0.0,1.0,0.0,10,theory_safety_fee
70,0.0,1.0,0.0,10,theory_safety_fee
71,0.0,1.0,0.0,10,theory_safety_fee
72,0.0,1.0,0.0,10,theory_safety_fee
73,0.0,1.0,0.0,10,theory_safety_fee
74,0.0,1.0,0.0,10,theory_safety_fee
75,0.0,1.0,0.0,10,theory_safety_fee
76,0.0,1.0,0.0,10,theory_safety_fee
77,0.0,1.0,0.0,10,theory_safety_fee
78,0.0,1.0,0.0,10,theory_safety_fee
79,0.0,1.0,0.0,10,theory_safety_fee
80,0.0,1.0,0.0,10,theory_safety_fee
81,0.0,1.0,0.0,10,theory_safety_fee
82,0.0,1.0,0.0,10,theory_safety_fee
83,0.0,1.0,0.0,10,theory_safety_fee
84,0.0,1.0,0.0,10,theory_safety_fee
85,0.0,1.0,0.0,10,theory_safety_fee
86,0.0,1.0,0.0,10,theory_safety_fee
87,0.0,1.0,0.0,10,theory_safety_fee
88,0.0,1.0,0.0,10,theory_safety_fee
89,0.0,1.0,0.0,10,theory_safety_fee
90,0.0,1.0,0.0,10,theory_safety_fee
91,0.0,1.0,0.0,10,theory_safety_fee
92,0.0,1.0,0.0,10,theory_safety_fee
93,0.0,1.0,0.0,10,theory_safety_fee
94,0.0,1.0,0.0,10,theory_safety_fee
95,0.0,1.0,0.0,10,theory_safety_fee
96,0.0,1.0,0.0,10,theory_safety_fee
97,0.0,1.0,0.0,10,theory_safety_fee
98,0.0,1.0,0.0,10,theory_safety_fee
99,0.0,1.0,0.0,10,theory_safety_fee
100,0.0,1.0,0.0,10,theory_safety_fee
0,0.0,1.0,0.0,10,theory_safety_fee_async
1,0.0,0.95,0.05,10,theory_safety_fee_async
2,0.0,0.9,0.1,10,theory_safety_fee_async
3,0.0,0.86,0.14,10,theory_safety_fee_async
4,0.0,0.83,0.17,10,theory_safety_fee_async
5,0.0,0.78,0.22,10,theory_safety_fee_async
6,0.0,0.74,0.26,10,theory_safety_fee_async
7,0.0,0.72,0.28,10,theory_safety_fee_async
8,0.0,0.69,0.31,10,theory_safety_fee_async
9,0.0,0.69,0.31,10,theory_safety_fee_async
10,0.0,0.66,0.34,10,theory_safety_fee_async
11,0.0,0.63,0.37,10,theory_safety_fee_async
12,0.0,0.63,0.37,10,theory_safety_fee_async
13,0.0,0.63,0.37,10,theory_safety_fee_async
14,0.0,0.63,0.37,10,theory_safety_fee_async
15,0.0,0.63,0.37,10,theory_safety_fee_async
16,0.0,0.63,0.37,10,theory_safety_fee_async
17,0.0,0.63,0.37,10,theory_safety_fee_async
18,0.0,0.63,0.37,10,theory_safety_fee_async
19,0.0,0.63,0.37,10,theory_safety_fee_async
20,0.0,0.63,0.37,10,theory_safety_fee_async
21,0.0,0.63,0.37,10,theory_safety_fee_async
22,0.0,0.63,0.37,10,theory_safety_fee_async
23,0.0,0.63,0.37,10,theory_safety_fee_async
24,0.0,0.63,0.37,10,theory_safety_fee_async
25,0.0,0.63,0.37,10,theory_safety_fee_async
26,0.0,0.63,0.37,10,theory_safety_fee_async
27,0.0,0.63,0.37,10,theory_safety_fee_async
28,0.0,0.63,0.37,10,theory_safety_fee_async
29,0.0,0.63,0.37,10,theory_safety_fee_async
30,0.0,0.63,0.37,10,theory_safety_fee_async
31,0.0,0.63,0.37,10,theory_safety_fee_async
32,0.0,0.63,0.37,10,theory_safety_fee_async
33,0.0,0.63,0.37,10,theory_safety_fee_async
34,0.0,0.63,0.37,10,theory_safety_fee_async
35,0.0,0.63,0.37,10,theory_safety_fee_async
36,0.0,0.63,0.37,10,theory_safety_fee_async
37,0.0,0.63,0.37,10,theory_safety_fee_async
38,0.0,0.63,0.37,10,theory_safety_fee_async
39,0.0,0.63,0.37,10,theory_safety_fee_async
40,0.0,0.63,0.37,10,theory_safety_fee_async
41,0.0,0.63,0.37,10,theory_safety_fee_async
42,0.0,0.63,0.37,10,theory_safety_fee_async
43,0.0,0.63,0.37,10,theory_safety_fee_async
44,0.0,0.63,0.37,10,theory_safety_fee_async
45,0.0,0.63,0.37,10,theory_safety_fee_async
46,0.0,0.63,0.37,10,theory_safety_fee_async
47,0.0,0.63,0.37,10,theory_safety_fee_async
48,0.0,0.63,0.37,10,theory_safety_fee_async
49,0.0,0.63,0.37,10,theory_safety_fee_async
50,0.0,0.63,0.37,10,theory_safety_fee_async
51,0.0,0.63,0.37,10,theory_safety_fee_async
52,0.0,0.63,0.37,10,theory_safety_fee_async
53,0.0,0.63,0.37,10,theory_safety_fee_async
54,0.0,0.63,0.37,10,theory_safety_fee_async
55,0.0,0.63,0.37,10,theory_safety_fee_async
56,0.0,0.63,0.37,10,theory_safety_fee_async
57,0.0,0.63,0.37,10,theory_safety_fee_async
58,0.0,0.63,0.37,10,theory_safety_fee_async
59,0.0,0.63,0.37,10,theory_safety_fee_async
60,0.0,0.63,0.37,10,theory_safety_fee_async
61,0.0,0.63,0.37,10,theory_safety_fee_async
62,0.0,0.63,0.37,10,theory_safety_fee_async
63,0.0,0.63,0.37,10,theory_safety_fee_async
64,0.0,0.63,0.37,10,theory_safety_fee_async
65,0.0,0.63,0.37,10,theory_safety_fee_async
66,0.0,0.63,0.37,10,theory_safety_fee_async
67,0.0,0.63,0.37,10,theory_safety_fee_async
68,0.0,0.63,0.37,10,theory_safety_fee_async
69,0.0,0.63,0.37,10,theory_safety_fee_async
70,0.0,0.63,0.37,10,theory_safety_fee_async
71,0.0,0.63,0.37,10,theory_safety_fee_async
72,0.0,0.63,0.37,10,theory_safety_fee_async
73,0.0,0.63,0.37,10,theory_safety_fee_async
74,0.0,0.63,0.37,10,theory_safety_fee_async
75,0.0,0.63,0.37,10,theory_safety_fee_async
76,0.0,0.63,0.37,10,theory_safety_fee_async
77,0.0,0.63,0.37,10,theory_safety_fee_async
78,0.0,0.63,0.37,10,theory_safety_fee_async
79,0.0,0.63,0.37,10,theory_safety_fee_async
80,0.0,0.63,0.37,10,theory_safety_fee_async
81,0.0,0.63,0.37,10,theory_safety_fee_async
82,0.0,0.63,0.37,10,theory_safety_fee_async
83,0.0,0.63,0.37,10,theory_safety_fee_async
84,0.0,0.63,0.37,10,theory_safety_fee_async
85,0.0,0.63,0.37,10,theory_safety_fee_async
86,0.0,0.63,0.37,10,theory_safety_fee_async
87,0.0,0.63,0.37,10,theory_safety_fee_async
88,0.0,0.63,0.37,10,theory_safety_fee_async
89,0.0,0.63,0.37,10,theory_safety_fee_async
90,0.0,0.63,0.37,10,theory_safety_fee_async
91,0.0,0.63,0.37,10,theory_safety_fee_async
92,0.0,0.63,0.37,10,theory_safety_fee_async
93,0.0,0.63,0.37,10,theory_safety_fee_async
94,0.0,0.63,0.37,10,theory_safety_fee_async
95,0.0,0.63,0.37,10,theory_safety_fee_async
96,0.0,0.63,0.37,10,theory_safety_fee_async
97,0.0,0.63,0.37,10,theory_safety_fee_async
98,0.0,0.63,0.37,10,theory_safety_fee_async
99,0.0,0.63,0.37,10,theory_safety_fee_async
100,0.0,0.63,0.37,10,theory_safety_fee_async
0,0.0,1.0,0.0,11,simulation_safety_fee
1,0.0,0.95,0.05,11,simulation_safety_fee
2,0.0,0.9,0.1,11,simulation_safety_fee
3,0.0,0.85,0.15,11,simulation_safety_fee
4,0.0,0.815,0.185,11,simulation_safety_fee
5,0.0,0.775,0.225,11,simulation_safety_fee
6,0.0,0.735,0.265,11,simulation_safety_fee
7,0.0,0.695,0.305,11,simulation_safety_fee
8,0.0,0.65,0.35,11,simulation_safety_fee
9,0.0,0.65,0.35,11,simulation_safety_fee
10,0.0,0.65,0.35,11,simulation_safety_fee
11,0.0,0.65,0.35,11,simulation_safety_fee
12,0.0,0.65,0.35,11,simulation_safety_fee
0,0.0,1.0,0.0,11,theory_safety_fee
1,0.0,1.0,0.0,11,theory_safety_fee
2,0.0,1.0,0.0,11,theory_safety_fee
3,0.0,1.0,0.0,11,theory_safety_fee
4,0.0,1.0,0.0,11,theory_safety_fee
5,0.0,1.0,0.0,11,theory_safety_fee
6,0.0,1.0,0.0,11,theory_safety_fee
7,0.0,1.0,0.0,11,theory_safety_fee
8,0.0,1.0,0.0,11,theory_safety_fee
9,0.0,1.0,0.0,11,theory_safety_fee
10,0.0,1.0,0.0,11,theory_safety_fee
11,0.0,1.0,0.0,11,theory_safety_fee
12,0.0,1.0,0.0,11,theory_safety_fee
13,0.0,1.0,0.0,11,theory_safety_fee
14,0.0,1.0,0.0,11,theory_safety_fee
15,0.0,1.0,0.0,11,theory_safety_fee
16,0.0,1.0,0.0,11,theory_safety_fee
17,0.0,1.0,0.0,11,theory_safety_fee
18,0.0,1.0,0.0,11,theory_safety_fee
19,0.0,1.0,0.0,11,theory_safety_fee
20,0.0,1.0,0.0,11,theory_safety_fee
21,0.0,1.0,0.0,11,theory_safety_fee
22,0.0,1.0,0.0,11,theory_safety_fee
23,0.0,1.0,0.0,11,theory_safety_fee
24,0.0,1.0,0.0,11,theory_safety_fee
25,0.0,1.0,0.0,11,theory_safety_fee
26,0.0,1.0,0.0,11,theory_safety_fee
27,0.0,1.0,0.0,11,theory_safety_fee
28,0.0,1.0,0.0,11,theory_safety_fee
29,0.0,1.0,0.0,11,theory_safety_fee
30,0.0,1.0,0.0,11,theory_safety_fee
31,0.0,1.0,0.0,11,theory_safety_fee
32,0.0,1.0,0.0,11,theory_safety_fee
33,0.0,1.0,0.0,11,theory_safety_fee
34,0.0,1.0,0.0,11,theory_safety_fee
35,0.0,1.0,0.0,11,theory_safety_fee
36,0.0,1.0,0.0,11,theory_safety_fee
37,0.0,1.0,0.0,11,theory_safety_fee
38,0.0,1.0,0.0,11,theory_safety_fee
39,0.0,1.0,0.0,11,theory_safety_fee
40,0.0,1.0,0.0,11,theory_safety_fee
41,0.0,1.0,0.0,11,theory_safety_fee
42,0.0,1.0,0.0,11,theory_safety_fee
43,0.0,1.0,0.0,11,theory_safety_fee
44,0.0,1.0,0.0,11,theory_safety_fee
45,0.0,1.0,0.0,11,theory_safety_fee
46,0.0,1.0,0.0,11,theory_safety_fee
47,0.0,1.0,0.0,11,theory_safety_fee
48,0.0,1.0,0.0,11,theory_safety_fee
49,0.0,1.0,0.0,11,theory_safety_fee
50,0.0,1.0,0.0,11,theory_safety_fee
51,0.0,1.0,0.0,11,theory_safety_fee
52,0.0,1.0,0.0,11,theory_safety_fee
53,0.0,1.0,0.0,11,theory_safety_fee
54,0.0,1.0,0.0,11,theory_safety_fee
55,0.0,1.0,0.0,11,theory_safety_fee
56,0.0,1.0,0.0,11,theory_safety_fee
57,0.0,1.0,0.0,11,theory_safety_fee
58,0.0,1.0,0.0,11,theory_safety_fee
59,0.0,1.0,0.0,11,theory_safety_fee
60,0.0,1.0,0.0,11,theory_safety_fee
61,0.0,1.0,0.0,11,theory_safety_fee
62,0.0,1.0,0.0,11,theory_safety_fee
63,0.0,1.0,0.0,11,theory_safety_fee
64,0.0,1.0,0.0,11,theory_safety_fee
65,0.0,1.0,0.0,11,theory_safety_fee
66,0.0,1.0,0.0,11,theory_safety_fee
67,0.0,1.0,0.0,11,theory_safety_fee
68,0.0,1.0,0.0,11,theory_safety_fee
69,0.0,1.0,0.0,11,theory_safety_fee
70,0.0,1.0,0.0,11,theory_safety_fee
71,0.0,1.0,0.0,11,theory_safety_fee
72,0.0,1.0,0.0,11,theory_safety_fee
73,0.0,1.0,0.0,11,theory_safety_fee
74,0.0,1.0,0.0,11,theory_safety_fee
75,0.0,1.0,0.0,11,theory_safety_fee
76,0.0,1.0,0.0,11,theory_safety_fee
77,0.0,1.0,0.0,11,theory_safety_fee
78,0.0,1.0,0.0,11,theory_safety_fee
79,0.0,1.0,0.0,11,theory_safety_fee
80,0.0,1.0,0.0,11,theory_safety_fee
81,0.0,1.0,0.0,11,theory_safety_fee
82,0.0,1.0,0.0,11,theory_safety_fee
83,0.0,1.0,0.0,11,theory_safety_fee
84,0.0,1.0,0.0,11,theory_safety_fee
85,0.0,1.0,0.0,11,theory_safety_fee
86,0.0,1.0,0.0,11,theory_safety_fee
87,0.0,1.0,0.0,11,theory_safety_fee
88,0.0,1.0,0.0,11,theory_safety_fee
89,0.0,1.0,0.0,11,theory_safety_fee
90,0.0,1.0,0.0,11,theory_safety_fee
91,0.0,1.0,0.0,11,theory_safety_fee
92,0.0,1.0,0.0,11,theory_safety_fee
93,0.0,1.0,0.0,11,theory_safety_fee
94,0.0,1.0,0.0,11,theory_safety_fee
95,0.0,1.0,0.0,11,theory_safety_fee
96,0.0,1.0,0.0,11,theory_safety_fee
97,0.0,1.0,0.0,11,theory_safety_fee
98,0.0,1.0,0.0,11,theory_safety_fee
99,0.0,1.0,0.0,11,theory_safety_fee
100,0.0,1.0,0.0,11,theory_safety_fee
0,0.0,1.0,0.0,11,theory_safety_fee_async
1,0.0,0.95,0.05,11,theory_safety_fee_async
2,0.0,0.9,0.1,11,theory_safety_fee_async
3,0.0,0.85,0.15,11,theory_safety_fee_async
4,0.0,0.815,0.185,11,theory_safety_fee_async
5,0.0,0.775,0.225,11,theory_safety_fee_async
6,0.0,0.735,0.265,11,theory_safety_fee_async
7,0.0,0.695,0.305,11,theory_safety_fee_async
8,0.0,0.65,0.35,11,theory_safety_fee_async
9,0.0,0.65,0.35,11,theory_safety_fee_async
10,0.0,0.65,0.35,11,theory_safety_fee_async
11,0.0,0.65,0.35,11,theory_safety_fee_async
12,0.0,0.65,0.35,11,theory_safety_fee_async
13,0.0,0.65,0.35,11,theory_safety_fee_async
14,0.0,0.65,0.35,11,theory_safety_fee_async
15,0.0,0.63,0.37,11,theory_safety_fee_async
16,0.0,0.63,0.37,11,theory_safety_fee_async
17,0.0,0.63,0.37,11,theory_safety_fee_async
18,0.0,0.63,0.37,11,theory_safety_fee_async
19,0.0,0.63,0.37,11,theory_safety_fee_async
20,0.0,0.63,0.37,11,theory_safety_fee_async
21,0.0,0.63,0.37,11,theory_safety_fee_async
22,0.0,0.63,0.37,11,theory_safety_fee_async
23,0.0,0.63,0.37,11,theory_safety_fee_async
24,0.0,0.63,0.37,11,theory_safety_fee_async
25,0.0,0.63,0.37,11,theory_safety_fee_async
26,0.0,0.63,0.37,11,theory_safety_fee_async
27,0.0,0.63,0.37,11,theory_safety_fee_async
28,0.0,0.63,0.37,11,theory_safety_fee_async
29,0.0,0.63,0.37,11,theory_safety_fee_async
30,0.0,0.63,0.37,11,theory_safety_fee_async
31,0.0,0.63,0.37,11,theory_safety_fee_async
32,0.0,0.63,0.37,11,theory_safety_fee_async
33,0.0,0.63,0.37,11,theory_safety_fee_async
34,0.0,0.63,0.37,11,theory_safety_fee_async
35,0.0,0.63,0.37,11,theory_safety_fee_async
36,0.0,0.63,0.37,11,theory_safety_fee_async
37,0.0,0.63,0.37,11,theory_safety_fee_async
38,0.0,0.63,0.37,11,theory_safety_fee_async
39,0.0,0.63,0.37,11,theory_safety_fee_async
40,0.0,0.63,0.37,11,theory_safety_fee_async
41,0.0,0.63,0.37,11,theory_safety_fee_async
42,0.0,0.63,0.37,11,theory_safety_fee_async
43,0.0,0.63,0.37,11,theory_safety_fee_async
44,0.0,0.63,0.37,11,theory_safety_fee_async
45,0.0,0.63,0.37,11,theory_safety_fee_async
46,0.0,0.63,0.37,11,theory_safety_fee_async
47,0.0,0.63,0.37,11,theory_safety_fee_async
48,0.0,0.63,0.37,11,theory_safety_fee_async
49,0.0,0.63,0.37,11,theory_safety_fee_async
50,0.0,0.63,0.37,11,theory_safety_fee_async
51,0.0,0.63,0.37,11,theory_safety_fee_async
52,0.0,0.63,0.37,11,theory_safety_fee_async
53,0.0,0.63,0.37,11,theory_safety_fee_async
54,0.0,0.63,0.37,11,theory_safety_fee_async
55,0.0,0.63,0.37,11,theory_safety_fee_async
56,0.0,0.63,0.37,11,theory_safety_fee_async
57,0.0,0.63,0.37,11,theory_safety_fee_async
58,0.0,0.63,0.37,11,theory_safety_fee_async
59,0.0,0.63,0.37,11,theory_safety_fee_async
60,0.0,0.63,0.37,11,theory_safety_fee_async
61,0.0,0.63,0.37,11,theory_safety_fee_async
62,0.0,0.63,0.37,11,theory_safety_fee_async
63,0.0,0.63,0.37,11,theory_safety_fee_async
64,0.0,0.63,0.37,11,theory_safety_fee_async
65,0.0,0.63,0.37,11,theory_safety_fee_async
66,0.0,0.63,0.37,11,theory_safety_fee_async
67,0.0,0.63,0.37,11,theory_safety_fee_async
68,0.0,0.63,0.37,11,theory_safety_fee_async
69,0.0,0.63,0.37,11,theory_safety_fee_async
70,0.0,0.63,0.37,11,theory_safety_fee_async
71,0.0,0.63,0.37,11,theory_safety_fee_async
72,0.0,0.63,0.37,11,theory_safety_fee_async
73,0.0,0.63,0.37,11,theory_safety_fee_async
74,0.0,0.63,0.37,11,theory_safety_fee_async
75,0.0,0.63,0.37,11,theory_safety_fee_async
76,0.0,0.63,0.37,11,theory_safety_fee_async
77,0.0,0.63,0.37,11,theory_safety_fee_async
78,0.0,0.63,0.37,11,theory_safety_fee_async
79,0.0,0.63,0.37,11,theory_safety_fee_async
80,0.0,0.63,0.37,11,theory_safety_fee_async
81,0.0,0.63,0.37,11,theory_safety_fee_async
82,0.0,0.63,0.37,11,theory_safety_fee_async
83,0.0,0.63,0.37,11,theory_safety_fee_async
84,0.0,0.63,0.37,11,theory_safety_fee_async
85,0.0,0.63,0.37,11,theory_safety_fee_async
86,0.0,0.63,0.37,11,theory_safety_fee_async
87,0.0,0.63,0.37,11,theory_safety_fee_async
88,0.0,0.63,0.37,11,theory_safety_fee_async
89,0.0,0.63,0.37,11,theory_safety_fee_async
90,0.0,0.63,0.37,11,theory_safety_fee_async
91,0.0,0.63,0.37,11,theory_safety_fee_async
92,0.0,0.63,0.37,11,theory_safety_fee_async
93,0.0,0.63,0.37,11,theory_safety_fee_async
94,0.0,0.63,0.37,11,theory_safety_fee_async
95,0.0,0.63,0.37,11,theory_safety_fee_async
96,0.0,0.63,0.37,11,theory_safety_fee_async
97,0.0,0.63,0.37,11,theory_safety_fee_async
98,0.0,0.63,0.37,11,theory_safety_fee_async
99,0.0,0.63,0.37,11,theory_safety_fee_async
100,0.0,0.63,0.37,11,theory_safety_fee_async
0,0.0,1.0,0.0,12,simulation_safety_fee
1,0.0,0.95,0.05,12,simulation_safety_fee
2,0.0,0.91,0.09,12,simulation_safety_fee
3,0.0,0.86,0.14,12,simulation_safety_fee
4,0.0,0.81,0.19,12,simulation_safety_fee
5,0.0,0.765,0.235,12,simulation_safety_fee
6,0.0,0.715,0.285,12,simulation_safety_fee
7,0.0,0.69,0.31,12,simulation_safety_fee
8,0.0,0.65,0.35,12,simulation_safety_fee
9,0.0,0.65,0.35,12,simulation_safety_fee
10,0.0,0.65,0.35,12,simulation_safety_fee
11,0.0,0.625,0.375,12,simulation_safety_fee
12,0.0,0.625,0.375,12,simulation_safety_fee
13,0.0,0.625,0.375,12,simulation_safety_fee
14,0.0,0.625,0.375,12,simulation_safety_fee
15,0.0,0.625,0.375,12,simulation_safety_fee
0,0.0,1.0,0.0,12,theory_safety_fee
1,0.0,1.0,0.0,12,theory_safety_fee
2,0.0,1.0,0.0,12,theory_safety_fee
3,0.0,1.0,0.0,12,theory_safety_fee
4,0.0,1.0,0.0,12,theory_safety_fee
5,0.0,1.0,0.0,12,theory_safety_fee
6,0.0,1.0,0.0,12,theory_safety_fee
7,0.0,1.0,0.0,12,theory_safety_fee
8,0.0,1.0,0.0,12,theory_safety_fee
9,0.0,1.0,0.0,12,theory_safety_fee
10,0.0,1.0,0.0,12,theory_safety_fee
11,0.0,1.0,0.0,12,theory_safety_fee
12,0.0,1.0,0.0,12,theory_safety_fee
13,0.0,1.0,0.0,12,theory_safety_fee
14,0.0,1.0,0.0,12,theory_safety_fee
15,0.0,1.0,0.0,12,theory_safety_fee
16,0.0,1.0,0.0,12,theory_safety_fee
17,0.0,1.0,0.0,12,theory_safety_fee
18,0.0,1.0,0.0,12,theory_safety_fee
19,0.0,1.0,0.0,12,theory_safety_fee
20,0.0,1.0,0.0,12,theory_safety_fee
21,0.0,1.0,0.0,12,theory_safety_fee
22,0.0,1.0,0.0,12,theory_safety_fee
23,0.0,1.0,0.0,12,theory_safety_fee
24,0.0,1.0,0.0,12,theory_safety_fee
25,0.0,1.0,0.0,12,theory_safety_fee
26,0.0,1.0,0.0,12,theory_safety_fee
27,0.0,1.0,0.0,12,theory_safety_fee
28,0.0,1.0,0.0,12,theory_safety_fee
29,0.0,1.0,0.0,12,theory_safety_fee
30,0.0,1.0,0.0,12,theory_safety_fee
31,0.0,1.0,0.0,12,theory_safety_fee
32,0.0,1.0,0.0,12,theory_safety_fee
33,0.0,1.0,0.0,12,theory_safety_fee
34,0.0,1.0,0.0,12,theory_safety_fee
35,0.0,1.0,0.0,12,theory_safety_fee
36,0.0,1.0,0.0,12,theory_safety_fee
37,0.0,1.0,0.0,12,theory_safety_fee
38,0.0,1.0,0.0,12,theory_safety_fee
39,0.0,1.0,0.0,12,theory_safety_fee
40,0.0,1.0,0.0,12,theory_safety_fee
41,0.0,1.0,0.0,12,theory_safety_fee
42,0.0,1.0,0.0,12,theory_safety_fee
43,0.0,1.0,0.0,12,theory_safety_fee
44,0.0,1.0,0.0,12,theory_safety_fee
45,0.0,1.0,0.0,12,theory_safety_fee
46,0.0,1.0,0.0,12,theory_safety_fee
47,0.0,1.0,0.0,12,theory_safety_fee
48,0.0,1.0,0.0,12,theory_safety_fee
49,0.0,1.0,0.0,12,theory_safety_fee
50,0.0,1.0,0.0,12,theory_safety_fee
51,0.0,1.0,0.0,12,theory_safety_fee
52,0.0,1.0,0.0,12,theory_safety_fee
53,0.0,1.0,0.0,12,theory_safety_fee
54,0.0,1.0,0.0,12,theory_safety_fee
55,0.0,1.0,0.0,12,theory_safety_fee
56,0.0,1.0,0.0,12,theory_safety_fee
57,0.0,1.0,0.0,12,theory_safety_fee
58,0.0,1.0,0.0,12,theory_safety_fee
59,0.0,1.0,0.0,12,theory_safety_fee
60,0.0,1.0,0.0,12,theory_safety_fee
61,0.0,1.0,0.0,12,theory_safety_fee
62,0.0,1.0,0.0,12,theory_safety_fee
63,0.0,1.0,0.0,12,theory_safety_fee
64,0.0,1.0,0.0,12,theory_safety_fee
65,0.0,1.0,0.0,12,theory_safety_fee
66,0.0,1.0,0.0,12,theory_safety_fee
67,0.0,1.0,0.0,12,theory_safety_fee
68,0.0,1.0,0.0,12,theory_safety_fee
69,0.0,1.0,0.0,12,theory_safety_fee
70,0.0,1.0,0.0,12,theory_safety_fee
71,0.0,1.0,0.0,12,theory_safety_fee
72,0.0,1.0,0.0,12,theory_safety_fee
73,0.0,1.0,0.0,12,theory_safety_fee
74,0.0,1.0,0.0,12,theory_safety_fee
75,0.0,1.0,0.0,12,theory_safety_fee
76,0.0,1.0,0.0,12,theory_safety_fee
77,0.0,1.0,0.0,12,theory_safety_fee
78,0.0,1.0,0.0,12,theory_safety_fee
79,0.0,1.0,0.0,12,theory_safety_fee
80,0.0,1.0,0.0,12,theory_safety_fee
81,0.0,1.0,0.0,12,theory_safety_fee
82,0.0,1.0,0.0,12,theory_safety_fee
83,0.0,1.0,0.0,12,theory_safety_fee
84,0.0,1.0,0.0,12,theory_safety_fee
85,0.0,1.0,0.0,12,theory_safety_fee
86,0.0,1.0,0.0,12,theory_safety_fee
87,0.0,1.0,0.0,12,theory_safety_fee
88,0.0,1.0,0.0,12,theory_safety_fee
89,0.0,1.0,0.0,12,theory_safety_fee
90,0.0,1.0,0.0,12,theory_safety_fee
91,0.0,1.0,0.0,12,theory_safety_fee
92,0.0,1.0,0.0,12,theory_safety_fee
93,0.0,1.0,0.0,12,theory_safety_fee
94,0.0,1.0,0.0,12,theory_safety_fee
95,0.0,1.0,0.0,12,theory_safety_fee
96,0.0,1.0,0.0,12,theory_safety_fee
97,0.0,1.0,0.0,12,theory_safety_fee
98,0.0,1.0,0.0,12,theory_safety_fee
99,0.0,1.0,0.0,12,theory_safety_fee
100,0.0,1.0,0.0,12,theory_safety_fee
0,0.0,1.0,0.0,12,theory_safety_fee_async
1,0.0,0.95,0.05,12,theory_safety_fee_async
2,0.0,0.91,0.09,12,theory_safety_fee_async
3,0.0,0.86,0.14,12,theory_safety_fee_async
4,0.0,0.81,0.19,12,theory_safety_fee_async
5,0.0,0.765,0.235,12,theory_safety_fee_async
6,0.0,0.715,0.285,12,theory_safety_fee_async
7,0.0,0.69,0.31,12,theory_safety_fee_async
8,0.0,0.65,0.35,12,theory_safety_fee_async
9,0.0,0.65,0.35,12,theory_safety_fee_async
10,0.0,0.65,0.35,12,theory_safety_fee_async
11,0.0,0.625,0.375,12,theory_safety_fee_async
12,0.0,0.625,0.375,12,theory_safety_fee_async
13,0.0,0.625,0.375,12,theory_safety_fee_async
14,0.0,0.625,0.375,12,theory_safety_fee_async
15,0.0,0.625,0.375,12,theory_safety_fee_async
16,0.0,0.625,0.375,12,theory_safety_fee_async
17,0.0,0.625,0.375,12,theory_safety_fee_async
18,0.0,0.625,0.375,12,theory_safety_fee_async
19,0.0,0.625,0.375,12,theory_safety_fee_async
20,0.0,0.625,0.375,12,theory_safety_fee_async
21,0.0,0.625,0.375,12,theory_safety_fee_async
22,0.0,0.625,0.375,12,theory_safety_fee_async
23,0.0,0.625,0.375,12,theory_safety_fee_async
24,0.0,0.625,0.375,12,theory_safety_fee_async
25,0.0,0.625,0.375,12,theory_safety_fee_async
26,0.0,0.625,0.375,12,theory_safety_fee_async
27,0.0,0.625,0.375,12,theory_safety_fee_async
28,0.0,0.625,0.375,12,theory_safety_fee_async
29,0.0,0.625,0.375,12,theory_safety_fee_async
30,0.0,0.625,0.375,12,theory_safety_fee_async
31,0.0,0.625,0.375,12,theory_safety_fee_async
32,0.0,0.625,0.375,12,theory_safety_fee_async
33,0.0,0.625,0.375,12,theory_safety_fee_async
34,0.0,0.625,0.375,12,theory_safety_fee_async
35,0.0,0.625,0.375,12,theory_safety_fee_async
36,0.0,0.625,0.375,12,theory_safety_fee_async
37,0.0,0.625,0.375,12,theory_safety_fee_async
38,0.0,0.625,0.375,12,theory_safety_fee_async
39,0.0,0.625,0.375,12,theory_safety_fee_async
40,0.0,0.625,0.375,12,theory_safety_fee_async
41,0.0,0.625,0.375,12,theory_safety_fee_async
42,0.0,0.625,0.375,12,theory_safety_fee_async
43,0.0,0.625,0.375,12,theory_safety_fee_async
44,0.0,0.625,0.375,12,theory_safety_fee_async
45,0.0,0.625,0.375,12,theory_safety_fee_async
46,0.0,0.625,0.375,12,theory_safety_fee_async
47,0.0,0.625,0.375,12,theory_safety_fee_async
48,0.0,0.625,0.375,12,theory_safety_fee_async
49,0.0,0.625,0.375,12,theory_safety_fee_async
50,0.0,0.625,0.375,12,theory_safety_fee_async
51,0.0,0.625,0.375,12,theory_safety_fee_async
52,0.0,0.625,0.375,12,theory_safety_fee_async
53,0.0,0.625,0.375,12,theory_safety_fee_async
54,0.0,0.625,0.375,12,theory_safety_fee_async
55,0.0,0.625,0.375,12,theory_safety_fee_async
56,0.0,0.625,0.375,12,theory_safety_fee_async
57,0.0,0.625,0.375,12,theory_safety_fee_async
58,0.0,0.625,0.375,12,theory_safety_fee_async
59,0.0,0.625,0.375,12,theory_safety_fee_async
60,0.0,0.625,0.375,12,theory_safety_fee_async
61,0.0,0.625,0.375,12,theory_safety_fee_async
62,0.0,0.625,0.375,12,theory_safety_fee_async
63,0.0,0.625,0.375,12,theory_safety_fee_async
64,0.0,0.625,0.375,12,theory_safety_fee_async
65,0.0,0.625,0.375,12,theory_safety_fee_async
66,0.0,0.625,0.375,12,theory_safety_fee_async
67,0.0,0.625,0.375,12,theory_safety_fee_async
68,0.0,0.625,0.375,12,theory_safety_fee_async
69,0.0,0.625,0.375,12,theory_safety_fee_async
70,0.0,0.625,0.375,12,theory_safety_fee_async
71,0.0,0.625,0.375,12,theory_safety_fee_async
72,0.0,0.625,0.375,12,theory_safety_fee_async
73,0.0,0.625,0.375,12,theory_safety_fee_async
74,0.0,0.625,0.375,12,theory_safety_fee_async
75,0.0,0.625,0.375,12,theory_safety_fee_async
76,0.0,0.625,0.375,12,theory_safety_fee_async
77,0.0,0.625,0.375,12,theory_safety_fee_async
78,0.0,0.625,0.375,12,theory_safety_fee_async
79,0.0,0.625,0.375,12,theory_safety_fee_async
80,0.0,0.625,0.375,12,theory_safety_fee_async
81,0.0,0.625,0.375,12,theory_safety_fee_async
82,0.0,0.625,0.375,12,theory_safety_fee_async
83,0.0,0.625,0.375,12,theory_safety_fee_async
84,0.0,0.625,0.375,12,theory_safety_fee_async
85,0.0,0.625,0.375,12,theory_safety_fee_async
86,0.0,0.625,0.375,12,theory_safety_fee_async
87,0.0,0.625,0.375,12,theory_safety_fee_async
88,0.0,0.625,0.375,12,theory_safety_fee_async
89,0.0,0.625,0.375,12,theory_safety_fee_async
90,0.0,0.625,0.375,12,theory_safety_fee_async
91,0.0,0.625,0.375,12,theory_safety_fee_async
92,0.0,0.625,0.375,12,theory_safety_fee_async
93,0.0,0.625,0.375,12,theory_safety_fee_async
94,0.0,0.625,0.375,12,theory_safety_fee_async
95,0.0,0.625,0.375,12,theory_safety_fee_async
96,0.0,0.625,0.375,12,theory_safety_fee_async
97,0.0,0.625,0.375,12,theory_safety_fee_async
98,0.0,0.625,0.375,12,theory_safety_fee_async
99,0.0,0.625,0.375,12,theory_safety_fee_async
100,0.0,0.625,0.375,12,theory_safety_fee_async
0,0.0,1.0,0.0,13,simulation_safety_fee
1,0.0,0.95,0.05,13,simulation_safety_fee
2,0.0,0.9,0.1,13,simulation_safety_fee
3,0.0,0.865,0.135,13,simulation_safety_fee
4,0.0,0.815,0.185,13,simulation_safety_fee
5,0.0,0.775,0.225,13,simulation_safety_fee
6,0.0,0.745,0.255,13,simulation_safety_fee
7,0.0,0.705,0.295,13,simulation_safety_fee
8,0.0,0.705,0.295,13,simulation_safety_fee
9,0.0,0.705,0.295,13,simulation_safety_fee
10,0.0,0.705,0.295,13,simulation_safety_fee
11,0.0,0.705,0.295,13,simulation_safety_fee
0,0.0,1.0,0.0,13,theory_safety_fee
1,0.0,1.0,0.0,13,theory_safety_fee
2,0.0,1.0,0.0,13,theory_safety_fee
3,0.0,1.0,0.0,13,theory_safety_fee
4,0.0,1.0,0.0,13,theory_safety_fee
5,0.0,1.0,0.0,13,theory_safety_fee
6,0.0,1.0,0.0,13,theory_safety_fee
7,0.0,1.0,0.0,13,theory_safety_fee
8,0.0,1.0,0.0,13,theory_safety_fee
9,0.0,1.0,0.0,13,theory_safety_fee
10,0.0,1.0,0.0,13,theory_safety_fee
11,0.0,1.0,0.0,13,theory_safety_fee
12,0.0,1.0,0.0,13,theory_safety_fee
13,0.0,1.0,0.0,13,theory_safety_fee
14,0.0,1.0,0.0,13,theory_safety_fee
15,0.0,1.0,0.0,13,theory_safety_fee
16,0.0,1.0,0.0,13,theory_safety_fee
17,0.0,1.0,0.0,13,theory_safety_fee
18,0.0,1.0,0.0,13,theory_safety_fee
19,0.0,1.0,0.0,13,theory_safety_fee
20,0.0,1.0,0.0,13,theory_safety_fee
21,0.0,1.0,0.0,13,theory_safety_fee
22,0.0,1.0,0.0,13,theory_safety_fee
23,0.0,1.0,0.0,13,theory_safety_fee
24,0.0,1.0,0.0,13,theory_safety_fee
25,0.0,1.0,0.0,13,theory_safety_fee
26,0.0,1.0,0.0,13,theory_safety_fee
27,0.0,1.0,0.0,13,theory_safety_fee
28,0.0,1.0,0.0,13,theory_safety_fee
29,0.0,1.0,0.0,13,theory_safety_fee
30,0.0,1.0,0.0,13,theory_safety_fee
31,0.0,1.0,0.0,13,theory_safety_fee
32,0.0,1.0,0.0,13,theory_safety_fee
33,0.0,1.0,0.0,13,theory_safety_fee
34,0.0,1.0,0.0,13,theory_safety_fee
35,0.0,1.0,0.0,13,theory_safety_fee
36,0.0,1.0,0.0,13,theory_safety_fee
37,0.0,1.0,0.0,13,theory_safety_fee
38,0.0,1.0,0.0,13,theory_safety_fee
39,0.0,1.0,0.0,13,theory_safety_fee
40,0.0,1.0,0.0,13,theory_safety_fee
41,0.0,1.0,0.0,13,theory_safety_fee
42,0.0,1.0,0.0,13,theory_safety_fee
43,0.0,1.0,0.0,13,theory_safety_fee
44,0.0,1.0,0.0,13,theory_safety_fee
45,0.0,1.0,0.0,13,theory_safety_fee
46,0.0,1.0,0.0,13,theory_safety_fee
47,0.0,1.0,0.0,13,theory_safety_fee
48,0.0,1.0,0.0,13,theory_safety_fee
49,0.0,1.0,0.0,13,theory_safety_fee
50,0.0,1.0,0.0,13,theory_safety_fee
51,0.0,1.0,0.0,13,theory_safety_fee
52,0.0,1.0,0.0,13,theory_safety_fee
53,0.0,1.0,0.0,13,theory_safety_fee
54,0.0,1.0,0.0,13,theory_safety_fee
55,0.0,1.0,0.0,13,theory_safety_fee
56,0.0,1.0,0.0,13,theory_safety_fee
57,0.0,1.0,0.0,13,theory_safety_fee
58,0.0,1.0,0.0,13,theory_safety_fee
59,0.0,1.0,0.0,13,theory_safety_fee
60,0.0,1.0,0.0,13,theory_safety_fee
61,0.0,1.0,0.0,13,theory_safety_fee
62,0.0,1.0,0.0,13,theory_safety_fee
63,0.0,1.0,0.0,13,theory_safety_fee
64,0.0,1.0,0.0,13,theory_safety_fee
65,0.0,1.0,0.0,13,theory_safety_fee
66,0.0,1.0,0.0,13,theory_safety_fee
67,0.0,1.0,0.0,13,theory_safety_fee
68,0.0,1.0,0.0,13,theory_safety_fee
69,0.0,1.0,0.0,13,theory_safety_fee
70,0.0,1.0,0.0,13,theory_safety_fee
71,0.0,1.0,0.0,13,theory_safety_fee
72,0.0,1.0,0.0,13,theory_safety_fee
73,0.0,1.0,0.0,13,theory_safety_fee
74,0.0,1.0,0.0,13,theory_safety_fee
75,0.0,1.0,0.0,13,theory_safety_fee
76,0.0,1.0,0.0,13,theory_safety_fee
77,0.0,1.0,0.0,13,theory_safety_fee
78,0.0,1.0,0.0,13,theory_safety_fee
79,0.0,1.0,0.0,13,theory_safety_fee
80,0.0,1.0,0.0,13,theory_safety_fee
81,0.0,1.0,0.0,13,theory_safety_fee
82,0.0,1.0,0.0,13,theory_safety_fee
83,0.0,1.0,0.0,13,theory_safety_fee
84,0.0,1.0,0.0,13,theory_safety_fee
85,0.0,1.0,0.0,13,theory_safety_fee
86,0.0,1.0,0.0,13,theory_safety_fee
87,0.0,1.0,0.0,13,theory_safety_fee
88,0.0,1.0,0.0,13,theory_safety_fee
89,0.0,1.0,0.0,13,theory_safety_fee
90,0.0,1.0,0.0,13,theory_safety_fee
91,0.0,1.0,0.0,13,theory_safety_fee
92,0.0,1.0,0.0,13,theory_safety_fee
93,0.0,1.0,0.0,13,theory_safety_fee
94,0.0,1.0,0.0,13,theory_safety_fee
95,0.0,1.0,0.0,13,theory_safety_fee
96,0.0,1.0,0.0,13,theory_safety_fee
97,0.0,1.0,0.0,13,theory_safety_fee
98,0.0,1.0,0.0,13,theory_safety_fee
99,0.0,1.0,0.0,13,theory_safety_fee
100,0.0,1.0,0.0,13,theory_safety_fee
0,0.0,1.0,0.0,13,theory_safety_fee_async
1,0.0,0.95,0.05,13,theory_safety_fee_async
2,0.0,0.9,0.1,13,theory_safety_fee_async
3,0.0,0.865,0.135,13,theory_safety_fee_async
4,0.0,0.815,0.185,13,theory_safety_fee_async
5,0.0,0.775,0.225,13,theory_safety_fee_async
6,0.0,0.745,0.255,13,theory_safety_fee_async
7,0.0,0.705,0.295,13,theory_safety_fee_async
8,0.0,0.705,0.295,13,theory_safety_fee_async
9,0.0,0.705,0.295,13,theory_safety_fee_async
10,0.0,0.705,0.295,13,theory_safety_fee_async
11,0.0,0.705,0.295,13,theory_safety_fee_async
12,0.0,0.705,0.295,13,theory_safety_fee_async
13,0.0,0.705,0.295,13,theory_safety_fee_async
14,0.0,0.705,0.295,13,theory_safety_fee_async
15,0.0,0.705,0.295,13,theory_safety_fee_async
16,0.0,0.705,0.295,13,theory_safety_fee_async
17,0.0,0.705,0.295,13,theory_safety_fee_async
18,0.0,0.705,0.295,13,theory_safety_fee_async
19,0.0,0.705,0.295,13,theory_safety_fee_async
20,0.0,0.705,0.295,13,theory_safety_fee_async
21,0.0,0.705,0.295,13,theory_safety_fee_async
22,0.0,0.705,0.295,13,theory_safety_fee_async
23,0.0,0.705,0.295,13,theory_safety_fee_async
24,0.0,0.705,0.295,13,theory_safety_fee_async
25,0.0,0.705,0.295,13,theory_safety_fee_async
26,0.0,0.705,0.295,13,theory_safety_fee_async
27,0.0,0.705,0.295,13,theory_safety_fee_async
28,0.0,0.705,0.295,13,theory_safety_fee_async
29,0.0,0.705,0.295,13,theory_safety_fee_async
30,0.0,0.705,0.295,13,theory_safety_fee_async
31,0.0,0.705,0.295,13,theory_safety_fee_async
32,0.0,0.705,0.295,13,theory_safety_fee_async
33,0.0,0.705,0.295,13,theory_safety_fee_async
34,0.0,0.705,0.295,13,theory_safety_fee_async
35,0.0,0.705,0.295,13,theory_safety_fee_async
36,0.0,0.705,0.295,13,theory_safety_fee_async
37,0.0,0.705,0.295,13,theory_safety_fee_async
38,0.0,0.705,0.295,13,theory_safety_fee_async
39,0.0,0.705,0.295,13,theory_safety_fee_async
40,0.0,0.705,0.295,13,theory_safety_fee_async
41,0.0,0.705,0.295,13,theory_safety_fee_async
42,0.0,0.705,0.295,13,theory_safety_fee_async
43,0.0,0.705,0.295,13,theory_safety_fee_async
44,0.0,0.705,0.295,13,theory_safety_fee_async
45,0.0,0.705,0.295,13,theory_safety_fee_async
46,0.0,0.705,0.295,13,theory_safety_fee_async
47,0.0,0.705,0.295,13,theory_safety_fee_async
48,0.0,0.705,0.295,13,theory_safety_fee_async
49,0.0,0.705,0.295,13,theory_safety_fee_async
50,0.0,0.705,0.295,13,theory_safety_fee_async
51,0.0,0.705,0.295,13,theory_safety_fee_async
52,0.0,0.705,0.295,13,theory_safety_fee_async
53,0.0,0.705,0.295,13,theory_safety_fee_async
54,0.0,0.705,0.295,13,theory_safety_fee_async
55,0.0,0.705,0.295,13,theory_safety_fee_async
56,0.0,0.705,0.295,13,theory_safety_fee_async
57,0.0,0.705,0.295,13,theory_safety_fee_async
58,0.0,0.705,0.295,13,theory_safety_fee_async
59,0.0,0.705,0.295,13,theory_safety_fee_async
60,0.0,0.705,0.295,13,theory_safety_fee_async
61,0.0,0.705,0.295,13,theory_safety_fee_async
62,0.0,0.705,0.295,13,theory_safety_fee_async
63,0.0,0.705,0.295,13,theory_safety_fee_async
64,0.0,0.705,0.295,13,theory_safety_fee_async
65,0.0,0.705,0.295,13,theory_safety_fee_async
66,0.0,0.705,0.295,13,theory_safety_fee_async
67,0.0,0.705,0.295,13,theory_safety_fee_async
68,0.0,0.705,0.295,13,theory_safety_fee_async
69,0.0,0.705,0.295,13,theory_safety_fee_async
70,0.0,0.705,0.295,13,theory_safety_fee_async
71,0.0,0.705,0.295,13,theory_safety_fee_async
72,0.0,0.705,0.295,13,theory_safety_fee_async
73,0.0,0.705,0.295,13,theory_safety_fee_async
74,0.0,0.705,0.295,13,theory_safety_fee_async
75,0.0,0.69,0.31,13,theory_safety_fee_async
76,0.0,0.69,0.31,13,theory_safety_fee_async
77,0.0,0.69,0.31,13,theory_safety_fee_async
78,0.0,0.69,0.31,13,theory_safety_fee_async
79,0.0,0.69,0.31,13,theory_safety_fee_async
80,0.0,0.69,0.31,13,theory_safety_fee_async
81,0.0,0.69,0.31,13,theory_safety_fee_async
82,0.0,0.69,0.31,13,theory_safety_fee_async
83,0.0,0.69,0.31,13,theory_safety_fee_async
84,0.0,0.69,0.31,13,theory_safety_fee_async
85,0.0,0.69,0.31,13,theory_safety_fee_async
86,0.0,0.69,0.31,13,theory_safety_fee_async
87,0.0,0.69,0.31,13,theory_safety_fee_async
88,0.0,0.69,0.31,13,theory_safety_fee_async
89,0.0,0.69,0.31,13,theory_safety_fee_async
90,0.0,0.69,0.31,13,theory_safety_fee_async
91,0.0,0.69,0.31,13,theory_safety_fee_async
92,0.0,0.69,0.31,13,theory_safety_fee_async
93,0.0,0.69,0.31,13,theory_safety_fee_async
94,0.0,0.69,0.31,13,theory_safety_fee_async
95,0.0,0.69,0.31,13,theory_safety_fee_async
96,0.0,0.69,0.31,13,theory_safety_fee_async
97,0.0,0.69,0.31,13,theory_safety_fee_async
98,0.0,0.69,0.31,13,theory_safety_fee_async
99,0.0,0.69,0.31,13,theory_safety_fee_async
100,0.0,0.69,0.31,13,theory_safety_fee_async
0,0.0,1.0,0.0,14,simulation_safety_fee
1,0.0,0.95,0.05,14,simulation_safety_fee
2,0.0,0.9,0.1,14,simulation_safety_fee
3,0.0,0.85,0.15,14,simulation_safety_fee
4,0.0,0.805,0.195,14,simulation_safety_fee
5,0.0,0.765,0.235,14,simulation_safety_fee
6,0.0,0.74,0.26,14,simulation_safety_fee
7,0.0,0.7,0.3,14,simulation_safety_fee
8,0.0,0.665,0.335,14,simulation_safety_fee
9,0.0,0.635,0.365,14,simulation_safety_fee
10,0.0,0.61,0.39,14,simulation_safety_fee
11,0.0,0.61,0.39,14,simulation_safety_fee
12,0.0,0.59,0.41,14,simulation_safety_fee
13,0.0,0.59,0.41,14,simulation_safety_fee
14,0.0,0.59,0.41,14,simulation_safety_fee
15,0.0,0.59,0.41,14,simulation_safety_fee
16,0.0,0.59,0.41,14,simulation_safety_fee
0,0.0,1.0,0.0,14,theory_safety_fee
1,0.0,1.0,0.0,14,theory_safety_fee
2,0.0,1.0,0.0,14,theory_safety_fee
3,0.0,1.0,0.0,14,theory_safety_fee
4,0.0,1.0,0.0,14,theory_safety_fee
5,0.0,1.0,0.0,14,theory_safety_fee
6,0.0,1.0,0.0,14,theory_safety_fee
7,0.0,1.0,0.0,14,theory_safety_fee
8,0.0,1.0,0.0,14,theory_safety_fee
9,0.0,1.0,0.0,14,theory_safety_fee
10,0.0,1.0,0.0,14,theory_safety_fee
11,0.0,1.0,0.0,14,theory_safety_fee
12,0.0,1.0,0.0,14,theory_safety_fee
13,0.0,1.0,0.0,14,theory_safety_fee
14,0.0,1.0,0.0,14,theory_safety_fee
15,0.0,1.0,0.0,14,theory_safety_fee
16,0.0,1.0,0.0,14,theory_safety_fee
17,0.0,1.0,0.0,14,theory_safety_fee
18,0.0,1.0,0.0,14,theory_safety_fee
19,0.0,1.0,0.0,14,theory_safety_fee
20,0.0,1.0,0.0,14,theory_safety_fee
21,0.0,1.0,0.0,14,theory_safety_fee
22,0.0,1.0,0.0,14,theory_safety_fee
23,0.0,1.0,0.0,14,theory_safety_fee
24,0.0,1.0,0.0,14,theory_safety_fee
25,0.0,1.0,0.0,14,theory_safety_fee
26,0.0,1.0,0.0,14,theory_safety_fee
27,0.0,1.0,0.0,14,theory_safety_fee
28,0.0,1.0,0.0,14,theory_safety_fee
29,0.0,1.0,0.0,14,theory_safety_fee
30,0.0,1.0,0.0,14,theory_safety_fee
31,0.0,1.0,0.0,14,theory_safety_fee
32,0.0,1.0,0.0,14,theory_safety_fee
33,0.0,1.0,0.0,14,theory_safety_fee
34,0.0,1.0,0.0,14,theory_safety_fee
35,0.0,1.0,0.0,14,theory_safety_fee
36,0.0,1.0,0.0,14,theory_safety_fee
37,0.0,1.0,0.0,14,theory_safety_fee
38,0.0,1.0,0.0,14,theory_safety_fee
39,0.0,1.0,0.0,14,theory_safety_fee
40,0.0,1.0,0.0,14,theory_safety_fee
41,0.0,1.0,0.0,14,theory_safety_fee
42,0.0,1.0,0.0,14,theory_safety_fee
43,0.0,1.0,0.0,14,theory_safety_fee
44,0.0,1.0,0.0,14,theory_safety_fee
45,0.0,1.0,0.0,14,theory_safety_fee
46,0.0,1.0,0.0,14,theory_safety_fee
47,0.0,1.0,0.0,14,theory_safety_fee
48,0.0,1.0,0.0,14,theory_safety_fee
49,0.0,1.0,0.0,14,theory_safety_fee
50,0.0,1.0,0.0,14,theory_safety_fee
51,0.0,1.0,0.0,14,theory_safety_fee
52,0.0,1.0,0.0,14,theory_safety_fee
53,0.0,1.0,0.0,14,theory_safety_fee
54,0.0,1.0,0.0,14,theory_safety_fee
55,0.0,1.0,0.0,14,theory_safety_fee
56,0.0,1.0,0.0,14,theory_safety_fee
57,0.0,1.0,0.0,14,theory_safety_fee
58,0.0,1.0,0.0,14,theory_safety_fee
59,0.0,1.0,0.0,14,theory_safety_fee
60,0.0,1.0,0.0,14,theory_safety_fee
61,0.0,1.0,0.0,14,theory_safety_fee
62,0.0,1.0,0.0,14,theory_safety_fee
63,0.0,1.0,0.0,14,theory_safety_fee
64,0.0,1.0,0.0,14,theory_safety_fee
65,0.0,1.0,0.0,14,theory_safety_fee
66,0.0,1.0,0.0,14,theory_safety_fee
67,0.0,1.0,0.0,14,theory_safety_fee
68,0.0,1.0,0.0,14,theory_safety_fee
69,0.0,1.0,0.0,14,theory_safety_fee
70,0.0,1.0,0.0,14,theory_safety_fee
71,0.0,1.0,0.0,14,theory_safety_fee
72,0.0,1.0,0.0,14,theory_safety_fee
73,0.0,1.0,0.0,14,theory_safety_fee
74,0.0,1.0,0.0,14,theory_safety_fee
75,0.0,1.0,0.0,14,theory_safety_fee
76,0.0,1.0,0.0,14,theory_safety_fee
77,0.0,1.0,0.0,14,theory_safety_fee
78,0.0,1.0,0.0,14,theory_safety_fee
79,0.0,1.0,0.0,14,theory_safety_fee
80,0.0,1.0,0.0,14,theory_safety_fee
81,0.0,1.0,0.0,14,theory_safety_fee
82,0.0,1.0,0.0,14,theory_safety_fee
83,0.0,1.0,0.0,14,theory_safety_fee
84,0.0,1.0,0.0,14,theory_safety_fee
85,0.0,1.0,0.0,14,theory_safety_fee
86,0.0,1.0,0.0,14,theory_safety_fee
87,0.0,1.0,0.0,14,theory_safety_fee
88,0.0,1.0,0.0,14,theory_safety_fee
89,0.0,1.0,0.0,14,theory_safety_fee
90,0.0,1.0,0.0,14,theory_safety_fee
91,0.0,1.0,0.0,14,theory_safety_fee
92,0.0,1.0,0.0,14,theory_safety_fee
93,0.0,1.0,0.0,14,theory_safety_fee
94,0.0,1.0,0.0,14,theory_safety_fee
95,0.0,1.0,0.0,14,theory_safety_fee
96,0.0,1.0,0.0,14,theory_safety_fee
97,0.0,1.0,0.0,14,theory_safety_fee
98,0.0,1.0,0.0,14,theory_safety_fee
99,0.0,1.0,0.0,14,theory_safety_fee
100,0.0,1.0,0.0,14,theory_safety_fee
0,0.0,1.0,0.0,14,theory_safety_fee_async
1,0.0,0.95,0.05,14,theory_safety_fee_async
2,0.0,0.9,0.1,14,theory_safety_fee_async
3,0.0,0.85,0.15,14,theory_safety_fee_async
4,0.0,0.805,0.195,14,theory_safety_fee_async
5,0.0,0.765,0.235,14,theory_safety_fee_async
6,0.0,0.74,0.26,14,theory_safety_fee_async
7,0.0,0.7,0.3,14,theory_safety_fee_async
8,0.0,0.665,0.335,14,theory_safety_fee_async
9,0.0,0.635,0.365,14,theory_safety_fee_async
10,0.0,0.61,0.39,14,theory_safety_fee_async
11,0.0,0.61,0.39,14,theory_safety_fee_async
12,0.0,0.59,0.41,14,theory_safety_fee_async
13,0.0,0.59,0.41,14,theory_safety_fee_async
14,0.0,0.59,0.41,14,theory_safety_fee_async
15,0.0,0.59,0.41,14,theory_safety_fee_async
16,0.0,0.59,0.41,14,theory_safety_fee_async
17,0.0,0.59,0.41,14,theory_safety_fee_async
18,0.0,0.59,0.41,14,theory_safety_fee_async
19,0.0,0.59,0.41,14,theory_safety_fee_async
20,0.0,0.59,0.41,14,theory_safety_fee_async
21,0.0,0.59,0.41,14,theory_safety_fee_async
22,0.0,0.59,0.41,14,theory_safety_fee_async
23,0.0,0.59,0.41,14,theory_safety_fee_async
24,0.0,0.59,0.41,14,theory_safety_fee_async
25,0.0,0.59,0.41,14,theory_safety_fee_async
26,0.0,0.59,0.41,14,theory_safety_fee_async
27,0.0,0.59,0.41,14,theory_safety_fee_async
28,0.0,0.59,0.41,14,theory_safety_fee_async
29,0.0,0.59,0.41,14,theory_safety_fee_async
30,0.0,0.59,0.41,14,theory_safety_fee_async
31,0.0,0.59,0.41,14,theory_safety_fee_async
32,0.0,0.59,0.41,14,theory_safety_fee_async
33,0.0,0.59,0.41,14,theory_safety_fee_async
34,0.0,0.59,0.41,14,theory_safety_fee_async
35,0.0,0.59,0.41,14,theory_safety_fee_async
36,0.0,0.59,0.41,14,theory_safety_fee_async
37,0.0,0.59,0.41,14,theory_safety_fee_async
38,0.0,0.59,0.41,14,theory_safety_fee_async
39,0.0,0.59,0.41,14,theory_safety_fee_async
40,0.0,0.59,0.41,14,theory_safety_fee_async
41,0.0,0.59,0.41,14,theory_safety_fee_async
42,0.0,0.59,0.41,14,theory_safety_fee_async
43,0.0,0.59,0.41,14,theory_safety_fee_async
44,0.0,0.59,0.41,14,theory_safety_fee_async
45,0.0,0.59,0.41,14,theory_safety_fee_async
46,0.0,0.59,0.41,14,theory_safety_fee_async
47,0.0,0.59,0.41,14,theory_safety_fee_async
48,0.0,0.59,0.41,14,theory_safety_fee_async
49,0.0,0.59,0.41,14,theory_safety_fee_async
50,0.0,0.59,0.41,14,theory_safety_fee_async
51,0.0,0.59,0.41,14,theory_safety_fee_async
52,0.0,0.59,0.41,14,theory_safety_fee_async
53,0.0,0.59,0.41,14,theory_safety_fee_async
54,0.0,0.59,0.41,14,theory_safety_fee_async
55,0.0,0.59,0.41,14,theory_safety_fee_async
56,0.0,0.59,0.41,14,theory_safety_fee_async
57,0.0,0.59,0.41,14,theory_safety_fee_async
58,0.0,0.59,0.41,14,theory_safety_fee_async
59,0.0,0.59,0.41,14,theory_safety_fee_async
60,0.0,0.59,0.41,14,theory_safety_fee_async
61,0.0,0.59,0.41,14,theory_safety_fee_async
62,0.0,0.59,0.41,14,theory_safety_fee_async
63,0.0,0.59,0.41,14,theory_safety_fee_async
64,0.0,0.59,0.41,14,theory_safety_fee_async
65,0.0,0.59,0.41,14,theory_safety_fee_async
66,0.0,0.59,0.41,14,theory_safety_fee_async
67,0.0,0.59,0.41,14,theory_safety_fee_async
68,0.0,0.59,0.41,14,theory_safety_fee_async
69,0.0,0.59,0.41,14,theory_safety_fee_async
70,0.0,0.59,0.41,14,theory_safety_fee_async
71,0.0,0.59,0.41,14,theory_safety_fee_async
72,0.0,0.59,0.41,14,theory_safety_fee_async
73,0.0,0.59,0.41,14,theory_safety_fee_async
74,0.0,0.59,0.41,14,theory_safety_fee_async
75,0.0,0.59,0.41,14,theory_safety_fee_async
76,0.0,0.59,0.41,14,theory_safety_fee_async
77,0.0,0.59,0.41,14,theory_safety_fee_async
78,0.0,0.59,0.41,14,theory_safety_fee_async
79,0.0,0.59,0.41,14,theory_safety_fee_async
80,0.0,0.59,0.41,14,theory_safety_fee_async
81,0.0,0.59,0.41,14,theory_safety_fee_async
82,0.0,0.59,0.41,14,theory_safety_fee_async
83,0.0,0.59,0.41,14,theory_safety_fee_async
84,0.0,0.59,0.41,14,theory_safety_fee_async
85,0.0,0.59,0.41,14,theory_safety_fee_async
86,0.0,0.59,0.41,14,theory_safety_fee_async
87,0.0,0.59,0.41,14,theory_safety_fee_async
88,0.0,0.59,0.41,14,theory_safety_fee_async
89,0.0,0.59,0.41,14,theory_safety_fee_async
90,0.0,0.59,0.41,14,theory_safety_fee_async
91,0.0,0.59,0.41,14,theory_safety_fee_async
92,0.0,0.59,0.41,14,theory_safety_fee_async
93,0.0,0.59,0.41,14,theory_safety_fee_async
94,0.0,0.59,0.41,14,theory_safety_fee_async
95,0.0,0.59,0.41,14,theory_safety_fee_async
96,0.0,0.59,0.41,14,theory_safety_fee_async
97,0.0,0.59,0.41,14,theory_safety_fee_async
98,0.0,0.59,0.41,14,theory_safety_fee_async
99,0.0,0.59,0.41,14,theory_safety_fee_async
100,0.0,0.59,0.41,14,theory_safety_fee_async
0,0.0,1.0,0.0,15,simulation_safety_fee
1,0.0,0.95,0.05,15,simulation_safety_fee
2,0.0,0.905,0.095,15,simulation_safety_fee
3,0.0,0.865,0.135,15,simulation_safety_fee
4,0.0,0.815,0.185,15,simulation_safety_fee
5,0.0,0.77,0.23,15,simulation_safety_fee
6,0.0,0.73,0.27,15,simulation_safety_fee
7,0.0,0.695,0.305,15,simulation_safety_fee
8,0.0,0.655,0.345,15,simulation_safety_fee
9,0.0,0.625,0.375,15,simulation_safety_fee
10,0.0,0.625,0.375,15,simulation_safety_fee
11,0.0,0.625,0.375,15,simulation_safety_fee
12,0.0,0.625,0.375,15,simulation_safety_fee
13,0.0,0.625,0.375,15,simulation_safety_fee
0,0.0,1.0,0.0,15,theory_safety_fee
1,0.0,1.0,0.0,15,theory_safety_fee
2,0.0,1.0,0.0,15,theory_safety_fee
3,0.0,1.0,0.0,15,theory_safety_fee
4,0.0,1.0,0.0,15,theory_safety_fee
5,0.0,1.0,0.0,15,theory_safety_fee
6,0.0,1.0,0.0,15,theory_safety_fee
7,0.0,1.0,0.0,15,theory_safety_fee
8,0.0,1.0,0.0,15,theory_safety_fee
9,0.0,1.0,0.0,15,theory_safety_fee
10,0.0,1.0,0.0,15,theory_safety_fee
11,0.0,1.0,0.0,15,theory_safety_fee
12,0.0,1.0,0.0,15,theory_safety_fee
13,0.0,1.0,0.0,15,theory_safety_fee
14,0.0,1.0,0.0,15,theory_safety_fee
15,0.0,1.0,0.0,15,theory_safety_fee
16,0.0,1.0,0.0,15,theory_safety_fee
17,0.0,1.0,0.0,15,theory_safety_fee
18,0.0,1.0,0.0,15,theory_safety_fee
19,0.0,1.0,0.0,15,theory_safety_fee
20,0.0,1.0,0.0,15,theory_safety_fee
21,0.0,1.0,0.0,15,theory_safety_fee
22,0.0,1.0,0.0,15,theory_safety_fee
23,0.0,1.0,0.0,15,theory_safety_fee
24,0.0,1.0,0.0,15,theory_safety_fee
25,0.0,1.0,0.0,15,theory_safety_fee
26,0.0,1.0,0.0,15,theory_safety_fee
27,0.0,1.0,0.0,15,theory_safety_fee
28,0.0,1.0,0.0,15,theory_safety_fee
29,0.0,1.0,0.0,15,theory_safety_fee
30,0.0,1.0,0.0,15,theory_safety_fee
31,0.0,1.0,0.0,15,theory_safety_fee
32,0.0,1.0,0.0,15,theory_safety_fee
33,0.0,1.0,0.0,15,theory_safety_fee
34,0.0,1.0,0.0,15,theory_safety_fee
35,0.0,1.0,0.0,15,theory_safety_fee
36,0.0,1.0,0.0,15,theory_safety_fee
37,0.0,1.0,0.0,15,theory_safety_fee
38,0.0,1.0,0.0,15,theory_safety_fee
39,0.0,1.0,0.0,15,theory_safety_fee
40,0.0,1.0,0.0,15,theory_safety_fee
41,0.0,1.0,0.0,15,theory_safety_fee
42,0.0,1.0,0.0,15,theory_safety_fee
43,0.0,1.0,0.0,15,theory_safety_fee
44,0.0,1.0,0.0,15,theory_safety_fee
45,0.0,1.0,0.0,15,theory_safety_fee
46,0.0,1.0,0.0,15,theory_safety_fee
47,0.0,1.0,0.0,15,theory_safety_fee
48,0.0,1.0,0.0,15,theory_safety_fee
49,0.0,1.0,0.0,15,theory_safety_fee
50,0.0,1.0,0.0,15,theory_safety_fee
51,0.0,1.0,0.0,15,theory_safety_fee
52,0.0,1.0,0.0,15,theory_safety_fee
53,0.0,1.0,0.0,15,theory_safety_fee
54,0.0,1.0,0.0,15,theory_safety_fee
55,0.0,1.0,0.0,15,theory_safety_fee
56,0.0,1.0,0.0,15,theory_safety_fee
57,0.0,1.0,0.0,15,theory_safety_fee
58,0.0,1.0,0.0,15,theory_safety_fee
59,0.0,1.0,0.0,15,theory_safety_fee
60,0.0,1.0,0.0,15,theory_safety_fee
61,0.0,1.0,0.0,15,theory_safety_fee
62,0.0,1.0,0.0,15,theory_safety_fee
63,0.0,1.0,0.0,15,theory_safety_fee
64,0.0,1.0,0.0,15,theory_safety_fee
65,0.0,1.0,0.0,15,theory_safety_fee
66,0.0,1.0,0.0,15,theory_safety_fee
67,0.0,1.0,0.0,15,theory_safety_fee
68,0.0,1.0,0.0,15,theory_safety_fee
69,0.0,1.0,0.0,15,theory_safety_fee
70,0.0,1.0,0.0,15,theory_safety_fee
71,0.0,1.0,0.0,15,theory_safety_fee
72,0.0,1.0,0.0,15,theory_safety_fee
73,0.0,1.0,0.0,15,theory_safety_fee
74,0.0,1.0,0.0,15,theory_safety_fee
75,0.0,1.0,0.0,15,theory_safety_fee
76,0.0,1.0,0.0,15,theory_safety_fee
77,0.0,1.0,0.0,15,theory_safety_fee
78,0.0,1.0,0.0,15,theory_safety_fee
79,0.0,1.0,0.0,15,theory_safety_fee
80,0.0,1.0,0.0,15,theory_safety_fee
81,0.0,1.0,0.0,15,theory_safety_fee
82,0.0,1.0,0.0,15,theory_safety_fee
83,0.0,1.0,0.0,15,theory_safety_fee
84,0.0,1.0,0.0,15,theory_safety_fee
85,0.0,1.0,0.0,15,theory_safety_fee
86,0.0,1.0,0.0,15,theory_safety_fee
87,0.0,1.0,0.0,15,theory_safety_fee
88,0.0,1.0,0.0,15,theory_safety_fee
89,0.0,1.0,0.0,15,theory_safety_fee
90,0.0,1.0,0.0,15,theory_safety_fee
91,0.0,1.0,0.0,15,theory_safety_fee
92,0.0,1.0,0.0,15,theory_safety_fee
93,0.0,1.0,0.0,15,theory_safety_fee
94,0.0,1.0,0.0,15,theory_safety_fee
95,0.0,1.0,0.0,15,theory_safety_fee
96,0.0,1.0,0.0,15,theory_safety_fee
97,0.0,1.0,0.0,15,theory_safety_fee
98,0.0,1.0,0.0,15,theory_safety_fee
99,0.0,1.0,0.0,15,theory_safety_fee
100,0.0,1.0,0.0,15,theory_safety_fee
0,0.0,1.0,0.0,15,theory_safety_fee_async
1,0.0,0.95,0.05,15,theory_safety_fee_async
2,0.0,0.905,0.095,15,theory_safety_fee_async
3,0.0,0.865,0.135,15,theory_safety_fee_async
4,0.0,0.815,0.185,15,theory_safety_fee_async
5,0.0,0.77,0.23,15,theory_safety_fee_async
6,0.0,0.73,0.27,15,theory_safety_fee_async
7,0.0,0.695,0.305,15,theory_safety_fee_async
8,0.0,0.655,0.345,15,theory_safety_fee_async
9,0.0,0.625,0.375,15,theory_safety_fee_async
10,0.0,0.625,0.375,15,theory_safety_fee_async
11,0.0,0.625,0.375,15,theory_safety_fee_async
12,0.0,0.625,0.375,15,theory_safety_fee_async
13,0.0,0.625,0.375,15,theory_safety_fee_async
14,0.0,0.625,0.375,15,theory_safety_fee_async
15,0.0,0.625,0.375,15,theory_safety_fee_async
16,0.0,0.625,0.375,15,theory_safety_fee_async
17,0.0,0.625,0.375,15,theory_safety_fee_async
18,0.0,0.625,0.375,15,theory_safety_fee_async
19,0.0,0.625,0.375,15,theory_safety_fee_async
20,0.0,0.625,0.375,15,theory_safety_fee_async
21,0.0,0.625,0.375,15,theory_safety_fee_async
22,0.0,0.625,0.375,15,theory_safety_fee_async
23,0.0,0.625,0.375,15,theory_safety_fee_async
24,0.0,0.625,0.375,15,theory_safety_fee_async
25,0.0,0.625,0.375,15,theory_safety_fee_async
26,0.0,0.625,0.375,15,theory_safety_fee_async
27,0.0,0.625,0.375,15,theory_safety_fee_async
28,0.0,0.625,0.375,15,theory_safety_fee_async
29,0.0,0.625,0.375,15,theory_safety_fee_async
30,0.0,0.625,0.375,15,theory_safety_fee_async
31,0.0,0.625,0.375,15,theory_safety_fee_async
32,0.0,0.625,0.375,15,theory_safety_fee_async
33,0.0,0.625,0.375,15,theory_safety_fee_async
34,0.0,0.625,0.375,15,theory_safety_fee_async
35,0.0,0.625,0.375,15,theory_safety_fee_async
36,0.0,0.625,0.375,15,theory_safety_fee_async
37,0.0,0.625,0.375,15,theory_safety_fee_async
38,0.0,0.625,0.375,15,theory_safety_fee_async
39,0.0,0.625,0.375,15,theory_safety_fee_async
40,0.0,0.625,0.375,15,theory_safety_fee_async
41,0.0,0.625,0.375,15,theory_safety_fee_async
42,0.0,0.625,0.375,15,theory_safety_fee_async
43,0.0,0.625,0.375,15,theory_safety_fee_async
44,0.0,0.625,0.375,15,theory_safety_fee_async
45,0.0,0.625,0.375,15,theory_safety_fee_async
46,0.0,0.625,0.375,15,theory_safety_fee_async
47,0.0,0.625,0.375,15,theory_safety_fee_async
48,0.0,0.625,0.375,15,theory_safety_fee_async
49,0.0,0.625,0.375,15,theory_safety_fee_async
50,0.0,0.625,0.375,15,theory_safety_fee_async
51,0.0,0.625,0.375,15,theory_safety_fee_async
52,0.0,0.625,0.375,15,theory_safety_fee_async
53,0.0,0.625,0.375,15,theory_safety_fee_async
54,0.0,0.625,0.375,15,theory_safety_fee_async
55,0.0,0.625,0.375,15,theory_safety_fee_async
56,0.0,0.625,0.375,15,theory_safety_fee_async
57,0.0,0.625,0.375,15,theory_safety_fee_async
58,0.0,0.625,0.375,15,theory_safety_fee_async
59,0.0,0.625,0.375,15,theory_safety_fee_async
60,0.0,0.625,0.375,15,theory_safety_fee_async
61,0.0,0.625,0.375,15,theory_safety_fee_async
62,0.0,0.625,0.375,15,theory_safety_fee_async
63,0.0,0.625,0.375,15,theory_safety_fee_async
64,0.0,0.625,0.375,15,theory_safety_fee_async
65,0.0,0.625,0.375,15,theory_safety_fee_async
66,0.0,0.625,0.375,15,theory_safety_fee_async
67,0.0,0.625,0.375,15,theory_safety_fee_async
68,0.0,0.625,0.375,15,theory_safety_fee_async
69,0.0,0.625,0.375,15,theory_safety_fee_async
70,0.0,0.625,0.375,15,theory_safety_fee_async
71,0.0,0.625,0.375,15,theory_safety_fee_async
72,0.0,0.625,0.375,15,theory_safety_fee_async
73,0.0,0.625,0.375,15,theory_safety_fee_async
74,0.0,0.625,0.375,15,theory_safety_fee_async
75,0.0,0.625,0.375,15,theory_safety_fee_async
76,0.0,0.625,0.375,15,theory_safety_fee_async
77,0.0,0.625,0.375,15,theory_safety_fee_async
78,0.0,0.625,0.375,15,theory_safety_fee_async
79,0.0,0.625,0.375,15,theory_safety_fee_async
80,0.0,0.625,0.375,15,theory_safety_fee_async
81,0.0,0.625,0.375,15,theory_safety_fee_async
82,0.0,0.625,0.375,15,theory_safety_fee_async
83,0.0,0.625,0.375,15,theory_safety_fee_async
84,0.0,0.625,0.375,15,theory_safety_fee_async
85,0.0,0.625,0.375,15,theory_safety_fee_async
86,0.0,0.625,0.375,15,theory_safety_fee_async
87,0.0,0.625,0.375,15,theory_safety_fee_async
88,0.0,0.625,0.375,15,theory_safety_fee_async
89,0.0,0.625,0.375,15,theory_safety_fee_async
90,0.0,0.625,0.375,15,theory_safety_fee_async
91,0.0,0.625,0.375,15,theory_safety_fee_async
92,0.0,0.625,0.375,15,theory_safety_fee_async
93,0.0,0.625,0.375,15,theory_safety_fee_async
94,0.0,0.625,0.375,15,theory_safety_fee_async
95,0.0,0.625,0.375,15,theory_safety_fee_async
96,0.0,0.625,0.375,15,theory_safety_fee_async
97,0.0,0.625,0.375,15,theory_safety_fee_async
98,0.0,0.625,0.375,15,theory_safety_fee_async
99,0.0,0.625,0.375,15,theory_safety_fee_async
100,0.0,0.625,0.375,15,theory_safety_fee_async
0,0.0,1.0,0.0,16,simulation_safety_fee
1,0.0,0.95,0.05,16,simulation_safety_fee
2,0.0,0.9,0.1,16,simulation_safety_fee
3,0.0,0.855,0.145,16,simulation_safety_fee
4,0.0,0.815,0.185,16,simulation_safety_fee
5,0.0,0.77,0.23,16,simulation_safety_fee
6,0.0,0.725,0.275,16,simulation_safety_fee
7,0.0,0.69,0.31,16,simulation_safety_fee
8,0.0,0.665,0.335,16,simulation_safety_fee
9,0.0,0.665,0.335,16,simulation_safety_fee
10,0.0,0.665,0.335,16,simulation_safety_fee
11,0.0,0.665,0.335,16,simulation_safety_fee
12,0.0,0.635,0.365,16,simulation_safety_fee
13,0.0,0.635,0.365,16,simulation_safety_fee
14,0.0,0.635,0.365,16,simulation_safety_fee
15,0.0,0.635,0.365,16,simulation_safety_fee
16,0.0,0.635,0.365,16,simulation_safety_fee
0,0.0,1.0,0.0,16,theory_safety_fee
1,0.0,1.0,0.0,16,theory_safety_fee
2,0.0,1.0,0.0,16,theory_safety_fee
3,0.0,1.0,0.0,16,theory_safety_fee
4,0.0,1.0,0.0,16,theory_safety_fee
5,0.0,1.0,0.0,16,theory_safety_fee
6,0.0,1.0,0.0,16,theory_safety_fee
7,0.0,1.0,0.0,16,theory_safety_fee
8,0.0,1.0,0.0,16,theory_safety_fee
9,0.0,1.0,0.0,16,theory_safety_fee
10,0.0,1.0,0.0,16,theory_safety_fee
11,0.0,1.0,0.0,16,theory_safety_fee
12,0.0,1.0,0.0,16,theory_safety_fee
13,0.0,1.0,0.0,16,theory_safety_fee
14,0.0,1.0,0.0,16,theory_safety_fee
15,0.0,1.0,0.0,16,theory_safety_fee
16,0.0,1.0,0.0,16,theory_safety_fee
17,0.0,1.0,0.0,16,theory_safety_fee
18,0.0,1.0,0.0,16,theory_safety_fee
19,0.0,1.0,0.0,16,theory_safety_fee
20,0.0,1.0,0.0,16,theory_safety_fee
21,0.0,1.0,0.0,16,theory_safety_fee
22,0.0,1.0,0.0,16,theory_safety_fee
23,0.0,1.0,0.0,16,theory_safety_fee
24,0.0,1.0,0.0,16,theory_safety_fee
25,0.0,1.0,0.0,16,theory_safety_fee
26,0.0,1.0,0.0,16,theory_safety_fee
27,0.0,1.0,0.0,16,theory_safety_fee
28,0.0,1.0,0.0,16,theory_safety_fee
29,0.0,1.0,0.0,16,theory_safety_fee
30,0.0,1.0,0.0,16,theory_safety_fee
31,0.0,1.0,0.0,16,theory_safety_fee
32,0.0,1.0,0.0,16,theory_safety_fee
33,0.0,1.0,0.0,16,theory_safety_fee
34,0.0,1.0,0.0,16,theory_safety_fee
35,0.0,1.0,0.0,16,theory_safety_fee
36,0.0,1.0,0.0,16,theory_safety_fee
37,0.0,1.0,0.0,16,theory_safety_fee
38,0.0,1.0,0.0,16,theory_safety_fee
39,0.0,1.0,0.0,16,theory_safety_fee
40,0.0,1.0,0.0,16,theory_safety_fee
41,0.0,1.0,0.0,16,theory_safety_fee
42,0.0,1.0,0.0,16,theory_safety_fee
43,0.0,1.0,0.0,16,theory_safety_fee
44,0.0,1.0,0.0,16,theory_safety_fee
45,0.0,1.0,0.0,16,theory_safety_fee
46,0.0,1.0,0.0,16,theory_safety_fee
47,0.0,1.0,0.0,16,theory_safety_fee
48,0.0,1.0,0.0,16,theory_safety_fee
49,0.0,1.0,0.0,16,theory_safety_fee
50,0.0,1.0,0.0,16,theory_safety_fee
51,0.0,1.0,0.0,16,theory_safety_fee
52,0.0,1.0,0.0,16,theory_safety_fee
53,0.0,1.0,0.0,16,theory_safety_fee
54,0.0,1.0,0.0,16,theory_safety_fee
55,0.0,1.0,0.0,16,theory_safety_fee
56,0.0,1.0,0.0,16,theory_safety_fee
57,0.0,1.0,0.0,16,theory_safety_fee
58,0.0,1.0,0.0,16,theory_safety_fee
59,0.0,1.0,0.0,16,theory_safety_fee
60,0.0,1.0,0.0,16,theory_safety_fee
61,0.0,1.0,0.0,16,theory_safety_fee
62,0.0,1.0,0.0,16,theory_safety_fee
63,0.0,1.0,0.0,16,theory_safety_fee
64,0.0,1.0,0.0,16,theory_safety_fee
65,0.0,1.0,0.0,16,theory_safety_fee
66,0.0,1.0,0.0,16,theory_safety_fee
67,0.0,1.0,0.0,16,theory_safety_fee
68,0.0,1.0,0.0,16,theory_safety_fee
69,0.0,1.0,0.0,16,theory_safety_fee
70,0.0,1.0,0.0,16,theory_safety_fee
71,0.0,1.0,0.0,16,theory_safety_fee
72,0.0,1.0,0.0,16,theory_safety_fee
73,0.0,1.0,0.0,16,theory_safety_fee
74,0.0,1.0,0.0,16,theory_safety_fee
75,0.0,1.0,0.0,16,theory_safety_fee
76,0.0,1.0,0.0,16,theory_safety_fee
77,0.0,1.0,0.0,16,theory_safety_fee
78,0.0,1.0,0.0,16,theory_safety_fee
79,0.0,1.0,0.0,16,theory_safety_fee
80,0.0,1.0,0.0,16,theory_safety_fee
81,0.0,1.0,0.0,16,theory_safety_fee
82,0.0,1.0,0.0,16,theory_safety_fee
83,0.0,1.0,0.0,16,theory_safety_fee
84,0.0,1.0,0.0,16,theory_safety_fee
85,0.0,1.0,0.0,16,theory_safety_fee
86,0.0,1.0,0.0,16,theory_safety_fee
87,0.0,1.0,0.0,16,theory_safety_fee
88,0.0,1.0,0.0,16,theory_safety_fee
89,0.0,1.0,0.0,16,theory_safety_fee
90,0.0,1.0,0.0,16,theory_safety_fee
91,0.0,1.0,0.0,16,theory_safety_fee
92,0.0,1.0,0.0,16,theory_safety_fee
93,0.0,1.0,0.0,16,theory_safety_fee
94,0.0,1.0,0.0,16,theory_safety_fee
95,0.0,1.0,0.0,16,theory_safety_fee
96,0.0,1.0,0.0,16,theory_safety_fee
97,0.0,1.0,0.0,16,theory_safety_fee
98,0.0,1.0,0.0,16,theory_safety_fee
99,0.0,1.0,0.0,16,theory_safety_fee
100,0.0,1.0,0.0,16,theory_safety_fee
0,0.0,1.0,0.0,16,theory_safety_fee_async
1,0.0,0.95,0.05,16,theory_safety_fee_async
2,0.0,0.9,0.1,16,theory_safety_fee_async
3,0.0,0.855,0.145,16,theory_safety_fee_async
4,0.0,0.815,0.185,16,theory_safety_fee_async
5,0.0,0.77,0.23,16,theory_safety_fee_async
6,0.0,0.725,0.275,16,theory_safety_fee_async
7,0.0,0.69,0.31,16,theory_safety_fee_async
8,0.0,0.665,0.335,16,theory_safety_fee_async
9,0.0,0.665,0.335,16,theory_safety_fee_async
10,0.0,0.665,0.335,16,theory_safety_fee_async
11,0.0,0.665,0.335,16,theory_safety_fee_async
12,0.0,0.635,0.365,16,theory_safety_fee_async
13,0.0,0.635,0.365,16,theory_safety_fee_async
14,0.0,0.635,0.365,16,theory_safety_fee_async
15,0.0,0.635,0.365,16,theory_safety_fee_async
16,0.0,0.635,0.365,16,theory_safety_fee_async
17,0.0,0.635,0.365,16,theory_safety_fee_async
18,0.0,0.635,0.365,16,theory_safety_fee_async
19,0.0,0.635,0.365,16,theory_safety_fee_async
20,0.0,0.635,0.365,16,theory_safety_fee_async
21,0.0,0.635,0.365,16,theory_safety_fee_async
22,0.0,0.635,0.365,16,theory_safety_fee_async
23,0.0,0.635,0.365,16,theory_safety_fee_async
24,0.0,0.635,0.365,16,theory_safety_fee_async
25,0.0,0.635,0.365,16,theory_safety_fee_async
26,0.0,0.635,0.365,16,theory_safety_fee_async
27,0.0,0.635,0.365,16,theory_safety_fee_async
28,0.0,0.635,0.365,16,theory_safety_fee_async
29,0.0,0.635,0.365,16,theory_safety_fee_async
30,0.0,0.635,0.365,16,theory_safety_fee_async
31,0.0,0.635,0.365,16,theory_safety_fee_async
32,0.0,0.635,0.365,16,theory_safety_fee_async
33,0.0,0.635,0.365,16,theory_safety_fee_async
34,0.0,0.635,0.365,16,theory_safety_fee_async
35,0.0,0.635,0.365,16,theory_safety_fee_async
36,0.0,0.635,0.365,16,theory_safety_fee_async
37,0.0,0.635,0.365,16,theory_safety_fee_async
38,0.0,0.635,0.365,16,theory_safety_fee_async
39,0.0,0.635,0.365,16,theory_safety_fee_async
40,0.0,0.635,0.365,16,theory_safety_fee_async
41,0.0,0.635,0.365,16,theory_safety_fee_async
42,0.0,0.635,0.365,16,theory_safety_fee_async
43,0.0,0.635,0.365,16,theory_safety_fee_async
44,0.0,0.635,0.365,16,theory_safety_fee_async
45,0.0,0.635,0.365,16,theory_safety_fee_async
46,0.0,0.635,0.365,16,theory_safety_fee_async
47,0.0,0.635,0.365,16,theory_safety_fee_async
48,0.0,0.635,0.365,16,theory_safety_fee_async
49,0.0,0.635,0.365,16,theory_safety_fee_async
50,0.0,0.635,0.365,16,theory_safety_fee_async
51,0.0,0.635,0.365,16,theory_safety_fee_async
52,0.0,0.635,0.365,16,theory_safety_fee_async
53,0.0,0.615,0.385,16,theory_safety_fee_async
54,0.0,0.615,0.385,16,theory_safety_fee_async
55,0.0,0.615,0.385,16,theory_safety_fee_async
56,0.0,0.615,0.385,16,theory_safety_fee_async
57,0.0,0.615,0.385,16,theory_safety_fee_async
58,0.0,0.615,0.385,16,theory_safety_fee_async
59,0.0,0.615,0.385,16,theory_safety_fee_async
60,0.0,0.615,0.385,16,theory_safety_fee_async
61,0.0,0.615,0.385,16,theory_safety_fee_async
62,0.0,0.615,0.385,16,theory_safety_fee_async
63,0.0,0.615,0.385,16,theory_safety_fee_async
64,0.0,0.615,0.385,16,theory_safety_fee_async
65,0.0,0.615,0.385,16,theory_safety_fee_async
66,0.0,0.615,0.385,16,theory_safety_fee_async
67,0.0,0.615,0.385,16,theory_safety_fee_async
68,0.0,0.615,0.385,16,theory_safety_fee_async
69,0.0,0.615,0.385,16,theory_safety_fee_async
70,0.0,0.615,0.385,16,theory_safety_fee_async
71,0.0,0.615,0.385,16,theory_safety_fee_async
72,0.0,0.615,0.385,16,theory_safety_fee_async
73,0.0,0.615,0.385,16,theory_safety_fee_async
74,0.0,0.615,0.385,16,theory_safety_fee_async
75,0.0,0.615,0.385,16,theory_safety_fee_async
76,0.0,0.615,0.385,16,theory_safety_fee_async
77,0.0,0.615,0.385,16,theory_safety_fee_async
78,0.0,0.615,0.385,16,theory_safety_fee_async
79,0.0,0.615,0.385,16,theory_safety_fee_async
80,0.0,0.615,0.385,16,theory_safety_fee_async
81,0.0,0.615,0.385,16,theory_safety_fee_async
82,0.0,0.615,0.385,16,theory_safety_fee_async
83,0.0,0.615,0.385,16,theory_safety_fee_async
84,0.0,0.615,0.385,16,theory_safety_fee_async
85,0.0,0.615,0.385,16,theory_safety_fee_async
86,0.0,0.615,0.385,16,theory_safety_fee_async
87,0.0,0.615,0.385,16,theory_safety_fee_async
88,0.0,0.615,0.385,16,theory_safety_fee_async
89,0.0,0.615,0.385,16,theory_safety_fee_async
90,0.0,0.615,0.385,16,theory_safety_fee_async
91,0.0,0.615,0.385,16,theory_safety_fee_async
92,0.0,0.615,0.385,16,theory_safety_fee_async
93,0.0,0.615,0.385,16,theory_safety_fee_async
94,0.0,0.615,0.385,16,theory_safety_fee_async
95,0.0,0.615,0.385,16,theory_safety_fee_async
96,0.0,0.615,0.385,16,theory_safety_fee_async
97,0.0,0.615,0.385,16,theory_safety_fee_async
98,0.0,0.615,0.385,16,theory_safety_fee_async
99,0.0,0.615,0.385,16,theory_safety_fee_async
100,0.0,0.615,0.385,16,theory_safety_fee_async
0,0.0,1.0,0.0,17,simulation_safety_fee
1,0.0,0.95,0.05,17,simulation_safety_fee
2,0.0,0.9,0.1,17,simulation_safety_fee
3,0.0,0.855,0.145,17,simulation_safety_fee
4,0.0,0.81,0.19,17,simulation_safety_fee
5,0.0,0.775,0.225,17,simulation_safety_fee
6,0.0,0.745,0.255,17,simulation_safety_fee
7,0.0,0.71,0.29,17,simulation_safety_fee
8,0.0,0.71,0.29,17,simulation_safety_fee
9,0.0,0.71,0.29,17,simulation_safety_fee
10,0.0,0.71,0.29,17,simulation_safety_fee
11,0.0,0.71,0.29,17,simulation_safety_fee
0,0.0,1.0,0.0,17,theory_safety_fee
1,0.0,1.0,0.0,17,theory_safety_fee
2,0.0,1.0,0.0,17,theory_safety_fee
3,0.0,1.0,0.0,17,theory_safety_fee
4,0.0,1.0,0.0,17,theory_safety_fee
5,0.0,1.0,0.0,17,theory_safety_fee
6,0.0,1.0,0.0,17,theory_safety_fee
7,0.0,1.0,0.0,17,theory_safety_fee
8,0.0,1.0,0.0,17,theory_safety_fee
9,0.0,1.0,0.0,17,theory_safety_fee
10,0.0,1.0,0.0,17,theory_safety_fee
11,0.0,1.0,0.0,17,theory_safety_fee
12,0.0,1.0,0.0,17,theory_safety_fee
13,0.0,1.0,0.0,17,theory_safety_fee
14,0.0,1.0,0.0,17,theory_safety_fee
15,0.0,1.0,0.0,17,theory_safety_fee
16,0.0,1.0,0.0,17,theory_safety_fee
17,0.0,1.0,0.0,17,theory_safety_fee
18,0.0,1.0,0.0,17,theory_safety_fee
19,0.0,1.0,0.0,17,theory_safety_fee
20,0.0,1.0,0.0,17,theory_safety_fee
21,0.0,1.0,0.0,17,theory_safety_fee
22,0.0,1.0,0.0,17,theory_safety_fee
23,0.0,1.0,0.0,17,theory_safety_fee
24,0.0,1.0,0.0,17,theory_safety_fee
25,0.0,1.0,0.0,17,theory_safety_fee
26,0.0,1.0,0.0,17,theory_safety_fee
27,0.0,1.0,0.0,17,theory_safety_fee
28,0.0,1.0,0.0,17,theory_safety_fee
29,0.0,1.0,0.0,17,theory_safety_fee
30,0.0,1.0,0.0,17,theory_safety_fee
31,0.0,1.0,0.0,17,theory_safety_fee
32,0.0,1.0,0.0,17,theory_safety_fee
33,0.0,1.0,0.0,17,theory_safety_fee
34,0.0,1.0,0.0,17,theory_safety_fee
35,0.0,1.0,0.0,17,theory_safety_fee
36,0.0,1.0,0.0,17,theory_safety_fee
37,0.0,1.0,0.0,17,theory_safety_fee
38,0.0,1.0,0.0,17,theory_safety_fee
39,0.0,1.0,0.0,17,theory_safety_fee
40,0.0,1.0,0.0,17,theory_safety_fee
41,0.0,1.0,0.0,17,theory_safety_fee
42,0.0,1.0,0.0,17,theory_safety_fee
43,0.0,1.0,0.0,17,theory_safety_fee
44,0.0,1.0,0.0,17,theory_safety_fee
45,0.0,1.0,0.0,17,theory_safety_fee
46,0.0,1.0,0.0,17,theory_safety_fee
47,0.0,1.0,0.0,17,theory_safety_fee
48,0.0,1.0,0.0,17,theory_safety_fee
49,0.0,1.0,0.0,17,theory_safety_fee
50,0.0,1.0,0.0,17,theory_safety_fee
51,0.0,1.0,0.0,17,theory_safety_fee
52,0.0,1.0,0.0,17,theory_safety_fee
53,0.0,1.0,0.0,17,theory_safety_fee
54,0.0,1.0,0.0,17,theory_safety_fee
55,0.0,1.0,0.0,17,theory_safety_fee
56,0.0,1.0,0.0,17,theory_safety_fee
57,0.0,1.0,0.0,17,theory_safety_fee
58,0.0,1.0,0.0,17,theory_safety_fee
59,0.0,1.0,0.0,17,theory_safety_fee
60,0.0,1.0,0.0,17,theory_safety_fee
61,0.0,1.0,0.0,17,theory_safety_fee
62,0.0,1.0,0.0,17,theory_safety_fee
63,0.0,1.0,0.0,17,theory_safety_fee
64,0.0,1.0,0.0,17,theory_safety_fee
65,0.0,1.0,0.0,17,theory_safety_fee
66,0.0,1.0,0.0,17,theory_safety_fee
67,0.0,1.0,0.0,17,theory_safety_fee
68,0.0,1.0,0.0,17,theory_safety_fee
69,0.0,1.0,0.0,17,theory_safety_fee
70,0.0,1.0,0.0,17,theory_safety_fee
71,0.0,1.0,0.0,17,theory_safety_fee
72,0.0,1.0,0.0,17,theory_safety_fee
73,0.0,1.0,0.0,17,theory_safety_fee
74,0.0,1.0,0.0,17,theory_safety_fee
75,0.0,1.0,0.0,17,theory_safety_fee
76,0.0,1.0,0.0,17,theory_safety_fee
77,0.0,1.0,0.0,17,theory_safety_fee
78,0.0,1.0,0.0,17,theory_safety_fee
79,0.0,1.0,0.0,17,theory_safety_fee
80,0.0,1.0,0.0,17,theory_safety_fee
81,0.0,1.0,0.0,17,theory_safety_fee
82,0.0,1.0,0.0,17,theory_safety_fee
83,0.0,1.0,0.0,17,theory_safety_fee
84,0.0,1.0,0.0,17,theory_safety_fee
85,0.0,1.0,0.0,17,theory_safety_fee
86,0.0,1.0,0.0,17,theory_safety_fee
87,0.0,1.0,0.0,17,theory_safety_fee
88,0.0,1.0,0.0,17,theory_safety_fee
89,0.0,1.0,0.0,17,theory_safety_fee
90,0.0,1.0,0.0,17,theory_safety_fee
91,0.0,1.0,0.0,17,theory_safety_fee
92,0.0,1.0,0.0,17,theory_safety_fee
93,0.0,1.0,0.0,17,theory_safety_fee
94,0.0,1.0,0.0,17,theory_safety_fee
95,0.0,1.0,0.0,17,theory_safety_fee
96,0.0,1.0,0.0,17,theory_safety_fee
97,0.0,1.0,0.0,17,theory_safety_fee
98,0.0,1.0,0.0,17,theory_safety_fee
99,0.0,1.0,0.0,17,theory_safety_fee
100,0.0,1.0,0.0,17,theory_safety_fee
0,0.0,1.0,0.0,17,theory_safety_fee_async
1,0.0,0.95,0.05,17,theory_safety_fee_async
2,0.0,0.9,0.1,17,theory_safety_fee_async
3,0.0,0.855,0.145,17,theory_safety_fee_async
4,0.0,0.81,0.19,17,theory_safety_fee_async
5,0.0,0.775,0.225,17,theory_safety_fee_async
6,0.0,0.745,0.255,17,theory_safety_fee_async
7,0.0,0.71,0.29,17,theory_safety_fee_async
8,0.0,0.71,0.29,17,theory_safety_fee_async
9,0.0,0.71,0.29,17,theory_safety_fee_async
10,0.0,0.71,0.29,17,theory_safety_fee_async
11,0.0,0.71,0.29,17,theory_safety_fee_async
12,0.0,0.71,0.29,17,theory_safety_fee_async
13,0.0,0.71,0.29,17,theory_safety_fee_async
14,0.0,0.71,0.29,17,theory_safety_fee_async
15,0.0,0.71,0.29,17,theory_safety_fee_async
16,0.0,0.71,0.29,17,theory_safety_fee_async
17,0.0,0.71,0.29,17,theory_safety_fee_async
18,0.0,0.71,0.29,17,theory_safety_fee_async
19,0.0,0.71,0.29,17,theory_safety_fee_async
20,0.0,0.71,0.29,17,theory_safety_fee_async
21,0.0,0.71,0.29,17,theory_safety_fee_async
22,0.0,0.71,0.29,17,theory_safety_fee_async
23,0.0,0.71,0.29,17,theory_safety_fee_async
24,0.0,0.71,0.29,17,theory_safety_fee_async
25,0.0,0.71,0.29,17,theory_safety_fee_async
26,0.0,0.71,0.29,17,theory_safety_fee_async
27,0.0,0.71,0.29,17,theory_safety_fee_async
28,0.0,0.71,0.29,17,theory_safety_fee_async
29,0.0,0.71,0.29,17,theory_safety_fee_async
30,0.0,0.71,0.29,17,theory_safety_fee_async
31,0.0,0.71,0.29,17,theory_safety_fee_async
32,0.0,0.71,0.29,17,theory_safety_fee_async
33,0.0,0.71,0.29,17,theory_safety_fee_async
34,0.0,0.71,0.29,17,theory_safety_fee_async
35,0.0,0.71,0.29,17,theory_safety_fee_async
36,0.0,0.71,0.29,17,theory_safety_fee_async
37,0.0,0.71,0.29,17,theory_safety_fee_async
38,0.0,0.71,0.29,17,theory_safety_fee_async
39,0.0,0.71,0.29,17,theory_safety_fee_async
40,0.0,0.71,0.29,17,theory_safety_fee_async
41,0.0,0.71,0.29,17,theory_safety_fee_async
42,0.0,0.71,0.29,17,theory_safety_fee_async
43,0.0,0.71,0.29,17,theory_safety_fee_async
44,0.0,0.71,0.29,17,theory_safety_fee_async
45,0.0,0.71,0.29,17,theory_safety_fee_async
46,0.0,0.71,0.29,17,theory_safety_fee_async
47,0.0,0.71,0.29,17,theory_safety_fee_async
48,0.0,0.71,0.29,17,theory_safety_fee_async
49,0.0,0.71,0.29,17,theory_safety_fee_async
50,0.0,0.71,0.29,17,theory_safety_fee_async
51,0.0,0.71,0.29,17,theory_safety_fee_async
52,0.0,0.71,0.29,17,theory_safety_fee_async
53,0.0,0.71,0.29,17,theory_safety_fee_async
54,0.0,0.71,0.29,17,theory_safety_fee_async
55,0.0,0.71,0.29,17,theory_safety_fee_async
56,0.0,0.71,0.29,17,theory_safety_fee_async
57,0.0,0.71,0.29,17,theory_safety_fee_async
58,0.0,0.71,0.29,17,theory_safety_fee_async
59,0.0,0.71,0.29,17,theory_safety_fee_async
60,0.0,0.71,0.29,17,theory_safety_fee_async
61,0.0,0.71,0.29,17,theory_safety_fee_async
62,0.0,0.71,0.29,17,theory_safety_fee_async
63,0.0,0.71,0.29,17,theory_safety_fee_async
64,0.0,0.71,0.29,17,theory_safety_fee_async
65,0.0,0.71,0.29,17,theory_safety_fee_async
66,0.0,0.71,0.29,17,theory_safety_fee_async
67,0.0,0.71,0.29,17,theory_safety_fee_async
68,0.0,0.71,0.29,17,theory_safety_fee_async
69,0.0,0.71,0.29,17,theory_safety_fee_async
70,0.0,0.71,0.29,17,theory_safety_fee_async
71,0.0,0.71,0.29,17,theory_safety_fee_async
72,0.0,0.71,0.29,17,theory_safety_fee_async
73,0.0,0.71,0.29,17,theory_safety_fee_async
74,0.0,0.71,0.29,17,theory_safety_fee_async
75,0.0,0.71,0.29,17,theory_safety_fee_async
76,0.0,0.71,0.29,17,theory_safety_fee_async
77,0.0,0.71,0.29,17,theory_safety_fee_async
78,0.0,0.71,0.29,17,theory_safety_fee_async
79,0.0,0.71,0.29,17,theory_safety_fee_async
80,0.0,0.71,0.29,17,theory_safety_fee_async
81,0.0,0.71,0.29,17,theory_safety_fee_async
82,0.0,0.71,0.29,17,theory_safety_fee_async
83,0.0,0.71,0.29,17,theory_safety_fee_async
84,0.0,0.71,0.29,17,theory_safety_fee_async
85,0.0,0.71,0.29,17,theory_safety_fee_async
86,0.0,0.71,0.29,17,theory_safety_fee_async
87,0.0,0.71,0.29,17,theory_safety_fee_async
88,0.0,0.71,0.29,17,theory_safety_fee_async
89,0.0,0.71,0.29,17,theory_safety_fee_async
90,0.0,0.71,0.29,17,theory_safety_fee_async
91,0.0,0.71,0.29,17,theory_safety_fee_async
92,0.0,0.71,0.29,17,theory_safety_fee_async
93,0.0,0.71,0.29,17,theory_safety_fee_async
94,0.0,0.71,0.29,17,theory_safety_fee_async
95,0.0,0.71,0.29,17,theory_safety_fee_async
96,0.0,0.71,0.29,17,theory_safety_fee_async
97,0.0,0.71,0.29,17,theory_safety_fee_async
98,0.0,0.71,0.29,17,theory_safety_fee_async
99,0.0,0.71,0.29,17,theory_safety_fee_async
100,0.0,0.71,0.29,17,theory_safety_fee_async
0,0.0,0.94,0.06,18,simulation_safety_fee
1,0.0,0.89,0.11,18,simulation_safety_fee
2,0.0,0.85,0.15,18,simulation_safety_fee
3,0.0,0.805,0.195,18,simulation_safety_fee
4,0.0,0.76,0.24,18,simulation_safety_fee
5,0.0,0.71,0.29,18,simulation_safety_fee
6,0.0,0.675,0.325,18,simulation_safety_fee
7,0.0,0.675,0.325,18,simulation_safety_fee
8,0.0,0.675,0.325,18,simulation_safety_fee
9,0.0,0.675,0.325,18,simulation_safety_fee
10,0.0,0.675,0.325,18,simulation_safety_fee
0,0.0,0.94,0.06,18,theory_safety_fee
1,0.0,0.94,0.06,18,theory_safety_fee
2,0.0,0.94,0.06,18,theory_safety_fee
3,0.0,0.94,0.06,18,theory_safety_fee
4,0.0,0.94,0.06,18,theory_safety_fee
5,0.0,0.94,0.06,18,theory_safety_fee
6,0.0,0.94,0.06,18,theory_safety_fee
7,0.0,0.94,0.06,18,theory_safety_fee
8,0.0,0.94,0.06,18,theory_safety_fee
9,0.0,0.94,0.06,18,theory_safety_fee
10,0.0,0.94,0.06,18,theory_safety_fee
11,0.0,0.94,0.06,18,theory_safety_fee
12,0.0,0.94,0.06,18,theory_safety_fee
13,0.0,0.94,0.06,18,theory_safety_fee
14,0.0,0.94,0.06,18,theory_safety_fee
15,0.0,0.94,0.06,18,theory_safety_fee
16,0.0,0.94,0.06,18,theory_safety_fee
17,0.0,0.94,0.06,18,theory_safety_fee
18,0.0,0.94,0.06,18,theory_safety_fee
19,0.0,0.94,0.06,18,theory_safety_fee
20,0.0,0.94,0.06,18,theory_safety_fee
21,0.0,0.94,0.06,18,theory_safety_fee
22,0.0,0.94,0.06,18,theory_safety_fee
23,0.0,0.94,0.06,18,theory_safety_fee
24,0.0,0.94,0.06,18,theory_safety_fee
25,0.0,0.94,0.06,18,theory_safety_fee
26,0.0,0.94,0.06,18,theory_safety_fee
27,0.0,0.94,0.06,18,theory_safety_fee
28,0.0,0.94,0.06,18,theory_safety_fee
29,0.0,0.94,0.06,18,theory_safety_fee
30,0.0,0.94,0.06,18,theory_safety_fee
31,0.0,0.94,0.06,18,theory_safety_fee
32,0.0,0.94,0.06,18,theory_safety_fee
33,0.0,0.94,0.06,18,theory_safety_fee
34,0.0,0.94,0.06,18,theory_safety_fee
35,0.0,0.94,0.06,18,theory_safety_fee
36,0.0,0.94,0.06,18,theory_safety_fee
37,0.0,0.94,0.06,18,theory_safety_fee
38,0.0,0.94,0.06,18,theory_safety_fee
39,0.0,0.94,0.06,18,theory_safety_fee
40,0.0,0.94,0.06,18,theory_safety_fee
41,0.0,0.94,0.06,18,theory_safety_fee
42,0.0,0.94,0.06,18,theory_safety_fee
43,0.0,0.94,0.06,18,theory_safety_fee
44,0.0,0.94,0.06,18,theory_safety_fee
45,0.0,0.94,0.06,18,theory_safety_fee
46,0.0,0.94,0.06,18,theory_safety_fee
47,0.0,0.94,0.06,18,theory_safety_fee
48,0.0,0.94,0.06,18,theory_safety_fee
49,0.0,0.94,0.06,18,theory_safety_fee
50,0.0,0.94,0.06,18,theory_safety_fee
51,0.0,0.94,0.06,18,theory_safety_fee
52,0.0,0.94,0.06,18,theory_safety_fee
53,0.0,0.94,0.06,18,theory_safety_fee
54,0.0,0.94,0.06,18,theory_safety_fee
55,0.0,0.94,0.06,18,theory_safety_fee
56,0.0,0.94,0.06,18,theory_safety_fee
57,0.0,0.94,0.06,18,theory_safety_fee
58,0.0,0.94,0.06,18,theory_safety_fee
59,0.0,0.94,0.06,18,theory_safety_fee
60,0.0,0.94,0.06,18,theory_safety_fee
61,0.0,0.94,0.06,18,theory_safety_fee
62,0.0,0.94,0.06,18,theory_safety_fee
63,0.0,0.94,0.06,18,theory_safety_fee
64,0.0,0.94,0.06,18,theory_safety_fee
65,0.0,0.94,0.06,18,theory_safety_fee
66,0.0,0.94,0.06,18,theory_safety_fee
67,0.0,0.94,0.06,18,theory_safety_fee
68,0.0,0.94,0.06,18,theory_safety_fee
69,0.0,0.94,0.06,18,theory_safety_fee
70,0.0,0.94,0.06,18,theory_safety_fee
71,0.0,0.94,0.06,18,theory_safety_fee
72,0.0,0.94,0.06,18,theory_safety_fee
73,0.0,0.94,0.06,18,theory_safety_fee
74,0.0,0.94,0.06,18,theory_safety_fee
75,0.0,0.94,0.06,18,theory_safety_fee
76,0.0,0.94,0.06,18,theory_safety_fee
77,0.0,0.94,0.06,18,theory_safety_fee
78,0.0,0.94,0.06,18,theory_safety_fee
79,0.0,0.94,0.06,18,theory_safety_fee
80,0.0,0.94,0.06,18,theory_safety_fee
81,0.0,0.94,0.06,18,theory_safety_fee
82,0.0,0.94,0.06,18,theory_safety_fee
83,0.0,0.94,0.06,18,theory_safety_fee
84,0.0,0.94,0.06,18,theory_safety_fee
85,0.0,0.94,0.06,18,theory_safety_fee
86,0.0,0.94,0.06,18,theory_safety_fee
87,0.0,0.94,0.06,18,theory_safety_fee
88,0.0,0.94,0.06,18,theory_safety_fee
89,0.0,0.94,0.06,18,theory_safety_fee
90,0.0,0.94,0.06,18,theory_safety_fee
91,0.0,0.94,0.06,18,theory_safety_fee
92,0.0,0.94,0.06,18,theory_safety_fee
93,0.0,0.94,0.06,18,theory_safety_fee
94,0.0,0.94,0.06,18,theory_safety_fee
95,0.0,0.94,0.06,18,theory_safety_fee
96,0.0,0.94,0.06,18,theory_safety_fee
97,0.0,0.94,0.06,18,theory_safety_fee
98,0.0,0.94,0.06,18,theory_safety_fee
99,0.0,0.94,0.06,18,theory_safety_fee
100,0.0,0.94,0.06,18,theory_safety_fee
0,0.0,0.94,0.06,18,theory_safety_fee_async
1,0.0,0.89,0.11,18,theory_safety_fee_async
2,0.0,0.85,0.15,18,theory_safety_fee_async
3,0.0,0.805,0.195,18,theory_safety_fee_async
4,0.0,0.76,0.24,18,theory_safety_fee_async
5,0.0,0.71,0.29,18,theory_safety_fee_async
6,0.0,0.675,0.325,18,theory_safety_fee_async
7,0.0,0.675,0.325,18,theory_safety_fee_async
8,0.0,0.675,0.325,18,theory_safety_fee_async
9,0.0,0.675,0.325,18,theory_safety_fee_async
10,0.0,0.675,0.325,18,theory_safety_fee_async
11,0.0,0.675,0.325,18,theory_safety_fee_async
12,0.0,0.675,0.325,18,theory_safety_fee_async
13,0.0,0.675,0.325,18,theory_safety_fee_async
14,0.0,0.675,0.325,18,theory_safety_fee_async
15,0.0,0.675,0.325,18,theory_safety_fee_async
16,0.0,0.675,0.325,18,theory_safety_fee_async
17,0.0,0.675,0.325,18,theory_safety_fee_async
18,0.0,0.675,0.325,18,theory_safety_fee_async
19,0.0,0.675,0.325,18,theory_safety_fee_async
20,0.0,0.675,0.325,18,theory_safety_fee_async
21,0.0,0.675,0.325,18,theory_safety_fee_async
22,0.0,0.675,0.325,18,theory_safety_fee_async
23,0.0,0.675,0.325,18,theory_safety_fee_async
24,0.0,0.675,0.325,18,theory_safety_fee_async
25,0.0,0.675,0.325,18,theory_safety_fee_async
26,0.0,0.675,0.325,18,theory_safety_fee_async
27,0.0,0.675,0.325,18,theory_safety_fee_async
28,0.0,0.675,0.325,18,theory_safety_fee_async
29,0.0,0.675,0.325,18,theory_safety_fee_async
30,0.0,0.675,0.325,18,theory_safety_fee_async
31,0.0,0.675,0.325,18,theory_safety_fee_async
32,0.0,0.675,0.325,18,theory_safety_fee_async
33,0.0,0.675,0.325,18,theory_safety_fee_async
34,0.0,0.675,0.325,18,theory_safety_fee_async
35,0.0,0.675,0.325,18,theory_safety_fee_async
36,0.0,0.675,0.325,18,theory_safety_fee_async
37,0.0,0.675,0.325,18,theory_safety_fee_async
38,0.0,0.675,0.325,18,theory_safety_fee_async
39,0.0,0.675,0.325,18,theory_safety_fee_async
40,0.0,0.675,0.325,18,theory_safety_fee_async
41,0.0,0.675,0.325,18,theory_safety_fee_async
42,0.0,0.675,0.325,18,theory_safety_fee_async
43,0.0,0.675,0.325,18,theory_safety_fee_async
44,0.0,0.675,0.325,18,theory_safety_fee_async
45,0.0,0.675,0.325,18,theory_safety_fee_async
46,0.0,0.675,0.325,18,theory_safety_fee_async
47,0.0,0.675,0.325,18,theory_safety_fee_async
48,0.0,0.675,0.325,18,theory_safety_fee_async
49,0.0,0.675,0.325,18,theory_safety_fee_async
50,0.0,0.675,0.325,18,theory_safety_fee_async
51,0.0,0.675,0.325,18,theory_safety_fee_async
52,0.0,0.675,0.325,18,theory_safety_fee_async
53,0.0,0.675,0.325,18,theory_safety_fee_async
54,0.0,0.675,0.325,18,theory_safety_fee_async
55,0.0,0.675,0.325,18,theory_safety_fee_async
56,0.0,0.675,0.325,18,theory_safety_fee_async
57,0.0,0.675,0.325,18,theory_safety_fee_async
58,0.0,0.675,0.325,18,theory_safety_fee_async
59,0.0,0.675,0.325,18,theory_safety_fee_async
60,0.0,0.675,0.325,18,theory_safety_fee_async
61,0.0,0.675,0.325,18,theory_safety_fee_async
62,0.0,0.675,0.325,18,theory_safety_fee_async
63,0.0,0.675,0.325,18,theory_safety_fee_async
64,0.0,0.675,0.325,18,theory_safety_fee_async
65,0.0,0.675,0.325,18,theory_safety_fee_async
66,0.0,0.675,0.325,18,theory_safety_fee_async
67,0.0,0.675,0.325,18,theory_safety_fee_async
68,0.0,0.675,0.325,18,theory_safety_fee_async
69,0.0,0.675,0.325,18,theory_safety_fee_async
70,0.0,0.675,0.325,18,theory_safety_fee_async
71,0.0,0.675,0.325,18,theory_safety_fee_async
72,0.0,0.675,0.325,18,theory_safety_fee_async
73,0.0,0.675,0.325,18,theory_safety_fee_async
74,0.0,0.675,0.325,18,theory_safety_fee_async
75,0.0,0.675,0.325,18,theory_safety_fee_async
76,0.0,0.675,0.325,18,theory_safety_fee_async
77,0.0,0.675,0.325,18,theory_safety_fee_async
78,0.0,0.675,0.325,18,theory_safety_fee_async
79,0.0,0.675,0.325,18,theory_safety_fee_async
80,0.0,0.675,0.325,18,theory_safety_fee_async
81,0.0,0.675,0.325,18,theory_safety_fee_async
82,0.0,0.675,0.325,18,theory_safety_fee_async
83,0.0,0.675,0.325,18,theory_safety_fee_async
84,0.0,0.675,0.325,18,theory_safety_fee_async
85,0.0,0.675,0.325,18,theory_safety_fee_async
86,0.0,0.675,0.325,18,theory_safety_fee_async
87,0.0,0.675,0.325,18,theory_safety_fee_async
88,0.0,0.675,0.325,18,theory_safety_fee_async
89,0.0,0.675,0.325,18,theory_safety_fee_async
90,0.0,0.675,0.325,18,theory_safety_fee_async
91,0.0,0.675,0.325,18,theory_safety_fee_async
92,0.0,0.675,0.325,18,theory_safety_fee_async
93,0.0,0.675,0.325,18,theory_safety_fee_async
94,0.0,0.675,0.325,18,theory_safety_fee_async
95,0.0,0.675,0.325,18,theory_safety_fee_async
96,0.0,0.675,0.325,18,theory_safety_fee_async
97,0.0,0.675,0.325,18,theory_safety_fee_async
98,0.0,0.675,0.325,18,theory_safety_fee_async
99,0.0,0.675,0.325,18,theory_safety_fee_async
100,0.0,0.675,0.325,18,theory_safety_fee_async
0,0.0,0.94,0.06,19,simulation_safety_fee
1,0.0,0.89,0.11,19,simulation_safety_fee
2,0.0,0.845,0.155,19,simulation_safety_fee
3,0.0,0.805,0.195,19,simulation_safety_fee
4,0.0,0.76,0.24,19,simulation_safety_fee
5,0.0,0.72,0.28,19,simulation_safety_fee
6,0.0,0.72,0.28,19,simulation_safety_fee
7,0.0,0.72,0.28,19,simulation_safety_fee
8,0.0,0.72,0.28,19,simulation_safety_fee
9,0.0,0.72,0.28,19,simulation_safety_fee
0,0.0,0.94,0.06,19,theory_safety_fee
1,0.0,0.94,0.06,19,theory_safety_fee
2,0.0,0.94,0.06,19,theory_safety_fee
3,0.0,0.94,0.06,19,theory_safety_fee
4,0.0,0.94,0.06,19,theory_safety_fee
5,0.0,0.94,0.06,19,theory_safety_fee
6,0.0,0.94,0.06,19,theory_safety_fee
7,0.0,0.94,0.06,19,theory_safety_fee
8,0.0,0.94,0.06,19,theory_safety_fee
9,0.0,0.94,0.06,19,theory_safety_fee
10,0.0,0.94,0.06,19,theory_safety_fee
11,0.0,0.94,0.06,19,theory_safety_fee
12,0.0,0.94,0.06,19,theory_safety_fee
13,0.0,0.94,0.06,19,theory_safety_fee
14,0.0,0.94,0.06,19,theory_safety_fee
15,0.0,0.94,0.06,19,theory_safety_fee
16,0.0,0.94,0.06,19,theory_safety_fee
17,0.0,0.94,0.06,19,theory_safety_fee
18,0.0,0.94,0.06,19,theory_safety_fee
19,0.0,0.94,0.06,19,theory_safety_fee
20,0.0,0.94,0.06,19,theory_safety_fee
21,0.0,0.94,0.06,19,theory_safety_fee
22,0.0,0.94,0.06,19,theory_safety_fee
23,0.0,0.94,0.06,19,theory_safety_fee
24,0.0,0.94,0.06,19,theory_safety_fee
25,0.0,0.94,0.06,19,theory_safety_fee
26,0.0,0.94,0.06,19,theory_safety_fee
27,0.0,0.94,0.06,19,theory_safety_fee
28,0.0,0.94,0.06,19,theory_safety_fee
29,0.0,0.94,0.06,19,theory_safety_fee
30,0.0,0.94,0.06,19,theory_safety_fee
31,0.0,0.94,0.06,19,theory_safety_fee
32,0.0,0.94,0.06,19,theory_safety_fee
33,0.0,0.94,0.06,19,theory_safety_fee
34,0.0,0.94,0.06,19,theory_safety_fee
35,0.0,0.94,0.06,19,theory_safety_fee
36,0.0,0.94,0.06,19,theory_safety_fee
37,0.0,0.94,0.06,19,theory_safety_fee
38,0.0,0.94,0.06,19,theory_safety_fee
39,0.0,0.94,0.06,19,theory_safety_fee
40,0.0,0.94,0.06,19,theory_safety_fee
41,0.0,0.94,0.06,19,theory_safety_fee
42,0.0,0.94,0.06,19,theory_safety_fee
43,0.0,0.94,0.06,19,theory_safety_fee
44,0.0,0.94,0.06,19,theory_safety_fee
45,0.0,0.94,0.06,19,theory_safety_fee
46,0.0,0.94,0.06,19,theory_safety_fee
47,0.0,0.94,0.06,19,theory_safety_fee
48,0.0,0.94,0.06,19,theory_safety_fee
49,0.0,0.94,0.06,19,theory_safety_fee
50,0.0,0.94,0.06,19,theory_safety_fee
51,0.0,0.94,0.06,19,theory_safety_fee
52,0.0,0.94,0.06,19,theory_safety_fee
53,0.0,0.94,0.06,19,theory_safety_fee
54,0.0,0.94,0.06,19,theory_safety_fee
55,0.0,0.94,0.06,19,theory_safety_fee
56,0.0,0.94,0.06,19,theory_safety_fee
57,0.0,0.94,0.06,19,theory_safety_fee
58,0.0,0.94,0.06,19,theory_safety_fee
59,0.0,0.94,0.06,19,theory_safety_fee
60,0.0,0.94,0.06,19,theory_safety_fee
61,0.0,0.94,0.06,19,theory_safety_fee
62,0.0,0.94,0.06,19,theory_safety_fee
63,0.0,0.94,0.06,19,theory_safety_fee
64,0.0,0.94,0.06,19,theory_safety_fee
65,0.0,0.94,0.06,19,theory_safety_fee
66,0.0,0.94,0.06,19,theory_safety_fee
67,0.0,0.94,0.06,19,theory_safety_fee
68,0.0,0.94,0.06,19,theory_safety_fee
69,0.0,0.94,0.06,19,theory_safety_fee
70,0.0,0.94,0.06,19,theory_safety_fee
71,0.0,0.94,0.06,19,theory_safety_fee
72,0.0,0.94,0.06,19,theory_safety_fee
73,0.0,0.94,0.06,19,theory_safety_fee
74,0.0,0.94,0.06,19,theory_safety_fee
75,0.0,0.94,0.06,19,theory_safety_fee
76,0.0,0.94,0.06,19,theory_safety_fee
77,0.0,0.94,0.06,19,theory_safety_fee
78,0.0,0.94,0.06,19,theory_safety_fee
79,0.0,0.94,0.06,19,theory_safety_fee
80,0.0,0.94,0.06,19,theory_safety_fee
81,0.0,0.94,0.06,19,theory_safety_fee
82,0.0,0.94,0.06,19,theory_safety_fee
83,0.0,0.94,0.06,19,theory_safety_fee
84,0.0,0.94,0.06,19,theory_safety_fee
85,0.0,0.94,0.06,19,theory_safety_fee
86,0.0,0.94,0.06,19,theory_safety_fee
87,0.0,0.94,0.06,19,theory_safety_fee
88,0.0,0.94,0.06,19,theory_safety_fee
89,0.0,0.94,0.06,19,theory_safety_fee
90,0.0,0.94,0.06,19,theory_safety_fee
91,0.0,0.94,0.06,19,theory_safety_fee
92,0.0,0.94,0.06,19,theory_safety_fee
93,0.0,0.94,0.06,19,theory_safety_fee
94,0.0,0.94,0.06,19,theory_safety_fee
95,0.0,0.94,0.06,19,theory_safety_fee
96,0.0,0.94,0.06,19,theory_safety_fee
97,0.0,0.94,0.06,19,theory_safety_fee
98,0.0,0.94,0.06,19,theory_safety_fee
99,0.0,0.94,0.06,19,theory_safety_fee
100,0.0,0.94,0.06,19,theory_safety_fee
0,0.0,0.94,0.06,19,theory_safety_fee_async
1,0.0,0.89,0.11,19,theory_safety_fee_async
2,0.0,0.845,0.155,19,theory_safety_fee_async
3,0.0,0.805,0.195,19,theory_safety_fee_async
4,0.0,0.76,0.24,19,theory_safety_fee_async
5,0.0,0.72,0.28,19,theory_safety_fee_async
6,0.0,0.72,0.28,19,theory_safety_fee_async
7,0.0,0.72,0.28,19,theory_safety_fee_async
8,0.0,0.72,0.28,19,theory_safety_fee_async
9,0.0,0.72,0.28,19,theory_safety_fee_async
10,0.0,0.72,0.28,19,theory_safety_fee_async
11,0.0,0.72,0.28,19,theory_safety_fee_async
12,0.0,0.72,0.28,19,theory_safety_fee_async
13,0.0,0.72,0.28,19,theory_safety_fee_async
14,0.0,0.72,0.28,19,theory_safety_fee_async
15,0.0,0.72,0.28,19,theory_safety_fee_async
16,0.0,0.72,0.28,19,theory_safety_fee_async
17,0.0,0.72,0.28,19,theory_safety_fee_async
18,0.0,0.72,0.28,19,theory_safety_fee_async
19,0.0,0.72,0.28,19,theory_safety_fee_async
20,0.0,0.72,0.28,19,theory_safety_fee_async
21,0.0,0.72,0.28,19,theory_safety_fee_async
22,0.0,0.72,0.28,19,theory_safety_fee_async
23,0.0,0.72,0.28,19,theory_safety_fee_async
24,0.0,0.72,0.28,19,theory_safety_fee_async
25,0.0,0.72,0.28,19,theory_safety_fee_async
26,0.0,0.72,0.28,19,theory_safety_fee_async
27,0.0,0.72,0.28,19,theory_safety_fee_async
28,0.0,0.72,0.28,19,theory_safety_fee_async
29,0.0,0.72,0.28,19,theory_safety_fee_async
30,0.0,0.72,0.28,19,theory_safety_fee_async
31,0.0,0.72,0.28,19,theory_safety_fee_async
32,0.0,0.72,0.28,19,theory_safety_fee_async
33,0.0,0.72,0.28,19,theory_safety_fee_async
34,0.0,0.72,0.28,19,theory_safety_fee_async
35,0.0,0.72,0.28,19,theory_safety_fee_async
36,0.0,0.72,0.28,19,theory_safety_fee_async
37,0.0,0.72,0.28,19,theory_safety_fee_async
38,0.0,0.72,0.28,19,theory_safety_fee_async
39,0.0,0.72,0.28,19,theory_safety_fee_async
40,0.0,0.72,0.28,19,theory_safety_fee_async
41,0.0,0.72,0.28,19,theory_safety_fee_async
42,0.0,0.72,0.28,19,theory_safety_fee_async
43,0.0,0.72,0.28,19,theory_safety_fee_async
44,0.0,0.72,0.28,19,theory_safety_fee_async
45,0.0,0.72,0.28,19,theory_safety_fee_async
46,0.0,0.72,0.28,19,theory_safety_fee_async
47,0.0,0.72,0.28,19,theory_safety_fee_async
48,0.0,0.72,0.28,19,theory_safety_fee_async
49,0.0,0.72,0.28,19,theory_safety_fee_async
50,0.0,0.72,0.28,19,theory_safety_fee_async
51,0.0,0.72,0.28,19,theory_safety_fee_async
52,0.0,0.72,0.28,19,theory_safety_fee_async
53,0.0,0.72,0.28,19,theory_safety_fee_async
54,0.0,0.72,0.28,19,theory_safety_fee_async
55,0.0,0.72,0.28,19,theory_safety_fee_async
56,0.0,0.72,0.28,19,theory_safety_fee_async
57,0.0,0.72,0.28,19,theory_safety_fee_async
58,0.0,0.72,0.28,19,theory_safety_fee_async
59,0.0,0.72,0.28,19,theory_safety_fee_async
60,0.0,0.72,0.28,19,theory_safety_fee_async
61,0.0,0.72,0.28,19,theory_safety_fee_async
62,0.0,0.72,0.28,19,theory_safety_fee_async
63,0.0,0.72,0.28,19,theory_safety_fee_async
64,0.0,0.72,0.28,19,theory_safety_fee_async
65,0.0,0.72,0.28,19,theory_safety_fee_async
66,0.0,0.72,0.28,19,theory_safety_fee_async
67,0.0,0.72,0.28,19,theory_safety_fee_async
68,0.0,0.72,0.28,19,theory_safety_fee_async
69,0.0,0.72,0.28,19,theory_safety_fee_async
70,0.0,0.72,0.28,19,theory_safety_fee_async
71,0.0,0.72,0.28,19,theory_safety_fee_async
72,0.0,0.72,0.28,19,theory_safety_fee_async
73,0.0,0.72,0.28,19,theory_safety_fee_async
74,0.0,0.72,0.28,19,theory_safety_fee_async
75,0.0,0.72,0.28,19,theory_safety_fee_async
76,0.0,0.72,0.28,19,theory_safety_fee_async
77,0.0,0.72,0.28,19,theory_safety_fee_async
78,0.0,0.72,0.28,19,theory_safety_fee_async
79,0.0,0.72,0.28,19,theory_safety_fee_async
80,0.0,0.72,0.28,19,theory_safety_fee_async
81,0.0,0.72,0.28,19,theory_safety_fee_async
82,0.0,0.72,0.28,19,theory_safety_fee_async
83,0.0,0.72,0.28,19,theory_safety_fee_async
84,0.0,0.72,0.28,19,theory_safety_fee_async
85,0.0,0.72,0.28,19,theory_safety_fee_async
86,0.0,0.72,0.28,19,theory_safety_fee_async
87,0.0,0.72,0.28,19,theory_safety_fee_async
88,0.0,0.72,0.28,19,theory_safety_fee_async
89,0.0,0.72,0.28,19,theory_safety_fee_async
90,0.0,0.72,0.28,19,theory_safety_fee_async
91,0.0,0.72,0.28,19,theory_safety_fee_async
92,0.0,0.72,0.28,19,theory_safety_fee_async
93,0.0,0.72,0.28,19,theory_safety_fee_async
94,0.0,0.72,0.28,19,theory_safety_fee_async
95,0.0,0.72,0.28,19,theory_safety_fee_async
96,0.0,0.72,0.28,19,theory_safety_fee_async
97,0.0,0.72,0.28,19,theory_safety_fee_async
98,0.0,0.72,0.28,19,theory_safety_fee_async
99,0.0,0.72,0.28,19,theory_safety_fee_async
100,0.0,0.72,0.28,19,theory_safety_fee_async
0,0.0,0.94,0.06,20,simulation_safety_fee
1,0.0,0.89,0.11,20,simulation_safety_fee
2,0.0,0.85,0.15,20,simulation_safety_fee
3,0.0,0.805,0.195,20,simulation_safety_fee
4,0.0,0.755,0.245,20,simulation_safety_fee
5,0.0,0.715,0.285,20,simulation_safety_fee
6,0.0,0.695,0.305,20,simulation_safety_fee
7,0.0,0.695,0.305,20,simulation_safety_fee
8,0.0,0.695,0.305,20,simulation_safety_fee
9,0.0,0.67,0.33,20,simulation_safety_fee
10,0.0,0.67,0.33,20,simulation_safety_fee
11,0.0,0.67,0.33,20,simulation_safety_fee
12,0.0,0.67,0.33,20,simulation_safety_fee
13,0.0,0.67,0.33,20,simulation_safety_fee
0,0.0,0.94,0.06,20,theory_safety_fee
1,0.0,0.94,0.06,20,theory_safety_fee
2,0.0,0.94,0.06,20,theory_safety_fee
3,0.0,0.94,0.06,20,theory_safety_fee
4,0.0,0.94,0.06,20,theory_safety_fee
5,0.0,0.94,0.06,20,theory_safety_fee
6,0.0,0.94,0.06,20,theory_safety_fee
7,0.0,0.94,0.06,20,theory_safety_fee
8,0.0,0.94,0.06,20,theory_safety_fee
9,0.0,0.94,0.06,20,theory_safety_fee
10,0.0,0.94,0.06,20,theory_safety_fee
11,0.0,0.94,0.06,20,theory_safety_fee
12,0.0,0.94,0.06,20,theory_safety_fee
13,0.0,0.94,0.06,20,theory_safety_fee
14,0.0,0.94,0.06,20,theory_safety_fee
15,0.0,0.94,0.06,20,theory_safety_fee
16,0.0,0.94,0.06,20,theory_safety_fee
17,0.0,0.94,0.06,20,theory_safety_fee
18,0.0,0.94,0.06,20,theory_safety_fee
19,0.0,0.94,0.06,20,theory_safety_fee
20,0.0,0.94,0.06,20,theory_safety_fee
21,0.0,0.94,0.06,20,theory_safety_fee
22,0.0,0.94,0.06,20,theory_safety_fee
23,0.0,0.94,0.06,20,theory_safety_fee
24,0.0,0.94,0.06,20,theory_safety_fee
25,0.0,0.94,0.06,20,theory_safety_fee
26,0.0,0.94,0.06,20,theory_safety_fee
27,0.0,0.94,0.06,20,theory_safety_fee
28,0.0,0.94,0.06,20,theory_safety_fee
29,0.0,0.94,0.06,20,theory_safety_fee
30,0.0,0.94,0.06,20,theory_safety_fee
31,0.0,0.94,0.06,20,theory_safety_fee
32,0.0,0.94,0.06,20,theory_safety_fee
33,0.0,0.94,0.06,20,theory_safety_fee
34,0.0,0.94,0.06,20,theory_safety_fee
35,0.0,0.94,0.06,20,theory_safety_fee
36,0.0,0.94,0.06,20,theory_safety_fee
37,0.0,0.94,0.06,20,theory_safety_fee
38,0.0,0.94,0.06,20,theory_safety_fee
39,0.0,0.94,0.06,20,theory_safety_fee
40,0.0,0.94,0.06,20,theory_safety_fee
41,0.0,0.94,0.06,20,theory_safety_fee
42,0.0,0.94,0.06,20,theory_safety_fee
43,0.0,0.94,0.06,20,theory_safety_fee
44,0.0,0.94,0.06,20,theory_safety_fee
45,0.0,0.94,0.06,20,theory_safety_fee
46,0.0,0.94,0.06,20,theory_safety_fee
47,0.0,0.94,0.06,20,theory_safety_fee
48,0.0,0.94,0.06,20,theory_safety_fee
49,0.0,0.94,0.06,20,theory_safety_fee
50,0.0,0.94,0.06,20,theory_safety_fee
51,0.0,0.94,0.06,20,theory_safety_fee
52,0.0,0.94,0.06,20,theory_safety_fee
53,0.0,0.94,0.06,20,theory_safety_fee
54,0.0,0.94,0.06,20,theory_safety_fee
55,0.0,0.94,0.06,20,theory_safety_fee
56,0.0,0.94,0.06,20,theory_safety_fee
57,0.0,0.94,0.06,20,theory_safety_fee
58,0.0,0.94,0.06,20,theory_safety_fee
59,0.0,0.94,0.06,20,theory_safety_fee
60,0.0,0.94,0.06,20,theory_safety_fee
61,0.0,0.94,0.06,20,theory_safety_fee
62,0.0,0.94,0.06,20,theory_safety_fee
63,0.0,0.94,0.06,20,theory_safety_fee
64,0.0,0.94,0.06,20,theory_safety_fee
65,0.0,0.94,0.06,20,theory_safety_fee
66,0.0,0.94,0.06,20,theory_safety_fee
67,0.0,0.94,0.06,20,theory_safety_fee
68,0.0,0.94,0.06,20,theory_safety_fee
69,0.0,0.94,0.06,20,theory_safety_fee
70,0.0,0.94,0.06,20,theory_safety_fee
71,0.0,0.94,0.06,20,theory_safety_fee
72,0.0,0.94,0.06,20,theory_safety_fee
73,0.0,0.94,0.06,20,theory_safety_fee
74,0.0,0.94,0.06,20,theory_safety_fee
75,0.0,0.94,0.06,20,theory_safety_fee
76,0.0,0.94,0.06,20,theory_safety_fee
77,0.0,0.94,0.06,20,theory_safety_fee
78,0.0,0.94,0.06,20,theory_safety_fee
79,0.0,0.94,0.06,20,theory_safety_fee
80,0.0,0.94,0.06,20,theory_safety_fee
81,0.0,0.94,0.06,20,theory_safety_fee
82,0.0,0.94,0.06,20,theory_safety_fee
83,0.0,0.94,0.06,20,theory_safety_fee
84,0.0,0.94,0.06,20,theory_safety_fee
85,0.0,0.94,0.06,20,theory_safety_fee
86,0.0,0.94,0.06,20,theory_safety_fee
87,0.0,0.94,0.06,20,theory_safety_fee
88,0.0,0.94,0.06,20,theory_safety_fee
89,0.0,0.94,0.06,20,theory_safety_fee
90,0.0,0.94,0.06,20,theory_safety_fee
91,0.0,0.94,0.06,20,theory_safety_fee
92,0.0,0.94,0.06,20,theory_safety_fee
93,0.0,0.94,0.06,20,theory_safety_fee
94,0.0,0.94,0.06,20,theory_safety_fee
95,0.0,0.94,0.06,20,theory_safety_fee
96,0.0,0.94,0.06,20,theory_safety_fee
97,0.0,0.94,0.06,20,theory_safety_fee
98,0.0,0.94,0.06,20,theory_safety_fee
99,0.0,0.94,0.06,20,theory_safety_fee
100,0.0,0.94,0.06,20,theory_safety_fee
0,0.0,0.94,0.06,20,theory_safety_fee_async
1,0.0,0.89,0.11,20,theory_safety_fee_async
2,0.0,0.85,0.15,20,theory_safety_fee_async
3,0.0,0.805,0.195,20,theory_safety_fee_async
4,0.0,0.755,0.245,20,theory_safety_fee_async
5,0.0,0.715,0.285,20,theory_safety_fee_async
6,0.0,0.695,0.305,20,theory_safety_fee_async
7,0.0,0.695,0.305,20,theory_safety_fee_async
8,0.0,0.695,0.305,20,theory_safety_fee_async
9,0.0,0.67,0.33,20,theory_safety_fee_async
10,0.0,0.67,0.33,20,theory_safety_fee_async
11,0.0,0.67,0.33,20,theory_safety_fee_async
12,0.0,0.67,0.33,20,theory_safety_fee_async
13,0.0,0.67,0.33,20,theory_safety_fee_async
14,0.0,0.67,0.33,20,theory_safety_fee_async
15,0.0,0.67,0.33,20,theory_safety_fee_async
16,0.0,0.67,0.33,20,theory_safety_fee_async
17,0.0,0.67,0.33,20,theory_safety_fee_async
18,0.0,0.67,0.33,20,theory_safety_fee_async
19,0.0,0.67,0.33,20,theory_safety_fee_async
20,0.0,0.67,0.33,20,theory_safety_fee_async
21,0.0,0.67,0.33,20,theory_safety_fee_async
22,0.0,0.67,0.33,20,theory_safety_fee_async
23,0.0,0.67,0.33,20,theory_safety_fee_async
24,0.0,0.67,0.33,20,theory_safety_fee_async
25,0.0,0.67,0.33,20,theory_safety_fee_async
26,0.0,0.67,0.33,20,theory_safety_fee_async
27,0.0,0.67,0.33,20,theory_safety_fee_async
28,0.0,0.67,0.33,20,theory_safety_fee_async
29,0.0,0.67,0.33,20,theory_safety_fee_async
30,0.0,0.67,0.33,20,theory_safety_fee_async
31,0.0,0.67,0.33,20,theory_safety_fee_async
32,0.0,0.67,0.33,20,theory_safety_fee_async
33,0.0,0.67,0.33,20,theory_safety_fee_async
34,0.0,0.67,0.33,20,theory_safety_fee_async
35,0.0,0.67,0.33,20,theory_safety_fee_async
36,0.0,0.67,0.33,20,theory_safety_fee_async
37,0.0,0.67,0.33,20,theory_safety_fee_async
38,0.0,0.67,0.33,20,theory_safety_fee_async
39,0.0,0.67,0.33,20,theory_safety_fee_async
40,0.0,0.67,0.33,20,theory_safety_fee_async
41,0.0,0.67,0.33,20,theory_safety_fee_async
42,0.0,0.67,0.33,20,theory_safety_fee_async
43,0.0,0.67,0.33,20,theory_safety_fee_async
44,0.0,0.67,0.33,20,theory_safety_fee_async
45,0.0,0.67,0.33,20,theory_safety_fee_async
46,0.0,0.67,0.33,20,theory_safety_fee_async
47,0.0,0.67,0.33,20,theory_safety_fee_async
48,0.0,0.67,0.33,20,theory_safety_fee_async
49,0.0,0.67,0.33,20,theory_safety_fee_async
50,0.0,0.67,0.33,20,theory_safety_fee_async
51,0.0,0.67,0.33,20,theory_safety_fee_async
52,0.0,0.67,0.33,20,theory_safety_fee_async
53,0.0,0.67,0.33,20,theory_safety_fee_async
54,0.0,0.67,0.33,20,theory_safety_fee_async
55,0.0,0.67,0.33,20,theory_safety_fee_async
56,0.0,0.67,0.33,20,theory_safety_fee_async
57,0.0,0.67,0.33,20,theory_safety_fee_async
58,0.0,0.67,0.33,20,theory_safety_fee_async
59,0.0,0.67,0.33,20,theory_safety_fee_async
60,0.0,0.67,0.33,20,theory_safety_fee_async
61,0.0,0.67,0.33,20,theory_safety_fee_async
62,0.0,0.67,0.33,20,theory_safety_fee_async
63,0.0,0.67,0.33,20,theory_safety_fee_async
64,0.0,0.67,0.33,20,theory_safety_fee_async
65,0.0,0.67,0.33,20,theory_safety_fee_async
66,0.0,0.67,0.33,20,theory_safety_fee_async
67,0.0,0.67,0.33,20,theory_safety_fee_async
68,0.0,0.67,0.33,20,theory_safety_fee_async
69,0.0,0.67,0.33,20,theory_safety_fee_async
70,0.0,0.67,0.33,20,theory_safety_fee_async
71,0.0,0.67,0.33,20,theory_safety_fee_async
72,0.0,0.67,0.33,20,theory_safety_fee_async
73,0.0,0.67,0.33,20,theory_safety_fee_async
74,0.0,0.67,0.33,20,theory_safety_fee_async
75,0.0,0.67,0.33,20,theory_safety_fee_async
76,0.0,0.67,0.33,20,theory_safety_fee_async
77,0.0,0.67,0.33,20,theory_safety_fee_async
78,0.0,0.67,0.33,20,theory_safety_fee_async
79,0.0,0.67,0.33,20,theory_safety_fee_async
80,0.0,0.67,0.33,20,theory_safety_fee_async
81,0.0,0.67,0.33,20,theory_safety_fee_async
82,0.0,0.67,0.33,20,theory_safety_fee_async
83,0.0,0.67,0.33,20,theory_safety_fee_async
84,0.0,0.67,0.33,20,theory_safety_fee_async
85,0.0,0.67,0.33,20,theory_safety_fee_async
86,0.0,0.67,0.33,20,theory_safety_fee_async
87,0.0,0.67,0.33,20,theory_safety_fee_async
88,0.0,0.67,0.33,20,theory_safety_fee_async
89,0.0,0.67,0.33,20,theory_safety_fee_async
90,0.0,0.67,0.33,20,theory_safety_fee_async
91,0.0,0.67,0.33,20,theory_safety_fee_async
92,0.0,0.67,0.33,20,theory_safety_fee_async
93,0.0,0.67,0.33,20,theory_safety_fee_async
94,0.0,0.67,0.33,20,theory_safety_fee_async
95,0.0,0.67,0.33,20,theory_safety_fee_async
96,0.0,0.67,0.33,20,theory_safety_fee_async
97,0.0,0.67,0.33,20,theory_safety_fee_async
98,0.0,0.67,0.33,20,theory_safety_fee_async
99,0.0,0.67,0.33,20,theory_safety_fee_async
100,0.0,0.67,0.33,20,theory_safety_fee_async
0,0.0,0.94,0.06,21,simulation_safety_fee
1,0.0,0.89,0.11,21,simulation_safety_fee
2,0.0,0.84,0.16,21,simulation_safety_fee
3,0.0,0.795,0.205,21,simulation_safety_fee
4,0.0,0.75,0.25,21,simulation_safety_fee
5,0.0,0.72,0.28,21,simulation_safety_fee
6,0.0,0.72,0.28,21,simulation_safety_fee
7,0.0,0.72,0.28,21,simulation_safety_fee
8,0.0,0.69,0.31,21,simulation_safety_fee
9,0.0,0.69,0.31,21,simulation_safety_fee
10,0.0,0.69,0.31,21,simulation_safety_fee
11,0.0,0.69,0.31,21,simulation_safety_fee
12,0.0,0.69,0.31,21,simulation_safety_fee
0,0.0,0.94,0.06,21,theory_safety_fee
1,0.0,0.94,0.06,21,theory_safety_fee
2,0.0,0.94,0.06,21,theory_safety_fee
3,0.0,0.94,0.06,21,theory_safety_fee
4,0.0,0.94,0.06,21,theory_safety_fee
5,0.0,0.94,0.06,21,theory_safety_fee
6,0.0,0.94,0.06,21,theory_safety_fee
7,0.0,0.94,0.06,21,theory_safety_fee
8,0.0,0.94,0.06,21,theory_safety_fee
9,0.0,0.94,0.06,21,theory_safety_fee
10,0.0,0.94,0.06,21,theory_safety_fee
11,0.0,0.94,0.06,21,theory_safety_fee
12,0.0,0.94,0.06,21,theory_safety_fee
13,0.0,0.94,0.06,21,theory_safety_fee
14,0.0,0.94,0.06,21,theory_safety_fee
15,0.0,0.94,0.06,21,theory_safety_fee
16,0.0,0.94,0.06,21,theory_safety_fee
17,0.0,0.94,0.06,21,theory_safety_fee
18,0.0,0.94,0.06,21,theory_safety_fee
19,0.0,0.94,0.06,21,theory_safety_fee
20,0.0,0.94,0.06,21,theory_safety_fee
21,0.0,0.94,0.06,21,theory_safety_fee
22,0.0,0.94,0.06,21,theory_safety_fee
23,0.0,0.94,0.06,21,theory_safety_fee
24,0.0,0.94,0.06,21,theory_safety_fee
25,0.0,0.94,0.06,21,theory_safety_fee
26,0.0,0.94,0.06,21,theory_safety_fee
27,0.0,0.94,0.06,21,theory_safety_fee
28,0.0,0.94,0.06,21,theory_safety_fee
29,0.0,0.94,0.06,21,theory_safety_fee
30,0.0,0.94,0.06,21,theory_safety_fee
31,0.0,0.94,0.06,21,theory_safety_fee
32,0.0,0.94,0.06,21,theory_safety_fee
33,0.0,0.94,0.06,21,theory_safety_fee
34,0.0,0.94,0.06,21,theory_safety_fee
35,0.0,0.94,0.06,21,theory_safety_fee
36,0.0,0.94,0.06,21,theory_safety_fee
37,0.0,0.94,0.06,21,theory_safety_fee
38,0.0,0.94,0.06,21,theory_safety_fee
39,0.0,0.94,0.06,21,theory_safety_fee
40,0.0,0.94,0.06,21,theory_safety_fee
41,0.0,0.94,0.06,21,theory_safety_fee
42,0.0,0.94,0.06,21,theory_safety_fee
43,0.0,0.94,0.06,21,theory_safety_fee
44,0.0,0.94,0.06,21,theory_safety_fee
45,0.0,0.94,0.06,21,theory_safety_fee
46,0.0,0.94,0.06,21,theory_safety_fee
47,0.0,0.94,0.06,21,theory_safety_fee
48,0.0,0.94,0.06,21,theory_safety_fee
49,0.0,0.94,0.06,21,theory_safety_fee
50,0.0,0.94,0.06,21,theory_safety_fee
51,0.0,0.94,0.06,21,theory_safety_fee
52,0.0,0.94,0.06,21,theory_safety_fee
53,0.0,0.94,0.06,21,theory_safety_fee
54,0.0,0.94,0.06,21,theory_safety_fee
55,0.0,0.94,0.06,21,theory_safety_fee
56,0.0,0.94,0.06,21,theory_safety_fee
57,0.0,0.94,0.06,21,theory_safety_fee
58,0.0,0.94,0.06,21,theory_safety_fee
59,0.0,0.94,0.06,21,theory_safety_fee
60,0.0,0.94,0.06,21,theory_safety_fee
61,0.0,0.94,0.06,21,theory_safety_fee
62,0.0,0.94,0.06,21,theory_safety_fee
63,0.0,0.94,0.06,21,theory_safety_fee
64,0.0,0.94,0.06,21,theory_safety_fee
65,0.0,0.94,0.06,21,theory_safety_fee
66,0.0,0.94,0.06,21,theory_safety_fee
67,0.0,0.94,0.06,21,theory_safety_fee
68,0.0,0.94,0.06,21,theory_safety_fee
69,0.0,0.94,0.06,21,theory_safety_fee
70,0.0,0.94,0.06,21,theory_safety_fee
71,0.0,0.94,0.06,21,theory_safety_fee
72,0.0,0.94,0.06,21,theory_safety_fee
73,0.0,0.94,0.06,21,theory_safety_fee
74,0.0,0.94,0.06,21,theory_safety_fee
75,0.0,0.94,0.06,21,theory_safety_fee
76,0.0,0.94,0.06,21,theory_safety_fee
77,0.0,0.94,0.06,21,theory_safety_fee
78,0.0,0.94,0.06,21,theory_safety_fee
79,0.0,0.94,0.06,21,theory_safety_fee
80,0.0,0.94,0.06,21,theory_safety_fee
81,0.0,0.94,0.06,21,theory_safety_fee
82,0.0,0.94,0.06,21,theory_safety_fee
83,0.0,0.94,0.06,21,theory_safety_fee
84,0.0,0.94,0.06,21,theory_safety_fee
85,0.0,0.94,0.06,21,theory_safety_fee
86,0.0,0.94,0.06,21,theory_safety_fee
87,0.0,0.94,0.06,21,theory_safety_fee
88,0.0,0.94,0.06,21,theory_safety_fee
89,0.0,0.94,0.06,21,theory_safety_fee
90,0.0,0.94,0.06,21,theory_safety_fee
91,0.0,0.94,0.06,21,theory_safety_fee
92,0.0,0.94,0.06,21,theory_safety_fee
93,0.0,0.94,0.06,21,theory_safety_fee
94,0.0,0.94,0.06,21,theory_safety_fee
95,0.0,0.94,0.06,21,theory_safety_fee
96,0.0,0.94,0.06,21,theory_safety_fee
97,0.0,0.94,0.06,21,theory_safety_fee
98,0.0,0.94,0.06,21,theory_safety_fee
99,0.0,0.94,0.06,21,theory_safety_fee
100,0.0,0.94,0.06,21,theory_safety_fee
0,0.0,0.94,0.06,21,theory_safety_fee_async
1,0.0,0.89,0.11,21,theory_safety_fee_async
2,0.0,0.84,0.16,21,theory_safety_fee_async
3,0.0,0.795,0.205,21,theory_safety_fee_async
4,0.0,0.75,0.25,21,theory_safety_fee_async
5,0.0,0.72,0.28,21,theory_safety_fee_async
6,0.0,0.72,0.28,21,theory_safety_fee_async
7,0.0,0.72,0.28,21,theory_safety_fee_async
8,0.0,0.69,0.31,21,theory_safety_fee_async
9,0.0,0.69,0.31,21,theory_safety_fee_async
10,0.0,0.69,0.31,21,theory_safety_fee_async
11,0.0,0.69,0.31,21,theory_safety_fee_async
12,0.0,0.69,0.31,21,theory_safety_fee_async
13,0.0,0.69,0.31,21,theory_safety_fee_async
14,0.0,0.69,0.31,21,theory_safety_fee_async
15,0.0,0.69,0.31,21,theory_safety_fee_async
16,0.0,0.69,0.31,21,theory_safety_fee_async
17,0.0,0.69,0.31,21,theory_safety_fee_async
18,0.0,0.69,0.31,21,theory_safety_fee_async
19,0.0,0.69,0.31,21,theory_safety_fee_async
20,0.0,0.69,0.31,21,theory_safety_fee_async
21,0.0,0.69,0.31,21,theory_safety_fee_async
22,0.0,0.69,0.31,21,theory_safety_fee_async
23,0.0,0.69,0.31,21,theory_safety_fee_async
24,0.0,0.69,0.31,21,theory_safety_fee_async
25,0.0,0.69,0.31,21,theory_safety_fee_async
26,0.0,0.69,0.31,21,theory_safety_fee_async
27,0.0,0.69,0.31,21,theory_safety_fee_async
28,0.0,0.69,0.31,21,theory_safety_fee_async
29,0.0,0.69,0.31,21,theory_safety_fee_async
30,0.0,0.69,0.31,21,theory_safety_fee_async
31,0.0,0.69,0.31,21,theory_safety_fee_async
32,0.0,0.69,0.31,21,theory_safety_fee_async
33,0.0,0.69,0.31,21,theory_safety_fee_async
34,0.0,0.69,0.31,21,theory_safety_fee_async
35,0.0,0.69,0.31,21,theory_safety_fee_async
36,0.0,0.69,0.31,21,theory_safety_fee_async
37,0.0,0.69,0.31,21,theory_safety_fee_async
38,0.0,0.69,0.31,21,theory_safety_fee_async
39,0.0,0.69,0.31,21,theory_safety_fee_async
40,0.0,0.69,0.31,21,theory_safety_fee_async
41,0.0,0.69,0.31,21,theory_safety_fee_async
42,0.0,0.69,0.31,21,theory_safety_fee_async
43,0.0,0.69,0.31,21,theory_safety_fee_async
44,0.0,0.69,0.31,21,theory_safety_fee_async
45,0.0,0.69,0.31,21,theory_safety_fee_async
46,0.0,0.69,0.31,21,theory_safety_fee_async
47,0.0,0.69,0.31,21,theory_safety_fee_async
48,0.0,0.69,0.31,21,theory_safety_fee_async
49,0.0,0.69,0.31,21,theory_safety_fee_async
50,0.0,0.69,0.31,21,theory_safety_fee_async
51,0.0,0.69,0.31,21,theory_safety_fee_async
52,0.0,0.69,0.31,21,theory_safety_fee_async
53,0.0,0.69,0.31,21,theory_safety_fee_async
54,0.0,0.69,0.31,21,theory_safety_fee_async
55,0.0,0.69,0.31,21,theory_safety_fee_async
56,0.0,0.69,0.31,21,theory_safety_fee_async
57,0.0,0.69,0.31,21,theory_safety_fee_async
58,0.0,0.69,0.31,21,theory_safety_fee_async
59,0.0,0.69,0.31,21,theory_safety_fee_async
60,0.0,0.69,0.31,21,theory_safety_fee_async
61,0.0,0.69,0.31,21,theory_safety_fee_async
62,0.0,0.69,0.31,21,theory_safety_fee_async
63,0.0,0.69,0.31,21,theory_safety_fee_async
64,0.0,0.69,0.31,21,theory_safety_fee_async
65,0.0,0.69,0.31,21,theory_safety_fee_async
66,0.0,0.69,0.31,21,theory_safety_fee_async
67,0.0,0.69,0.31,21,theory_safety_fee_async
68,0.0,0.69,0.31,21,theory_safety_fee_async
69,0.0,0.69,0.31,21,theory_safety_fee_async
70,0.0,0.69,0.31,21,theory_safety_fee_async
71,0.0,0.69,0.31,21,theory_safety_fee_async
72,0.0,0.69,0.31,21,theory_safety_fee_async
73,0.0,0.69,0.31,21,theory_safety_fee_async
74,0.0,0.69,0.31,21,theory_safety_fee_async
75,0.0,0.69,0.31,21,theory_safety_fee_async
76,0.0,0.69,0.31,21,theory_safety_fee_async
77,0.0,0.69,0.31,21,theory_safety_fee_async
78,0.0,0.69,0.31,21,theory_safety_fee_async
79,0.0,0.69,0.31,21,theory_safety_fee_async
80,0.0,0.69,0.31,21,theory_safety_fee_async
81,0.0,0.69,0.31,21,theory_safety_fee_async
82,0.0,0.69,0.31,21,theory_safety_fee_async
83,0.0,0.69,0.31,21,theory_safety_fee_async
84,0.0,0.69,0.31,21,theory_safety_fee_async
85,0.0,0.69,0.31,21,theory_safety_fee_async
86,0.0,0.69,0.31,21,theory_safety_fee_async
87,0.0,0.69,0.31,21,theory_safety_fee_async
88,0.0,0.69,0.31,21,theory_safety_fee_async
89,0.0,0.69,0.31,21,theory_safety_fee_async
90,0.0,0.69,0.31,21,theory_safety_fee_async
91,0.0,0.69,0.31,21,theory_safety_fee_async
92,0.0,0.69,0.31,21,theory_safety_fee_async
93,0.0,0.69,0.31,21,theory_safety_fee_async
94,0.0,0.69,0.31,21,theory_safety_fee_async
95,0.0,0.69,0.31,21,theory_safety_fee_async
96,0.0,0.69,0.31,21,theory_safety_fee_async
97,0.0,0.69,0.31,21,theory_safety_fee_async
98,0.0,0.69,0.31,21,theory_safety_fee_async
99,0.0,0.69,0.31,21,theory_safety_fee_async
100,0.0,0.69,0.31,21,theory_safety_fee_async
0,0.0,0.94,0.06,22,simulation_safety_fee
1,0.0,0.89,0.11,22,simulation_safety_fee
2,0.0,0.84,0.16,22,simulation_safety_fee
3,0.0,0.805,0.195,22,simulation_safety_fee
4,0.0,0.765,0.235,22,simulation_safety_fee
5,0.0,0.72,0.28,22,simulation_safety_fee
6,0.0,0.72,0.28,22,simulation_safety_fee
7,0.0,0.72,0.28,22,simulation_safety_fee
8,0.0,0.72,0.28,22,simulation_safety_fee
9,0.0,0.72,0.28,22,simulation_safety_fee
0,0.0,0.94,0.06,22,theory_safety_fee
1,0.0,0.94,0.06,22,theory_safety_fee
2,0.0,0.94,0.06,22,theory_safety_fee
3,0.0,0.94,0.06,22,theory_safety_fee
4,0.0,0.94,0.06,22,theory_safety_fee
5,0.0,0.94,0.06,22,theory_safety_fee
6,0.0,0.94,0.06,22,theory_safety_fee
7,0.0,0.94,0.06,22,theory_safety_fee
8,0.0,0.94,0.06,22,theory_safety_fee
9,0.0,0.94,0.06,22,theory_safety_fee
10,0.0,0.94,0.06,22,theory_safety_fee
11,0.0,0.94,0.06,22,theory_safety_fee
12,0.0,0.94,0.06,22,theory_safety_fee
13,0.0,0.94,0.06,22,theory_safety_fee
14,0.0,0.94,0.06,22,theory_safety_fee
15,0.0,0.94,0.06,22,theory_safety_fee
16,0.0,0.94,0.06,22,theory_safety_fee
17,0.0,0.94,0.06,22,theory_safety_fee
18,0.0,0.94,0.06,22,theory_safety_fee
19,0.0,0.94,0.06,22,theory_safety_fee
20,0.0,0.94,0.06,22,theory_safety_fee
21,0.0,0.94,0.06,22,theory_safety_fee
22,0.0,0.94,0.06,22,theory_safety_fee
23,0.0,0.94,0.06,22,theory_safety_fee
24,0.0,0.94,0.06,22,theory_safety_fee
25,0.0,0.94,0.06,22,theory_safety_fee
26,0.0,0.94,0.06,22,theory_safety_fee
27,0.0,0.94,0.06,22,theory_safety_fee
28,0.0,0.94,0.06,22,theory_safety_fee
29,0.0,0.94,0.06,22,theory_safety_fee
30,0.0,0.94,0.06,22,theory_safety_fee
31,0.0,0.94,0.06,22,theory_safety_fee
32,0.0,0.94,0.06,22,theory_safety_fee
33,0.0,0.94,0.06,22,theory_safety_fee
34,0.0,0.94,0.06,22,theory_safety_fee
35,0.0,0.94,0.06,22,theory_safety_fee
36,0.0,0.94,0.06,22,theory_safety_fee
37,0.0,0.94,0.06,22,theory_safety_fee
38,0.0,0.94,0.06,22,theory_safety_fee
39,0.0,0.94,0.06,22,theory_safety_fee
40,0.0,0.94,0.06,22,theory_safety_fee
41,0.0,0.94,0.06,22,theory_safety_fee
42,0.0,0.94,0.06,22,theory_safety_fee
43,0.0,0.94,0.06,22,theory_safety_fee
44,0.0,0.94,0.06,22,theory_safety_fee
45,0.0,0.94,0.06,22,theory_safety_fee
46,0.0,0.94,0.06,22,theory_safety_fee
47,0.0,0.94,0.06,22,theory_safety_fee
48,0.0,0.94,0.06,22,theory_safety_fee
49,0.0,0.94,0.06,22,theory_safety_fee
50,0.0,0.94,0.06,22,theory_safety_fee
51,0.0,0.94,0.06,22,theory_safety_fee
52,0.0,0.94,0.06,22,theory_safety_fee
53,0.0,0.94,0.06,22,theory_safety_fee
54,0.0,0.94,0.06,22,theory_safety_fee
55,0.0,0.94,0.06,22,theory_safety_fee
56,0.0,0.94,0.06,22,theory_safety_fee
57,0.0,0.94,0.06,22,theory_safety_fee
58,0.0,0.94,0.06,22,theory_safety_fee
59,0.0,0.94,0.06,22,theory_safety_fee
60,0.0,0.94,0.06,22,theory_safety_fee
61,0.0,0.94,0.06,22,theory_safety_fee
62,0.0,0.94,0.06,22,theory_safety_fee
63,0.0,0.94,0.06,22,theory_safety_fee
64,0.0,0.94,0.06,22,theory_safety_fee
65,0.0,0.94,0.06,22,theory_safety_fee
66,0.0,0.94,0.06,22,theory_safety_fee
67,0.0,0.94,0.06,22,theory_safety_fee
68,0.0,0.94,0.06,22,theory_safety_fee
69,0.0,0.94,0.06,22,theory_safety_fee
70,0.0,0.94,0.06,22,theory_safety_fee
71,0.0,0.94,0.06,22,theory_safety_fee
72,0.0,0.94,0.06,22,theory_safety_fee
73,0.0,0.94,0.06,22,theory_safety_fee
74,0.0,0.94,0.06,22,theory_safety_fee
75,0.0,0.94,0.06,22,theory_safety_fee
76,0.0,0.94,0.06,22,theory_safety_fee
77,0.0,0.94,0.06,22,theory_safety_fee
78,0.0,0.94,0.06,22,theory_safety_fee
79,0.0,0.94,0.06,22,theory_safety_fee
80,0.0,0.94,0.06,22,theory_safety_fee
81,0.0,0.94,0.06,22,theory_safety_fee
82,0.0,0.94,0.06,22,theory_safety_fee
83,0.0,0.94,0.06,22,theory_safety_fee
84,0.0,0.94,0.06,22,theory_safety_fee
85,0.0,0.94,0.06,22,theory_safety_fee
86,0.0,0.94,0.06,22,theory_safety_fee
87,0.0,0.94,0.06,22,theory_safety_fee
88,0.0,0.94,0.06,22,theory_safety_fee
89,0.0,0.94,0.06,22,theory_safety_fee
90,0.0,0.94,0.06,22,theory_safety_fee
91,0.0,0.94,0.06,22,theory_safety_fee
92,0.0,0.94,0.06,22,theory_safety_fee
93,0.0,0.94,0.06,22,theory_safety_fee
94,0.0,0.94,0.06,22,theory_safety_fee
95,0.0,0.94,0.06,22,theory_safety_fee
96,0.0,0.94,0.06,22,theory_safety_fee
97,0.0,0.94,0.06,22,theory_safety_fee
98,0.0,0.94,0.06,22,theory_safety_fee
99,0.0,0.94,0.06,22,theory_safety_fee
100,0.0,0.94,0.06,22,theory_safety_fee
0,0.0,0.94,0.06,22,theory_safety_fee_async
1,0.0,0.89,0.11,22,theory_safety_fee_async
2,0.0,0.84,0.16,22,theory_safety_fee_async
3,0.0,0.805,0.195,22,theory_safety_fee_async
4,0.0,0.765,0.235,22,theory_safety_fee_async
5,0.0,0.72,0.28,22,theory_safety_fee_async
6,0.0,0.72,0.28,22,theory_safety_fee_async
7,0.0,0.72,0.28,22,theory_safety_fee_async
8,0.0,0.72,0.28,22,theory_safety_fee_async
9,0.0,0.72,0.28,22,theory_safety_fee_async
10,0.0,0.72,0.28,22,theory_safety_fee_async
11,0.0,0.72,0.28,22,theory_safety_fee_async
12,0.0,0.72,0.28,22,theory_safety_fee_async
13,0.0,0.72,0.28,22,theory_safety_fee_async
14,0.0,0.72,0.28,22,theory_safety_fee_async
15,0.0,0.72,0.28,22,theory_safety_fee_async
16,0.0,0.72,0.28,22,theory_safety_fee_async
17,0.0,0.72,0.28,22,theory_safety_fee_async
18,0.0,0.72,0.28,22,theory_safety_fee_async
19,0.0,0.69,0.31,22,theory_safety_fee_async
20,0.0,0.69,0.31,22,theory_safety_fee_async
21,0.0,0.69,0.31,22,theory_safety_fee_async
22,0.0,0.69,0.31,22,theory_safety_fee_async
23,0.0,0.69,0.31,22,theory_safety_fee_async
24,0.0,0.69,0.31,22,theory_safety_fee_async
25,0.0,0.69,0.31,22,theory_safety_fee_async
26,0.0,0.69,0.31,22,theory_safety_fee_async
27,0.0,0.69,0.31,22,theory_safety_fee_async
28,0.0,0.69,0.31,22,theory_safety_fee_async
29,0.0,0.69,0.31,22,theory_safety_fee_async
30,0.0,0.69,0.31,22,theory_safety_fee_async
31,0.0,0.69,0.31,22,theory_safety_fee_async
32,0.0,0.69,0.31,22,theory_safety_fee_async
33,0.0,0.69,0.31,22,theory_safety_fee_async
34,0.0,0.69,0.31,22,theory_safety_fee_async
35,0.0,0.69,0.31,22,theory_safety_fee_async
36,0.0,0.69,0.31,22,theory_safety_fee_async
37,0.0,0.69,0.31,22,theory_safety_fee_async
38,0.0,0.69,0.31,22,theory_safety_fee_async
39,0.0,0.69,0.31,22,theory_safety_fee_async
40,0.0,0.69,0.31,22,theory_safety_fee_async
41,0.0,0.69,0.31,22,theory_safety_fee_async
42,0.0,0.69,0.31,22,theory_safety_fee_async
43,0.0,0.69,0.31,22,theory_safety_fee_async
44,0.0,0.69,0.31,22,theory_safety_fee_async
45,0.0,0.69,0.31,22,theory_safety_fee_async
46,0.0,0.69,0.31,22,theory_safety_fee_async
47,0.0,0.69,0.31,22,theory_safety_fee_async
48,0.0,0.69,0.31,22,theory_safety_fee_async
49,0.0,0.69,0.31,22,theory_safety_fee_async
50,0.0,0.69,0.31,22,theory_safety_fee_async
51,0.0,0.69,0.31,22,theory_safety_fee_async
52,0.0,0.69,0.31,22,theory_safety_fee_async
53,0.0,0.69,0.31,22,theory_safety_fee_async
54,0.0,0.69,0.31,22,theory_safety_fee_async
55,0.0,0.69,0.31,22,theory_safety_fee_async
56,0.0,0.69,0.31,22,theory_safety_fee_async
57,0.0,0.69,0.31,22,theory_safety_fee_async
58,0.0,0.69,0.31,22,theory_safety_fee_async
59,0.0,0.69,0.31,22,theory_safety_fee_async
60,0.0,0.69,0.31,22,theory_safety_fee_async
61,0.0,0.69,0.31,22,theory_safety_fee_async
62,0.0,0.69,0.31,22,theory_safety_fee_async
63,0.0,0.69,0.31,22,theory_safety_fee_async
64,0.0,0.69,0.31,22,theory_safety_fee_async
65,0.0,0.69,0.31,22,theory_safety_fee_async
66,0.0,0.69,0.31,22,theory_safety_fee_async
67,0.0,0.69,0.31,22,theory_safety_fee_async
68,0.0,0.69,0.31,22,theory_safety_fee_async
69,0.0,0.69,0.31,22,theory_safety_fee_async
70,0.0,0.69,0.31,22,theory_safety_fee_async
71,0.0,0.69,0.31,22,theory_safety_fee_async
72,0.0,0.69,0.31,22,theory_safety_fee_async
73,0.0,0.69,0.31,22,theory_safety_fee_async
74,0.0,0.69,0.31,22,theory_safety_fee_async
75,0.0,0.69,0.31,22,theory_safety_fee_async
76,0.0,0.69,0.31,22,theory_safety_fee_async
77,0.0,0.69,0.31,22,theory_safety_fee_async
78,0.0,0.69,0.31,22,theory_safety_fee_async
79,0.0,0.69,0.31,22,theory_safety_fee_async
80,0.0,0.69,0.31,22,theory_safety_fee_async
81,0.0,0.69,0.31,22,theory_safety_fee_async
82,0.0,0.69,0.31,22,theory_safety_fee_async
83,0.0,0.69,0.31,22,theory_safety_fee_async
84,0.0,0.69,0.31,22,theory_safety_fee_async
85,0.0,0.69,0.31,22,theory_safety_fee_async
86,0.0,0.69,0.31,22,theory_safety_fee_async
87,0.0,0.69,0.31,22,theory_safety_fee_async
88,0.0,0.69,0.31,22,theory_safety_fee_async
89,0.0,0.69,0.31,22,theory_safety_fee_async
90,0.0,0.69,0.31,22,theory_safety_fee_async
91,0.0,0.69,0.31,22,theory_safety_fee_async
92,0.0,0.69,0.31,22,theory_safety_fee_async
93,0.0,0.69,0.31,22,theory_safety_fee_async
94,0.0,0.69,0.31,22,theory_safety_fee_async
95,0.0,0.69,0.31,22,theory_safety_fee_async
96,0.0,0.69,0.31,22,theory_safety_fee_async
97,0.0,0.69,0.31,22,theory_safety_fee_async
98,0.0,0.69,0.31,22,theory_safety_fee_async
99,0.0,0.69,0.31,22,theory_safety_fee_async
100,0.0,0.69,0.31,22,theory_safety_fee_async
0,0.0,0.94,0.06,23,simulation_safety_fee
1,0.0,0.89,0.11,23,simulation_safety_fee
2,0.0,0.84,0.16,23,simulation_safety_fee
3,0.0,0.8,0.2,23,simulation_safety_fee
4,0.0,0.755,0.245,23,simulation_safety_fee
5,0.0,0.71,0.29,23,simulation_safety_fee
6,0.0,0.68,0.32,23,simulation_safety_fee
7,0.0,0.68,0.32,23,simulation_safety_fee
8,0.0,0.68,0.32,23,simulation_safety_fee
9,0.0,0.68,0.32,23,simulation_safety_fee
10,0.0,0.68,0.32,23,simulation_safety_fee
0,0.0,0.94,0.06,23,theory_safety_fee
1,0.0,0.94,0.06,23,theory_safety_fee
2,0.0,0.94,0.06,23,theory_safety_fee
3,0.0,0.94,0.06,23,theory_safety_fee
4,0.0,0.94,0.06,23,theory_safety_fee
5,0.0,0.94,0.06,23,theory_safety_fee
6,0.0,0.94,0.06,23,theory_safety_fee
7,0.0,0.94,0.06,23,theory_safety_fee
8,0.0,0.94,0.06,23,theory_safety_fee
9,0.0,0.94,0.06,23,theory_safety_fee
10,0.0,0.94,0.06,23,theory_safety_fee
11,0.0,0.94,0.06,23,theory_safety_fee
12,0.0,0.94,0.06,23,theory_safety_fee
13,0.0,0.94,0.06,23,theory_safety_fee
14,0.0,0.94,0.06,23,theory_safety_fee
15,0.0,0.94,0.06,23,theory_safety_fee
16,0.0,0.94,0.06,23,theory_safety_fee
17,0.0,0.94,0.06,23,theory_safety_fee
18,0.0,0.94,0.06,23,theory_safety_fee
19,0.0,0.94,0.06,23,theory_safety_fee
20,0.0,0.94,0.06,23,theory_safety_fee
21,0.0,0.94,0.06,23,theory_safety_fee
22,0.0,0.94,0.06,23,theory_safety_fee
23,0.0,0.94,0.06,23,theory_safety_fee
24,0.0,0.94,0.06,23,theory_safety_fee
25,0.0,0.94,0.06,23,theory_safety_fee
26,0.0,0.94,0.06,23,theory_safety_fee
27,0.0,0.94,0.06,23,theory_safety_fee
28,0.0,0.94,0.06,23,theory_safety_fee
29,0.0,0.94,0.06,23,theory_safety_fee
30,0.0,0.94,0.06,23,theory_safety_fee
31,0.0,0.94,0.06,23,theory_safety_fee
32,0.0,0.94,0.06,23,theory_safety_fee
33,0.0,0.94,0.06,23,theory_safety_fee
34,0.0,0.94,0.06,23,theory_safety_fee
35,0.0,0.94,0.06,23,theory_safety_fee
36,0.0,0.94,0.06,23,theory_safety_fee
37,0.0,0.94,0.06,23,theory_safety_fee
38,0.0,0.94,0.06,23,theory_safety_fee
39,0.0,0.94,0.06,23,theory_safety_fee
40,0.0,0.94,0.06,23,theory_safety_fee
41,0.0,0.94,0.06,23,theory_safety_fee
42,0.0,0.94,0.06,23,theory_safety_fee
43,0.0,0.94,0.06,23,theory_safety_fee
44,0.0,0.94,0.06,23,theory_safety_fee
45,0.0,0.94,0.06,23,theory_safety_fee
46,0.0,0.94,0.06,23,theory_safety_fee
47,0.0,0.94,0.06,23,theory_safety_fee
48,0.0,0.94,0.06,23,theory_safety_fee
49,0.0,0.94,0.06,23,theory_safety_fee
50,0.0,0.94,0.06,23,theory_safety_fee
51,0.0,0.94,0.06,23,theory_safety_fee
52,0.0,0.94,0.06,23,theory_safety_fee
53,0.0,0.94,0.06,23,theory_safety_fee
54,0.0,0.94,0.06,23,theory_safety_fee
55,0.0,0.94,0.06,23,theory_safety_fee
56,0.0,0.94,0.06,23,theory_safety_fee
57,0.0,0.94,0.06,23,theory_safety_fee
58,0.0,0.94,0.06,23,theory_safety_fee
59,0.0,0.94,0.06,23,theory_safety_fee
60,0.0,0.94,0.06,23,theory_safety_fee
61,0.0,0.94,0.06,23,theory_safety_fee
62,0.0,0.94,0.06,23,theory_safety_fee
63,0.0,0.94,0.06,23,theory_safety_fee
64,0.0,0.94,0.06,23,theory_safety_fee
65,0.0,0.94,0.06,23,theory_safety_fee
66,0.0,0.94,0.06,23,theory_safety_fee
67,0.0,0.94,0.06,23,theory_safety_fee
68,0.0,0.94,0.06,23,theory_safety_fee
69,0.0,0.94,0.06,23,theory_safety_fee
70,0.0,0.94,0.06,23,theory_safety_fee
71,0.0,0.94,0.06,23,theory_safety_fee
72,0.0,0.94,0.06,23,theory_safety_fee
73,0.0,0.94,0.06,23,theory_safety_fee
74,0.0,0.94,0.06,23,theory_safety_fee
75,0.0,0.94,0.06,23,theory_safety_fee
76,0.0,0.94,0.06,23,theory_safety_fee
77,0.0,0.94,0.06,23,theory_safety_fee
78,0.0,0.94,0.06,23,theory_safety_fee
79,0.0,0.94,0.06,23,theory_safety_fee
80,0.0,0.94,0.06,23,theory_safety_fee
81,0.0,0.94,0.06,23,theory_safety_fee
82,0.0,0.94,0.06,23,theory_safety_fee
83,0.0,0.94,0.06,23,theory_safety_fee
84,0.0,0.94,0.06,23,theory_safety_fee
85,0.0,0.94,0.06,23,theory_safety_fee
86,0.0,0.94,0.06,23,theory_safety_fee
87,0.0,0.94,0.06,23,theory_safety_fee
88,0.0,0.94,0.06,23,theory_safety_fee
89,0.0,0.94,0.06,23,theory_safety_fee
90,0.0,0.94,0.06,23,theory_safety_fee
91,0.0,0.94,0.06,23,theory_safety_fee
92,0.0,0.94,0.06,23,theory_safety_fee
93,0.0,0.94,0.06,23,theory_safety_fee
94,0.0,0.94,0.06,23,theory_safety_fee
95,0.0,0.94,0.06,23,theory_safety_fee
96,0.0,0.94,0.06,23,theory_safety_fee
97,0.0,0.94,0.06,23,theory_safety_fee
98,0.0,0.94,0.06,23,theory_safety_fee
99,0.0,0.94,0.06,23,theory_safety_fee
100,0.0,0.94,0.06,23,theory_safety_fee
0,0.0,0.94,0.06,23,theory_safety_fee_async
1,0.0,0.89,0.11,23,theory_safety_fee_async
2,0.0,0.84,0.16,23,theory_safety_fee_async
3,0.0,0.8,0.2,23,theory_safety_fee_async
4,0.0,0.755,0.245,23,theory_safety_fee_async
5,0.0,0.71,0.29,23,theory_safety_fee_async
6,0.0,0.68,0.32,23,theory_safety_fee_async
7,0.0,0.68,0.32,23,theory_safety_fee_async
8,0.0,0.68,0.32,23,theory_safety_fee_async
9,0.0,0.68,0.32,23,theory_safety_fee_async
10,0.0,0.68,0.32,23,theory_safety_fee_async
11,0.0,0.68,0.32,23,theory_safety_fee_async
12,0.0,0.68,0.32,23,theory_safety_fee_async
13,0.0,0.68,0.32,23,theory_safety_fee_async
14,0.0,0.68,0.32,23,theory_safety_fee_async
15,0.0,0.68,0.32,23,theory_safety_fee_async
16,0.0,0.68,0.32,23,theory_safety_fee_async
17,0.0,0.68,0.32,23,theory_safety_fee_async
18,0.0,0.68,0.32,23,theory_safety_fee_async
19,0.0,0.68,0.32,23,theory_safety_fee_async
20,0.0,0.68,0.32,23,theory_safety_fee_async
21,0.0,0.68,0.32,23,theory_safety_fee_async
22,0.0,0.68,0.32,23,theory_safety_fee_async
23,0.0,0.68,0.32,23,theory_safety_fee_async
24,0.0,0.68,0.32,23,theory_safety_fee_async
25,0.0,0.68,0.32,23,theory_safety_fee_async
26,0.0,0.68,0.32,23,theory_safety_fee_async
27,0.0,0.68,0.32,23,theory_safety_fee_async
28,0.0,0.68,0.32,23,theory_safety_fee_async
29,0.0,0.68,0.32,23,theory_safety_fee_async
30,0.0,0.68,0.32,23,theory_safety_fee_async
31,0.0,0.68,0.32,23,theory_safety_fee_async
32,0.0,0.655,0.345,23,theory_safety_fee_async
33,0.0,0.655,0.345,23,theory_safety_fee_async
34,0.0,0.655,0.345,23,theory_safety_fee_async
35,0.0,0.655,0.345,23,theory_safety_fee_async
36,0.0,0.655,0.345,23,theory_safety_fee_async
37,0.0,0.655,0.345,23,theory_safety_fee_async
38,0.0,0.655,0.345,23,theory_safety_fee_async
39,0.0,0.655,0.345,23,theory_safety_fee_async
40,0.0,0.655,0.345,23,theory_safety_fee_async
41,0.0,0.655,0.345,23,theory_safety_fee_async
42,0.0,0.655,0.345,23,theory_safety_fee_async
43,0.0,0.655,0.345,23,theory_safety_fee_async
44,0.0,0.655,0.345,23,theory_safety_fee_async
45,0.0,0.655,0.345,23,theory_safety_fee_async
46,0.0,0.655,0.345,23,theory_safety_fee_async
47,0.0,0.655,0.345,23,theory_safety_fee_async
48,0.0,0.655,0.345,23,theory_safety_fee_async
49,0.0,0.655,0.345,23,theory_safety_fee_async
50,0.0,0.655,0.345,23,theory_safety_fee_async
51,0.0,0.655,0.345,23,theory_safety_fee_async
52,0.0,0.655,0.345,23,theory_safety_fee_async
53,0.0,0.655,0.345,23,theory_safety_fee_async
54,0.0,0.655,0.345,23,theory_safety_fee_async
55,0.0,0.655,0.345,23,theory_safety_fee_async
56,0.0,0.655,0.345,23,theory_safety_fee_async
57,0.0,0.655,0.345,23,theory_safety_fee_async
58,0.0,0.655,0.345,23,theory_safety_fee_async
59,0.0,0.655,0.345,23,theory_safety_fee_async
60,0.0,0.655,0.345,23,theory_safety_fee_async
61,0.0,0.655,0.345,23,theory_safety_fee_async
62,0.0,0.655,0.345,23,theory_safety_fee_async
63,0.0,0.655,0.345,23,theory_safety_fee_async
64,0.0,0.655,0.345,23,theory_safety_fee_async
65,0.0,0.655,0.345,23,theory_safety_fee_async
66,0.0,0.655,0.345,23,theory_safety_fee_async
67,0.0,0.655,0.345,23,theory_safety_fee_async
68,0.0,0.655,0.345,23,theory_safety_fee_async
69,0.0,0.655,0.345,23,theory_safety_fee_async
70,0.0,0.655,0.345,23,theory_safety_fee_async
71,0.0,0.655,0.345,23,theory_safety_fee_async
72,0.0,0.655,0.345,23,theory_safety_fee_async
73,0.0,0.655,0.345,23,theory_safety_fee_async
74,0.0,0.655,0.345,23,theory_safety_fee_async
75,0.0,0.655,0.345,23,theory_safety_fee_async
76,0.0,0.655,0.345,23,theory_safety_fee_async
77,0.0,0.655,0.345,23,theory_safety_fee_async
78,0.0,0.655,0.345,23,theory_safety_fee_async
79,0.0,0.655,0.345,23,theory_safety_fee_async
80,0.0,0.655,0.345,23,theory_safety_fee_async
81,0.0,0.655,0.345,23,theory_safety_fee_async
82,0.0,0.655,0.345,23,theory_safety_fee_async
83,0.0,0.655,0.345,23,theory_safety_fee_async
84,0.0,0.655,0.345,23,theory_safety_fee_async
85,0.0,0.655,0.345,23,theory_safety_fee_async
86,0.0,0.655,0.345,23,theory_safety_fee_async
87,0.0,0.655,0.345,23,theory_safety_fee_async
88,0.0,0.655,0.345,23,theory_safety_fee_async
89,0.0,0.655,0.345,23,theory_safety_fee_async
90,0.0,0.655,0.345,23,theory_safety_fee_async
91,0.0,0.655,0.345,23,theory_safety_fee_async
92,0.0,0.655,0.345,23,theory_safety_fee_async
93,0.0,0.655,0.345,23,theory_safety_fee_async
94,0.0,0.655,0.345,23,theory_safety_fee_async
95,0.0,0.655,0.345,23,theory_safety_fee_async
96,0.0,0.655,0.345,23,theory_safety_fee_async
97,0.0,0.655,0.345,23,theory_safety_fee_async
98,0.0,0.655,0.345,23,theory_safety_fee_async
99,0.0,0.655,0.345,23,theory_safety_fee_async
100,0.0,0.655,0.345,23,theory_safety_fee_async
0,0.0,0.94,0.06,24,simulation_safety_fee
1,0.0,0.89,0.11,24,simulation_safety_fee
2,0.0,0.84,0.16,24,simulation_safety_fee
3,0.0,0.8,0.2,24,simulation_safety_fee
4,0.0,0.75,0.25,24,simulation_safety_fee
5,0.0,0.705,0.295,24,simulation_safety_fee
6,0.0,0.665,0.335,24,simulation_safety_fee
7,0.0,0.665,0.335,24,simulation_safety_fee
8,0.0,0.665,0.335,24,simulation_safety_fee
9,0.0,0.665,0.335,24,simulation_safety_fee
10,0.0,0.665,0.335,24,simulation_safety_fee
0,0.0,0.94,0.06,24,theory_safety_fee
1,0.0,0.94,0.06,24,theory_safety_fee
2,0.0,0.94,0.06,24,theory_safety_fee
3,0.0,0.94,0.06,24,theory_safety_fee
4,0.0,0.94,0.06,24,theory_safety_fee
5,0.0,0.94,0.06,24,theory_safety_fee
6,0.0,0.94,0.06,24,theory_safety_fee
7,0.0,0.94,0.06,24,theory_safety_fee
8,0.0,0.94,0.06,24,theory_safety_fee
9,0.0,0.94,0.06,24,theory_safety_fee
10,0.0,0.94,0.06,24,theory_safety_fee
11,0.0,0.94,0.06,24,theory_safety_fee
12,0.0,0.94,0.06,24,theory_safety_fee
13,0.0,0.94,0.06,24,theory_safety_fee
14,0.0,0.94,0.06,24,theory_safety_fee
15,0.0,0.94,0.06,24,theory_safety_fee
16,0.0,0.94,0.06,24,theory_safety_fee
17,0.0,0.94,0.06,24,theory_safety_fee
18,0.0,0.94,0.06,24,theory_safety_fee
19,0.0,0.94,0.06,24,theory_safety_fee
20,0.0,0.94,0.06,24,theory_safety_fee
21,0.0,0.94,0.06,24,theory_safety_fee
22,0.0,0.94,0.06,24,theory_safety_fee
23,0.0,0.94,0.06,24,theory_safety_fee
24,0.0,0.94,0.06,24,theory_safety_fee
25,0.0,0.94,0.06,24,theory_safety_fee
26,0.0,0.94,0.06,24,theory_safety_fee
27,0.0,0.94,0.06,24,theory_safety_fee
28,0.0,0.94,0.06,24,theory_safety_fee
29,0.0,0.94,0.06,24,theory_safety_fee
30,0.0,0.94,0.06,24,theory_safety_fee
31,0.0,0.94,0.06,24,theory_safety_fee
32,0.0,0.94,0.06,24,theory_safety_fee
33,0.0,0.94,0.06,24,theory_safety_fee
34,0.0,0.94,0.06,24,theory_safety_fee
35,0.0,0.94,0.06,24,theory_safety_fee
36,0.0,0.94,0.06,24,theory_safety_fee
37,0.0,0.94,0.06,24,theory_safety_fee
38,0.0,0.94,0.06,24,theory_safety_fee
39,0.0,0.94,0.06,24,theory_safety_fee
40,0.0,0.94,0.06,24,theory_safety_fee
41,0.0,0.94,0.06,24,theory_safety_fee
42,0.0,0.94,0.06,24,theory_safety_fee
43,0.0,0.94,0.06,24,theory_safety_fee
44,0.0,0.94,0.06,24,theory_safety_fee
45,0.0,0.94,0.06,24,theory_safety_fee
46,0.0,0.94,0.06,24,theory_safety_fee
47,0.0,0.94,0.06,24,theory_safety_fee
48,0.0,0.94,0.06,24,theory_safety_fee
49,0.0,0.94,0.06,24,theory_safety_fee
50,0.0,0.94,0.06,24,theory_safety_fee
51,0.0,0.94,0.06,24,theory_safety_fee
52,0.0,0.94,0.06,24,theory_safety_fee
53,0.0,0.94,0.06,24,theory_safety_fee
54,0.0,0.94,0.06,24,theory_safety_fee
55,0.0,0.94,0.06,24,theory_safety_fee
56,0.0,0.94,0.06,24,theory_safety_fee
57,0.0,0.94,0.06,24,theory_safety_fee
58,0.0,0.94,0.06,24,theory_safety_fee
59,0.0,0.94,0.06,24,theory_safety_fee
60,0.0,0.94,0.06,24,theory_safety_fee
61,0.0,0.94,0.06,24,theory_safety_fee
62,0.0,0.94,0.06,24,theory_safety_fee
63,0.0,0.94,0.06,24,theory_safety_fee
64,0.0,0.94,0.06,24,theory_safety_fee
65,0.0,0.94,0.06,24,theory_safety_fee
66,0.0,0.94,0.06,24,theory_safety_fee
67,0.0,0.94,0.06,24,theory_safety_fee
68,0.0,0.94,0.06,24,theory_safety_fee
69,0.0,0.94,0.06,24,theory_safety_fee
70,0.0,0.94,0.06,24,theory_safety_fee
71,0.0,0.94,0.06,24,theory_safety_fee
72,0.0,0.94,0.06,24,theory_safety_fee
73,0.0,0.94,0.06,24,theory_safety_fee
74,0.0,0.94,0.06,24,theory_safety_fee
75,0.0,0.94,0.06,24,theory_safety_fee
76,0.0,0.94,0.06,24,theory_safety_fee
77,0.0,0.94,0.06,24,theory_safety_fee
78,0.0,0.94,0.06,24,theory_safety_fee
79,0.0,0.94,0.06,24,theory_safety_fee
80,0.0,0.94,0.06,24,theory_safety_fee
81,0.0,0.94,0.06,24,theory_safety_fee
82,0.0,0.94,0.06,24,theory_safety_fee
83,0.0,0.94,0.06,24,theory_safety_fee
84,0.0,0.94,0.06,24,theory_safety_fee
85,0.0,0.94,0.06,24,theory_safety_fee
86,0.0,0.94,0.06,24,theory_safety_fee
87,0.0,0.94,0.06,24,theory_safety_fee
88,0.0,0.94,0.06,24,theory_safety_fee
89,0.0,0.94,0.06,24,theory_safety_fee
90,0.0,0.94,0.06,24,theory_safety_fee
91,0.0,0.94,0.06,24,theory_safety_fee
92,0.0,0.94,0.06,24,theory_safety_fee
93,0.0,0.94,0.06,24,theory_safety_fee
94,0.0,0.94,0.06,24,theory_safety_fee
95,0.0,0.94,0.06,24,theory_safety_fee
96,0.0,0.94,0.06,24,theory_safety_fee
97,0.0,0.94,0.06,24,theory_safety_fee
98,0.0,0.94,0.06,24,theory_safety_fee
99,0.0,0.94,0.06,24,theory_safety_fee
100,0.0,0.94,0.06,24,theory_safety_fee
0,0.0,0.94,0.06,24,theory_safety_fee_async
1,0.0,0.89,0.11,24,theory_safety_fee_async
2,0.0,0.84,0.16,24,theory_safety_fee_async
3,0.0,0.8,0.2,24,theory_safety_fee_async
4,0.0,0.75,0.25,24,theory_safety_fee_async
5,0.0,0.705,0.295,24,theory_safety_fee_async
6,0.0,0.665,0.335,24,theory_safety_fee_async
7,0.0,0.665,0.335,24,theory_safety_fee_async
8,0.0,0.665,0.335,24,theory_safety_fee_async
9,0.0,0.665,0.335,24,theory_safety_fee_async
10,0.0,0.665,0.335,24,theory_safety_fee_async
11,0.0,0.665,0.335,24,theory_safety_fee_async
12,0.0,0.665,0.335,24,theory_safety_fee_async
13,0.0,0.665,0.335,24,theory_safety_fee_async
14,0.0,0.665,0.335,24,theory_safety_fee_async
15,0.0,0.665,0.335,24,theory_safety_fee_async
16,0.0,0.665,0.335,24,theory_safety_fee_async
17,0.0,0.665,0.335,24,theory_safety_fee_async
18,0.0,0.665,0.335,24,theory_safety_fee_async
19,0.0,0.665,0.335,24,theory_safety_fee_async
20,0.0,0.665,0.335,24,theory_safety_fee_async
21,0.0,0.665,0.335,24,theory_safety_fee_async
22,0.0,0.665,0.335,24,theory_safety_fee_async
23,0.0,0.665,0.335,24,theory_safety_fee_async
24,0.0,0.665,0.335,24,theory_safety_fee_async
25,0.0,0.665,0.335,24,theory_safety_fee_async
26,0.0,0.665,0.335,24,theory_safety_fee_async
27,0.0,0.665,0.335,24,theory_safety_fee_async
28,0.0,0.64,0.36,24,theory_safety_fee_async
29,0.0,0.64,0.36,24,theory_safety_fee_async
30,0.0,0.64,0.36,24,theory_safety_fee_async
31,0.0,0.64,0.36,24,theory_safety_fee_async
32,0.0,0.64,0.36,24,theory_safety_fee_async
33,0.0,0.64,0.36,24,theory_safety_fee_async
34,0.0,0.64,0.36,24,theory_safety_fee_async
35,0.0,0.64,0.36,24,theory_safety_fee_async
36,0.0,0.64,0.36,24,theory_safety_fee_async
37,0.0,0.64,0.36,24,theory_safety_fee_async
38,0.0,0.64,0.36,24,theory_safety_fee_async
39,0.0,0.64,0.36,24,theory_safety_fee_async
40,0.0,0.64,0.36,24,theory_safety_fee_async
41,0.0,0.64,0.36,24,theory_safety_fee_async
42,0.0,0.64,0.36,24,theory_safety_fee_async
43,0.0,0.64,0.36,24,theory_safety_fee_async
44,0.0,0.64,0.36,24,theory_safety_fee_async
45,0.0,0.64,0.36,24,theory_safety_fee_async
46,0.0,0.64,0.36,24,theory_safety_fee_async
47,0.0,0.64,0.36,24,theory_safety_fee_async
48,0.0,0.64,0.36,24,theory_safety_fee_async
49,0.0,0.64,0.36,24,theory_safety_fee_async
50,0.0,0.64,0.36,24,theory_safety_fee_async
51,0.0,0.64,0.36,24,theory_safety_fee_async
52,0.0,0.64,0.36,24,theory_safety_fee_async
53,0.0,0.64,0.36,24,theory_safety_fee_async
54,0.0,0.64,0.36,24,theory_safety_fee_async
55,0.0,0.64,0.36,24,theory_safety_fee_async
56,0.0,0.64,0.36,24,theory_safety_fee_async
57,0.0,0.64,0.36,24,theory_safety_fee_async
58,0.0,0.64,0.36,24,theory_safety_fee_async
59,0.0,0.64,0.36,24,theory_safety_fee_async
60,0.0,0.64,0.36,24,theory_safety_fee_async
61,0.0,0.64,0.36,24,theory_safety_fee_async
62,0.0,0.64,0.36,24,theory_safety_fee_async
63,0.0,0.64,0.36,24,theory_safety_fee_async
64,0.0,0.64,0.36,24,theory_safety_fee_async
65,0.0,0.64,0.36,24,theory_safety_fee_async
66,0.0,0.64,0.36,24,theory_safety_fee_async
67,0.0,0.64,0.36,24,theory_safety_fee_async
68,0.0,0.64,0.36,24,theory_safety_fee_async
69,0.0,0.64,0.36,24,theory_safety_fee_async
70,0.0,0.64,0.36,24,theory_safety_fee_async
71,0.0,0.64,0.36,24,theory_safety_fee_async
72,0.0,0.64,0.36,24,theory_safety_fee_async
73,0.0,0.64,0.36,24,theory_safety_fee_async
74,0.0,0.64,0.36,24,theory_safety_fee_async
75,0.0,0.64,0.36,24,theory_safety_fee_async
76,0.0,0.64,0.36,24,theory_safety_fee_async
77,0.0,0.64,0.36,24,theory_safety_fee_async
78,0.0,0.64,0.36,24,theory_safety_fee_async
79,0.0,0.64,0.36,24,theory_safety_fee_async
80,0.0,0.64,0.36,24,theory_safety_fee_async
81,0.0,0.64,0.36,24,theory_safety_fee_async
82,0.0,0.64,0.36,24,theory_safety_fee_async
83,0.0,0.64,0.36,24,theory_safety_fee_async
84,0.0,0.64,0.36,24,theory_safety_fee_async
85,0.0,0.64,0.36,24,theory_safety_fee_async
86,0.0,0.64,0.36,24,theory_safety_fee_async
87,0.0,0.64,0.36,24,theory_safety_fee_async
88,0.0,0.64,0.36,24,theory_safety_fee_async
89,0.0,0.64,0.36,24,theory_safety_fee_async
90,0.0,0.64,0.36,24,theory_safety_fee_async
91,0.0,0.64,0.36,24,theory_safety_fee_async
92,0.0,0.64,0.36,24,theory_safety_fee_async
93,0.0,0.64,0.36,24,theory_safety_fee_async
94,0.0,0.64,0.36,24,theory_safety_fee_async
95,0.0,0.64,0.36,24,theory_safety_fee_async
96,0.0,0.64,0.36,24,theory_safety_fee_async
97,0.0,0.64,0.36,24,theory_safety_fee_async
98,0.0,0.64,0.36,24,theory_safety_fee_async
99,0.0,0.64,0.36,24,theory_safety_fee_async
100,0.0,0.64,0.36,24,theory_safety_fee_async
0,0.0,0.94,0.06,25,simulation_safety_fee
1,0.0,0.89,0.11,25,simulation_safety_fee
2,0.0,0.845,0.155,25,simulation_safety_fee
3,0.0,0.805,0.195,25,simulation_safety_fee
4,0.0,0.765,0.235,25,simulation_safety_fee
5,0.0,0.725,0.275,25,simulation_safety_fee
6,0.0,0.685,0.315,25,simulation_safety_fee
7,0.0,0.645,0.355,25,simulation_safety_fee
8,0.0,0.645,0.355,25,simulation_safety_fee
9,0.0,0.645,0.355,25,simulation_safety_fee
10,0.0,0.645,0.355,25,simulation_safety_fee
11,0.0,0.645,0.355,25,simulation_safety_fee
0,0.0,0.94,0.06,25,theory_safety_fee
1,0.0,0.94,0.06,25,theory_safety_fee
2,0.0,0.94,0.06,25,theory_safety_fee
3,0.0,0.94,0.06,25,theory_safety_fee
4,0.0,0.94,0.06,25,theory_safety_fee
5,0.0,0.94,0.06,25,theory_safety_fee
6,0.0,0.94,0.06,25,theory_safety_fee
7,0.0,0.94,0.06,25,theory_safety_fee
8,0.0,0.94,0.06,25,theory_safety_fee
9,0.0,0.94,0.06,25,theory_safety_fee
10,0.0,0.94,0.06,25,theory_safety_fee
11,0.0,0.94,0.06,25,theory_safety_fee
12,0.0,0.94,0.06,25,theory_safety_fee
13,0.0,0.94,0.06,25,theory_safety_fee
14,0.0,0.94,0.06,25,theory_safety_fee
15,0.0,0.94,0.06,25,theory_safety_fee
16,0.0,0.94,0.06,25,theory_safety_fee
17,0.0,0.94,0.06,25,theory_safety_fee
18,0.0,0.94,0.06,25,theory_safety_fee
19,0.0,0.94,0.06,25,theory_safety_fee
20,0.0,0.94,0.06,25,theory_safety_fee
21,0.0,0.94,0.06,25,theory_safety_fee
22,0.0,0.94,0.06,25,theory_safety_fee
23,0.0,0.94,0.06,25,theory_safety_fee
24,0.0,0.94,0.06,25,theory_safety_fee
25,0.0,0.94,0.06,25,theory_safety_fee
26,0.0,0.94,0.06,25,theory_safety_fee
27,0.0,0.94,0.06,25,theory_safety_fee
28,0.0,0.94,0.06,25,theory_safety_fee
29,0.0,0.94,0.06,25,theory_safety_fee
30,0.0,0.94,0.06,25,theory_safety_fee
31,0.0,0.94,0.06,25,theory_safety_fee
32,0.0,0.94,0.06,25,theory_safety_fee
33,0.0,0.94,0.06,25,theory_safety_fee
34,0.0,0.94,0.06,25,theory_safety_fee
35,0.0,0.94,0.06,25,theory_safety_fee
36,0.0,0.94,0.06,25,theory_safety_fee
37,0.0,0.94,0.06,25,theory_safety_fee
38,0.0,0.94,0.06,25,theory_safety_fee
39,0.0,0.94,0.06,25,theory_safety_fee
40,0.0,0.94,0.06,25,theory_safety_fee
41,0.0,0.94,0.06,25,theory_safety_fee
42,0.0,0.94,0.06,25,theory_safety_fee
43,0.0,0.94,0.06,25,theory_safety_fee
44,0.0,0.94,0.06,25,theory_safety_fee
45,0.0,0.94,0.06,25,theory_safety_fee
46,0.0,0.94,0.06,25,theory_safety_fee
47,0.0,0.94,0.06,25,theory_safety_fee
48,0.0,0.94,0.06,25,theory_safety_fee
49,0.0,0.94,0.06,25,theory_safety_fee
50,0.0,0.94,0.06,25,theory_safety_fee
51,0.0,0.94,0.06,25,theory_safety_fee
52,0.0,0.94,0.06,25,theory_safety_fee
53,0.0,0.94,0.06,25,theory_safety_fee
54,0.0,0.94,0.06,25,theory_safety_fee
55,0.0,0.94,0.06,25,theory_safety_fee
56,0.0,0.94,0.06,25,theory_safety_fee
57,0.0,0.94,0.06,25,theory_safety_fee
58,0.0,0.94,0.06,25,theory_safety_fee
59,0.0,0.94,0.06,25,theory_safety_fee
60,0.0,0.94,0.06,25,theory_safety_fee
61,0.0,0.94,0.06,25,theory_safety_fee
62,0.0,0.94,0.06,25,theory_safety_fee
63,0.0,0.94,0.06,25,theory_safety_fee
64,0.0,0.94,0.06,25,theory_safety_fee
65,0.0,0.94,0.06,25,theory_safety_fee
66,0.0,0.94,0.06,25,theory_safety_fee
67,0.0,0.94,0.06,25,theory_safety_fee
68,0.0,0.94,0.06,25,theory_safety_fee
69,0.0,0.94,0.06,25,theory_safety_fee
70,0.0,0.94,0.06,25,theory_safety_fee
71,0.0,0.94,0.06,25,theory_safety_fee
72,0.0,0.94,0.06,25,theory_safety_fee
73,0.0,0.94,0.06,25,theory_safety_fee
74,0.0,0.94,0.06,25,theory_safety_fee
75,0.0,0.94,0.06,25,theory_safety_fee
76,0.0,0.94,0.06,25,theory_safety_fee
77,0.0,0.94,0.06,25,theory_safety_fee
78,0.0,0.94,0.06,25,theory_safety_fee
79,0.0,0.94,0.06,25,theory_safety_fee
80,0.0,0.94,0.06,25,theory_safety_fee
81,0.0,0.94,0.06,25,theory_safety_fee
82,0.0,0.94,0.06,25,theory_safety_fee
83,0.0,0.94,0.06,25,theory_safety_fee
84,0.0,0.94,0.06,25,theory_safety_fee
85,0.0,0.94,0.06,25,theory_safety_fee
86,0.0,0.94,0.06,25,theory_safety_fee
87,0.0,0.94,0.06,25,theory_safety_fee
88,0.0,0.94,0.06,25,theory_safety_fee
89,0.0,0.94,0.06,25,theory_safety_fee
90,0.0,0.94,0.06,25,theory_safety_fee
91,0.0,0.94,0.06,25,theory_safety_fee
92,0.0,0.94,0.06,25,theory_safety_fee
93,0.0,0.94,0.06,25,theory_safety_fee
94,0.0,0.94,0.06,25,theory_safety_fee
95,0.0,0.94,0.06,25,theory_safety_fee
96,0.0,0.94,0.06,25,theory_safety_fee
97,0.0,0.94,0.06,25,theory_safety_fee
98,0.0,0.94,0.06,25,theory_safety_fee
99,0.0,0.94,0.06,25,theory_safety_fee
100,0.0,0.94,0.06,25,theory_safety_fee
0,0.0,0.94,0.06,25,theory_safety_fee_async
1,0.0,0.89,0.11,25,theory_safety_fee_async
2,0.0,0.845,0.155,25,theory_safety_fee_async
3,0.0,0.805,0.195,25,theory_safety_fee_async
4,0.0,0.765,0.235,25,theory_safety_fee_async
5,0.0,0.725,0.275,25,theory_safety_fee_async
6,0.0,0.685,0.315,25,theory_safety_fee_async
7,0.0,0.645,0.355,25,theory_safety_fee_async
8,0.0,0.645,0.355,25,theory_safety_fee_async
9,0.0,0.645,0.355,25,theory_safety_fee_async
10,0.0,0.645,0.355,25,theory_safety_fee_async
11,0.0,0.645,0.355,25,theory_safety_fee_async
12,0.0,0.645,0.355,25,theory_safety_fee_async
13,0.0,0.645,0.355,25,theory_safety_fee_async
14,0.0,0.625,0.375,25,theory_safety_fee_async
15,0.0,0.625,0.375,25,theory_safety_fee_async
16,0.0,0.625,0.375,25,theory_safety_fee_async
17,0.0,0.625,0.375,25,theory_safety_fee_async
18,0.0,0.625,0.375,25,theory_safety_fee_async
19,0.0,0.625,0.375,25,theory_safety_fee_async
20,0.0,0.625,0.375,25,theory_safety_fee_async
21,0.0,0.625,0.375,25,theory_safety_fee_async
22,0.0,0.625,0.375,25,theory_safety_fee_async
23,0.0,0.625,0.375,25,theory_safety_fee_async
24,0.0,0.625,0.375,25,theory_safety_fee_async
25,0.0,0.625,0.375,25,theory_safety_fee_async
26,0.0,0.625,0.375,25,theory_safety_fee_async
27,0.0,0.625,0.375,25,theory_safety_fee_async
28,0.0,0.625,0.375,25,theory_safety_fee_async
29,0.0,0.625,0.375,25,theory_safety_fee_async
30,0.0,0.625,0.375,25,theory_safety_fee_async
31,0.0,0.625,0.375,25,theory_safety_fee_async
32,0.0,0.625,0.375,25,theory_safety_fee_async
33,0.0,0.625,0.375,25,theory_safety_fee_async
34,0.0,0.625,0.375,25,theory_safety_fee_async
35,0.0,0.625,0.375,25,theory_safety_fee_async
36,0.0,0.625,0.375,25,theory_safety_fee_async
37,0.0,0.625,0.375,25,theory_safety_fee_async
38,0.0,0.625,0.375,25,theory_safety_fee_async
39,0.0,0.625,0.375,25,theory_safety_fee_async
40,0.0,0.625,0.375,25,theory_safety_fee_async
41,0.0,0.625,0.375,25,theory_safety_fee_async
42,0.0,0.625,0.375,25,theory_safety_fee_async
43,0.0,0.625,0.375,25,theory_safety_fee_async
44,0.0,0.625,0.375,25,theory_safety_fee_async
45,0.0,0.625,0.375,25,theory_safety_fee_async
46,0.0,0.625,0.375,25,theory_safety_fee_async
47,0.0,0.625,0.375,25,theory_safety_fee_async
48,0.0,0.625,0.375,25,theory_safety_fee_async
49,0.0,0.625,0.375,25,theory_safety_fee_async
50,0.0,0.625,0.375,25,theory_safety_fee_async
51,0.0,0.625,0.375,25,theory_safety_fee_async
52,0.0,0.625,0.375,25,theory_safety_fee_async
53,0.0,0.625,0.375,25,theory_safety_fee_async
54,0.0,0.625,0.375,25,theory_safety_fee_async
55,0.0,0.625,0.375,25,theory_safety_fee_async
56,0.0,0.625,0.375,25,theory_safety_fee_async
57,0.0,0.625,0.375,25,theory_safety_fee_async
58,0.0,0.625,0.375,25,theory_safety_fee_async
59,0.0,0.625,0.375,25,theory_safety_fee_async
60,0.0,0.625,0.375,25,theory_safety_fee_async
61,0.0,0.625,0.375,25,theory_safety_fee_async
62,0.0,0.625,0.375,25,theory_safety_fee_async
63,0.0,0.625,0.375,25,theory_safety_fee_async
64,0.0,0.625,0.375,25,theory_safety_fee_async
65,0.0,0.625,0.375,25,theory_safety_fee_async
66,0.0,0.625,0.375,25,theory_safety_fee_async
67,0.0,0.625,0.375,25,theory_safety_fee_async
68,0.0,0.625,0.375,25,theory_safety_fee_async
69,0.0,0.625,0.375,25,theory_safety_fee_async
70,0.0,0.625,0.375,25,theory_safety_fee_async
71,0.0,0.625,0.375,25,theory_safety_fee_async
72,0.0,0.625,0.375,25,theory_safety_fee_async
73,0.0,0.625,0.375,25,theory_safety_fee_async
74,0.0,0.625,0.375,25,theory_safety_fee_async
75,0.0,0.625,0.375,25,theory_safety_fee_async
76,0.0,0.625,0.375,25,theory_safety_fee_async
77,0.0,0.625,0.375,25,theory_safety_fee_async
78,0.0,0.625,0.375,25,theory_safety_fee_async
79,0.0,0.625,0.375,25,theory_safety_fee_async
80,0.0,0.625,0.375,25,theory_safety_fee_async
81,0.0,0.625,0.375,25,theory_safety_fee_async
82,0.0,0.625,0.375,25,theory_safety_fee_async
83,0.0,0.625,0.375,25,theory_safety_fee_async
84,0.0,0.625,0.375,25,theory_safety_fee_async
85,0.0,0.625,0.375,25,theory_safety_fee_async
86,0.0,0.625,0.375,25,theory_safety_fee_async
87,0.0,0.625,0.375,25,theory_safety_fee_async
88,0.0,0.625,0.375,25,theory_safety_fee_async
89,0.0,0.625,0.375,25,theory_safety_fee_async
90,0.0,0.625,0.375,25,theory_safety_fee_async
91,0.0,0.625,0.375,25,theory_safety_fee_async
92,0.0,0.625,0.375,25,theory_safety_fee_async
93,0.0,0.625,0.375,25,theory_safety_fee_async
94,0.0,0.625,0.375,25,theory_safety_fee_async
95,0.0,0.625,0.375,25,theory_safety_fee_async
96,0.0,0.625,0.375,25,theory_safety_fee_async
97,0.0,0.625,0.375,25,theory_safety_fee_async
98,0.0,0.625,0.375,25,theory_safety_fee_async
99,0.0,0.625,0.375,25,theory_safety_fee_async
100,0.0,0.625,0.375,25,theory_safety_fee_async
0,0.0,0.94,0.06,26,simulation_safety_fee
1,0.0,0.895,0.105,26,simulation_safety_fee
2,0.0,0.85,0.15,26,simulation_safety_fee
3,0.0,0.805,0.195,26,simulation_safety_fee
4,0.0,0.765,0.235,26,simulation_safety_fee
5,0.0,0.72,0.28,26,simulation_safety_fee
6,0.0,0.69,0.31,26,simulation_safety_fee
7,0.0,0.665,0.335,26,simulation_safety_fee
8,0.0,0.665,0.335,26,simulation_safety_fee
9,0.0,0.63,0.37,26,simulation_safety_fee
10,0.0,0.63,0.37,26,simulation_safety_fee
11,0.0,0.63,0.37,26,simulation_safety_fee
12,0.0,0.63,0.37,26,simulation_safety_fee
13,0.0,0.63,0.37,26,simulation_safety_fee
0,0.0,0.94,0.06,26,theory_safety_fee
1,0.0,0.94,0.06,26,theory_safety_fee
2,0.0,0.94,0.06,26,theory_safety_fee
3,0.0,0.94,0.06,26,theory_safety_fee
4,0.0,0.94,0.06,26,theory_safety_fee
5,0.0,0.94,0.06,26,theory_safety_fee
6,0.0,0.94,0.06,26,theory_safety_fee
7,0.0,0.94,0.06,26,theory_safety_fee
8,0.0,0.94,0.06,26,theory_safety_fee
9,0.0,0.94,0.06,26,theory_safety_fee
10,0.0,0.94,0.06,26,theory_safety_fee
11,0.0,0.94,0.06,26,theory_safety_fee
12,0.0,0.94,0.06,26,theory_safety_fee
13,0.0,0.94,0.06,26,theory_safety_fee
14,0.0,0.94,0.06,26,theory_safety_fee
15,0.0,0.94,0.06,26,theory_safety_fee
16,0.0,0.94,0.06,26,theory_safety_fee
17,0.0,0.94,0.06,26,theory_safety_fee
18,0.0,0.94,0.06,26,theory_safety_fee
19,0.0,0.94,0.06,26,theory_safety_fee
20,0.0,0.94,0.06,26,theory_safety_fee
21,0.0,0.94,0.06,26,theory_safety_fee
22,0.0,0.94,0.06,26,theory_safety_fee
23,0.0,0.94,0.06,26,theory_safety_fee
24,0.0,0.94,0.06,26,theory_safety_fee
25,0.0,0.94,0.06,26,theory_safety_fee
26,0.0,0.94,0.06,26,theory_safety_fee
27,0.0,0.94,0.06,26,theory_safety_fee
28,0.0,0.94,0.06,26,theory_safety_fee
29,0.0,0.94,0.06,26,theory_safety_fee
30,0.0,0.94,0.06,26,theory_safety_fee
31,0.0,0.94,0.06,26,theory_safety_fee
32,0.0,0.94,0.06,26,theory_safety_fee
33,0.0,0.94,0.06,26,theory_safety_fee
34,0.0,0.94,0.06,26,theory_safety_fee
35,0.0,0.94,0.06,26,theory_safety_fee
36,0.0,0.94,0.06,26,theory_safety_fee
37,0.0,0.94,0.06,26,theory_safety_fee
38,0.0,0.94,0.06,26,theory_safety_fee
39,0.0,0.94,0.06,26,theory_safety_fee
40,0.0,0.94,0.06,26,theory_safety_fee
41,0.0,0.94,0.06,26,theory_safety_fee
42,0.0,0.94,0.06,26,theory_safety_fee
43,0.0,0.94,0.06,26,theory_safety_fee
44,0.0,0.94,0.06,26,theory_safety_fee
45,0.0,0.94,0.06,26,theory_safety_fee
46,0.0,0.94,0.06,26,theory_safety_fee
47,0.0,0.94,0.06,26,theory_safety_fee
48,0.0,0.94,0.06,26,theory_safety_fee
49,0.0,0.94,0.06,26,theory_safety_fee
50,0.0,0.94,0.06,26,theory_safety_fee
51,0.0,0.94,0.06,26,theory_safety_fee
52,0.0,0.94,0.06,26,theory_safety_fee
53,0.0,0.94,0.06,26,theory_safety_fee
54,0.0,0.94,0.06,26,theory_safety_fee
55,0.0,0.94,0.06,26,theory_safety_fee
56,0.0,0.94,0.06,26,theory_safety_fee
57,0.0,0.94,0.06,26,theory_safety_fee
58,0.0,0.94,0.06,26,theory_safety_fee
59,0.0,0.94,0.06,26,theory_safety_fee
60,0.0,0.94,0.06,26,theory_safety_fee
61,0.0,0.94,0.06,26,theory_safety_fee
62,0.0,0.94,0.06,26,theory_safety_fee
63,0.0,0.94,0.06,26,theory_safety_fee
64,0.0,0.94,0.06,26,theory_safety_fee
65,0.0,0.94,0.06,26,theory_safety_fee
66,0.0,0.94,0.06,26,theory_safety_fee
67,0.0,0.94,0.06,26,theory_safety_fee
68,0.0,0.94,0.06,26,theory_safety_fee
69,0.0,0.94,0.06,26,theory_safety_fee
70,0.0,0.94,0.06,26,theory_safety_fee
71,0.0,0.94,0.06,26,theory_safety_fee
72,0.0,0.94,0.06,26,theory_safety_fee
73,0.0,0.94,0.06,26,theory_safety_fee
74,0.0,0.94,0.06,26,theory_safety_fee
75,0.0,0.94,0.06,26,theory_safety_fee
76,0.0,0.94,0.06,26,theory_safety_fee
77,0.0,0.94,0.06,26,theory_safety_fee
78,0.0,0.94,0.06,26,theory_safety_fee
79,0.0,0.94,0.06,26,theory_safety_fee
80,0.0,0.94,0.06,26,theory_safety_fee
81,0.0,0.94,0.06,26,theory_safety_fee
82,0.0,0.94,0.06,26,theory_safety_fee
83,0.0,0.94,0.06,26,theory_safety_fee
84,0.0,0.94,0.06,26,theory_safety_fee
85,0.0,0.94,0.06,26,theory_safety_fee
86,0.0,0.94,0.06,26,theory_safety_fee
87,0.0,0.94,0.06,26,theory_safety_fee
88,0.0,0.94,0.06,26,theory_safety_fee
89,0.0,0.94,0.06,26,theory_safety_fee
90,0.0,0.94,0.06,26,theory_safety_fee
91,0.0,0.94,0.06,26,theory_safety_fee
92,0.0,0.94,0.06,26,theory_safety_fee
93,0.0,0.94,0.06,26,theory_safety_fee
94,0.0,0.94,0.06,26,theory_safety_fee
95,0.0,0.94,0.06,26,theory_safety_fee
96,0.0,0.94,0.06,26,theory_safety_fee
97,0.0,0.94,0.06,26,theory_safety_fee
98,0.0,0.94,0.06,26,theory_safety_fee
99,0.0,0.94,0.06,26,theory_safety_fee
100,0.0,0.94,0.06,26,theory_safety_fee
0,0.0,0.94,0.06,26,theory_safety_fee_async
1,0.0,0.895,0.105,26,theory_safety_fee_async
2,0.0,0.85,0.15,26,theory_safety_fee_async
3,0.0,0.805,0.195,26,theory_safety_fee_async
4,0.0,0.765,0.235,26,theory_safety_fee_async
5,0.0,0.72,0.28,26,theory_safety_fee_async
6,0.0,0.69,0.31,26,theory_safety_fee_async
7,0.0,0.665,0.335,26,theory_safety_fee_async
8,0.0,0.665,0.335,26,theory_safety_fee_async
9,0.0,0.63,0.37,26,theory_safety_fee_async
10,0.0,0.63,0.37,26,theory_safety_fee_async
11,0.0,0.63,0.37,26,theory_safety_fee_async
12,0.0,0.63,0.37,26,theory_safety_fee_async
13,0.0,0.63,0.37,26,theory_safety_fee_async
14,0.0,0.63,0.37,26,theory_safety_fee_async
15,0.0,0.63,0.37,26,theory_safety_fee_async
16,0.0,0.63,0.37,26,theory_safety_fee_async
17,0.0,0.63,0.37,26,theory_safety_fee_async
18,0.0,0.63,0.37,26,theory_safety_fee_async
19,0.0,0.63,0.37,26,theory_safety_fee_async
20,0.0,0.63,0.37,26,theory_safety_fee_async
21,0.0,0.63,0.37,26,theory_safety_fee_async
22,0.0,0.63,0.37,26,theory_safety_fee_async
23,0.0,0.63,0.37,26,theory_safety_fee_async
24,0.0,0.63,0.37,26,theory_safety_fee_async
25,0.0,0.63,0.37,26,theory_safety_fee_async
26,0.0,0.63,0.37,26,theory_safety_fee_async
27,0.0,0.63,0.37,26,theory_safety_fee_async
28,0.0,0.63,0.37,26,theory_safety_fee_async
29,0.0,0.63,0.37,26,theory_safety_fee_async
30,0.0,0.63,0.37,26,theory_safety_fee_async
31,0.0,0.63,0.37,26,theory_safety_fee_async
32,0.0,0.63,0.37,26,theory_safety_fee_async
33,0.0,0.63,0.37,26,theory_safety_fee_async
34,0.0,0.63,0.37,26,theory_safety_fee_async
35,0.0,0.63,0.37,26,theory_safety_fee_async
36,0.0,0.63,0.37,26,theory_safety_fee_async
37,0.0,0.63,0.37,26,theory_safety_fee_async
38,0.0,0.63,0.37,26,theory_safety_fee_async
39,0.0,0.63,0.37,26,theory_safety_fee_async
40,0.0,0.63,0.37,26,theory_safety_fee_async
41,0.0,0.63,0.37,26,theory_safety_fee_async
42,0.0,0.63,0.37,26,theory_safety_fee_async
43,0.0,0.63,0.37,26,theory_safety_fee_async
44,0.0,0.63,0.37,26,theory_safety_fee_async
45,0.0,0.63,0.37,26,theory_safety_fee_async
46,0.0,0.63,0.37,26,theory_safety_fee_async
47,0.0,0.63,0.37,26,theory_safety_fee_async
48,0.0,0.63,0.37,26,theory_safety_fee_async
49,0.0,0.63,0.37,26,theory_safety_fee_async
50,0.0,0.63,0.37,26,theory_safety_fee_async
51,0.0,0.63,0.37,26,theory_safety_fee_async
52,0.0,0.63,0.37,26,theory_safety_fee_async
53,0.0,0.63,0.37,26,theory_safety_fee_async
54,0.0,0.63,0.37,26,theory_safety_fee_async
55,0.0,0.63,0.37,26,theory_safety_fee_async
56,0.0,0.63,0.37,26,theory_safety_fee_async
57,0.0,0.63,0.37,26,theory_safety_fee_async
58,0.0,0.63,0.37,26,theory_safety_fee_async
59,0.0,0.63,0.37,26,theory_safety_fee_async
60,0.0,0.63,0.37,26,theory_safety_fee_async
61,0.0,0.63,0.37,26,theory_safety_fee_async
62,0.0,0.63,0.37,26,theory_safety_fee_async
63,0.0,0.63,0.37,26,theory_safety_fee_async
64,0.0,0.63,0.37,26,theory_safety_fee_async
65,0.0,0.63,0.37,26,theory_safety_fee_async
66,0.0,0.63,0.37,26,theory_safety_fee_async
67,0.0,0.63,0.37,26,theory_safety_fee_async
68,0.0,0.63,0.37,26,theory_safety_fee_async
69,0.0,0.63,0.37,26,theory_safety_fee_async
70,0.0,0.63,0.37,26,theory_safety_fee_async
71,0.0,0.63,0.37,26,theory_safety_fee_async
72,0.0,0.63,0.37,26,theory_safety_fee_async
73,0.0,0.63,0.37,26,theory_safety_fee_async
74,0.0,0.63,0.37,26,theory_safety_fee_async
75,0.0,0.63,0.37,26,theory_safety_fee_async
76,0.0,0.63,0.37,26,theory_safety_fee_async
77,0.0,0.63,0.37,26,theory_safety_fee_async
78,0.0,0.63,0.37,26,theory_safety_fee_async
79,0.0,0.63,0.37,26,theory_safety_fee_async
80,0.0,0.63,0.37,26,theory_safety_fee_async
81,0.0,0.63,0.37,26,theory_safety_fee_async
82,0.0,0.63,0.37,26,theory_safety_fee_async
83,0.0,0.63,0.37,26,theory_safety_fee_async
84,0.0,0.63,0.37,26,theory_safety_fee_async
85,0.0,0.63,0.37,26,theory_safety_fee_async
86,0.0,0.63,0.37,26,theory_safety_fee_async
87,0.0,0.63,0.37,26,theory_safety_fee_async
88,0.0,0.63,0.37,26,theory_safety_fee_async
89,0.0,0.63,0.37,26,theory_safety_fee_async
90,0.0,0.63,0.37,26,theory_safety_fee_async
91,0.0,0.63,0.37,26,theory_safety_fee_async
92,0.0,0.63,0.37,26,theory_safety_fee_async
93,0.0,0.63,0.37,26,theory_safety_fee_async
94,0.0,0.63,0.37,26,theory_safety_fee_async
95,0.0,0.63,0.37,26,theory_safety_fee_async
96,0.0,0.63,0.37,26,theory_safety_fee_async
97,0.0,0.63,0.37,26,theory_safety_fee_async
98,0.0,0.63,0.37,26,theory_safety_fee_async
99,0.0,0.63,0.37,26,theory_safety_fee_async
100,0.0,0.63,0.37,26,theory_safety_fee_async
0,0.0,0.94,0.06,27,simulation_safety_fee
1,0.0,0.89,0.11,27,simulation_safety_fee
2,0.0,0.845,0.155,27,simulation_safety_fee
3,0.0,0.8,0.2,27,simulation_safety_fee
4,0.0,0.755,0.245,27,simulation_safety_fee
5,0.0,0.71,0.29,27,simulation_safety_fee
6,0.0,0.675,0.325,27,simulation_safety_fee
7,0.0,0.63,0.37,27,simulation_safety_fee
8,0.0,0.63,0.37,27,simulation_safety_fee
9,0.0,0.63,0.37,27,simulation_safety_fee
10,0.0,0.63,0.37,27,simulation_safety_fee
11,0.0,0.63,0.37,27,simulation_safety_fee
0,0.0,0.94,0.06,27,theory_safety_fee
1,0.0,0.94,0.06,27,theory_safety_fee
2,0.0,0.94,0.06,27,theory_safety_fee
3,0.0,0.94,0.06,27,theory_safety_fee
4,0.0,0.94,0.06,27,theory_safety_fee
5,0.0,0.94,0.06,27,theory_safety_fee
6,0.0,0.94,0.06,27,theory_safety_fee
7,0.0,0.94,0.06,27,theory_safety_fee
8,0.0,0.94,0.06,27,theory_safety_fee
9,0.0,0.94,0.06,27,theory_safety_fee
10,0.0,0.94,0.06,27,theory_safety_fee
11,0.0,0.94,0.06,27,theory_safety_fee
12,0.0,0.94,0.06,27,theory_safety_fee
13,0.0,0.94,0.06,27,theory_safety_fee
14,0.0,0.94,0.06,27,theory_safety_fee
15,0.0,0.94,0.06,27,theory_safety_fee
16,0.0,0.94,0.06,27,theory_safety_fee
17,0.0,0.94,0.06,27,theory_safety_fee
18,0.0,0.94,0.06,27,theory_safety_fee
19,0.0,0.94,0.06,27,theory_safety_fee
20,0.0,0.94,0.06,27,theory_safety_fee
21,0.0,0.94,0.06,27,theory_safety_fee
22,0.0,0.94,0.06,27,theory_safety_fee
23,0.0,0.94,0.06,27,theory_safety_fee
24,0.0,0.94,0.06,27,theory_safety_fee
25,0.0,0.94,0.06,27,theory_safety_fee
26,0.0,0.94,0.06,27,theory_safety_fee
27,0.0,0.94,0.06,27,theory_safety_fee
28,0.0,0.94,0.06,27,theory_safety_fee
29,0.0,0.94,0.06,27,theory_safety_fee
30,0.0,0.94,0.06,27,theory_safety_fee
31,0.0,0.94,0.06,27,theory_safety_fee
32,0.0,0.94,0.06,27,theory_safety_fee
33,0.0,0.94,0.06,27,theory_safety_fee
34,0.0,0.94,0.06,27,theory_safety_fee
35,0.0,0.94,0.06,27,theory_safety_fee
36,0.0,0.94,0.06,27,theory_safety_fee
37,0.0,0.94,0.06,27,theory_safety_fee
38,0.0,0.94,0.06,27,theory_safety_fee
39,0.0,0.94,0.06,27,theory_safety_fee
40,0.0,0.94,0.06,27,theory_safety_fee
41,0.0,0.94,0.06,27,theory_safety_fee
42,0.0,0.94,0.06,27,theory_safety_fee
43,0.0,0.94,0.06,27,theory_safety_fee
44,0.0,0.94,0.06,27,theory_safety_fee
45,0.0,0.94,0.06,27,theory_safety_fee
46,0.0,0.94,0.06,27,theory_safety_fee
47,0.0,0.94,0.06,27,theory_safety_fee
48,0.0,0.94,0.06,27,theory_safety_fee
49,0.0,0.94,0.06,27,theory_safety_fee
50,0.0,0.94,0.06,27,theory_safety_fee
51,0.0,0.94,0.06,27,theory_safety_fee
52,0.0,0.94,0.06,27,theory_safety_fee
53,0.0,0.94,0.06,27,theory_safety_fee
54,0.0,0.94,0.06,27,theory_safety_fee
55,0.0,0.94,0.06,27,theory_safety_fee
56,0.0,0.94,0.06,27,theory_safety_fee
57,0.0,0.94,0.06,27,theory_safety_fee
58,0.0,0.94,0.06,27,theory_safety_fee
59,0.0,0.94,0.06,27,theory_safety_fee
60,0.0,0.94,0.06,27,theory_safety_fee
61,0.0,0.94,0.06,27,theory_safety_fee
62,0.0,0.94,0.06,27,theory_safety_fee
63,0.0,0.94,0.06,27,theory_safety_fee
64,0.0,0.94,0.06,27,theory_safety_fee
65,0.0,0.94,0.06,27,theory_safety_fee
66,0.0,0.94,0.06,27,theory_safety_fee
67,0.0,0.94,0.06,27,theory_safety_fee
68,0.0,0.94,0.06,27,theory_safety_fee
69,0.0,0.94,0.06,27,theory_safety_fee
70,0.0,0.94,0.06,27,theory_safety_fee
71,0.0,0.94,0.06,27,theory_safety_fee
72,0.0,0.94,0.06,27,theory_safety_fee
73,0.0,0.94,0.06,27,theory_safety_fee
74,0.0,0.94,0.06,27,theory_safety_fee
75,0.0,0.94,0.06,27,theory_safety_fee
76,0.0,0.94,0.06,27,theory_safety_fee
77,0.0,0.94,0.06,27,theory_safety_fee
78,0.0,0.94,0.06,27,theory_safety_fee
79,0.0,0.94,0.06,27,theory_safety_fee
80,0.0,0.94,0.06,27,theory_safety_fee
81,0.0,0.94,0.06,27,theory_safety_fee
82,0.0,0.94,0.06,27,theory_safety_fee
83,0.0,0.94,0.06,27,theory_safety_fee
84,0.0,0.94,0.06,27,theory_safety_fee
85,0.0,0.94,0.06,27,theory_safety_fee
86,0.0,0.94,0.06,27,theory_safety_fee
87,0.0,0.94,0.06,27,theory_safety_fee
88,0.0,0.94,0.06,27,theory_safety_fee
89,0.0,0.94,0.06,27,theory_safety_fee
90,0.0,0.94,0.06,27,theory_safety_fee
91,0.0,0.94,0.06,27,theory_safety_fee
92,0.0,0.94,0.06,27,theory_safety_fee
93,0.0,0.94,0.06,27,theory_safety_fee
94,0.0,0.94,0.06,27,theory_safety_fee
95,0.0,0.94,0.06,27,theory_safety_fee
96,0.0,0.94,0.06,27,theory_safety_fee
97,0.0,0.94,0.06,27,theory_safety_fee
98,0.0,0.94,0.06,27,theory_safety_fee
99,0.0,0.94,0.06,27,theory_safety_fee
100,0.0,0.94,0.06,27,theory_safety_fee
0,0.0,0.94,0.06,27,theory_safety_fee_async
1,0.0,0.89,0.11,27,theory_safety_fee_async
2,0.0,0.845,0.155,27,theory_safety_fee_async
3,0.0,0.8,0.2,27,theory_safety_fee_async
4,0.0,0.755,0.245,27,theory_safety_fee_async
5,0.0,0.71,0.29,27,theory_safety_fee_async
6,0.0,0.675,0.325,27,theory_safety_fee_async
7,0.0,0.63,0.37,27,theory_safety_fee_async
8,0.0,0.63,0.37,27,theory_safety_fee_async
9,0.0,0.63,0.37,27,theory_safety_fee_async
10,0.0,0.63,0.37,27,theory_safety_fee_async
11,0.0,0.63,0.37,27,theory_safety_fee_async
12,0.0,0.63,0.37,27,theory_safety_fee_async
13,0.0,0.63,0.37,27,theory_safety_fee_async
14,0.0,0.63,0.37,27,theory_safety_fee_async
15,0.0,0.63,0.37,27,theory_safety_fee_async
16,0.0,0.63,0.37,27,theory_safety_fee_async
17,0.0,0.63,0.37,27,theory_safety_fee_async
18,0.0,0.63,0.37,27,theory_safety_fee_async
19,0.0,0.63,0.37,27,theory_safety_fee_async
20,0.0,0.63,0.37,27,theory_safety_fee_async
21,0.0,0.63,0.37,27,theory_safety_fee_async
22,0.0,0.63,0.37,27,theory_safety_fee_async
23,0.0,0.63,0.37,27,theory_safety_fee_async
24,0.0,0.63,0.37,27,theory_safety_fee_async
25,0.0,0.63,0.37,27,theory_safety_fee_async
26,0.0,0.63,0.37,27,theory_safety_fee_async
27,0.0,0.63,0.37,27,theory_safety_fee_async
28,0.0,0.63,0.37,27,theory_safety_fee_async
29,0.0,0.63,0.37,27,theory_safety_fee_async
30,0.0,0.63,0.37,27,theory_safety_fee_async
31,0.0,0.63,0.37,27,theory_safety_fee_async
32,0.0,0.63,0.37,27,theory_safety_fee_async
33,0.0,0.63,0.37,27,theory_safety_fee_async
34,0.0,0.63,0.37,27,theory_safety_fee_async
35,0.0,0.63,0.37,27,theory_safety_fee_async
36,0.0,0.63,0.37,27,theory_safety_fee_async
37,0.0,0.63,0.37,27,theory_safety_fee_async
38,0.0,0.63,0.37,27,theory_safety_fee_async
39,0.0,0.63,0.37,27,theory_safety_fee_async
40,0.0,0.63,0.37,27,theory_safety_fee_async
41,0.0,0.63,0.37,27,theory_safety_fee_async
42,0.0,0.63,0.37,27,theory_safety_fee_async
43,0.0,0.63,0.37,27,theory_safety_fee_async
44,0.0,0.63,0.37,27,theory_safety_fee_async
45,0.0,0.63,0.37,27,theory_safety_fee_async
46,0.0,0.63,0.37,27,theory_safety_fee_async
47,0.0,0.63,0.37,27,theory_safety_fee_async
48,0.0,0.63,0.37,27,theory_safety_fee_async
49,0.0,0.63,0.37,27,theory_safety_fee_async
50,0.0,0.63,0.37,27,theory_safety_fee_async
51,0.0,0.63,0.37,27,theory_safety_fee_async
52,0.0,0.63,0.37,27,theory_safety_fee_async
53,0.0,0.63,0.37,27,theory_safety_fee_async
54,0.0,0.63,0.37,27,theory_safety_fee_async
55,0.0,0.63,0.37,27,theory_safety_fee_async
56,0.0,0.63,0.37,27,theory_safety_fee_async
57,0.0,0.63,0.37,27,theory_safety_fee_async
58,0.0,0.63,0.37,27,theory_safety_fee_async
59,0.0,0.63,0.37,27,theory_safety_fee_async
60,0.0,0.63,0.37,27,theory_safety_fee_async
61,0.0,0.63,0.37,27,theory_safety_fee_async
62,0.0,0.63,0.37,27,theory_safety_fee_async
63,0.0,0.63,0.37,27,theory_safety_fee_async
64,0.0,0.63,0.37,27,theory_safety_fee_async
65,0.0,0.63,0.37,27,theory_safety_fee_async
66,0.0,0.63,0.37,27,theory_safety_fee_async
67,0.0,0.63,0.37,27,theory_safety_fee_async
68,0.0,0.63,0.37,27,theory_safety_fee_async
69,0.0,0.63,0.37,27,theory_safety_fee_async
70,0.0,0.63,0.37,27,theory_safety_fee_async
71,0.0,0.63,0.37,27,theory_safety_fee_async
72,0.0,0.63,0.37,27,theory_safety_fee_async
73,0.0,0.63,0.37,27,theory_safety_fee_async
74,0.0,0.63,0.37,27,theory_safety_fee_async
75,0.0,0.63,0.37,27,theory_safety_fee_async
76,0.0,0.63,0.37,27,theory_safety_fee_async
77,0.0,0.63,0.37,27,theory_safety_fee_async
78,0.0,0.63,0.37,27,theory_safety_fee_async
79,0.0,0.63,0.37,27,theory_safety_fee_async
80,0.0,0.63,0.37,27,theory_safety_fee_async
81,0.0,0.63,0.37,27,theory_safety_fee_async
82,0.0,0.63,0.37,27,theory_safety_fee_async
83,0.0,0.63,0.37,27,theory_safety_fee_async
84,0.0,0.63,0.37,27,theory_safety_fee_async
85,0.0,0.63,0.37,27,theory_safety_fee_async
86,0.0,0.63,0.37,27,theory_safety_fee_async
87,0.0,0.63,0.37,27,theory_safety_fee_async
88,0.0,0.63,0.37,27,theory_safety_fee_async
89,0.0,0.63,0.37,27,theory_safety_fee_async
90,0.0,0.63,0.37,27,theory_safety_fee_async
91,0.0,0.63,0.37,27,theory_safety_fee_async
92,0.0,0.63,0.37,27,theory_safety_fee_async
93,0.0,0.63,0.37,27,theory_safety_fee_async
94,0.0,0.63,0.37,27,theory_safety_fee_async
95,0.0,0.63,0.37,27,theory_safety_fee_async
96,0.0,0.63,0.37,27,theory_safety_fee_async
97,0.0,0.63,0.37,27,theory_safety_fee_async
98,0.0,0.63,0.37,27,theory_safety_fee_async
99,0.0,0.63,0.37,27,theory_safety_fee_async
100,0.0,0.63,0.37,27,theory_safety_fee_async
0,0.0,0.94,0.06,28,simulation_safety_fee
1,0.0,0.89,0.11,28,simulation_safety_fee
2,0.0,0.84,0.16,28,simulation_safety_fee
3,0.0,0.795,0.205,28,simulation_safety_fee
4,0.0,0.76,0.24,28,simulation_safety_fee
5,0.0,0.715,0.285,28,simulation_safety_fee
6,0.0,0.68,0.32,28,simulation_safety_fee
7,0.0,0.68,0.32,28,simulation_safety_fee
8,0.0,0.655,0.345,28,simulation_safety_fee
9,0.0,0.655,0.345,28,simulation_safety_fee
10,0.0,0.655,0.345,28,simulation_safety_fee
11,0.0,0.655,0.345,28,simulation_safety_fee
12,0.0,0.655,0.345,28,simulation_safety_fee
0,0.0,0.94,0.06,28,theory_safety_fee
1,0.0,0.94,0.06,28,theory_safety_fee
2,0.0,0.94,0.06,28,theory_safety_fee
3,0.0,0.94,0.06,28,theory_safety_fee
4,0.0,0.94,0.06,28,theory_safety_fee
5,0.0,0.94,0.06,28,theory_safety_fee
6,0.0,0.94,0.06,28,theory_safety_fee
7,0.0,0.94,0.06,28,theory_safety_fee
8,0.0,0.94,0.06,28,theory_safety_fee
9,0.0,0.94,0.06,28,theory_safety_fee
10,0.0,0.94,0.06,28,theory_safety_fee
11,0.0,0.94,0.06,28,theory_safety_fee
12,0.0,0.94,0.06,28,theory_safety_fee
13,0.0,0.94,0.06,28,theory_safety_fee
14,0.0,0.94,0.06,28,theory_safety_fee
15,0.0,0.94,0.06,28,theory_safety_fee
16,0.0,0.94,0.06,28,theory_safety_fee
17,0.0,0.94,0.06,28,theory_safety_fee
18,0.0,0.94,0.06,28,theory_safety_fee
19,0.0,0.94,0.06,28,theory_safety_fee
20,0.0,0.94,0.06,28,theory_safety_fee
21,0.0,0.94,0.06,28,theory_safety_fee
22,0.0,0.94,0.06,28,theory_safety_fee
23,0.0,0.94,0.06,28,theory_safety_fee
24,0.0,0.94,0.06,28,theory_safety_fee
25,0.0,0.94,0.06,28,theory_safety_fee
26,0.0,0.94,0.06,28,theory_safety_fee
27,0.0,0.94,0.06,28,theory_safety_fee
28,0.0,0.94,0.06,28,theory_safety_fee
29,0.0,0.94,0.06,28,theory_safety_fee
30,0.0,0.94,0.06,28,theory_safety_fee
31,0.0,0.94,0.06,28,theory_safety_fee
32,0.0,0.94,0.06,28,theory_safety_fee
33,0.0,0.94,0.06,28,theory_safety_fee
34,0.0,0.94,0.06,28,theory_safety_fee
35,0.0,0.94,0.06,28,theory_safety_fee
36,0.0,0.94,0.06,28,theory_safety_fee
37,0.0,0.94,0.06,28,theory_safety_fee
38,0.0,0.94,0.06,28,theory_safety_fee
39,0.0,0.94,0.06,28,theory_safety_fee
40,0.0,0.94,0.06,28,theory_safety_fee
41,0.0,0.94,0.06,28,theory_safety_fee
42,0.0,0.94,0.06,28,theory_safety_fee
43,0.0,0.94,0.06,28,theory_safety_fee
44,0.0,0.94,0.06,28,theory_safety_fee
45,0.0,0.94,0.06,28,theory_safety_fee
46,0.0,0.94,0.06,28,theory_safety_fee
47,0.0,0.94,0.06,28,theory_safety_fee
48,0.0,0.94,0.06,28,theory_safety_fee
49,0.0,0.94,0.06,28,theory_safety_fee
50,0.0,0.94,0.06,28,theory_safety_fee
51,0.0,0.94,0.06,28,theory_safety_fee
52,0.0,0.94,0.06,28,theory_safety_fee
53,0.0,0.94,0.06,28,theory_safety_fee
54,0.0,0.94,0.06,28,theory_safety_fee
55,0.0,0.94,0.06,28,theory_safety_fee
56,0.0,0.94,0.06,28,theory_safety_fee
57,0.0,0.94,0.06,28,theory_safety_fee
58,0.0,0.94,0.06,28,theory_safety_fee
59,0.0,0.94,0.06,28,theory_safety_fee
60,0.0,0.94,0.06,28,theory_safety_fee
61,0.0,0.94,0.06,28,theory_safety_fee
62,0.0,0.94,0.06,28,theory_safety_fee
63,0.0,0.94,0.06,28,theory_safety_fee
64,0.0,0.94,0.06,28,theory_safety_fee
65,0.0,0.94,0.06,28,theory_safety_fee
66,0.0,0.94,0.06,28,theory_safety_fee
67,0.0,0.94,0.06,28,theory_safety_fee
68,0.0,0.94,0.06,28,theory_safety_fee
69,0.0,0.94,0.06,28,theory_safety_fee
70,0.0,0.94,0.06,28,theory_safety_fee
71,0.0,0.94,0.06,28,theory_safety_fee
72,0.0,0.94,0.06,28,theory_safety_fee
73,0.0,0.94,0.06,28,theory_safety_fee
74,0.0,0.94,0.06,28,theory_safety_fee
75,0.0,0.94,0.06,28,theory_safety_fee
76,0.0,0.94,0.06,28,theory_safety_fee
77,0.0,0.94,0.06,28,theory_safety_fee
78,0.0,0.94,0.06,28,theory_safety_fee
79,0.0,0.94,0.06,28,theory_safety_fee
80,0.0,0.94,0.06,28,theory_safety_fee
81,0.0,0.94,0.06,28,theory_safety_fee
82,0.0,0.94,0.06,28,theory_safety_fee
83,0.0,0.94,0.06,28,theory_safety_fee
84,0.0,0.94,0.06,28,theory_safety_fee
85,0.0,0.94,0.06,28,theory_safety_fee
86,0.0,0.94,0.06,28,theory_safety_fee
87,0.0,0.94,0.06,28,theory_safety_fee
88,0.0,0.94,0.06,28,theory_safety_fee
89,0.0,0.94,0.06,28,theory_safety_fee
90,0.0,0.94,0.06,28,theory_safety_fee
91,0.0,0.94,0.06,28,theory_safety_fee
92,0.0,0.94,0.06,28,theory_safety_fee
93,0.0,0.94,0.06,28,theory_safety_fee
94,0.0,0.94,0.06,28,theory_safety_fee
95,0.0,0.94,0.06,28,theory_safety_fee
96,0.0,0.94,0.06,28,theory_safety_fee
97,0.0,0.94,0.06,28,theory_safety_fee
98,0.0,0.94,0.06,28,theory_safety_fee
99,0.0,0.94,0.06,28,theory_safety_fee
100,0.0,0.94,0.06,28,theory_safety_fee
0,0.0,0.94,0.06,28,theory_safety_fee_async
1,0.0,0.89,0.11,28,theory_safety_fee_async
2,0.0,0.84,0.16,28,theory_safety_fee_async
3,0.0,0.795,0.205,28,theory_safety_fee_async
4,0.0,0.76,0.24,28,theory_safety_fee_async
5,0.0,0.715,0.285,28,theory_safety_fee_async
6,0.0,0.68,0.32,28,theory_safety_fee_async
7,0.0,0.68,0.32,28,theory_safety_fee_async
8,0.0,0.655,0.345,28,theory_safety_fee_async
9,0.0,0.655,0.345,28,theory_safety_fee_async
10,0.0,0.655,0.345,28,theory_safety_fee_async
11,0.0,0.655,0.345,28,theory_safety_fee_async
12,0.0,0.655,0.345,28,theory_safety_fee_async
13,0.0,0.655,0.345,28,theory_safety_fee_async
14,0.0,0.655,0.345,28,theory_safety_fee_async
15,0.0,0.655,0.345,28,theory_safety_fee_async
16,0.0,0.655,0.345,28,theory_safety_fee_async
17,0.0,0.655,0.345,28,theory_safety_fee_async
18,0.0,0.655,0.345,28,theory_safety_fee_async
19,0.0,0.655,0.345,28,theory_safety_fee_async
20,0.0,0.655,0.345,28,theory_safety_fee_async
21,0.0,0.655,0.345,28,theory_safety_fee_async
22,0.0,0.655,0.345,28,theory_safety_fee_async
23,0.0,0.655,0.345,28,theory_safety_fee_async
24,0.0,0.63,0.37,28,theory_safety_fee_async
25,0.0,0.63,0.37,28,theory_safety_fee_async
26,0.0,0.63,0.37,28,theory_safety_fee_async
27,0.0,0.63,0.37,28,theory_safety_fee_async
28,0.0,0.63,0.37,28,theory_safety_fee_async
29,0.0,0.63,0.37,28,theory_safety_fee_async
30,0.0,0.63,0.37,28,theory_safety_fee_async
31,0.0,0.63,0.37,28,theory_safety_fee_async
32,0.0,0.63,0.37,28,theory_safety_fee_async
33,0.0,0.63,0.37,28,theory_safety_fee_async
34,0.0,0.63,0.37,28,theory_safety_fee_async
35,0.0,0.63,0.37,28,theory_safety_fee_async
36,0.0,0.63,0.37,28,theory_safety_fee_async
37,0.0,0.63,0.37,28,theory_safety_fee_async
38,0.0,0.63,0.37,28,theory_safety_fee_async
39,0.0,0.63,0.37,28,theory_safety_fee_async
40,0.0,0.63,0.37,28,theory_safety_fee_async
41,0.0,0.63,0.37,28,theory_safety_fee_async
42,0.0,0.63,0.37,28,theory_safety_fee_async
43,0.0,0.63,0.37,28,theory_safety_fee_async
44,0.0,0.63,0.37,28,theory_safety_fee_async
45,0.0,0.63,0.37,28,theory_safety_fee_async
46,0.0,0.63,0.37,28,theory_safety_fee_async
47,0.0,0.63,0.37,28,theory_safety_fee_async
48,0.0,0.63,0.37,28,theory_safety_fee_async
49,0.0,0.63,0.37,28,theory_safety_fee_async
50,0.0,0.63,0.37,28,theory_safety_fee_async
51,0.0,0.63,0.37,28,theory_safety_fee_async
52,0.0,0.63,0.37,28,theory_safety_fee_async
53,0.0,0.63,0.37,28,theory_safety_fee_async
54,0.0,0.63,0.37,28,theory_safety_fee_async
55,0.0,0.63,0.37,28,theory_safety_fee_async
56,0.0,0.63,0.37,28,theory_safety_fee_async
57,0.0,0.63,0.37,28,theory_safety_fee_async
58,0.0,0.63,0.37,28,theory_safety_fee_async
59,0.0,0.63,0.37,28,theory_safety_fee_async
60,0.0,0.63,0.37,28,theory_safety_fee_async
61,0.0,0.63,0.37,28,theory_safety_fee_async
62,0.0,0.63,0.37,28,theory_safety_fee_async
63,0.0,0.63,0.37,28,theory_safety_fee_async
64,0.0,0.63,0.37,28,theory_safety_fee_async
65,0.0,0.63,0.37,28,theory_safety_fee_async
66,0.0,0.63,0.37,28,theory_safety_fee_async
67,0.0,0.63,0.37,28,theory_safety_fee_async
68,0.0,0.63,0.37,28,theory_safety_fee_async
69,0.0,0.63,0.37,28,theory_safety_fee_async
70,0.0,0.63,0.37,28,theory_safety_fee_async
71,0.0,0.63,0.37,28,theory_safety_fee_async
72,0.0,0.63,0.37,28,theory_safety_fee_async
73,0.0,0.63,0.37,28,theory_safety_fee_async
74,0.0,0.63,0.37,28,theory_safety_fee_async
75,0.0,0.63,0.37,28,theory_safety_fee_async
76,0.0,0.63,0.37,28,theory_safety_fee_async
77,0.0,0.63,0.37,28,theory_safety_fee_async
78,0.0,0.63,0.37,28,theory_safety_fee_async
79,0.0,0.63,0.37,28,theory_safety_fee_async
80,0.0,0.63,0.37,28,theory_safety_fee_async
81,0.0,0.63,0.37,28,theory_safety_fee_async
82,0.0,0.63,0.37,28,theory_safety_fee_async
83,0.0,0.63,0.37,28,theory_safety_fee_async
84,0.0,0.63,0.37,28,theory_safety_fee_async
85,0.0,0.63,0.37,28,theory_safety_fee_async
86,0.0,0.63,0.37,28,theory_safety_fee_async
87,0.0,0.63,0.37,28,theory_safety_fee_async
88,0.0,0.63,0.37,28,theory_safety_fee_async
89,0.0,0.63,0.37,28,theory_safety_fee_async
90,0.0,0.63,0.37,28,theory_safety_fee_async
91,0.0,0.63,0.37,28,theory_safety_fee_async
92,0.0,0.63,0.37,28,theory_safety_fee_async
93,0.0,0.63,0.37,28,theory_safety_fee_async
94,0.0,0.63,0.37,28,theory_safety_fee_async
95,0.0,0.63,0.37,28,theory_safety_fee_async
96,0.0,0.63,0.37,28,theory_safety_fee_async
97,0.0,0.63,0.37,28,theory_safety_fee_async
98,0.0,0.63,0.37,28,theory_safety_fee_async
99,0.0,0.63,0.37,28,theory_safety_fee_async
100,0.0,0.63,0.37,28,theory_safety_fee_async
0,0.0,0.94,0.06,29,simulation_safety_fee
1,0.0,0.89,0.11,29,simulation_safety_fee
2,0.0,0.85,0.15,29,simulation_safety_fee
3,0.0,0.81,0.19,29,simulation_safety_fee
4,0.0,0.775,0.225,29,simulation_safety_fee
5,0.0,0.74,0.26,29,simulation_safety_fee
6,0.0,0.7,0.3,29,simulation_safety_fee
7,0.0,0.7,0.3,29,simulation_safety_fee
8,0.0,0.7,0.3,29,simulation_safety_fee
9,0.0,0.7,0.3,29,simulation_safety_fee
10,0.0,0.7,0.3,29,simulation_safety_fee
0,0.0,0.94,0.06,29,theory_safety_fee
1,0.0,0.94,0.06,29,theory_safety_fee
2,0.0,0.94,0.06,29,theory_safety_fee
3,0.0,0.94,0.06,29,theory_safety_fee
4,0.0,0.94,0.06,29,theory_safety_fee
5,0.0,0.94,0.06,29,theory_safety_fee
6,0.0,0.94,0.06,29,theory_safety_fee
7,0.0,0.94,0.06,29,theory_safety_fee
8,0.0,0.94,0.06,29,theory_safety_fee
9,0.0,0.94,0.06,29,theory_safety_fee
10,0.0,0.94,0.06,29,theory_safety_fee
11,0.0,0.94,0.06,29,theory_safety_fee
12,0.0,0.94,0.06,29,theory_safety_fee
13,0.0,0.94,0.06,29,theory_safety_fee
14,0.0,0.94,0.06,29,theory_safety_fee
15,0.0,0.94,0.06,29,theory_safety_fee
16,0.0,0.94,0.06,29,theory_safety_fee
17,0.0,0.94,0.06,29,theory_safety_fee
18,0.0,0.94,0.06,29,theory_safety_fee
19,0.0,0.94,0.06,29,theory_safety_fee
20,0.0,0.94,0.06,29,theory_safety_fee
21,0.0,0.94,0.06,29,theory_safety_fee
22,0.0,0.94,0.06,29,theory_safety_fee
23,0.0,0.94,0.06,29,theory_safety_fee
24,0.0,0.94,0.06,29,theory_safety_fee
25,0.0,0.94,0.06,29,theory_safety_fee
26,0.0,0.94,0.06,29,theory_safety_fee
27,0.0,0.94,0.06,29,theory_safety_fee
28,0.0,0.94,0.06,29,theory_safety_fee
29,0.0,0.94,0.06,29,theory_safety_fee
30,0.0,0.94,0.06,29,theory_safety_fee
31,0.0,0.94,0.06,29,theory_safety_fee
32,0.0,0.94,0.06,29,theory_safety_fee
33,0.0,0.94,0.06,29,theory_safety_fee
34,0.0,0.94,0.06,29,theory_safety_fee
35,0.0,0.94,0.06,29,theory_safety_fee
36,0.0,0.94,0.06,29,theory_safety_fee
37,0.0,0.94,0.06,29,theory_safety_fee
38,0.0,0.94,0.06,29,theory_safety_fee
39,0.0,0.94,0.06,29,theory_safety_fee
40,0.0,0.94,0.06,29,theory_safety_fee
41,0.0,0.94,0.06,29,theory_safety_fee
42,0.0,0.94,0.06,29,theory_safety_fee
43,0.0,0.94,0.06,29,theory_safety_fee
44,0.0,0.94,0.06,29,theory_safety_fee
45,0.0,0.94,0.06,29,theory_safety_fee
46,0.0,0.94,0.06,29,theory_safety_fee
47,0.0,0.94,0.06,29,theory_safety_fee
48,0.0,0.94,0.06,29,theory_safety_fee
49,0.0,0.94,0.06,29,theory_safety_fee
50,0.0,0.94,0.06,29,theory_safety_fee
51,0.0,0.94,0.06,29,theory_safety_fee
52,0.0,0.94,0.06,29,theory_safety_fee
53,0.0,0.94,0.06,29,theory_safety_fee
54,0.0,0.94,0.06,29,theory_safety_fee
55,0.0,0.94,0.06,29,theory_safety_fee
56,0.0,0.94,0.06,29,theory_safety_fee
57,0.0,0.94,0.06,29,theory_safety_fee
58,0.0,0.94,0.06,29,theory_safety_fee
59,0.0,0.94,0.06,29,theory_safety_fee
60,0.0,0.94,0.06,29,theory_safety_fee
61,0.0,0.94,0.06,29,theory_safety_fee
62,0.0,0.94,0.06,29,theory_safety_fee
63,0.0,0.94,0.06,29,theory_safety_fee
64,0.0,0.94,0.06,29,theory_safety_fee
65,0.0,0.94,0.06,29,theory_safety_fee
66,0.0,0.94,0.06,29,theory_safety_fee
67,0.0,0.94,0.06,29,theory_safety_fee
68,0.0,0.94,0.06,29,theory_safety_fee
69,0.0,0.94,0.06,29,theory_safety_fee
70,0.0,0.94,0.06,29,theory_safety_fee
71,0.0,0.94,0.06,29,theory_safety_fee
72,0.0,0.94,0.06,29,theory_safety_fee
73,0.0,0.94,0.06,29,theory_safety_fee
74,0.0,0.94,0.06,29,theory_safety_fee
75,0.0,0.94,0.06,29,theory_safety_fee
76,0.0,0.94,0.06,29,theory_safety_fee
77,0.0,0.94,0.06,29,theory_safety_fee
78,0.0,0.94,0.06,29,theory_safety_fee
79,0.0,0.94,0.06,29,theory_safety_fee
80,0.0,0.94,0.06,29,theory_safety_fee
81,0.0,0.94,0.06,29,theory_safety_fee
82,0.0,0.94,0.06,29,theory_safety_fee
83,0.0,0.94,0.06,29,theory_safety_fee
84,0.0,0.94,0.06,29,theory_safety_fee
85,0.0,0.94,0.06,29,theory_safety_fee
86,0.0,0.94,0.06,29,theory_safety_fee
87,0.0,0.94,0.06,29,theory_safety_fee
88,0.0,0.94,0.06,29,theory_safety_fee
89,0.0,0.94,0.06,29,theory_safety_fee
90,0.0,0.94,0.06,29,theory_safety_fee
91,0.0,0.94,0.06,29,theory_safety_fee
92,0.0,0.94,0.06,29,theory_safety_fee
93,0.0,0.94,0.06,29,theory_safety_fee
94,0.0,0.94,0.06,29,theory_safety_fee
95,0.0,0.94,0.06,29,theory_safety_fee
96,0.0,0.94,0.06,29,theory_safety_fee
97,0.0,0.94,0.06,29,theory_safety_fee
98,0.0,0.94,0.06,29,theory_safety_fee
99,0.0,0.94,0.06,29,theory_safety_fee
100,0.0,0.94,0.06,29,theory_safety_fee
0,0.0,0.94,0.06,29,theory_safety_fee_async
1,0.0,0.89,0.11,29,theory_safety_fee_async
2,0.0,0.85,0.15,29,theory_safety_fee_async
3,0.0,0.81,0.19,29,theory_safety_fee_async
4,0.0,0.775,0.225,29,theory_safety_fee_async
5,0.0,0.74,0.26,29,theory_safety_fee_async
6,0.0,0.7,0.3,29,theory_safety_fee_async
7,0.0,0.7,0.3,29,theory_safety_fee_async
8,0.0,0.7,0.3,29,theory_safety_fee_async
9,0.0,0.7,0.3,29,theory_safety_fee_async
10,0.0,0.7,0.3,29,theory_safety_fee_async
11,0.0,0.7,0.3,29,theory_safety_fee_async
12,0.0,0.7,0.3,29,theory_safety_fee_async
13,0.0,0.7,0.3,29,theory_safety_fee_async
14,0.0,0.7,0.3,29,theory_safety_fee_async
15,0.0,0.7,0.3,29,theory_safety_fee_async
16,0.0,0.7,0.3,29,theory_safety_fee_async
17,0.0,0.7,0.3,29,theory_safety_fee_async
18,0.0,0.7,0.3,29,theory_safety_fee_async
19,0.0,0.7,0.3,29,theory_safety_fee_async
20,0.0,0.7,0.3,29,theory_safety_fee_async
21,0.0,0.7,0.3,29,theory_safety_fee_async
22,0.0,0.7,0.3,29,theory_safety_fee_async
23,0.0,0.7,0.3,29,theory_safety_fee_async
24,0.0,0.7,0.3,29,theory_safety_fee_async
25,0.0,0.7,0.3,29,theory_safety_fee_async
26,0.0,0.7,0.3,29,theory_safety_fee_async
27,0.0,0.7,0.3,29,theory_safety_fee_async
28,0.0,0.7,0.3,29,theory_safety_fee_async
29,0.0,0.7,0.3,29,theory_safety_fee_async
30,0.0,0.7,0.3,29,theory_safety_fee_async
31,0.0,0.7,0.3,29,theory_safety_fee_async
32,0.0,0.7,0.3,29,theory_safety_fee_async
33,0.0,0.7,0.3,29,theory_safety_fee_async
34,0.0,0.7,0.3,29,theory_safety_fee_async
35,0.0,0.7,0.3,29,theory_safety_fee_async
36,0.0,0.7,0.3,29,theory_safety_fee_async
37,0.0,0.7,0.3,29,theory_safety_fee_async
38,0.0,0.7,0.3,29,theory_safety_fee_async
39,0.0,0.7,0.3,29,theory_safety_fee_async
40,0.0,0.7,0.3,29,theory_safety_fee_async
41,0.0,0.7,0.3,29,theory_safety_fee_async
42,0.0,0.7,0.3,29,theory_safety_fee_async
43,0.0,0.7,0.3,29,theory_safety_fee_async
44,0.0,0.7,0.3,29,theory_safety_fee_async
45,0.0,0.7,0.3,29,theory_safety_fee_async
46,0.0,0.7,0.3,29,theory_safety_fee_async
47,0.0,0.7,0.3,29,theory_safety_fee_async
48,0.0,0.7,0.3,29,theory_safety_fee_async
49,0.0,0.7,0.3,29,theory_safety_fee_async
50,0.0,0.7,0.3,29,theory_safety_fee_async
51,0.0,0.7,0.3,29,theory_safety_fee_async
52,0.0,0.7,0.3,29,theory_safety_fee_async
53,0.0,0.7,0.3,29,theory_safety_fee_async
54,0.0,0.7,0.3,29,theory_safety_fee_async
55,0.0,0.7,0.3,29,theory_safety_fee_async
56,0.0,0.7,0.3,29,theory_safety_fee_async
57,0.0,0.7,0.3,29,theory_safety_fee_async
58,0.0,0.7,0.3,29,theory_safety_fee_async
59,0.0,0.7,0.3,29,theory_safety_fee_async
60,0.0,0.7,0.3,29,theory_safety_fee_async
61,0.0,0.7,0.3,29,theory_safety_fee_async
62,0.0,0.7,0.3,29,theory_safety_fee_async
63,0.0,0.7,0.3,29,theory_safety_fee_async
64,0.0,0.7,0.3,29,theory_safety_fee_async
65,0.0,0.7,0.3,29,theory_safety_fee_async
66,0.0,0.7,0.3,29,theory_safety_fee_async
67,0.0,0.7,0.3,29,theory_safety_fee_async
68,0.0,0.7,0.3,29,theory_safety_fee_async
69,0.0,0.7,0.3,29,theory_safety_fee_async
70,0.0,0.7,0.3,29,theory_safety_fee_async
71,0.0,0.7,0.3,29,theory_safety_fee_async
72,0.0,0.7,0.3,29,theory_safety_fee_async
73,0.0,0.7,0.3,29,theory_safety_fee_async
74,0.0,0.7,0.3,29,theory_safety_fee_async
75,0.0,0.7,0.3,29,theory_safety_fee_async
76,0.0,0.7,0.3,29,theory_safety_fee_async
77,0.0,0.7,0.3,29,theory_safety_fee_async
78,0.0,0.7,0.3,29,theory_safety_fee_async
79,0.0,0.7,0.3,29,theory_safety_fee_async
80,0.0,0.7,0.3,29,theory_safety_fee_async
81,0.0,0.7,0.3,29,theory_safety_fee_async
82,0.0,0.7,0.3,29,theory_safety_fee_async
83,0.0,0.7,0.3,29,theory_safety_fee_async
84,0.0,0.7,0.3,29,theory_safety_fee_async
85,0.0,0.7,0.3,29,theory_safety_fee_async
86,0.0,0.7,0.3,29,theory_safety_fee_async
87,0.0,0.7,0.3,29,theory_safety_fee_async
88,0.0,0.7,0.3,29,theory_safety_fee_async
89,0.0,0.7,0.3,29,theory_safety_fee_async
90,0.0,0.7,0.3,29,theory_safety_fee_async
91,0.0,0.7,0.3,29,theory_safety_fee_async
92,0.0,0.7,0.3,29,theory_safety_fee_async
93,0.0,0.7,0.3,29,theory_safety_fee_async
94,0.0,0.7,0.3,29,theory_safety_fee_async
95,0.0,0.7,0.3,29,theory_safety_fee_async
96,0.0,0.7,0.3,29,theory_safety_fee_async
97,0.0,0.7,0.3,29,theory_safety_fee_async
98,0.0,0.7,0.3,29,theory_safety_fee_async
99,0.0,0.7,0.3,29,theory_safety_fee_async
100,0.0,0.7,0.3,29,theory_safety_fee_async
0,0.0,0.94,0.06,30,simulation_safety_fee
1,0.0,0.895,0.105,30,simulation_safety_fee
2,0.0,0.85,0.15,30,simulation_safety_fee
3,0.0,0.805,0.195,30,simulation_safety_fee
4,0.0,0.765,0.235,30,simulation_safety_fee
5,0.0,0.725,0.275,30,simulation_safety_fee
6,0.0,0.725,0.275,30,simulation_safety_fee
7,0.0,0.725,0.275,30,simulation_safety_fee
8,0.0,0.7,0.3,30,simulation_safety_fee
9,0.0,0.7,0.3,30,simulation_safety_fee
10,0.0,0.7,0.3,30,simulation_safety_fee
11,0.0,0.7,0.3,30,simulation_safety_fee
12,0.0,0.7,0.3,30,simulation_safety_fee
0,0.0,0.94,0.06,30,theory_safety_fee
1,0.0,0.94,0.06,30,theory_safety_fee
2,0.0,0.94,0.06,30,theory_safety_fee
3,0.0,0.94,0.06,30,theory_safety_fee
4,0.0,0.94,0.06,30,theory_safety_fee
5,0.0,0.94,0.06,30,theory_safety_fee
6,0.0,0.94,0.06,30,theory_safety_fee
7,0.0,0.94,0.06,30,theory_safety_fee
8,0.0,0.94,0.06,30,theory_safety_fee
9,0.0,0.94,0.06,30,theory_safety_fee
10,0.0,0.94,0.06,30,theory_safety_fee
11,0.0,0.94,0.06,30,theory_safety_fee
12,0.0,0.94,0.06,30,theory_safety_fee
13,0.0,0.94,0.06,30,theory_safety_fee
14,0.0,0.94,0.06,30,theory_safety_fee
15,0.0,0.94,0.06,30,theory_safety_fee
16,0.0,0.94,0.06,30,theory_safety_fee
17,0.0,0.94,0.06,30,theory_safety_fee
18,0.0,0.94,0.06,30,theory_safety_fee
19,0.0,0.94,0.06,30,theory_safety_fee
20,0.0,0.94,0.06,30,theory_safety_fee
21,0.0,0.94,0.06,30,theory_safety_fee
22,0.0,0.94,0.06,30,theory_safety_fee
23,0.0,0.94,0.06,30,theory_safety_fee
24,0.0,0.94,0.06,30,theory_safety_fee
25,0.0,0.94,0.06,30,theory_safety_fee
26,0.0,0.94,0.06,30,theory_safety_fee
27,0.0,0.94,0.06,30,theory_safety_fee
28,0.0,0.94,0.06,30,theory_safety_fee
29,0.0,0.94,0.06,30,theory_safety_fee
30,0.0,0.94,0.06,30,theory_safety_fee
31,0.0,0.94,0.06,30,theory_safety_fee
32,0.0,0.94,0.06,30,theory_safety_fee
33,0.0,0.94,0.06,30,theory_safety_fee
34,0.0,0.94,0.06,30,theory_safety_fee
35,0.0,0.94,0.06,30,theory_safety_fee
36,0.0,0.94,0.06,30,theory_safety_fee
37,0.0,0.94,0.06,30,theory_safety_fee
38,0.0,0.94,0.06,30,theory_safety_fee
39,0.0,0.94,0.06,30,theory_safety_fee
40,0.0,0.94,0.06,30,theory_safety_fee
41,0.0,0.94,0.06,30,theory_safety_fee
42,0.0,0.94,0.06,30,theory_safety_fee
43,0.0,0.94,0.06,30,theory_safety_fee
44,0.0,0.94,0.06,30,theory_safety_fee
45,0.0,0.94,0.06,30,theory_safety_fee
46,0.0,0.94,0.06,30,theory_safety_fee
47,0.0,0.94,0.06,30,theory_safety_fee
48,0.0,0.94,0.06,30,theory_safety_fee
49,0.0,0.94,0.06,30,theory_safety_fee
50,0.0,0.94,0.06,30,theory_safety_fee
51,0.0,0.94,0.06,30,theory_safety_fee
52,0.0,0.94,0.06,30,theory_safety_fee
53,0.0,0.94,0.06,30,theory_safety_fee
54,0.0,0.94,0.06,30,theory_safety_fee
55,0.0,0.94,0.06,30,theory_safety_fee
56,0.0,0.94,0.06,30,theory_safety_fee
57,0.0,0.94,0.06,30,theory_safety_fee
58,0.0,0.94,0.06,30,theory_safety_fee
59,0.0,0.94,0.06,30,theory_safety_fee
60,0.0,0.94,0.06,30,theory_safety_fee
61,0.0,0.94,0.06,30,theory_safety_fee
62,0.0,0.94,0.06,30,theory_safety_fee
63,0.0,0.94,0.06,30,theory_safety_fee
64,0.0,0.94,0.06,30,theory_safety_fee
65,0.0,0.94,0.06,30,theory_safety_fee
66,0.0,0.94,0.06,30,theory_safety_fee
67,0.0,0.94,0.06,30,theory_safety_fee
68,0.0,0.94,0.06,30,theory_safety_fee
69,0.0,0.94,0.06,30,theory_safety_fee
70,0.0,0.94,0.06,30,theory_safety_fee
71,0.0,0.94,0.06,30,theory_safety_fee
72,0.0,0.94,0.06,30,theory_safety_fee
73,0.0,0.94,0.06,30,theory_safety_fee
74,0.0,0.94,0.06,30,theory_safety_fee
75,0.0,0.94,0.06,30,theory_safety_fee
76,0.0,0.94,0.06,30,theory_safety_fee
77,0.0,0.94,0.06,30,theory_safety_fee
78,0.0,0.94,0.06,30,theory_safety_fee
79,0.0,0.94,0.06,30,theory_safety_fee
80,0.0,0.94,0.06,30,theory_safety_fee
81,0.0,0.94,0.06,30,theory_safety_fee
82,0.0,0.94,0.06,30,theory_safety_fee
83,0.0,0.94,0.06,30,theory_safety_fee
84,0.0,0.94,0.06,30,theory_safety_fee
85,0.0,0.94,0.06,30,theory_safety_fee
86,0.0,0.94,0.06,30,theory_safety_fee
87,0.0,0.94,0.06,30,theory_safety_fee
88,0.0,0.94,0.06,30,theory_safety_fee
89,0.0,0.94,0.06,30,theory_safety_fee
90,0.0,0.94,0.06,30,theory_safety_fee
91,0.0,0.94,0.06,30,theory_safety_fee
92,0.0,0.94,0.06,30,theory_safety_fee
93,0.0,0.94,0.06,30,theory_safety_fee
94,0.0,0.94,0.06,30,theory_safety_fee
95,0.0,0.94,0.06,30,theory_safety_fee
96,0.0,0.94,0.06,30,theory_safety_fee
97,0.0,0.94,0.06,30,theory_safety_fee
98,0.0,0.94,0.06,30,theory_safety_fee
99,0.0,0.94,0.06,30,theory_safety_fee
100,0.0,0.94,0.06,30,theory_safety_fee
0,0.0,0.94,0.06,30,theory_safety_fee_async
1,0.0,0.895,0.105,30,theory_safety_fee_async
2,0.0,0.85,0.15,30,theory_safety_fee_async
3,0.0,0.805,0.195,30,theory_safety_fee_async
4,0.0,0.765,0.235,30,theory_safety_fee_async
5,0.0,0.725,0.275,30,theory_safety_fee_async
6,0.0,0.725,0.275,30,theory_safety_fee_async
7,0.0,0.725,0.275,30,theory_safety_fee_async
8,0.0,0.7,0.3,30,theory_safety_fee_async
9,0.0,0.7,0.3,30,theory_safety_fee_async
10,0.0,0.7,0.3,30,theory_safety_fee_async
11,0.0,0.7,0.3,30,theory_safety_fee_async
12,0.0,0.7,0.3,30,theory_safety_fee_async
13,0.0,0.7,0.3,30,theory_safety_fee_async
14,0.0,0.7,0.3,30,theory_safety_fee_async
15,0.0,0.7,0.3,30,theory_safety_fee_async
16,0.0,0.7,0.3,30,theory_safety_fee_async
17,0.0,0.7,0.3,30,theory_safety_fee_async
18,0.0,0.7,0.3,30,theory_safety_fee_async
19,0.0,0.7,0.3,30,theory_safety_fee_async
20,0.0,0.7,0.3,30,theory_safety_fee_async
21,0.0,0.7,0.3,30,theory_safety_fee_async
22,0.0,0.7,0.3,30,theory_safety_fee_async
23,0.0,0.7,0.3,30,theory_safety_fee_async
24,0.0,0.7,0.3,30,theory_safety_fee_async
25,0.0,0.7,0.3,30,theory_safety_fee_async
26,0.0,0.7,0.3,30,theory_safety_fee_async
27,0.0,0.7,0.3,30,theory_safety_fee_async
28,0.0,0.7,0.3,30,theory_safety_fee_async
29,0.0,0.7,0.3,30,theory_safety_fee_async
30,0.0,0.7,0.3,30,theory_safety_fee_async
31,0.0,0.7,0.3,30,theory_safety_fee_async
32,0.0,0.7,0.3,30,theory_safety_fee_async
33,0.0,0.7,0.3,30,theory_safety_fee_async
34,0.0,0.685,0.315,30,theory_safety_fee_async
35,0.0,0.685,0.315,30,theory_safety_fee_async
36,0.0,0.685,0.315,30,theory_safety_fee_async
37,0.0,0.685,0.315,30,theory_safety_fee_async
38,0.0,0.685,0.315,30,theory_safety_fee_async
39,0.0,0.685,0.315,30,theory_safety_fee_async
40,0.0,0.685,0.315,30,theory_safety_fee_async
41,0.0,0.685,0.315,30,theory_safety_fee_async
42,0.0,0.685,0.315,30,theory_safety_fee_async
43,0.0,0.685,0.315,30,theory_safety_fee_async
44,0.0,0.685,0.315,30,theory_safety_fee_async
45,0.0,0.685,0.315,30,theory_safety_fee_async
46,0.0,0.685,0.315,30,theory_safety_fee_async
47,0.0,0.685,0.315,30,theory_safety_fee_async
48,0.0,0.685,0.315,30,theory_safety_fee_async
49,0.0,0.685,0.315,30,theory_safety_fee_async
50,0.0,0.685,0.315,30,theory_safety_fee_async
51,0.0,0.685,0.315,30,theory_safety_fee_async
52,0.0,0.685,0.315,30,theory_safety_fee_async
53,0.0,0.685,0.315,30,theory_safety_fee_async
54,0.0,0.685,0.315,30,theory_safety_fee_async
55,0.0,0.685,0.315,30,theory_safety_fee_async
56,0.0,0.685,0.315,30,theory_safety_fee_async
57,0.0,0.685,0.315,30,theory_safety_fee_async
58,0.0,0.685,0.315,30,theory_safety_fee_async
59,0.0,0.685,0.315,30,theory_safety_fee_async
60,0.0,0.685,0.315,30,theory_safety_fee_async
61,0.0,0.685,0.315,30,theory_safety_fee_async
62,0.0,0.685,0.315,30,theory_safety_fee_async
63,0.0,0.685,0.315,30,theory_safety_fee_async
64,0.0,0.685,0.315,30,theory_safety_fee_async
65,0.0,0.685,0.315,30,theory_safety_fee_async
66,0.0,0.685,0.315,30,theory_safety_fee_async
67,0.0,0.685,0.315,30,theory_safety_fee_async
68,0.0,0.685,0.315,30,theory_safety_fee_async
69,0.0,0.685,0.315,30,theory_safety_fee_async
70,0.0,0.685,0.315,30,theory_safety_fee_async
71,0.0,0.685,0.315,30,theory_safety_fee_async
72,0.0,0.685,0.315,30,theory_safety_fee_async
73,0.0,0.685,0.315,30,theory_safety_fee_async
74,0.0,0.685,0.315,30,theory_safety_fee_async
75,0.0,0.685,0.315,30,theory_safety_fee_async
76,0.0,0.685,0.315,30,theory_safety_fee_async
77,0.0,0.685,0.315,30,theory_safety_fee_async
78,0.0,0.685,0.315,30,theory_safety_fee_async
79,0.0,0.685,0.315,30,theory_safety_fee_async
80,0.0,0.685,0.315,30,theory_safety_fee_async
81,0.0,0.685,0.315,30,theory_safety_fee_async
82,0.0,0.685,0.315,30,theory_safety_fee_async
83,0.0,0.685,0.315,30,theory_safety_fee_async
84,0.0,0.685,0.315,30,theory_safety_fee_async
85,0.0,0.685,0.315,30,theory_safety_fee_async
86,0.0,0.685,0.315,30,theory_safety_fee_async
87,0.0,0.685,0.315,30,theory_safety_fee_async
88,0.0,0.685,0.315,30,theory_safety_fee_async
89,0.0,0.685,0.315,30,theory_safety_fee_async
90,0.0,0.685,0.315,30,theory_safety_fee_async
91,0.0,0.685,0.315,30,theory_safety_fee_async
92,0.0,0.685,0.315,30,theory_safety_fee_async
93,0.0,0.685,0.315,30,theory_safety_fee_async
94,0.0,0.685,0.315,30,theory_safety_fee_async
95,0.0,0.685,0.315,30,theory_safety_fee_async
96,0.0,0.685,0.315,30,theory_safety_fee_async
97,0.0,0.685,0.315,30,theory_safety_fee_async
98,0.0,0.685,0.315,30,theory_safety_fee_async
99,0.0,0.685,0.315,30,theory_safety_fee_async
100,0.0,0.685,0.315,30,theory_safety_fee_async
0,0.0,0.94,0.06,31,simulation_safety_fee
1,0.0,0.89,0.11,31,simulation_safety_fee
2,0.0,0.845,0.155,31,simulation_safety_fee
3,0.0,0.795,0.205,31,simulation_safety_fee
4,0.0,0.755,0.245,31,simulation_safety_fee
5,0.0,0.715,0.285,31,simulation_safety_fee
6,0.0,0.715,0.285,31,simulation_safety_fee
7,0.0,0.715,0.285,31,simulation_safety_fee
8,0.0,0.715,0.285,31,simulation_safety_fee
9,0.0,0.715,0.285,31,simulation_safety_fee
0,0.0,0.94,0.06,31,theory_safety_fee
1,0.0,0.94,0.06,31,theory_safety_fee
2,0.0,0.94,0.06,31,theory_safety_fee
3,0.0,0.94,0.06,31,theory_safety_fee
4,0.0,0.94,0.06,31,theory_safety_fee
5,0.0,0.94,0.06,31,theory_safety_fee
6,0.0,0.94,0.06,31,theory_safety_fee
7,0.0,0.94,0.06,31,theory_safety_fee
8,0.0,0.94,0.06,31,theory_safety_fee
9,0.0,0.94,0.06,31,theory_safety_fee
10,0.0,0.94,0.06,31,theory_safety_fee
11,0.0,0.94,0.06,31,theory_safety_fee
12,0.0,0.94,0.06,31,theory_safety_fee
13,0.0,0.94,0.06,31,theory_safety_fee
14,0.0,0.94,0.06,31,theory_safety_fee
15,0.0,0.94,0.06,31,theory_safety_fee
16,0.0,0.94,0.06,31,theory_safety_fee
17,0.0,0.94,0.06,31,theory_safety_fee
18,0.0,0.94,0.06,31,theory_safety_fee
19,0.0,0.94,0.06,31,theory_safety_fee
20,0.0,0.94,0.06,31,theory_safety_fee
21,0.0,0.94,0.06,31,theory_safety_fee
22,0.0,0.94,0.06,31,theory_safety_fee
23,0.0,0.94,0.06,31,theory_safety_fee
24,0.0,0.94,0.06,31,theory_safety_fee
25,0.0,0.94,0.06,31,theory_safety_fee
26,0.0,0.94,0.06,31,theory_safety_fee
27,0.0,0.94,0.06,31,theory_safety_fee
28,0.0,0.94,0.06,31,theory_safety_fee
29,0.0,0.94,0.06,31,theory_safety_fee
30,0.0,0.94,0.06,31,theory_safety_fee
31,0.0,0.94,0.06,31,theory_safety_fee
32,0.0,0.94,0.06,31,theory_safety_fee
33,0.0,0.94,0.06,31,theory_safety_fee
34,0.0,0.94,0.06,31,theory_safety_fee
35,0.0,0.94,0.06,31,theory_safety_fee
36,0.0,0.94,0.06,31,theory_safety_fee
37,0.0,0.94,0.06,31,theory_safety_fee
38,0.0,0.94,0.06,31,theory_safety_fee
39,0.0,0.94,0.06,31,theory_safety_fee
40,0.0,0.94,0.06,31,theory_safety_fee
41,0.0,0.94,0.06,31,theory_safety_fee
42,0.0,0.94,0.06,31,theory_safety_fee
43,0.0,0.94,0.06,31,theory_safety_fee
44,0.0,0.94,0.06,31,theory_safety_fee
45,0.0,0.94,0.06,31,theory_safety_fee
46,0.0,0.94,0.06,31,theory_safety_fee
47,0.0,0.94,0.06,31,theory_safety_fee
48,0.0,0.94,0.06,31,theory_safety_fee
49,0.0,0.94,0.06,31,theory_safety_fee
50,0.0,0.94,0.06,31,theory_safety_fee
51,0.0,0.94,0.06,31,theory_safety_fee
52,0.0,0.94,0.06,31,theory_safety_fee
53,0.0,0.94,0.06,31,theory_safety_fee
54,0.0,0.94,0.06,31,theory_safety_fee
55,0.0,0.94,0.06,31,theory_safety_fee
56,0.0,0.94,0.06,31,theory_safety_fee
57,0.0,0.94,0.06,31,theory_safety_fee
58,0.0,0.94,0.06,31,theory_safety_fee
59,0.0,0.94,0.06,31,theory_safety_fee
60,0.0,0.94,0.06,31,theory_safety_fee
61,0.0,0.94,0.06,31,theory_safety_fee
62,0.0,0.94,0.06,31,theory_safety_fee
63,0.0,0.94,0.06,31,theory_safety_fee
64,0.0,0.94,0.06,31,theory_safety_fee
65,0.0,0.94,0.06,31,theory_safety_fee
66,0.0,0.94,0.06,31,theory_safety_fee
67,0.0,0.94,0.06,31,theory_safety_fee
68,0.0,0.94,0.06,31,theory_safety_fee
69,0.0,0.94,0.06,31,theory_safety_fee
70,0.0,0.94,0.06,31,theory_safety_fee
71,0.0,0.94,0.06,31,theory_safety_fee
72,0.0,0.94,0.06,31,theory_safety_fee
73,0.0,0.94,0.06,31,theory_safety_fee
74,0.0,0.94,0.06,31,theory_safety_fee
75,0.0,0.94,0.06,31,theory_safety_fee
76,0.0,0.94,0.06,31,theory_safety_fee
77,0.0,0.94,0.06,31,theory_safety_fee
78,0.0,0.94,0.06,31,theory_safety_fee
79,0.0,0.94,0.06,31,theory_safety_fee
80,0.0,0.94,0.06,31,theory_safety_fee
81,0.0,0.94,0.06,31,theory_safety_fee
82,0.0,0.94,0.06,31,theory_safety_fee
83,0.0,0.94,0.06,31,theory_safety_fee
84,0.0,0.94,0.06,31,theory_safety_fee
85,0.0,0.94,0.06,31,theory_safety_fee
86,0.0,0.94,0.06,31,theory_safety_fee
87,0.0,0.94,0.06,31,theory_safety_fee
88,0.0,0.94,0.06,31,theory_safety_fee
89,0.0,0.94,0.06,31,theory_safety_fee
90,0.0,0.94,0.06,31,theory_safety_fee
91,0.0,0.94,0.06,31,theory_safety_fee
92,0.0,0.94,0.06,31,theory_safety_fee
93,0.0,0.94,0.06,31,theory_safety_fee
94,0.0,0.94,0.06,31,theory_safety_fee
95,0.0,0.94,0.06,31,theory_safety_fee
96,0.0,0.94,0.06,31,theory_safety_fee
97,0.0,0.94,0.06,31,theory_safety_fee
98,0.0,0.94,0.06,31,theory_safety_fee
99,0.0,0.94,0.06,31,theory_safety_fee
100,0.0,0.94,0.06,31,theory_safety_fee
0,0.0,0.94,0.06,31,theory_safety_fee_async
1,0.0,0.89,0.11,31,theory_safety_fee_async
2,0.0,0.845,0.155,31,theory_safety_fee_async
3,0.0,0.795,0.205,31,theory_safety_fee_async
4,0.0,0.755,0.245,31,theory_safety_fee_async
5,0.0,0.715,0.285,31,theory_safety_fee_async
6,0.0,0.715,0.285,31,theory_safety_fee_async
7,0.0,0.715,0.285,31,theory_safety_fee_async
8,0.0,0.715,0.285,31,theory_safety_fee_async
9,0.0,0.715,0.285,31,theory_safety_fee_async
10,0.0,0.715,0.285,31,theory_safety_fee_async
11,0.0,0.715,0.285,31,theory_safety_fee_async
12,0.0,0.715,0.285,31,theory_safety_fee_async
13,0.0,0.67,0.33,31,theory_safety_fee_async
14,0.0,0.67,0.33,31,theory_safety_fee_async
15,0.0,0.67,0.33,31,theory_safety_fee_async
16,0.0,0.67,0.33,31,theory_safety_fee_async
17,0.0,0.67,0.33,31,theory_safety_fee_async
18,0.0,0.67,0.33,31,theory_safety_fee_async
19,0.0,0.67,0.33,31,theory_safety_fee_async
20,0.0,0.67,0.33,31,theory_safety_fee_async
21,0.0,0.67,0.33,31,theory_safety_fee_async
22,0.0,0.67,0.33,31,theory_safety_fee_async
23,0.0,0.67,0.33,31,theory_safety_fee_async
24,0.0,0.67,0.33,31,theory_safety_fee_async
25,0.0,0.67,0.33,31,theory_safety_fee_async
26,0.0,0.67,0.33,31,theory_safety_fee_async
27,0.0,0.67,0.33,31,theory_safety_fee_async
28,0.0,0.67,0.33,31,theory_safety_fee_async
29,0.0,0.67,0.33,31,theory_safety_fee_async
30,0.0,0.67,0.33,31,theory_safety_fee_async
31,0.0,0.67,0.33,31,theory_safety_fee_async
32,0.0,0.67,0.33,31,theory_safety_fee_async
33,0.0,0.67,0.33,31,theory_safety_fee_async
34,0.0,0.67,0.33,31,theory_safety_fee_async
35,0.0,0.67,0.33,31,theory_safety_fee_async
36,0.0,0.67,0.33,31,theory_safety_fee_async
37,0.0,0.67,0.33,31,theory_safety_fee_async
38,0.0,0.67,0.33,31,theory_safety_fee_async
39,0.0,0.67,0.33,31,theory_safety_fee_async
40,0.0,0.67,0.33,31,theory_safety_fee_async
41,0.0,0.67,0.33,31,theory_safety_fee_async
42,0.0,0.67,0.33,31,theory_safety_fee_async
43,0.0,0.67,0.33,31,theory_safety_fee_async
44,0.0,0.67,0.33,31,theory_safety_fee_async
45,0.0,0.67,0.33,31,theory_safety_fee_async
46,0.0,0.67,0.33,31,theory_safety_fee_async
47,0.0,0.67,0.33,31,theory_safety_fee_async
48,0.0,0.67,0.33,31,theory_safety_fee_async
49,0.0,0.67,0.33,31,theory_safety_fee_async
50,0.0,0.67,0.33,31,theory_safety_fee_async
51,0.0,0.67,0.33,31,theory_safety_fee_async
52,0.0,0.67,0.33,31,theory_safety_fee_async
53,0.0,0.67,0.33,31,theory_safety_fee_async
54,0.0,0.67,0.33,31,theory_safety_fee_async
55,0.0,0.67,0.33,31,theory_safety_fee_async
56,0.0,0.67,0.33,31,theory_safety_fee_async
57,0.0,0.67,0.33,31,theory_safety_fee_async
58,0.0,0.67,0.33,31,theory_safety_fee_async
59,0.0,0.67,0.33,31,theory_safety_fee_async
60,0.0,0.67,0.33,31,theory_safety_fee_async
61,0.0,0.67,0.33,31,theory_safety_fee_async
62,0.0,0.67,0.33,31,theory_safety_fee_async
63,0.0,0.67,0.33,31,theory_safety_fee_async
64,0.0,0.67,0.33,31,theory_safety_fee_async
65,0.0,0.67,0.33,31,theory_safety_fee_async
66,0.0,0.67,0.33,31,theory_safety_fee_async
67,0.0,0.67,0.33,31,theory_safety_fee_async
68,0.0,0.67,0.33,31,theory_safety_fee_async
69,0.0,0.67,0.33,31,theory_safety_fee_async
70,0.0,0.67,0.33,31,theory_safety_fee_async
71,0.0,0.67,0.33,31,theory_safety_fee_async
72,0.0,0.67,0.33,31,theory_safety_fee_async
73,0.0,0.67,0.33,31,theory_safety_fee_async
74,0.0,0.67,0.33,31,theory_safety_fee_async
75,0.0,0.67,0.33,31,theory_safety_fee_async
76,0.0,0.67,0.33,31,theory_safety_fee_async
77,0.0,0.67,0.33,31,theory_safety_fee_async
78,0.0,0.67,0.33,31,theory_safety_fee_async
79,0.0,0.67,0.33,31,theory_safety_fee_async
80,0.0,0.67,0.33,31,theory_safety_fee_async
81,0.0,0.67,0.33,31,theory_safety_fee_async
82,0.0,0.67,0.33,31,theory_safety_fee_async
83,0.0,0.67,0.33,31,theory_safety_fee_async
84,0.0,0.67,0.33,31,theory_safety_fee_async
85,0.0,0.67,0.33,31,theory_safety_fee_async
86,0.0,0.67,0.33,31,theory_safety_fee_async
87,0.0,0.67,0.33,31,theory_safety_fee_async
88,0.0,0.67,0.33,31,theory_safety_fee_async
89,0.0,0.67,0.33,31,theory_safety_fee_async
90,0.0,0.67,0.33,31,theory_safety_fee_async
91,0.0,0.67,0.33,31,theory_safety_fee_async
92,0.0,0.67,0.33,31,theory_safety_fee_async
93,0.0,0.67,0.33,31,theory_safety_fee_async
94,0.0,0.67,0.33,31,theory_safety_fee_async
95,0.0,0.67,0.33,31,theory_safety_fee_async
96,0.0,0.67,0.33,31,theory_safety_fee_async
97,0.0,0.67,0.33,31,theory_safety_fee_async
98,0.0,0.67,0.33,31,theory_safety_fee_async
99,0.0,0.67,0.33,31,theory_safety_fee_async
100,0.0,0.67,0.33,31,theory_safety_fee_async
0,0.0,0.94,0.06,32,simulation_safety_fee
1,0.0,0.89,0.11,32,simulation_safety_fee
2,0.0,0.845,0.155,32,simulation_safety_fee
3,0.0,0.805,0.195,32,simulation_safety_fee
4,0.0,0.76,0.24,32,simulation_safety_fee
5,0.0,0.73,0.27,32,simulation_safety_fee
6,0.0,0.69,0.31,32,simulation_safety_fee
7,0.0,0.655,0.345,32,simulation_safety_fee
8,0.0,0.625,0.375,32,simulation_safety_fee
9,0.0,0.625,0.375,32,simulation_safety_fee
10,0.0,0.6,0.4,32,simulation_safety_fee
11,0.0,0.6,0.4,32,simulation_safety_fee
12,0.0,0.6,0.4,32,simulation_safety_fee
13,0.0,0.6,0.4,32,simulation_safety_fee
14,0.0,0.6,0.4,32,simulation_safety_fee
0,0.0,0.94,0.06,32,theory_safety_fee
1,0.0,0.94,0.06,32,theory_safety_fee
2,0.0,0.94,0.06,32,theory_safety_fee
3,0.0,0.94,0.06,32,theory_safety_fee
4,0.0,0.94,0.06,32,theory_safety_fee
5,0.0,0.94,0.06,32,theory_safety_fee
6,0.0,0.94,0.06,32,theory_safety_fee
7,0.0,0.94,0.06,32,theory_safety_fee
8,0.0,0.94,0.06,32,theory_safety_fee
9,0.0,0.94,0.06,32,theory_safety_fee
10,0.0,0.94,0.06,32,theory_safety_fee
11,0.0,0.94,0.06,32,theory_safety_fee
12,0.0,0.94,0.06,32,theory_safety_fee
13,0.0,0.94,0.06,32,theory_safety_fee
14,0.0,0.94,0.06,32,theory_safety_fee
15,0.0,0.94,0.06,32,theory_safety_fee
16,0.0,0.94,0.06,32,theory_safety_fee
17,0.0,0.94,0.06,32,theory_safety_fee
18,0.0,0.94,0.06,32,theory_safety_fee
19,0.0,0.94,0.06,32,theory_safety_fee
20,0.0,0.94,0.06,32,theory_safety_fee
21,0.0,0.94,0.06,32,theory_safety_fee
22,0.0,0.94,0.06,32,theory_safety_fee
23,0.0,0.94,0.06,32,theory_safety_fee
24,0.0,0.94,0.06,32,theory_safety_fee
25,0.0,0.94,0.06,32,theory_safety_fee
26,0.0,0.94,0.06,32,theory_safety_fee
27,0.0,0.94,0.06,32,theory_safety_fee
28,0.0,0.94,0.06,32,theory_safety_fee
29,0.0,0.94,0.06,32,theory_safety_fee
30,0.0,0.94,0.06,32,theory_safety_fee
31,0.0,0.94,0.06,32,theory_safety_fee
32,0.0,0.94,0.06,32,theory_safety_fee
33,0.0,0.94,0.06,32,theory_safety_fee
34,0.0,0.94,0.06,32,theory_safety_fee
35,0.0,0.94,0.06,32,theory_safety_fee
36,0.0,0.94,0.06,32,theory_safety_fee
37,0.0,0.94,0.06,32,theory_safety_fee
38,0.0,0.94,0.06,32,theory_safety_fee
39,0.0,0.94,0.06,32,theory_safety_fee
40,0.0,0.94,0.06,32,theory_safety_fee
41,0.0,0.94,0.06,32,theory_safety_fee
42,0.0,0.94,0.06,32,theory_safety_fee
43,0.0,0.94,0.06,32,theory_safety_fee
44,0.0,0.94,0.06,32,theory_safety_fee
45,0.0,0.94,0.06,32,theory_safety_fee
46,0.0,0.94,0.06,32,theory_safety_fee
47,0.0,0.94,0.06,32,theory_safety_fee
48,0.0,0.94,0.06,32,theory_safety_fee
49,0.0,0.94,0.06,32,theory_safety_fee
50,0.0,0.94,0.06,32,theory_safety_fee
51,0.0,0.94,0.06,32,theory_safety_fee
52,0.0,0.94,0.06,32,theory_safety_fee
53,0.0,0.94,0.06,32,theory_safety_fee
54,0.0,0.94,0.06,32,theory_safety_fee
55,0.0,0.94,0.06,32,theory_safety_fee
56,0.0,0.94,0.06,32,theory_safety_fee
57,0.0,0.94,0.06,32,theory_safety_fee
58,0.0,0.94,0.06,32,theory_safety_fee
59,0.0,0.94,0.06,32,theory_safety_fee
60,0.0,0.94,0.06,32,theory_safety_fee
61,0.0,0.94,0.06,32,theory_safety_fee
62,0.0,0.94,0.06,32,theory_safety_fee
63,0.0,0.94,0.06,32,theory_safety_fee
64,0.0,0.94,0.06,32,theory_safety_fee
65,0.0,0.94,0.06,32,theory_safety_fee
66,0.0,0.94,0.06,32,theory_safety_fee
67,0.0,0.94,0.06,32,theory_safety_fee
68,0.0,0.94,0.06,32,theory_safety_fee
69,0.0,0.94,0.06,32,theory_safety_fee
70,0.0,0.94,0.06,32,theory_safety_fee
71,0.0,0.94,0.06,32,theory_safety_fee
72,0.0,0.94,0.06,32,theory_safety_fee
73,0.0,0.94,0.06,32,theory_safety_fee
74,0.0,0.94,0.06,32,theory_safety_fee
75,0.0,0.94,0.06,32,theory_safety_fee
76,0.0,0.94,0.06,32,theory_safety_fee
77,0.0,0.94,0.06,32,theory_safety_fee
78,0.0,0.94,0.06,32,theory_safety_fee
79,0.0,0.94,0.06,32,theory_safety_fee
80,0.0,0.94,0.06,32,theory_safety_fee
81,0.0,0.94,0.06,32,theory_safety_fee
82,0.0,0.94,0.06,32,theory_safety_fee
83,0.0,0.94,0.06,32,theory_safety_fee
84,0.0,0.94,0.06,32,theory_safety_fee
85,0.0,0.94,0.06,32,theory_safety_fee
86,0.0,0.94,0.06,32,theory_safety_fee
87,0.0,0.94,0.06,32,theory_safety_fee
88,0.0,0.94,0.06,32,theory_safety_fee
89,0.0,0.94,0.06,32,theory_safety_fee
90,0.0,0.94,0.06,32,theory_safety_fee
91,0.0,0.94,0.06,32,theory_safety_fee
92,0.0,0.94,0.06,32,theory_safety_fee
93,0.0,0.94,0.06,32,theory_safety_fee
94,0.0,0.94,0.06,32,theory_safety_fee
95,0.0,0.94,0.06,32,theory_safety_fee
96,0.0,0.94,0.06,32,theory_safety_fee
97,0.0,0.94,0.06,32,theory_safety_fee
98,0.0,0.94,0.06,32,theory_safety_fee
99,0.0,0.94,0.06,32,theory_safety_fee
100,0.0,0.94,0.06,32,theory_safety_fee
0,0.0,0.94,0.06,32,theory_safety_fee_async
1,0.0,0.89,0.11,32,theory_safety_fee_async
2,0.0,0.845,0.155,32,theory_safety_fee_async
3,0.0,0.805,0.195,32,theory_safety_fee_async
4,0.0,0.76,0.24,32,theory_safety_fee_async
5,0.0,0.73,0.27,32,theory_safety_fee_async
6,0.0,0.69,0.31,32,theory_safety_fee_async
7,0.0,0.655,0.345,32,theory_safety_fee_async
8,0.0,0.625,0.375,32,theory_safety_fee_async
9,0.0,0.625,0.375,32,theory_safety_fee_async
10,0.0,0.6,0.4,32,theory_safety_fee_async
11,0.0,0.6,0.4,32,theory_safety_fee_async
12,0.0,0.6,0.4,32,theory_safety_fee_async
13,0.0,0.6,0.4,32,theory_safety_fee_async
14,0.0,0.6,0.4,32,theory_safety_fee_async
15,0.0,0.6,0.4,32,theory_safety_fee_async
16,0.0,0.6,0.4,32,theory_safety_fee_async
17,0.0,0.6,0.4,32,theory_safety_fee_async
18,0.0,0.6,0.4,32,theory_safety_fee_async
19,0.0,0.6,0.4,32,theory_safety_fee_async
20,0.0,0.6,0.4,32,theory_safety_fee_async
21,0.0,0.6,0.4,32,theory_safety_fee_async
22,0.0,0.6,0.4,32,theory_safety_fee_async
23,0.0,0.6,0.4,32,theory_safety_fee_async
24,0.0,0.6,0.4,32,theory_safety_fee_async
25,0.0,0.6,0.4,32,theory_safety_fee_async
26,0.0,0.6,0.4,32,theory_safety_fee_async
27,0.0,0.6,0.4,32,theory_safety_fee_async
28,0.0,0.6,0.4,32,theory_safety_fee_async
29,0.0,0.6,0.4,32,theory_safety_fee_async
30,0.0,0.6,0.4,32,theory_safety_fee_async
31,0.0,0.6,0.4,32,theory_safety_fee_async
32,0.0,0.6,0.4,32,theory_safety_fee_async
33,0.0,0.6,0.4,32,theory_safety_fee_async
34,0.0,0.6,0.4,32,theory_safety_fee_async
35,0.0,0.6,0.4,32,theory_safety_fee_async
36,0.0,0.6,0.4,32,theory_safety_fee_async
37,0.0,0.6,0.4,32,theory_safety_fee_async
38,0.0,0.6,0.4,32,theory_safety_fee_async
39,0.0,0.6,0.4,32,theory_safety_fee_async
40,0.0,0.6,0.4,32,theory_safety_fee_async
41,0.0,0.6,0.4,32,theory_safety_fee_async
42,0.0,0.6,0.4,32,theory_safety_fee_async
43,0.0,0.6,0.4,32,theory_safety_fee_async
44,0.0,0.6,0.4,32,theory_safety_fee_async
45,0.0,0.6,0.4,32,theory_safety_fee_async
46,0.0,0.6,0.4,32,theory_safety_fee_async
47,0.0,0.6,0.4,32,theory_safety_fee_async
48,0.0,0.6,0.4,32,theory_safety_fee_async
49,0.0,0.6,0.4,32,theory_safety_fee_async
50,0.0,0.6,0.4,32,theory_safety_fee_async
51,0.0,0.6,0.4,32,theory_safety_fee_async
52,0.0,0.6,0.4,32,theory_safety_fee_async
53,0.0,0.6,0.4,32,theory_safety_fee_async
54,0.0,0.6,0.4,32,theory_safety_fee_async
55,0.0,0.6,0.4,32,theory_safety_fee_async
56,0.0,0.6,0.4,32,theory_safety_fee_async
57,0.0,0.6,0.4,32,theory_safety_fee_async
58,0.0,0.6,0.4,32,theory_safety_fee_async
59,0.0,0.6,0.4,32,theory_safety_fee_async
60,0.0,0.6,0.4,32,theory_safety_fee_async
61,0.0,0.6,0.4,32,theory_safety_fee_async
62,0.0,0.6,0.4,32,theory_safety_fee_async
63,0.0,0.6,0.4,32,theory_safety_fee_async
64,0.0,0.6,0.4,32,theory_safety_fee_async
65,0.0,0.6,0.4,32,theory_safety_fee_async
66,0.0,0.6,0.4,32,theory_safety_fee_async
67,0.0,0.6,0.4,32,theory_safety_fee_async
68,0.0,0.6,0.4,32,theory_safety_fee_async
69,0.0,0.6,0.4,32,theory_safety_fee_async
70,0.0,0.6,0.4,32,theory_safety_fee_async
71,0.0,0.6,0.4,32,theory_safety_fee_async
72,0.0,0.6,0.4,32,theory_safety_fee_async
73,0.0,0.6,0.4,32,theory_safety_fee_async
74,0.0,0.6,0.4,32,theory_safety_fee_async
75,0.0,0.6,0.4,32,theory_safety_fee_async
76,0.0,0.6,0.4,32,theory_safety_fee_async
77,0.0,0.6,0.4,32,theory_safety_fee_async
78,0.0,0.6,0.4,32,theory_safety_fee_async
79,0.0,0.6,0.4,32,theory_safety_fee_async
80,0.0,0.6,0.4,32,theory_safety_fee_async
81,0.0,0.6,0.4,32,theory_safety_fee_async
82,0.0,0.6,0.4,32,theory_safety_fee_async
83,0.0,0.6,0.4,32,theory_safety_fee_async
84,0.0,0.6,0.4,32,theory_safety_fee_async
85,0.0,0.6,0.4,32,theory_safety_fee_async
86,0.0,0.6,0.4,32,theory_safety_fee_async
87,0.0,0.6,0.4,32,theory_safety_fee_async
88,0.0,0.6,0.4,32,theory_safety_fee_async
89,0.0,0.6,0.4,32,theory_safety_fee_async
90,0.0,0.6,0.4,32,theory_safety_fee_async
91,0.0,0.6,0.4,32,theory_safety_fee_async
92,0.0,0.6,0.4,32,theory_safety_fee_async
93,0.0,0.6,0.4,32,theory_safety_fee_async
94,0.0,0.6,0.4,32,theory_safety_fee_async
95,0.0,0.6,0.4,32,theory_safety_fee_async
96,0.0,0.6,0.4,32,theory_safety_fee_async
97,0.0,0.6,0.4,32,theory_safety_fee_async
98,0.0,0.6,0.4,32,theory_safety_fee_async
99,0.0,0.6,0.4,32,theory_safety_fee_async
100,0.0,0.6,0.4,32,theory_safety_fee_async
0,0.0,0.94,0.06,33,simulation_safety_fee
1,0.0,0.895,0.105,33,simulation_safety_fee
2,0.0,0.845,0.155,33,simulation_safety_fee
3,0.0,0.815,0.185,33,simulation_safety_fee
4,0.0,0.775,0.225,33,simulation_safety_fee
5,0.0,0.735,0.265,33,simulation_safety_fee
6,0.0,0.69,0.31,33,simulation_safety_fee
7,0.0,0.69,0.31,33,simulation_safety_fee
8,0.0,0.69,0.31,33,simulation_safety_fee
9,0.0,0.69,0.31,33,simulation_safety_fee
10,0.0,0.69,0.31,33,simulation_safety_fee
0,0.0,0.94,0.06,33,theory_safety_fee
1,0.0,0.94,0.06,33,theory_safety_fee
2,0.0,0.94,0.06,33,theory_safety_fee
3,0.0,0.94,0.06,33,theory_safety_fee
4,0.0,0.94,0.06,33,theory_safety_fee
5,0.0,0.94,0.06,33,theory_safety_fee
6,0.0,0.94,0.06,33,theory_safety_fee
7,0.0,0.94,0.06,33,theory_safety_fee
8,0.0,0.94,0.06,33,theory_safety_fee
9,0.0,0.94,0.06,33,theory_safety_fee
10,0.0,0.94,0.06,33,theory_safety_fee
11,0.0,0.94,0.06,33,theory_safety_fee
12,0.0,0.94,0.06,33,theory_safety_fee
13,0.0,0.94,0.06,33,theory_safety_fee
14,0.0,0.94,0.06,33,theory_safety_fee
15,0.0,0.94,0.06,33,theory_safety_fee
16,0.0,0.94,0.06,33,theory_safety_fee
17,0.0,0.94,0.06,33,theory_safety_fee
18,0.0,0.94,0.06,33,theory_safety_fee
19,0.0,0.94,0.06,33,theory_safety_fee
20,0.0,0.94,0.06,33,theory_safety_fee
21,0.0,0.94,0.06,33,theory_safety_fee
22,0.0,0.94,0.06,33,theory_safety_fee
23,0.0,0.94,0.06,33,theory_safety_fee
24,0.0,0.94,0.06,33,theory_safety_fee
25,0.0,0.94,0.06,33,theory_safety_fee
26,0.0,0.94,0.06,33,theory_safety_fee
27,0.0,0.94,0.06,33,theory_safety_fee
28,0.0,0.94,0.06,33,theory_safety_fee
29,0.0,0.94,0.06,33,theory_safety_fee
30,0.0,0.94,0.06,33,theory_safety_fee
31,0.0,0.94,0.06,33,theory_safety_fee
32,0.0,0.94,0.06,33,theory_safety_fee
33,0.0,0.94,0.06,33,theory_safety_fee
34,0.0,0.94,0.06,33,theory_safety_fee
35,0.0,0.94,0.06,33,theory_safety_fee
36,0.0,0.94,0.06,33,theory_safety_fee
37,0.0,0.94,0.06,33,theory_safety_fee
38,0.0,0.94,0.06,33,theory_safety_fee
39,0.0,0.94,0.06,33,theory_safety_fee
40,0.0,0.94,0.06,33,theory_safety_fee
41,0.0,0.94,0.06,33,theory_safety_fee
42,0.0,0.94,0.06,33,theory_safety_fee
43,0.0,0.94,0.06,33,theory_safety_fee
44,0.0,0.94,0.06,33,theory_safety_fee
45,0.0,0.94,0.06,33,theory_safety_fee
46,0.0,0.94,0.06,33,theory_safety_fee
47,0.0,0.94,0.06,33,theory_safety_fee
48,0.0,0.94,0.06,33,theory_safety_fee
49,0.0,0.94,0.06,33,theory_safety_fee
50,0.0,0.94,0.06,33,theory_safety_fee
51,0.0,0.94,0.06,33,theory_safety_fee
52,0.0,0.94,0.06,33,theory_safety_fee
53,0.0,0.94,0.06,33,theory_safety_fee
54,0.0,0.94,0.06,33,theory_safety_fee
55,0.0,0.94,0.06,33,theory_safety_fee
56,0.0,0.94,0.06,33,theory_safety_fee
57,0.0,0.94,0.06,33,theory_safety_fee
58,0.0,0.94,0.06,33,theory_safety_fee
59,0.0,0.94,0.06,33,theory_safety_fee
60,0.0,0.94,0.06,33,theory_safety_fee
61,0.0,0.94,0.06,33,theory_safety_fee
62,0.0,0.94,0.06,33,theory_safety_fee
63,0.0,0.94,0.06,33,theory_safety_fee
64,0.0,0.94,0.06,33,theory_safety_fee
65,0.0,0.94,0.06,33,theory_safety_fee
66,0.0,0.94,0.06,33,theory_safety_fee
67,0.0,0.94,0.06,33,theory_safety_fee
68,0.0,0.94,0.06,33,theory_safety_fee
69,0.0,0.94,0.06,33,theory_safety_fee
70,0.0,0.94,0.06,33,theory_safety_fee
71,0.0,0.94,0.06,33,theory_safety_fee
72,0.0,0.94,0.06,33,theory_safety_fee
73,0.0,0.94,0.06,33,theory_safety_fee
74,0.0,0.94,0.06,33,theory_safety_fee
75,0.0,0.94,0.06,33,theory_safety_fee
76,0.0,0.94,0.06,33,theory_safety_fee
77,0.0,0.94,0.06,33,theory_safety_fee
78,0.0,0.94,0.06,33,theory_safety_fee
79,0.0,0.94,0.06,33,theory_safety_fee
80,0.0,0.94,0.06,33,theory_safety_fee
81,0.0,0.94,0.06,33,theory_safety_fee
82,0.0,0.94,0.06,33,theory_safety_fee
83,0.0,0.94,0.06,33,theory_safety_fee
84,0.0,0.94,0.06,33,theory_safety_fee
85,0.0,0.94,0.06,33,theory_safety_fee
86,0.0,0.94,0.06,33,theory_safety_fee
87,0.0,0.94,0.06,33,theory_safety_fee
88,0.0,0.94,0.06,33,theory_safety_fee
89,0.0,0.94,0.06,33,theory_safety_fee
90,0.0,0.94,0.06,33,theory_safety_fee
91,0.0,0.94,0.06,33,theory_safety_fee
92,0.0,0.94,0.06,33,theory_safety_fee
93,0.0,0.94,0.06,33,theory_safety_fee
94,0.0,0.94,0.06,33,theory_safety_fee
95,0.0,0.94,0.06,33,theory_safety_fee
96,0.0,0.94,0.06,33,theory_safety_fee
97,0.0,0.94,0.06,33,theory_safety_fee
98,0.0,0.94,0.06,33,theory_safety_fee
99,0.0,0.94,0.06,33,theory_safety_fee
100,0.0,0.94,0.06,33,theory_safety_fee
0,0.0,0.94,0.06,33,theory_safety_fee_async
1,0.0,0.895,0.105,33,theory_safety_fee_async
2,0.0,0.845,0.155,33,theory_safety_fee_async
3,0.0,0.815,0.185,33,theory_safety_fee_async
4,0.0,0.775,0.225,33,theory_safety_fee_async
5,0.0,0.735,0.265,33,theory_safety_fee_async
6,0.0,0.69,0.31,33,theory_safety_fee_async
7,0.0,0.69,0.31,33,theory_safety_fee_async
8,0.0,0.69,0.31,33,theory_safety_fee_async
9,0.0,0.69,0.31,33,theory_safety_fee_async
10,0.0,0.69,0.31,33,theory_safety_fee_async
11,0.0,0.69,0.31,33,theory_safety_fee_async
12,0.0,0.69,0.31,33,theory_safety_fee_async
13,0.0,0.69,0.31,33,theory_safety_fee_async
14,0.0,0.69,0.31,33,theory_safety_fee_async
15,0.0,0.69,0.31,33,theory_safety_fee_async
16,0.0,0.69,0.31,33,theory_safety_fee_async
17,0.0,0.69,0.31,33,theory_safety_fee_async
18,0.0,0.69,0.31,33,theory_safety_fee_async
19,0.0,0.69,0.31,33,theory_safety_fee_async
20,0.0,0.69,0.31,33,theory_safety_fee_async
21,0.0,0.69,0.31,33,theory_safety_fee_async
22,0.0,0.69,0.31,33,theory_safety_fee_async
23,0.0,0.69,0.31,33,theory_safety_fee_async
24,0.0,0.69,0.31,33,theory_safety_fee_async
25,0.0,0.69,0.31,33,theory_safety_fee_async
26,0.0,0.69,0.31,33,theory_safety_fee_async
27,0.0,0.69,0.31,33,theory_safety_fee_async
28,0.0,0.69,0.31,33,theory_safety_fee_async
29,0.0,0.69,0.31,33,theory_safety_fee_async
30,0.0,0.69,0.31,33,theory_safety_fee_async
31,0.0,0.69,0.31,33,theory_safety_fee_async
32,0.0,0.69,0.31,33,theory_safety_fee_async
33,0.0,0.69,0.31,33,theory_safety_fee_async
34,0.0,0.69,0.31,33,theory_safety_fee_async
35,0.0,0.69,0.31,33,theory_safety_fee_async
36,0.0,0.69,0.31,33,theory_safety_fee_async
37,0.0,0.69,0.31,33,theory_safety_fee_async
38,0.0,0.69,0.31,33,theory_safety_fee_async
39,0.0,0.69,0.31,33,theory_safety_fee_async
40,0.0,0.69,0.31,33,theory_safety_fee_async
41,0.0,0.69,0.31,33,theory_safety_fee_async
42,0.0,0.69,0.31,33,theory_safety_fee_async
43,0.0,0.69,0.31,33,theory_safety_fee_async
44,0.0,0.69,0.31,33,theory_safety_fee_async
45,0.0,0.69,0.31,33,theory_safety_fee_async
46,0.0,0.69,0.31,33,theory_safety_fee_async
47,0.0,0.69,0.31,33,theory_safety_fee_async
48,0.0,0.69,0.31,33,theory_safety_fee_async
49,0.0,0.69,0.31,33,theory_safety_fee_async
50,0.0,0.69,0.31,33,theory_safety_fee_async
51,0.0,0.69,0.31,33,theory_safety_fee_async
52,0.0,0.69,0.31,33,theory_safety_fee_async
53,0.0,0.69,0.31,33,theory_safety_fee_async
54,0.0,0.69,0.31,33,theory_safety_fee_async
55,0.0,0.69,0.31,33,theory_safety_fee_async
56,0.0,0.69,0.31,33,theory_safety_fee_async
57,0.0,0.69,0.31,33,theory_safety_fee_async
58,0.0,0.69,0.31,33,theory_safety_fee_async
59,0.0,0.69,0.31,33,theory_safety_fee_async
60,0.0,0.69,0.31,33,theory_safety_fee_async
61,0.0,0.69,0.31,33,theory_safety_fee_async
62,0.0,0.69,0.31,33,theory_safety_fee_async
63,0.0,0.69,0.31,33,theory_safety_fee_async
64,0.0,0.69,0.31,33,theory_safety_fee_async
65,0.0,0.69,0.31,33,theory_safety_fee_async
66,0.0,0.69,0.31,33,theory_safety_fee_async
67,0.0,0.69,0.31,33,theory_safety_fee_async
68,0.0,0.69,0.31,33,theory_safety_fee_async
69,0.0,0.69,0.31,33,theory_safety_fee_async
70,0.0,0.69,0.31,33,theory_safety_fee_async
71,0.0,0.69,0.31,33,theory_safety_fee_async
72,0.0,0.69,0.31,33,theory_safety_fee_async
73,0.0,0.69,0.31,33,theory_safety_fee_async
74,0.0,0.69,0.31,33,theory_safety_fee_async
75,0.0,0.69,0.31,33,theory_safety_fee_async
76,0.0,0.69,0.31,33,theory_safety_fee_async
77,0.0,0.69,0.31,33,theory_safety_fee_async
78,0.0,0.69,0.31,33,theory_safety_fee_async
79,0.0,0.69,0.31,33,theory_safety_fee_async
80,0.0,0.69,0.31,33,theory_safety_fee_async
81,0.0,0.69,0.31,33,theory_safety_fee_async
82,0.0,0.69,0.31,33,theory_safety_fee_async
83,0.0,0.69,0.31,33,theory_safety_fee_async
84,0.0,0.69,0.31,33,theory_safety_fee_async
85,0.0,0.69,0.31,33,theory_safety_fee_async
86,0.0,0.67,0.33,33,theory_safety_fee_async
87,0.0,0.67,0.33,33,theory_safety_fee_async
88,0.0,0.67,0.33,33,theory_safety_fee_async
89,0.0,0.67,0.33,33,theory_safety_fee_async
90,0.0,0.67,0.33,33,theory_safety_fee_async
91,0.0,0.67,0.33,33,theory_safety_fee_async
92,0.0,0.67,0.33,33,theory_safety_fee_async
93,0.0,0.67,0.33,33,theory_safety_fee_async
94,0.0,0.67,0.33,33,theory_safety_fee_async
95,0.0,0.67,0.33,33,theory_safety_fee_async
96,0.0,0.67,0.33,33,theory_safety_fee_async
97,0.0,0.67,0.33,33,theory_safety_fee_async
98,0.0,0.67,0.33,33,theory_safety_fee_async
99,0.0,0.67,0.33,33,theory_safety_fee_async
100,0.0,0.67,0.33,33,theory_safety_fee_async
0,0.0,0.94,0.06,34,simulation_safety_fee
1,0.0,0.89,0.11,34,simulation_safety_fee
2,0.0,0.845,0.155,34,simulation_safety_fee
3,0.0,0.81,0.19,34,simulation_safety_fee
4,0.0,0.765,0.235,34,simulation_safety_fee
5,0.0,0.73,0.27,34,simulation_safety_fee
6,0.0,0.695,0.305,34,simulation_safety_fee
7,0.0,0.67,0.33,34,simulation_safety_fee
8,0.0,0.67,0.33,34,simulation_safety_fee
9,0.0,0.655,0.345,34,simulation_safety_fee
10,0.0,0.655,0.345,34,simulation_safety_fee
11,0.0,0.655,0.345,34,simulation_safety_fee
12,0.0,0.655,0.345,34,simulation_safety_fee
13,0.0,0.655,0.345,34,simulation_safety_fee
0,0.0,0.94,0.06,34,theory_safety_fee
1,0.0,0.94,0.06,34,theory_safety_fee
2,0.0,0.94,0.06,34,theory_safety_fee
3,0.0,0.94,0.06,34,theory_safety_fee
4,0.0,0.94,0.06,34,theory_safety_fee
5,0.0,0.94,0.06,34,theory_safety_fee
6,0.0,0.94,0.06,34,theory_safety_fee
7,0.0,0.94,0.06,34,theory_safety_fee
8,0.0,0.94,0.06,34,theory_safety_fee
9,0.0,0.94,0.06,34,theory_safety_fee
10,0.0,0.94,0.06,34,theory_safety_fee
11,0.0,0.94,0.06,34,theory_safety_fee
12,0.0,0.94,0.06,34,theory_safety_fee
13,0.0,0.94,0.06,34,theory_safety_fee
14,0.0,0.94,0.06,34,theory_safety_fee
15,0.0,0.94,0.06,34,theory_safety_fee
16,0.0,0.94,0.06,34,theory_safety_fee
17,0.0,0.94,0.06,34,theory_safety_fee
18,0.0,0.94,0.06,34,theory_safety_fee
19,0.0,0.94,0.06,34,theory_safety_fee
20,0.0,0.94,0.06,34,theory_safety_fee
21,0.0,0.94,0.06,34,theory_safety_fee
22,0.0,0.94,0.06,34,theory_safety_fee
23,0.0,0.94,0.06,34,theory_safety_fee
24,0.0,0.94,0.06,34,theory_safety_fee
25,0.0,0.94,0.06,34,theory_safety_fee
26,0.0,0.94,0.06,34,theory_safety_fee
27,0.0,0.94,0.06,34,theory_safety_fee
28,0.0,0.94,0.06,34,theory_safety_fee
29,0.0,0.94,0.06,34,theory_safety_fee
30,0.0,0.94,0.06,34,theory_safety_fee
31,0.0,0.94,0.06,34,theory_safety_fee
32,0.0,0.94,0.06,34,theory_safety_fee
33,0.0,0.94,0.06,34,theory_safety_fee
34,0.0,0.94,0.06,34,theory_safety_fee
35,0.0,0.94,0.06,34,theory_safety_fee
36,0.0,0.94,0.06,34,theory_safety_fee
37,0.0,0.94,0.06,34,theory_safety_fee
38,0.0,0.94,0.06,34,theory_safety_fee
39,0.0,0.94,0.06,34,theory_safety_fee
40,0.0,0.94,0.06,34,theory_safety_fee
41,0.0,0.94,0.06,34,theory_safety_fee
42,0.0,0.94,0.06,34,theory_safety_fee
43,0.0,0.94,0.06,34,theory_safety_fee
44,0.0,0.94,0.06,34,theory_safety_fee
45,0.0,0.94,0.06,34,theory_safety_fee
46,0.0,0.94,0.06,34,theory_safety_fee
47,0.0,0.94,0.06,34,theory_safety_fee
48,0.0,0.94,0.06,34,theory_safety_fee
49,0.0,0.94,0.06,34,theory_safety_fee
50,0.0,0.94,0.06,34,theory_safety_fee
51,0.0,0.94,0.06,34,theory_safety_fee
52,0.0,0.94,0.06,34,theory_safety_fee
53,0.0,0.94,0.06,34,theory_safety_fee
54,0.0,0.94,0.06,34,theory_safety_fee
55,0.0,0.94,0.06,34,theory_safety_fee
56,0.0,0.94,0.06,34,theory_safety_fee
57,0.0,0.94,0.06,34,theory_safety_fee
58,0.0,0.94,0.06,34,theory_safety_fee
59,0.0,0.94,0.06,34,theory_safety_fee
60,0.0,0.94,0.06,34,theory_safety_fee
61,0.0,0.94,0.06,34,theory_safety_fee
62,0.0,0.94,0.06,34,theory_safety_fee
63,0.0,0.94,0.06,34,theory_safety_fee
64,0.0,0.94,0.06,34,theory_safety_fee
65,0.0,0.94,0.06,34,theory_safety_fee
66,0.0,0.94,0.06,34,theory_safety_fee
67,0.0,0.94,0.06,34,theory_safety_fee
68,0.0,0.94,0.06,34,theory_safety_fee
69,0.0,0.94,0.06,34,theory_safety_fee
70,0.0,0.94,0.06,34,theory_safety_fee
71,0.0,0.94,0.06,34,theory_safety_fee
72,0.0,0.94,0.06,34,theory_safety_fee
73,0.0,0.94,0.06,34,theory_safety_fee
74,0.0,0.94,0.06,34,theory_safety_fee
75,0.0,0.94,0.06,34,theory_safety_fee
76,0.0,0.94,0.06,34,theory_safety_fee
77,0.0,0.94,0.06,34,theory_safety_fee
78,0.0,0.94,0.06,34,theory_safety_fee
79,0.0,0.94,0.06,34,theory_safety_fee
80,0.0,0.94,0.06,34,theory_safety_fee
81,0.0,0.94,0.06,34,theory_safety_fee
82,0.0,0.94,0.06,34,theory_safety_fee
83,0.0,0.94,0.06,34,theory_safety_fee
84,0.0,0.94,0.06,34,theory_safety_fee
85,0.0,0.94,0.06,34,theory_safety_fee
86,0.0,0.94,0.06,34,theory_safety_fee
87,0.0,0.94,0.06,34,theory_safety_fee
88,0.0,0.94,0.06,34,theory_safety_fee
89,0.0,0.94,0.06,34,theory_safety_fee
90,0.0,0.94,0.06,34,theory_safety_fee
91,0.0,0.94,0.06,34,theory_safety_fee
92,0.0,0.94,0.06,34,theory_safety_fee
93,0.0,0.94,0.06,34,theory_safety_fee
94,0.0,0.94,0.06,34,theory_safety_fee
95,0.0,0.94,0.06,34,theory_safety_fee
96,0.0,0.94,0.06,34,theory_safety_fee
97,0.0,0.94,0.06,34,theory_safety_fee
98,0.0,0.94,0.06,34,theory_safety_fee
99,0.0,0.94,0.06,34,theory_safety_fee
100,0.0,0.94,0.06,34,theory_safety_fee
0,0.0,0.94,0.06,34,theory_safety_fee_async
1,0.0,0.89,0.11,34,theory_safety_fee_async
2,0.0,0.845,0.155,34,theory_safety_fee_async
3,0.0,0.81,0.19,34,theory_safety_fee_async
4,0.0,0.765,0.235,34,theory_safety_fee_async
5,0.0,0.73,0.27,34,theory_safety_fee_async
6,0.0,0.695,0.305,34,theory_safety_fee_async
7,0.0,0.67,0.33,34,theory_safety_fee_async
8,0.0,0.67,0.33,34,theory_safety_fee_async
9,0.0,0.655,0.345,34,theory_safety_fee_async
10,0.0,0.655,0.345,34,theory_safety_fee_async
11,0.0,0.655,0.345,34,theory_safety_fee_async
12,0.0,0.655,0.345,34,theory_safety_fee_async
13,0.0,0.655,0.345,34,theory_safety_fee_async
14,0.0,0.635,0.365,34,theory_safety_fee_async
15,0.0,0.635,0.365,34,theory_safety_fee_async
16,0.0,0.635,0.365,34,theory_safety_fee_async
17,0.0,0.635,0.365,34,theory_safety_fee_async
18,0.0,0.635,0.365,34,theory_safety_fee_async
19,0.0,0.635,0.365,34,theory_safety_fee_async
20,0.0,0.635,0.365,34,theory_safety_fee_async
21,0.0,0.635,0.365,34,theory_safety_fee_async
22,0.0,0.635,0.365,34,theory_safety_fee_async
23,0.0,0.635,0.365,34,theory_safety_fee_async
24,0.0,0.635,0.365,34,theory_safety_fee_async
25,0.0,0.635,0.365,34,theory_safety_fee_async
26,0.0,0.635,0.365,34,theory_safety_fee_async
27,0.0,0.635,0.365,34,theory_safety_fee_async
28,0.0,0.635,0.365,34,theory_safety_fee_async
29,0.0,0.635,0.365,34,theory_safety_fee_async
30,0.0,0.635,0.365,34,theory_safety_fee_async
31,0.0,0.635,0.365,34,theory_safety_fee_async
32,0.0,0.635,0.365,34,theory_safety_fee_async
33,0.0,0.635,0.365,34,theory_safety_fee_async
34,0.0,0.635,0.365,34,theory_safety_fee_async
35,0.0,0.635,0.365,34,theory_safety_fee_async
36,0.0,0.635,0.365,34,theory_safety_fee_async
37,0.0,0.635,0.365,34,theory_safety_fee_async
38,0.0,0.635,0.365,34,theory_safety_fee_async
39,0.0,0.635,0.365,34,theory_safety_fee_async
40,0.0,0.635,0.365,34,theory_safety_fee_async
41,0.0,0.635,0.365,34,theory_safety_fee_async
42,0.0,0.635,0.365,34,theory_safety_fee_async
43,0.0,0.635,0.365,34,theory_safety_fee_async
44,0.0,0.635,0.365,34,theory_safety_fee_async
45,0.0,0.635,0.365,34,theory_safety_fee_async
46,0.0,0.635,0.365,34,theory_safety_fee_async
47,0.0,0.635,0.365,34,theory_safety_fee_async
48,0.0,0.635,0.365,34,theory_safety_fee_async
49,0.0,0.635,0.365,34,theory_safety_fee_async
50,0.0,0.635,0.365,34,theory_safety_fee_async
51,0.0,0.635,0.365,34,theory_safety_fee_async
52,0.0,0.635,0.365,34,theory_safety_fee_async
53,0.0,0.635,0.365,34,theory_safety_fee_async
54,0.0,0.635,0.365,34,theory_safety_fee_async
55,0.0,0.635,0.365,34,theory_safety_fee_async
56,0.0,0.635,0.365,34,theory_safety_fee_async
57,0.0,0.635,0.365,34,theory_safety_fee_async
58,0.0,0.635,0.365,34,theory_safety_fee_async
59,0.0,0.635,0.365,34,theory_safety_fee_async
60,0.0,0.635,0.365,34,theory_safety_fee_async
61,0.0,0.635,0.365,34,theory_safety_fee_async
62,0.0,0.635,0.365,34,theory_safety_fee_async
63,0.0,0.635,0.365,34,theory_safety_fee_async
64,0.0,0.635,0.365,34,theory_safety_fee_async
65,0.0,0.635,0.365,34,theory_safety_fee_async
66,0.0,0.635,0.365,34,theory_safety_fee_async
67,0.0,0.635,0.365,34,theory_safety_fee_async
68,0.0,0.635,0.365,34,theory_safety_fee_async
69,0.0,0.635,0.365,34,theory_safety_fee_async
70,0.0,0.635,0.365,34,theory_safety_fee_async
71,0.0,0.635,0.365,34,theory_safety_fee_async
72,0.0,0.635,0.365,34,theory_safety_fee_async
73,0.0,0.635,0.365,34,theory_safety_fee_async
74,0.0,0.635,0.365,34,theory_safety_fee_async
75,0.0,0.635,0.365,34,theory_safety_fee_async
76,0.0,0.635,0.365,34,theory_safety_fee_async
77,0.0,0.635,0.365,34,theory_safety_fee_async
78,0.0,0.635,0.365,34,theory_safety_fee_async
79,0.0,0.635,0.365,34,theory_safety_fee_async
80,0.0,0.635,0.365,34,theory_safety_fee_async
81,0.0,0.635,0.365,34,theory_safety_fee_async
82,0.0,0.635,0.365,34,theory_safety_fee_async
83,0.0,0.635,0.365,34,theory_safety_fee_async
84,0.0,0.635,0.365,34,theory_safety_fee_async
85,0.0,0.635,0.365,34,theory_safety_fee_async
86,0.0,0.635,0.365,34,theory_safety_fee_async
87,0.0,0.635,0.365,34,theory_safety_fee_async
88,0.0,0.635,0.365,34,theory_safety_fee_async
89,0.0,0.635,0.365,34,theory_safety_fee_async
90,0.0,0.635,0.365,34,theory_safety_fee_async
91,0.0,0.635,0.365,34,theory_safety_fee_async
92,0.0,0.635,0.365,34,theory_safety_fee_async
93,0.0,0.635,0.365,34,theory_safety_fee_async
94,0.0,0.635,0.365,34,theory_safety_fee_async
95,0.0,0.635,0.365,34,theory_safety_fee_async
96,0.0,0.635,0.365,34,theory_safety_fee_async
97,0.0,0.635,0.365,34,theory_safety_fee_async
98,0.0,0.635,0.365,34,theory_safety_fee_async
99,0.0,0.635,0.365,34,theory_safety_fee_async
100,0.0,0.635,0.365,34,theory_safety_fee_async
0,0.0,0.94,0.06,35,simulation_safety_fee
1,0.0,0.89,0.11,35,simulation_safety_fee
2,0.0,0.85,0.15,35,simulation_safety_fee
3,0.0,0.805,0.195,35,simulation_safety_fee
4,0.0,0.765,0.235,35,simulation_safety_fee
5,0.0,0.725,0.275,35,simulation_safety_fee
6,0.0,0.71,0.29,35,simulation_safety_fee
7,0.0,0.68,0.32,35,simulation_safety_fee
8,0.0,0.68,0.32,35,simulation_safety_fee
9,0.0,0.65,0.35,35,simulation_safety_fee
10,0.0,0.65,0.35,35,simulation_safety_fee
11,0.0,0.65,0.35,35,simulation_safety_fee
12,0.0,0.65,0.35,35,simulation_safety_fee
13,0.0,0.65,0.35,35,simulation_safety_fee
0,0.0,0.94,0.06,35,theory_safety_fee
1,0.0,0.94,0.06,35,theory_safety_fee
2,0.0,0.94,0.06,35,theory_safety_fee
3,0.0,0.94,0.06,35,theory_safety_fee
4,0.0,0.94,0.06,35,theory_safety_fee
5,0.0,0.94,0.06,35,theory_safety_fee
6,0.0,0.94,0.06,35,theory_safety_fee
7,0.0,0.94,0.06,35,theory_safety_fee
8,0.0,0.94,0.06,35,theory_safety_fee
9,0.0,0.94,0.06,35,theory_safety_fee
10,0.0,0.94,0.06,35,theory_safety_fee
11,0.0,0.94,0.06,35,theory_safety_fee
12,0.0,0.94,0.06,35,theory_safety_fee
13,0.0,0.94,0.06,35,theory_safety_fee
14,0.0,0.94,0.06,35,theory_safety_fee
15,0.0,0.94,0.06,35,theory_safety_fee
16,0.0,0.94,0.06,35,theory_safety_fee
17,0.0,0.94,0.06,35,theory_safety_fee
18,0.0,0.94,0.06,35,theory_safety_fee
19,0.0,0.94,0.06,35,theory_safety_fee
20,0.0,0.94,0.06,35,theory_safety_fee
21,0.0,0.94,0.06,35,theory_safety_fee
22,0.0,0.94,0.06,35,theory_safety_fee
23,0.0,0.94,0.06,35,theory_safety_fee
24,0.0,0.94,0.06,35,theory_safety_fee
25,0.0,0.94,0.06,35,theory_safety_fee
26,0.0,0.94,0.06,35,theory_safety_fee
27,0.0,0.94,0.06,35,theory_safety_fee
28,0.0,0.94,0.06,35,theory_safety_fee
29,0.0,0.94,0.06,35,theory_safety_fee
30,0.0,0.94,0.06,35,theory_safety_fee
31,0.0,0.94,0.06,35,theory_safety_fee
32,0.0,0.94,0.06,35,theory_safety_fee
33,0.0,0.94,0.06,35,theory_safety_fee
34,0.0,0.94,0.06,35,theory_safety_fee
35,0.0,0.94,0.06,35,theory_safety_fee
36,0.0,0.94,0.06,35,theory_safety_fee
37,0.0,0.94,0.06,35,theory_safety_fee
38,0.0,0.94,0.06,35,theory_safety_fee
39,0.0,0.94,0.06,35,theory_safety_fee
40,0.0,0.94,0.06,35,theory_safety_fee
41,0.0,0.94,0.06,35,theory_safety_fee
42,0.0,0.94,0.06,35,theory_safety_fee
43,0.0,0.94,0.06,35,theory_safety_fee
44,0.0,0.94,0.06,35,theory_safety_fee
45,0.0,0.94,0.06,35,theory_safety_fee
46,0.0,0.94,0.06,35,theory_safety_fee
47,0.0,0.94,0.06,35,theory_safety_fee
48,0.0,0.94,0.06,35,theory_safety_fee
49,0.0,0.94,0.06,35,theory_safety_fee
50,0.0,0.94,0.06,35,theory_safety_fee
51,0.0,0.94,0.06,35,theory_safety_fee
52,0.0,0.94,0.06,35,theory_safety_fee
53,0.0,0.94,0.06,35,theory_safety_fee
54,0.0,0.94,0.06,35,theory_safety_fee
55,0.0,0.94,0.06,35,theory_safety_fee
56,0.0,0.94,0.06,35,theory_safety_fee
57,0.0,0.94,0.06,35,theory_safety_fee
58,0.0,0.94,0.06,35,theory_safety_fee
59,0.0,0.94,0.06,35,theory_safety_fee
60,0.0,0.94,0.06,35,theory_safety_fee
61,0.0,0.94,0.06,35,theory_safety_fee
62,0.0,0.94,0.06,35,theory_safety_fee
63,0.0,0.94,0.06,35,theory_safety_fee
64,0.0,0.94,0.06,35,theory_safety_fee
65,0.0,0.94,0.06,35,theory_safety_fee
66,0.0,0.94,0.06,35,theory_safety_fee
67,0.0,0.94,0.06,35,theory_safety_fee
68,0.0,0.94,0.06,35,theory_safety_fee
69,0.0,0.94,0.06,35,theory_safety_fee
70,0.0,0.94,0.06,35,theory_safety_fee
71,0.0,0.94,0.06,35,theory_safety_fee
72,0.0,0.94,0.06,35,theory_safety_fee
73,0.0,0.94,0.06,35,theory_safety_fee
74,0.0,0.94,0.06,35,theory_safety_fee
75,0.0,0.94,0.06,35,theory_safety_fee
76,0.0,0.94,0.06,35,theory_safety_fee
77,0.0,0.94,0.06,35,theory_safety_fee
78,0.0,0.94,0.06,35,theory_safety_fee
79,0.0,0.94,0.06,35,theory_safety_fee
80,0.0,0.94,0.06,35,theory_safety_fee
81,0.0,0.94,0.06,35,theory_safety_fee
82,0.0,0.94,0.06,35,theory_safety_fee
83,0.0,0.94,0.06,35,theory_safety_fee
84,0.0,0.94,0.06,35,theory_safety_fee
85,0.0,0.94,0.06,35,theory_safety_fee
86,0.0,0.94,0.06,35,theory_safety_fee
87,0.0,0.94,0.06,35,theory_safety_fee
88,0.0,0.94,0.06,35,theory_safety_fee
89,0.0,0.94,0.06,35,theory_safety_fee
90,0.0,0.94,0.06,35,theory_safety_fee
91,0.0,0.94,0.06,35,theory_safety_fee
92,0.0,0.94,0.06,35,theory_safety_fee
93,0.0,0.94,0.06,35,theory_safety_fee
94,0.0,0.94,0.06,35,theory_safety_fee
95,0.0,0.94,0.06,35,theory_safety_fee
96,0.0,0.94,0.06,35,theory_safety_fee
97,0.0,0.94,0.06,35,theory_safety_fee
98,0.0,0.94,0.06,35,theory_safety_fee
99,0.0,0.94,0.06,35,theory_safety_fee
100,0.0,0.94,0.06,35,theory_safety_fee
0,0.0,0.94,0.06,35,theory_safety_fee_async
1,0.0,0.89,0.11,35,theory_safety_fee_async
2,0.0,0.85,0.15,35,theory_safety_fee_async
3,0.0,0.805,0.195,35,theory_safety_fee_async
4,0.0,0.765,0.235,35,theory_safety_fee_async
5,0.0,0.725,0.275,35,theory_safety_fee_async
6,0.0,0.71,0.29,35,theory_safety_fee_async
7,0.0,0.68,0.32,35,theory_safety_fee_async
8,0.0,0.68,0.32,35,theory_safety_fee_async
9,0.0,0.65,0.35,35,theory_safety_fee_async
10,0.0,0.65,0.35,35,theory_safety_fee_async
11,0.0,0.65,0.35,35,theory_safety_fee_async
12,0.0,0.65,0.35,35,theory_safety_fee_async
13,0.0,0.65,0.35,35,theory_safety_fee_async
14,0.0,0.65,0.35,35,theory_safety_fee_async
15,0.0,0.65,0.35,35,theory_safety_fee_async
16,0.0,0.65,0.35,35,theory_safety_fee_async
17,0.0,0.65,0.35,35,theory_safety_fee_async
18,0.0,0.65,0.35,35,theory_safety_fee_async
19,0.0,0.65,0.35,35,theory_safety_fee_async
20,0.0,0.65,0.35,35,theory_safety_fee_async
21,0.0,0.65,0.35,35,theory_safety_fee_async
22,0.0,0.65,0.35,35,theory_safety_fee_async
23,0.0,0.65,0.35,35,theory_safety_fee_async
24,0.0,0.635,0.365,35,theory_safety_fee_async
25,0.0,0.635,0.365,35,theory_safety_fee_async
26,0.0,0.635,0.365,35,theory_safety_fee_async
27,0.0,0.635,0.365,35,theory_safety_fee_async
28,0.0,0.635,0.365,35,theory_safety_fee_async
29,0.0,0.635,0.365,35,theory_safety_fee_async
30,0.0,0.635,0.365,35,theory_safety_fee_async
31,0.0,0.635,0.365,35,theory_safety_fee_async
32,0.0,0.635,0.365,35,theory_safety_fee_async
33,0.0,0.635,0.365,35,theory_safety_fee_async
34,0.0,0.635,0.365,35,theory_safety_fee_async
35,0.0,0.635,0.365,35,theory_safety_fee_async
36,0.0,0.635,0.365,35,theory_safety_fee_async
37,0.0,0.635,0.365,35,theory_safety_fee_async
38,0.0,0.635,0.365,35,theory_safety_fee_async
39,0.0,0.635,0.365,35,theory_safety_fee_async
40,0.0,0.635,0.365,35,theory_safety_fee_async
41,0.0,0.635,0.365,35,theory_safety_fee_async
42,0.0,0.635,0.365,35,theory_safety_fee_async
43,0.0,0.635,0.365,35,theory_safety_fee_async
44,0.0,0.635,0.365,35,theory_safety_fee_async
45,0.0,0.635,0.365,35,theory_safety_fee_async
46,0.0,0.635,0.365,35,theory_safety_fee_async
47,0.0,0.635,0.365,35,theory_safety_fee_async
48,0.0,0.635,0.365,35,theory_safety_fee_async
49,0.0,0.635,0.365,35,theory_safety_fee_async
50,0.0,0.635,0.365,35,theory_safety_fee_async
51,0.0,0.635,0.365,35,theory_safety_fee_async
52,0.0,0.635,0.365,35,theory_safety_fee_async
53,0.0,0.635,0.365,35,theory_safety_fee_async
54,0.0,0.635,0.365,35,theory_safety_fee_async
55,0.0,0.635,0.365,35,theory_safety_fee_async
56,0.0,0.635,0.365,35,theory_safety_fee_async
57,0.0,0.635,0.365,35,theory_safety_fee_async
58,0.0,0.635,0.365,35,theory_safety_fee_async
59,0.0,0.635,0.365,35,theory_safety_fee_async
60,0.0,0.635,0.365,35,theory_safety_fee_async
61,0.0,0.635,0.365,35,theory_safety_fee_async
62,0.0,0.635,0.365,35,theory_safety_fee_async
63,0.0,0.635,0.365,35,theory_safety_fee_async
64,0.0,0.635,0.365,35,theory_safety_fee_async
65,0.0,0.635,0.365,35,theory_safety_fee_async
66,0.0,0.635,0.365,35,theory_safety_fee_async
67,0.0,0.635,0.365,35,theory_safety_fee_async
68,0.0,0.635,0.365,35,theory_safety_fee_async
69,0.0,0.635,0.365,35,theory_safety_fee_async
70,0.0,0.635,0.365,35,theory_safety_fee_async
71,0.0,0.635,0.365,35,theory_safety_fee_async
72,0.0,0.635,0.365,35,theory_safety_fee_async
73,0.0,0.635,0.365,35,theory_safety_fee_async
74,0.0,0.635,0.365,35,theory_safety_fee_async
75,0.0,0.635,0.365,35,theory_safety_fee_async
76,0.0,0.635,0.365,35,theory_safety_fee_async
77,0.0,0.635,0.365,35,theory_safety_fee_async
78,0.0,0.635,0.365,35,theory_safety_fee_async
79,0.0,0.635,0.365,35,theory_safety_fee_async
80,0.0,0.635,0.365,35,theory_safety_fee_async
81,0.0,0.635,0.365,35,theory_safety_fee_async
82,0.0,0.635,0.365,35,theory_safety_fee_async
83,0.0,0.635,0.365,35,theory_safety_fee_async
84,0.0,0.635,0.365,35,theory_safety_fee_async
85,0.0,0.635,0.365,35,theory_safety_fee_async
86,0.0,0.635,0.365,35,theory_safety_fee_async
87,0.0,0.635,0.365,35,theory_safety_fee_async
88,0.0,0.635,0.365,35,theory_safety_fee_async
89,0.0,0.635,0.365,35,theory_safety_fee_async
90,0.0,0.635,0.365,35,theory_safety_fee_async
91,0.0,0.635,0.365,35,theory_safety_fee_async
92,0.0,0.635,0.365,35,theory_safety_fee_async
93,0.0,0.635,0.365,35,theory_safety_fee_async
94,0.0,0.635,0.365,35,theory_safety_fee_async
95,0.0,0.635,0.365,35,theory_safety_fee_async
96,0.0,0.635,0.365,35,theory_safety_fee_async
97,0.0,0.635,0.365,35,theory_safety_fee_async
98,0.0,0.635,0.365,35,theory_safety_fee_async
99,0.0,0.635,0.365,35,theory_safety_fee_async
100,0.0,0.635,0.365,35,theory_safety_fee_async
