t,share_N,share_E,share_F,run_id,source
0,0.0,1.0,0.0,0,simulation
1,0.0,1.0,0.0,0,simulation
2,0.005,0.995,0.0,0,simulation
3,0.01,0.99,0.0,0,simulation
4,0.015,0.985,0.0,0,simulation
0,0.0,1.0,0.0,0,theory_closure
1,0.125,0.875,0.0,0,theory_closure
2,0.125,0.875,0.0,0,theory_closure
3,0.125,0.875,0.0,0,theory_closure
4,0.125,0.875,0.0,0,theory_closure
5,0.125,0.875,0.0,0,theory_closure
6,0.125,0.875,0.0,0,theory_closure
7,0.125,0.875,0.0,0,theory_closure
8,0.125,0.875,0.0,0,theory_closure
9,0.125,0.875,0.0,0,theory_closure
10,0.125,0.875,0.0,0,theory_closure
11,0.125,0.875,0.0,0,theory_closure
12,0.125,0.875,0.0,0,theory_closure
13,0.125,0.875,0.0,0,theory_closure
14,0.125,0.875,0.0,0,theory_closure
15,0.125,0.875,0.0,0,theory_closure
16,0.125,0.875,0.0,0,theory_closure
17,0.125,0.875,0.0,0,theory_closure
18,0.125,0.875,0.0,0,theory_closure
19,0.125,0.875,0.0,0,theory_closure
20,0.125,0.875,0.0,0,theory_closure
21,0.125,0.875,0.0,0,theory_closure
22,0.125,0.875,0.0,0,theory_closure
23,0.125,0.875,0.0,0,theory_closure
24,0.125,0.875,0.0,0,theory_closure
25,0.125,0.875,0.0,0,theory_closure
26,0.125,0.875,0.0,0,theory_closure
27,0.125,0.875,0.0,0,theory_closure
28,0.125,0.875,0.0,0,theory_closure
29,0.125,0.875,0.0,0,theory_closure
30,0.125,0.875,0.0,0,theory_closure
31,0.125,0.875,0.0,0,theory_closure
32,0.125,0.875,0.0,0,theory_closure
33,0.125,0.875,0.0,0,theory_closure
34,0.125,0.875,0.0,0,theory_closure
35,0.125,0.875,0.0,0,theory_closure
36,0.125,0.875,0.0,0,theory_closure
37,0.125,0.875,0.0,0,theory_closure
38,0.125,0.875,0.0,0,theory_closure
39,0.125,0.875,0.0,0,theory_closure
40,0.125,0.875,0.0,0,theory_closure
41,0.125,0.875,0.0,0,theory_closure
42,0.125,0.875,0.0,0,theory_closure
43,0.125,0.875,0.0,0,theory_closure
44,0.125,0.875,0.0,0,theory_closure
45,0.125,0.875,0.0,0,theory_closure
46,0.125,0.875,0.0,0,theory_closure
47,0.125,0.875,0.0,0,theory_closure
48,0.125,0.875,0.0,0,theory_closure
49,0.125,0.875,0.0,0,theory_closure
50,0.125,0.875,0.0,0,theory_closure
51,0.125,0.875,0.0,0,theory_closure
52,0.125,0.875,0.0,0,theory_closure
53,0.125,0.875,0.0,0,theory_closure
54,0.125,0.875,0.0,0,theory_closure
55,0.125,0.875,0.0,0,theory_closure
56,0.125,0.875,0.0,0,theory_closure
57,0.125,0.875,0.0,0,theory_closure
58,0.125,0.875,0.0,0,theory_closure
59,0.125,0.875,0.0,0,theory_closure
60,0.125,0.875,0.0,0,theory_closure
61,0.125,0.875,0.0,0,theory_closure
62,0.125,0.875,0.0,0,theory_closure
63,0.125,0.875,0.0,0,theory_closure
64,0.125,0.875,0.0,0,theory_closure
65,0.125,0.875,0.0,0,theory_closure
66,0.125,0.875,0.0,0,theory_closure
67,0.125,0.875,0.0,0,theory_closure
68,0.125,0.875,0.0,0,theory_closure
69,0.125,0.875,0.0,0,theory_closure
70,0.125,0.875,0.0,0,theory_closure
71,0.125,0.875,0.0,0,theory_closure
72,0.125,0.875,0.0,0,theory_closure
73,0.125,0.875,0.0,0,theory_closure
74,0.125,0.875,0.0,0,theory_closure
75,0.125,0.875,0.0,0,theory_closure
76,0.125,0.875,0.0,0,theory_closure
77,0.125,0.875,0.0,0,theory_closure
78,0.125,0.875,0.0,0,theory_closure
79,0.125,0.875,0.0,0,theory_closure
80,0.125,0.875,0.0,0,theory_closure
81,0.125,0.875,0.0,0,theory_closure
82,0.125,0.875,0.0,0,theory_closure
83,0.125,0.875,0.0,0,theory_closure
84,0.125,0.875,0.0,0,theory_closure
85,0.125,0.875,0.0,0,theory_closure
86,0.125,0.875,0.0,0,theory_closure
87,0.125,0.875,0.0,0,theory_closure
88,0.125,0.875,0.0,0,theory_closure
89,0.125,0.875,0.0,0,theory_closure
90,0.125,0.875,0.0,0,theory_closure
91,0.125,0.875,0.0,0,theory_closure
92,0.125,0.875,0.0,0,theory_closure
93,0.125,0.875,0.0,0,theory_closure
94,0.125,0.875,0.0,0,theory_closure
95,0.125,0.875,0.0,0,theory_closure
96,0.125,0.875,0.0,0,theory_closure
97,0.125,0.875,0.0,0,theory_closure
98,0.125,0.875,0.0,0,theory_closure
99,0.125,0.875,0.0,0,theory_closure
100,0.125,0.875,0.0,0,theory_closure
0,0.0,1.0,0.0,1,simulation
1,0.015,0.985,0.0,1,simulation
2,0.025,0.975,0.0,1,simulation
3,0.035,0.965,0.0,1,simulation
4,0.035,0.965,0.0,1,simulation
0,0.0,1.0,0.0,1,theory_closure
1,0.16,0.84,0.0,1,theory_closure
2,0.16,0.84,0.0,1,theory_closure
3,0.16,0.84,0.0,1,theory_closure
4,0.16,0.84,0.0,1,theory_closure
5,0.16,0.84,0.0,1,theory_closure
6,0.16,0.84,0.0,1,theory_closure
7,0.16,0.84,0.0,1,theory_closure
8,0.16,0.84,0.0,1,theory_closure
9,0.16,0.84,0.0,1,theory_closure
10,0.16,0.84,0.0,1,theory_closure
11,0.16,0.84,0.0,1,theory_closure
12,0.16,0.84,0.0,1,theory_closure
13,0.16,0.84,0.0,1,theory_closure
14,0.16,0.84,0.0,1,theory_closure
15,0.16,0.84,0.0,1,theory_closure
16,0.16,0.84,0.0,1,theory_closure
17,0.16,0.84,0.0,1,theory_closure
18,0.16,0.84,0.0,1,theory_closure
19,0.16,0.84,0.0,1,theory_closure
20,0.16,0.84,0.0,1,theory_closure
21,0.16,0.84,0.0,1,theory_closure
22,0.16,0.84,0.0,1,theory_closure
23,0.16,0.84,0.0,1,theory_closure
24,0.16,0.84,0.0,1,theory_closure
25,0.16,0.84,0.0,1,theory_closure
26,0.16,0.84,0.0,1,theory_closure
27,0.16,0.84,0.0,1,theory_closure
28,0.16,0.84,0.0,1,theory_closure
29,0.16,0.84,0.0,1,theory_closure
30,0.16,0.84,0.0,1,theory_closure
31,0.16,0.84,0.0,1,theory_closure
32,0.16,0.84,0.0,1,theory_closure
33,0.16,0.84,0.0,1,theory_closure
34,0.16,0.84,0.0,1,theory_closure
35,0.16,0.84,0.0,1,theory_closure
36,0.16,0.84,0.0,1,theory_closure
37,0.16,0.84,0.0,1,theory_closure
38,0.16,0.84,0.0,1,theory_closure
39,0.16,0.84,0.0,1,theory_closure
40,0.16,0.84,0.0,1,theory_closure
41,0.16,0.84,0.0,1,theory_closure
42,0.16,0.84,0.0,1,theory_closure
43,0.16,0.84,0.0,1,theory_closure
44,0.16,0.84,0.0,1,theory_closure
45,0.16,0.84,0.0,1,theory_closure
46,0.16,0.84,0.0,1,theory_closure
47,0.16,0.84,0.0,1,theory_closure
48,0.16,0.84,0.0,1,theory_closure
49,0.16,0.84,0.0,1,theory_closure
50,0.16,0.84,0.0,1,theory_closure
51,0.16,0.84,0.0,1,theory_closure
52,0.16,0.84,0.0,1,theory_closure
53,0.16,0.84,0.0,1,theory_closure
54,0.16,0.84,0.0,1,theory_closure
55,0.16,0.84,0.0,1,theory_closure
56,0.16,0.84,0.0,1,theory_closure
57,0.16,0.84,0.0,1,theory_closure
58,0.16,0.84,0.0,1,theory_closure
59,0.16,0.84,0.0,1,theory_closure
60,0.16,0.84,0.0,1,theory_closure
61,0.16,0.84,0.0,1,theory_closure
62,0.16,0.84,0.0,1,theory_closure
63,0.16,0.84,0.0,1,theory_closure
64,0.16,0.84,0.0,1,theory_closure
65,0.16,0.84,0.0,1,theory_closure
66,0.16,0.84,0.0,1,theory_closure
67,0.16,0.84,0.0,1,theory_closure
68,0.16,0.84,0.0,1,theory_closure
69,0.16,0.84,0.0,1,theory_closure
70,0.16,0.84,0.0,1,theory_closure
71,0.16,0.84,0.0,1,theory_closure
72,0.16,0.84,0.0,1,theory_closure
73,0.16,0.84,0.0,1,theory_closure
74,0.16,0.84,0.0,1,theory_closure
75,0.16,0.84,0.0,1,theory_closure
76,0.16,0.84,0.0,1,theory_closure
77,0.16,0.84,0.0,1,theory_closure
78,0.16,0.84,0.0,1,theory_closure
79,0.16,0.84,0.0,1,theory_closure
80,0.16,0.84,0.0,1,theory_closure
81,0.16,0.84,0.0,1,theory_closure
82,0.16,0.84,0.0,1,theory_closure
83,0.16,0.84,0.0,1,theory_closure
84,0.16,0.84,0.0,1,theory_closure
85,0.16,0.84,0.0,1,theory_closure
86,0.16,0.84,0.0,1,theory_closure
87,0.16,0.84,0.0,1,theory_closure
88,0.16,0.84,0.0,1,theory_closure
89,0.16,0.84,0.0,1,theory_closure
90,0.16,0.84,0.0,1,theory_closure
91,0.16,0.84,0.0,1,theory_closure
92,0.16,0.84,0.0,1,theory_closure
93,0.16,0.84,0.0,1,theory_closure
94,0.16,0.84,0.0,1,theory_closure
95,0.16,0.84,0.0,1,theory_closure
96,0.16,0.84,0.0,1,theory_closure
97,0.16,0.84,0.0,1,theory_closure
98,0.16,0.84,0.0,1,theory_closure
99,0.16,0.84,0.0,1,theory_closure
100,0.16,0.84,0.0,1,theory_closure
0,0.0,1.0,0.0,2,simulation
1,0.0,1.0,0.0,2,simulation
2,0.01,0.99,0.0,2,simulation
3,0.01,0.99,0.0,2,simulation
4,0.01,0.99,0.0,2,simulation
0,0.0,1.0,0.0,2,theory_closure
1,0.075,0.925,0.0,2,theory_closure
2,0.075,0.925,0.0,2,theory_closure
3,0.075,0.925,0.0,2,theory_closure
4,0.075,0.925,0.0,2,theory_closure
5,0.075,0.925,0.0,2,theory_closure
6,0.075,0.925,0.0,2,theory_closure
7,0.075,0.925,0.0,2,theory_closure
8,0.075,0.925,0.0,2,theory_closure
9,0.075,0.925,0.0,2,theory_closure
10,0.075,0.925,0.0,2,theory_closure
11,0.075,0.925,0.0,2,theory_closure
12,0.075,0.925,0.0,2,theory_closure
13,0.075,0.925,0.0,2,theory_closure
14,0.075,0.925,0.0,2,theory_closure
15,0.075,0.925,0.0,2,theory_closure
16,0.075,0.925,0.0,2,theory_closure
17,0.075,0.925,0.0,2,theory_closure
18,0.075,0.925,0.0,2,theory_closure
19,0.075,0.925,0.0,2,theory_closure
20,0.075,0.925,0.0,2,theory_closure
21,0.075,0.925,0.0,2,theory_closure
22,0.075,0.925,0.0,2,theory_closure
23,0.075,0.925,0.0,2,theory_closure
24,0.075,0.925,0.0,2,theory_closure
25,0.075,0.925,0.0,2,theory_closure
26,0.075,0.925,0.0,2,theory_closure
27,0.075,0.925,0.0,2,theory_closure
28,0.075,0.925,0.0,2,theory_closure
29,0.075,0.925,0.0,2,theory_closure
30,0.075,0.925,0.0,2,theory_closure
31,0.075,0.925,0.0,2,theory_closure
32,0.075,0.925,0.0,2,theory_closure
33,0.075,0.925,0.0,2,theory_closure
34,0.075,0.925,0.0,2,theory_closure
35,0.075,0.925,0.0,2,theory_closure
36,0.075,0.925,0.0,2,theory_closure
37,0.075,0.925,0.0,2,theory_closure
38,0.075,0.925,0.0,2,theory_closure
39,0.075,0.925,0.0,2,theory_closure
40,0.075,0.925,0.0,2,theory_closure
41,0.075,0.925,0.0,2,theory_closure
42,0.075,0.925,0.0,2,theory_closure
43,0.075,0.925,0.0,2,theory_closure
44,0.075,0.925,0.0,2,theory_closure
45,0.075,0.925,0.0,2,theory_closure
46,0.075,0.925,0.0,2,theory_closure
47,0.075,0.925,0.0,2,theory_closure
48,0.075,0.925,0.0,2,theory_closure
49,0.075,0.925,0.0,2,theory_closure
50,0.075,0.925,0.0,2,theory_closure
51,0.075,0.925,0.0,2,theory_closure
52,0.075,0.925,0.0,2,theory_closure
53,0.075,0.925,0.0,2,theory_closure
54,0.075,0.925,0.0,2,theory_closure
55,0.075,0.925,0.0,2,theory_closure
56,0.075,0.925,0.0,2,theory_closure
57,0.075,0.925,0.0,2,theory_closure
58,0.075,0.925,0.0,2,theory_closure
59,0.075,0.925,0.0,2,theory_closure
60,0.075,0.925,0.0,2,theory_closure
61,0.075,0.925,0.0,2,theory_closure
62,0.075,0.925,0.0,2,theory_closure
63,0.075,0.925,0.0,2,theory_closure
64,0.075,0.925,0.0,2,theory_closure
65,0.075,0.925,0.0,2,theory_closure
66,0.075,0.925,0.0,2,theory_closure
67,0.075,0.925,0.0,2,theory_closure
68,0.075,0.925,0.0,2,theory_closure
69,0.075,0.925,0.0,2,theory_closure
70,0.075,0.925,0.0,2,theory_closure
71,0.075,0.925,0.0,2,theory_closure
72,0.075,0.925,0.0,2,theory_closure
73,0.075,0.925,0.0,2,theory_closure
74,0.075,0.925,0.0,2,theory_closure
75,0.075,0.925,0.0,2,theory_closure
76,0.075,0.925,0.0,2,theory_closure
77,0.075,0.925,0.0,2,theory_closure
78,0.075,0.925,0.0,2,theory_closure
79,0.075,0.925,0.0,2,theory_closure
80,0.075,0.925,0.0,2,theory_closure
81,0.075,0.925,0.0,2,theory_closure
82,0.075,0.925,0.0,2,theory_closure
83,0.075,0.925,0.0,2,theory_closure
84,0.075,0.925,0.0,2,theory_closure
85,0.075,0.925,0.0,2,theory_closure
86,0.075,0.925,0.0,2,theory_closure
87,0.075,0.925,0.0,2,theory_closure
88,0.075,0.925,0.0,2,theory_closure
89,0.075,0.925,0.0,2,theory_closure
90,0.075,0.925,0.0,2,theory_closure
91,0.075,0.925,0.0,2,theory_closure
92,0.075,0.925,0.0,2,theory_closure
93,0.075,0.925,0.0,2,theory_closure
94,0.075,0.925,0.0,2,theory_closure
95,0.075,0.925,0.0,2,theory_closure
96,0.075,0.925,0.0,2,theory_closure
97,0.075,0.925,0.0,2,theory_closure
98,0.075,0.925,0.0,2,theory_closure
99,0.075,0.925,0.0,2,theory_closure
100,0.075,0.925,0.0,2,theory_closure
0,0.0,1.0,0.0,3,simulation
1,0.01,0.99,0.0,3,simulation
2,0.015,0.985,0.0,3,simulation
3,0.02,0.98,0.0,3,simulation
4,0.02,0.98,0.0,3,simulation
0,0.0,1.0,0.0,3,theory_closure
1,0.13,0.87,0.0,3,theory_closure
2,0.13,0.87,0.0,3,theory_closure
3,0.13,0.87,0.0,3,theory_closure
4,0.13,0.87,0.0,3,theory_closure
5,0.13,0.87,0.0,3,theory_closure
6,0.13,0.87,0.0,3,theory_closure
7,0.13,0.87,0.0,3,theory_closure
8,0.13,0.87,0.0,3,theory_closure
9,0.13,0.87,0.0,3,theory_closure
10,0.13,0.87,0.0,3,theory_closure
11,0.13,0.87,0.0,3,theory_closure
12,0.13,0.87,0.0,3,theory_closure
13,0.13,0.87,0.0,3,theory_closure
14,0.13,0.87,0.0,3,theory_closure
15,0.13,0.87,0.0,3,theory_closure
16,0.13,0.87,0.0,3,theory_closure
17,0.13,0.87,0.0,3,theory_closure
18,0.13,0.87,0.0,3,theory_closure
19,0.13,0.87,0.0,3,theory_closure
20,0.13,0.87,0.0,3,theory_closure
21,0.13,0.87,0.0,3,theory_closure
22,0.13,0.87,0.0,3,theory_closure
23,0.13,0.87,0.0,3,theory_closure
24,0.13,0.87,0.0,3,theory_closure
25,0.13,0.87,0.0,3,theory_closure
26,0.13,0.87,0.0,3,theory_closure
27,0.13,0.87,0.0,3,theory_closure
28,0.13,0.87,0.0,3,theory_closure
29,0.13,0.87,0.0,3,theory_closure
30,0.13,0.87,0.0,3,theory_closure
31,0.13,0.87,0.0,3,theory_closure
32,0.13,0.87,0.0,3,theory_closure
33,0.13,0.87,0.0,3,theory_closure
34,0.13,0.87,0.0,3,theory_closure
35,0.13,0.87,0.0,3,theory_closure
36,0.13,0.87,0.0,3,theory_closure
37,0.13,0.87,0.0,3,theory_closure
38,0.13,0.87,0.0,3,theory_closure
39,0.13,0.87,0.0,3,theory_closure
40,0.13,0.87,0.0,3,theory_closure
41,0.13,0.87,0.0,3,theory_closure
42,0.13,0.87,0.0,3,theory_closure
43,0.13,0.87,0.0,3,theory_closure
44,0.13,0.87,0.0,3,theory_closure
45,0.13,0.87,0.0,3,theory_closure
46,0.13,0.87,0.0,3,theory_closure
47,0.13,0.87,0.0,3,theory_closure
48,0.13,0.87,0.0,3,theory_closure
49,0.13,0.87,0.0,3,theory_closure
50,0.13,0.87,0.0,3,theory_closure
51,0.13,0.87,0.0,3,theory_closure
52,0.13,0.87,0.0,3,theory_closure
53,0.13,0.87,0.0,3,theory_closure
54,0.13,0.87,0.0,3,theory_closure
55,0.13,0.87,0.0,3,theory_closure
56,0.13,0.87,0.0,3,theory_closure
57,0.13,0.87,0.0,3,theory_closure
58,0.13,0.87,0.0,3,theory_closure
59,0.13,0.87,0.0,3,theory_closure
60,0.13,0.87,0.0,3,theory_closure
61,0.13,0.87,0.0,3,theory_closure
62,0.13,0.87,0.0,3,theory_closure
63,0.13,0.87,0.0,3,theory_closure
64,0.13,0.87,0.0,3,theory_closure
65,0.13,0.87,0.0,3,theory_closure
66,0.13,0.87,0.0,3,theory_closure
67,0.13,0.87,0.0,3,theory_closure
68,0.13,0.87,0.0,3,theory_closure
69,0.13,0.87,0.0,3,theory_closure
70,0.13,0.87,0.0,3,theory_closure
71,0.13,0.87,0.0,3,theory_closure
72,0.13,0.87,0.0,3,theory_closure
73,0.13,0.87,0.0,3,theory_closure
74,0.13,0.87,0.0,3,theory_closure
75,0.13,0.87,0.0,3,theory_closure
76,0.13,0.87,0.0,3,theory_closure
77,0.13,0.87,0.0,3,theory_closure
78,0.13,0.87,0.0,3,theory_closure
79,0.13,0.87,0.0,3,theory_closure
80,0.13,0.87,0.0,3,theory_closure
81,0.13,0.87,0.0,3,theory_closure
82,0.13,0.87,0.0,3,theory_closure
83,0.13,0.87,0.0,3,theory_closure
84,0.13,0.87,0.0,3,theory_closure
85,0.13,0.87,0.0,3,theory_closure
86,0.13,0.87,0.0,3,theory_closure
87,0.13,0.87,0.0,3,theory_closure
88,0.13,0.87,0.0,3,theory_closure
89,0.13,0.87,0.0,3,theory_closure
90,0.13,0.87,0.0,3,theory_closure
91,0.13,0.87,0.0,3,theory_closure
92,0.13,0.87,0.0,3,theory_closure
93,0.13,0.87,0.0,3,theory_closure
94,0.13,0.87,0.0,3,theory_closure
95,0.13,0.87,0.0,3,theory_closure
96,0.13,0.87,0.0,3,theory_closure
97,0.13,0.87,0.0,3,theory_closure
98,0.13,0.87,0.0,3,theory_closure
99,0.13,0.87,0.0,3,theory_closure
100,0.13,0.87,0.0,3,theory_closure
0,0.0,1.0,0.0,4,simulation
1,0.005,0.995,0.0,4,simulation
2,0.01,0.99,0.0,4,simulation
3,0.025,0.975,0.0,4,simulation
4,0.03,0.97,0.0,4,simulation
0,0.0,1.0,0.0,4,theory_closure
1,0.145,0.855,0.0,4,theory_closure
2,0.145,0.855,0.0,4,theory_closure
3,0.145,0.855,0.0,4,theory_closure
4,0.145,0.855,0.0,4,theory_closure
5,0.145,0.855,0.0,4,theory_closure
6,0.145,0.855,0.0,4,theory_closure
7,0.145,0.855,0.0,4,theory_closure
8,0.145,0.855,0.0,4,theory_closure
9,0.145,0.855,0.0,4,theory_closure
10,0.145,0.855,0.0,4,theory_closure
11,0.145,0.855,0.0,4,theory_closure
12,0.145,0.855,0.0,4,theory_closure
13,0.145,0.855,0.0,4,theory_closure
14,0.145,0.855,0.0,4,theory_closure
15,0.145,0.855,0.0,4,theory_closure
16,0.145,0.855,0.0,4,theory_closure
17,0.145,0.855,0.0,4,theory_closure
18,0.145,0.855,0.0,4,theory_closure
19,0.145,0.855,0.0,4,theory_closure
20,0.145,0.855,0.0,4,theory_closure
21,0.145,0.855,0.0,4,theory_closure
22,0.145,0.855,0.0,4,theory_closure
23,0.145,0.855,0.0,4,theory_closure
24,0.145,0.855,0.0,4,theory_closure
25,0.145,0.855,0.0,4,theory_closure
26,0.145,0.855,0.0,4,theory_closure
27,0.145,0.855,0.0,4,theory_closure
28,0.145,0.855,0.0,4,theory_closure
29,0.145,0.855,0.0,4,theory_closure
30,0.145,0.855,0.0,4,theory_closure
31,0.145,0.855,0.0,4,theory_closure
32,0.145,0.855,0.0,4,theory_closure
33,0.145,0.855,0.0,4,theory_closure
34,0.145,0.855,0.0,4,theory_closure
35,0.145,0.855,0.0,4,theory_closure
36,0.145,0.855,0.0,4,theory_closure
37,0.145,0.855,0.0,4,theory_closure
38,0.145,0.855,0.0,4,theory_closure
39,0.145,0.855,0.0,4,theory_closure
40,0.145,0.855,0.0,4,theory_closure
41,0.145,0.855,0.0,4,theory_closure
42,0.145,0.855,0.0,4,theory_closure
43,0.145,0.855,0.0,4,theory_closure
44,0.145,0.855,0.0,4,theory_closure
45,0.145,0.855,0.0,4,theory_closure
46,0.145,0.855,0.0,4,theory_closure
47,0.145,0.855,0.0,4,theory_closure
48,0.145,0.855,0.0,4,theory_closure
49,0.145,0.855,0.0,4,theory_closure
50,0.145,0.855,0.0,4,theory_closure
51,0.145,0.855,0.0,4,theory_closure
52,0.145,0.855,0.0,4,theory_closure
53,0.145,0.855,0.0,4,theory_closure
54,0.145,0.855,0.0,4,theory_closure
55,0.145,0.855,0.0,4,theory_closure
56,0.145,0.855,0.0,4,theory_closure
57,0.145,0.855,0.0,4,theory_closure
58,0.145,0.855,0.0,4,theory_closure
59,0.145,0.855,0.0,4,theory_closure
60,0.145,0.855,0.0,4,theory_closure
61,0.145,0.855,0.0,4,theory_closure
62,0.145,0.855,0.0,4,theory_closure
63,0.145,0.855,0.0,4,theory_closure
64,0.145,0.855,0.0,4,theory_closure
65,0.145,0.855,0.0,4,theory_closure
66,0.145,0.855,0.0,4,theory_closure
67,0.145,0.855,0.0,4,theory_closure
68,0.145,0.855,0.0,4,theory_closure
69,0.145,0.855,0.0,4,theory_closure
70,0.145,0.855,0.0,4,theory_closure
71,0.145,0.855,0.0,4,theory_closure
72,0.145,0.855,0.0,4,theory_closure
73,0.145,0.855,0.0,4,theory_closure
74,0.145,0.855,0.0,4,theory_closure
75,0.145,0.855,0.0,4,theory_closure
76,0.145,0.855,0.0,4,theory_closure
77,0.145,0.855,0.0,4,theory_closure
78,0.145,0.855,0.0,4,theory_closure
79,0.145,0.855,0.0,4,theory_closure
80,0.145,0.855,0.0,4,theory_closure
81,0.145,0.855,0.0,4,theory_closure
82,0.145,0.855,0.0,4,theory_closure
83,0.145,0.855,0.0,4,theory_closure
84,0.145,0.855,0.0,4,theory_closure
85,0.145,0.855,0.0,4,theory_closure
86,0.145,0.855,0.0,4,theory_closure
87,0.145,0.855,0.0,4,theory_closure
88,0.145,0.855,0.0,4,theory_closure
89,0.145,0.855,0.0,4,theory_closure
90,0.145,0.855,0.0,4,theory_closure
91,0.145,0.855,0.0,4,theory_closure
92,0.145,0.855,0.0,4,theory_closure
93,0.145,0.855,0.0,4,theory_closure
94,0.145,0.855,0.0,4,theory_closure
95,0.145,0.855,0.0,4,theory_closure
96,0.145,0.855,0.0,4,theory_closure
97,0.145,0.855,0.0,4,theory_closure
98,0.145,0.855,0.0,4,theory_closure
99,0.145,0.855,0.0,4,theory_closure
100,0.145,0.855,0.0,4,theory_closure
0,0.0,1.0,0.0,5,simulation
1,0.0,1.0,0.0,5,simulation
2,0.0,1.0,0.0,5,simulation
3,0.005,0.995,0.0,5,simulation
4,0.015,0.985,0.0,5,simulation
0,0.0,1.0,0.0,5,theory_closure
1,0.105,0.895,0.0,5,theory_closure
2,0.105,0.895,0.0,5,theory_closure
3,0.105,0.895,0.0,5,theory_closure
4,0.105,0.895,0.0,5,theory_closure
5,0.105,0.895,0.0,5,theory_closure
6,0.105,0.895,0.0,5,theory_closure
7,0.105,0.895,0.0,5,theory_closure
8,0.105,0.895,0.0,5,theory_closure
9,0.105,0.895,0.0,5,theory_closure
10,0.105,0.895,0.0,5,theory_closure
11,0.105,0.895,0.0,5,theory_closure
12,0.105,0.895,0.0,5,theory_closure
13,0.105,0.895,0.0,5,theory_closure
14,0.105,0.895,0.0,5,theory_closure
15,0.105,0.895,0.0,5,theory_closure
16,0.105,0.895,0.0,5,theory_closure
17,0.105,0.895,0.0,5,theory_closure
18,0.105,0.895,0.0,5,theory_closure
19,0.105,0.895,0.0,5,theory_closure
20,0.105,0.895,0.0,5,theory_closure
21,0.105,0.895,0.0,5,theory_closure
22,0.105,0.895,0.0,5,theory_closure
23,0.105,0.895,0.0,5,theory_closure
24,0.105,0.895,0.0,5,theory_closure
25,0.105,0.895,0.0,5,theory_closure
26,0.105,0.895,0.0,5,theory_closure
27,0.105,0.895,0.0,5,theory_closure
28,0.105,0.895,0.0,5,theory_closure
29,0.105,0.895,0.0,5,theory_closure
30,0.105,0.895,0.0,5,theory_closure
31,0.105,0.895,0.0,5,theory_closure
32,0.105,0.895,0.0,5,theory_closure
33,0.105,0.895,0.0,5,theory_closure
34,0.105,0.895,0.0,5,theory_closure
35,0.105,0.895,0.0,5,theory_closure
36,0.105,0.895,0.0,5,theory_closure
37,0.105,0.895,0.0,5,theory_closure
38,0.105,0.895,0.0,5,theory_closure
39,0.105,0.895,0.0,5,theory_closure
40,0.105,0.895,0.0,5,theory_closure
41,0.105,0.895,0.0,5,theory_closure
42,0.105,0.895,0.0,5,theory_closure
43,0.105,0.895,0.0,5,theory_closure
44,0.105,0.895,0.0,5,theory_closure
45,0.105,0.895,0.0,5,theory_closure
46,0.105,0.895,0.0,5,theory_closure
47,0.105,0.895,0.0,5,theory_closure
48,0.105,0.895,0.0,5,theory_closure
49,0.105,0.895,0.0,5,theory_closure
50,0.105,0.895,0.0,5,theory_closure
51,0.105,0.895,0.0,5,theory_closure
52,0.105,0.895,0.0,5,theory_closure
53,0.105,0.895,0.0,5,theory_closure
54,0.105,0.895,0.0,5,theory_closure
55,0.105,0.895,0.0,5,theory_closure
56,0.105,0.895,0.0,5,theory_closure
57,0.105,0.895,0.0,5,theory_closure
58,0.105,0.895,0.0,5,theory_closure
59,0.105,0.895,0.0,5,theory_closure
60,0.105,0.895,0.0,5,theory_closure
61,0.105,0.895,0.0,5,theory_closure
62,0.105,0.895,0.0,5,theory_closure
63,0.105,0.895,0.0,5,theory_closure
64,0.105,0.895,0.0,5,theory_closure
65,0.105,0.895,0.0,5,theory_closure
66,0.105,0.895,0.0,5,theory_closure
67,0.105,0.895,0.0,5,theory_closure
68,0.105,0.895,0.0,5,theory_closure
69,0.105,0.895,0.0,5,theory_closure
70,0.105,0.895,0.0,5,theory_closure
71,0.105,0.895,0.0,5,theory_closure
72,0.105,0.895,0.0,5,theory_closure
73,0.105,0.895,0.0,5,theory_closure
74,0.105,0.895,0.0,5,theory_closure
75,0.105,0.895,0.0,5,theory_closure
76,0.105,0.895,0.0,5,theory_closure
77,0.105,0.895,0.0,5,theory_closure
78,0.105,0.895,0.0,5,theory_closure
79,0.105,0.895,0.0,5,theory_closure
80,0.105,0.895,0.0,5,theory_closure
81,0.105,0.895,0.0,5,theory_closure
82,0.105,0.895,0.0,5,theory_closure
83,0.105,0.895,0.0,5,theory_closure
84,0.105,0.895,0.0,5,theory_closure
85,0.105,0.895,0.0,5,theory_closure
86,0.105,0.895,0.0,5,theory_closure
87,0.105,0.895,0.0,5,theory_closure
88,0.105,0.895,0.0,5,theory_closure
89,0.105,0.895,0.0,5,theory_closure
90,0.105,0.895,0.0,5,theory_closure
91,0.105,0.895,0.0,5,theory_closure
92,0.105,0.895,0.0,5,theory_closure
93,0.105,0.895,0.0,5,theory_closure
94,0.105,0.895,0.0,5,theory_closure
95,0.105,0.895,0.0,5,theory_closure
96,0.105,0.895,0.0,5,theory_closure
97,0.105,0.895,0.0,5,theory_closure
98,0.105,0.895,0.0,5,theory_closure
99,0.105,0.895,0.0,5,theory_closure
100,0.105,0.895,0.0,5,theory_closure
0,0.0,1.0,0.0,6,simulation
1,0.0,1.0,0.0,6,simulation
2,0.005,0.995,0.0,6,simulation
3,0.015,0.985,0.0,6,simulation
4,0.02,0.98,0.0,6,simulation
0,0.0,1.0,0.0,6,theory_closure
1,0.175,0.825,0.0,6,theory_closure
2,0.175,0.825,0.0,6,theory_closure
3,0.175,0.825,0.0,6,theory_closure
4,0.175,0.825,0.0,6,theory_closure
5,0.175,0.825,0.0,6,theory_closure
6,0.175,0.825,0.0,6,theory_closure
7,0.175,0.825,0.0,6,theory_closure
8,0.175,0.825,0.0,6,theory_closure
9,0.175,0.825,0.0,6,theory_closure
10,0.175,0.825,0.0,6,theory_closure
11,0.175,0.825,0.0,6,theory_closure
12,0.175,0.825,0.0,6,theory_closure
13,0.175,0.825,0.0,6,theory_closure
14,0.175,0.825,0.0,6,theory_closure
15,0.175,0.825,0.0,6,theory_closure
16,0.175,0.825,0.0,6,theory_closure
17,0.175,0.825,0.0,6,theory_closure
18,0.175,0.825,0.0,6,theory_closure
19,0.175,0.825,0.0,6,theory_closure
20,0.175,0.825,0.0,6,theory_closure
21,0.175,0.825,0.0,6,theory_closure
22,0.175,0.825,0.0,6,theory_closure
23,0.175,0.825,0.0,6,theory_closure
24,0.175,0.825,0.0,6,theory_closure
25,0.175,0.825,0.0,6,theory_closure
26,0.175,0.825,0.0,6,theory_closure
27,0.175,0.825,0.0,6,theory_closure
28,0.175,0.825,0.0,6,theory_closure
29,0.175,0.825,0.0,6,theory_closure
30,0.175,0.825,0.0,6,theory_closure
31,0.175,0.825,0.0,6,theory_closure
32,0.175,0.825,0.0,6,theory_closure
33,0.175,0.825,0.0,6,theory_closure
34,0.175,0.825,0.0,6,theory_closure
35,0.175,0.825,0.0,6,theory_closure
36,0.175,0.825,0.0,6,theory_closure
37,0.175,0.825,0.0,6,theory_closure
38,0.175,0.825,0.0,6,theory_closure
39,0.175,0.825,0.0,6,theory_closure
40,0.175,0.825,0.0,6,theory_closure
41,0.175,0.825,0.0,6,theory_closure
42,0.175,0.825,0.0,6,theory_closure
43,0.175,0.825,0.0,6,theory_closure
44,0.175,0.825,0.0,6,theory_closure
45,0.175,0.825,0.0,6,theory_closure
46,0.175,0.825,0.0,6,theory_closure
47,0.175,0.825,0.0,6,theory_closure
48,0.175,0.825,0.0,6,theory_closure
49,0.175,0.825,0.0,6,theory_closure
50,0.175,0.825,0.0,6,theory_closure
51,0.175,0.825,0.0,6,theory_closure
52,0.175,0.825,0.0,6,theory_closure
53,0.175,0.825,0.0,6,theory_closure
54,0.175,0.825,0.0,6,theory_closure
55,0.175,0.825,0.0,6,theory_closure
56,0.175,0.825,0.0,6,theory_closure
57,0.175,0.825,0.0,6,theory_closure
58,0.175,0.825,0.0,6,theory_closure
59,0.175,0.825,0.0,6,theory_closure
60,0.175,0.825,0.0,6,theory_closure
61,0.175,0.825,0.0,6,theory_closure
62,0.175,0.825,0.0,6,theory_closure
63,0.175,0.825,0.0,6,theory_closure
64,0.175,0.825,0.0,6,theory_closure
65,0.175,0.825,0.0,6,theory_closure
66,0.175,0.825,0.0,6,theory_closure
67,0.175,0.825,0.0,6,theory_closure
68,0.175,0.825,0.0,6,theory_closure
69,0.175,0.825,0.0,6,theory_closure
70,0.175,0.825,0.0,6,theory_closure
71,0.175,0.825,0.0,6,theory_closure
72,0.175,0.825,0.0,6,theory_closure
73,0.175,0.825,0.0,6,theory_closure
74,0.175,0.825,0.0,6,theory_closure
75,0.175,0.825,0.0,6,theory_closure
76,0.175,0.825,0.0,6,theory_closure
77,0.175,0.825,0.0,6,theory_closure
78,0.175,0.825,0.0,6,theory_closure
79,0.175,0.825,0.0,6,theory_closure
80,0.175,0.825,0.0,6,theory_closure
81,0.175,0.825,0.0,6,theory_closure
82,0.175,0.825,0.0,6,theory_closure
83,0.175,0.825,0.0,6,theory_closure
84,0.175,0.825,0.0,6,theory_closure
85,0.175,0.825,0.0,6,theory_closure
86,0.175,0.825,0.0,6,theory_closure
87,0.175,0.825,0.0,6,theory_closure
88,0.175,0.825,0.0,6,theory_closure
89,0.175,0.825,0.0,6,theory_closure
90,0.175,0.825,0.0,6,theory_closure
91,0.175,0.825,0.0,6,theory_closure
92,0.175,0.825,0.0,6,theory_closure
93,0.175,0.825,0.0,6,theory_closure
94,0.175,0.825,0.0,6,theory_closure
95,0.175,0.825,0.0,6,theory_closure
96,0.175,0.825,0.0,6,theory_closure
97,0.175,0.825,0.0,6,theory_closure
98,0.175,0.825,0.0,6,theory_closure
99,0.175,0.825,0.0,6,theory_closure
100,0.175,0.825,0.0,6,theory_closure
0,0.0,1.0,0.0,7,simulation
1,0.005,0.995,0.0,7,simulation
2,0.01,0.99,0.0,7,simulation
3,0.025,0.975,0.0,7,simulation
4,0.035,0.965,0.0,7,simulation
0,0.0,1.0,0.0,7,theory_closure
1,0.12,0.88,0.0,7,theory_closure
2,0.12,0.88,0.0,7,theory_closure
3,0.12,0.88,0.0,7,theory_closure
4,0.12,0.88,0.0,7,theory_closure
5,0.12,0.88,0.0,7,theory_closure
6,0.12,0.88,0.0,7,theory_closure
7,0.12,0.88,0.0,7,theory_closure
8,0.12,0.88,0.0,7,theory_closure
9,0.12,0.88,0.0,7,theory_closure
10,0.12,0.88,0.0,7,theory_closure
11,0.12,0.88,0.0,7,theory_closure
12,0.12,0.88,0.0,7,theory_closure
13,0.12,0.88,0.0,7,theory_closure
14,0.12,0.88,0.0,7,theory_closure
15,0.12,0.88,0.0,7,theory_closure
16,0.12,0.88,0.0,7,theory_closure
17,0.12,0.88,0.0,7,theory_closure
18,0.12,0.88,0.0,7,theory_closure
19,0.12,0.88,0.0,7,theory_closure
20,0.12,0.88,0.0,7,theory_closure
21,0.12,0.88,0.0,7,theory_closure
22,0.12,0.88,0.0,7,theory_closure
23,0.12,0.88,0.0,7,theory_closure
24,0.12,0.88,0.0,7,theory_closure
25,0.12,0.88,0.0,7,theory_closure
26,0.12,0.88,0.0,7,theory_closure
27,0.12,0.88,0.0,7,theory_closure
28,0.12,0.88,0.0,7,theory_closure
29,0.12,0.88,0.0,7,theory_closure
30,0.12,0.88,0.0,7,theory_closure
31,0.12,0.88,0.0,7,theory_closure
32,0.12,0.88,0.0,7,theory_closure
33,0.12,0.88,0.0,7,theory_closure
34,0.12,0.88,0.0,7,theory_closure
35,0.12,0.88,0.0,7,theory_closure
36,0.12,0.88,0.0,7,theory_closure
37,0.12,0.88,0.0,7,theory_closure
38,0.12,0.88,0.0,7,theory_closure
39,0.12,0.88,0.0,7,theory_closure
40,0.12,0.88,0.0,7,theory_closure
41,0.12,0.88,0.0,7,theory_closure
42,0.12,0.88,0.0,7,theory_closure
43,0.12,0.88,0.0,7,theory_closure
44,0.12,0.88,0.0,7,theory_closure
45,0.12,0.88,0.0,7,theory_closure
46,0.12,0.88,0.0,7,theory_closure
47,0.12,0.88,0.0,7,theory_closure
48,0.12,0.88,0.0,7,theory_closure
49,0.12,0.88,0.0,7,theory_closure
50,0.12,0.88,0.0,7,theory_closure
51,0.12,0.88,0.0,7,theory_closure
52,0.12,0.88,0.0,7,theory_closure
53,0.12,0.88,0.0,7,theory_closure
54,0.12,0.88,0.0,7,theory_closure
55,0.12,0.88,0.0,7,theory_closure
56,0.12,0.88,0.0,7,theory_closure
57,0.12,0.88,0.0,7,theory_closure
58,0.12,0.88,0.0,7,theory_closure
59,0.12,0.88,0.0,7,theory_closure
60,0.12,0.88,0.0,7,theory_closure
61,0.12,0.88,0.0,7,theory_closure
62,0.12,0.88,0.0,7,theory_closure
63,0.12,0.88,0.0,7,theory_closure
64,0.12,0.88,0.0,7,theory_closure
65,0.12,0.88,0.0,7,theory_closure
66,0.12,0.88,0.0,7,theory_closure
67,0.12,0.88,0.0,7,theory_closure
68,0.12,0.88,0.0,7,theory_closure
69,0.12,0.88,0.0,7,theory_closure
70,0.12,0.88,0.0,7,theory_closure
71,0.12,0.88,0.0,7,theory_closure
72,0.12,0.88,0.0,7,theory_closure
73,0.12,0.88,0.0,7,theory_closure
74,0.12,0.88,0.0,7,theory_closure
75,0.12,0.88,0.0,7,theory_closure
76,0.12,0.88,0.0,7,theory_closure
77,0.12,0.88,0.0,7,theory_closure
78,0.12,0.88,0.0,7,theory_closure
79,0.12,0.88,0.0,7,theory_closure
80,0.12,0.88,0.0,7,theory_closure
81,0.12,0.88,0.0,7,theory_closure
82,0.12,0.88,0.0,7,theory_closure
83,0.12,0.88,0.0,7,theory_closure
84,0.12,0.88,0.0,7,theory_closure
85,0.12,0.88,0.0,7,theory_closure
86,0.12,0.88,0.0,7,theory_closure
87,0.12,0.88,0.0,7,theory_closure
88,0.12,0.88,0.0,7,theory_closure
89,0.12,0.88,0.0,7,theory_closure
90,0.12,0.88,0.0,7,theory_closure
91,0.12,0.88,0.0,7,theory_closure
92,0.12,0.88,0.0,7,theory_closure
93,0.12,0.88,0.0,7,theory_closure
94,0.12,0.88,0.0,7,theory_closure
95,0.12,0.88,0.0,7,theory_closure
96,0.12,0.88,0.0,7,theory_closure
97,0.12,0.88,0.0,7,theory_closure
98,0.12,0.88,0.0,7,theory_closure
99,0.12,0.88,0.0,7,theory_closure
100,0.12,0.88,0.0,7,theory_closure
0,0.0,1.0,0.0,8,simulation
1,0.01,0.99,0.0,8,simulation
2,0.015,0.985,0.0,8,simulation
3,0.02,0.98,0.0,8,simulation
4,0.025,0.975,0.0,8,simulation
0,0.0,1.0,0.0,8,theory_closure
1,0.115,0.885,0.0,8,theory_closure
2,0.115,0.885,0.0,8,theory_closure
3,0.115,0.885,0.0,8,theory_closure
4,0.115,0.885,0.0,8,theory_closure
5,0.115,0.885,0.0,8,theory_closure
6,0.115,0.885,0.0,8,theory_closure
7,0.115,0.885,0.0,8,theory_closure
8,0.115,0.885,0.0,8,theory_closure
9,0.115,0.885,0.0,8,theory_closure
10,0.115,0.885,0.0,8,theory_closure
11,0.115,0.885,0.0,8,theory_closure
12,0.115,0.885,0.0,8,theory_closure
13,0.115,0.885,0.0,8,theory_closure
14,0.115,0.885,0.0,8,theory_closure
15,0.115,0.885,0.0,8,theory_closure
16,0.115,0.885,0.0,8,theory_closure
17,0.115,0.885,0.0,8,theory_closure
18,0.115,0.885,0.0,8,theory_closure
19,0.115,0.885,0.0,8,theory_closure
20,0.115,0.885,0.0,8,theory_closure
21,0.115,0.885,0.0,8,theory_closure
22,0.115,0.885,0.0,8,theory_closure
23,0.115,0.885,0.0,8,theory_closure
24,0.115,0.885,0.0,8,theory_closure
25,0.115,0.885,0.0,8,theory_closure
26,0.115,0.885,0.0,8,theory_closure
27,0.115,0.885,0.0,8,theory_closure
28,0.115,0.885,0.0,8,theory_closure
29,0.115,0.885,0.0,8,theory_closure
30,0.115,0.885,0.0,8,theory_closure
31,0.115,0.885,0.0,8,theory_closure
32,0.115,0.885,0.0,8,theory_closure
33,0.115,0.885,0.0,8,theory_closure
34,0.115,0.885,0.0,8,theory_closure
35,0.115,0.885,0.0,8,theory_closure
36,0.115,0.885,0.0,8,theory_closure
37,0.115,0.885,0.0,8,theory_closure
38,0.115,0.885,0.0,8,theory_closure
39,0.115,0.885,0.0,8,theory_closure
40,0.115,0.885,0.0,8,theory_closure
41,0.115,0.885,0.0,8,theory_closure
42,0.115,0.885,0.0,8,theory_closure
43,0.115,0.885,0.0,8,theory_closure
44,0.115,0.885,0.0,8,theory_closure
45,0.115,0.885,0.0,8,theory_closure
46,0.115,0.885,0.0,8,theory_closure
47,0.115,0.885,0.0,8,theory_closure
48,0.115,0.885,0.0,8,theory_closure
49,0.115,0.885,0.0,8,theory_closure
50,0.115,0.885,0.0,8,theory_closure
51,0.115,0.885,0.0,8,theory_closure
52,0.115,0.885,0.0,8,theory_closure
53,0.115,0.885,0.0,8,theory_closure
54,0.115,0.885,0.0,8,theory_closure
55,0.115,0.885,0.0,8,theory_closure
56,0.115,0.885,0.0,8,theory_closure
57,0.115,0.885,0.0,8,theory_closure
58,0.115,0.885,0.0,8,theory_closure
59,0.115,0.885,0.0,8,theory_closure
60,0.115,0.885,0.0,8,theory_closure
61,0.115,0.885,0.0,8,theory_closure
62,0.115,0.885,0.0,8,theory_closure
63,0.115,0.885,0.0,8,theory_closure
64,0.115,0.885,0.0,8,theory_closure
65,0.115,0.885,0.0,8,theory_closure
66,0.115,0.885,0.0,8,theory_closure
67,0.115,0.885,0.0,8,theory_closure
68,0.115,0.885,0.0,8,theory_closure
69,0.115,0.885,0.0,8,theory_closure
70,0.115,0.885,0.0,8,theory_closure
71,0.115,0.885,0.0,8,theory_closure
72,0.115,0.885,0.0,8,theory_closure
73,0.115,0.885,0.0,8,theory_closure
74,0.115,0.885,0.0,8,theory_closure
75,0.115,0.885,0.0,8,theory_closure
76,0.115,0.885,0.0,8,theory_closure
77,0.115,0.885,0.0,8,theory_closure
78,0.115,0.885,0.0,8,theory_closure
79,0.115,0.885,0.0,8,theory_closure
80,0.115,0.885,0.0,8,theory_closure
81,0.115,0.885,0.0,8,theory_closure
82,0.115,0.885,0.0,8,theory_closure
83,0.115,0.885,0.0,8,theory_closure
84,0.115,0.885,0.0,8,theory_closure
85,0.115,0.885,0.0,8,theory_closure
86,0.115,0.885,0.0,8,theory_closure
87,0.115,0.885,0.0,8,theory_closure
88,0.115,0.885,0.0,8,theory_closure
89,0.115,0.885,0.0,8,theory_closure
90,0.115,0.885,0.0,8,theory_closure
91,0.115,0.885,0.0,8,theory_closure
92,0.115,0.885,0.0,8,theory_closure
93,0.115,0.885,0.0,8,theory_closure
94,0.115,0.885,0.0,8,theory_closure
95,0.115,0.885,0.0,8,theory_closure
96,0.115,0.885,0.0,8,theory_closure
97,0.115,0.885,0.0,8,theory_closure
98,0.115,0.885,0.0,8,theory_closure
99,0.115,0.885,0.0,8,theory_closure
100,0.115,0.885,0.0,8,theory_closure
0,0.0,1.0,0.0,9,simulation
1,0.0,1.0,0.0,9,simulation
2,0.0,1.0,0.0,9,simulation
3,0.005,0.995,0.0,9,simulation
4,0.015,0.985,0.0,9,simulation
0,0.0,1.0,0.0,9,theory_closure
1,0.095,0.905,0.0,9,theory_closure
2,0.095,0.905,0.0,9,theory_closure
3,0.095,0.905,0.0,9,theory_closure
4,0.095,0.905,0.0,9,theory_closure
5,0.095,0.905,0.0,9,theory_closure
6,0.095,0.905,0.0,9,theory_closure
7,0.095,0.905,0.0,9,theory_closure
8,0.095,0.905,0.0,9,theory_closure
9,0.095,0.905,0.0,9,theory_closure
10,0.095,0.905,0.0,9,theory_closure
11,0.095,0.905,0.0,9,theory_closure
12,0.095,0.905,0.0,9,theory_closure
13,0.095,0.905,0.0,9,theory_closure
14,0.095,0.905,0.0,9,theory_closure
15,0.095,0.905,0.0,9,theory_closure
16,0.095,0.905,0.0,9,theory_closure
17,0.095,0.905,0.0,9,theory_closure
18,0.095,0.905,0.0,9,theory_closure
19,0.095,0.905,0.0,9,theory_closure
20,0.095,0.905,0.0,9,theory_closure
21,0.095,0.905,0.0,9,theory_closure
22,0.095,0.905,0.0,9,theory_closure
23,0.095,0.905,0.0,9,theory_closure
24,0.095,0.905,0.0,9,theory_closure
25,0.095,0.905,0.0,9,theory_closure
26,0.095,0.905,0.0,9,theory_closure
27,0.095,0.905,0.0,9,theory_closure
28,0.095,0.905,0.0,9,theory_closure
29,0.095,0.905,0.0,9,theory_closure
30,0.095,0.905,0.0,9,theory_closure
31,0.095,0.905,0.0,9,theory_closure
32,0.095,0.905,0.0,9,theory_closure
33,0.095,0.905,0.0,9,theory_closure
34,0.095,0.905,0.0,9,theory_closure
35,0.095,0.905,0.0,9,theory_closure
36,0.095,0.905,0.0,9,theory_closure
37,0.095,0.905,0.0,9,theory_closure
38,0.095,0.905,0.0,9,theory_closure
39,0.095,0.905,0.0,9,theory_closure
40,0.095,0.905,0.0,9,theory_closure
41,0.095,0.905,0.0,9,theory_closure
42,0.095,0.905,0.0,9,theory_closure
43,0.095,0.905,0.0,9,theory_closure
44,0.095,0.905,0.0,9,theory_closure
45,0.095,0.905,0.0,9,theory_closure
46,0.095,0.905,0.0,9,theory_closure
47,0.095,0.905,0.0,9,theory_closure
48,0.095,0.905,0.0,9,theory_closure
49,0.095,0.905,0.0,9,theory_closure
50,0.095,0.905,0.0,9,theory_closure
51,0.095,0.905,0.0,9,theory_closure
52,0.095,0.905,0.0,9,theory_closure
53,0.095,0.905,0.0,9,theory_closure
54,0.095,0.905,0.0,9,theory_closure
55,0.095,0.905,0.0,9,theory_closure
56,0.095,0.905,0.0,9,theory_closure
57,0.095,0.905,0.0,9,theory_closure
58,0.095,0.905,0.0,9,theory_closure
59,0.095,0.905,0.0,9,theory_closure
60,0.095,0.905,0.0,9,theory_closure
61,0.095,0.905,0.0,9,theory_closure
62,0.095,0.905,0.0,9,theory_closure
63,0.095,0.905,0.0,9,theory_closure
64,0.095,0.905,0.0,9,theory_closure
65,0.095,0.905,0.0,9,theory_closure
66,0.095,0.905,0.0,9,theory_closure
67,0.095,0.905,0.0,9,theory_closure
68,0.095,0.905,0.0,9,theory_closure
69,0.095,0.905,0.0,9,theory_closure
70,0.095,0.905,0.0,9,theory_closure
71,0.095,0.905,0.0,9,theory_closure
72,0.095,0.905,0.0,9,theory_closure
73,0.095,0.905,0.0,9,theory_closure
74,0.095,0.905,0.0,9,theory_closure
75,0.095,0.905,0.0,9,theory_closure
76,0.095,0.905,0.0,9,theory_closure
77,0.095,0.905,0.0,9,theory_closure
78,0.095,0.905,0.0,9,theory_closure
79,0.095,0.905,0.0,9,theory_closure
80,0.095,0.905,0.0,9,theory_closure
81,0.095,0.905,0.0,9,theory_closure
82,0.095,0.905,0.0,9,theory_closure
83,0.095,0.905,0.0,9,theory_closure
84,0.095,0.905,0.0,9,theory_closure
85,0.095,0.905,0.0,9,theory_closure
86,0.095,0.905,0.0,9,theory_closure
87,0.095,0.905,0.0,9,theory_closure
88,0.095,0.905,0.0,9,theory_closure
89,0.095,0.905,0.0,9,theory_closure
90,0.095,0.905,0.0,9,theory_closure
91,0.095,0.905,0.0,9,theory_closure
92,0.095,0.905,0.0,9,theory_closure
93,0.095,0.905,0.0,9,theory_closure
94,0.095,0.905,0.0,9,theory_closure
95,0.095,0.905,0.0,9,theory_closure
96,0.095,0.905,0.0,9,theory_closure
97,0.095,0.905,0.0,9,theory_closure
98,0.095,0.905,0.0,9,theory_closure
99,0.095,0.905,0.0,9,theory_closure
100,0.095,0.905,0.0,9,theory_closure
0,0.0,1.0,0.0,10,simulation
1,0.005,0.995,0.0,10,simulation
2,0.015,0.985,0.0,10,simulation
3,0.02,0.98,0.0,10,simulation
4,0.02,0.98,0.0,10,simulation
0,0.0,1.0,0.0,10,theory_closure
1,0.09,0.91,0.0,10,theory_closure
2,0.09,0.91,0.0,10,theory_closure
3,0.09,0.91,0.0,10,theory_closure
4,0.09,0.91,0.0,10,theory_closure
5,0.09,0.91,0.0,10,theory_closure
6,0.09,0.91,0.0,10,theory_closure
7,0.09,0.91,0.0,10,theory_closure
8,0.09,0.91,0.0,10,theory_closure
9,0.09,0.91,0.0,10,theory_closure
10,0.09,0.91,0.0,10,theory_closure
11,0.09,0.91,0.0,10,theory_closure
12,0.09,0.91,0.0,10,theory_closure
13,0.09,0.91,0.0,10,theory_closure
14,0.09,0.91,0.0,10,theory_closure
15,0.09,0.91,0.0,10,theory_closure
16,0.09,0.91,0.0,10,theory_closure
17,0.09,0.91,0.0,10,theory_closure
18,0.09,0.91,0.0,10,theory_closure
19,0.09,0.91,0.0,10,theory_closure
20,0.09,0.91,0.0,10,theory_closure
21,0.09,0.91,0.0,10,theory_closure
22,0.09,0.91,0.0,10,theory_closure
23,0.09,0.91,0.0,10,theory_closure
24,0.09,0.91,0.0,10,theory_closure
25,0.09,0.91,0.0,10,theory_closure
26,0.09,0.91,0.0,10,theory_closure
27,0.09,0.91,0.0,10,theory_closure
28,0.09,0.91,0.0,10,theory_closure
29,0.09,0.91,0.0,10,theory_closure
30,0.09,0.91,0.0,10,theory_closure
31,0.09,0.91,0.0,10,theory_closure
32,0.09,0.91,0.0,10,theory_closure
33,0.09,0.91,0.0,10,theory_closure
34,0.09,0.91,0.0,10,theory_closure
35,0.09,0.91,0.0,10,theory_closure
36,0.09,0.91,0.0,10,theory_closure
37,0.09,0.91,0.0,10,theory_closure
38,0.09,0.91,0.0,10,theory_closure
39,0.09,0.91,0.0,10,theory_closure
40,0.09,0.91,0.0,10,theory_closure
41,0.09,0.91,0.0,10,theory_closure
42,0.09,0.91,0.0,10,theory_closure
43,0.09,0.91,0.0,10,theory_closure
44,0.09,0.91,0.0,10,theory_closure
45,0.09,0.91,0.0,10,theory_closure
46,0.09,0.91,0.0,10,theory_closure
47,0.09,0.91,0.0,10,theory_closure
48,0.09,0.91,0.0,10,theory_closure
49,0.09,0.91,0.0,10,theory_closure
50,0.09,0.91,0.0,10,theory_closure
51,0.09,0.91,0.0,10,theory_closure
52,0.09,0.91,0.0,10,theory_closure
53,0.09,0.91,0.0,10,theory_closure
54,0.09,0.91,0.0,10,theory_closure
55,0.09,0.91,0.0,10,theory_closure
56,0.09,0.91,0.0,10,theory_closure
57,0.09,0.91,0.0,10,theory_closure
58,0.09,0.91,0.0,10,theory_closure
59,0.09,0.91,0.0,10,theory_closure
60,0.09,0.91,0.0,10,theory_closure
61,0.09,0.91,0.0,10,theory_closure
62,0.09,0.91,0.0,10,theory_closure
63,0.09,0.91,0.0,10,theory_closure
64,0.09,0.91,0.0,10,theory_closure
65,0.09,0.91,0.0,10,theory_closure
66,0.09,0.91,0.0,10,theory_closure
67,0.09,0.91,0.0,10,theory_closure
68,0.09,0.91,0.0,10,theory_closure
69,0.09,0.91,0.0,10,theory_closure
70,0.09,0.91,0.0,10,theory_closure
71,0.09,0.91,0.0,10,theory_closure
72,0.09,0.91,0.0,10,theory_closure
73,0.09,0.91,0.0,10,theory_closure
74,0.09,0.91,0.0,10,theory_closure
75,0.09,0.91,0.0,10,theory_closure
76,0.09,0.91,0.0,10,theory_closure
77,0.09,0.91,0.0,10,theory_closure
78,0.09,0.91,0.0,10,theory_closure
79,0.09,0.91,0.0,10,theory_closure
80,0.09,0.91,0.0,10,theory_closure
81,0.09,0.91,0.0,10,theory_closure
82,0.09,0.91,0.0,10,theory_closure
83,0.09,0.91,0.0,10,theory_closure
84,0.09,0.91,0.0,10,theory_closure
85,0.09,0.91,0.0,10,theory_closure
86,0.09,0.91,0.0,10,theory_closure
87,0.09,0.91,0.0,10,theory_closure
88,0.09,0.91,0.0,10,theory_closure
89,0.09,0.91,0.0,10,theory_closure
90,0.09,0.91,0.0,10,theory_closure
91,0.09,0.91,0.0,10,theory_closure
92,0.09,0.91,0.0,10,theory_closure
93,0.09,0.91,0.0,10,theory_closure
94,0.09,0.91,0.0,10,theory_closure
95,0.09,0.91,0.0,10,theory_closure
96,0.09,0.91,0.0,10,theory_closure
97,0.09,0.91,0.0,10,theory_closure
98,0.09,0.91,0.0,10,theory_closure
99,0.09,0.91,0.0,10,theory_closure
100,0.09,0.91,0.0,10,theory_closure
0,0.0,1.0,0.0,11,simulation
1,0.0,1.0,0.0,11,simulation
2,0.005,0.995,0.0,11,simulation
3,0.015,0.985,0.0,11,simulation
4,0.015,0.985,0.0,11,simulation
0,0.0,1.0,0.0,11,theory_closure
1,0.075,0.925,0.0,11,theory_closure
2,0.075,0.925,0.0,11,theory_closure
3,0.075,0.925,0.0,11,theory_closure
4,0.075,0.925,0.0,11,theory_closure
5,0.075,0.925,0.0,11,theory_closure
6,0.075,0.925,0.0,11,theory_closure
7,0.075,0.925,0.0,11,theory_closure
8,0.075,0.925,0.0,11,theory_closure
9,0.075,0.925,0.0,11,theory_closure
10,0.075,0.925,0.0,11,theory_closure
11,0.075,0.925,0.0,11,theory_closure
12,0.075,0.925,0.0,11,theory_closure
13,0.075,0.925,0.0,11,theory_closure
14,0.075,0.925,0.0,11,theory_closure
15,0.075,0.925,0.0,11,theory_closure
16,0.075,0.925,0.0,11,theory_closure
17,0.075,0.925,0.0,11,theory_closure
18,0.075,0.925,0.0,11,theory_closure
19,0.075,0.925,0.0,11,theory_closure
20,0.075,0.925,0.0,11,theory_closure
21,0.075,0.925,0.0,11,theory_closure
22,0.075,0.925,0.0,11,theory_closure
23,0.075,0.925,0.0,11,theory_closure
24,0.075,0.925,0.0,11,theory_closure
25,0.075,0.925,0.0,11,theory_closure
26,0.075,0.925,0.0,11,theory_closure
27,0.075,0.925,0.0,11,theory_closure
28,0.075,0.925,0.0,11,theory_closure
29,0.075,0.925,0.0,11,theory_closure
30,0.075,0.925,0.0,11,theory_closure
31,0.075,0.925,0.0,11,theory_closure
32,0.075,0.925,0.0,11,theory_closure
33,0.075,0.925,0.0,11,theory_closure
34,0.075,0.925,0.0,11,theory_closure
35,0.075,0.925,0.0,11,theory_closure
36,0.075,0.925,0.0,11,theory_closure
37,0.075,0.925,0.0,11,theory_closure
38,0.075,0.925,0.0,11,theory_closure
39,0.075,0.925,0.0,11,theory_closure
40,0.075,0.925,0.0,11,theory_closure
41,0.075,0.925,0.0,11,theory_closure
42,0.075,0.925,0.0,11,theory_closure
43,0.075,0.925,0.0,11,theory_closure
44,0.075,0.925,0.0,11,theory_closure
45,0.075,0.925,0.0,11,theory_closure
46,0.075,0.925,0.0,11,theory_closure
47,0.075,0.925,0.0,11,theory_closure
48,0.075,0.925,0.0,11,theory_closure
49,0.075,0.925,0.0,11,theory_closure
50,0.075,0.925,0.0,11,theory_closure
51,0.075,0.925,0.0,11,theory_closure
52,0.075,0.925,0.0,11,theory_closure
53,0.075,0.925,0.0,11,theory_closure
54,0.075,0.925,0.0,11,theory_closure
55,0.075,0.925,0.0,11,theory_closure
56,0.075,0.925,0.0,11,theory_closure
57,0.075,0.925,0.0,11,theory_closure
58,0.075,0.925,0.0,11,theory_closure
59,0.075,0.925,0.0,11,theory_closure
60,0.075,0.925,0.0,11,theory_closure
61,0.075,0.925,0.0,11,theory_closure
62,0.075,0.925,0.0,11,theory_closure
63,0.075,0.925,0.0,11,theory_closure
64,0.075,0.925,0.0,11,theory_closure
65,0.075,0.925,0.0,11,theory_closure
66,0.075,0.925,0.0,11,theory_closure
67,0.075,0.925,0.0,11,theory_closure
68,0.075,0.925,0.0,11,theory_closure
69,0.075,0.925,0.0,11,theory_closure
70,0.075,0.925,0.0,11,theory_closure
71,0.075,0.925,0.0,11,theory_closure
72,0.075,0.925,0.0,11,theory_closure
73,0.075,0.925,0.0,11,theory_closure
74,0.075,0.925,0.0,11,theory_closure
75,0.075,0.925,0.0,11,theory_closure
76,0.075,0.925,0.0,11,theory_closure
77,0.075,0.925,0.0,11,theory_closure
78,0.075,0.925,0.0,11,theory_closure
79,0.075,0.925,0.0,11,theory_closure
80,0.075,0.925,0.0,11,theory_closure
81,0.075,0.925,0.0,11,theory_closure
82,0.075,0.925,0.0,11,theory_closure
83,0.075,0.925,0.0,11,theory_closure
84,0.075,0.925,0.0,11,theory_closure
85,0.075,0.925,0.0,11,theory_closure
86,0.075,0.925,0.0,11,theory_closure
87,0.075,0.925,0.0,11,theory_closure
88,0.075,0.925,0.0,11,theory_closure
89,0.075,0.925,0.0,11,theory_closure
90,0.075,0.925,0.0,11,theory_closure
91,0.075,0.925,0.0,11,theory_closure
92,0.075,0.925,0.0,11,theory_closure
93,0.075,0.925,0.0,11,theory_closure
94,0.075,0.925,0.0,11,theory_closure
95,0.075,0.925,0.0,11,theory_closure
96,0.075,0.925,0.0,11,theory_closure
97,0.075,0.925,0.0,11,theory_closure
98,0.075,0.925,0.0,11,theory_closure
99,0.075,0.925,0.0,11,theory_closure
100,0.075,0.925,0.0,11,theory_closure
0,0.0,1.0,0.0,12,simulation
1,0.005,0.995,0.0,12,simulation
2,0.015,0.985,0.0,12,simulation
3,0.03,0.97,0.0,12,simulation
4,0.035,0.965,0.0,12,simulation
0,0.0,1.0,0.0,12,theory_closure
1,0.115,0.885,0.0,12,theory_closure
2,0.115,0.885,0.0,12,theory_closure
3,0.115,0.885,0.0,12,theory_closure
4,0.115,0.885,0.0,12,theory_closure
5,0.115,0.885,0.0,12,theory_closure
6,0.115,0.885,0.0,12,theory_closure
7,0.115,0.885,0.0,12,theory_closure
8,0.115,0.885,0.0,12,theory_closure
9,0.115,0.885,0.0,12,theory_closure
10,0.115,0.885,0.0,12,theory_closure
11,0.115,0.885,0.0,12,theory_closure
12,0.115,0.885,0.0,12,theory_closure
13,0.115,0.885,0.0,12,theory_closure
14,0.115,0.885,0.0,12,theory_closure
15,0.115,0.885,0.0,12,theory_closure
16,0.115,0.885,0.0,12,theory_closure
17,0.115,0.885,0.0,12,theory_closure
18,0.115,0.885,0.0,12,theory_closure
19,0.115,0.885,0.0,12,theory_closure
20,0.115,0.885,0.0,12,theory_closure
21,0.115,0.885,0.0,12,theory_closure
22,0.115,0.885,0.0,12,theory_closure
23,0.115,0.885,0.0,12,theory_closure
24,0.115,0.885,0.0,12,theory_closure
25,0.115,0.885,0.0,12,theory_closure
26,0.115,0.885,0.0,12,theory_closure
27,0.115,0.885,0.0,12,theory_closure
28,0.115,0.885,0.0,12,theory_closure
29,0.115,0.885,0.0,12,theory_closure
30,0.115,0.885,0.0,12,theory_closure
31,0.115,0.885,0.0,12,theory_closure
32,0.115,0.885,0.0,12,theory_closure
33,0.115,0.885,0.0,12,theory_closure
34,0.115,0.885,0.0,12,theory_closure
35,0.115,0.885,0.0,12,theory_closure
36,0.115,0.885,0.0,12,theory_closure
37,0.115,0.885,0.0,12,theory_closure
38,0.115,0.885,0.0,12,theory_closure
39,0.115,0.885,0.0,12,theory_closure
40,0.115,0.885,0.0,12,theory_closure
41,0.115,0.885,0.0,12,theory_closure
42,0.115,0.885,0.0,12,theory_closure
43,0.115,0.885,0.0,12,theory_closure
44,0.115,0.885,0.0,12,theory_closure
45,0.115,0.885,0.0,12,theory_closure
46,0.115,0.885,0.0,12,theory_closure
47,0.115,0.885,0.0,12,theory_closure
48,0.115,0.885,0.0,12,theory_closure
49,0.115,0.885,0.0,12,theory_closure
50,0.115,0.885,0.0,12,theory_closure
51,0.115,0.885,0.0,12,theory_closure
52,0.115,0.885,0.0,12,theory_closure
53,0.115,0.885,0.0,12,theory_closure
54,0.115,0.885,0.0,12,theory_closure
55,0.115,0.885,0.0,12,theory_closure
56,0.115,0.885,0.0,12,theory_closure
57,0.115,0.885,0.0,12,theory_closure
58,0.115,0.885,0.0,12,theory_closure
59,0.115,0.885,0.0,12,theory_closure
60,0.115,0.885,0.0,12,theory_closure
61,0.115,0.885,0.0,12,theory_closure
62,0.115,0.885,0.0,12,theory_closure
63,0.115,0.885,0.0,12,theory_closure
64,0.115,0.885,0.0,12,theory_closure
65,0.115,0.885,0.0,12,theory_closure
66,0.115,0.885,0.0,12,theory_closure
67,0.115,0.885,0.0,12,theory_closure
68,0.115,0.885,0.0,12,theory_closure
69,0.115,0.885,0.0,12,theory_closure
70,0.115,0.885,0.0,12,theory_closure
71,0.115,0.885,0.0,12,theory_closure
72,0.115,0.885,0.0,12,theory_closure
73,0.115,0.885,0.0,12,theory_closure
74,0.115,0.885,0.0,12,theory_closure
75,0.115,0.885,0.0,12,theory_closure
76,0.115,0.885,0.0,12,theory_closure
77,0.115,0.885,0.0,12,theory_closure
78,0.115,0.885,0.0,12,theory_closure
79,0.115,0.885,0.0,12,theory_closure
80,0.115,0.885,0.0,12,theory_closure
81,0.115,0.885,0.0,12,theory_closure
82,0.115,0.885,0.0,12,theory_closure
83,0.115,0.885,0.0,12,theory_closure
84,0.115,0.885,0.0,12,theory_closure
85,0.115,0.885,0.0,12,theory_closure
86,0.115,0.885,0.0,12,theory_closure
87,0.115,0.885,0.0,12,theory_closure
88,0.115,0.885,0.0,12,theory_closure
89,0.115,0.885,0.0,12,theory_closure
90,0.115,0.885,0.0,12,theory_closure
91,0.115,0.885,0.0,12,theory_closure
92,0.115,0.885,0.0,12,theory_closure
93,0.115,0.885,0.0,12,theory_closure
94,0.115,0.885,0.0,12,theory_closure
95,0.115,0.885,0.0,12,theory_closure
96,0.115,0.885,0.0,12,theory_closure
97,0.115,0.885,0.0,12,theory_closure
98,0.115,0.885,0.0,12,theory_closure
99,0.115,0.885,0.0,12,theory_closure
100,0.115,0.885,0.0,12,theory_closure
0,0.0,1.0,0.0,13,simulation
1,0.005,0.995,0.0,13,simulation
2,0.02,0.98,0.0,13,simulation
3,0.025,0.975,0.0,13,simulation
4,0.03,0.97,0.0,13,simulation
0,0.0,1.0,0.0,13,theory_closure
1,0.095,0.905,0.0,13,theory_closure
2,0.095,0.905,0.0,13,theory_closure
3,0.095,0.905,0.0,13,theory_closure
4,0.095,0.905,0.0,13,theory_closure
5,0.095,0.905,0.0,13,theory_closure
6,0.095,0.905,0.0,13,theory_closure
7,0.095,0.905,0.0,13,theory_closure
8,0.095,0.905,0.0,13,theory_closure
9,0.095,0.905,0.0,13,theory_closure
10,0.095,0.905,0.0,13,theory_closure
11,0.095,0.905,0.0,13,theory_closure
12,0.095,0.905,0.0,13,theory_closure
13,0.095,0.905,0.0,13,theory_closure
14,0.095,0.905,0.0,13,theory_closure
15,0.095,0.905,0.0,13,theory_closure
16,0.095,0.905,0.0,13,theory_closure
17,0.095,0.905,0.0,13,theory_closure
18,0.095,0.905,0.0,13,theory_closure
19,0.095,0.905,0.0,13,theory_closure
20,0.095,0.905,0.0,13,theory_closure
21,0.095,0.905,0.0,13,theory_closure
22,0.095,0.905,0.0,13,theory_closure
23,0.095,0.905,0.0,13,theory_closure
24,0.095,0.905,0.0,13,theory_closure
25,0.095,0.905,0.0,13,theory_closure
26,0.095,0.905,0.0,13,theory_closure
27,0.095,0.905,0.0,13,theory_closure
28,0.095,0.905,0.0,13,theory_closure
29,0.095,0.905,0.0,13,theory_closure
30,0.095,0.905,0.0,13,theory_closure
31,0.095,0.905,0.0,13,theory_closure
32,0.095,0.905,0.0,13,theory_closure
33,0.095,0.905,0.0,13,theory_closure
34,0.095,0.905,0.0,13,theory_closure
35,0.095,0.905,0.0,13,theory_closure
36,0.095,0.905,0.0,13,theory_closure
37,0.095,0.905,0.0,13,theory_closure
38,0.095,0.905,0.0,13,theory_closure
39,0.095,0.905,0.0,13,theory_closure
40,0.095,0.905,0.0,13,theory_closure
41,0.095,0.905,0.0,13,theory_closure
42,0.095,0.905,0.0,13,theory_closure
43,0.095,0.905,0.0,13,theory_closure
44,0.095,0.905,0.0,13,theory_closure
45,0.095,0.905,0.0,13,theory_closure
46,0.095,0.905,0.0,13,theory_closure
47,0.095,0.905,0.0,13,theory_closure
48,0.095,0.905,0.0,13,theory_closure
49,0.095,0.905,0.0,13,theory_closure
50,0.095,0.905,0.0,13,theory_closure
51,0.095,0.905,0.0,13,theory_closure
52,0.095,0.905,0.0,13,theory_closure
53,0.095,0.905,0.0,13,theory_closure
54,0.095,0.905,0.0,13,theory_closure
55,0.095,0.905,0.0,13,theory_closure
56,0.095,0.905,0.0,13,theory_closure
57,0.095,0.905,0.0,13,theory_closure
58,0.095,0.905,0.0,13,theory_closure
59,0.095,0.905,0.0,13,theory_closure
60,0.095,0.905,0.0,13,theory_closure
61,0.095,0.905,0.0,13,theory_closure
62,0.095,0.905,0.0,13,theory_closure
63,0.095,0.905,0.0,13,theory_closure
64,0.095,0.905,0.0,13,theory_closure
65,0.095,0.905,0.0,13,theory_closure
66,0.095,0.905,0.0,13,theory_closure
67,0.095,0.905,0.0,13,theory_closure
68,0.095,0.905,0.0,13,theory_closure
69,0.095,0.905,0.0,13,theory_closure
70,0.095,0.905,0.0,13,theory_closure
71,0.095,0.905,0.0,13,theory_closure
72,0.095,0.905,0.0,13,theory_closure
73,0.095,0.905,0.0,13,theory_closure
74,0.095,0.905,0.0,13,theory_closure
75,0.095,0.905,0.0,13,theory_closure
76,0.095,0.905,0.0,13,theory_closure
77,0.095,0.905,0.0,13,theory_closure
78,0.095,0.905,0.0,13,theory_closure
79,0.095,0.905,0.0,13,theory_closure
80,0.095,0.905,0.0,13,theory_closure
81,0.095,0.905,0.0,13,theory_closure
82,0.095,0.905,0.0,13,theory_closure
83,0.095,0.905,0.0,13,theory_closure
84,0.095,0.905,0.0,13,theory_closure
85,0.095,0.905,0.0,13,theory_closure
86,0.095,0.905,0.0,13,theory_closure
87,0.095,0.905,0.0,13,theory_closure
88,0.095,0.905,0.0,13,theory_closure
89,0.095,0.905,0.0,13,theory_closure
90,0.095,0.905,0.0,13,theory_closure
91,0.095,0.905,0.0,13,theory_closure
92,0.095,0.905,0.0,13,theory_closure
93,0.095,0.905,0.0,13,theory_closure
94,0.095,0.905,0.0,13,theory_closure
95,0.095,0.905,0.0,13,theory_closure
96,0.095,0.905,0.0,13,theory_closure
97,0.095,0.905,0.0,13,theory_closure
98,0.095,0.905,0.0,13,theory_closure
99,0.095,0.905,0.0,13,theory_closure
100,0.095,0.905,0.0,13,theory_closure
0,0.0,1.0,0.0,14,simulation
1,0.01,0.99,0.0,14,simulation
2,0.02,0.98,0.0,14,simulation
3,0.025,0.975,0.0,14,simulation
4,0.03,0.97,0.0,14,simulation
0,0.0,1.0,0.0,14,theory_closure
1,0.14,0.86,0.0,14,theory_closure
2,0.14,0.86,0.0,14,theory_closure
3,0.14,0.86,0.0,14,theory_closure
4,0.14,0.86,0.0,14,theory_closure
5,0.14,0.86,0.0,14,theory_closure
6,0.14,0.86,0.0,14,theory_closure
7,0.14,0.86,0.0,14,theory_closure
8,0.14,0.86,0.0,14,theory_closure
9,0.14,0.86,0.0,14,theory_closure
10,0.14,0.86,0.0,14,theory_closure
11,0.14,0.86,0.0,14,theory_closure
12,0.14,0.86,0.0,14,theory_closure
13,0.14,0.86,0.0,14,theory_closure
14,0.14,0.86,0.0,14,theory_closure
15,0.14,0.86,0.0,14,theory_closure
16,0.14,0.86,0.0,14,theory_closure
17,0.14,0.86,0.0,14,theory_closure
18,0.14,0.86,0.0,14,theory_closure
19,0.14,0.86,0.0,14,theory_closure
20,0.14,0.86,0.0,14,theory_closure
21,0.14,0.86,0.0,14,theory_closure
22,0.14,0.86,0.0,14,theory_closure
23,0.14,0.86,0.0,14,theory_closure
24,0.14,0.86,0.0,14,theory_closure
25,0.14,0.86,0.0,14,theory_closure
26,0.14,0.86,0.0,14,theory_closure
27,0.14,0.86,0.0,14,theory_closure
28,0.14,0.86,0.0,14,theory_closure
29,0.14,0.86,0.0,14,theory_closure
30,0.14,0.86,0.0,14,theory_closure
31,0.14,0.86,0.0,14,theory_closure
32,0.14,0.86,0.0,14,theory_closure
33,0.14,0.86,0.0,14,theory_closure
34,0.14,0.86,0.0,14,theory_closure
35,0.14,0.86,0.0,14,theory_closure
36,0.14,0.86,0.0,14,theory_closure
37,0.14,0.86,0.0,14,theory_closure
38,0.14,0.86,0.0,14,theory_closure
39,0.14,0.86,0.0,14,theory_closure
40,0.14,0.86,0.0,14,theory_closure
41,0.14,0.86,0.0,14,theory_closure
42,0.14,0.86,0.0,14,theory_closure
43,0.14,0.86,0.0,14,theory_closure
44,0.14,0.86,0.0,14,theory_closure
45,0.14,0.86,0.0,14,theory_closure
46,0.14,0.86,0.0,14,theory_closure
47,0.14,0.86,0.0,14,theory_closure
48,0.14,0.86,0.0,14,theory_closure
49,0.14,0.86,0.0,14,theory_closure
50,0.14,0.86,0.0,14,theory_closure
51,0.14,0.86,0.0,14,theory_closure
52,0.14,0.86,0.0,14,theory_closure
53,0.14,0.86,0.0,14,theory_closure
54,0.14,0.86,0.0,14,theory_closure
55,0.14,0.86,0.0,14,theory_closure
56,0.14,0.86,0.0,14,theory_closure
57,0.14,0.86,0.0,14,theory_closure
58,0.14,0.86,0.0,14,theory_closure
59,0.14,0.86,0.0,14,theory_closure
60,0.14,0.86,0.0,14,theory_closure
61,0.14,0.86,0.0,14,theory_closure
62,0.14,0.86,0.0,14,theory_closure
63,0.14,0.86,0.0,14,theory_closure
64,0.14,0.86,0.0,14,theory_closure
65,0.14,0.86,0.0,14,theory_closure
66,0.14,0.86,0.0,14,theory_closure
67,0.14,0.86,0.0,14,theory_closure
68,0.14,0.86,0.0,14,theory_closure
69,0.14,0.86,0.0,14,theory_closure
70,0.14,0.86,0.0,14,theory_closure
71,0.14,0.86,0.0,14,theory_closure
72,0.14,0.86,0.0,14,theory_closure
73,0.14,0.86,0.0,14,theory_closure
74,0.14,0.86,0.0,14,theory_closure
75,0.14,0.86,0.0,14,theory_closure
76,0.14,0.86,0.0,14,theory_closure
77,0.14,0.86,0.0,14,theory_closure
78,0.14,0.86,0.0,14,theory_closure
79,0.14,0.86,0.0,14,theory_closure
80,0.14,0.86,0.0,14,theory_closure
81,0.14,0.86,0.0,14,theory_closure
82,0.14,0.86,0.0,14,theory_closure
83,0.14,0.86,0.0,14,theory_closure
84,0.14,0.86,0.0,14,theory_closure
85,0.14,0.86,0.0,14,theory_closure
86,0.14,0.86,0.0,14,theory_closure
87,0.14,0.86,0.0,14,theory_closure
88,0.14,0.86,0.0,14,theory_closure
89,0.14,0.86,0.0,14,theory_closure
90,0.14,0.86,0.0,14,theory_closure
91,0.14,0.86,0.0,14,theory_closure
92,0.14,0.86,0.0,14,theory_closure
93,0.14,0.86,0.0,14,theory_closure
94,0.14,0.86,0.0,14,theory_closure
95,0.14,0.86,0.0,14,theory_closure
96,0.14,0.86,0.0,14,theory_closure
97,0.14,0.86,0.0,14,theory_closure
98,0.14,0.86,0.0,14,theory_closure
99,0.14,0.86,0.0,14,theory_closure
100,0.14,0.86,0.0,14,theory_closure
0,0.0,1.0,0.0,15,simulation
1,0.0,1.0,0.0,15,simulation
2,0.0,1.0,0.0,15,simulation
3,0.0,1.0,0.0,15,simulation
4,0.01,0.99,0.0,15,simulation
0,0.0,1.0,0.0,15,theory_closure
1,0.09,0.91,0.0,15,theory_closure
2,0.09,0.91,0.0,15,theory_closure
3,0.09,0.91,0.0,15,theory_closure
4,0.09,0.91,0.0,15,theory_closure
5,0.09,0.91,0.0,15,theory_closure
6,0.09,0.91,0.0,15,theory_closure
7,0.09,0.91,0.0,15,theory_closure
8,0.09,0.91,0.0,15,theory_closure
9,0.09,0.91,0.0,15,theory_closure
10,0.09,0.91,0.0,15,theory_closure
11,0.09,0.91,0.0,15,theory_closure
12,0.09,0.91,0.0,15,theory_closure
13,0.09,0.91,0.0,15,theory_closure
14,0.09,0.91,0.0,15,theory_closure
15,0.09,0.91,0.0,15,theory_closure
16,0.09,0.91,0.0,15,theory_closure
17,0.09,0.91,0.0,15,theory_closure
18,0.09,0.91,0.0,15,theory_closure
19,0.09,0.91,0.0,15,theory_closure
20,0.09,0.91,0.0,15,theory_closure
21,0.09,0.91,0.0,15,theory_closure
22,0.09,0.91,0.0,15,theory_closure
23,0.09,0.91,0.0,15,theory_closure
24,0.09,0.91,0.0,15,theory_closure
25,0.09,0.91,0.0,15,theory_closure
26,0.09,0.91,0.0,15,theory_closure
27,0.09,0.91,0.0,15,theory_closure
28,0.09,0.91,0.0,15,theory_closure
29,0.09,0.91,0.0,15,theory_closure
30,0.09,0.91,0.0,15,theory_closure
31,0.09,0.91,0.0,15,theory_closure
32,0.09,0.91,0.0,15,theory_closure
33,0.09,0.91,0.0,15,theory_closure
34,0.09,0.91,0.0,15,theory_closure
35,0.09,0.91,0.0,15,theory_closure
36,0.09,0.91,0.0,15,theory_closure
37,0.09,0.91,0.0,15,theory_closure
38,0.09,0.91,0.0,15,theory_closure
39,0.09,0.91,0.0,15,theory_closure
40,0.09,0.91,0.0,15,theory_closure
41,0.09,0.91,0.0,15,theory_closure
42,0.09,0.91,0.0,15,theory_closure
43,0.09,0.91,0.0,15,theory_closure
44,0.09,0.91,0.0,15,theory_closure
45,0.09,0.91,0.0,15,theory_closure
46,0.09,0.91,0.0,15,theory_closure
47,0.09,0.91,0.0,15,theory_closure
48,0.09,0.91,0.0,15,theory_closure
49,0.09,0.91,0.0,15,theory_closure
50,0.09,0.91,0.0,15,theory_closure
51,0.09,0.91,0.0,15,theory_closure
52,0.09,0.91,0.0,15,theory_closure
53,0.09,0.91,0.0,15,theory_closure
54,0.09,0.91,0.0,15,theory_closure
55,0.09,0.91,0.0,15,theory_closure
56,0.09,0.91,0.0,15,theory_closure
57,0.09,0.91,0.0,15,theory_closure
58,0.09,0.91,0.0,15,theory_closure
59,0.09,0.91,0.0,15,theory_closure
60,0.09,0.91,0.0,15,theory_closure
61,0.09,0.91,0.0,15,theory_closure
62,0.09,0.91,0.0,15,theory_closure
63,0.09,0.91,0.0,15,theory_closure
64,0.09,0.91,0.0,15,theory_closure
65,0.09,0.91,0.0,15,theory_closure
66,0.09,0.91,0.0,15,theory_closure
67,0.09,0.91,0.0,15,theory_closure
68,0.09,0.91,0.0,15,theory_closure
69,0.09,0.91,0.0,15,theory_closure
70,0.09,0.91,0.0,15,theory_closure
71,0.09,0.91,0.0,15,theory_closure
72,0.09,0.91,0.0,15,theory_closure
73,0.09,0.91,0.0,15,theory_closure
74,0.09,0.91,0.0,15,theory_closure
75,0.09,0.91,0.0,15,theory_closure
76,0.09,0.91,0.0,15,theory_closure
77,0.09,0.91,0.0,15,theory_closure
78,0.09,0.91,0.0,15,theory_closure
79,0.09,0.91,0.0,15,theory_closure
80,0.09,0.91,0.0,15,theory_closure
81,0.09,0.91,0.0,15,theory_closure
82,0.09,0.91,0.0,15,theory_closure
83,0.09,0.91,0.0,15,theory_closure
84,0.09,0.91,0.0,15,theory_closure
85,0.09,0.91,0.0,15,theory_closure
86,0.09,0.91,0.0,15,theory_closure
87,0.09,0.91,0.0,15,theory_closure
88,0.09,0.91,0.0,15,theory_closure
89,0.09,0.91,0.0,15,theory_closure
90,0.09,0.91,0.0,15,theory_closure
91,0.09,0.91,0.0,15,theory_closure
92,0.09,0.91,0.0,15,theory_closure
93,0.09,0.91,0.0,15,theory_closure
94,0.09,0.91,0.0,15,theory_closure
95,0.09,0.91,0.0,15,theory_closure
96,0.09,0.91,0.0,15,theory_closure
97,0.09,0.91,0.0,15,theory_closure
98,0.09,0.91,0.0,15,theory_closure
99,0.09,0.91,0.0,15,theory_closure
100,0.09,0.91,0.0,15,theory_closure
0,0.0,1.0,0.0,16,simulation
1,0.01,0.99,0.0,16,simulation
2,0.015,0.985,0.0,16,simulation
3,0.02,0.98,0.0,16,simulation
4,0.025,0.975,0.0,16,simulation
0,0.0,1.0,0.0,16,theory_closure
1,0.135,0.865,0.0,16,theory_closure
2,0.135,0.865,0.0,16,theory_closure
3,0.135,0.865,0.0,16,theory_closure
4,0.135,0.865,0.0,16,theory_closure
5,0.135,0.865,0.0,16,theory_closure
6,0.135,0.865,0.0,16,theory_closure
7,0.135,0.865,0.0,16,theory_closure
8,0.135,0.865,0.0,16,theory_closure
9,0.135,0.865,0.0,16,theory_closure
10,0.135,0.865,0.0,16,theory_closure
11,0.135,0.865,0.0,16,theory_closure
12,0.135,0.865,0.0,16,theory_closure
13,0.135,0.865,0.0,16,theory_closure
14,0.135,0.865,0.0,16,theory_closure
15,0.135,0.865,0.0,16,theory_closure
16,0.135,0.865,0.0,16,theory_closure
17,0.135,0.865,0.0,16,theory_closure
18,0.135,0.865,0.0,16,theory_closure
19,0.135,0.865,0.0,16,theory_closure
20,0.135,0.865,0.0,16,theory_closure
21,0.135,0.865,0.0,16,theory_closure
22,0.135,0.865,0.0,16,theory_closure
23,0.135,0.865,0.0,16,theory_closure
24,0.135,0.865,0.0,16,theory_closure
25,0.135,0.865,0.0,16,theory_closure
26,0.135,0.865,0.0,16,theory_closure
27,0.135,0.865,0.0,16,theory_closure
28,0.135,0.865,0.0,16,theory_closure
29,0.135,0.865,0.0,16,theory_closure
30,0.135,0.865,0.0,16,theory_closure
31,0.135,0.865,0.0,16,theory_closure
32,0.135,0.865,0.0,16,theory_closure
33,0.135,0.865,0.0,16,theory_closure
34,0.135,0.865,0.0,16,theory_closure
35,0.135,0.865,0.0,16,theory_closure
36,0.135,0.865,0.0,16,theory_closure
37,0.135,0.865,0.0,16,theory_closure
38,0.135,0.865,0.0,16,theory_closure
39,0.135,0.865,0.0,16,theory_closure
40,0.135,0.865,0.0,16,theory_closure
41,0.135,0.865,0.0,16,theory_closure
42,0.135,0.865,0.0,16,theory_closure
43,0.135,0.865,0.0,16,theory_closure
44,0.135,0.865,0.0,16,theory_closure
45,0.135,0.865,0.0,16,theory_closure
46,0.135,0.865,0.0,16,theory_closure
47,0.135,0.865,0.0,16,theory_closure
48,0.135,0.865,0.0,16,theory_closure
49,0.135,0.865,0.0,16,theory_closure
50,0.135,0.865,0.0,16,theory_closure
51,0.135,0.865,0.0,16,theory_closure
52,0.135,0.865,0.0,16,theory_closure
53,0.135,0.865,0.0,16,theory_closure
54,0.135,0.865,0.0,16,theory_closure
55,0.135,0.865,0.0,16,theory_closure
56,0.135,0.865,0.0,16,theory_closure
57,0.135,0.865,0.0,16,theory_closure
58,0.135,0.865,0.0,16,theory_closure
59,0.135,0.865,0.0,16,theory_closure
60,0.135,0.865,0.0,16,theory_closure
61,0.135,0.865,0.0,16,theory_closure
62,0.135,0.865,0.0,16,theory_closure
63,0.135,0.865,0.0,16,theory_closure
64,0.135,0.865,0.0,16,theory_closure
65,0.135,0.865,0.0,16,theory_closure
66,0.135,0.865,0.0,16,theory_closure
67,0.135,0.865,0.0,16,theory_closure
68,0.135,0.865,0.0,16,theory_closure
69,0.135,0.865,0.0,16,theory_closure
70,0.135,0.865,0.0,16,theory_closure
71,0.135,0.865,0.0,16,theory_closure
72,0.135,0.865,0.0,16,theory_closure
73,0.135,0.865,0.0,16,theory_closure
74,0.135,0.865,0.0,16,theory_closure
75,0.135,0.865,0.0,16,theory_closure
76,0.135,0.865,0.0,16,theory_closure
77,0.135,0.865,0.0,16,theory_closure
78,0.135,0.865,0.0,16,theory_closure
79,0.135,0.865,0.0,16,theory_closure
80,0.135,0.865,0.0,16,theory_closure
81,0.135,0.865,0.0,16,theory_closure
82,0.135,0.865,0.0,16,theory_closure
83,0.135,0.865,0.0,16,theory_closure
84,0.135,0.865,0.0,16,theory_closure
85,0.135,0.865,0.0,16,theory_closure
86,0.135,0.865,0.0,16,theory_closure
87,0.135,0.865,0.0,16,theory_closure
88,0.135,0.865,0.0,16,theory_closure
89,0.135,0.865,0.0,16,theory_closure
90,0.135,0.865,0.0,16,theory_closure
91,0.135,0.865,0.0,16,theory_closure
92,0.135,0.865,0.0,16,theory_closure
93,0.135,0.865,0.0,16,theory_closure
94,0.135,0.865,0.0,16,theory_closure
95,0.135,0.865,0.0,16,theory_closure
96,0.135,0.865,0.0,16,theory_closure
97,0.135,0.865,0.0,16,theory_closure
98,0.135,0.865,0.0,16,theory_closure
99,0.135,0.865,0.0,16,theory_closure
100,0.135,0.865,0.0,16,theory_closure
0,0.0,1.0,0.0,17,simulation
1,0.0,1.0,0.0,17,simulation
2,0.0,1.0,0.0,17,simulation
3,0.005,0.995,0.0,17,simulation
4,0.015,0.985,0.0,17,simulation
0,0.0,1.0,0.0,17,theory_closure
1,0.115,0.885,0.0,17,theory_closure
2,0.115,0.885,0.0,17,theory_closure
3,0.115,0.885,0.0,17,theory_closure
4,0.115,0.885,0.0,17,theory_closure
5,0.115,0.885,0.0,17,theory_closure
6,0.115,0.885,0.0,17,theory_closure
7,0.115,0.885,0.0,17,theory_closure
8,0.115,0.885,0.0,17,theory_closure
9,0.115,0.885,0.0,17,theory_closure
10,0.115,0.885,0.0,17,theory_closure
11,0.115,0.885,0.0,17,theory_closure
12,0.115,0.885,0.0,17,theory_closure
13,0.115,0.885,0.0,17,theory_closure
14,0.115,0.885,0.0,17,theory_closure
15,0.115,0.885,0.0,17,theory_closure
16,0.115,0.885,0.0,17,theory_closure
17,0.115,0.885,0.0,17,theory_closure
18,0.115,0.885,0.0,17,theory_closure
19,0.115,0.885,0.0,17,theory_closure
20,0.115,0.885,0.0,17,theory_closure
21,0.115,0.885,0.0,17,theory_closure
22,0.115,0.885,0.0,17,theory_closure
23,0.115,0.885,0.0,17,theory_closure
24,0.115,0.885,0.0,17,theory_closure
25,0.115,0.885,0.0,17,theory_closure
26,0.115,0.885,0.0,17,theory_closure
27,0.115,0.885,0.0,17,theory_closure
28,0.115,0.885,0.0,17,theory_closure
29,0.115,0.885,0.0,17,theory_closure
30,0.115,0.885,0.0,17,theory_closure
31,0.115,0.885,0.0,17,theory_closure
32,0.115,0.885,0.0,17,theory_closure
33,0.115,0.885,0.0,17,theory_closure
34,0.115,0.885,0.0,17,theory_closure
35,0.115,0.885,0.0,17,theory_closure
36,0.115,0.885,0.0,17,theory_closure
37,0.115,0.885,0.0,17,theory_closure
38,0.115,0.885,0.0,17,theory_closure
39,0.115,0.885,0.0,17,theory_closure
40,0.115,0.885,0.0,17,theory_closure
41,0.115,0.885,0.0,17,theory_closure
42,0.115,0.885,0.0,17,theory_closure
43,0.115,0.885,0.0,17,theory_closure
44,0.115,0.885,0.0,17,theory_closure
45,0.115,0.885,0.0,17,theory_closure
46,0.115,0.885,0.0,17,theory_closure
47,0.115,0.885,0.0,17,theory_closure
48,0.115,0.885,0.0,17,theory_closure
49,0.115,0.885,0.0,17,theory_closure
50,0.115,0.885,0.0,17,theory_closure
51,0.115,0.885,0.0,17,theory_closure
52,0.115,0.885,0.0,17,theory_closure
53,0.115,0.885,0.0,17,theory_closure
54,0.115,0.885,0.0,17,theory_closure
55,0.115,0.885,0.0,17,theory_closure
56,0.115,0.885,0.0,17,theory_closure
57,0.115,0.885,0.0,17,theory_closure
58,0.115,0.885,0.0,17,theory_closure
59,0.115,0.885,0.0,17,theory_closure
60,0.115,0.885,0.0,17,theory_closure
61,0.115,0.885,0.0,17,theory_closure
62,0.115,0.885,0.0,17,theory_closure
63,0.115,0.885,0.0,17,theory_closure
64,0.115,0.885,0.0,17,theory_closure
65,0.115,0.885,0.0,17,theory_closure
66,0.115,0.885,0.0,17,theory_closure
67,0.115,0.885,0.0,17,theory_closure
68,0.115,0.885,0.0,17,theory_closure
69,0.115,0.885,0.0,17,theory_closure
70,0.115,0.885,0.0,17,theory_closure
71,0.115,0.885,0.0,17,theory_closure
72,0.115,0.885,0.0,17,theory_closure
73,0.115,0.885,0.0,17,theory_closure
74,0.115,0.885,0.0,17,theory_closure
75,0.115,0.885,0.0,17,theory_closure
76,0.115,0.885,0.0,17,theory_closure
77,0.115,0.885,0.0,17,theory_closure
78,0.115,0.885,0.0,17,theory_closure
79,0.115,0.885,0.0,17,theory_closure
80,0.115,0.885,0.0,17,theory_closure
81,0.115,0.885,0.0,17,theory_closure
82,0.115,0.885,0.0,17,theory_closure
83,0.115,0.885,0.0,17,theory_closure
84,0.115,0.885,0.0,17,theory_closure
85,0.115,0.885,0.0,17,theory_closure
86,0.115,0.885,0.0,17,theory_closure
87,0.115,0.885,0.0,17,theory_closure
88,0.115,0.885,0.0,17,theory_closure
89,0.115,0.885,0.0,17,theory_closure
90,0.115,0.885,0.0,17,theory_closure
91,0.115,0.885,0.0,17,theory_closure
92,0.115,0.885,0.0,17,theory_closure
93,0.115,0.885,0.0,17,theory_closure
94,0.115,0.885,0.0,17,theory_closure
95,0.115,0.885,0.0,17,theory_closure
96,0.115,0.885,0.0,17,theory_closure
97,0.115,0.885,0.0,17,theory_closure
98,0.115,0.885,0.0,17,theory_closure
99,0.115,0.885,0.0,17,theory_closure
100,0.115,0.885,0.0,17,theory_closure
0,0.0,0.94,0.06,18,simulation
1,0.0,0.94,0.06,18,simulation
2,0.01,0.935,0.055,18,simulation
3,0.01,0.935,0.055,18,simulation
4,0.01,0.94,0.05,18,simulation
5,0.015,0.935,0.05,18,simulation
6,0.015,0.94,0.045,18,simulation
7,0.015,0.945,0.04,18,simulation
8,0.015,0.945,0.04,18,simulation
9,0.02,0.945,0.035,18,simulation
10,0.035,0.93,0.035,18,simulation
11,0.035,0.93,0.035,18,simulation
12,0.035,0.93,0.035,18,simulation
13,0.035,0.93,0.035,18,simulation
0,0.0,0.94,0.06,18,theory_closure
1,0.125,0.86,0.015,18,theory_closure
2,0.125,0.875,0.0,18,theory_closure
3,0.125,0.875,0.0,18,theory_closure
4,0.125,0.875,0.0,18,theory_closure
5,0.125,0.875,0.0,18,theory_closure
6,0.125,0.875,0.0,18,theory_closure
7,0.125,0.875,0.0,18,theory_closure
8,0.125,0.875,0.0,18,theory_closure
9,0.125,0.875,0.0,18,theory_closure
10,0.125,0.875,0.0,18,theory_closure
11,0.125,0.875,0.0,18,theory_closure
12,0.125,0.875,0.0,18,theory_closure
13,0.125,0.875,0.0,18,theory_closure
14,0.125,0.875,0.0,18,theory_closure
15,0.125,0.875,0.0,18,theory_closure
16,0.125,0.875,0.0,18,theory_closure
17,0.125,0.875,0.0,18,theory_closure
18,0.125,0.875,0.0,18,theory_closure
19,0.125,0.875,0.0,18,theory_closure
20,0.125,0.875,0.0,18,theory_closure
21,0.125,0.875,0.0,18,theory_closure
22,0.125,0.875,0.0,18,theory_closure
23,0.125,0.875,0.0,18,theory_closure
24,0.125,0.875,0.0,18,theory_closure
25,0.125,0.875,0.0,18,theory_closure
26,0.125,0.875,0.0,18,theory_closure
27,0.125,0.875,0.0,18,theory_closure
28,0.125,0.875,0.0,18,theory_closure
29,0.125,0.875,0.0,18,theory_closure
30,0.125,0.875,0.0,18,theory_closure
31,0.125,0.875,0.0,18,theory_closure
32,0.125,0.875,0.0,18,theory_closure
33,0.125,0.875,0.0,18,theory_closure
34,0.125,0.875,0.0,18,theory_closure
35,0.125,0.875,0.0,18,theory_closure
36,0.125,0.875,0.0,18,theory_closure
37,0.125,0.875,0.0,18,theory_closure
38,0.125,0.875,0.0,18,theory_closure
39,0.125,0.875,0.0,18,theory_closure
40,0.125,0.875,0.0,18,theory_closure
41,0.125,0.875,0.0,18,theory_closure
42,0.125,0.875,0.0,18,theory_closure
43,0.125,0.875,0.0,18,theory_closure
44,0.125,0.875,0.0,18,theory_closure
45,0.125,0.875,0.0,18,theory_closure
46,0.125,0.875,0.0,18,theory_closure
47,0.125,0.875,0.0,18,theory_closure
48,0.125,0.875,0.0,18,theory_closure
49,0.125,0.875,0.0,18,theory_closure
50,0.125,0.875,0.0,18,theory_closure
51,0.125,0.875,0.0,18,theory_closure
52,0.125,0.875,0.0,18,theory_closure
53,0.125,0.875,0.0,18,theory_closure
54,0.125,0.875,0.0,18,theory_closure
55,0.125,0.875,0.0,18,theory_closure
56,0.125,0.875,0.0,18,theory_closure
57,0.125,0.875,0.0,18,theory_closure
58,0.125,0.875,0.0,18,theory_closure
59,0.125,0.875,0.0,18,theory_closure
60,0.125,0.875,0.0,18,theory_closure
61,0.125,0.875,0.0,18,theory_closure
62,0.125,0.875,0.0,18,theory_closure
63,0.125,0.875,0.0,18,theory_closure
64,0.125,0.875,0.0,18,theory_closure
65,0.125,0.875,0.0,18,theory_closure
66,0.125,0.875,0.0,18,theory_closure
67,0.125,0.875,0.0,18,theory_closure
68,0.125,0.875,0.0,18,theory_closure
69,0.125,0.875,0.0,18,theory_closure
70,0.125,0.875,0.0,18,theory_closure
71,0.125,0.875,0.0,18,theory_closure
72,0.125,0.875,0.0,18,theory_closure
73,0.125,0.875,0.0,18,theory_closure
74,0.125,0.875,0.0,18,theory_closure
75,0.125,0.875,0.0,18,theory_closure
76,0.125,0.875,0.0,18,theory_closure
77,0.125,0.875,0.0,18,theory_closure
78,0.125,0.875,0.0,18,theory_closure
79,0.125,0.875,0.0,18,theory_closure
80,0.125,0.875,0.0,18,theory_closure
81,0.125,0.875,0.0,18,theory_closure
82,0.125,0.875,0.0,18,theory_closure
83,0.125,0.875,0.0,18,theory_closure
84,0.125,0.875,0.0,18,theory_closure
85,0.125,0.875,0.0,18,theory_closure
86,0.125,0.875,0.0,18,theory_closure
87,0.125,0.875,0.0,18,theory_closure
88,0.125,0.875,0.0,18,theory_closure
89,0.125,0.875,0.0,18,theory_closure
90,0.125,0.875,0.0,18,theory_closure
91,0.125,0.875,0.0,18,theory_closure
92,0.125,0.875,0.0,18,theory_closure
93,0.125,0.875,0.0,18,theory_closure
94,0.125,0.875,0.0,18,theory_closure
95,0.125,0.875,0.0,18,theory_closure
96,0.125,0.875,0.0,18,theory_closure
97,0.125,0.875,0.0,18,theory_closure
98,0.125,0.875,0.0,18,theory_closure
99,0.125,0.875,0.0,18,theory_closure
100,0.125,0.875,0.0,18,theory_closure
0,0.0,0.94,0.06,19,simulation
1,0.0,0.89,0.11,19,simulation
2,0.0,0.845,0.155,19,simulation
3,0.005,0.805,0.19,19,simulation
4,0.01,0.76,0.23,19,simulation
5,0.01,0.72,0.27,19,simulation
6,0.01,0.685,0.305,19,simulation
7,0.015,0.65,0.335,19,simulation
8,0.015,0.605,0.38,19,simulation
9,0.015,0.565,0.42,19,simulation
10,0.02,0.535,0.445,19,simulation
11,0.02,0.5,0.48,19,simulation
12,0.02,0.47,0.51,19,simulation
13,0.02,0.445,0.535,19,simulation
14,0.02,0.425,0.555,19,simulation
15,0.02,0.405,0.575,19,simulation
16,0.02,0.385,0.595,19,simulation
17,0.025,0.365,0.61,19,simulation
18,0.025,0.34,0.635,19,simulation
19,0.03,0.32,0.65,19,simulation
20,0.03,0.3,0.67,19,simulation
21,0.03,0.29,0.68,19,simulation
22,0.03,0.265,0.705,19,simulation
23,0.03,0.255,0.715,19,simulation
24,0.03,0.24,0.73,19,simulation
25,0.03,0.235,0.735,19,simulation
26,0.03,0.225,0.745,19,simulation
27,0.03,0.225,0.745,19,simulation
28,0.03,0.21,0.76,19,simulation
29,0.035,0.2,0.765,19,simulation
30,0.035,0.195,0.77,19,simulation
31,0.035,0.18,0.785,19,simulation
32,0.035,0.175,0.79,19,simulation
33,0.04,0.16,0.8,19,simulation
34,0.04,0.14,0.82,19,simulation
35,0.04,0.13,0.83,19,simulation
36,0.04,0.125,0.835,19,simulation
37,0.04,0.11,0.85,19,simulation
38,0.04,0.105,0.855,19,simulation
39,0.04,0.1,0.86,19,simulation
40,0.04,0.095,0.865,19,simulation
41,0.04,0.095,0.865,19,simulation
42,0.04,0.09,0.87,19,simulation
43,0.04,0.08,0.88,19,simulation
44,0.04,0.08,0.88,19,simulation
45,0.04,0.08,0.88,19,simulation
46,0.04,0.08,0.88,19,simulation
47,0.04,0.07,0.89,19,simulation
48,0.04,0.07,0.89,19,simulation
49,0.04,0.06,0.9,19,simulation
50,0.04,0.055,0.905,19,simulation
51,0.04,0.05,0.91,19,simulation
52,0.04,0.045,0.915,19,simulation
53,0.04,0.04,0.92,19,simulation
54,0.04,0.035,0.925,19,simulation
55,0.04,0.03,0.93,19,simulation
56,0.04,0.025,0.935,19,simulation
57,0.04,0.025,0.935,19,simulation
58,0.04,0.02,0.94,19,simulation
59,0.045,0.015,0.94,19,simulation
60,0.045,0.015,0.94,19,simulation
61,0.045,0.015,0.94,19,simulation
62,0.045,0.01,0.945,19,simulation
63,0.045,0.01,0.945,19,simulation
64,0.045,0.01,0.945,19,simulation
65,0.045,0.005,0.95,19,simulation
66,0.045,0.005,0.95,19,simulation
67,0.045,0.005,0.95,19,simulation
68,0.045,0.005,0.95,19,simulation
69,0.045,0.005,0.95,19,simulation
0,0.0,0.94,0.06,19,theory_closure
1,0.115,0.715,0.17,19,theory_closure
2,0.045,0.0,0.955,19,theory_closure
3,0.045,0.0,0.955,19,theory_closure
4,0.045,0.0,0.955,19,theory_closure
5,0.045,0.0,0.955,19,theory_closure
6,0.045,0.0,0.955,19,theory_closure
7,0.045,0.0,0.955,19,theory_closure
8,0.045,0.0,0.955,19,theory_closure
9,0.045,0.0,0.955,19,theory_closure
10,0.045,0.0,0.955,19,theory_closure
11,0.045,0.0,0.955,19,theory_closure
12,0.045,0.0,0.955,19,theory_closure
13,0.045,0.0,0.955,19,theory_closure
14,0.045,0.0,0.955,19,theory_closure
15,0.045,0.0,0.955,19,theory_closure
16,0.045,0.0,0.955,19,theory_closure
17,0.045,0.0,0.955,19,theory_closure
18,0.045,0.0,0.955,19,theory_closure
19,0.045,0.0,0.955,19,theory_closure
20,0.045,0.0,0.955,19,theory_closure
21,0.045,0.0,0.955,19,theory_closure
22,0.045,0.0,0.955,19,theory_closure
23,0.045,0.0,0.955,19,theory_closure
24,0.045,0.0,0.955,19,theory_closure
25,0.045,0.0,0.955,19,theory_closure
26,0.045,0.0,0.955,19,theory_closure
27,0.045,0.0,0.955,19,theory_closure
28,0.045,0.0,0.955,19,theory_closure
29,0.045,0.0,0.955,19,theory_closure
30,0.045,0.0,0.955,19,theory_closure
31,0.045,0.0,0.955,19,theory_closure
32,0.045,0.0,0.955,19,theory_closure
33,0.045,0.0,0.955,19,theory_closure
34,0.045,0.0,0.955,19,theory_closure
35,0.045,0.0,0.955,19,theory_closure
36,0.045,0.0,0.955,19,theory_closure
37,0.045,0.0,0.955,19,theory_closure
38,0.045,0.0,0.955,19,theory_closure
39,0.045,0.0,0.955,19,theory_closure
40,0.045,0.0,0.955,19,theory_closure
41,0.045,0.0,0.955,19,theory_closure
42,0.045,0.0,0.955,19,theory_closure
43,0.045,0.0,0.955,19,theory_closure
44,0.045,0.0,0.955,19,theory_closure
45,0.045,0.0,0.955,19,theory_closure
46,0.045,0.0,0.955,19,theory_closure
47,0.045,0.0,0.955,19,theory_closure
48,0.045,0.0,0.955,19,theory_closure
49,0.045,0.0,0.955,19,theory_closure
50,0.045,0.0,0.955,19,theory_closure
51,0.045,0.0,0.955,19,theory_closure
52,0.045,0.0,0.955,19,theory_closure
53,0.045,0.0,0.955,19,theory_closure
54,0.045,0.0,0.955,19,theory_closure
55,0.045,0.0,0.955,19,theory_closure
56,0.045,0.0,0.955,19,theory_closure
57,0.045,0.0,0.955,19,theory_closure
58,0.045,0.0,0.955,19,theory_closure
59,0.045,0.0,0.955,19,theory_closure
60,0.045,0.0,0.955,19,theory_closure
61,0.045,0.0,0.955,19,theory_closure
62,0.045,0.0,0.955,19,theory_closure
63,0.045,0.0,0.955,19,theory_closure
64,0.045,0.0,0.955,19,theory_closure
65,0.045,0.0,0.955,19,theory_closure
66,0.045,0.0,0.955,19,theory_closure
67,0.045,0.0,0.955,19,theory_closure
68,0.045,0.0,0.955,19,theory_closure
69,0.045,0.0,0.955,19,theory_closure
70,0.045,0.0,0.955,19,theory_closure
71,0.045,0.0,0.955,19,theory_closure
72,0.045,0.0,0.955,19,theory_closure
73,0.045,0.0,0.955,19,theory_closure
74,0.045,0.0,0.955,19,theory_closure
75,0.045,0.0,0.955,19,theory_closure
76,0.045,0.0,0.955,19,theory_closure
77,0.045,0.0,0.955,19,theory_closure
78,0.045,0.0,0.955,19,theory_closure
79,0.045,0.0,0.955,19,theory_closure
80,0.045,0.0,0.955,19,theory_closure
81,0.045,0.0,0.955,19,theory_closure
82,0.045,0.0,0.955,19,theory_closure
83,0.045,0.0,0.955,19,theory_closure
84,0.045,0.0,0.955,19,theory_closure
85,0.045,0.0,0.955,19,theory_closure
86,0.045,0.0,0.955,19,theory_closure
87,0.045,0.0,0.955,19,theory_closure
88,0.045,0.0,0.955,19,theory_closure
89,0.045,0.0,0.955,19,theory_closure
90,0.045,0.0,0.955,19,theory_closure
91,0.045,0.0,0.955,19,theory_closure
92,0.045,0.0,0.955,19,theory_closure
93,0.045,0.0,0.955,19,theory_closure
94,0.045,0.0,0.955,19,theory_closure
95,0.045,0.0,0.955,19,theory_closure
96,0.045,0.0,0.955,19,theory_closure
97,0.045,0.0,0.955,19,theory_closure
98,0.045,0.0,0.955,19,theory_closure
99,0.045,0.0,0.955,19,theory_closure
100,0.045,0.0,0.955,19,theory_closure
0,0.0,0.94,0.06,20,simulation
1,0.01,0.91,0.08,20,simulation
2,0.01,0.875,0.115,20,simulation
3,0.01,0.83,0.16,20,simulation
4,0.01,0.78,0.21,20,simulation
5,0.01,0.74,0.25,20,simulation
6,0.01,0.72,0.27,20,simulation
7,0.01,0.68,0.31,20,simulation
8,0.01,0.65,0.34,20,simulation
9,0.01,0.615,0.375,20,simulation
10,0.01,0.595,0.395,20,simulation
11,0.01,0.56,0.43,20,simulation
12,0.01,0.54,0.45,20,simulation
13,0.01,0.51,0.48,20,simulation
14,0.01,0.49,0.5,20,simulation
15,0.015,0.455,0.53,20,simulation
16,0.015,0.42,0.565,20,simulation
17,0.015,0.41,0.575,20,simulation
18,0.015,0.385,0.6,20,simulation
19,0.015,0.375,0.61,20,simulation
20,0.01,0.355,0.635,20,simulation
21,0.01,0.325,0.665,20,simulation
22,0.01,0.31,0.68,20,simulation
23,0.015,0.3,0.685,20,simulation
24,0.015,0.29,0.695,20,simulation
25,0.02,0.275,0.705,20,simulation
26,0.02,0.275,0.705,20,simulation
27,0.02,0.265,0.715,20,simulation
28,0.02,0.255,0.725,20,simulation
29,0.02,0.25,0.73,20,simulation
30,0.02,0.235,0.745,20,simulation
31,0.02,0.215,0.765,20,simulation
32,0.02,0.205,0.775,20,simulation
33,0.02,0.19,0.79,20,simulation
34,0.02,0.18,0.8,20,simulation
35,0.02,0.175,0.805,20,simulation
36,0.02,0.165,0.815,20,simulation
37,0.02,0.15,0.83,20,simulation
38,0.02,0.135,0.845,20,simulation
39,0.02,0.13,0.85,20,simulation
40,0.02,0.12,0.86,20,simulation
41,0.02,0.11,0.87,20,simulation
42,0.02,0.1,0.88,20,simulation
43,0.02,0.1,0.88,20,simulation
44,0.02,0.1,0.88,20,simulation
45,0.02,0.095,0.885,20,simulation
46,0.02,0.095,0.885,20,simulation
47,0.02,0.09,0.89,20,simulation
48,0.02,0.08,0.9,20,simulation
49,0.02,0.08,0.9,20,simulation
50,0.02,0.075,0.905,20,simulation
51,0.02,0.075,0.905,20,simulation
52,0.02,0.075,0.905,20,simulation
53,0.02,0.065,0.915,20,simulation
54,0.02,0.065,0.915,20,simulation
55,0.02,0.065,0.915,20,simulation
56,0.02,0.065,0.915,20,simulation
57,0.02,0.065,0.915,20,simulation
0,0.0,0.94,0.06,20,theory_closure
1,0.07,0.58,0.35,20,theory_closure
2,0.025,0.0,0.975,20,theory_closure
3,0.025,0.0,0.975,20,theory_closure
4,0.025,0.0,0.975,20,theory_closure
5,0.025,0.0,0.975,20,theory_closure
6,0.025,0.0,0.975,20,theory_closure
7,0.025,0.0,0.975,20,theory_closure
8,0.025,0.0,0.975,20,theory_closure
9,0.025,0.0,0.975,20,theory_closure
10,0.025,0.0,0.975,20,theory_closure
11,0.025,0.0,0.975,20,theory_closure
12,0.025,0.0,0.975,20,theory_closure
13,0.025,0.0,0.975,20,theory_closure
14,0.025,0.0,0.975,20,theory_closure
15,0.025,0.0,0.975,20,theory_closure
16,0.025,0.0,0.975,20,theory_closure
17,0.025,0.0,0.975,20,theory_closure
18,0.025,0.0,0.975,20,theory_closure
19,0.025,0.0,0.975,20,theory_closure
20,0.025,0.0,0.975,20,theory_closure
21,0.025,0.0,0.975,20,theory_closure
22,0.025,0.0,0.975,20,theory_closure
23,0.025,0.0,0.975,20,theory_closure
24,0.025,0.0,0.975,20,theory_closure
25,0.025,0.0,0.975,20,theory_closure
26,0.025,0.0,0.975,20,theory_closure
27,0.025,0.0,0.975,20,theory_closure
28,0.025,0.0,0.975,20,theory_closure
29,0.025,0.0,0.975,20,theory_closure
30,0.025,0.0,0.975,20,theory_closure
31,0.025,0.0,0.975,20,theory_closure
32,0.025,0.0,0.975,20,theory_closure
33,0.025,0.0,0.975,20,theory_closure
34,0.025,0.0,0.975,20,theory_closure
35,0.025,0.0,0.975,20,theory_closure
36,0.025,0.0,0.975,20,theory_closure
37,0.025,0.0,0.975,20,theory_closure
38,0.025,0.0,0.975,20,theory_closure
39,0.025,0.0,0.975,20,theory_closure
40,0.025,0.0,0.975,20,theory_closure
41,0.025,0.0,0.975,20,theory_closure
42,0.025,0.0,0.975,20,theory_closure
43,0.025,0.0,0.975,20,theory_closure
44,0.025,0.0,0.975,20,theory_closure
45,0.025,0.0,0.975,20,theory_closure
46,0.025,0.0,0.975,20,theory_closure
47,0.025,0.0,0.975,20,theory_closure
48,0.025,0.0,0.975,20,theory_closure
49,0.025,0.0,0.975,20,theory_closure
50,0.025,0.0,0.975,20,theory_closure
51,0.025,0.0,0.975,20,theory_closure
52,0.025,0.0,0.975,20,theory_closure
53,0.025,0.0,0.975,20,theory_closure
54,0.025,0.0,0.975,20,theory_closure
55,0.025,0.0,0.975,20,theory_closure
56,0.025,0.0,0.975,20,theory_closure
57,0.025,0.0,0.975,20,theory_closure
58,0.025,0.0,0.975,20,theory_closure
59,0.025,0.0,0.975,20,theory_closure
60,0.025,0.0,0.975,20,theory_closure
61,0.025,0.0,0.975,20,theory_closure
62,0.025,0.0,0.975,20,theory_closure
63,0.025,0.0,0.975,20,theory_closure
64,0.025,0.0,0.975,20,theory_closure
65,0.025,0.0,0.975,20,theory_closure
66,0.025,0.0,0.975,20,theory_closure
67,0.025,0.0,0.975,20,theory_closure
68,0.025,0.0,0.975,20,theory_closure
69,0.025,0.0,0.975,20,theory_closure
70,0.025,0.0,0.975,20,theory_closure
71,0.025,0.0,0.975,20,theory_closure
72,0.025,0.0,0.975,20,theory_closure
73,0.025,0.0,0.975,20,theory_closure
74,0.025,0.0,0.975,20,theory_closure
75,0.025,0.0,0.975,20,theory_closure
76,0.025,0.0,0.975,20,theory_closure
77,0.025,0.0,0.975,20,theory_closure
78,0.025,0.0,0.975,20,theory_closure
79,0.025,0.0,0.975,20,theory_closure
80,0.025,0.0,0.975,20,theory_closure
81,0.025,0.0,0.975,20,theory_closure
82,0.025,0.0,0.975,20,theory_closure
83,0.025,0.0,0.975,20,theory_closure
84,0.025,0.0,0.975,20,theory_closure
85,0.025,0.0,0.975,20,theory_closure
86,0.025,0.0,0.975,20,theory_closure
87,0.025,0.0,0.975,20,theory_closure
88,0.025,0.0,0.975,20,theory_closure
89,0.025,0.0,0.975,20,theory_closure
90,0.025,0.0,0.975,20,theory_closure
91,0.025,0.0,0.975,20,theory_closure
92,0.025,0.0,0.975,20,theory_closure
93,0.025,0.0,0.975,20,theory_closure
94,0.025,0.0,0.975,20,theory_closure
95,0.025,0.0,0.975,20,theory_closure
96,0.025,0.0,0.975,20,theory_closure
97,0.025,0.0,0.975,20,theory_closure
98,0.025,0.0,0.975,20,theory_closure
99,0.025,0.0,0.975,20,theory_closure
100,0.025,0.0,0.975,20,theory_closure
0,0.0,0.94,0.06,21,simulation
1,0.005,0.925,0.07,21,simulation
2,0.015,0.915,0.07,21,simulation
3,0.015,0.885,0.1,21,simulation
4,0.015,0.87,0.115,21,simulation
5,0.025,0.825,0.15,21,simulation
6,0.025,0.775,0.2,21,simulation
7,0.025,0.73,0.245,21,simulation
8,0.025,0.69,0.285,21,simulation
9,0.02,0.66,0.32,21,simulation
10,0.02,0.63,0.35,21,simulation
11,0.015,0.6,0.385,21,simulation
12,0.015,0.585,0.4,21,simulation
13,0.015,0.55,0.435,21,simulation
14,0.015,0.52,0.465,21,simulation
15,0.015,0.5,0.485,21,simulation
16,0.015,0.47,0.515,21,simulation
17,0.015,0.46,0.525,21,simulation
18,0.015,0.445,0.54,21,simulation
19,0.015,0.42,0.565,21,simulation
20,0.015,0.405,0.58,21,simulation
21,0.02,0.385,0.595,21,simulation
22,0.02,0.365,0.615,21,simulation
23,0.025,0.34,0.635,21,simulation
24,0.025,0.32,0.655,21,simulation
25,0.025,0.305,0.67,21,simulation
26,0.02,0.295,0.685,21,simulation
27,0.02,0.275,0.705,21,simulation
28,0.02,0.265,0.715,21,simulation
29,0.025,0.25,0.725,21,simulation
30,0.025,0.24,0.735,21,simulation
31,0.025,0.225,0.75,21,simulation
32,0.025,0.225,0.75,21,simulation
33,0.025,0.22,0.755,21,simulation
34,0.03,0.21,0.76,21,simulation
35,0.03,0.205,0.765,21,simulation
36,0.03,0.2,0.77,21,simulation
37,0.03,0.19,0.78,21,simulation
38,0.03,0.185,0.785,21,simulation
39,0.025,0.175,0.8,21,simulation
40,0.025,0.155,0.82,21,simulation
41,0.025,0.15,0.825,21,simulation
42,0.025,0.135,0.84,21,simulation
43,0.025,0.125,0.85,21,simulation
44,0.025,0.11,0.865,21,simulation
45,0.025,0.105,0.87,21,simulation
46,0.025,0.1,0.875,21,simulation
47,0.025,0.095,0.88,21,simulation
48,0.025,0.09,0.885,21,simulation
49,0.025,0.085,0.89,21,simulation
50,0.025,0.08,0.895,21,simulation
51,0.025,0.075,0.9,21,simulation
52,0.025,0.075,0.9,21,simulation
53,0.025,0.065,0.91,21,simulation
54,0.025,0.06,0.915,21,simulation
55,0.025,0.06,0.915,21,simulation
56,0.025,0.06,0.915,21,simulation
57,0.025,0.055,0.92,21,simulation
58,0.025,0.05,0.925,21,simulation
59,0.025,0.05,0.925,21,simulation
60,0.025,0.05,0.925,21,simulation
61,0.025,0.045,0.93,21,simulation
62,0.025,0.045,0.93,21,simulation
63,0.025,0.045,0.93,21,simulation
64,0.025,0.045,0.93,21,simulation
65,0.025,0.045,0.93,21,simulation
0,0.0,0.94,0.06,21,theory_closure
1,0.095,0.905,0.0,21,theory_closure
2,0.095,0.905,0.0,21,theory_closure
3,0.095,0.905,0.0,21,theory_closure
4,0.095,0.905,0.0,21,theory_closure
5,0.095,0.905,0.0,21,theory_closure
6,0.095,0.905,0.0,21,theory_closure
7,0.095,0.905,0.0,21,theory_closure
8,0.095,0.905,0.0,21,theory_closure
9,0.095,0.905,0.0,21,theory_closure
10,0.095,0.905,0.0,21,theory_closure
11,0.095,0.905,0.0,21,theory_closure
12,0.095,0.905,0.0,21,theory_closure
13,0.095,0.905,0.0,21,theory_closure
14,0.095,0.905,0.0,21,theory_closure
15,0.095,0.905,0.0,21,theory_closure
16,0.095,0.905,0.0,21,theory_closure
17,0.095,0.905,0.0,21,theory_closure
18,0.095,0.905,0.0,21,theory_closure
19,0.095,0.905,0.0,21,theory_closure
20,0.095,0.905,0.0,21,theory_closure
21,0.095,0.905,0.0,21,theory_closure
22,0.095,0.905,0.0,21,theory_closure
23,0.095,0.905,0.0,21,theory_closure
24,0.095,0.905,0.0,21,theory_closure
25,0.095,0.905,0.0,21,theory_closure
26,0.095,0.905,0.0,21,theory_closure
27,0.095,0.905,0.0,21,theory_closure
28,0.095,0.905,0.0,21,theory_closure
29,0.095,0.905,0.0,21,theory_closure
30,0.095,0.905,0.0,21,theory_closure
31,0.095,0.905,0.0,21,theory_closure
32,0.095,0.905,0.0,21,theory_closure
33,0.095,0.905,0.0,21,theory_closure
34,0.095,0.905,0.0,21,theory_closure
35,0.095,0.905,0.0,21,theory_closure
36,0.095,0.905,0.0,21,theory_closure
37,0.095,0.905,0.0,21,theory_closure
38,0.095,0.905,0.0,21,theory_closure
39,0.095,0.905,0.0,21,theory_closure
40,0.095,0.905,0.0,21,theory_closure
41,0.095,0.905,0.0,21,theory_closure
42,0.095,0.905,0.0,21,theory_closure
43,0.095,0.905,0.0,21,theory_closure
44,0.095,0.905,0.0,21,theory_closure
45,0.095,0.905,0.0,21,theory_closure
46,0.095,0.905,0.0,21,theory_closure
47,0.095,0.905,0.0,21,theory_closure
48,0.095,0.905,0.0,21,theory_closure
49,0.095,0.905,0.0,21,theory_closure
50,0.095,0.905,0.0,21,theory_closure
51,0.095,0.905,0.0,21,theory_closure
52,0.095,0.905,0.0,21,theory_closure
53,0.095,0.905,0.0,21,theory_closure
54,0.095,0.905,0.0,21,theory_closure
55,0.095,0.905,0.0,21,theory_closure
56,0.095,0.905,0.0,21,theory_closure
57,0.095,0.905,0.0,21,theory_closure
58,0.095,0.905,0.0,21,theory_closure
59,0.095,0.905,0.0,21,theory_closure
60,0.095,0.905,0.0,21,theory_closure
61,0.095,0.905,0.0,21,theory_closure
62,0.095,0.905,0.0,21,theory_closure
63,0.095,0.905,0.0,21,theory_closure
64,0.095,0.905,0.0,21,theory_closure
65,0.095,0.905,0.0,21,theory_closure
66,0.095,0.905,0.0,21,theory_closure
67,0.095,0.905,0.0,21,theory_closure
68,0.095,0.905,0.0,21,theory_closure
69,0.095,0.905,0.0,21,theory_closure
70,0.095,0.905,0.0,21,theory_closure
71,0.095,0.905,0.0,21,theory_closure
72,0.095,0.905,0.0,21,theory_closure
73,0.095,0.905,0.0,21,theory_closure
74,0.095,0.905,0.0,21,theory_closure
75,0.095,0.905,0.0,21,theory_closure
76,0.095,0.905,0.0,21,theory_closure
77,0.095,0.905,0.0,21,theory_closure
78,0.095,0.905,0.0,21,theory_closure
79,0.095,0.905,0.0,21,theory_closure
80,0.095,0.905,0.0,21,theory_closure
81,0.095,0.905,0.0,21,theory_closure
82,0.095,0.905,0.0,21,theory_closure
83,0.095,0.905,0.0,21,theory_closure
84,0.095,0.905,0.0,21,theory_closure
85,0.095,0.905,0.0,21,theory_closure
86,0.095,0.905,0.0,21,theory_closure
87,0.095,0.905,0.0,21,theory_closure
88,0.095,0.905,0.0,21,theory_closure
89,0.095,0.905,0.0,21,theory_closure
90,0.095,0.905,0.0,21,theory_closure
91,0.095,0.905,0.0,21,theory_closure
92,0.095,0.905,0.0,21,theory_closure
93,0.095,0.905,0.0,21,theory_closure
94,0.095,0.905,0.0,21,theory_closure
95,0.095,0.905,0.0,21,theory_closure
96,0.095,0.905,0.0,21,theory_closure
97,0.095,0.905,0.0,21,theory_closure
98,0.095,0.905,0.0,21,theory_closure
99,0.095,0.905,0.0,21,theory_closure
100,0.095,0.905,0.0,21,theory_closure
0,0.0,0.94,0.06,22,simulation
1,0.01,0.925,0.065,22,simulation
2,0.01,0.925,0.065,22,simulation
3,0.01,0.925,0.065,22,simulation
4,0.015,0.9,0.085,22,simulation
5,0.015,0.855,0.13,22,simulation
6,0.02,0.82,0.16,22,simulation
7,0.03,0.775,0.195,22,simulation
8,0.03,0.725,0.245,22,simulation
9,0.03,0.695,0.275,22,simulation
10,0.03,0.665,0.305,22,simulation
11,0.035,0.63,0.335,22,simulation
12,0.035,0.605,0.36,22,simulation
13,0.035,0.585,0.38,22,simulation
14,0.035,0.56,0.405,22,simulation
15,0.035,0.525,0.44,22,simulation
16,0.035,0.495,0.47,22,simulation
17,0.035,0.47,0.495,22,simulation
18,0.035,0.445,0.52,22,simulation
19,0.035,0.43,0.535,22,simulation
20,0.035,0.405,0.56,22,simulation
21,0.035,0.405,0.56,22,simulation
22,0.035,0.37,0.595,22,simulation
23,0.035,0.345,0.62,22,simulation
24,0.035,0.315,0.65,22,simulation
25,0.035,0.3,0.665,22,simulation
26,0.035,0.29,0.675,22,simulation
27,0.035,0.28,0.685,22,simulation
28,0.035,0.27,0.695,22,simulation
29,0.035,0.26,0.705,22,simulation
30,0.035,0.235,0.73,22,simulation
31,0.035,0.225,0.74,22,simulation
32,0.035,0.21,0.755,22,simulation
33,0.035,0.205,0.76,22,simulation
34,0.035,0.2,0.765,22,simulation
35,0.035,0.19,0.775,22,simulation
36,0.035,0.18,0.785,22,simulation
37,0.035,0.165,0.8,22,simulation
38,0.035,0.16,0.805,22,simulation
39,0.035,0.16,0.805,22,simulation
40,0.035,0.145,0.82,22,simulation
41,0.035,0.135,0.83,22,simulation
42,0.035,0.13,0.835,22,simulation
43,0.035,0.12,0.845,22,simulation
44,0.035,0.11,0.855,22,simulation
45,0.035,0.1,0.865,22,simulation
46,0.035,0.1,0.865,22,simulation
47,0.035,0.085,0.88,22,simulation
48,0.035,0.085,0.88,22,simulation
49,0.035,0.085,0.88,22,simulation
50,0.035,0.085,0.88,22,simulation
51,0.035,0.08,0.885,22,simulation
52,0.035,0.075,0.89,22,simulation
53,0.035,0.075,0.89,22,simulation
54,0.035,0.075,0.89,22,simulation
55,0.035,0.055,0.91,22,simulation
56,0.03,0.05,0.92,22,simulation
57,0.03,0.05,0.92,22,simulation
58,0.03,0.045,0.925,22,simulation
59,0.03,0.04,0.93,22,simulation
60,0.03,0.04,0.93,22,simulation
61,0.03,0.04,0.93,22,simulation
62,0.035,0.035,0.93,22,simulation
63,0.035,0.035,0.93,22,simulation
0,0.0,0.94,0.06,22,theory_closure
1,0.08,0.575,0.345,22,theory_closure
2,0.035,0.0,0.965,22,theory_closure
3,0.035,0.0,0.965,22,theory_closure
4,0.035,0.0,0.965,22,theory_closure
5,0.035,0.0,0.965,22,theory_closure
6,0.035,0.0,0.965,22,theory_closure
7,0.035,0.0,0.965,22,theory_closure
8,0.035,0.0,0.965,22,theory_closure
9,0.035,0.0,0.965,22,theory_closure
10,0.035,0.0,0.965,22,theory_closure
11,0.035,0.0,0.965,22,theory_closure
12,0.035,0.0,0.965,22,theory_closure
13,0.035,0.0,0.965,22,theory_closure
14,0.035,0.0,0.965,22,theory_closure
15,0.035,0.0,0.965,22,theory_closure
16,0.035,0.0,0.965,22,theory_closure
17,0.035,0.0,0.965,22,theory_closure
18,0.035,0.0,0.965,22,theory_closure
19,0.035,0.0,0.965,22,theory_closure
20,0.035,0.0,0.965,22,theory_closure
21,0.035,0.0,0.965,22,theory_closure
22,0.035,0.0,0.965,22,theory_closure
23,0.035,0.0,0.965,22,theory_closure
24,0.035,0.0,0.965,22,theory_closure
25,0.035,0.0,0.965,22,theory_closure
26,0.035,0.0,0.965,22,theory_closure
27,0.035,0.0,0.965,22,theory_closure
28,0.035,0.0,0.965,22,theory_closure
29,0.035,0.0,0.965,22,theory_closure
30,0.035,0.0,0.965,22,theory_closure
31,0.035,0.0,0.965,22,theory_closure
32,0.035,0.0,0.965,22,theory_closure
33,0.035,0.0,0.965,22,theory_closure
34,0.035,0.0,0.965,22,theory_closure
35,0.035,0.0,0.965,22,theory_closure
36,0.035,0.0,0.965,22,theory_closure
37,0.035,0.0,0.965,22,theory_closure
38,0.035,0.0,0.965,22,theory_closure
39,0.035,0.0,0.965,22,theory_closure
40,0.035,0.0,0.965,22,theory_closure
41,0.035,0.0,0.965,22,theory_closure
42,0.035,0.0,0.965,22,theory_closure
43,0.035,0.0,0.965,22,theory_closure
44,0.035,0.0,0.965,22,theory_closure
45,0.035,0.0,0.965,22,theory_closure
46,0.035,0.0,0.965,22,theory_closure
47,0.035,0.0,0.965,22,theory_closure
48,0.035,0.0,0.965,22,theory_closure
49,0.035,0.0,0.965,22,theory_closure
50,0.035,0.0,0.965,22,theory_closure
51,0.035,0.0,0.965,22,theory_closure
52,0.035,0.0,0.965,22,theory_closure
53,0.035,0.0,0.965,22,theory_closure
54,0.035,0.0,0.965,22,theory_closure
55,0.035,0.0,0.965,22,theory_closure
56,0.035,0.0,0.965,22,theory_closure
57,0.035,0.0,0.965,22,theory_closure
58,0.035,0.0,0.965,22,theory_closure
59,0.035,0.0,0.965,22,theory_closure
60,0.035,0.0,0.965,22,theory_closure
61,0.035,0.0,0.965,22,theory_closure
62,0.035,0.0,0.965,22,theory_closure
63,0.035,0.0,0.965,22,theory_closure
64,0.035,0.0,0.965,22,theory_closure
65,0.035,0.0,0.965,22,theory_closure
66,0.035,0.0,0.965,22,theory_closure
67,0.035,0.0,0.965,22,theory_closure
68,0.035,0.0,0.965,22,theory_closure
69,0.035,0.0,0.965,22,theory_closure
70,0.035,0.0,0.965,22,theory_closure
71,0.035,0.0,0.965,22,theory_closure
72,0.035,0.0,0.965,22,theory_closure
73,0.035,0.0,0.965,22,theory_closure
74,0.035,0.0,0.965,22,theory_closure
75,0.035,0.0,0.965,22,theory_closure
76,0.035,0.0,0.965,22,theory_closure
77,0.035,0.0,0.965,22,theory_closure
78,0.035,0.0,0.965,22,theory_closure
79,0.035,0.0,0.965,22,theory_closure
80,0.035,0.0,0.965,22,theory_closure
81,0.035,0.0,0.965,22,theory_closure
82,0.035,0.0,0.965,22,theory_closure
83,0.035,0.0,0.965,22,theory_closure
84,0.035,0.0,0.965,22,theory_closure
85,0.035,0.0,0.965,22,theory_closure
86,0.035,0.0,0.965,22,theory_closure
87,0.035,0.0,0.965,22,theory_closure
88,0.035,0.0,0.965,22,theory_closure
89,0.035,0.0,0.965,22,theory_closure
90,0.035,0.0,0.965,22,theory_closure
91,0.035,0.0,0.965,22,theory_closure
92,0.035,0.0,0.965,22,theory_closure
93,0.035,0.0,0.965,22,theory_closure
94,0.035,0.0,0.965,22,theory_closure
95,0.035,0.0,0.965,22,theory_closure
96,0.035,0.0,0.965,22,theory_closure
97,0.035,0.0,0.965,22,theory_closure
98,0.035,0.0,0.965,22,theory_closure
99,0.035,0.0,0.965,22,theory_closure
100,0.035,0.0,0.965,22,theory_closure
0,0.0,0.94,0.06,23,simulation
1,0.005,0.935,0.06,23,simulation
2,0.005,0.93,0.065,23,simulation
3,0.01,0.905,0.085,23,simulation
4,0.015,0.87,0.115,23,simulation
5,0.015,0.825,0.16,23,simulation
6,0.02,0.79,0.19,23,simulation
7,0.02,0.745,0.235,23,simulation
8,0.02,0.7,0.28,23,simulation
9,0.025,0.665,0.31,23,simulation
10,0.025,0.625,0.35,23,simulation
11,0.025,0.6,0.375,23,simulation
12,0.025,0.57,0.405,23,simulation
13,0.025,0.55,0.425,23,simulation
14,0.025,0.525,0.45,23,simulation
15,0.025,0.52,0.455,23,simulation
16,0.03,0.495,0.475,23,simulation
17,0.03,0.48,0.49,23,simulation
18,0.03,0.46,0.51,23,simulation
19,0.025,0.435,0.54,23,simulation
20,0.025,0.43,0.545,23,simulation
21,0.025,0.405,0.57,23,simulation
22,0.025,0.385,0.59,23,simulation
23,0.03,0.36,0.61,23,simulation
24,0.03,0.355,0.615,23,simulation
25,0.03,0.335,0.635,23,simulation
26,0.03,0.325,0.645,23,simulation
27,0.03,0.305,0.665,23,simulation
28,0.03,0.285,0.685,23,simulation
29,0.03,0.265,0.705,23,simulation
30,0.03,0.245,0.725,23,simulation
31,0.03,0.24,0.73,23,simulation
32,0.03,0.235,0.735,23,simulation
33,0.03,0.225,0.745,23,simulation
34,0.03,0.215,0.755,23,simulation
35,0.03,0.21,0.76,23,simulation
36,0.03,0.205,0.765,23,simulation
37,0.03,0.205,0.765,23,simulation
38,0.03,0.18,0.79,23,simulation
39,0.03,0.17,0.8,23,simulation
40,0.03,0.16,0.81,23,simulation
41,0.03,0.15,0.82,23,simulation
42,0.03,0.135,0.835,23,simulation
43,0.03,0.13,0.84,23,simulation
44,0.03,0.13,0.84,23,simulation
45,0.03,0.125,0.845,23,simulation
46,0.03,0.12,0.85,23,simulation
47,0.03,0.115,0.855,23,simulation
48,0.03,0.11,0.86,23,simulation
49,0.03,0.11,0.86,23,simulation
50,0.035,0.1,0.865,23,simulation
51,0.035,0.09,0.875,23,simulation
52,0.035,0.08,0.885,23,simulation
53,0.035,0.075,0.89,23,simulation
54,0.035,0.075,0.89,23,simulation
55,0.035,0.07,0.895,23,simulation
56,0.035,0.07,0.895,23,simulation
57,0.035,0.07,0.895,23,simulation
58,0.035,0.07,0.895,23,simulation
59,0.035,0.06,0.905,23,simulation
60,0.035,0.06,0.905,23,simulation
61,0.035,0.055,0.91,23,simulation
62,0.035,0.05,0.915,23,simulation
63,0.035,0.045,0.92,23,simulation
64,0.035,0.045,0.92,23,simulation
65,0.035,0.04,0.925,23,simulation
66,0.035,0.04,0.925,23,simulation
67,0.035,0.04,0.925,23,simulation
68,0.035,0.035,0.93,23,simulation
69,0.035,0.035,0.93,23,simulation
70,0.035,0.025,0.94,23,simulation
71,0.035,0.02,0.945,23,simulation
72,0.035,0.015,0.95,23,simulation
73,0.035,0.015,0.95,23,simulation
74,0.035,0.01,0.955,23,simulation
75,0.035,0.01,0.955,23,simulation
76,0.035,0.01,0.955,23,simulation
77,0.035,0.01,0.955,23,simulation
78,0.035,0.01,0.955,23,simulation
0,0.0,0.94,0.06,23,theory_closure
1,0.1,0.85,0.05,23,theory_closure
2,0.1,0.795,0.105,23,theory_closure
3,0.095,0.435,0.47,23,theory_closure
4,0.035,0.0,0.965,23,theory_closure
5,0.035,0.0,0.965,23,theory_closure
6,0.035,0.0,0.965,23,theory_closure
7,0.035,0.0,0.965,23,theory_closure
8,0.035,0.0,0.965,23,theory_closure
9,0.035,0.0,0.965,23,theory_closure
10,0.035,0.0,0.965,23,theory_closure
11,0.035,0.0,0.965,23,theory_closure
12,0.035,0.0,0.965,23,theory_closure
13,0.035,0.0,0.965,23,theory_closure
14,0.035,0.0,0.965,23,theory_closure
15,0.035,0.0,0.965,23,theory_closure
16,0.035,0.0,0.965,23,theory_closure
17,0.035,0.0,0.965,23,theory_closure
18,0.035,0.0,0.965,23,theory_closure
19,0.035,0.0,0.965,23,theory_closure
20,0.035,0.0,0.965,23,theory_closure
21,0.035,0.0,0.965,23,theory_closure
22,0.035,0.0,0.965,23,theory_closure
23,0.035,0.0,0.965,23,theory_closure
24,0.035,0.0,0.965,23,theory_closure
25,0.035,0.0,0.965,23,theory_closure
26,0.035,0.0,0.965,23,theory_closure
27,0.035,0.0,0.965,23,theory_closure
28,0.035,0.0,0.965,23,theory_closure
29,0.035,0.0,0.965,23,theory_closure
30,0.035,0.0,0.965,23,theory_closure
31,0.035,0.0,0.965,23,theory_closure
32,0.035,0.0,0.965,23,theory_closure
33,0.035,0.0,0.965,23,theory_closure
34,0.035,0.0,0.965,23,theory_closure
35,0.035,0.0,0.965,23,theory_closure
36,0.035,0.0,0.965,23,theory_closure
37,0.035,0.0,0.965,23,theory_closure
38,0.035,0.0,0.965,23,theory_closure
39,0.035,0.0,0.965,23,theory_closure
40,0.035,0.0,0.965,23,theory_closure
41,0.035,0.0,0.965,23,theory_closure
42,0.035,0.0,0.965,23,theory_closure
43,0.035,0.0,0.965,23,theory_closure
44,0.035,0.0,0.965,23,theory_closure
45,0.035,0.0,0.965,23,theory_closure
46,0.035,0.0,0.965,23,theory_closure
47,0.035,0.0,0.965,23,theory_closure
48,0.035,0.0,0.965,23,theory_closure
49,0.035,0.0,0.965,23,theory_closure
50,0.035,0.0,0.965,23,theory_closure
51,0.035,0.0,0.965,23,theory_closure
52,0.035,0.0,0.965,23,theory_closure
53,0.035,0.0,0.965,23,theory_closure
54,0.035,0.0,0.965,23,theory_closure
55,0.035,0.0,0.965,23,theory_closure
56,0.035,0.0,0.965,23,theory_closure
57,0.035,0.0,0.965,23,theory_closure
58,0.035,0.0,0.965,23,theory_closure
59,0.035,0.0,0.965,23,theory_closure
60,0.035,0.0,0.965,23,theory_closure
61,0.035,0.0,0.965,23,theory_closure
62,0.035,0.0,0.965,23,theory_closure
63,0.035,0.0,0.965,23,theory_closure
64,0.035,0.0,0.965,23,theory_closure
65,0.035,0.0,0.965,23,theory_closure
66,0.035,0.0,0.965,23,theory_closure
67,0.035,0.0,0.965,23,theory_closure
68,0.035,0.0,0.965,23,theory_closure
69,0.035,0.0,0.965,23,theory_closure
70,0.035,0.0,0.965,23,theory_closure
71,0.035,0.0,0.965,23,theory_closure
72,0.035,0.0,0.965,23,theory_closure
73,0.035,0.0,0.965,23,theory_closure
74,0.035,0.0,0.965,23,theory_closure
75,0.035,0.0,0.965,23,theory_closure
76,0.035,0.0,0.965,23,theory_closure
77,0.035,0.0,0.965,23,theory_closure
78,0.035,0.0,0.965,23,theory_closure
79,0.035,0.0,0.965,23,theory_closure
80,0.035,0.0,0.965,23,theory_closure
81,0.035,0.0,0.965,23,theory_closure
82,0.035,0.0,0.965,23,theory_closure
83,0.035,0.0,0.965,23,theory_closure
84,0.035,0.0,0.965,23,theory_closure
85,0.035,0.0,0.965,23,theory_closure
86,0.035,0.0,0.965,23,theory_closure
87,0.035,0.0,0.965,23,theory_closure
88,0.035,0.0,0.965,23,theory_closure
89,0.035,0.0,0.965,23,theory_closure
90,0.035,0.0,0.965,23,theory_closure
91,0.035,0.0,0.965,23,theory_closure
92,0.035,0.0,0.965,23,theory_closure
93,0.035,0.0,0.965,23,theory_closure
94,0.035,0.0,0.965,23,theory_closure
95,0.035,0.0,0.965,23,theory_closure
96,0.035,0.0,0.965,23,theory_closure
97,0.035,0.0,0.965,23,theory_closure
98,0.035,0.0,0.965,23,theory_closure
99,0.035,0.0,0.965,23,theory_closure
100,0.035,0.0,0.965,23,theory_closure
0,0.0,0.94,0.06,24,simulation
1,0.005,0.935,0.06,24,simulation
2,0.03,0.91,0.06,24,simulation
3,0.03,0.91,0.06,24,simulation
4,0.04,0.9,0.06,24,simulation
0,0.0,0.94,0.06,24,theory_closure
1,0.115,0.7,0.185,24,theory_closure
2,0.055,0.0,0.945,24,theory_closure
3,0.055,0.0,0.945,24,theory_closure
4,0.055,0.0,0.945,24,theory_closure
5,0.055,0.0,0.945,24,theory_closure
6,0.055,0.0,0.945,24,theory_closure
7,0.055,0.0,0.945,24,theory_closure
8,0.055,0.0,0.945,24,theory_closure
9,0.055,0.0,0.945,24,theory_closure
10,0.055,0.0,0.945,24,theory_closure
11,0.055,0.0,0.945,24,theory_closure
12,0.055,0.0,0.945,24,theory_closure
13,0.055,0.0,0.945,24,theory_closure
14,0.055,0.0,0.945,24,theory_closure
15,0.055,0.0,0.945,24,theory_closure
16,0.055,0.0,0.945,24,theory_closure
17,0.055,0.0,0.945,24,theory_closure
18,0.055,0.0,0.945,24,theory_closure
19,0.055,0.0,0.945,24,theory_closure
20,0.055,0.0,0.945,24,theory_closure
21,0.055,0.0,0.945,24,theory_closure
22,0.055,0.0,0.945,24,theory_closure
23,0.055,0.0,0.945,24,theory_closure
24,0.055,0.0,0.945,24,theory_closure
25,0.055,0.0,0.945,24,theory_closure
26,0.055,0.0,0.945,24,theory_closure
27,0.055,0.0,0.945,24,theory_closure
28,0.055,0.0,0.945,24,theory_closure
29,0.055,0.0,0.945,24,theory_closure
30,0.055,0.0,0.945,24,theory_closure
31,0.055,0.0,0.945,24,theory_closure
32,0.055,0.0,0.945,24,theory_closure
33,0.055,0.0,0.945,24,theory_closure
34,0.055,0.0,0.945,24,theory_closure
35,0.055,0.0,0.945,24,theory_closure
36,0.055,0.0,0.945,24,theory_closure
37,0.055,0.0,0.945,24,theory_closure
38,0.055,0.0,0.945,24,theory_closure
39,0.055,0.0,0.945,24,theory_closure
40,0.055,0.0,0.945,24,theory_closure
41,0.055,0.0,0.945,24,theory_closure
42,0.055,0.0,0.945,24,theory_closure
43,0.055,0.0,0.945,24,theory_closure
44,0.055,0.0,0.945,24,theory_closure
45,0.055,0.0,0.945,24,theory_closure
46,0.055,0.0,0.945,24,theory_closure
47,0.055,0.0,0.945,24,theory_closure
48,0.055,0.0,0.945,24,theory_closure
49,0.055,0.0,0.945,24,theory_closure
50,0.055,0.0,0.945,24,theory_closure
51,0.055,0.0,0.945,24,theory_closure
52,0.055,0.0,0.945,24,theory_closure
53,0.055,0.0,0.945,24,theory_closure
54,0.055,0.0,0.945,24,theory_closure
55,0.055,0.0,0.945,24,theory_closure
56,0.055,0.0,0.945,24,theory_closure
57,0.055,0.0,0.945,24,theory_closure
58,0.055,0.0,0.945,24,theory_closure
59,0.055,0.0,0.945,24,theory_closure
60,0.055,0.0,0.945,24,theory_closure
61,0.055,0.0,0.945,24,theory_closure
62,0.055,0.0,0.945,24,theory_closure
63,0.055,0.0,0.945,24,theory_closure
64,0.055,0.0,0.945,24,theory_closure
65,0.055,0.0,0.945,24,theory_closure
66,0.055,0.0,0.945,24,theory_closure
67,0.055,0.0,0.945,24,theory_closure
68,0.055,0.0,0.945,24,theory_closure
69,0.055,0.0,0.945,24,theory_closure
70,0.055,0.0,0.945,24,theory_closure
71,0.055,0.0,0.945,24,theory_closure
72,0.055,0.0,0.945,24,theory_closure
73,0.055,0.0,0.945,24,theory_closure
74,0.055,0.0,0.945,24,theory_closure
75,0.055,0.0,0.945,24,theory_closure
76,0.055,0.0,0.945,24,theory_closure
77,0.055,0.0,0.945,24,theory_closure
78,0.055,0.0,0.945,24,theory_closure
79,0.055,0.0,0.945,24,theory_closure
80,0.055,0.0,0.945,24,theory_closure
81,0.055,0.0,0.945,24,theory_closure
82,0.055,0.0,0.945,24,theory_closure
83,0.055,0.0,0.945,24,theory_closure
84,0.055,0.0,0.945,24,theory_closure
85,0.055,0.0,0.945,24,theory_closure
86,0.055,0.0,0.945,24,theory_closure
87,0.055,0.0,0.945,24,theory_closure
88,0.055,0.0,0.945,24,theory_closure
89,0.055,0.0,0.945,24,theory_closure
90,0.055,0.0,0.945,24,theory_closure
91,0.055,0.0,0.945,24,theory_closure
92,0.055,0.0,0.945,24,theory_closure
93,0.055,0.0,0.945,24,theory_closure
94,0.055,0.0,0.945,24,theory_closure
95,0.055,0.0,0.945,24,theory_closure
96,0.055,0.0,0.945,24,theory_closure
97,0.055,0.0,0.945,24,theory_closure
98,0.055,0.0,0.945,24,theory_closure
99,0.055,0.0,0.945,24,theory_closure
100,0.055,0.0,0.945,24,theory_closure
0,0.0,0.94,0.06,25,simulation
1,0.005,0.935,0.06,25,simulation
2,0.005,0.935,0.06,25,simulation
3,0.005,0.935,0.06,25,simulation
4,0.015,0.93,0.055,25,simulation
5,0.015,0.935,0.05,25,simulation
6,0.015,0.935,0.05,25,simulation
7,0.02,0.93,0.05,25,simulation
8,0.02,0.93,0.05,25,simulation
9,0.02,0.935,0.045,25,simulation
10,0.02,0.945,0.035,25,simulation
11,0.02,0.945,0.035,25,simulation
12,0.025,0.94,0.035,25,simulation
13,0.025,0.945,0.03,25,simulation
14,0.025,0.945,0.03,25,simulation
15,0.025,0.945,0.03,25,simulation
16,0.025,0.945,0.03,25,simulation
17,0.025,0.945,0.03,25,simulation
0,0.0,0.94,0.06,25,theory_closure
1,0.08,0.835,0.085,25,theory_closure
2,0.065,0.31,0.625,25,theory_closure
3,0.025,0.0,0.975,25,theory_closure
4,0.025,0.0,0.975,25,theory_closure
5,0.025,0.0,0.975,25,theory_closure
6,0.025,0.0,0.975,25,theory_closure
7,0.025,0.0,0.975,25,theory_closure
8,0.025,0.0,0.975,25,theory_closure
9,0.025,0.0,0.975,25,theory_closure
10,0.025,0.0,0.975,25,theory_closure
11,0.025,0.0,0.975,25,theory_closure
12,0.025,0.0,0.975,25,theory_closure
13,0.025,0.0,0.975,25,theory_closure
14,0.025,0.0,0.975,25,theory_closure
15,0.025,0.0,0.975,25,theory_closure
16,0.025,0.0,0.975,25,theory_closure
17,0.025,0.0,0.975,25,theory_closure
18,0.025,0.0,0.975,25,theory_closure
19,0.025,0.0,0.975,25,theory_closure
20,0.025,0.0,0.975,25,theory_closure
21,0.025,0.0,0.975,25,theory_closure
22,0.025,0.0,0.975,25,theory_closure
23,0.025,0.0,0.975,25,theory_closure
24,0.025,0.0,0.975,25,theory_closure
25,0.025,0.0,0.975,25,theory_closure
26,0.025,0.0,0.975,25,theory_closure
27,0.025,0.0,0.975,25,theory_closure
28,0.025,0.0,0.975,25,theory_closure
29,0.025,0.0,0.975,25,theory_closure
30,0.025,0.0,0.975,25,theory_closure
31,0.025,0.0,0.975,25,theory_closure
32,0.025,0.0,0.975,25,theory_closure
33,0.025,0.0,0.975,25,theory_closure
34,0.025,0.0,0.975,25,theory_closure
35,0.025,0.0,0.975,25,theory_closure
36,0.025,0.0,0.975,25,theory_closure
37,0.025,0.0,0.975,25,theory_closure
38,0.025,0.0,0.975,25,theory_closure
39,0.025,0.0,0.975,25,theory_closure
40,0.025,0.0,0.975,25,theory_closure
41,0.025,0.0,0.975,25,theory_closure
42,0.025,0.0,0.975,25,theory_closure
43,0.025,0.0,0.975,25,theory_closure
44,0.025,0.0,0.975,25,theory_closure
45,0.025,0.0,0.975,25,theory_closure
46,0.025,0.0,0.975,25,theory_closure
47,0.025,0.0,0.975,25,theory_closure
48,0.025,0.0,0.975,25,theory_closure
49,0.025,0.0,0.975,25,theory_closure
50,0.025,0.0,0.975,25,theory_closure
51,0.025,0.0,0.975,25,theory_closure
52,0.025,0.0,0.975,25,theory_closure
53,0.025,0.0,0.975,25,theory_closure
54,0.025,0.0,0.975,25,theory_closure
55,0.025,0.0,0.975,25,theory_closure
56,0.025,0.0,0.975,25,theory_closure
57,0.025,0.0,0.975,25,theory_closure
58,0.025,0.0,0.975,25,theory_closure
59,0.025,0.0,0.975,25,theory_closure
60,0.025,0.0,0.975,25,theory_closure
61,0.025,0.0,0.975,25,theory_closure
62,0.025,0.0,0.975,25,theory_closure
63,0.025,0.0,0.975,25,theory_closure
64,0.025,0.0,0.975,25,theory_closure
65,0.025,0.0,0.975,25,theory_closure
66,0.025,0.0,0.975,25,theory_closure
67,0.025,0.0,0.975,25,theory_closure
68,0.025,0.0,0.975,25,theory_closure
69,0.025,0.0,0.975,25,theory_closure
70,0.025,0.0,0.975,25,theory_closure
71,0.025,0.0,0.975,25,theory_closure
72,0.025,0.0,0.975,25,theory_closure
73,0.025,0.0,0.975,25,theory_closure
74,0.025,0.0,0.975,25,theory_closure
75,0.025,0.0,0.975,25,theory_closure
76,0.025,0.0,0.975,25,theory_closure
77,0.025,0.0,0.975,25,theory_closure
78,0.025,0.0,0.975,25,theory_closure
79,0.025,0.0,0.975,25,theory_closure
80,0.025,0.0,0.975,25,theory_closure
81,0.025,0.0,0.975,25,theory_closure
82,0.025,0.0,0.975,25,theory_closure
83,0.025,0.0,0.975,25,theory_closure
84,0.025,0.0,0.975,25,theory_closure
85,0.025,0.0,0.975,25,theory_closure
86,0.025,0.0,0.975,25,theory_closure
87,0.025,0.0,0.975,25,theory_closure
88,0.025,0.0,0.975,25,theory_closure
89,0.025,0.0,0.975,25,theory_closure
90,0.025,0.0,0.975,25,theory_closure
91,0.025,0.0,0.975,25,theory_closure
92,0.025,0.0,0.975,25,theory_closure
93,0.025,0.0,0.975,25,theory_closure
94,0.025,0.0,0.975,25,theory_closure
95,0.025,0.0,0.975,25,theory_closure
96,0.025,0.0,0.975,25,theory_closure
97,0.025,0.0,0.975,25,theory_closure
98,0.025,0.0,0.975,25,theory_closure
99,0.025,0.0,0.975,25,theory_closure
100,0.025,0.0,0.975,25,theory_closure
0,0.0,0.94,0.06,26,simulation
1,0.01,0.93,0.06,26,simulation
2,0.01,0.935,0.055,26,simulation
3,0.01,0.935,0.055,26,simulation
4,0.02,0.935,0.045,26,simulation
5,0.02,0.935,0.045,26,simulation
6,0.03,0.925,0.045,26,simulation
7,0.03,0.925,0.045,26,simulation
8,0.04,0.92,0.04,26,simulation
9,0.04,0.92,0.04,26,simulation
10,0.045,0.925,0.03,26,simulation
11,0.05,0.92,0.03,26,simulation
12,0.05,0.92,0.03,26,simulation
13,0.055,0.915,0.03,26,simulation
14,0.055,0.915,0.03,26,simulation
0,0.0,0.94,0.06,26,theory_closure
1,0.095,0.525,0.38,26,theory_closure
2,0.05,0.0,0.95,26,theory_closure
3,0.05,0.0,0.95,26,theory_closure
4,0.05,0.0,0.95,26,theory_closure
5,0.05,0.0,0.95,26,theory_closure
6,0.05,0.0,0.95,26,theory_closure
7,0.05,0.0,0.95,26,theory_closure
8,0.05,0.0,0.95,26,theory_closure
9,0.05,0.0,0.95,26,theory_closure
10,0.05,0.0,0.95,26,theory_closure
11,0.05,0.0,0.95,26,theory_closure
12,0.05,0.0,0.95,26,theory_closure
13,0.05,0.0,0.95,26,theory_closure
14,0.05,0.0,0.95,26,theory_closure
15,0.05,0.0,0.95,26,theory_closure
16,0.05,0.0,0.95,26,theory_closure
17,0.05,0.0,0.95,26,theory_closure
18,0.05,0.0,0.95,26,theory_closure
19,0.05,0.0,0.95,26,theory_closure
20,0.05,0.0,0.95,26,theory_closure
21,0.05,0.0,0.95,26,theory_closure
22,0.05,0.0,0.95,26,theory_closure
23,0.05,0.0,0.95,26,theory_closure
24,0.05,0.0,0.95,26,theory_closure
25,0.05,0.0,0.95,26,theory_closure
26,0.05,0.0,0.95,26,theory_closure
27,0.05,0.0,0.95,26,theory_closure
28,0.05,0.0,0.95,26,theory_closure
29,0.05,0.0,0.95,26,theory_closure
30,0.05,0.0,0.95,26,theory_closure
31,0.05,0.0,0.95,26,theory_closure
32,0.05,0.0,0.95,26,theory_closure
33,0.05,0.0,0.95,26,theory_closure
34,0.05,0.0,0.95,26,theory_closure
35,0.05,0.0,0.95,26,theory_closure
36,0.05,0.0,0.95,26,theory_closure
37,0.05,0.0,0.95,26,theory_closure
38,0.05,0.0,0.95,26,theory_closure
39,0.05,0.0,0.95,26,theory_closure
40,0.05,0.0,0.95,26,theory_closure
41,0.05,0.0,0.95,26,theory_closure
42,0.05,0.0,0.95,26,theory_closure
43,0.05,0.0,0.95,26,theory_closure
44,0.05,0.0,0.95,26,theory_closure
45,0.05,0.0,0.95,26,theory_closure
46,0.05,0.0,0.95,26,theory_closure
47,0.05,0.0,0.95,26,theory_closure
48,0.05,0.0,0.95,26,theory_closure
49,0.05,0.0,0.95,26,theory_closure
50,0.05,0.0,0.95,26,theory_closure
51,0.05,0.0,0.95,26,theory_closure
52,0.05,0.0,0.95,26,theory_closure
53,0.05,0.0,0.95,26,theory_closure
54,0.05,0.0,0.95,26,theory_closure
55,0.05,0.0,0.95,26,theory_closure
56,0.05,0.0,0.95,26,theory_closure
57,0.05,0.0,0.95,26,theory_closure
58,0.05,0.0,0.95,26,theory_closure
59,0.05,0.0,0.95,26,theory_closure
60,0.05,0.0,0.95,26,theory_closure
61,0.05,0.0,0.95,26,theory_closure
62,0.05,0.0,0.95,26,theory_closure
63,0.05,0.0,0.95,26,theory_closure
64,0.05,0.0,0.95,26,theory_closure
65,0.05,0.0,0.95,26,theory_closure
66,0.05,0.0,0.95,26,theory_closure
67,0.05,0.0,0.95,26,theory_closure
68,0.05,0.0,0.95,26,theory_closure
69,0.05,0.0,0.95,26,theory_closure
70,0.05,0.0,0.95,26,theory_closure
71,0.05,0.0,0.95,26,theory_closure
72,0.05,0.0,0.95,26,theory_closure
73,0.05,0.0,0.95,26,theory_closure
74,0.05,0.0,0.95,26,theory_closure
75,0.05,0.0,0.95,26,theory_closure
76,0.05,0.0,0.95,26,theory_closure
77,0.05,0.0,0.95,26,theory_closure
78,0.05,0.0,0.95,26,theory_closure
79,0.05,0.0,0.95,26,theory_closure
80,0.05,0.0,0.95,26,theory_closure
81,0.05,0.0,0.95,26,theory_closure
82,0.05,0.0,0.95,26,theory_closure
83,0.05,0.0,0.95,26,theory_closure
84,0.05,0.0,0.95,26,theory_closure
85,0.05,0.0,0.95,26,theory_closure
86,0.05,0.0,0.95,26,theory_closure
87,0.05,0.0,0.95,26,theory_closure
88,0.05,0.0,0.95,26,theory_closure
89,0.05,0.0,0.95,26,theory_closure
90,0.05,0.0,0.95,26,theory_closure
91,0.05,0.0,0.95,26,theory_closure
92,0.05,0.0,0.95,26,theory_closure
93,0.05,0.0,0.95,26,theory_closure
94,0.05,0.0,0.95,26,theory_closure
95,0.05,0.0,0.95,26,theory_closure
96,0.05,0.0,0.95,26,theory_closure
97,0.05,0.0,0.95,26,theory_closure
98,0.05,0.0,0.95,26,theory_closure
99,0.05,0.0,0.95,26,theory_closure
100,0.05,0.0,0.95,26,theory_closure
0,0.0,0.94,0.06,27,simulation
1,0.0,0.93,0.07,27,simulation
2,0.005,0.91,0.085,27,simulation
3,0.005,0.875,0.12,27,simulation
4,0.005,0.825,0.17,27,simulation
5,0.01,0.78,0.21,27,simulation
6,0.01,0.745,0.245,27,simulation
7,0.015,0.7,0.285,27,simulation
8,0.015,0.675,0.31,27,simulation
9,0.015,0.64,0.345,27,simulation
10,0.02,0.61,0.37,27,simulation
11,0.02,0.585,0.395,27,simulation
12,0.02,0.565,0.415,27,simulation
13,0.02,0.535,0.445,27,simulation
14,0.02,0.515,0.465,27,simulation
15,0.02,0.485,0.495,27,simulation
16,0.02,0.455,0.525,27,simulation
17,0.02,0.445,0.535,27,simulation
18,0.02,0.42,0.56,27,simulation
19,0.02,0.41,0.57,27,simulation
20,0.025,0.39,0.585,27,simulation
21,0.025,0.37,0.605,27,simulation
22,0.025,0.355,0.62,27,simulation
23,0.025,0.33,0.645,27,simulation
24,0.025,0.3,0.675,27,simulation
25,0.025,0.28,0.695,27,simulation
26,0.025,0.27,0.705,27,simulation
27,0.025,0.255,0.72,27,simulation
28,0.025,0.245,0.73,27,simulation
29,0.025,0.23,0.745,27,simulation
30,0.025,0.215,0.76,27,simulation
31,0.025,0.205,0.77,27,simulation
32,0.025,0.19,0.785,27,simulation
33,0.025,0.19,0.785,27,simulation
34,0.025,0.185,0.79,27,simulation
35,0.025,0.16,0.815,27,simulation
36,0.025,0.155,0.82,27,simulation
37,0.025,0.145,0.83,27,simulation
38,0.025,0.135,0.84,27,simulation
39,0.025,0.125,0.85,27,simulation
40,0.025,0.115,0.86,27,simulation
41,0.025,0.105,0.87,27,simulation
42,0.025,0.1,0.875,27,simulation
43,0.02,0.1,0.88,27,simulation
44,0.02,0.1,0.88,27,simulation
45,0.02,0.1,0.88,27,simulation
46,0.02,0.095,0.885,27,simulation
47,0.02,0.085,0.895,27,simulation
48,0.02,0.085,0.895,27,simulation
49,0.02,0.075,0.905,27,simulation
50,0.02,0.06,0.92,27,simulation
51,0.02,0.06,0.92,27,simulation
52,0.02,0.055,0.925,27,simulation
53,0.02,0.055,0.925,27,simulation
54,0.02,0.045,0.935,27,simulation
55,0.02,0.04,0.94,27,simulation
56,0.02,0.035,0.945,27,simulation
57,0.02,0.03,0.95,27,simulation
58,0.02,0.03,0.95,27,simulation
59,0.02,0.02,0.96,27,simulation
60,0.02,0.02,0.96,27,simulation
61,0.02,0.02,0.96,27,simulation
62,0.02,0.02,0.96,27,simulation
63,0.02,0.02,0.96,27,simulation
0,0.0,0.94,0.06,27,theory_closure
1,0.095,0.72,0.185,27,theory_closure
2,0.02,0.0,0.98,27,theory_closure
3,0.02,0.0,0.98,27,theory_closure
4,0.02,0.0,0.98,27,theory_closure
5,0.02,0.0,0.98,27,theory_closure
6,0.02,0.0,0.98,27,theory_closure
7,0.02,0.0,0.98,27,theory_closure
8,0.02,0.0,0.98,27,theory_closure
9,0.02,0.0,0.98,27,theory_closure
10,0.02,0.0,0.98,27,theory_closure
11,0.02,0.0,0.98,27,theory_closure
12,0.02,0.0,0.98,27,theory_closure
13,0.02,0.0,0.98,27,theory_closure
14,0.02,0.0,0.98,27,theory_closure
15,0.02,0.0,0.98,27,theory_closure
16,0.02,0.0,0.98,27,theory_closure
17,0.02,0.0,0.98,27,theory_closure
18,0.02,0.0,0.98,27,theory_closure
19,0.02,0.0,0.98,27,theory_closure
20,0.02,0.0,0.98,27,theory_closure
21,0.02,0.0,0.98,27,theory_closure
22,0.02,0.0,0.98,27,theory_closure
23,0.02,0.0,0.98,27,theory_closure
24,0.02,0.0,0.98,27,theory_closure
25,0.02,0.0,0.98,27,theory_closure
26,0.02,0.0,0.98,27,theory_closure
27,0.02,0.0,0.98,27,theory_closure
28,0.02,0.0,0.98,27,theory_closure
29,0.02,0.0,0.98,27,theory_closure
30,0.02,0.0,0.98,27,theory_closure
31,0.02,0.0,0.98,27,theory_closure
32,0.02,0.0,0.98,27,theory_closure
33,0.02,0.0,0.98,27,theory_closure
34,0.02,0.0,0.98,27,theory_closure
35,0.02,0.0,0.98,27,theory_closure
36,0.02,0.0,0.98,27,theory_closure
37,0.02,0.0,0.98,27,theory_closure
38,0.02,0.0,0.98,27,theory_closure
39,0.02,0.0,0.98,27,theory_closure
40,0.02,0.0,0.98,27,theory_closure
41,0.02,0.0,0.98,27,theory_closure
42,0.02,0.0,0.98,27,theory_closure
43,0.02,0.0,0.98,27,theory_closure
44,0.02,0.0,0.98,27,theory_closure
45,0.02,0.0,0.98,27,theory_closure
46,0.02,0.0,0.98,27,theory_closure
47,0.02,0.0,0.98,27,theory_closure
48,0.02,0.0,0.98,27,theory_closure
49,0.02,0.0,0.98,27,theory_closure
50,0.02,0.0,0.98,27,theory_closure
51,0.02,0.0,0.98,27,theory_closure
52,0.02,0.0,0.98,27,theory_closure
53,0.02,0.0,0.98,27,theory_closure
54,0.02,0.0,0.98,27,theory_closure
55,0.02,0.0,0.98,27,theory_closure
56,0.02,0.0,0.98,27,theory_closure
57,0.02,0.0,0.98,27,theory_closure
58,0.02,0.0,0.98,27,theory_closure
59,0.02,0.0,0.98,27,theory_closure
60,0.02,0.0,0.98,27,theory_closure
61,0.02,0.0,0.98,27,theory_closure
62,0.02,0.0,0.98,27,theory_closure
63,0.02,0.0,0.98,27,theory_closure
64,0.02,0.0,0.98,27,theory_closure
65,0.02,0.0,0.98,27,theory_closure
66,0.02,0.0,0.98,27,theory_closure
67,0.02,0.0,0.98,27,theory_closure
68,0.02,0.0,0.98,27,theory_closure
69,0.02,0.0,0.98,27,theory_closure
70,0.02,0.0,0.98,27,theory_closure
71,0.02,0.0,0.98,27,theory_closure
72,0.02,0.0,0.98,27,theory_closure
73,0.02,0.0,0.98,27,theory_closure
74,0.02,0.0,0.98,27,theory_closure
75,0.02,0.0,0.98,27,theory_closure
76,0.02,0.0,0.98,27,theory_closure
77,0.02,0.0,0.98,27,theory_closure
78,0.02,0.0,0.98,27,theory_closure
79,0.02,0.0,0.98,27,theory_closure
80,0.02,0.0,0.98,27,theory_closure
81,0.02,0.0,0.98,27,theory_closure
82,0.02,0.0,0.98,27,theory_closure
83,0.02,0.0,0.98,27,theory_closure
84,0.02,0.0,0.98,27,theory_closure
85,0.02,0.0,0.98,27,theory_closure
86,0.02,0.0,0.98,27,theory_closure
87,0.02,0.0,0.98,27,theory_closure
88,0.02,0.0,0.98,27,theory_closure
89,0.02,0.0,0.98,27,theory_closure
90,0.02,0.0,0.98,27,theory_closure
91,0.02,0.0,0.98,27,theory_closure
92,0.02,0.0,0.98,27,theory_closure
93,0.02,0.0,0.98,27,theory_closure
94,0.02,0.0,0.98,27,theory_closure
95,0.02,0.0,0.98,27,theory_closure
96,0.02,0.0,0.98,27,theory_closure
97,0.02,0.0,0.98,27,theory_closure
98,0.02,0.0,0.98,27,theory_closure
99,0.02,0.0,0.98,27,theory_closure
100,0.02,0.0,0.98,27,theory_closure
0,0.0,0.94,0.06,28,simulation
1,0.0,0.92,0.08,28,simulation
2,0.0,0.885,0.115,28,simulation
3,0.005,0.835,0.16,28,simulation
4,0.005,0.795,0.2,28,simulation
5,0.005,0.745,0.25,28,simulation
6,0.015,0.71,0.275,28,simulation
7,0.015,0.665,0.32,28,simulation
8,0.015,0.645,0.34,28,simulation
9,0.015,0.605,0.38,28,simulation
10,0.015,0.58,0.405,28,simulation
11,0.015,0.55,0.435,28,simulation
12,0.015,0.525,0.46,28,simulation
13,0.015,0.48,0.505,28,simulation
14,0.015,0.455,0.53,28,simulation
15,0.015,0.425,0.56,28,simulation
16,0.02,0.4,0.58,28,simulation
17,0.025,0.37,0.605,28,simulation
18,0.025,0.36,0.615,28,simulation
19,0.03,0.34,0.63,28,simulation
20,0.035,0.325,0.64,28,simulation
21,0.035,0.305,0.66,28,simulation
22,0.035,0.29,0.675,28,simulation
23,0.035,0.27,0.695,28,simulation
24,0.035,0.26,0.705,28,simulation
25,0.035,0.235,0.73,28,simulation
26,0.035,0.22,0.745,28,simulation
27,0.035,0.21,0.755,28,simulation
28,0.035,0.2,0.765,28,simulation
29,0.035,0.195,0.77,28,simulation
30,0.035,0.19,0.775,28,simulation
31,0.035,0.175,0.79,28,simulation
32,0.04,0.17,0.79,28,simulation
33,0.04,0.165,0.795,28,simulation
34,0.04,0.145,0.815,28,simulation
35,0.04,0.135,0.825,28,simulation
36,0.04,0.135,0.825,28,simulation
37,0.04,0.13,0.83,28,simulation
38,0.04,0.125,0.835,28,simulation
39,0.04,0.125,0.835,28,simulation
40,0.04,0.12,0.84,28,simulation
41,0.04,0.11,0.85,28,simulation
42,0.04,0.105,0.855,28,simulation
43,0.04,0.1,0.86,28,simulation
44,0.04,0.09,0.87,28,simulation
45,0.04,0.08,0.88,28,simulation
46,0.04,0.08,0.88,28,simulation
47,0.04,0.065,0.895,28,simulation
48,0.04,0.045,0.915,28,simulation
49,0.04,0.045,0.915,28,simulation
50,0.04,0.045,0.915,28,simulation
51,0.04,0.045,0.915,28,simulation
52,0.04,0.045,0.915,28,simulation
0,0.0,0.94,0.06,28,theory_closure
1,0.115,0.885,0.0,28,theory_closure
2,0.115,0.885,0.0,28,theory_closure
3,0.115,0.885,0.0,28,theory_closure
4,0.115,0.885,0.0,28,theory_closure
5,0.115,0.885,0.0,28,theory_closure
6,0.115,0.885,0.0,28,theory_closure
7,0.115,0.885,0.0,28,theory_closure
8,0.115,0.885,0.0,28,theory_closure
9,0.115,0.885,0.0,28,theory_closure
10,0.115,0.885,0.0,28,theory_closure
11,0.115,0.885,0.0,28,theory_closure
12,0.115,0.885,0.0,28,theory_closure
13,0.115,0.885,0.0,28,theory_closure
14,0.115,0.885,0.0,28,theory_closure
15,0.115,0.885,0.0,28,theory_closure
16,0.115,0.885,0.0,28,theory_closure
17,0.115,0.885,0.0,28,theory_closure
18,0.115,0.885,0.0,28,theory_closure
19,0.115,0.885,0.0,28,theory_closure
20,0.115,0.885,0.0,28,theory_closure
21,0.115,0.885,0.0,28,theory_closure
22,0.115,0.885,0.0,28,theory_closure
23,0.115,0.885,0.0,28,theory_closure
24,0.115,0.885,0.0,28,theory_closure
25,0.115,0.885,0.0,28,theory_closure
26,0.115,0.885,0.0,28,theory_closure
27,0.115,0.885,0.0,28,theory_closure
28,0.115,0.885,0.0,28,theory_closure
29,0.115,0.885,0.0,28,theory_closure
30,0.115,0.885,0.0,28,theory_closure
31,0.115,0.885,0.0,28,theory_closure
32,0.115,0.885,0.0,28,theory_closure
33,0.115,0.885,0.0,28,theory_closure
34,0.115,0.885,0.0,28,theory_closure
35,0.115,0.885,0.0,28,theory_closure
36,0.115,0.885,0.0,28,theory_closure
37,0.115,0.885,0.0,28,theory_closure
38,0.115,0.885,0.0,28,theory_closure
39,0.115,0.885,0.0,28,theory_closure
40,0.115,0.885,0.0,28,theory_closure
41,0.115,0.885,0.0,28,theory_closure
42,0.115,0.885,0.0,28,theory_closure
43,0.115,0.885,0.0,28,theory_closure
44,0.115,0.885,0.0,28,theory_closure
45,0.115,0.885,0.0,28,theory_closure
46,0.115,0.885,0.0,28,theory_closure
47,0.115,0.885,0.0,28,theory_closure
48,0.115,0.885,0.0,28,theory_closure
49,0.115,0.885,0.0,28,theory_closure
50,0.115,0.885,0.0,28,theory_closure
51,0.115,0.885,0.0,28,theory_closure
52,0.115,0.885,0.0,28,theory_closure
53,0.115,0.885,0.0,28,theory_closure
54,0.115,0.885,0.0,28,theory_closure
55,0.115,0.885,0.0,28,theory_closure
56,0.115,0.885,0.0,28,theory_closure
57,0.115,0.885,0.0,28,theory_closure
58,0.115,0.885,0.0,28,theory_closure
59,0.115,0.885,0.0,28,theory_closure
60,0.115,0.885,0.0,28,theory_closure
61,0.115,0.885,0.0,28,theory_closure
62,0.115,0.885,0.0,28,theory_closure
63,0.115,0.885,0.0,28,theory_closure
64,0.115,0.885,0.0,28,theory_closure
65,0.115,0.885,0.0,28,theory_closure
66,0.115,0.885,0.0,28,theory_closure
67,0.115,0.885,0.0,28,theory_closure
68,0.115,0.885,0.0,28,theory_closure
69,0.115,0.885,0.0,28,theory_closure
70,0.115,0.885,0.0,28,theory_closure
71,0.115,0.885,0.0,28,theory_closure
72,0.115,0.885,0.0,28,theory_closure
73,0.115,0.885,0.0,28,theory_closure
74,0.115,0.885,0.0,28,theory_closure
75,0.115,0.885,0.0,28,theory_closure
76,0.115,0.885,0.0,28,theory_closure
77,0.115,0.885,0.0,28,theory_closure
78,0.115,0.885,0.0,28,theory_closure
79,0.115,0.885,0.0,28,theory_closure
80,0.115,0.885,0.0,28,theory_closure
81,0.115,0.885,0.0,28,theory_closure
82,0.115,0.885,0.0,28,theory_closure
83,0.115,0.885,0.0,28,theory_closure
84,0.115,0.885,0.0,28,theory_closure
85,0.115,0.885,0.0,28,theory_closure
86,0.115,0.885,0.0,28,theory_closure
87,0.115,0.885,0.0,28,theory_closure
88,0.115,0.885,0.0,28,theory_closure
89,0.115,0.885,0.0,28,theory_closure
90,0.115,0.885,0.0,28,theory_closure
91,0.115,0.885,0.0,28,theory_closure
92,0.115,0.885,0.0,28,theory_closure
93,0.115,0.885,0.0,28,theory_closure
94,0.115,0.885,0.0,28,theory_closure
95,0.115,0.885,0.0,28,theory_closure
96,0.115,0.885,0.0,28,theory_closure
97,0.115,0.885,0.0,28,theory_closure
98,0.115,0.885,0.0,28,theory_closure
99,0.115,0.885,0.0,28,theory_closure
100,0.115,0.885,0.0,28,theory_closure
0,0.0,0.94,0.06,29,simulation
1,0.0,0.925,0.075,29,simulation
2,0.01,0.885,0.105,29,simulation
3,0.015,0.845,0.14,29,simulation
4,0.015,0.81,0.175,29,simulation
5,0.015,0.775,0.21,29,simulation
6,0.015,0.735,0.25,29,simulation
7,0.015,0.685,0.3,29,simulation
8,0.02,0.65,0.33,29,simulation
9,0.02,0.615,0.365,29,simulation
10,0.02,0.585,0.395,29,simulation
11,0.02,0.555,0.425,29,simulation
12,0.02,0.53,0.45,29,simulation
13,0.02,0.505,0.475,29,simulation
14,0.02,0.465,0.515,29,simulation
15,0.025,0.445,0.53,29,simulation
16,0.025,0.415,0.56,29,simulation
17,0.025,0.4,0.575,29,simulation
18,0.03,0.37,0.6,29,simulation
19,0.03,0.345,0.625,29,simulation
20,0.03,0.33,0.64,29,simulation
21,0.03,0.32,0.65,29,simulation
22,0.03,0.29,0.68,29,simulation
23,0.03,0.285,0.685,29,simulation
24,0.03,0.28,0.69,29,simulation
25,0.03,0.265,0.705,29,simulation
26,0.03,0.25,0.72,29,simulation
27,0.035,0.235,0.73,29,simulation
28,0.035,0.21,0.755,29,simulation
29,0.035,0.205,0.76,29,simulation
30,0.035,0.195,0.77,29,simulation
31,0.035,0.175,0.79,29,simulation
32,0.035,0.165,0.8,29,simulation
33,0.035,0.155,0.81,29,simulation
34,0.035,0.145,0.82,29,simulation
35,0.035,0.13,0.835,29,simulation
36,0.035,0.125,0.84,29,simulation
37,0.035,0.115,0.85,29,simulation
38,0.035,0.11,0.855,29,simulation
39,0.035,0.11,0.855,29,simulation
40,0.035,0.11,0.855,29,simulation
41,0.035,0.11,0.855,29,simulation
42,0.035,0.1,0.865,29,simulation
43,0.035,0.095,0.87,29,simulation
44,0.035,0.09,0.875,29,simulation
45,0.035,0.09,0.875,29,simulation
46,0.035,0.085,0.88,29,simulation
47,0.035,0.08,0.885,29,simulation
48,0.035,0.08,0.885,29,simulation
49,0.035,0.075,0.89,29,simulation
50,0.035,0.075,0.89,29,simulation
51,0.035,0.075,0.89,29,simulation
52,0.035,0.06,0.905,29,simulation
53,0.035,0.055,0.91,29,simulation
54,0.035,0.055,0.91,29,simulation
55,0.035,0.05,0.915,29,simulation
56,0.035,0.05,0.915,29,simulation
57,0.035,0.05,0.915,29,simulation
58,0.035,0.035,0.93,29,simulation
59,0.035,0.035,0.93,29,simulation
60,0.035,0.025,0.94,29,simulation
61,0.035,0.025,0.94,29,simulation
62,0.035,0.02,0.945,29,simulation
63,0.035,0.02,0.945,29,simulation
64,0.035,0.015,0.95,29,simulation
65,0.035,0.015,0.95,29,simulation
66,0.035,0.015,0.95,29,simulation
67,0.035,0.015,0.95,29,simulation
68,0.035,0.01,0.955,29,simulation
69,0.035,0.01,0.955,29,simulation
70,0.035,0.01,0.955,29,simulation
71,0.035,0.01,0.955,29,simulation
72,0.035,0.01,0.955,29,simulation
0,0.0,0.94,0.06,29,theory_closure
1,0.13,0.87,0.0,29,theory_closure
2,0.13,0.87,0.0,29,theory_closure
3,0.13,0.87,0.0,29,theory_closure
4,0.13,0.87,0.0,29,theory_closure
5,0.13,0.87,0.0,29,theory_closure
6,0.13,0.87,0.0,29,theory_closure
7,0.13,0.87,0.0,29,theory_closure
8,0.13,0.87,0.0,29,theory_closure
9,0.13,0.87,0.0,29,theory_closure
10,0.13,0.87,0.0,29,theory_closure
11,0.13,0.87,0.0,29,theory_closure
12,0.13,0.87,0.0,29,theory_closure
13,0.13,0.87,0.0,29,theory_closure
14,0.13,0.87,0.0,29,theory_closure
15,0.13,0.87,0.0,29,theory_closure
16,0.13,0.87,0.0,29,theory_closure
17,0.13,0.87,0.0,29,theory_closure
18,0.13,0.87,0.0,29,theory_closure
19,0.13,0.87,0.0,29,theory_closure
20,0.13,0.87,0.0,29,theory_closure
21,0.13,0.87,0.0,29,theory_closure
22,0.13,0.87,0.0,29,theory_closure
23,0.13,0.87,0.0,29,theory_closure
24,0.13,0.87,0.0,29,theory_closure
25,0.13,0.87,0.0,29,theory_closure
26,0.13,0.87,0.0,29,theory_closure
27,0.13,0.87,0.0,29,theory_closure
28,0.13,0.87,0.0,29,theory_closure
29,0.13,0.87,0.0,29,theory_closure
30,0.13,0.87,0.0,29,theory_closure
31,0.13,0.87,0.0,29,theory_closure
32,0.13,0.87,0.0,29,theory_closure
33,0.13,0.87,0.0,29,theory_closure
34,0.13,0.87,0.0,29,theory_closure
35,0.13,0.87,0.0,29,theory_closure
36,0.13,0.87,0.0,29,theory_closure
37,0.13,0.87,0.0,29,theory_closure
38,0.13,0.87,0.0,29,theory_closure
39,0.13,0.87,0.0,29,theory_closure
40,0.13,0.87,0.0,29,theory_closure
41,0.13,0.87,0.0,29,theory_closure
42,0.13,0.87,0.0,29,theory_closure
43,0.13,0.87,0.0,29,theory_closure
44,0.13,0.87,0.0,29,theory_closure
45,0.13,0.87,0.0,29,theory_closure
46,0.13,0.87,0.0,29,theory_closure
47,0.13,0.87,0.0,29,theory_closure
48,0.13,0.87,0.0,29,theory_closure
49,0.13,0.87,0.0,29,theory_closure
50,0.13,0.87,0.0,29,theory_closure
51,0.13,0.87,0.0,29,theory_closure
52,0.13,0.87,0.0,29,theory_closure
53,0.13,0.87,0.0,29,theory_closure
54,0.13,0.87,0.0,29,theory_closure
55,0.13,0.87,0.0,29,theory_closure
56,0.13,0.87,0.0,29,theory_closure
57,0.13,0.87,0.0,29,theory_closure
58,0.13,0.87,0.0,29,theory_closure
59,0.13,0.87,0.0,29,theory_closure
60,0.13,0.87,0.0,29,theory_closure
61,0.13,0.87,0.0,29,theory_closure
62,0.13,0.87,0.0,29,theory_closure
63,0.13,0.87,0.0,29,theory_closure
64,0.13,0.87,0.0,29,theory_closure
65,0.13,0.87,0.0,29,theory_closure
66,0.13,0.87,0.0,29,theory_closure
67,0.13,0.87,0.0,29,theory_closure
68,0.13,0.87,0.0,29,theory_closure
69,0.13,0.87,0.0,29,theory_closure
70,0.13,0.87,0.0,29,theory_closure
71,0.13,0.87,0.0,29,theory_closure
72,0.13,0.87,0.0,29,theory_closure
73,0.13,0.87,0.0,29,theory_closure
74,0.13,0.87,0.0,29,theory_closure
75,0.13,0.87,0.0,29,theory_closure
76,0.13,0.87,0.0,29,theory_closure
77,0.13,0.87,0.0,29,theory_closure
78,0.13,0.87,0.0,29,theory_closure
79,0.13,0.87,0.0,29,theory_closure
80,0.13,0.87,0.0,29,theory_closure
81,0.13,0.87,0.0,29,theory_closure
82,0.13,0.87,0.0,29,theory_closure
83,0.13,0.87,0.0,29,theory_closure
84,0.13,0.87,0.0,29,theory_closure
85,0.13,0.87,0.0,29,theory_closure
86,0.13,0.87,0.0,29,theory_closure
87,0.13,0.87,0.0,29,theory_closure
88,0.13,0.87,0.0,29,theory_closure
89,0.13,0.87,0.0,29,theory_closure
90,0.13,0.87,0.0,29,theory_closure
91,0.13,0.87,0.0,29,theory_closure
92,0.13,0.87,0.0,29,theory_closure
93,0.13,0.87,0.0,29,theory_closure
94,0.13,0.87,0.0,29,theory_closure
95,0.13,0.87,0.0,29,theory_closure
96,0.13,0.87,0.0,29,theory_closure
97,0.13,0.87,0.0,29,theory_closure
98,0.13,0.87,0.0,29,theory_closure
99,0.13,0.87,0.0,29,theory_closure
100,0.13,0.87,0.0,29,theory_closure
0,0.0,0.94,0.06,30,simulation
1,0.0,0.94,0.06,30,simulation
2,0.0,0.93,0.07,30,simulation
3,0.005,0.91,0.085,30,simulation
4,0.005,0.88,0.115,30,simulation
5,0.01,0.83,0.16,30,simulation
6,0.015,0.78,0.205,30,simulation
7,0.025,0.745,0.23,30,simulation
8,0.02,0.715,0.265,30,simulation
9,0.025,0.67,0.305,30,simulation
10,0.025,0.625,0.35,30,simulation
11,0.025,0.595,0.38,30,simulation
12,0.025,0.56,0.415,30,simulation
13,0.025,0.54,0.435,30,simulation
14,0.025,0.515,0.46,30,simulation
15,0.025,0.495,0.48,30,simulation
16,0.025,0.46,0.515,30,simulation
17,0.03,0.45,0.52,30,simulation
18,0.03,0.42,0.55,30,simulation
19,0.03,0.395,0.575,30,simulation
20,0.03,0.37,0.6,30,simulation
21,0.03,0.345,0.625,30,simulation
22,0.03,0.34,0.63,30,simulation
23,0.03,0.315,0.655,30,simulation
24,0.03,0.28,0.69,30,simulation
25,0.03,0.27,0.7,30,simulation
26,0.03,0.265,0.705,30,simulation
27,0.03,0.26,0.71,30,simulation
28,0.03,0.255,0.715,30,simulation
29,0.03,0.235,0.735,30,simulation
30,0.03,0.225,0.745,30,simulation
31,0.03,0.22,0.75,30,simulation
32,0.03,0.21,0.76,30,simulation
33,0.03,0.2,0.77,30,simulation
34,0.03,0.2,0.77,30,simulation
35,0.03,0.19,0.78,30,simulation
36,0.03,0.175,0.795,30,simulation
37,0.03,0.165,0.805,30,simulation
38,0.03,0.155,0.815,30,simulation
39,0.03,0.14,0.83,30,simulation
40,0.03,0.135,0.835,30,simulation
41,0.03,0.12,0.85,30,simulation
42,0.03,0.12,0.85,30,simulation
43,0.03,0.11,0.86,30,simulation
44,0.03,0.11,0.86,30,simulation
45,0.03,0.105,0.865,30,simulation
46,0.03,0.1,0.87,30,simulation
47,0.03,0.095,0.875,30,simulation
48,0.03,0.09,0.88,30,simulation
49,0.03,0.09,0.88,30,simulation
50,0.03,0.08,0.89,30,simulation
51,0.03,0.08,0.89,30,simulation
52,0.03,0.075,0.895,30,simulation
53,0.03,0.055,0.915,30,simulation
54,0.03,0.045,0.925,30,simulation
55,0.03,0.045,0.925,30,simulation
56,0.03,0.045,0.925,30,simulation
57,0.03,0.045,0.925,30,simulation
58,0.03,0.045,0.925,30,simulation
0,0.0,0.94,0.06,30,theory_closure
1,0.125,0.875,0.0,30,theory_closure
2,0.125,0.875,0.0,30,theory_closure
3,0.125,0.875,0.0,30,theory_closure
4,0.125,0.875,0.0,30,theory_closure
5,0.125,0.875,0.0,30,theory_closure
6,0.125,0.875,0.0,30,theory_closure
7,0.125,0.875,0.0,30,theory_closure
8,0.125,0.875,0.0,30,theory_closure
9,0.125,0.875,0.0,30,theory_closure
10,0.125,0.875,0.0,30,theory_closure
11,0.125,0.875,0.0,30,theory_closure
12,0.125,0.875,0.0,30,theory_closure
13,0.125,0.875,0.0,30,theory_closure
14,0.125,0.875,0.0,30,theory_closure
15,0.125,0.875,0.0,30,theory_closure
16,0.125,0.875,0.0,30,theory_closure
17,0.125,0.875,0.0,30,theory_closure
18,0.125,0.875,0.0,30,theory_closure
19,0.125,0.875,0.0,30,theory_closure
20,0.125,0.875,0.0,30,theory_closure
21,0.125,0.875,0.0,30,theory_closure
22,0.125,0.875,0.0,30,theory_closure
23,0.125,0.875,0.0,30,theory_closure
24,0.125,0.875,0.0,30,theory_closure
25,0.125,0.875,0.0,30,theory_closure
26,0.125,0.875,0.0,30,theory_closure
27,0.125,0.875,0.0,30,theory_closure
28,0.125,0.875,0.0,30,theory_closure
29,0.125,0.875,0.0,30,theory_closure
30,0.125,0.875,0.0,30,theory_closure
31,0.125,0.875,0.0,30,theory_closure
32,0.125,0.875,0.0,30,theory_closure
33,0.125,0.875,0.0,30,theory_closure
34,0.125,0.875,0.0,30,theory_closure
35,0.125,0.875,0.0,30,theory_closure
36,0.125,0.875,0.0,30,theory_closure
37,0.125,0.875,0.0,30,theory_closure
38,0.125,0.875,0.0,30,theory_closure
39,0.125,0.875,0.0,30,theory_closure
40,0.125,0.875,0.0,30,theory_closure
41,0.125,0.875,0.0,30,theory_closure
42,0.125,0.875,0.0,30,theory_closure
43,0.125,0.875,0.0,30,theory_closure
44,0.125,0.875,0.0,30,theory_closure
45,0.125,0.875,0.0,30,theory_closure
46,0.125,0.875,0.0,30,theory_closure
47,0.125,0.875,0.0,30,theory_closure
48,0.125,0.875,0.0,30,theory_closure
49,0.125,0.875,0.0,30,theory_closure
50,0.125,0.875,0.0,30,theory_closure
51,0.125,0.875,0.0,30,theory_closure
52,0.125,0.875,0.0,30,theory_closure
53,0.125,0.875,0.0,30,theory_closure
54,0.125,0.875,0.0,30,theory_closure
55,0.125,0.875,0.0,30,theory_closure
56,0.125,0.875,0.0,30,theory_closure
57,0.125,0.875,0.0,30,theory_closure
58,0.125,0.875,0.0,30,theory_closure
59,0.125,0.875,0.0,30,theory_closure
60,0.125,0.875,0.0,30,theory_closure
61,0.125,0.875,0.0,30,theory_closure
62,0.125,0.875,0.0,30,theory_closure
63,0.125,0.875,0.0,30,theory_closure
64,0.125,0.875,0.0,30,theory_closure
65,0.125,0.875,0.0,30,theory_closure
66,0.125,0.875,0.0,30,theory_closure
67,0.125,0.875,0.0,30,theory_closure
68,0.125,0.875,0.0,30,theory_closure
69,0.125,0.875,0.0,30,theory_closure
70,0.125,0.875,0.0,30,theory_closure
71,0.125,0.875,0.0,30,theory_closure
72,0.125,0.875,0.0,30,theory_closure
73,0.125,0.875,0.0,30,theory_closure
74,0.125,0.875,0.0,30,theory_closure
75,0.125,0.875,0.0,30,theory_closure
76,0.125,0.875,0.0,30,theory_closure
77,0.125,0.875,0.0,30,theory_closure
78,0.125,0.875,0.0,30,theory_closure
79,0.125,0.875,0.0,30,theory_closure
80,0.125,0.875,0.0,30,theory_closure
81,0.125,0.875,0.0,30,theory_closure
82,0.125,0.875,0.0,30,theory_closure
83,0.125,0.875,0.0,30,theory_closure
84,0.125,0.875,0.0,30,theory_closure
85,0.125,0.875,0.0,30,theory_closure
86,0.125,0.875,0.0,30,theory_closure
87,0.125,0.875,0.0,30,theory_closure
88,0.125,0.875,0.0,30,theory_closure
89,0.125,0.875,0.0,30,theory_closure
90,0.125,0.875,0.0,30,theory_closure
91,0.125,0.875,0.0,30,theory_closure
92,0.125,0.875,0.0,30,theory_closure
93,0.125,0.875,0.0,30,theory_closure
94,0.125,0.875,0.0,30,theory_closure
95,0.125,0.875,0.0,30,theory_closure
96,0.125,0.875,0.0,30,theory_closure
97,0.125,0.875,0.0,30,theory_closure
98,0.125,0.875,0.0,30,theory_closure
99,0.125,0.875,0.0,30,theory_closure
100,0.125,0.875,0.0,30,theory_closure
0,0.0,0.94,0.06,31,simulation
1,0.0,0.94,0.06,31,simulation
2,0.0,0.94,0.06,31,simulation
3,0.01,0.93,0.06,31,simulation
4,0.015,0.925,0.06,31,simulation
0,0.0,0.94,0.06,31,theory_closure
1,0.06,0.285,0.655,31,theory_closure
2,0.035,0.0,0.965,31,theory_closure
3,0.035,0.0,0.965,31,theory_closure
4,0.035,0.0,0.965,31,theory_closure
5,0.035,0.0,0.965,31,theory_closure
6,0.035,0.0,0.965,31,theory_closure
7,0.035,0.0,0.965,31,theory_closure
8,0.035,0.0,0.965,31,theory_closure
9,0.035,0.0,0.965,31,theory_closure
10,0.035,0.0,0.965,31,theory_closure
11,0.035,0.0,0.965,31,theory_closure
12,0.035,0.0,0.965,31,theory_closure
13,0.035,0.0,0.965,31,theory_closure
14,0.035,0.0,0.965,31,theory_closure
15,0.035,0.0,0.965,31,theory_closure
16,0.035,0.0,0.965,31,theory_closure
17,0.035,0.0,0.965,31,theory_closure
18,0.035,0.0,0.965,31,theory_closure
19,0.035,0.0,0.965,31,theory_closure
20,0.035,0.0,0.965,31,theory_closure
21,0.035,0.0,0.965,31,theory_closure
22,0.035,0.0,0.965,31,theory_closure
23,0.035,0.0,0.965,31,theory_closure
24,0.035,0.0,0.965,31,theory_closure
25,0.035,0.0,0.965,31,theory_closure
26,0.035,0.0,0.965,31,theory_closure
27,0.035,0.0,0.965,31,theory_closure
28,0.035,0.0,0.965,31,theory_closure
29,0.035,0.0,0.965,31,theory_closure
30,0.035,0.0,0.965,31,theory_closure
31,0.035,0.0,0.965,31,theory_closure
32,0.035,0.0,0.965,31,theory_closure
33,0.035,0.0,0.965,31,theory_closure
34,0.035,0.0,0.965,31,theory_closure
35,0.035,0.0,0.965,31,theory_closure
36,0.035,0.0,0.965,31,theory_closure
37,0.035,0.0,0.965,31,theory_closure
38,0.035,0.0,0.965,31,theory_closure
39,0.035,0.0,0.965,31,theory_closure
40,0.035,0.0,0.965,31,theory_closure
41,0.035,0.0,0.965,31,theory_closure
42,0.035,0.0,0.965,31,theory_closure
43,0.035,0.0,0.965,31,theory_closure
44,0.035,0.0,0.965,31,theory_closure
45,0.035,0.0,0.965,31,theory_closure
46,0.035,0.0,0.965,31,theory_closure
47,0.035,0.0,0.965,31,theory_closure
48,0.035,0.0,0.965,31,theory_closure
49,0.035,0.0,0.965,31,theory_closure
50,0.035,0.0,0.965,31,theory_closure
51,0.035,0.0,0.965,31,theory_closure
52,0.035,0.0,0.965,31,theory_closure
53,0.035,0.0,0.965,31,theory_closure
54,0.035,0.0,0.965,31,theory_closure
55,0.035,0.0,0.965,31,theory_closure
56,0.035,0.0,0.965,31,theory_closure
57,0.035,0.0,0.965,31,theory_closure
58,0.035,0.0,0.965,31,theory_closure
59,0.035,0.0,0.965,31,theory_closure
60,0.035,0.0,0.965,31,theory_closure
61,0.035,0.0,0.965,31,theory_closure
62,0.035,0.0,0.965,31,theory_closure
63,0.035,0.0,0.965,31,theory_closure
64,0.035,0.0,0.965,31,theory_closure
65,0.035,0.0,0.965,31,theory_closure
66,0.035,0.0,0.965,31,theory_closure
67,0.035,0.0,0.965,31,theory_closure
68,0.035,0.0,0.965,31,theory_closure
69,0.035,0.0,0.965,31,theory_closure
70,0.035,0.0,0.965,31,theory_closure
71,0.035,0.0,0.965,31,theory_closure
72,0.035,0.0,0.965,31,theory_closure
73,0.035,0.0,0.965,31,theory_closure
74,0.035,0.0,0.965,31,theory_closure
75,0.035,0.0,0.965,31,theory_closure
76,0.035,0.0,0.965,31,theory_closure
77,0.035,0.0,0.965,31,theory_closure
78,0.035,0.0,0.965,31,theory_closure
79,0.035,0.0,0.965,31,theory_closure
80,0.035,0.0,0.965,31,theory_closure
81,0.035,0.0,0.965,31,theory_closure
82,0.035,0.0,0.965,31,theory_closure
83,0.035,0.0,0.965,31,theory_closure
84,0.035,0.0,0.965,31,theory_closure
85,0.035,0.0,0.965,31,theory_closure
86,0.035,0.0,0.965,31,theory_closure
87,0.035,0.0,0.965,31,theory_closure
88,0.035,0.0,0.965,31,theory_closure
89,0.035,0.0,0.965,31,theory_closure
90,0.035,0.0,0.965,31,theory_closure
91,0.035,0.0,0.965,31,theory_closure
92,0.035,0.0,0.965,31,theory_closure
93,0.035,0.0,0.965,31,theory_closure
94,0.035,0.0,0.965,31,theory_closure
95,0.035,0.0,0.965,31,theory_closure
96,0.035,0.0,0.965,31,theory_closure
97,0.035,0.0,0.965,31,theory_closure
98,0.035,0.0,0.965,31,theory_closure
99,0.035,0.0,0.965,31,theory_closure
100,0.035,0.0,0.965,31,theory_closure
0,0.0,0.94,0.06,32,simulation
1,0.0,0.93,0.07,32,simulation
2,0.0,0.9,0.1,32,simulation
3,0.0,0.855,0.145,32,simulation
4,0.0,0.805,0.195,32,simulation
5,0.0,0.775,0.225,32,simulation
6,0.0,0.73,0.27,32,simulation
7,0.005,0.695,0.3,32,simulation
8,0.005,0.66,0.335,32,simulation
9,0.005,0.635,0.36,32,simulation
10,0.005,0.61,0.385,32,simulation
11,0.005,0.57,0.425,32,simulation
12,0.01,0.535,0.455,32,simulation
13,0.01,0.5,0.49,32,simulation
14,0.01,0.48,0.51,32,simulation
15,0.015,0.45,0.535,32,simulation
16,0.015,0.42,0.565,32,simulation
17,0.015,0.39,0.595,32,simulation
18,0.015,0.365,0.62,32,simulation
19,0.015,0.335,0.65,32,simulation
20,0.015,0.315,0.67,32,simulation
21,0.015,0.31,0.675,32,simulation
22,0.015,0.3,0.685,32,simulation
23,0.02,0.28,0.7,32,simulation
24,0.02,0.275,0.705,32,simulation
25,0.02,0.265,0.715,32,simulation
26,0.02,0.245,0.735,32,simulation
27,0.02,0.22,0.76,32,simulation
28,0.02,0.21,0.77,32,simulation
29,0.02,0.2,0.78,32,simulation
30,0.025,0.19,0.785,32,simulation
31,0.025,0.18,0.795,32,simulation
32,0.025,0.165,0.81,32,simulation
33,0.03,0.155,0.815,32,simulation
34,0.03,0.145,0.825,32,simulation
35,0.03,0.135,0.835,32,simulation
36,0.03,0.135,0.835,32,simulation
37,0.03,0.135,0.835,32,simulation
38,0.03,0.125,0.845,32,simulation
39,0.03,0.12,0.85,32,simulation
40,0.03,0.115,0.855,32,simulation
41,0.03,0.11,0.86,32,simulation
42,0.03,0.105,0.865,32,simulation
43,0.03,0.1,0.87,32,simulation
44,0.03,0.1,0.87,32,simulation
45,0.03,0.095,0.875,32,simulation
46,0.03,0.085,0.885,32,simulation
47,0.03,0.085,0.885,32,simulation
48,0.03,0.08,0.89,32,simulation
49,0.03,0.07,0.9,32,simulation
50,0.03,0.07,0.9,32,simulation
51,0.03,0.065,0.905,32,simulation
52,0.03,0.06,0.91,32,simulation
53,0.03,0.055,0.915,32,simulation
54,0.03,0.045,0.925,32,simulation
55,0.03,0.04,0.93,32,simulation
56,0.03,0.04,0.93,32,simulation
57,0.03,0.04,0.93,32,simulation
58,0.03,0.035,0.935,32,simulation
59,0.03,0.035,0.935,32,simulation
60,0.03,0.035,0.935,32,simulation
61,0.03,0.035,0.935,32,simulation
62,0.03,0.035,0.935,32,simulation
0,0.0,0.94,0.06,32,theory_closure
1,0.065,0.44,0.495,32,theory_closure
2,0.03,0.0,0.97,32,theory_closure
3,0.03,0.0,0.97,32,theory_closure
4,0.03,0.0,0.97,32,theory_closure
5,0.03,0.0,0.97,32,theory_closure
6,0.03,0.0,0.97,32,theory_closure
7,0.03,0.0,0.97,32,theory_closure
8,0.03,0.0,0.97,32,theory_closure
9,0.03,0.0,0.97,32,theory_closure
10,0.03,0.0,0.97,32,theory_closure
11,0.03,0.0,0.97,32,theory_closure
12,0.03,0.0,0.97,32,theory_closure
13,0.03,0.0,0.97,32,theory_closure
14,0.03,0.0,0.97,32,theory_closure
15,0.03,0.0,0.97,32,theory_closure
16,0.03,0.0,0.97,32,theory_closure
17,0.03,0.0,0.97,32,theory_closure
18,0.03,0.0,0.97,32,theory_closure
19,0.03,0.0,0.97,32,theory_closure
20,0.03,0.0,0.97,32,theory_closure
21,0.03,0.0,0.97,32,theory_closure
22,0.03,0.0,0.97,32,theory_closure
23,0.03,0.0,0.97,32,theory_closure
24,0.03,0.0,0.97,32,theory_closure
25,0.03,0.0,0.97,32,theory_closure
26,0.03,0.0,0.97,32,theory_closure
27,0.03,0.0,0.97,32,theory_closure
28,0.03,0.0,0.97,32,theory_closure
29,0.03,0.0,0.97,32,theory_closure
30,0.03,0.0,0.97,32,theory_closure
31,0.03,0.0,0.97,32,theory_closure
32,0.03,0.0,0.97,32,theory_closure
33,0.03,0.0,0.97,32,theory_closure
34,0.03,0.0,0.97,32,theory_closure
35,0.03,0.0,0.97,32,theory_closure
36,0.03,0.0,0.97,32,theory_closure
37,0.03,0.0,0.97,32,theory_closure
38,0.03,0.0,0.97,32,theory_closure
39,0.03,0.0,0.97,32,theory_closure
40,0.03,0.0,0.97,32,theory_closure
41,0.03,0.0,0.97,32,theory_closure
42,0.03,0.0,0.97,32,theory_closure
43,0.03,0.0,0.97,32,theory_closure
44,0.03,0.0,0.97,32,theory_closure
45,0.03,0.0,0.97,32,theory_closure
46,0.03,0.0,0.97,32,theory_closure
47,0.03,0.0,0.97,32,theory_closure
48,0.03,0.0,0.97,32,theory_closure
49,0.03,0.0,0.97,32,theory_closure
50,0.03,0.0,0.97,32,theory_closure
51,0.03,0.0,0.97,32,theory_closure
52,0.03,0.0,0.97,32,theory_closure
53,0.03,0.0,0.97,32,theory_closure
54,0.03,0.0,0.97,32,theory_closure
55,0.03,0.0,0.97,32,theory_closure
56,0.03,0.0,0.97,32,theory_closure
57,0.03,0.0,0.97,32,theory_closure
58,0.03,0.0,0.97,32,theory_closure
59,0.03,0.0,0.97,32,theory_closure
60,0.03,0.0,0.97,32,theory_closure
61,0.03,0.0,0.97,32,theory_closure
62,0.03,0.0,0.97,32,theory_closure
63,0.03,0.0,0.97,32,theory_closure
64,0.03,0.0,0.97,32,theory_closure
65,0.03,0.0,0.97,32,theory_closure
66,0.03,0.0,0.97,32,theory_closure
67,0.03,0.0,0.97,32,theory_closure
68,0.03,0.0,0.97,32,theory_closure
69,0.03,0.0,0.97,32,theory_closure
70,0.03,0.0,0.97,32,theory_closure
71,0.03,0.0,0.97,32,theory_closure
72,0.03,0.0,0.97,32,theory_closure
73,0.03,0.0,0.97,32,theory_closure
74,0.03,0.0,0.97,32,theory_closure
75,0.03,0.0,0.97,32,theory_closure
76,0.03,0.0,0.97,32,theory_closure
77,0.03,0.0,0.97,32,theory_closure
78,0.03,0.0,0.97,32,theory_closure
79,0.03,0.0,0.97,32,theory_closure
80,0.03,0.0,0.97,32,theory_closure
81,0.03,0.0,0.97,32,theory_closure
82,0.03,0.0,0.97,32,theory_closure
83,0.03,0.0,0.97,32,theory_closure
84,0.03,0.0,0.97,32,theory_closure
85,0.03,0.0,0.97,32,theory_closure
86,0.03,0.0,0.97,32,theory_closure
87,0.03,0.0,0.97,32,theory_closure
88,0.03,0.0,0.97,32,theory_closure
89,0.03,0.0,0.97,32,theory_closure
90,0.03,0.0,0.97,32,theory_closure
91,0.03,0.0,0.97,32,theory_closure
92,0.03,0.0,0.97,32,theory_closure
93,0.03,0.0,0.97,32,theory_closure
94,0.03,0.0,0.97,32,theory_closure
95,0.03,0.0,0.97,32,theory_closure
96,0.03,0.0,0.97,32,theory_closure
97,0.03,0.0,0.97,32,theory_closure
98,0.03,0.0,0.97,32,theory_closure
99,0.03,0.0,0.97,32,theory_closure
100,0.03,0.0,0.97,32,theory_closure
0,0.0,0.94,0.06,33,simulation
1,0.0,0.94,0.06,33,simulation
2,0.01,0.91,0.08,33,simulation
3,0.015,0.89,0.095,33,simulation
4,0.02,0.845,0.135,33,simulation
5,0.02,0.8,0.18,33,simulation
6,0.025,0.75,0.225,33,simulation
7,0.025,0.71,0.265,33,simulation
8,0.025,0.675,0.3,33,simulation
9,0.025,0.63,0.345,33,simulation
10,0.025,0.61,0.365,33,simulation
11,0.025,0.57,0.405,33,simulation
12,0.025,0.535,0.44,33,simulation
13,0.025,0.5,0.475,33,simulation
14,0.025,0.48,0.495,33,simulation
15,0.025,0.455,0.52,33,simulation
16,0.03,0.43,0.54,33,simulation
17,0.03,0.42,0.55,33,simulation
18,0.03,0.4,0.57,33,simulation
19,0.03,0.385,0.585,33,simulation
20,0.03,0.355,0.615,33,simulation
21,0.03,0.34,0.63,33,simulation
22,0.03,0.31,0.66,33,simulation
23,0.03,0.29,0.68,33,simulation
24,0.03,0.27,0.7,33,simulation
25,0.03,0.255,0.715,33,simulation
26,0.03,0.24,0.73,33,simulation
27,0.03,0.24,0.73,33,simulation
28,0.03,0.23,0.74,33,simulation
29,0.035,0.21,0.755,33,simulation
30,0.035,0.195,0.77,33,simulation
31,0.035,0.185,0.78,33,simulation
32,0.035,0.17,0.795,33,simulation
33,0.035,0.16,0.805,33,simulation
34,0.035,0.16,0.805,33,simulation
35,0.035,0.15,0.815,33,simulation
36,0.035,0.145,0.82,33,simulation
37,0.035,0.14,0.825,33,simulation
38,0.035,0.13,0.835,33,simulation
39,0.035,0.125,0.84,33,simulation
40,0.035,0.12,0.845,33,simulation
41,0.035,0.12,0.845,33,simulation
42,0.035,0.105,0.86,33,simulation
43,0.035,0.105,0.86,33,simulation
44,0.035,0.095,0.87,33,simulation
45,0.035,0.08,0.885,33,simulation
46,0.035,0.08,0.885,33,simulation
47,0.035,0.075,0.89,33,simulation
48,0.035,0.075,0.89,33,simulation
49,0.035,0.07,0.895,33,simulation
50,0.035,0.065,0.9,33,simulation
51,0.035,0.055,0.91,33,simulation
52,0.035,0.055,0.91,33,simulation
53,0.035,0.055,0.91,33,simulation
54,0.035,0.05,0.915,33,simulation
55,0.035,0.045,0.92,33,simulation
56,0.035,0.035,0.93,33,simulation
57,0.035,0.035,0.93,33,simulation
58,0.035,0.035,0.93,33,simulation
59,0.035,0.035,0.93,33,simulation
60,0.035,0.035,0.93,33,simulation
0,0.0,0.94,0.06,33,theory_closure
1,0.065,0.095,0.84,33,theory_closure
2,0.04,0.0,0.96,33,theory_closure
3,0.04,0.0,0.96,33,theory_closure
4,0.04,0.0,0.96,33,theory_closure
5,0.04,0.0,0.96,33,theory_closure
6,0.04,0.0,0.96,33,theory_closure
7,0.04,0.0,0.96,33,theory_closure
8,0.04,0.0,0.96,33,theory_closure
9,0.04,0.0,0.96,33,theory_closure
10,0.04,0.0,0.96,33,theory_closure
11,0.04,0.0,0.96,33,theory_closure
12,0.04,0.0,0.96,33,theory_closure
13,0.04,0.0,0.96,33,theory_closure
14,0.04,0.0,0.96,33,theory_closure
15,0.04,0.0,0.96,33,theory_closure
16,0.04,0.0,0.96,33,theory_closure
17,0.04,0.0,0.96,33,theory_closure
18,0.04,0.0,0.96,33,theory_closure
19,0.04,0.0,0.96,33,theory_closure
20,0.04,0.0,0.96,33,theory_closure
21,0.04,0.0,0.96,33,theory_closure
22,0.04,0.0,0.96,33,theory_closure
23,0.04,0.0,0.96,33,theory_closure
24,0.04,0.0,0.96,33,theory_closure
25,0.04,0.0,0.96,33,theory_closure
26,0.04,0.0,0.96,33,theory_closure
27,0.04,0.0,0.96,33,theory_closure
28,0.04,0.0,0.96,33,theory_closure
29,0.04,0.0,0.96,33,theory_closure
30,0.04,0.0,0.96,33,theory_closure
31,0.04,0.0,0.96,33,theory_closure
32,0.04,0.0,0.96,33,theory_closure
33,0.04,0.0,0.96,33,theory_closure
34,0.04,0.0,0.96,33,theory_closure
35,0.04,0.0,0.96,33,theory_closure
36,0.04,0.0,0.96,33,theory_closure
37,0.04,0.0,0.96,33,theory_closure
38,0.04,0.0,0.96,33,theory_closure
39,0.04,0.0,0.96,33,theory_closure
40,0.04,0.0,0.96,33,theory_closure
41,0.04,0.0,0.96,33,theory_closure
42,0.04,0.0,0.96,33,theory_closure
43,0.04,0.0,0.96,33,theory_closure
44,0.04,0.0,0.96,33,theory_closure
45,0.04,0.0,0.96,33,theory_closure
46,0.04,0.0,0.96,33,theory_closure
47,0.04,0.0,0.96,33,theory_closure
48,0.04,0.0,0.96,33,theory_closure
49,0.04,0.0,0.96,33,theory_closure
50,0.04,0.0,0.96,33,theory_closure
51,0.04,0.0,0.96,33,theory_closure
52,0.04,0.0,0.96,33,theory_closure
53,0.04,0.0,0.96,33,theory_closure
54,0.04,0.0,0.96,33,theory_closure
55,0.04,0.0,0.96,33,theory_closure
56,0.04,0.0,0.96,33,theory_closure
57,0.04,0.0,0.96,33,theory_closure
58,0.04,0.0,0.96,33,theory_closure
59,0.04,0.0,0.96,33,theory_closure
60,0.04,0.0,0.96,33,theory_closure
61,0.04,0.0,0.96,33,theory_closure
62,0.04,0.0,0.96,33,theory_closure
63,0.04,0.0,0.96,33,theory_closure
64,0.04,0.0,0.96,33,theory_closure
65,0.04,0.0,0.96,33,theory_closure
66,0.04,0.0,0.96,33,theory_closure
67,0.04,0.0,0.96,33,theory_closure
68,0.04,0.0,0.96,33,theory_closure
69,0.04,0.0,0.96,33,theory_closure
70,0.04,0.0,0.96,33,theory_closure
71,0.04,0.0,0.96,33,theory_closure
72,0.04,0.0,0.96,33,theory_closure
73,0.04,0.0,0.96,33,theory_closure
74,0.04,0.0,0.96,33,theory_closure
75,0.04,0.0,0.96,33,theory_closure
76,0.04,0.0,0.96,33,theory_closure
77,0.04,0.0,0.96,33,theory_closure
78,0.04,0.0,0.96,33,theory_closure
79,0.04,0.0,0.96,33,theory_closure
80,0.04,0.0,0.96,33,theory_closure
81,0.04,0.0,0.96,33,theory_closure
82,0.04,0.0,0.96,33,theory_closure
83,0.04,0.0,0.96,33,theory_closure
84,0.04,0.0,0.96,33,theory_closure
85,0.04,0.0,0.96,33,theory_closure
86,0.04,0.0,0.96,33,theory_closure
87,0.04,0.0,0.96,33,theory_closure
88,0.04,0.0,0.96,33,theory_closure
89,0.04,0.0,0.96,33,theory_closure
90,0.04,0.0,0.96,33,theory_closure
91,0.04,0.0,0.96,33,theory_closure
92,0.04,0.0,0.96,33,theory_closure
93,0.04,0.0,0.96,33,theory_closure
94,0.04,0.0,0.96,33,theory_closure
95,0.04,0.0,0.96,33,theory_closure
96,0.04,0.0,0.96,33,theory_closure
97,0.04,0.0,0.96,33,theory_closure
98,0.04,0.0,0.96,33,theory_closure
99,0.04,0.0,0.96,33,theory_closure
100,0.04,0.0,0.96,33,theory_closure
0,0.0,0.94,0.06,34,simulation
1,0.005,0.925,0.07,34,simulation
2,0.005,0.905,0.09,34,simulation
3,0.005,0.87,0.125,34,simulation
4,0.015,0.82,0.165,34,simulation
5,0.015,0.785,0.2,34,simulation
6,0.015,0.75,0.235,34,simulation
7,0.015,0.725,0.26,34,simulation
8,0.015,0.685,0.3,34,simulation
9,0.01,0.665,0.325,34,simulation
10,0.015,0.625,0.36,34,simulation
11,0.015,0.6,0.385,34,simulation
12,0.015,0.565,0.42,34,simulation
13,0.015,0.545,0.44,34,simulation
14,0.015,0.52,0.465,34,simulation
15,0.015,0.485,0.5,34,simulation
16,0.015,0.47,0.515,34,simulation
17,0.015,0.45,0.535,34,simulation
18,0.015,0.425,0.56,34,simulation
19,0.015,0.415,0.57,34,simulation
20,0.015,0.4,0.585,34,simulation
21,0.015,0.38,0.605,34,simulation
22,0.015,0.365,0.62,34,simulation
23,0.02,0.35,0.63,34,simulation
24,0.02,0.34,0.64,34,simulation
25,0.02,0.33,0.65,34,simulation
26,0.02,0.32,0.66,34,simulation
27,0.02,0.305,0.675,34,simulation
28,0.02,0.29,0.69,34,simulation
29,0.02,0.27,0.71,34,simulation
30,0.02,0.265,0.715,34,simulation
31,0.02,0.25,0.73,34,simulation
32,0.025,0.235,0.74,34,simulation
33,0.02,0.215,0.765,34,simulation
34,0.02,0.2,0.78,34,simulation
35,0.02,0.185,0.795,34,simulation
36,0.02,0.18,0.8,34,simulation
37,0.02,0.175,0.805,34,simulation
38,0.02,0.175,0.805,34,simulation
39,0.02,0.155,0.825,34,simulation
40,0.02,0.15,0.83,34,simulation
41,0.02,0.14,0.84,34,simulation
42,0.02,0.125,0.855,34,simulation
43,0.02,0.12,0.86,34,simulation
44,0.02,0.12,0.86,34,simulation
45,0.02,0.105,0.875,34,simulation
46,0.02,0.105,0.875,34,simulation
47,0.02,0.095,0.885,34,simulation
48,0.02,0.095,0.885,34,simulation
49,0.02,0.085,0.895,34,simulation
50,0.02,0.07,0.91,34,simulation
51,0.02,0.065,0.915,34,simulation
52,0.02,0.06,0.92,34,simulation
53,0.02,0.06,0.92,34,simulation
54,0.02,0.06,0.92,34,simulation
55,0.02,0.055,0.925,34,simulation
56,0.02,0.045,0.935,34,simulation
57,0.02,0.045,0.935,34,simulation
58,0.02,0.045,0.935,34,simulation
59,0.02,0.04,0.94,34,simulation
60,0.02,0.04,0.94,34,simulation
61,0.02,0.04,0.94,34,simulation
62,0.02,0.04,0.94,34,simulation
63,0.02,0.035,0.945,34,simulation
64,0.02,0.035,0.945,34,simulation
65,0.02,0.035,0.945,34,simulation
66,0.02,0.025,0.955,34,simulation
67,0.02,0.02,0.96,34,simulation
68,0.02,0.015,0.965,34,simulation
69,0.02,0.015,0.965,34,simulation
70,0.02,0.015,0.965,34,simulation
71,0.02,0.01,0.97,34,simulation
72,0.02,0.01,0.97,34,simulation
73,0.025,0.005,0.97,34,simulation
74,0.025,0.005,0.97,34,simulation
75,0.025,0.005,0.97,34,simulation
0,0.0,0.94,0.06,34,theory_closure
1,0.105,0.89,0.005,34,theory_closure
2,0.105,0.895,0.0,34,theory_closure
3,0.105,0.895,0.0,34,theory_closure
4,0.105,0.895,0.0,34,theory_closure
5,0.105,0.895,0.0,34,theory_closure
6,0.105,0.895,0.0,34,theory_closure
7,0.105,0.895,0.0,34,theory_closure
8,0.105,0.895,0.0,34,theory_closure
9,0.105,0.895,0.0,34,theory_closure
10,0.105,0.895,0.0,34,theory_closure
11,0.105,0.895,0.0,34,theory_closure
12,0.105,0.895,0.0,34,theory_closure
13,0.105,0.895,0.0,34,theory_closure
14,0.105,0.895,0.0,34,theory_closure
15,0.105,0.895,0.0,34,theory_closure
16,0.105,0.895,0.0,34,theory_closure
17,0.105,0.895,0.0,34,theory_closure
18,0.105,0.895,0.0,34,theory_closure
19,0.105,0.895,0.0,34,theory_closure
20,0.105,0.895,0.0,34,theory_closure
21,0.105,0.895,0.0,34,theory_closure
22,0.105,0.895,0.0,34,theory_closure
23,0.105,0.895,0.0,34,theory_closure
24,0.105,0.895,0.0,34,theory_closure
25,0.105,0.895,0.0,34,theory_closure
26,0.105,0.895,0.0,34,theory_closure
27,0.105,0.895,0.0,34,theory_closure
28,0.105,0.895,0.0,34,theory_closure
29,0.105,0.895,0.0,34,theory_closure
30,0.105,0.895,0.0,34,theory_closure
31,0.105,0.895,0.0,34,theory_closure
32,0.105,0.895,0.0,34,theory_closure
33,0.105,0.895,0.0,34,theory_closure
34,0.105,0.895,0.0,34,theory_closure
35,0.105,0.895,0.0,34,theory_closure
36,0.105,0.895,0.0,34,theory_closure
37,0.105,0.895,0.0,34,theory_closure
38,0.105,0.895,0.0,34,theory_closure
39,0.105,0.895,0.0,34,theory_closure
40,0.105,0.895,0.0,34,theory_closure
41,0.105,0.895,0.0,34,theory_closure
42,0.105,0.895,0.0,34,theory_closure
43,0.105,0.895,0.0,34,theory_closure
44,0.105,0.895,0.0,34,theory_closure
45,0.105,0.895,0.0,34,theory_closure
46,0.105,0.895,0.0,34,theory_closure
47,0.105,0.895,0.0,34,theory_closure
48,0.105,0.895,0.0,34,theory_closure
49,0.105,0.895,0.0,34,theory_closure
50,0.105,0.895,0.0,34,theory_closure
51,0.105,0.895,0.0,34,theory_closure
52,0.105,0.895,0.0,34,theory_closure
53,0.105,0.895,0.0,34,theory_closure
54,0.105,0.895,0.0,34,theory_closure
55,0.105,0.895,0.0,34,theory_closure
56,0.105,0.895,0.0,34,theory_closure
57,0.105,0.895,0.0,34,theory_closure
58,0.105,0.895,0.0,34,theory_closure
59,0.105,0.895,0.0,34,theory_closure
60,0.105,0.895,0.0,34,theory_closure
61,0.105,0.895,0.0,34,theory_closure
62,0.105,0.895,0.0,34,theory_closure
63,0.105,0.895,0.0,34,theory_closure
64,0.105,0.895,0.0,34,theory_closure
65,0.105,0.895,0.0,34,theory_closure
66,0.105,0.895,0.0,34,theory_closure
67,0.105,0.895,0.0,34,theory_closure
68,0.105,0.895,0.0,34,theory_closure
69,0.105,0.895,0.0,34,theory_closure
70,0.105,0.895,0.0,34,theory_closure
71,0.105,0.895,0.0,34,theory_closure
72,0.105,0.895,0.0,34,theory_closure
73,0.105,0.895,0.0,34,theory_closure
74,0.105,0.895,0.0,34,theory_closure
75,0.105,0.895,0.0,34,theory_closure
76,0.105,0.895,0.0,34,theory_closure
77,0.105,0.895,0.0,34,theory_closure
78,0.105,0.895,0.0,34,theory_closure
79,0.105,0.895,0.0,34,theory_closure
80,0.105,0.895,0.0,34,theory_closure
81,0.105,0.895,0.0,34,theory_closure
82,0.105,0.895,0.0,34,theory_closure
83,0.105,0.895,0.0,34,theory_closure
84,0.105,0.895,0.0,34,theory_closure
85,0.105,0.895,0.0,34,theory_closure
86,0.105,0.895,0.0,34,theory_closure
87,0.105,0.895,0.0,34,theory_closure
88,0.105,0.895,0.0,34,theory_closure
89,0.105,0.895,0.0,34,theory_closure
90,0.105,0.895,0.0,34,theory_closure
91,0.105,0.895,0.0,34,theory_closure
92,0.105,0.895,0.0,34,theory_closure
93,0.105,0.895,0.0,34,theory_closure
94,0.105,0.895,0.0,34,theory_closure
95,0.105,0.895,0.0,34,theory_closure
96,0.105,0.895,0.0,34,theory_closure
97,0.105,0.895,0.0,34,theory_closure
98,0.105,0.895,0.0,34,theory_closure
99,0.105,0.895,0.0,34,theory_closure
100,0.105,0.895,0.0,34,theory_closure
0,0.0,0.94,0.06,35,simulation
1,0.0,0.935,0.065,35,simulation
2,0.005,0.935,0.06,35,simulation
3,0.005,0.935,0.06,35,simulation
4,0.02,0.92,0.06,35,simulation
5,0.03,0.91,0.06,35,simulation
6,0.04,0.905,0.055,35,simulation
7,0.045,0.9,0.055,35,simulation
8,0.05,0.895,0.055,35,simulation
9,0.06,0.885,0.055,35,simulation
10,0.07,0.875,0.055,35,simulation
0,0.0,0.94,0.06,35,theory_closure
1,0.14,0.555,0.305,35,theory_closure
2,0.04,0.0,0.96,35,theory_closure
3,0.04,0.0,0.96,35,theory_closure
4,0.04,0.0,0.96,35,theory_closure
5,0.04,0.0,0.96,35,theory_closure
6,0.04,0.0,0.96,35,theory_closure
7,0.04,0.0,0.96,35,theory_closure
8,0.04,0.0,0.96,35,theory_closure
9,0.04,0.0,0.96,35,theory_closure
10,0.04,0.0,0.96,35,theory_closure
11,0.04,0.0,0.96,35,theory_closure
12,0.04,0.0,0.96,35,theory_closure
13,0.04,0.0,0.96,35,theory_closure
14,0.04,0.0,0.96,35,theory_closure
15,0.04,0.0,0.96,35,theory_closure
16,0.04,0.0,0.96,35,theory_closure
17,0.04,0.0,0.96,35,theory_closure
18,0.04,0.0,0.96,35,theory_closure
19,0.04,0.0,0.96,35,theory_closure
20,0.04,0.0,0.96,35,theory_closure
21,0.04,0.0,0.96,35,theory_closure
22,0.04,0.0,0.96,35,theory_closure
23,0.04,0.0,0.96,35,theory_closure
24,0.04,0.0,0.96,35,theory_closure
25,0.04,0.0,0.96,35,theory_closure
26,0.04,0.0,0.96,35,theory_closure
27,0.04,0.0,0.96,35,theory_closure
28,0.04,0.0,0.96,35,theory_closure
29,0.04,0.0,0.96,35,theory_closure
30,0.04,0.0,0.96,35,theory_closure
31,0.04,0.0,0.96,35,theory_closure
32,0.04,0.0,0.96,35,theory_closure
33,0.04,0.0,0.96,35,theory_closure
34,0.04,0.0,0.96,35,theory_closure
35,0.04,0.0,0.96,35,theory_closure
36,0.04,0.0,0.96,35,theory_closure
37,0.04,0.0,0.96,35,theory_closure
38,0.04,0.0,0.96,35,theory_closure
39,0.04,0.0,0.96,35,theory_closure
40,0.04,0.0,0.96,35,theory_closure
41,0.04,0.0,0.96,35,theory_closure
42,0.04,0.0,0.96,35,theory_closure
43,0.04,0.0,0.96,35,theory_closure
44,0.04,0.0,0.96,35,theory_closure
45,0.04,0.0,0.96,35,theory_closure
46,0.04,0.0,0.96,35,theory_closure
47,0.04,0.0,0.96,35,theory_closure
48,0.04,0.0,0.96,35,theory_closure
49,0.04,0.0,0.96,35,theory_closure
50,0.04,0.0,0.96,35,theory_closure
51,0.04,0.0,0.96,35,theory_closure
52,0.04,0.0,0.96,35,theory_closure
53,0.04,0.0,0.96,35,theory_closure
54,0.04,0.0,0.96,35,theory_closure
55,0.04,0.0,0.96,35,theory_closure
56,0.04,0.0,0.96,35,theory_closure
57,0.04,0.0,0.96,35,theory_closure
58,0.04,0.0,0.96,35,theory_closure
59,0.04,0.0,0.96,35,theory_closure
60,0.04,0.0,0.96,35,theory_closure
61,0.04,0.0,0.96,35,theory_closure
62,0.04,0.0,0.96,35,theory_closure
63,0.04,0.0,0.96,35,theory_closure
64,0.04,0.0,0.96,35,theory_closure
65,0.04,0.0,0.96,35,theory_closure
66,0.04,0.0,0.96,35,theory_closure
67,0.04,0.0,0.96,35,theory_closure
68,0.04,0.0,0.96,35,theory_closure
69,0.04,0.0,0.96,35,theory_closure
70,0.04,0.0,0.96,35,theory_closure
71,0.04,0.0,0.96,35,theory_closure
72,0.04,0.0,0.96,35,theory_closure
73,0.04,0.0,0.96,35,theory_closure
74,0.04,0.0,0.96,35,theory_closure
75,0.04,0.0,0.96,35,theory_closure
76,0.04,0.0,0.96,35,theory_closure
77,0.04,0.0,0.96,35,theory_closure
78,0.04,0.0,0.96,35,theory_closure
79,0.04,0.0,0.96,35,theory_closure
80,0.04,0.0,0.96,35,theory_closure
81,0.04,0.0,0.96,35,theory_closure
82,0.04,0.0,0.96,35,theory_closure
83,0.04,0.0,0.96,35,theory_closure
84,0.04,0.0,0.96,35,theory_closure
85,0.04,0.0,0.96,35,theory_closure
86,0.04,0.0,0.96,35,theory_closure
87,0.04,0.0,0.96,35,theory_closure
88,0.04,0.0,0.96,35,theory_closure
89,0.04,0.0,0.96,35,theory_closure
90,0.04,0.0,0.96,35,theory_closure
91,0.04,0.0,0.96,35,theory_closure
92,0.04,0.0,0.96,35,theory_closure
93,0.04,0.0,0.96,35,theory_closure
94,0.04,0.0,0.96,35,theory_closure
95,0.04,0.0,0.96,35,theory_closure
96,0.04,0.0,0.96,35,theory_closure
97,0.04,0.0,0.96,35,theory_closure
98,0.04,0.0,0.96,35,theory_closure
99,0.04,0.0,0.96,35,theory_closure
100,0.04,0.0,0.96,35,theory_closure
