agent_id,t_cross,S_minus_i_cross,theoretical_threshold,state_at_cross,upgrade_margin_at_cross,delta_C_at_cross,delta_P,v_i,d_i,run_id
30,1,13.493205849015437,9.575879396984924,2,0.00942210511673025,0.001547183530387808,0.010969288647118039,1.967711087045431,2.2128272848234585,19
37,1,15.706033133838895,9.55175879396985,1,0.001753121773047761,8.470741970322672e-05,0.0018378291927508368,1.9660135369020675,0.2350481449347112,19
52,1,14.663970906055884,9.455276381909547,2,0.006420613337409176,0.0005127304246768491,0.00693334376208591,1.9297689443490758,1.0420622277830112,19
65,1,15.706033133838895,9.6,1,0.0007478528898494652,3.706069841331232e-05,0.0007849135882626992,1.9876983531987351,0.09834419073460679,19
73,1,14.91072363627356,9.021105527638191,2,0.006076333968822345,0.0003374422682643545,0.0064137762370866025,1.778311161953631,0.7953094975653358,19
89,1,15.706033133838895,9.479396984924623,1,0.0031339871679227915,0.00014579693577340558,0.0032797841036961996,1.9299945489258952,0.43235567284775933,19
126,1,15.706033133838895,9.503517587939697,1,0.002935951511242374,0.00013831936720107,0.00307427087844356,1.9469114447963116,0.403827689100442,19
156,1,15.706033133838895,9.527638190954773,1,0.0010514215815013994,5.01645649547818e-05,0.0011015861464564274,1.9532707618212757,0.13675712726963538,19
196,1,15.140347670065209,9.310552763819095,2,0.004096361230849999,0.00023478992753698212,0.004331151158386947,1.8483788749677512,0.5656854637736869,19
3,1,8.335895980998597,7.5497487437185935,1,0.0011619460812439808,0.0024130422329150343,0.003574988314158865,1.35721293023538,0.24393820999213534,20
6,1,8.335895980998597,7.646231155778894,1,0.0022837801528892143,0.005546476760929952,0.007830256913819039,1.3859008033554308,0.5980660309459428,20
7,1,8.335895980998597,7.7668341708542705,1,0.0013822516008987762,0.004199606134701898,0.0055818577356007764,1.4653324830157692,0.40936173173200685,20
9,1,8.335895980998597,6.560804020100502,1,0.010522670341337137,0.007362829970450079,0.017885500311787234,0.6763313790966641,2.4285556649524014,20
10,1,8.335895980998597,7.622110552763819,1,0.001011418851603052,0.0023582652678342027,0.0033696841194372582,1.3667260396250107,0.23629863975848453,20
12,1,8.335895980998597,7.911557788944723,1,0.0015933122436968539,0.006741127669384085,0.008334439913080888,1.481419226994553,0.6959427699030319,20
13,1,8.335895980998597,7.284422110552764,1,0.001402911548744612,0.002028193253648735,0.003431104802393353,1.2329801792897177,0.22462613367585418,20
14,1,8.335895980998597,8.273366834170854,1,0.0002728915133407561,0.008592723135297289,0.008865614648638085,1.5822295124079884,0.8638262730924232,20
19,1,8.335895980998597,7.71859296482412,1,0.0020683179319187506,0.005720099004898787,0.007788416936817693,1.4251127325941086,0.6001074296372183,20
23,1,8.335895980998597,6.970854271356783,1,0.003474942617550214,0.0035499898705556887,0.007024932488105666,1.135478265810669,0.45107628480477996,20
25,1,8.335895980998597,8.201005025125628,1,0.00019591260436868652,0.0028078999565750227,0.003003812560943713,1.5633503107311288,0.2465868546059997,20
26,1,8.335895980998597,6.609045226130653,1,0.001865513501417726,0.0013604282646853363,0.003225941766102962,0.6886386162964315,0.2729810909775901,20
29,1,8.335895980998597,7.863316582914573,1,0.0006436804249592143,0.002414938068382374,0.0030586184933414488,1.4709932092966103,0.22415704602578418,20
34,1,8.335895980998597,6.705527638190954,1,0.008573274097719796,0.0068063909208523855,0.015379665018572193,0.7387287916893465,1.8079509842561128,20
40,1,8.335895980998597,7.983919597989949,1,0.001427036747201127,0.007416106678924403,0.008843143426125456,1.4944028534596272,0.7727897037758432,20
41,1,8.335895980998597,7.573869346733668,1,0.0036030735133789626,0.00776914430829889,0.011372217821678013,1.3640050771755383,0.9172658630388807,20
45,1,8.335895980998597,7.839195979899497,0,0.0031289038230375432,0.011099004019800072,0.014227907842837659,1.4696502574810903,1.3378391566608148,20
46,1,8.335895980998597,8.032160804020101,1,0.0009548311518678965,0.0058219246787617794,0.0067767558306294105,1.5138748721408801,0.5710134871685576,20
48,1,8.335895980998597,7.742713567839196,1,0.0005943688140528369,0.0017214846022475406,0.002315853416300243,1.4351854488896887,0.161262404762913,20
50,1,8.335895980998597,8.08040201005025,1,0.0019479925012615418,0.014295569044240017,0.01624356154550145,1.5349179365076413,1.8400779596056835,20
51,1,8.335895980998597,6.488442211055276,1,0.003856562513530948,0.002539451450101094,0.006396013963631883,0.6723665788349487,0.559220928016291,20
56,1,8.335895980998597,6.584924623115578,1,0.010175419670805819,0.007267945825003037,0.01744336549580886,0.6855805291125293,2.3081583612800984,20
58,1,8.335895980998597,7.212060301507537,1,0.00036773368699694053,0.00048768896616424416,0.0008554226531612019,1.2070976525422221,0.05287810112534985,20
61,1,8.335895980998597,7.935678391959799,1,0.0003471508375336718,0.0015670202143141417,0.001914171051847905,1.486198230419195,0.1410486158569763,20
62,1,7.60294756003661,7.405025125628141,2,0.0009090324181695308,0.008738723258329063,0.009647755676498731,1.275013936365885,0.7329484209619862,20
64,1,8.335895980998597,7.597989949748744,1,0.002448180540191025,0.005486491971582689,0.007934672511773551,1.3664681842315323,0.6003345358656316,20
66,1,8.335895980998597,6.657286432160804,1,0.0025987891986045675,0.001976630604828301,0.004575419803432771,0.6915133264798413,0.4081634842221838,20
69,1,8.335895980998597,6.802010050251256,1,0.0008303135339705614,0.0007200245914009859,0.0015503381253715932,0.7694751339686223,0.12467093335896812,20
71,1,8.335895980998597,7.163819095477386,1,0.0032914565761661407,0.004130554059975846,0.007422010636141856,1.195254512139361,0.5051057457908465,20
75,1,8.335895980998597,7.429145728643216,1,0.0035657526932051375,0.006216288885087974,0.009782041578293205,1.286017810772865,0.748447725370198,20
76,1,8.335895980998597,7.8150753768844226,1,0.00038367405870665117,0.0012898240260726986,0.001673498084779229,1.4666209546808862,0.11694860545109616,20
83,1,8.19657823100724,6.994974874371859,2,0.0010453554534266551,0.0012692820087080723,0.0023146374621346756,1.1362776013249554,0.13931774999135715,20
84,1,8.335895980998597,7.187939698492462,1,0.0015562220601186283,0.0020072113922088783,0.0035634334523275708,1.2011712283762608,0.2284006382578834,20
85,1,8.335895980998597,6.777889447236181,1,0.00044358175346981277,0.00037614019201418175,0.0008197219454841019,0.764760851921945,0.06455970361148324,20
86,1,8.335895980998597,8.128643216080402,1,0.00032960667514436714,0.0030187641026104086,0.003348370777754708,1.5444025289781829,0.26989142982479813,20
88,1,8.335895980998597,7.115577889447236,0,0.0015683754978847997,0.0018655055002933993,0.0034338809981781155,1.1886533917654467,0.21374113000319317,20
92,1,8.335895980998597,8.176884422110552,1,0.0004843739167728067,0.005853332688935622,0.006337706605708263,1.557499910998633,0.5560243937202901,20
93,1,8.335895980998597,7.5015075376884415,1,0.0020350370955504182,0.003930940486720297,0.005965977582270676,1.33943470702986,0.42029673629934866,20
100,1,8.335895980998597,6.850251256281407,1,0.004065658666057681,0.003689816336657635,0.007755475002715203,0.7832656038058845,0.7254933485214456,20
101,1,8.335895980998597,7.380904522613065,1,0.004320282657307661,0.007058911939945896,0.011379194597253794,1.2697222817935003,0.8895841947656958,20
102,1,8.335895980998597,7.959798994974873,1,0.000866373912615348,0.0041875652326584965,0.005053939145273801,1.4892632260400258,0.4007990225380827,20
104,1,8.335895980998597,8.225125628140702,1,0.0002996808527953032,0.0052623921341518306,0.005562072986946999,1.5680201369247506,0.4885930347785162,20
109,1,8.335895980998597,6.946733668341708,1,0.002104015993157571,0.0020979947298062434,0.004202010722963539,1.1263227558042705,0.2563440929295027,20
110,1,8.335895980998597,8.152763819095478,1,0.0005771107079675097,0.006018516766416742,0.0065956274743841975,1.5553544835416049,0.575113830206144,20
111,1,8.335895980998597,7.260301507537688,1,0.0067131486378020355,0.00942552068247349,0.01613866932027563,1.2283365886592617,1.3686513483720057,20
116,1,8.335895980998597,7.0432160804020105,1,0.0043236054289756964,0.00475883585497143,0.0090824412839471,1.1442238077738516,0.6255904767331016,20
117,1,8.335895980998597,7.30854271356784,1,0.0036363114520250317,0.005415810773327474,0.00905212222535254,1.2371287414883276,0.664594090678169,20
121,1,8.335895980998597,6.7537688442211055,1,0.003203793119090581,0.002657115216714782,0.005860908335805441,0.7552614059030959,0.5154992101944492,20
122,1,8.335895980998597,7.887437185929648,1,0.0006139636053881237,0.0024425858559487153,0.0030565494613369873,1.4721839588685188,0.22668022070451938,20
127,1,8.335895980998597,6.82613065326633,1,0.002847947034814058,0.0025262048099106015,0.005374151844724609,0.7788218302885804,0.4701343670042941,20
128,1,8.335895980998597,7.67035175879397,1,0.001170050278105128,0.0029634325347097277,0.004133482812815004,1.3902132763135133,0.29622796865163803,20
129,1,8.335895980998597,7.0190954773869345,1,0.002297406641159405,0.002465823288312349,0.0047632299294718275,1.1410809028351903,0.3006238050728102,20
131,1,8.335895980998597,7.477386934673366,1,0.002960564638916363,0.005522287984289107,0.008482852623205302,1.3079411216665933,0.6367677715979503,20
132,1,8.335895980998597,7.356783919597989,1,0.0008362857240338251,0.0013240923640798787,0.0021603780881137426,1.2485416947993804,0.14189835889412755,20
138,1,8.335895980998597,8.008040201005025,1,0.001499395303191653,0.008417451943080622,0.009916847246272153,1.5133910319383377,0.8901015156946173,20
142,1,8.335895980998597,7.332663316582915,1,0.0029129587292837655,0.004471923580433416,0.007384882309717228,1.2460195510199363,0.5273726673077355,20
143,1,8.335895980998597,7.694472361809044,1,0.002605895448618334,0.006891927507006779,0.009497822955625053,1.4133539292504933,0.7564527407083349,20
145,1,8.335895980998597,6.72964824120603,1,0.0015872103006371319,0.00128779312111026,0.0028750034217474266,0.7410786907787713,0.23807911742019752,20
150,1,8.335895980998597,6.536683417085427,1,0.001596704285364292,0.0010946565673275765,0.002691360852691838,0.6746537951508884,0.2213906101128008,20
154,1,8.335895980998597,6.512562814070352,1,0.0034928768607456195,0.002346628084620262,0.0058395049453659,0.6728092802996386,0.5104355277127994,20
156,1,8.335895980998597,7.139698492462312,1,0.008148910438289692,0.009953988906749965,0.018102899345039978,1.1944391791803266,1.5452802106406764,20
163,1,8.335895980998597,7.7909547738693465,1,0.0011810526675501976,0.0037708632207874614,0.0049519158883377535,1.4661094298632453,0.36330336506749095,20
165,1,8.335895980998597,8.321608040201005,1,2.784944155176383e-05,0.003884406101074795,0.003912255542626571,1.6124521790882163,0.33821125993913037,20
167,1,8.335895980998597,8.056281407035176,1,0.0014277841941066072,0.009515253317506177,0.010943037511612621,1.5151829806786588,1.040324305907226,20
170,1,8.335895980998597,8.297487437185929,1,0.0001243916757909247,0.006415295180090059,0.006539686855880872,1.5855078590728855,0.6057685711152785,20
171,1,8.335895980998597,6.898492462311557,1,0.0036800837327700675,0.0034989507751603606,0.007179034507930467,0.7896565124911987,0.6742067034982724,20
174,1,8.335895980998597,6.681407035175879,1,0.002779315634210855,0.002159516754090886,0.004938832388301803,0.717185761793923,0.4324975677742607,20
175,1,8.335895980998597,7.091457286432161,1,0.0024468550746221673,0.0028350984776798426,0.005281953552301951,1.185434374311753,0.3355523828688136,20
179,1,8.335895980998597,6.874371859296482,1,0.0055681167894017225,0.005171645284254169,0.010739762073656019,0.788983945635101,1.1009645538107473,20
181,1,7.880952279219551,6.464321608040201,2,0.0027349965463319137,0.0026538741148502466,0.005388870661182187,0.6710249370570722,0.45494370177904536,20
187,1,8.335895980998597,8.104522613065326,1,0.000438089406377129,0.003572038907527402,0.004010128313904474,1.5373462602969958,0.325176077648375,20
189,1,8.335895980998597,7.453266331658291,1,0.0006934899927832916,0.0012500944011517156,0.001943584393935276,1.2882906358349133,0.12943545542868065,20
190,1,8.335895980998597,7.067336683417086,1,0.007749976743330889,0.00875047733840805,0.016500454081738832,1.14643115047837,1.358281062794139,20
193,1,8.335895980998597,7.236180904522612,1,0.0014308712834885107,0.0019520591408007588,0.003382930424289204,1.220819244669595,0.2179925733768324,20
196,1,8.335895980998597,7.5256281407035175,1,0.0011357629348567322,0.002273784645952247,0.0034095475808090326,1.3430239676660816,0.23158690735753476,20
197,1,8.335895980998597,6.922613065326633,1,0.004731033033833043,0.004605884375827692,0.009336917409660635,1.12583889218366,0.6136282411646167,20
199,1,8.335895980998597,6.633165829145728,1,0.0030543683528517773,0.002274553870532732,0.005328922223384524,0.6898580216973939,0.47889669501126797,20
11,2,13.200199632543281,8.828140703517587,1,0.0024326279997088918,0.00030793516179014797,0.002740563161498797,1.7712316424721202,0.27350003710866055,20
17,2,13.200199632543281,9.28643216080402,1,0.0009241786132443419,0.00015207214110338687,0.001076250754347727,1.8682062146803866,0.12341633002004966,20
18,2,13.200199632543281,8.804020100502512,1,0.00657899554237007,0.0008215744277538925,0.007400569970124079,1.7505735475053315,0.8463235003912961,20
22,2,13.200199632543281,8.779899497487436,1,0.006207033845346599,0.0007646876004888451,0.006971721445835624,1.7413580102123216,0.7796856719420102,20
24,2,12.68869849952761,8.249246231155778,2,0.005115725055657272,0.0006235031989017918,0.005739228254559158,1.5728616476185624,0.5115011330156707,20
31,2,13.200199632543281,8.948743718592965,1,0.00647979676384014,0.0008781408477942352,0.007357937611634468,1.7894120879768523,0.8950087434557017,20
32,2,13.200199632543281,9.23819095477387,1,0.004584183227041683,0.0007334668744497394,0.005317650101491183,1.8589952143381014,0.685152123526843,20
36,2,13.200199632543281,8.418090452261307,1,0.0020239258929823922,0.00020392181372143306,0.0022278477067039838,1.6417066721431066,0.19151954227911785,20
39,2,13.200199632543281,8.683417085427134,1,0.009046427406965485,0.0010558776864144491,0.01010230509337999,1.6954540489998882,1.2243912916391644,20
42,2,13.200199632543281,9.117587939698492,1,0.003583976218116458,0.0005348692536643289,0.004118845471781005,1.8302697309000115,0.4837409678263892,20
43,2,13.200199632543281,8.852261306532663,1,0.0064455270471270865,0.0008270795531449761,0.007272606600271971,1.7765392880212125,0.8378989187447416,20
44,2,13.200199632543281,9.407035175879397,1,0.004823431523510724,0.0008517325060389821,0.005675164029549726,1.9179731730049252,0.7904551801133014,20
52,2,13.200199632543281,8.442211055276381,1,0.004157594848560597,0.00042450246491416294,0.004582097313475022,1.6417257293135064,0.4216721565595181,20
54,2,13.200199632543281,8.61105527638191,1,0.003076417875827353,0.0003448825104505076,0.0034213003862775867,1.6847459773230946,0.3262042111040943,20
57,2,13.200199632543281,9.33467336683417,1,0.0015866313262533627,0.00026853036647015463,0.0018551616927234686,1.8874344296142684,0.22095697352461344,20
59,2,13.200199632543281,8.731658291457286,1,0.006771764443489259,0.0008119945193416194,0.007583758962831086,1.7058748311500453,0.8613794381427956,20
63,2,13.200199632543281,9.503517587939697,1,0.004161932263406332,0.0007780363397000678,0.00493996860310647,1.943103643379735,0.697323326014948,20
65,2,13.200199632543281,9.262311557788944,1,0.0017446070292830296,0.00028307258002389853,0.0020276796093069284,1.8624023241160381,0.23698305602241618,20
68,2,13.200199632543281,8.635175879396986,1,0.006190805432443991,0.0007033991765347683,0.006894204608978878,1.6889515600716307,0.7310748139367733,20
70,2,13.200199632543281,8.466331658291457,1,0.0040406692904617625,0.00041808774531498945,0.004458757035776647,1.6548045444632338,0.41095344162529,20
73,2,13.200199632543281,8.34572864321608,1,0.009224914091397807,0.000893235814340627,0.010118149905738677,1.6146754795469365,1.0440901202737103,20
79,2,13.200199632543281,8.65929648241206,1,0.008897854810557826,0.0010246531132099797,0.00992250792376779,1.6940006948588895,1.1764311455318308,20
80,2,13.200199632543281,8.97286432160804,1,0.002852593481735166,0.0003919179033506552,0.0032445113850859547,1.7939349351286478,0.35016211821694493,20
81,2,13.200199632543281,8.490452261306533,1,0.004562713920018391,0.0004784324887719148,0.0050411464087904475,1.6640008652241245,0.4749292375718269,20
82,2,13.200199632543281,8.924623115577889,1,0.00227806315620116,0.00030452703423628353,0.0025825901904374896,1.7864649746980636,0.2677929561299255,20
95,2,13.200199632543281,8.562814070351758,1,0.006546757332444031,0.0007145257565920155,0.007261283089036171,1.6798774253321747,0.7499674261751836,20
96,2,13.200199632543281,9.165829145728644,1,0.006323672250035051,0.0009703145734772405,0.007293986823512233,1.8468731454626575,0.9763175952433515,20
103,2,13.200199632543281,9.045226130653266,1,0.0033290854664878022,0.00047664745055984406,0.0038057329170476453,1.8186867902522499,0.4280589475123116,20
114,2,13.200199632543281,9.6,1,0.00335448931294291,0.0006642222499283443,0.004018711562871137,1.997286868307912,0.5607227374650863,20
115,2,12.509902908589854,8.538693467336683,2,0.005893181559090799,0.0009378893893992,0.006831070948490154,1.6727505278235064,0.6902967239534263,20
119,2,13.200199632543281,8.514572864321607,1,0.0045553892076592994,0.0004840759692347739,0.005039465176894224,1.665876325926807,0.48065003526465766,20
120,2,13.200199632543281,8.996984924623115,1,0.001920328290288209,0.00026748103301754174,0.0021878093233059035,1.7982001806717989,0.23162055134502005,20
124,2,13.200199632543281,9.310552763819095,1,0.001047031068938331,0.00017472658210110085,0.0012217576510392637,1.86903501892849,0.1424059923982284,20
125,2,13.200199632543281,8.586934673366834,1,0.0014707058608252055,0.0001626786980598727,0.0016333845588851676,1.6814261209294252,0.14756839330792612,20
140,2,13.200199632543281,9.358793969849245,1,0.006800335266486712,0.0011672884068980327,0.00796762367338487,1.8907146227193048,1.2098257201109477,20
141,2,13.200199632543281,8.876381909547739,1,0.0017487512411133999,0.00022747375645474336,0.001976224997568254,1.782584763729187,0.19702157600448125,20
144,2,13.200199632543281,9.55175879396985,1,0.004539288476132386,0.0008732824646222968,0.005412570940754613,1.9869283477042172,0.7805129283658495,20
147,2,12.385612154051387,9.382914572864323,2,0.004559830432988354,0.00130738903593329,0.005867219468921614,1.911805094942001,0.8145874784918952,20
148,2,13.068890897034732,9.455276381909547,2,0.000912802581526373,0.0001792983809964631,0.0010921009625230068,1.9425178208655074,0.13130873550854893,20
152,2,13.200199632543281,9.527638190954773,1,0.004626982190370388,0.0008774585648554176,0.005504440755225824,1.9478051828155447,0.8044895857534955,20
157,2,13.200199632543281,9.575879396984924,1,0.0010686041898844145,0.00020856262603763718,0.0012771668159219042,1.9876640854322816,0.16055577525757828,20
160,2,13.200199632543281,8.369849246231155,1,0.002715052183775768,0.0002663975540847554,0.0029814497378605103,1.6346373509248127,0.25523664948454083,20
164,2,13.200199632543281,8.900502512562813,1,0.0021616504039834172,0.0002850443404878209,0.002446694744471282,1.7848280558093543,0.24978772642724484,20
166,2,12.146690514023085,9.069346733668342,2,0.00627847461398745,0.0017161807959999425,0.00799465540998726,1.8194868908512414,1.0535091185201961,20
172,2,13.200199632543281,9.021105527638191,1,0.00868748110534101,0.0012268280682214306,0.009914309173562532,1.8127486042292797,1.3765015284720121,20
176,2,13.12709366551713,9.431155778894471,2,0.0005245581106867458,9.810480694813873e-05,0.0006226629176348521,1.9372819407349802,0.07310596702615124,20
177,2,13.200199632543281,9.093467336683418,1,0.0011226749906041444,0.00016524280418778105,0.0012879177947918922,1.821612772772738,0.13803334355478744,20
178,2,13.200199632543281,9.141708542713568,1,0.000971419915980487,0.00014699899252226006,0.0011184189085027196,1.8400680627216883,0.12105262985080821,20
183,2,13.200199632543281,9.214070351758792,1,0.0011008707191837441,0.00017369404662612194,0.0012745647658096973,1.8528445449857207,0.1428159296093051,20
188,2,13.200199632543281,9.189949748743718,1,0.0022248400749234065,0.0003461696800398369,0.002571009754963289,1.8492655073108382,0.2961149644754668,20
192,2,13.200199632543281,8.393969849246231,1,0.005276715130006604,0.0005246513098496648,0.005801366439856157,1.6358526028515579,0.5378084654036817,20
194,2,13.200199632543281,9.479396984924623,1,0.0011205452235989455,0.00020650204867709521,0.0013270472722760672,1.9427382211713968,0.16273303540470516,20
195,2,13.200199632543281,8.75577889447236,1,0.003164084056746841,0.00038456459812676925,0.0035486486548737145,1.7402995625682987,0.3545598013085255,20
198,2,13.200199632543281,8.70753768844221,1,0.006453398667855881,0.0007634457801199831,0.0072168444479759515,1.699940456752758,0.8014486085473091,20
14,1,6.516044619388565,6.391959798994975,1,0.0003156596507167819,0.004931606544206664,0.005247266194923394,0.5889187899557956,0.4910540697756299,21
25,1,6.516044619388565,6.05427135678392,1,0.0006393691205983654,0.0024617970754342382,0.003101166196032485,0.5354138812801481,0.25461561207130334,21
35,1,6.516044619388565,6.488442211055276,1,7.062937391422164e-05,0.005082390561187611,0.0051530199351017495,0.6261440227131218,0.47404251884931803,21
45,1,6.516044619388565,6.440201005025125,1,9.851089590062756e-06,0.0002548793230335068,0.0002647304126234609,0.6241354875725044,0.021347278927871593,21
49,1,6.516044619388565,6.295477386934673,1,0.00041633156780052083,0.0035707586393806962,0.00398709020718133,0.5823697578064789,0.3472913539037084,21
50,1,6.516044619388565,6.030150753768844,1,0.002588217898912837,0.009411668540393716,0.011999886439306627,0.5326118282759614,1.2301745244797844,21
53,1,6.516044619388565,6.223115577889447,1,9.360035300209901e-05,0.0005934068704716894,0.0006870072234738156,0.569961094878204,0.05488118603299897,21
57,1,6.516044619388565,6.006030150753769,1,0.0017651649716625695,0.006076906940496831,0.007842071912159385,0.5306556877827555,0.7068517774586484,21
62,1,6.516044619388565,6.4643216080402,1,2.5685281402232363e-05,0.0009803985600834412,0.001006083841485594,0.6259505764241224,0.08314376260769532,21
65,1,6.516044619388565,6.174874371859296,1,0.0005344585355238074,0.0028734545483624484,0.003407913083886285,0.5652905227927055,0.28347738854621285,21
79,1,6.516044619388565,6.271356783919598,1,0.00047983488616953895,0.003686990091224688,0.004166824977394156,0.5811728670289036,0.3604868108075439,21
83,1,6.516044619388565,6.41608040201005,1,0.00018006063347575374,0.003513221375292949,0.0036932820087687414,0.6078483373621023,0.32565624004633087,21
89,1,6.516044619388565,5.981909547738693,1,0.0020247471189418498,0.006614039860765481,0.008638786979707326,0.5302386028403255,0.7839892524568342,21
99,1,6.516044619388565,6.150753768844221,1,0.00030411082339709683,0.0015176046136052511,0.0018217154370023844,0.5619782827342726,0.14558652717658677,21
113,1,6.516044619388565,6.126633165829146,1,0.0008581751434421081,0.003992377515189074,0.004850552658631238,0.5605552267964915,0.40953447301333273,21
114,1,6.291237537383091,6.078391959798995,2,0.0002775520558568889,0.0024716983644672732,0.0027492504203241908,0.540156819842677,0.2248070820054748,21
118,1,6.102615766625283,6.10251256281407,2,2.545552322263944e-07,0.004932931476902544,0.004933186032134696,0.5584894509435786,0.4134288527632821,21
152,1,6.516044619388565,6.247236180904523,1,0.0005625302202764138,0.0039103948486302375,0.004472925068906665,0.5768497941838155,0.38774668541103524,21
167,1,6.516044619388565,6.319597989949749,1,0.0006053043646198075,0.005864834057823407,0.006470138422443309,0.5831841229705058,0.6061370269789893,21
182,1,5.824842045029397,5.306532663316583,2,0.001723671960129014,0.00582647884996158,0.007550150810090574,0.3669157647100436,0.691202574359168,21
184,1,6.516044619388565,6.5125628140703515,1,1.5611606868248806e-05,0.008959732231739842,0.008975343838608055,0.6486233620227114,0.8898363190288212,21
186,1,6.516044619388565,6.198994974874371,1,0.0007080269561237085,0.004121683506547781,0.004829710462671556,0.5693966687689616,0.41698248944962657,21
198,1,6.516044619388565,6.343718592964824,1,6.152313884055793e-05,0.0006837120136706378,0.0007452351525112096,0.5883523792056845,0.06135519338590265,21
3,3,7.977420367611314,7.187939698492462,1,0.0008840420189012432,0.0018265376342463202,0.0027105796531475866,0.7984128340347884,0.2636429766418954,21
13,3,7.977420367611314,7.260301507537688,1,0.00013567394460411997,0.0003145945109383596,0.0004502684555424225,1.1513449708048187,0.0297216890309366,21
17,3,7.977420367611314,7.453266331658291,1,0.000626430881073059,0.00209070493636345,0.0027171358174365614,1.2078959641993086,0.19619859644213739,21
18,3,7.977420367611314,7.308542713567839,1,0.000610289414363141,0.0015366486509385516,0.0021469380653016115,1.1637258807919004,0.14790693356970788,21
23,3,7.977420367611314,7.332663316582915,1,0.0027291781167606555,0.007174359850297788,0.009903537967058538,1.1643287953714827,0.8088693590602811,21
31,3,7.977420367611314,7.911557788944723,1,0.00014587362289475436,0.004357099441964859,0.004502973064859537,1.432726488350135,0.35867382647699053,21
34,3,7.977420367611314,7.405025125628141,1,0.001060398407312979,0.0032001831915387646,0.004260581598851774,1.1873627836655962,0.3144800910053225,21
36,3,7.977420367611314,6.874371859296482,1,0.0012447733247232806,0.0016915049367991549,0.002936278261522459,0.7361150194852124,0.26489621597460056,21
37,3,7.977420367611314,7.7668341708542705,1,0.0004441568954529629,0.004000108732650163,0.004444265628102979,1.365035390945852,0.34442238157391075,21
44,3,7.977420367611314,7.935678391959799,1,5.794762012722998e-05,0.0027475945098212923,0.0028055421299486845,1.4342562853506204,0.2183334721412217,21
46,3,7.977420367611314,7.71859296482412,1,0.0003519119096733192,0.0025471167786242734,0.0028990286882976035,1.3493978194307663,0.21495267602672208,21
51,3,7.977420367611314,7.284422110552764,1,0.0023593646852402284,0.005697458623093841,0.008056823308333932,1.1530158565270994,0.6205644417352378,21
52,3,7.977420367611314,7.67035175879397,0,0.0007380691494667246,0.004447598717623808,0.005185667867090471,1.315090211513779,0.40319591350597533,21
55,3,7.977420367611314,7.0190954773869345,1,0.0006591201430455884,0.0010722257658496153,0.0017313459088951696,0.7544034536619476,0.15966413896471976,21
56,3,7.977420367611314,6.802010050251256,1,0.0027922650194781573,0.0034909714540209097,0.006283236473499035,0.7188780884291465,0.6080556528282012,21
58,3,7.977420367611314,7.139698492462312,1,0.0012401767257926855,0.0023839057119818823,0.003624082437774606,0.786277244740243,0.35748123456772857,21
59,3,7.977420367611314,7.5015075376884415,1,0.0028132231167070643,0.010471551483436856,0.013284774600143956,1.2156156765069164,1.2511236119903524,21
64,3,7.977420367611314,6.777889447236181,1,0.0008820986870351488,0.001073515664441256,0.001955614351476561,0.7107774392288545,0.17010520928958608,21
66,3,7.977420367611314,7.622110552763819,1,0.0008502488532642349,0.004373414124272882,0.005223662977536904,1.2993311247253456,0.40107364627698483,21
68,3,7.977420367611314,6.970854271356783,1,0.0007883980676999247,0.0012052381074322516,0.0019936361751322048,0.7528797114144286,0.1807720708174853,21
71,3,7.826694513966466,6.367839195979899,2,0.0009164781501390662,0.0008534164013008934,0.0017698945514399696,0.5885866795234883,0.1507258536448484,21
72,3,7.977420367611314,6.657286432160804,1,0.0019221137777682973,0.0020559083732997626,0.003978022151067979,0.6943519324048191,0.34833764998482014,21
73,3,7.977420367611314,7.04321608040201,1,0.0034111614817883273,0.0057295359958887924,0.009140697477677177,0.7658322073045267,1.0346524786747724,21
75,3,7.977420367611314,7.091457286432161,1,0.0013720269297070598,0.0024617255192446452,0.0038337524489516312,0.7702532372422921,0.3787804998869161,21
77,3,7.977420367611314,7.380904522613065,1,0.0018451657370999186,0.005309687418987791,0.007154853156087739,1.1827384677089663,0.5550852061830014,21
80,3,7.977420367611314,6.681407035175879,1,0.006667039194757751,0.007312544400417406,0.013979583595175165,0.700905344399792,1.6566863170924402,21
84,3,7.977420367611314,6.633165829145728,1,0.0028083159244733924,0.002930216033834507,0.005738531958307776,0.6887903243531528,0.5218494412267037,21
86,3,7.977420367611314,7.573869346733668,1,0.0013157209519829571,0.005884964638733234,0.0072006855907161375,1.2599119840808204,0.5811359920027953,21
87,3,7.977420367611314,7.5497487437185935,1,0.0012279703941675546,0.0051504654668235615,0.006378435860991028,1.2588924246429969,0.4991494469495675,21
94,3,7.977420367611314,7.646231155778894,1,0.0016549404544321522,0.009189284086514905,0.010844224540946997,1.3117664276291054,0.9502132436245655,21
100,3,7.977420367611314,7.8150753768844226,1,0.000623464831783771,0.007373224467598194,0.007996689299381953,1.3746726645387273,0.6837310797700634,21
105,3,7.490973513620148,7.477386934673366,2,4.220543029020973e-05,0.006191733167393542,0.0062339385976836635,1.2139376734804088,0.4864468539911665,21
110,3,7.977420367611314,7.115577889447236,1,0.004145323367642395,0.007695416178209067,0.011840739545851587,0.7813063756507281,1.517391183606832,21
116,3,7.977420367611314,6.922613065326633,1,0.0009387735521094731,0.0013516732106439275,0.002290446762753431,0.7483664507503811,0.2051869111450193,21
120,3,7.977420367611314,7.429145728643216,1,0.0035352504907937288,0.011208946848737826,0.014744197339531855,1.1941517160946569,1.4134137747469537,21
122,3,7.977420367611314,7.163819095477386,1,0.0005119075877951795,0.0010197268250891063,0.0015316344128842678,0.7935160243858173,0.14379774054411837,21
125,3,7.977420367611314,6.584924623115578,1,0.0026978140935702832,0.0026811613798379615,0.005378975473408396,0.6870322976897815,0.4731636260554178,21
126,3,7.977420367611314,6.609045226130653,1,0.0001775412998840098,0.00018076601818642758,0.0003583073180704261,0.6879693958744701,0.028572683950638174,21
127,3,7.977420367611314,6.826130653266331,1,0.0035849885920523628,0.00460631509111881,0.008191303683171251,0.7213024782416726,0.8454932667642668,21
128,3,7.977420367611314,7.887437185929648,1,5.281355445707625e-05,0.0011476451317180046,0.0012004586861751377,1.432585706405284,0.08842125412640775,21
132,3,7.977420367611314,6.994974874371859,1,0.00035534088236843786,0.000560197704271622,0.0009155385866400716,0.7534847513519338,0.08192880433669583,21
133,3,7.977420367611314,7.356783919597989,1,0.000522978213750358,0.0014373098664789627,0.001960288080229219,1.1715090311726315,0.13705835923657464,21
135,3,7.977420367611314,7.212060301507537,1,0.0012837945740442613,0.002753690038041503,0.004037484612085839,1.131072225134353,0.28181770105637793,21
138,3,7.794194959771696,7.694472361809044,2,0.00012048737200376358,0.002356707654946212,0.0024771950269500994,1.3261099210927911,0.18322540783961855,21
140,3,7.977420367611314,6.536683417085427,1,0.0024725237278792056,0.00234320159320625,0.004815725321085464,0.6518035495293834,0.43152714609033577,21
144,3,7.977420367611314,7.839195979899497,1,0.000374588700413403,0.005234871687401923,0.005609460387815259,1.3952360621403146,0.45267336469044006,21
145,3,7.196002302188673,6.705527638190954,2,0.0017312128458123466,0.0062290744868056845,0.007960287332618107,0.703468498219054,0.7814180654226409,21
146,3,7.977420367611314,7.959798994974873,1,4.95503579724943e-05,0.005599154299891851,0.005648704657864393,1.4581855235117058,0.4646030237834404,21
149,3,7.977420367611314,6.560804020100502,1,0.004314878649567699,0.004186954591859903,0.008501833241427547,0.65761955900371,0.8423199445630409,21
153,3,7.977420367611314,7.067336683417086,1,0.001198465980876362,0.0020798059217253546,0.0032782719026016047,0.770174592414274,0.31514126632860834,21
160,3,7.977420367611314,6.946733668341708,1,0.004576659166529939,0.006788147829751718,0.011364806996281536,0.7524103610595774,1.3351441862435196,21
163,3,7.977420367611314,6.898492462311557,1,0.004498884398716707,0.006291378307817349,0.010790262706534059,0.7478857948711063,1.210768570802436,21
164,3,7.977420367611314,7.7909547738693465,1,0.00026618990659099673,0.0027240830536610417,0.0029902729602520567,1.3707501479793334,0.2269746117442914,21
171,3,7.977420367611314,6.850251256281407,1,0.002831000086110591,0.003739964182387806,0.006570964268498363,0.7334565628155754,0.6439279291240096,21
173,3,7.977420367611314,7.5256281407035175,1,0.0007426665260166221,0.002930281637714518,0.003672948163731016,1.238932837054673,0.2732070324380264,21
175,3,6.135218659845009,5.282412060301508,2,0.005381042898967292,0.010119718447355642,0.015500761346322868,0.36130658140471655,1.842201707766305,21
178,3,7.977420367611314,7.236180904522612,1,0.0014258341341140124,0.00317818126604503,0.004604015400158997,1.1442322457643115,0.32491439367375285,21
179,3,7.977420367611314,6.72964824120603,1,0.002943329277848905,0.003398112197895272,0.00634144147574428,0.7053324911970565,0.6024453369958859,21
183,3,7.977420367611314,6.7537688442211055,1,0.0027838128178836463,0.003299159095116705,0.00608297191300043,0.7054213025419336,0.5819923712503035,21
188,3,7.977420367611314,7.597989949748744,1,0.001100912134915255,0.005269910953988469,0.006370823088903681,1.2844146491609834,0.5007714210203591,21
193,3,7.977420367611314,7.863316582914573,1,0.00010174409511920501,0.0017329722181963396,0.0018347163133154345,1.427837582490257,0.13553454011837596,21
194,3,7.977420367611314,7.742713567839196,1,0.00029812518315330827,0.0023942574043603064,0.002692382587513498,1.36230381123937,0.19937405344390202,21
4,4,9.447110292918211,9.262311557788944,1,0.0002978686648320572,0.0030770678279454914,0.0033749364927778782,1.8866483862580536,0.4056886048921171,21
6,4,9.447110292918211,8.225125628140702,1,0.004213342910563966,0.005002433677583857,0.009215776588148213,1.5064826632227517,0.9361485070635699,21
7,4,9.447110292918211,8.731658291457286,1,0.0010197173971451257,0.002371029271537379,0.003390746668682375,1.7016650289228568,0.34121416577819264,21
8,4,9.447110292918211,9.117587939698492,1,0.0005700681197926549,0.0031827557994280847,0.0037528239192205046,1.8378025427245956,0.43369639222637046,21
9,4,9.447110292918211,9.431155778894471,1,4.984896640736203e-05,0.0062239942472183665,0.006273843213625873,1.953282956192061,0.8884812600271823,21
10,4,9.447110292918211,8.683417085427134,1,0.0031785788497453726,0.0068358394879788065,0.010014418337724224,1.6925348679300312,1.2126203163231375,21
12,4,9.447110292918211,9.407035175879397,1,0.0001308357972855667,0.006464328463321928,0.006595164260607316,1.9531596893119152,0.9322236842572155,21
16,4,9.447110292918211,8.828140703517587,1,0.0012164359042141637,0.0033536235728267127,0.004570059477040769,1.719049674842504,0.49590704197931756,21
20,4,9.447110292918211,8.900502512562813,1,0.0003269380675257061,0.0010402115725723668,0.0013671496400981446,1.7321528750793862,0.13998764551921708,21
21,4,9.447110292918211,8.34572864321608,1,0.0035447904921976914,0.004826450545309559,0.008371241037507129,1.5664749557601991,0.8518398106772388,21
22,4,9.447110292918211,9.382914572864323,1,7.132006726462414e-05,0.002186487809222764,0.0022578078764875545,1.9445257645709186,0.2706656003259043,21
24,4,9.447110292918211,9.069346733668342,1,0.0010671299289441993,0.005132945868656465,0.006200075797600562,1.8198742025219572,0.7639759083854177,21
27,4,9.447110292918211,8.65929648241206,1,0.0017112695079704032,0.0035447440320690955,0.0052560135400396505,1.6866758749539223,0.5398784032859323,21
32,4,9.447110292918211,8.97286432160804,1,0.0008389497264600365,0.003135123759044836,0.003974073485504994,1.7466407903304944,0.4514258765797457,21
33,4,9.447110292918211,8.418090452261307,1,0.0009443436780307568,0.0014035638094347762,0.0023479074874653704,1.594053637902595,0.20875724639532192,21
40,4,9.447110292918211,7.983919597989949,1,0.002114406825097337,0.001960700231620634,0.004075107056717928,1.4603056541492327,0.3277236116875349,21
41,4,9.447110292918211,8.586934673366834,1,0.0019190023536730383,0.003570951022877353,0.005489953376550491,1.679575120215526,0.5471131289494441,21
48,4,9.447110292918211,9.141708542713568,1,0.00045723772221850645,0.002771533227412916,0.00322877094963144,1.8481058028439221,0.3698021804024239,21
60,4,9.447110292918211,8.321608040201005,1,0.0022882697280728337,0.0030288332241046514,0.005317102952177472,1.5437517602902406,0.49912222561268954,21
61,4,9.447110292918211,9.23819095477387,1,0.0005435866463279204,0.0049367321748070075,0.005480318821134914,1.875004026917791,0.7030383445123028,21
67,4,9.447110292918211,8.996984924623115,1,0.0003343227879342159,0.0013245688300711,0.001658891618005462,1.754368537026083,0.17764048693345827,21
70,4,9.447110292918211,9.165829145728644,1,0.0004835659773925194,0.0032021931773632993,0.0036857591547557983,1.8552859682458405,0.4320629772161895,21
76,4,9.447110292918211,8.70753768844221,1,0.00042806180303833763,0.0009567224555085798,0.0013847842585470033,1.6989534369292778,0.13097588593050505,21
85,4,9.254059060986974,9.189949748743718,2,5.451767457786971e-05,0.0016736591938227544,0.0017281768684007668,1.8591289880605306,0.19305123193123694,21
88,4,9.447110292918211,8.538693467336683,1,0.0013202032731247648,0.002296300425396331,0.0036165036985212097,1.6524230160941578,0.3402259476394183,21
90,4,9.447110292918211,8.490452261306533,1,0.002026804499837498,0.0033043414889567303,0.0053311459887942095,1.6292684805169304,0.5183192076630121,21
92,4,9.447110292918211,8.852261306532663,1,0.0002779323553947499,0.0008023759204632948,0.0010803082758583562,1.723898520883902,0.10763258554337006,21
93,4,9.447110292918211,9.358793969849245,1,8.987167715135413e-05,0.001990617211546719,0.0020804888886982557,1.9312359113399933,0.24666193102390996,21
95,4,9.447110292918211,8.924623115577889,1,0.0002220565349260184,0.0007437985067906811,0.0009658550417166678,1.7364675749114395,0.09883697642093751,21
97,4,9.447110292918211,8.75577889447236,1,0.0020276774253495944,0.004910460554266665,0.006938137979615957,1.7020503520157557,0.7853769054075289,21
101,4,9.447110292918211,9.214070351758792,1,0.0004929530862527454,0.003988940690582369,0.004481893776835247,1.8645444776390492,0.5510418292647756,21
102,4,9.447110292918211,8.779899497487436,1,0.002352948485546902,0.005941906544992727,0.008294855030539491,1.714696875268178,0.9888511612006686,21
103,4,9.447110292918211,8.032160804020101,1,0.004067554412902297,0.003953452281709426,0.008021006694611775,1.4682939990112889,0.7222096287436275,21
107,4,9.447110292918211,8.176884422110552,1,0.007485307428024779,0.008436665811717158,0.015921973239741805,1.498945894250313,2.0079291433737367,21
117,4,9.447110292918211,8.008040201005025,1,0.0013111911146068689,0.0012446304965132461,0.002555821611120232,1.4608488858092006,0.201645496206217,21
121,4,9.447110292918211,8.273366834170854,1,0.0017260047396083777,0.0021619544993309345,0.0038879592389393525,1.5208857800345554,0.3487452868678203,21
123,4,9.447110292918211,9.33467336683417,1,0.00021154880999341152,0.003658194094876401,0.0038697429048698286,1.9267904486058938,0.4808859199991145,21
124,4,9.447110292918211,9.021105527638191,1,0.0012378839622417814,0.005214610893344494,0.006452494855586201,1.7544468697202447,0.8146636331554642,21
130,4,9.447110292918211,8.635175879396986,1,0.0014070265425996098,0.0028098196025668383,0.004216846145166338,1.686134294493568,0.41549020831794037,21
134,4,9.447110292918211,8.393969849246231,1,0.0034979589467147854,0.005046719933982159,0.008544678880696766,1.5880582187195509,0.8854964869929615,21
136,4,9.447110292918211,8.876381909547739,1,0.0003626761065098627,0.001098198501077045,0.001460874607587035,1.7318430158113276,0.14811477085046917,21
139,4,9.447110292918211,8.562814070351758,1,0.0030348465282181714,0.005457903633445431,0.008492750161663553,1.6789407317850291,0.9112088967417743,21
141,4,9.447110292918211,8.152763819095478,1,0.0021627348256569867,0.0023762825592544847,0.004539017384911218,1.4934967321459074,0.39472017005060545,21
143,4,9.447110292918211,8.804020100502512,1,0.0009659390062863871,0.002546923292084854,0.003512862298371374,1.7167788037764375,0.36544233785320285,21
150,4,9.447110292918211,8.297487437185929,1,0.0038901504980599633,0.005007947126959698,0.008898097625019445,1.5436123713544683,0.9089029019533545,21
154,4,9.447110292918211,8.056281407035176,1,0.00289918771888642,0.0028860858440763566,0.005785273562962534,1.470703000518467,0.4992349885137971,21
155,4,9.447110292918211,8.104522613065326,1,0.0028970749791312755,0.0030279824504622394,0.005925057429593534,1.4790834921584086,0.5238957862905539,21
156,4,9.447110292918211,8.466331658291457,1,0.0014769853413652,0.0023334877398245787,0.0038104730811900295,1.6115262106611423,0.3558574671040802,21
157,4,9.447110292918211,9.310552763819095,1,0.0004273448154539228,0.006047583613370624,0.006474928428824615,1.9145966255953324,0.8787614177226528,21
161,4,9.447110292918211,8.249246231155778,1,0.00197543587601956,0.0024085574317707034,0.004383993307790184,1.508846146481298,0.3961480157945457,21
162,4,9.447110292918211,9.045226130653266,1,0.0006955984728225229,0.0031255272663890774,0.003821125739211714,1.7977650470761102,0.43558098259283634,21
165,4,9.447110292918211,8.948743718592965,1,0.0012898825617835286,0.0045582567160639305,0.005848139277847141,1.7395542205825891,0.699023870154969,21
166,4,9.212213855314282,8.08040201005025,2,0.001246192377870381,0.0016374808173834994,0.0028836731952538584,1.4790763100249387,0.23489643760392934,21
168,4,9.447110292918211,8.442211055276381,0,0.001944461700571054,0.002978808329918565,0.004923270030489739,1.598842524565237,0.47074932006322084,21
174,4,9.447110292918211,8.369849246231155,1,0.0016484838026875615,0.0023099058484906585,0.003958389651178012,1.5828347130762905,0.3589123952067591,21
176,4,9.447110292918211,9.093467336683418,1,0.000373113371891165,0.0019290517312795376,0.002302165103170417,1.8333320234772332,0.2521357415365834,21
177,4,9.447110292918211,9.28643216080402,1,0.0004537933469230815,0.005424617863188305,0.005878411210111393,1.9045113174549457,0.7731687032288319,21
181,4,9.447110292918211,8.61105527638191,1,0.0012967747143139974,0.0024987832832376127,0.0037955579975513668,1.6857996673981959,0.3650927093902731,21
185,4,9.447110292918211,8.514572864321607,1,0.0018445127172115328,0.003105055833364843,0.00494956855057636,1.637012508647546,0.48036695787572886,21
192,4,9.447110292918211,8.201005025125628,1,0.0017621754924697086,0.0020381128648235083,0.0038002883572932247,1.4991918923097527,0.33218696614914306,21
197,4,9.447110292918211,8.128643216080402,0,0.003604425953261714,0.0038619816708752334,0.0074664076241370515,1.4890036826777808,0.690518905511525,21
5,5,12.787139757245159,9.527638190954773,1,0.002846349631110634,0.0006937911605708258,0.003540140791681236,1.9913055562702255,0.46725904569824306,21
63,5,12.787139757245159,9.55175879396985,1,0.0037600244313882314,0.0009303689790252451,0.004690393410413488,1.99196119848349,0.6550566550951598,21
69,5,12.787139757245159,9.6,1,0.0021072339745740187,0.0005373833926303007,0.0026446173672043604,1.9983869122943367,0.3506219187778677,21
81,5,12.787139757245159,9.575879396984924,1,0.002414610259589667,0.0006065339743575603,0.0030211442339472816,1.9933783057990768,0.40166923476944527,21
82,5,12.787139757245159,9.479396984924623,1,0.0009997233546354956,0.0002364990452287621,0.001236222399864172,1.970029957897526,0.14898911725448138,21
115,5,12.787139757245159,9.503517587939697,1,0.0019747175419182472,0.0004741771411100894,0.002448894683028341,1.9882184703564774,0.3077390604035684,21
189,5,12.787139757245159,9.455276381909547,1,0.002166339004402662,0.0005049034944148534,0.0026712424988175405,1.9562751410976649,0.3352691113166395,21
15,1,5.6797706590000505,5.620100502512562,1,0.00018205845340535376,0.006011584494876709,0.006193642948282075,0.4218169250821498,0.559162799969808,22
34,1,5.6797706590000505,5.668341708542713,1,1.5735913346082153e-05,0.0027458330461242178,0.0027615689594702513,0.4347700323367517,0.22876644433616974,22
41,1,5.6797706590000505,5.547738693467337,1,0.00015527926068953368,0.0022753610182744514,0.002430640278964035,0.3792412137735681,0.21668307577339926,22
60,1,5.6797706590000505,5.4753768844221105,1,0.0005192153686254253,0.004825353345593153,0.005344568714218564,0.36946518918988447,0.5059498755695275,22
63,1,5.6797706590000505,5.378894472361809,1,0.00034971260202310006,0.0021541542078348792,0.002503866809858003,0.3400587608298719,0.2294977894989622,22
101,1,5.6797706590000505,5.595979899497487,1,0.000326789000965666,0.007637866652124368,0.00796465565309003,0.3923647350719738,0.8103545594040361,22
105,1,5.6797706590000505,5.523618090452261,1,0.0010266103544336325,0.012642185264488829,0.013668795618922414,0.3729611488373874,1.7354914991146644,22
119,1,5.6797706590000505,5.499497487437186,1,0.000750362555189843,0.007955182171661518,0.008705544726851339,0.37146900960481305,0.9129907990112891,22
148,1,5.6797706590000505,5.427135678391959,1,0.0010807351335025417,0.008026710326643545,0.009107445460146132,0.36717778294399994,0.9371844224365872,22
158,1,5.6797706590000505,5.571859296482412,1,5.245852000873574e-05,0.0009462586165635184,0.000998717136572265,0.38385005675612455,0.08620870714917027,22
185,1,5.6797706590000505,5.644221105527638,1,2.638998186688113e-05,0.001471531206475742,0.0014979211883425984,0.43418925797862334,0.11950254265352629,22
0,3,7.588046219997425,5.981909547738693,1,0.003282930784462512,0.002663894623546554,0.005946825408008979,0.5418192048911019,0.4929959391517713,22
4,3,7.588046219997425,6.078391959798995,1,0.0033478990780297924,0.0029699868043009912,0.00631788588233095,0.5526958854976649,0.5456565537357361,22
6,3,7.588046219997425,6.970854271356783,1,0.0009380447712055151,0.0025947805911172273,0.0035328253623228647,0.7770948818823162,0.3212092834078439,22
7,3,7.588046219997425,6.488442211055276,1,0.0007808666088353622,0.001065433329456114,0.0018462999382915118,0.670197824575489,0.14651675966523628,22
8,3,7.588046219997425,6.41608040201005,1,0.0024475651552617883,0.0030719124123057473,0.005519477567567529,0.6469519986774669,0.47395034951353293,22
12,3,7.588046219997425,6.609045226130653,1,0.0021059656517475878,0.0033348567877232475,0.005440822439470814,0.6846997368507227,0.4877679666823586,22
14,3,7.588046219997425,6.777889447236181,1,0.003869488326605275,0.007747963833205529,0.011617452159810863,0.727564489741855,1.281846510150108,22
16,3,7.588046219997425,6.295477386934673,1,0.0017794449913144383,0.0019587991368963265,0.003738244128210747,0.6016030896580998,0.3125550521077881,22
20,3,7.588046219997425,7.501507537688442,1,9.297066454250213e-05,0.0021024997657251867,0.0021954704302675934,1.257081787531351,0.15444966349421682,22
21,3,7.588046219997425,6.657286432160804,1,0.0016631594505498448,0.0028064560351472494,0.004469615485697138,0.6970613815167191,0.39422092989238033,22
22,3,7.588046219997425,7.0190954773869345,1,0.0021192455966921875,0.00644021182154223,0.008559457418234408,0.7793573152670221,0.9151594078614279,22
29,3,7.588046219997425,7.453266331658291,1,0.0009116038786927128,0.013076615406532424,0.013988219285224944,1.2199854233628162,1.2936031513758417,22
31,3,7.588046219997425,7.405025125628141,1,0.002139313455407077,0.022324435312163212,0.024463748767570355,1.2117346710298658,3.4146108901251506,22
32,3,7.588046219997425,6.319597989949749,1,0.0031781064412655935,0.0035888155243571254,0.006766921965622742,0.6136829169441065,0.6018172391727359,22
33,3,7.588046219997425,5.7407035175879395,1,0.0018048284108119206,0.0011885445294849465,0.0029933729402968367,0.47483696494628197,0.23581762558749533,22
35,3,7.588046219997425,6.464321608040201,1,0.003585225995051844,0.004755346373020762,0.008340572368072495,0.6632644469509461,0.7671533418156217,22
37,3,7.588046219997425,6.343718592964824,1,0.0013545314881857617,0.0015696436645118125,0.0029241751526976147,0.6174456820598142,0.23973094957291272,22
42,3,7.588046219997425,6.633165829145728,1,0.0008313402806432446,0.0013585259964728337,0.0021898662771161637,0.6966569668167961,0.1812738582047857,22
45,3,7.588046219997425,6.874371859296482,1,0.0011525225182459353,0.0026877655798505785,0.003840288098096551,0.7671019339096202,0.3384718644580206,22
46,3,7.588046219997425,6.994974874371859,1,0.0007911688208210865,0.002291977084201086,0.0030831459050222267,0.7783105039446465,0.28048393369252644,22
48,3,7.588046219997425,6.030150753768844,1,0.003643331389219129,0.0030897213529316038,0.006733052742150819,0.5463161100527274,0.5788432780695969,22
49,3,7.588046219997425,6.271356783919598,1,0.0014617353091639362,0.0015690718141109943,0.003030807123274927,0.6013676653229977,0.24645631388971234,22
50,3,7.588046219997425,5.788944723618091,1,0.0024319202415332697,0.0016674137441094106,0.004099333985642609,0.4875109269626742,0.3296987195643874,22
51,3,7.429584983520672,5.909547738693468,2,0.0011084599862954403,0.000973771735293255,0.002082231721588776,0.5247701475706285,0.15846123647675298,22
53,3,7.588046219997425,6.006030150753769,1,0.0034733654883332132,0.00288098189248399,0.00635434738081711,0.5441446180007365,0.5364407261572351,22
54,3,7.437554164350633,6.922613065326633,2,0.0003981238412705812,0.0013557596087735886,0.00175388345004425,0.7708688453531002,0.15049205564679183,22
59,3,7.588046219997425,6.223115577889447,1,0.006218403114472859,0.006353413287114102,0.012571816401586866,0.5959129115917979,1.2839511113023112,22
64,3,7.588046219997425,7.5256281407035175,1,0.00036443461724311454,0.011495943921436637,0.011860378538679814,1.2611621918782534,1.0385193222775213,22
65,3,7.588046219997425,5.764824120603015,1,0.0005070628595886806,0.00034069292292916096,0.0008477557825178498,0.4859696107410953,0.06329380593394174,22
68,3,7.588046219997425,6.391959798994975,1,0.00486237228330566,0.005940177126888284,0.010802549410193834,0.6387662112244401,1.0662087761290437,22
69,3,7.588046219997425,6.72964824120603,1,0.0011557975223737138,0.002156231424818122,0.00331202894719192,0.7208412133401011,0.28524011280597894,22
70,3,7.588046219997425,5.933668341708542,1,0.0005150304954725238,0.0004002160586392666,0.0009152465541117759,0.5267840885703757,0.0686832772972531,22
77,3,7.588046219997425,7.356783919597989,1,0.0002963077991351426,0.002417226408824446,0.002713534207959586,1.1974494300192722,0.1879580458945304,22
81,3,7.588046219997425,7.091457286432161,1,0.002800109324569977,0.009935196567091206,0.012735305891661221,1.1036145427760657,1.0217198946896096,22
84,3,7.588046219997425,7.04321608040201,1,0.00032629898135116964,0.0010420495340459318,0.0013683485153971684,0.7905741907269646,0.12070879227911772,22
86,3,7.588046219997425,6.2472361809045225,1,0.0015414510548052984,0.001614035886448726,0.003155486941254077,0.5977818165238462,0.25561182699843304,22
89,3,7.588046219997425,7.308542713567839,1,0.0013844455742053619,0.009230358204628919,0.010614803778834237,1.1937185696581423,0.84193790180851,22
91,3,7.588046219997425,7.260301507537688,1,0.00036506132934888136,0.002050169976890426,0.0024152313062393675,1.1584823634878132,0.16380111209260995,22
92,3,7.588046219997425,6.946733668341708,1,0.0029177367026009815,0.007718230106306988,0.010635966808907918,0.7745678141357789,1.1695667969096315,22
93,3,7.588046219997425,7.332663316582915,0,0.00033203473745802015,0.002437804309336552,0.00276983904679444,1.1958398817180222,0.18990419288761798,22
94,3,6.94444397396981,5.692462311557788,2,0.003272413956231013,0.00376097174033166,0.007033385696562721,0.44023573921721193,0.6436022460276146,22
95,3,7.588046219997425,7.067336683417086,1,0.0009534947487553902,0.003206206858184095,0.0041597016069395195,0.7943198654612389,0.3953352907564108,22
97,3,7.588046219997425,5.861306532663316,1,0.0012664530302932686,0.0009236512967237812,0.002190104327017007,0.5025349348546054,0.1703979884414028,22
98,3,7.588046219997425,5.837185929648241,1,0.0021534073405833354,0.0015382498660209657,0.0036916572066043214,0.4898225578431615,0.3005857725384506,22
99,3,7.588046219997425,7.212060301507537,1,0.0002771201187883321,0.0013398771627600053,0.0016169972815483862,1.1429673619072707,0.10699146102925179,22
102,3,7.588046219997425,7.5497487437185935,1,0.00015659329834893931,0.00809968782545592,0.008256281123804854,1.261515544169693,0.6717796693062829,22
106,3,7.588046219997425,6.850251256281407,1,0.004950912141030828,0.01109723283952545,0.016048144980556355,0.7617053587749676,2.0846584909586965,22
108,3,7.588046219997425,6.126633165829145,1,0.00027867904328271464,0.00025886374183814936,0.0005375427851209443,0.5584677234238279,0.041623424782563874,22
113,3,7.588046219997425,6.802010050251256,1,0.0005391239819554361,0.0011198034655168446,0.00165892744747229,0.7463364234151796,0.13799289109692492,22
116,3,7.588046219997425,5.813065326633166,1,0.0020992107642855973,0.0014689798739993475,0.0035681906382849264,0.4890043879744564,0.2865474079334171,22
118,3,7.588046219997425,7.163819095477386,1,0.0014755461554345484,0.006244686365372328,0.0077202325208068434,1.1395383350280013,0.5581144249423747,22
121,3,7.588046219997425,7.187939698492462,1,0.0009411402033789873,0.004249557494648983,0.005190697698027661,1.142125242844723,0.36143915620610434,22
122,3,7.588046219997425,6.198994974874371,1,0.0008188973794490684,0.0008166444330541651,0.0016355418125032013,0.5922693139290504,0.12645151428136542,22
124,3,7.588046219997425,6.898492462311557,1,0.001355948913084326,0.0032937370730878593,0.00464968598617202,0.7682921204759018,0.42266711715537525,22
126,3,7.588046219997425,5.7165829145728635,1,0.0013921478650377739,0.000898694598339715,0.002290842463377504,0.46001048912144227,0.18162172860165804,22
127,3,7.588046219997425,6.5125628140703515,1,0.0012057373450232722,0.0016931279650028667,0.0028988653100260908,0.6729434905283982,0.23711243132075815,22
132,3,7.588046219997425,6.705527638190954,1,0.001661134476449777,0.002994849484457168,0.0046559839609069875,0.7139460214600318,0.41255916923677527,22
133,3,7.588046219997425,6.150753768844221,1,0.006114192819096531,0.005813883342158985,0.01192807616125557,0.5688833920549063,1.2106958557787937,22
134,3,7.588046219997425,6.440201005025125,1,0.005633559697393986,0.0072670755293732505,0.012900635226767236,0.6602311712565672,1.3431155781079476,22
138,3,7.588046219997425,6.174874371859296,1,0.006420006335818629,0.006250864818639616,0.012670871154458177,0.5762820206137842,1.3154799421278744,22
143,3,7.588046219997425,6.826130653266331,1,0.0020010973511251917,0.004315632047397731,0.00631672939852286,0.7605584549752437,0.5810686642093331,22
149,3,7.588046219997425,7.115577889447236,1,0.0007647315618242168,0.002869850843219581,0.003634582405043623,1.1071684725058424,0.2447371983788346,22
150,3,7.588046219997425,7.284422110552764,1,0.001618288691693781,0.009871137574229307,0.01148942626592313,1.187956492537898,0.9216090704437193,22
151,3,7.187520679917222,5.451256281407035,2,0.002534275024495547,0.001833167686180331,0.004367442710675925,0.36737811549875793,0.40052554008020286,22
153,3,7.588046219997425,5.885427135678392,1,0.0016042103652610384,0.0011947532299681908,0.002798963595229298,0.5194079954940731,0.21563791743540922,22
161,3,7.588046219997425,6.367839195979899,1,0.0028836524797122287,0.0034303798496193643,0.006314032329331581,0.6291114363979856,0.554912702706474,22
165,3,7.588046219997425,7.429145728643216,1,0.0005790200751114583,0.007002155572472186,0.0075811756475836455,1.2158625922726143,0.5911601224968364,22
166,3,7.588046219997425,6.536683417085427,1,0.001226765616240244,0.0017737794797597697,0.0030005450960000333,0.674901505433661,0.24837047853667124,22
170,3,7.588046219997425,7.236180904522612,1,0.00246838051746745,0.012832237800224652,0.01530061831769217,1.1561550060076673,1.3592174667588173,22
171,3,7.588046219997425,7.477386934673366,1,0.0004644335472674399,0.00816386175542399,0.008628295302691403,1.2295699776714502,0.699199121985237,22
174,3,7.588046219997425,6.681407035175879,1,0.001357051618168681,0.002366151259958882,0.0037232028781274645,0.7132185347869492,0.3189659363369696,22
175,3,7.588046219997425,6.560804020100502,1,0.004363604429583945,0.006499917182467114,0.01086352161205108,0.6790305223258265,1.1079725269073732,22
180,3,7.588046219997425,6.7537688442211055,1,0.0012769861373196356,0.0024670674890878647,0.003744053626407417,0.7213850778339642,0.3296614612824654,22
181,3,7.588046219997425,6.05427135678392,1,0.0016043650985443358,0.001391404654363607,0.002995769752907963,0.5500668550556093,0.23846523939276695,22
183,3,7.588046219997425,5.957788944723617,1,0.0024524231644922345,0.0019471923565463015,0.004399615521038509,0.53018512674075,0.3563264165762674,22
189,3,6.9291662084251,5.403015075376884,2,0.003678952169626326,0.003213443842440005,0.006892396012066336,0.3659472894205619,0.6588800115723248,22
192,3,7.588046219997425,6.10251256281407,1,0.0009457402562853545,0.0008584039711425274,0.001804144227427941,0.5531205028200403,0.1429053970859879,22
193,3,7.588046219997425,7.573869346733668,1,2.767395442826448e-05,0.00389027781434297,0.003917951768771201,1.264454293417968,0.2940095781902036,22
199,3,7.588046219997425,6.584924623115578,1,0.002875098625116479,0.004414422888533182,0.007289521513649632,0.6799264528841433,0.6807400798338852,22
3,4,7.940881467195293,7.139698492462312,2,0.0038613845564616778,0.007837075140434276,0.011698459696895943,1.1157450819785153,0.9314855556701078,22
5,4,8.8723670228654,8.032160804020101,1,0.0029145493620010843,0.005582160764383328,0.008496710126384536,1.4870041872934125,0.7626082768358607,22
10,4,8.775691782197859,8.75577889447236,2,1.0118305050488274e-05,0.0010112061703351116,0.0010213244753856721,1.724351517527705,0.09667524066754163,22
11,4,8.8723670228654,8.828140703517587,1,0.00020549598114638634,0.009190557802434595,0.00939605378358079,1.7639401178773026,1.1596926294684464,22
13,4,8.8723670228654,8.369849246231155,1,0.0001725466414053134,0.0006040642143963393,0.0007766108558015842,1.5827499852972864,0.0655247912661269,22
19,4,8.8723670228654,7.839195979899497,1,0.0062761703933347235,0.009280236954588387,0.01555640734792302,1.397999653071477,1.6447426948715933,22
26,4,8.8723670228654,7.67035175879397,1,0.0008581424602713827,0.0010414909529225902,0.001899633413193951,1.325869996301572,0.13728230258460564,22
27,4,8.8723670228654,7.694472361809044,1,0.0006517877058587196,0.000812611267880371,0.001464398973739067,1.3398320449336136,0.1051573876290123,22
30,4,8.8723670228654,7.935678391959799,1,0.0032232009403729833,0.005395857558517953,0.008619058498890848,1.435581049680578,0.76376927182481,22
36,4,8.8723670228654,8.297487437185929,1,0.0012583373400714137,0.0037786735588932804,0.005037010898964503,1.570448148913646,0.4543055985375564,22
38,4,8.8723670228654,8.779899497487436,1,0.0005190053484251944,0.010968175226063916,0.011487180574489246,1.7476688721885563,1.5100938760768372,22
39,4,8.8723670228654,8.008040201005025,1,0.0005829956072886944,0.0010784494933430845,0.0016614451006317808,1.463798320855364,0.1284793639676165,22
43,4,8.8723670228654,7.742713567839196,1,0.0022913190005411366,0.003018297166441683,0.005309616166982653,1.3806137252024846,0.40822401714802203,22
44,4,8.8723670228654,8.466331658291457,1,0.0003273978929794197,0.0014544932478704087,0.0017818911408499097,1.6076712935578095,0.15896425580944407,22
47,4,8.8723670228654,8.249246231155778,1,0.0035074198177234006,0.009594799522542169,0.013102219340265606,1.552389722933366,1.4761616769861874,22
55,4,8.8723670228654,8.514572864321607,1,0.0017465139539345476,0.008915440832418384,0.010661954786352871,1.6117649580054887,1.259009563077916,22
72,4,8.8723670228654,8.586934673366834,1,0.0004617117784213587,0.0030098082368305583,0.0034715200152520016,1.6387842438617668,0.3370869116273736,22
73,4,8.8723670228654,8.490452261306533,1,0.0007902614706047917,0.003755855196170349,0.004546116666775315,1.609512272623476,0.4389800622852079,22
74,4,8.8723670228654,8.562814070351758,1,0.0017621563119951666,0.010526809959522624,0.012288966271517597,1.6269069813723447,1.5812642880151586,22
75,4,8.8723670228654,7.863316582914573,1,0.00038350574746082167,0.0005844351262035028,0.0009679408736641908,1.4095542712764666,0.07128718106389031,22
78,4,8.8723670228654,8.538693467336683,1,0.00035497946100293554,0.001955148372468507,0.0023101278334713956,1.623434997548396,0.21452004803445346,22
79,4,8.8723670228654,8.176884422110552,1,0.0017051695461327565,0.004100286825093504,0.005805456371226189,1.533911790584849,0.5117157007468301,22
85,4,8.8723670228654,8.321608040201005,1,0.0007924860186552252,0.002499716319015273,0.0032922023376705683,1.5746407588777354,0.28789360255652113,22
90,4,8.8723670228654,8.128643216080402,1,0.0008510285402429929,0.0018893579471450377,0.002740386487388055,1.5180518699595342,0.22210549414005637,22
104,4,8.8723670228654,8.273366834170854,1,0.0018341879890297896,0.0052527809812649194,0.007086968970294895,1.5691406853065095,0.664543324033789,22
107,4,8.8723670228654,7.597989949748744,1,0.002249110693453682,0.0025238111845005697,0.004772921877954214,1.272254819863054,0.3667163609495806,22
109,4,8.8723670228654,8.65929648241206,1,0.0013741533758480085,0.012223697557589711,0.013597850933437869,1.6597794429607873,1.9455088662216606,22
110,4,8.535145229556099,8.393969849246231,2,0.0002520075102443453,0.003445612474038347,0.0036976199842827513,1.5843936467042323,0.3372217933093023,22
111,4,8.8723670228654,8.201005025125628,1,0.0018669791094689803,0.0046804042410173215,0.0065473833504861405,1.5358737043269177,0.5950826905608881,22
112,4,8.8723670228654,8.635175879396986,0,0.0004926488466747703,0.0039125672278742035,0.004405216074548906,1.659702227893097,0.4440044769672619,22
114,4,8.8723670228654,7.646231155778894,1,0.0027811428582471542,0.003287067243565632,0.006068210101812882,1.3173246075673883,0.47329292998382205,22
120,4,8.8723670228654,8.152763819095478,1,0.0013629741188514455,0.003147418603983024,0.004510392722834564,1.5333375971500878,0.3807505773194741,22
128,4,8.8723670228654,8.61105527638191,1,0.00036621848818896297,0.0026238010457846263,0.0029900195339736322,1.6443270426351952,0.28949076828238995,22
130,4,8.8723670228654,8.683417085427134,1,0.00039152984167412086,0.00395158776899534,0.004343117610669565,1.6679337555431346,0.4464861629545091,22
131,4,8.8723670228654,8.34572864321608,1,0.00030685159483390123,0.001018621570146004,0.001325473164979717,1.5782989636453308,0.11209263423078816,22
137,4,8.8723670228654,7.8150753768844226,1,0.0015203015380444995,0.002182355814988587,0.003702657353033067,1.388223853285617,0.2848852753982096,22
141,4,8.8723670228654,7.911557788944723,1,0.0019211286352616153,0.003115031763549838,0.005036160398811455,1.4251555489887826,0.40813059837960997,22
142,4,8.8723670228654,8.442211055276381,1,0.0009189138087204451,0.003829468281222894,0.00474838208994339,1.5944004560993745,0.45339678751506685,22
144,4,8.8723670228654,7.7668341708542705,1,0.001596439378377168,0.002163037040406533,0.00375947641878365,1.3852358824149973,0.28283057600894523,22
146,4,8.8723670228654,8.418090452261307,1,0.00015078700682225055,0.000591313700842178,0.0007421007076643644,1.5861105026904718,0.06398124292470056,22
152,4,8.8723670228654,7.71859296482412,1,0.002169488788307028,0.0027796597003827807,0.004949148488690195,1.3585135977821197,0.3794117039223246,22
155,4,8.8723670228654,8.056281407035176,1,0.000989629612626608,0.0019640514281446305,0.0029536810407712897,1.4884557076751934,0.23629803934305463,22
157,4,8.8723670228654,7.959798994974873,1,0.0038089824951008655,0.006587672606035597,0.010396655101136363,1.4370806986324676,0.9792166361687802,22
160,4,8.8723670228654,8.70753768844221,1,0.00014963829850267452,0.0017418840113676021,0.001891522309869957,1.672402671726268,0.18414427243586887,22
163,4,8.8723670228654,7.622110552763819,1,0.0015601807839777937,0.001796438396277675,0.0033566191802556133,1.2766161003516538,0.25303173545685964,22
164,4,8.8723670228654,7.887437185929648,1,0.0017348927241709333,0.0027263410835725466,0.004461233807743347,1.4221445647790694,0.3532353636537643,22
168,4,8.8723670228654,8.852261306532663,1,9.199914166813095e-05,0.009105618300458659,0.009197617442127031,1.7782129629542625,1.1328521099675681,22
173,4,8.8723670228654,8.104522613065326,1,0.0018887248694552383,0.004035467596864994,0.005924192466320349,1.4991115341844354,0.5158243263155539,22
176,4,8.8723670228654,8.804020100502512,1,3.28518716075088e-05,0.0009449946377539539,0.0009778465093613512,1.7495550354514993,0.09337714718698788,22
177,4,8.8723670228654,8.731658291457286,1,0.00011896927990306949,0.0016322134783184265,0.0017511827582214403,1.6842731004798477,0.17077085447149365,22
186,4,8.8723670228654,7.7909547738693465,1,0.00237761519109414,0.0033150476715062393,0.005692662862600466,1.3881462463250376,0.45049354557630433,22
190,4,8.8723670228654,8.08040201005025,1,0.0025062286901400554,0.0051585121443687276,0.00766474083450875,1.4959196220569553,0.6884296934342187,22
191,4,8.8723670228654,7.983919597989949,1,0.0027037928848003823,0.004834423510908407,0.007538216395708858,1.4474254893348082,0.6627693070937616,22
194,4,8.8723670228654,8.225125628140702,1,0.0010293028782990543,0.0026936430759794414,0.003722945954278782,1.541795557373423,0.319268743140254,22
197,4,8.095008797940842,7.380904522613065,2,0.002917893418279638,0.0067998668063924865,0.009717760224672106,1.2088943023167356,0.7773582249245586,22
1,5,14.601435089780772,9.479396984924623,1,0.0005335137827091607,4.46492175868857e-05,0.0005781630002960092,1.9729294670971436,0.068198871832322,22
2,5,14.601435089780772,9.214070351758792,1,0.005632893629533342,0.0004085945214460962,0.006041488150979582,1.9133196294310277,0.7606152161355187,22
9,5,14.601435089780772,9.527638190954773,1,0.0026050067712894975,0.00022379004119872517,0.0028287968124881668,1.9834809051293856,0.36577359392589,22
23,5,14.601435089780772,8.948743718592965,1,0.004632840556812345,0.0002916735522381092,0.0049245141090506995,1.8177392454809647,0.5428267952226479,22
25,5,13.821780697539303,9.093467336683418,2,0.0056923364805141485,0.000590793702706488,0.0062831301832205234,1.8358142565228077,0.7796543922414682,22
28,5,14.601435089780772,9.23819095477387,1,0.009396359628443873,0.0006904635234123031,0.01008682315185611,1.9158764500715877,1.5265765100200506,22
40,5,14.601435089780772,8.876381909547739,1,0.0033853597845725503,0.00020510245627052302,0.003590462240843139,1.7782133471787136,0.3747400523879915,22
52,5,14.601435089780772,9.407035175879397,1,0.007170927693992857,0.0005770863322167875,0.007748014026209567,1.9718321270299675,1.1367082666209192,22
56,5,14.601435089780772,8.97286432160804,1,0.000894215676280119,5.702451199985049e-05,0.000951240188279869,1.8197245174079686,0.09506663332389002,22
57,5,14.601435089780772,9.455276381909547,1,0.004341028373895828,0.00035858128821210806,0.004699609662107935,1.972416143405358,0.6275284725205911,22
58,5,14.601435089780772,8.996984924623115,1,0.0017806686771060232,0.00011502077885915314,0.0018956894559650937,1.8217194334261,0.1963971687098848,22
61,5,14.601435089780772,8.924623115577889,1,0.005236200838405702,0.0003254622474197118,0.005561663085825148,1.8057519869175154,0.6212067410602203,22
62,5,14.601435089780772,9.6,1,0.0038635552895929237,0.0003452303568198099,0.004208785646412998,1.9961178169829228,0.5919741647994341,22
66,5,14.601435089780772,9.55175879396985,1,0.00017752640642876294,1.545202865817388e-05,0.0001929784350869054,1.9932202378676345,0.02310081387846886,22
80,5,14.601435089780772,9.117587939698492,1,0.0020606539108245503,0.00014194955654714132,0.002202603467371741,1.8385550758298983,0.2429159817989914,22
83,5,14.601435089780772,9.262311557788944,1,0.0014293503310662814,0.00010640080169911365,0.001535751132765365,1.9248180483521784,0.1708702621164108,22
88,5,14.601435089780772,9.382914572864323,1,0.005477752112701184,0.0004351222797816329,0.005912874392482758,1.9625403386927511,0.7962993912225949,22
100,5,14.601435089780772,9.069346733668342,1,0.0033865590087400754,0.00022735253169554976,0.0036139115404357977,1.8325699361863348,0.4061451247408458,22
103,5,14.601435089780772,9.165829145728644,1,0.005118493373678534,0.00036180750307327,0.0054803008767517186,1.8648949293030284,0.6776659296722317,22
115,5,14.601435089780772,9.575879396984924,0,0.005401175098163513,0.00047632943505523104,0.0058775045332188705,1.9932997097573875,0.8738936280733708,22
117,5,14.601435089780772,9.021105527638191,1,0.0015002381877677884,9.815934036258731e-05,0.0015983975281303189,1.8222995075743982,0.16631663220560758,22
125,5,14.601435089780772,9.141708542713568,1,0.0046016486764011155,0.00032110221662671665,0.004922750893027801,1.8597692072784724,0.5908039595693643,22
139,5,14.601435089780772,9.503517587939697,1,0.0012390879130712573,0.00010506287236814786,0.001344150785439314,1.9780589458225613,0.1638984752848682,22
140,5,14.601435089780772,9.431155778894471,1,0.004015796439545083,0.0003274154184299859,0.0043432118579752035,1.9721510834458462,0.5645533388423815,22
145,5,14.601435089780772,9.33467336683417,1,0.0029024430991158034,0.0002246341792248711,0.0031270772783406494,1.9463552005151523,0.374993284779343,22
147,5,14.601435089780772,9.358793969849245,1,0.00295115704295168,0.00023139298280784574,0.003182550025759389,1.9520937153429707,0.38618547390946695,22
154,5,14.601435089780772,9.310552763819095,1,0.0016682809419139577,0.00012745029278585067,0.0017957312346997792,1.9431887067142983,0.20441970679038168,22
156,5,14.601435089780772,9.045226130653266,1,0.0028703622543282403,0.00019023514756498993,0.003060597401893286,1.8291583490799765,0.33462283459057296,22
162,5,14.601435089780772,8.900502512562813,1,0.0034592742783121633,0.00021227952998886565,0.003671553808301345,1.787783229611402,0.3869157487560875,22
178,5,14.601435089780772,9.189949748743718,1,0.003808061346929348,0.0002726777607096193,0.004080739107639037,1.8700426717994831,0.48669986947023325,22
179,5,14.601435089780772,9.28643216080402,1,0.0032164884081906653,0.00024255954005315613,0.0034590479482437242,1.9383118200654557,0.41005991936523234,22
18,2,5.998819824576545,5.451256281407035,1,0.002518712700739112,0.007997746055695835,0.010516458756434923,0.3961830410887778,1.0391525758092364,23
25,2,5.998819824576545,5.403015075376884,1,0.001093899890348693,0.003152174212348842,0.004246074102697555,0.38962952359695635,0.35442879534485633,23
27,2,5.998819824576545,5.668341708542713,1,0.0003394460077666417,0.0018892212427407988,0.002228667250507497,0.43175617528757637,0.18387046709933008,23
30,2,5.998819824576545,5.523618090452261,1,0.0011668137770302067,0.004350488874191169,0.00551730265122138,0.405768311612305,0.4847093700878864,23
31,2,5.998819824576545,5.306532663316583,1,0.0016628061615457934,0.004020270256739119,0.005683076418284856,0.3786117616824848,0.4794390149654881,23
35,2,5.998819824576545,5.981909547738693,1,5.920258111324905e-05,0.006972405167020318,0.007031607748133509,0.5254130370309618,0.6195404493089695,23
39,2,5.872074714994137,5.620100502512562,2,0.00018312677166093527,0.0013638945591350538,0.0015470213307959696,0.41847826727549275,0.12674510958240778,23
44,2,5.998819824576545,5.210050251256281,1,0.002762125024276474,0.005713111118600094,0.00847523614287663,0.36257659255109015,0.7604740038651991,23
46,2,5.998819824576545,5.065326633165829,1,0.0021649068285997664,0.0036397392963196168,0.0058046461249194005,0.3480144001070774,0.4712989465900307,23
47,2,5.998819824576545,5.427135678391959,1,0.0017258408966892569,0.005215876229689862,0.006941717126379085,0.3936922488433243,0.6183522481355616,23
52,2,5.766274721448128,4.848241206030151,2,0.0008431960577540143,0.0014475040840336308,0.0022907001417876564,0.23565512672454425,0.23254510312841664,23
64,2,5.998819824576545,5.909547738693467,1,0.00042658751254609495,0.00934531200226987,0.009771899514816015,0.5121937208970055,0.9122256557443973,23
65,2,5.998819824576545,5.957788944723617,1,0.00010093215172662928,0.004869520632591001,0.004970452784317617,0.5212013931256004,0.4153919745958103,23
69,2,5.998819824576545,5.716582914572864,1,0.0004182577464649784,0.002759665176412786,0.0031779229228777735,0.44129850031193857,0.2682769520219917,23
72,2,5.998819824576545,5.258291457286432,1,0.0005893012714296431,0.001315060791113764,0.001904362062543419,0.37039543575584205,0.1478746534167824,23
79,2,5.998819824576545,5.354773869346733,1,0.0004653678660981875,0.0012249214950870962,0.001690289361185305,0.38368589201978487,0.1324622495077124,23
85,2,5.998819824576545,5.4753768844221105,1,0.0003065951847501247,0.0010248376581176138,0.0013314328428677353,0.4020805088904675,0.10503979417300965,23
87,2,5.998819824576545,5.933668341708542,1,0.00017725732064555189,0.005353242735666057,0.005530500056311647,0.5207255981118757,0.4622622135990044,23
88,2,5.998819824576545,5.185929648241206,1,0.0017413227290438704,0.003472431712762284,0.005213754441806159,0.35914698838623593,0.431550327708016,23
94,2,5.998819824576545,5.2341708542713565,1,0.00024248528258524749,0.0005207037542434424,0.0007631890368287242,0.365035639407462,0.05810398210405323,23
97,2,5.998819824576545,5.378894472361809,1,0.0032737721426375765,0.009009368033403558,0.012283140176041167,0.3878214912655831,1.2559402263222519,23
104,2,5.998819824576545,5.547738693467337,1,0.0014439439668126886,0.005707291525763822,0.007151235492576526,0.4077979811966414,0.6596183978468804,23
105,2,5.998819824576545,5.788944723618091,1,0.0006081208037959085,0.005496329879894255,0.006104450683690166,0.4599366138128705,0.5485694671739945,23
112,2,5.998819824576545,5.7407035175879395,1,0.00018614919679044162,0.0013512936591711829,0.0015374428559615982,0.4472105873144042,0.12514438364140096,23
117,2,5.998819824576545,5.885427135678392,1,0.0003627335200647175,0.006218176012704888,0.0065809095327695475,0.5068696662308729,0.5654156085614619,23
121,2,5.998819824576545,5.16180904522613,1,0.0005826150377600259,0.0011210850743722568,0.0017037001121323048,0.35742949272046715,0.13006190885572502,23
126,2,5.38344115319784,5.11356783919598,2,0.0009072883603471471,0.006280364312224925,0.007187652672572135,0.3499241093792894,0.6153786713787048,23
127,2,5.998819824576545,5.595979899497487,1,0.00036212913087502185,0.0016228907006598195,0.001985019831534889,0.40865103215606075,0.16615324068572213,23
131,2,5.998819824576545,5.089447236180904,1,0.0007961912874485111,0.0013830472873975243,0.0021792385748460254,0.3486219260665528,0.16597209680937236,23
142,2,5.998819824576545,5.644221105527638,1,7.652782477107767e-05,0.0003944967667290778,0.0004710245915000782,0.4197913867917761,0.03808868309282641,23
147,2,5.998819824576545,5.692462311557788,1,0.0010356485581524133,0.006256436103395803,0.0072920846615482345,0.44096513321388636,0.6704043588064504,23
164,2,5.998819824576545,5.764824120603015,1,0.000966929170518771,0.007790464264513759,0.008757393435032502,0.4576873794638895,0.8361331110163847,23
170,2,5.998819824576545,5.282412060301508,1,0.0009538624824597663,0.0022143849680236038,0.0031682474504833766,0.37247557553483657,0.25416509929631553,23
171,2,5.998819824576545,5.861306532663317,1,0.000368193925327609,0.005173042861643763,0.005541236786971428,0.4909200270007798,0.47531014299120994,23
173,2,5.998819824576545,5.499497487437186,1,0.0010831525637081119,0.0038194257592885465,0.004902578322996649,0.40401371918957374,0.42087594217655083,23
174,2,5.998819824576545,5.571859296482412,1,0.0009222575946385425,0.0038753727911238125,0.00479763038576238,0.4081522576784384,0.42291927843140886,23
184,2,5.998819824576545,5.837185929648241,1,0.0007814229296854158,0.00928359846687745,0.010065021396562913,0.4896214668003704,0.9580484533958418,23
192,2,5.998819824576545,5.137688442211055,1,0.0009541303514307153,0.0017730566819380562,0.0027271870333687586,0.35521398617473693,0.21116143008192415,23
198,2,5.998819824576545,5.813065326633166,1,0.0003241538564555668,0.0033305635634299606,0.0036547174198855795,0.4859168028001542,0.29604611065845715,23
199,2,5.998819824576545,5.330653266331658,1,0.00041037852132674857,0.0010345865199396969,0.0014449650412664292,0.3788524291340672,0.11275574895313151,23
3,3,7.806852303959407,6.705527638190954,1,0.00021603407008807807,0.00029416348258895795,0.0005101975526769373,0.7559831771298505,0.038955223990973405,23
5,3,7.806852303959407,7.573869346733668,1,0.001070595248905848,0.008665423976249212,0.009736019225154997,1.2682557346349432,0.8271053301611816,23
6,3,7.806852303959407,6.802010050251255,1,0.0014672290272498278,0.002247876294142677,0.003715105321392399,0.7752138071280555,0.31036992470557134,23
7,3,7.806852303959407,7.187939698492462,1,0.0008740679848504573,0.002409998578219854,0.0032840665630701864,1.1864069705260198,0.21227206875521543,23
10,3,7.806852303959407,6.2472361809045225,1,0.0007162430652437601,0.000606444167247976,0.0013226872324918063,0.5937498405251349,0.10391723195911533,23
11,3,7.806852303959407,6.126633165829145,1,0.0024337201884514492,0.0018484594817791376,0.004282179670230635,0.5485840476819746,0.365523354351285,23
13,3,7.806852303959407,7.212060301507537,1,0.0009207752430799854,0.0026585235484039454,0.003579298791484025,1.186723000492438,0.2354337693713608,23
15,3,7.806852303959407,6.295477386934673,1,0.0013344315023198217,0.0011818806468160926,0.002516312149135831,0.6134444417666516,0.2007612418201505,23
17,3,7.806852303959407,6.681407035175879,1,0.0005157629884046111,0.0006827269897157204,0.0011984899781202713,0.7540258555312171,0.09184619734991849,23
23,3,7.806852303959407,6.609045226130653,1,0.004744283330799015,0.005784850614892631,0.010529133945691747,0.7124894717592059,1.029953134093744,23
24,3,7.806852303959407,7.163819095477386,1,0.002066108822855073,0.0054483419330614265,0.007514450755916471,1.1776730511148141,0.521010835903527,23
28,3,7.806852303959407,6.994974874371859,1,0.007478733766745904,0.014936240796828598,0.022414974563574486,1.1243467220340733,2.149007975608321,23
34,3,7.806852303959407,6.898492462311557,1,0.0020872284833031163,0.0036307119211436535,0.0057179404044465825,1.100135118069849,0.3572956337128863,23
36,3,7.806852303959407,6.488442211055276,1,0.0021679713716689086,0.002323021747276127,0.004490993118945129,0.6694900516709581,0.37750064522839805,23
37,3,7.806852303959407,6.078391959798995,1,0.001026191741763216,0.0007473112810483901,0.0017735030228115615,0.5366440206658804,0.14306116645055875,23
40,3,7.806852303959407,6.777889447236181,1,0.0011925428273085181,0.001772584039621437,0.002965126866929969,0.7745789011941127,0.2408196606485535,23
42,3,7.806852303959407,6.657286432160804,1,0.001495692108014146,0.001925590070565814,0.0034212821785799727,0.7350376911529876,0.2782128152087175,23
43,3,7.806852303959407,6.5125628140703515,1,0.0042795940927848886,0.004702441011144607,0.008982035103929443,0.6746957057762888,0.8477766176386813,23
45,3,7.806852303959407,6.05427135678392,1,0.008166254159568731,0.0058248299294794284,0.013991084089048122,0.5362554195640424,1.5463438114204981,23
49,3,7.806852303959407,6.343718592964824,1,0.0030564213855190925,0.002834390779302324,0.005890812164821394,0.6175730154788358,0.5162824169168956,23
51,3,7.806852303959407,6.319597989949749,1,0.0006143117186113711,0.0005566678671251472,0.001170979585736519,0.6166277083287217,0.09156794840274497,23
53,3,7.806852303959407,6.440201005025125,1,0.0024662704489375464,0.0025154395309877862,0.004981709979925303,0.6668514478700259,0.41402674682404983,23
54,3,7.806852303959407,7.5015075376884415,1,0.0002158715447082571,0.0013087624370326653,0.001524633981740889,1.2530007320833632,0.10633342087241075,23
58,3,7.806852303959407,6.560804020100502,1,0.0030559853558425054,0.003534736365763718,0.006590721721606325,0.6942887710307112,0.5817183984654577,23
61,3,7.5885818619240855,7.5256281407035175,2,9.372237975124875e-05,0.0029308855133834467,0.003024607893134534,1.2599590837643624,0.21827044203532148,23
63,3,7.806852303959407,6.006030150753769,1,0.003689196860584998,0.002525784251983748,0.006214981112568679,0.5292130716369263,0.5399282745627098,23
67,3,7.806852303959407,7.429145728643216,1,0.00019335705418299654,0.0009302106398469289,0.0011235676940299793,1.2217755254933103,0.07694560062113749,23
68,3,7.806852303959407,7.742713567839196,1,0.00012863423180298206,0.0039471512673263445,0.004075785499129218,1.3429845371886164,0.31493758445801173,23
70,3,7.806852303959407,6.584924623115578,1,0.0034066766055775854,0.0040449439389567,0.00745162054453431,0.7116822615865748,0.6618731374323652,23
71,3,7.806852303959407,6.198994974874371,1,0.0037529967359564154,0.0030405833952901013,0.006793580131246411,0.569803984643304,0.6144793694180206,23
74,3,7.806852303959407,7.405025125628141,1,0.0007377352581310337,0.003315379057812363,0.0040531143159434424,1.2161015530645949,0.29038669016047197,23
75,3,7.806852303959407,6.850251256281407,1,0.00382405527518892,0.0062349040270581,0.01005895930224695,0.7918971937612576,0.9895731193731964,23
77,3,7.806852303959407,7.04321608040201,1,0.0012648327237114732,0.002720388603177672,0.00398522132688914,1.1430482706838494,0.2510776591826324,23
82,3,7.806852303959407,7.67035175879397,1,0.0001469400254148212,0.0020803244538248563,0.0022272644792397634,1.3146385284601037,0.16338402520564746,23
83,3,7.806852303959407,7.356783919597989,1,0.003789948066041937,0.015017692659523707,0.018807640725565806,1.2003099183281984,1.9363299606816484,23
86,3,7.806852303959407,7.646231155778894,1,0.0013330683007264366,0.01594130036608932,0.017274368666815733,1.3134401524148065,1.8408900746988253,23
90,3,7.806852303959407,6.150753768844221,1,0.0025998143065402157,0.0020171590307375303,0.004616973337277722,0.5546710775816616,0.39757834471080583,23
91,3,7.806852303959407,7.622110552763819,1,4.1539001864654423e-05,0.00042924824478117083,0.0004707872466454808,1.312696491755427,0.03268545860929139,23
96,3,7.806852303959407,7.597989949748744,1,0.0005706777112739481,0.005184256313545749,0.005754934024819836,1.3074241235160136,0.43771823294888057,23
100,3,7.806852303959407,7.139698492462312,1,0.002410199571968974,0.006087094249144272,0.008497293821113316,1.1727361411872517,0.5949363297380631,23
101,3,7.806852303959407,6.030150753768844,1,0.004961394517347895,0.003466798952871534,0.008428193470219409,0.5358402298852659,0.7734518523137673,23
102,3,7.806852303959407,6.271356783919598,1,0.0035984625181969543,0.0031158017254772257,0.006714264243674252,0.6029503368386128,0.5918798859147556,23
109,3,7.806852303959407,6.536683417085427,1,0.003531389737985502,0.0039804591941962255,0.007511848932181668,0.6806123537890651,0.6847395046967055,23
111,3,7.806852303959407,6.464321608040201,0,0.0019972415252256237,0.002087610693363711,0.004084852218589281,0.6680789209667877,0.33660634042962206,23
115,3,7.806852303959407,7.332663316582915,1,0.0027577722889473577,0.010307083008926765,0.013064855297873742,1.1954650377361036,1.1151385734503283,23
122,3,7.806852303959407,6.223115577889447,1,0.003650716819685873,0.0030233253549447558,0.0066740421746305754,0.5778829431392954,0.6004464536351388,23
124,3,7.806852303959407,6.826130653266331,1,0.001441458315830868,0.0022775260362326855,0.0037189843520634824,0.7805550137736378,0.312471811315807,23
125,3,7.806852303959407,6.10251256281407,1,0.0006939928746103607,0.0005160837802574931,0.0012100766548678258,0.546196825386581,0.09594286766567246,23
132,3,7.806852303959407,6.946733668341708,1,0.003070569328266881,0.005714295491878378,0.008784864820145259,1.1152019595717906,0.5860780047173303,23
135,3,7.806852303959407,6.174874371859296,1,0.002891421813555839,0.0022922122567374773,0.005183634070293365,0.5594708127642507,0.45405674717741334,23
137,3,7.806852303959407,6.874371859296482,1,0.0007161301734766035,0.0012056269227562813,0.0019217570962327796,0.7991021047109337,0.155470408721414,23
139,3,7.806852303959407,6.367839195979899,1,0.0009323406253466393,0.0008850609282472167,0.0018174015535937812,0.625226991355289,0.1455141045435854,23
146,3,7.806852303959407,7.284422110552764,1,0.001642993726648001,0.005504038622596362,0.007147032349244337,1.1912092620611183,0.52026290569953,23
149,3,7.806852303959407,7.308542713567839,1,0.003097307326680898,0.010946846119217597,0.014044153445898619,1.193689561791578,1.2124893662667815,23
150,3,7.806852303959407,7.067336683417086,1,0.00036229808810661623,0.0008098145290702312,0.0011721126171769672,1.143134063966584,0.07149810212385707,23
159,3,7.806852303959407,7.091457286432161,1,0.0023396004696527584,0.005440514017058819,0.007780114486711488,1.1557741519013236,0.531443627497301,23
160,3,7.806852303959407,7.477386934673366,1,0.0005346874051472827,0.0029857812279381214,0.003520468633085319,1.2481050724887603,0.25246179065350444,23
161,3,7.806852303959407,7.5497487437185935,1,0.00017365859231777137,0.0012659149192255576,0.0014395735115433426,1.2679436246496405,0.10151884155858153,23
163,3,7.806852303959407,6.633165829145728,1,0.0005852318763244213,0.0007330952615886092,0.0013183271379131284,0.7274227398351233,0.10249936445465131,23
165,3,7.806852303959407,7.0190954773869345,1,0.003285193998403102,0.006805585511826067,0.010090779510229245,1.1251556729728582,0.7128923045077521,23
167,3,7.806852303959407,6.922613065326633,1,0.003127301223961876,0.005624623701472992,0.008751924925434869,1.112248810619986,0.5771910494515256,23
175,3,7.806852303959407,7.694472361809044,1,0.0002896221907362495,0.005010884547558714,0.005300506738294811,1.316117398415975,0.41832506968202726,23
177,3,7.806852303959407,6.41608040201005,1,0.0022325978570020277,0.002222634770697203,0.004455232627699214,0.6571094018183102,0.36706323031221355,23
178,3,7.806852303959407,7.115577889447236,1,0.001611717947797242,0.0039035050382606237,0.0055152229860578154,1.1575605980515746,0.3658414072774736,23
182,3,7.806852303959407,6.72964824120603,1,0.001512721888341395,0.002119817134862457,0.0036325390232039337,0.7598647170065819,0.2976787341078235,23
183,3,7.806852303959407,7.260301507537688,1,0.0028521693157781414,0.009075764938974155,0.011927934254752175,1.1894088399323939,0.9504612294240165,23
186,3,7.806852303959407,7.71859296482412,1,7.525076806258468e-05,0.0016678707260241222,0.0017431214940866876,1.3221887052847263,0.1291462507970594,23
188,3,7.806852303959407,6.7537688442211055,1,0.0016236658602049037,0.002342725379872021,0.0039663912400769545,0.7707579254797543,0.32662559906345,23
191,3,7.806852303959407,6.391959798994975,1,0.0027527605889543505,0.0026756910922304264,0.0054284516811847604,0.6538544626790945,0.4534439342961557,23
193,3,7.806852303959407,7.7909547738693465,1,6.0005218785130765e-05,0.007519036063523397,0.007579041282308768,1.3529173861007333,0.6445570601925785,23
195,3,7.806852303959407,7.236180904522612,1,0.0006046912700770068,0.0018312407558405358,0.0024359320259178924,1.1892010852712038,0.1588127492973109,23
196,3,7.806852303959407,6.970854271356783,1,0.0010651031742074935,0.0020525415416507687,0.0031176447158582686,1.1214664030428034,0.19022236184364508,23
197,3,7.806852303959407,7.380904522613066,1,0.0008821858545478012,0.0037167775057521104,0.0045989633603001874,1.2099725598520776,0.33039704409346426,23
1,4,9.238819345128672,7.935678391959799,2,0.0032286807274726215,0.003514969723107695,0.006743650450580122,1.4167933319379344,0.5797725228212048,23
2,4,9.619100692765167,8.61105527638191,2,0.0008429095003443798,0.0012861641807408047,0.002129073681085386,1.6620471917462851,0.1994911751847094,23
4,4,9.818591867949877,8.852261306532663,1,0.0012186059455741027,0.0019617034634444885,0.003180309409018536,1.7178528319652808,0.3363273674676188,23
8,4,9.818591867949877,8.104522613065326,1,0.0011689313959317715,0.0008619399234699096,0.0020308713194012017,1.4963258505282238,0.162590201523546,23
9,4,9.818591867949877,8.128643216080402,1,0.0015616393083921487,0.00117600578762603,0.002737645096018307,1.5052115126083103,0.2238731802055172,23
12,4,9.818591867949877,8.779899497487436,1,0.002631527049719029,0.003864617093797036,0.006496144143516022,1.6939875000162732,0.7398859678531664,23
14,4,9.818591867949877,7.863316582914573,1,0.0009153830676127406,0.0005520444038235431,0.0014674274714362382,1.4027140618589031,0.10963885704352659,23
16,4,9.247314499409843,7.453266331658291,2,0.004360489363164799,0.003002483040667246,0.00736297240383205,1.2309562368049016,0.5712773685400352,23
19,4,9.818591867949877,8.152763819095478,1,0.0020653342840786237,0.0015887049029832756,0.0036540391870618196,1.5073077757103484,0.3083163041871759,23
20,4,9.818591867949877,9.093467336683418,1,0.0001776425649755442,0.00040649849826012027,0.0005841410632356466,1.7778726053062661,0.0629631784047813,23
21,4,9.818591867949877,8.008040201005025,1,0.005335158833281062,0.0036229177132027332,0.008958076546483899,1.4778763328771634,0.807764249507453,23
22,4,9.818591867949877,9.33467336683417,1,0.0010272019581121228,0.0037524416399169172,0.004779643598029017,1.8870690929593192,0.6281328186315251,23
26,4,9.818591867949877,8.273366834170854,1,0.0012958145852484115,0.0011118901082863089,0.0024077046935346794,1.550915124879105,0.2044527981738913,23
29,4,9.818591867949877,8.201005025125628,1,0.0038520999762834407,0.00309356584544288,0.006945665821726322,1.5316956428380892,0.6397443235692939,23
33,4,9.818591867949877,8.249246231155778,1,0.001922545722437441,0.0016132938409294474,0.003535839563366832,1.5357689511107688,0.30720266254667383,23
38,4,9.818591867949877,7.983919597989949,1,0.004604994229785886,0.003064653697012146,0.007669647926798196,1.4515254818182621,0.6742444623397491,23
41,4,9.818591867949877,9.55175879396985,1,0.0006627529317897451,0.004643536968593586,0.0053062899003836084,1.9551716255066653,0.7769716925750945,23
48,4,9.818591867949877,9.503517587939697,1,0.00017249533582197607,0.0010109662127815576,0.0011834615486032987,1.9376082919875088,0.14669336514601755,23
50,4,9.818591867949877,9.479396984924623,1,0.0002687111986314772,0.0014538462778277141,0.0017225574764592477,1.9356453016971265,0.21473812070198578,23
55,4,9.818591867949877,8.490452261306533,1,0.0024646026920123187,0.002614456533229491,0.005079059225241752,1.6133594764359003,0.4960244574211372,23
56,4,9.818591867949877,9.431155778894471,1,0.0003821969688313498,0.0017880224498056322,0.0021702194186369954,1.9235016769679625,0.26934315915223067,23
57,4,9.818591867949877,8.828140703517587,1,0.0010119374135062476,0.001579009817880544,0.002590947231386838,1.7074536264920739,0.26785747332720866,23
59,4,9.818591867949877,8.538693467336683,1,0.0014909849075381842,0.0016633317947460748,0.0031543167022841587,1.6430824646320656,0.29517808814329394,23
60,4,9.818591867949877,9.021105527638191,1,0.002063804106002598,0.004212267152473253,0.006276071258475828,1.7580563900732216,0.7853757591636701,23
62,4,9.818591867949877,9.6,1,0.00026648007363827553,0.002307338337829923,0.0025738184114680123,1.9971215822080344,0.3406237313918566,23
73,4,9.818591867949877,8.635175879396986,1,0.0022006160747034542,0.0027266655177024548,0.004927281592405715,1.6661107404821411,0.5016045983743513,23
76,4,9.818591867949877,7.839195979899497,1,0.00022949640511482627,0.00013576281365033704,0.0003652592187650007,1.3700225201851133,0.027045585130426233,23
80,4,9.818591867949877,8.393969849246231,1,0.0038242851766332464,0.00368180922145769,0.007506094398091013,1.5818850983059192,0.7580634738785055,23
81,4,9.818591867949877,8.996984924623115,1,0.0038488017957993836,0.007575949643586765,0.011424751439386335,1.7576301400490606,1.7552840858210306,23
84,4,9.818591867949877,8.34572864321608,1,0.0026321836035327895,0.00241824234984564,0.005050425953378392,1.5668804514290404,0.4693989518366734,23
89,4,9.818591867949877,8.683417085427134,1,0.005043139065995739,0.006600915031605668,0.011644054097601546,1.6748320424462786,1.5280460730565835,23
92,4,9.818591867949877,8.225125628140702,1,0.0024242640670286697,0.0019899035171618727,0.004414167584190488,1.5336853035214026,0.3868383973495571,23
93,4,9.818591867949877,9.262311557788944,1,0.002638108819671414,0.008226832146482135,0.010864940966153633,1.8527687136893927,1.8418758733825396,23
98,4,9.818591867949877,9.069346733668342,1,0.0012311530762554312,0.002709151244777638,0.0039403043210330495,1.7750633988273627,0.46353867724028147,23
99,4,9.818591867949877,8.586934673366834,1,0.0024751723753984045,0.002907896940309481,0.0053830693157079145,1.6534516704284679,0.544611934247468,23
103,4,9.818591867949877,8.562814070351758,1,0.003207673415361656,0.003671573266954026,0.00687924668231558,1.6508268855691237,0.717527869119729,23
106,4,9.818591867949877,9.045226130653266,1,0.0008489385501939672,0.0017982573678243178,0.0026471959180182155,1.7736176826024272,0.29567092336714157,23
107,4,9.818591867949877,8.176884422110552,1,0.0029472472089611124,0.0023162187810256986,0.005263465989986636,1.5206183825107942,0.46250691921732406,23
108,4,9.818591867949877,8.466331658291457,1,0.001026217921371364,0.0010620583618877798,0.002088276283259191,1.598508136976552,0.18874490105368222,23
110,4,9.818591867949877,8.97286432160804,1,0.0012050131778287287,0.002289479076840512,0.003494492254668938,1.75571714236327,0.38899352454585373,23
113,4,9.818591867949877,9.28643216080402,1,0.0005209219873880677,0.0017088415824321472,0.00222976356982014,1.86414620867022,0.2653528720117037,23
114,4,9.818591867949877,9.527638190954773,1,0.0008260520587983766,0.005275222357938756,0.00610127441673733,1.9507039946445623,0.9131385780246214,23
116,4,9.818591867949877,7.959798994974873,1,0.002304972062991739,0.0015035892252207059,0.003808561288212235,1.4261840235086658,0.30840254701282027,23
119,4,9.818591867949877,8.056281407035176,1,0.0023208496859590255,0.0016417004411693554,0.003962550127128315,1.4798038015747639,0.32591573634402904,23
120,4,9.818591867949877,7.911557788944723,1,0.0038372944276139354,0.0024060991947721148,0.006243393622385974,1.4142909582913883,0.5242824961494104,23
128,4,9.818591867949877,8.442211055276381,1,0.0014212094074286252,0.001435404146856188,0.0028566135542846473,1.5977897210723164,0.2596899467234105,23
129,4,9.654798498077454,8.65929648241206,2,0.0006796178344901094,0.0010536425133285006,0.0017332603478188557,1.6734089848808187,0.16379336987242235,23
130,4,9.818591867949877,9.382914572864323,1,0.0006349920592545466,0.0026089871342945695,0.0032439791935488667,1.8942494555232623,0.41327937010610694,23
133,4,9.818591867949877,9.117587939698492,0,0.0011725330301974868,0.002793208097085441,0.003965741127283171,1.8131002114167918,0.4684468241375653,23
134,4,9.818591867949877,8.948743718592965,1,0.0018697550684814157,0.0034317144415963066,0.005301469510077772,1.7548838813603207,0.6159306688522244,23
136,4,9.818591867949877,8.08040201005025,1,0.001514639335375989,0.0010937986546937595,0.002608437990069621,1.482141116427393,0.21078651922985597,23
138,4,9.818591867949877,8.804020100502512,1,0.0032574129805513774,0.00492966669894777,0.008187079679499252,1.703562715012288,0.9959138218175209,23
141,4,9.818591867949877,9.23819095477387,1,0.0012201767714126177,0.0036239780320690383,0.004844154803481693,1.8526343993502057,0.6161517360887846,23
144,4,9.477366187759683,8.297487437185929,2,0.0017175844380314942,0.0021366204690040835,0.00385420490703567,1.5567579287257882,0.34122568019019434,23
145,4,9.818591867949877,8.369849246231155,1,0.0022007534552146435,0.002069479278207899,0.004270232733422778,1.5732106975325724,0.39276280819190906,23
148,4,9.818591867949877,8.321608040201005,1,0.0037277236597950125,0.0033468224511907867,0.007074546110985854,1.5603377948460193,0.6870461899160906,23
151,4,9.818591867949877,8.924623115577889,1,0.002918812800198678,0.00517896604659164,0.008097778846790393,1.750175568785595,1.0252871035622695,23
152,4,9.818591867949877,9.455276381909547,0,0.00012905406125995889,0.0006478497596306352,0.0007769038208907098,1.925421215397018,0.09335886427811214,23
153,4,9.818591867949877,7.887437185929648,1,0.0019456535809085906,0.0011963656174869967,0.00314201919839566,1.4039501439130146,0.24547177741418927,23
154,4,9.499937165837709,8.900502512562813,2,0.0007789156775597217,0.002228801969568946,0.0030077176471286333,1.7490592562403051,0.3186547021121675,23
155,4,9.818591867949877,8.70753768844221,1,0.0010642306875205954,0.0014326139071852246,0.002496844594705732,1.6761131556870816,0.2462630833098569,23
156,4,9.818591867949877,8.514572864321607,1,0.0015839908109291923,0.001722864019160472,0.0033068548300895536,1.6271266924882453,0.30984657200296134,23
158,4,9.818591867949877,9.358793969849245,1,0.0009131748792519101,0.003532962696432056,0.004446137575684066,1.8891726775907516,0.5846717328576839,23
162,4,9.818591867949877,8.418090452261307,1,0.005064705708629935,0.00499351006789604,0.010058215776526044,1.5865450469532805,1.1123873253023109,23
166,4,9.818591867949877,7.8150753768844226,1,0.00596169143934655,0.003459933269343882,0.009421624708690473,1.3531365732624707,0.8510770034147074,23
168,4,9.818591867949877,8.731658291457286,1,0.0010199711204124107,0.001412768484460884,0.002432739604873457,1.6794517326396494,0.24212332652118626,23
169,4,9.818591867949877,9.310552763819095,1,0.0010947854632785692,0.003785604358220055,0.00488038982149849,1.8697244294754987,0.6416061975046481,23
172,4,9.818591867949877,8.75577889447236,1,0.0012548782904322486,0.001789300176798189,0.0030441784672303367,1.6896669320155209,0.30988706386509335,23
176,4,9.818591867949877,9.575879396984924,1,0.0003411438245386478,0.0026439715576840406,0.0029851153822225483,1.9858796307768791,0.3980272249780132,23
179,4,9.818591867949877,9.214070351758792,1,0.0004918729309033587,0.0013937474316600893,0.0018856203625633636,1.8517699554088023,0.21521070733930484,23
180,4,9.183288977552577,7.7668341708542705,2,0.003817216616579744,0.003704636398225995,0.0075218530148057966,1.3429919063541176,0.6353028903973009,23
181,4,9.818591867949877,8.876381909547739,1,0.0021529613689388327,0.00357775553076786,0.005730716899706919,1.7194607549167304,0.6626608131255916,23
187,4,9.818591867949877,8.032160804020101,1,0.0021818232650172575,0.0015120338594806334,0.003693857124497932,1.478573834644231,0.2984188474385558,23
189,4,9.818591867949877,9.189949748743718,1,0.0007131090049514732,0.0019308216285739129,0.0026439306335253967,1.8391567216781564,0.3070007508036567,23
190,4,9.818591867949877,9.141708542713568,1,0.0010770303570093454,0.0026741250100654123,0.0037511553670748605,1.835887186149524,0.4398754637961905,23
194,4,9.818591867949877,9.407035175879397,1,0.00033465931494403023,0.0014647147742565907,0.0017993740892006211,1.920155615143336,0.2182782714263797,23
0,5,13.528873413762081,9.165829145728644,2,0.006771235945828513,0.0008615043189718453,0.007632740264800354,1.8374553183500801,1.042609075556474,23
7,1,7.360306711980818,7.284422110552764,1,0.0002357130015389064,0.006095295429511072,0.006331008431049986,1.192579952886556,0.4529593169204515,27
12,1,7.360306711980818,7.115577889447236,1,0.00034905101585169795,0.002681586276701167,0.0030306372925528093,1.1157894735554084,0.20029741347846358,27
24,1,7.360306711980818,6.946733668341708,1,0.0004558767288997956,0.001984488414437367,0.0024403651433371506,0.7711708335939215,0.21525836790476638,27
31,1,7.360306711980818,7.139698492462312,1,0.0010307999270608992,0.00883914595840236,0.009869945885463168,1.1479082489266623,0.7286447197526335,27
32,1,7.360306711980818,7.0190954773869345,1,0.0003167004973811949,0.0017024811494013542,0.0020191816467826826,0.788758877113077,0.17894613339259882,27
34,1,7.360306711980818,7.356783919597989,1,2.0650500336616417e-05,0.011713616118923183,0.011734266619260034,1.2115747915681438,0.9669519758102115,27
36,1,7.360306711980818,7.236180904522612,1,0.00013402145651997266,0.0020931278473118,0.0022271493038317804,1.1875132279514449,0.14490918485437732,27
42,1,7.360306711980818,7.067336683417086,1,0.0009206481786743215,0.00583584112825208,0.006756489306926525,1.1021084375660897,0.47135914794178246,27
46,1,7.143632246667302,7.091457286432161,2,8.496248912415183e-05,0.003214533506143854,0.0032994959952681873,1.1139687720800988,0.21667446531351567,27
51,1,6.847132885556519,6.464321608040201,2,0.00101725858314472,0.004822260621465107,0.005839519204609786,0.6537002130668279,0.5131738264242988,27
65,1,7.360306711980818,6.922613065326633,1,0.0013810824787660048,0.005645352447717315,0.0070264349264834046,0.7689741800105757,0.6880955924129053,27
88,1,7.360306711980818,7.04321608040201,1,0.00035848465060506207,0.002086578387814208,0.0024450630384192686,0.7971860217181312,0.21915560400020967,27
93,1,7.360306711980818,6.850251256281407,1,0.0005298467735448398,0.0018239294668388317,0.0023537762403837282,0.7560765743123862,0.2010910837255721,27
97,1,7.360306711980818,6.994974874371859,1,0.0004406914185106636,0.0021989129776248608,0.002639604396135618,0.7801442805843002,0.23703646396766376,27
124,1,7.360306711980818,6.826130653266331,1,0.0007048205109653205,0.002302165703911095,0.003006986214876477,0.7322813200669888,0.2662869715919001,27
130,1,7.360306711980818,6.970854271356783,1,0.0015196266749318843,0.007068744345956753,0.008588371020888672,0.7725208842472835,0.9014353429201923,27
145,1,7.360306711980818,7.212060301507537,1,0.00042115003241094406,0.005473783056176069,0.005894933088587166,1.1821367574747186,0.4057197972867387,27
158,1,7.360306711980818,6.874371859296482,1,0.00012949218232138904,0.00047083427956815454,0.0006003264618895446,0.7634850289599343,0.04951453686430776,27
160,1,7.360306711980818,7.163819095477386,1,0.0005635936687282683,0.005459500411699751,0.006023094080427926,1.1556941269802057,0.41483160734995345,27
168,1,7.360306711980818,6.777889447236181,1,0.001414502851503241,0.004184378506824865,0.005598881358328114,0.724068375783716,0.5205254403406837,27
172,1,7.360306711980818,7.332663316582915,1,0.00016157203467903614,0.011609138795633476,0.011770710830312343,1.2002556218432525,0.9674832433130871,27
179,1,7.360306711980818,6.802010050251255,1,0.0020652927670987697,0.006413884505734111,0.008479177272832905,0.7279003796110969,0.8597120813441756,27
180,1,7.360306711980818,7.308542713567839,1,0.00011751401233950354,0.004481872615662032,0.004599386628001414,1.1926515182321973,0.32271046699927536,27
185,1,7.360306711980818,7.187939698492462,1,0.00013823280839542207,0.0015358120153456454,0.001674044823741127,1.1816808195242852,0.10582225496133298,27
188,1,7.360306711980818,7.260301507537688,1,0.00023279440007240026,0.004540218487707451,0.004773012887779784,1.1899834100388873,0.3280721079131715,27
5,2,8.32345732501579,7.959798994974873,1,0.0018181110619956975,0.009117484926910923,0.010935595988906607,1.4640635033296567,1.0206416379712897,27
9,2,8.32345732501579,8.201005025125628,1,0.00011882467154911147,0.001881944234807688,0.0020007689063567457,1.5013763066011188,0.1677445131475361,27
10,2,8.32345732501579,7.71859296482412,1,0.00045766885003728497,0.0012959766658506794,0.0017536455158879902,1.337925384014372,0.1283732316332289,27
13,2,8.32345732501579,7.5256281407035175,1,0.0018729290323855619,0.0038206952618246863,0.005693624294210012,1.2870687316315725,0.42274363865983333,27
30,2,8.32345732501579,7.8150753768844226,1,0.0004140790047184595,0.001430729834676202,0.0018448088393949098,1.408053522598087,0.13487961870789597,27
38,2,8.32345732501579,8.128643216080402,1,0.00030986479414107926,0.0030287154437505107,0.003338580237891566,1.4983066801582456,0.2779262866205626,27
41,2,8.32345732501579,8.321608040201005,1,4.41972046827388e-06,0.004777714516547491,0.004782134237015635,1.5358382484786728,0.4454366435375888,27
45,2,7.441313397339554,6.898492462311557,2,0.0020573903053411335,0.006598145542397599,0.008655535847738823,0.7638990343550159,0.8821439276762357,27
50,2,8.32345732501579,8.249246231155778,1,0.00023090045892248945,0.006108065385201927,0.006338965844124278,1.5061778477885723,0.6029710016387941,27
53,2,8.32345732501579,7.983919597989949,1,0.000679419874000331,0.003671926235325933,0.004351346109326455,1.4643560198926298,0.35094529908655847,27
57,2,8.32345732501579,7.380904522613065,1,0.0009714991472400403,0.0016136848177228619,0.0025851839649630513,1.248878844223034,0.17314400200141167,27
58,2,8.32345732501579,7.7668341708542705,1,0.0019192900659499301,0.005981002975605837,0.007900293041555628,1.3602902170100732,0.663130823244744,27
59,2,8.32345732501579,7.622110552763819,1,0.004489241900273555,0.010688074419899688,0.01517731632017295,1.3046197813984863,1.4923069584174717,27
73,2,8.32345732501579,7.911557788944723,1,0.0007763298757765824,0.003394660203667343,0.00417099007944396,1.430365902446241,0.33051078464200145,27
75,2,8.32345732501579,7.742713567839196,1,0.002296054409044679,0.006814743176489791,0.009110797585534687,1.345203306515434,0.7865154748157493,27
77,2,8.32345732501579,8.273366834170854,1,2.1875722445496848e-05,0.0008625559118690364,0.0008844316343148545,1.5318480050345054,0.07361831260187632,27
87,2,8.32345732501579,7.453266331658291,1,0.0012639888768173346,0.002318775062530291,0.0035827639393476566,1.2677715686933761,0.24974511517771067,27
91,2,8.32345732501579,7.429145728643216,1,0.0014143627592257957,0.002508367254698564,0.003922730013924274,1.2566027752356164,0.27420152546514376,27
95,2,8.32345732501579,7.5497487437185935,1,0.0029425407748386867,0.006229683446148643,0.009172224220987372,1.2894201946448565,0.7423873046420087,27
96,2,8.32345732501579,7.887437185929648,1,0.0008994248341913647,0.0036922263869973953,0.004591651221188899,1.4276103422238684,0.3630312338490171,27
102,2,8.32345732501579,8.056281407035176,1,0.0007325141576079996,0.005125279690089956,0.005857793847697903,1.4868140309384248,0.5001218260599786,27
106,2,8.32345732501579,8.176884422110552,1,0.00048730088032966634,0.006408588206924693,0.006895889087254358,1.5012605235240948,0.6403610520628809,27
111,2,8.32345732501579,7.573869346733668,1,0.000843149324721848,0.0018543318956863797,0.002697481220408059,1.2940565484682403,0.19295750459624647,27
112,2,8.32345732501579,7.67035175879397,1,0.00033341687805399367,0.0008633685239027305,0.0011967854019568072,1.3290425310606286,0.08517618567093176,27
113,2,8.32345732501579,7.646231155778894,1,0.0015571843263231244,0.0038639771449987355,0.005421161471322102,1.3272380155414794,0.41368828736404895,27
119,2,8.32345732501579,7.9356783919598,1,0.001968705133436055,0.00920118659412031,0.011169891727556324,1.4448809559311286,1.0509365320748996,27
122,2,8.32345732501579,8.08040201005025,1,0.0017160526261796871,0.013280023985708014,0.014996076611887685,1.4872537431656416,1.702405861628478,27
129,2,8.021479247597744,7.839195979899497,2,0.00034224205331279123,0.0035865352423831796,0.003928777295696012,1.4123624515968134,0.30197807741804583,27
134,2,8.32345732501579,7.597989949748744,1,0.0008427164529636322,0.0019272969118133854,0.002770013364777054,1.2974166410280605,0.20039695273713137,27
135,2,8.32345732501579,7.7909547738693465,1,0.0007476727146624729,0.002450880120759135,0.0031985528354217152,1.3727109886395807,0.24341610056683616,27
162,2,8.32345732501579,8.152763819095478,1,0.0004250049858278704,0.004770263930031115,0.005195268915858907,1.5000801088234006,0.45656433779525124,27
163,2,8.32345732501579,8.008040201005025,1,0.00036255242921345854,0.002122362619748244,0.0024849150489620305,1.465232083967495,0.19515296004771995,27
169,2,8.32345732501579,8.104522613065326,1,0.0004690034537320198,0.004054189628278388,0.004523193082010339,1.4885478213617653,0.3842742447866415,27
176,2,8.32345732501579,8.032160804020101,1,0.0005011731730490965,0.0031964770755688134,0.003697650248617788,1.480095955331248,0.29841801848149097,27
186,2,8.32345732501579,7.694472361809044,1,0.0008600322897731605,0.0023271535117180267,0.0031871858014912214,1.3368927205462238,0.2369442676126926,27
192,2,8.32345732501579,7.405025125628141,1,0.0006844861264092561,0.0011744126714491041,0.0018588987978581527,1.254681874130698,0.1239130721704054,27
194,2,8.32345732501579,7.5015075376884415,1,0.0018935193942155593,0.0037252921565455043,0.005618811550761066,1.283235623039228,0.412387028693745,27
195,2,8.32345732501579,7.477386934673366,1,0.0010464578419822068,0.001987242009287785,0.0030336998512698766,1.2699535358491538,0.21168466018239065,27
196,2,8.32345732501579,8.297487437185929,1,4.4378949413115265e-05,0.003395582158234622,0.0034399611076475125,1.5342728741919052,0.3064083839867247,27
197,2,8.32345732501579,7.863316582914573,1,0.0013975842470808075,0.005402574153062633,0.00680015840014324,1.4132397924085398,0.5630243019349614,27
2,3,14.140734889208309,8.70753768844221,1,0.004949026201791051,0.0003502799064615423,0.005299306108252509,1.648163300161047,0.5755123661311639,27
4,3,14.079231563027408,8.731658291457286,2,0.0005926761527919044,4.3919011158833234e-05,0.0006365951639509667,1.654667590519462,0.06150332618090192,27
6,3,14.140734889208309,9.23819095477387,1,0.002732721919414871,0.00025772867613412724,0.0029904505955490723,1.869505186122212,0.3539577903331439,27
11,3,14.140734889208309,8.586934673366834,1,0.005851389594221157,0.00038830305208597507,0.006239692646307021,1.621540855227611,0.6618761563738919,27
14,3,14.140734889208309,9.55175879396985,1,0.001551305828648708,0.00017392575721950643,0.0017252315858682394,1.980982198554376,0.21807026896704562,27
17,3,14.140734889208309,8.828140703517587,1,0.0020235976503717445,0.00015279989571790296,0.002176397546089869,1.6842568800882083,0.2257601793953524,27
18,3,14.140734889208309,9.527638190954773,1,0.003202927199518202,0.00035431742540038895,0.0035572446249185295,1.9680758141662198,0.47606412439685797,27
22,3,14.140734889208309,8.779899497487436,1,0.007618426623313468,0.0005605416797405734,0.0081789683030542,1.6737190878254962,1.0019023603263573,27
27,3,14.140734889208309,8.97286432160804,1,0.00595007156165428,0.00048575284278483546,0.0064358244044389465,1.7852504663927307,0.7717320442066362,27
28,3,14.140734889208309,8.61105527638191,1,0.0011665761198367264,7.841739631902848e-05,0.0012449935161556276,1.6343507012740341,0.11621867154951458,27
37,3,14.140734889208309,9.045226130653266,1,0.005099805868474361,0.00043298038730735743,0.005532786255781597,1.8051381852448223,0.6631690271943912,27
39,3,14.140734889208309,9.33467336683417,1,0.0023755124970852304,0.00023621343898271054,0.00261172593606771,1.9281651396149029,0.3112949375157175,27
43,3,14.140734889208309,8.876381909547739,1,0.00363848210067097,0.00028196546878353506,0.0039204475694544555,1.7279064421408938,0.42638210634484575,27
49,3,14.140734889208309,9.262311557788944,1,0.0037091481852928876,0.00035446753499021887,0.004063615720283078,1.911502815697818,0.4922719643975238,27
61,3,14.140734889208309,9.407035175879397,1,0.0010007253857911014,0.00010355459297220105,0.001104279978763401,1.9349462521140843,0.1300763497577509,27
62,3,14.140734889208309,9.165829145728644,1,0.003968524188793676,0.00035977430899607286,0.0043282984977897135,1.8310887973512837,0.5257858040888347,27
66,3,14.140734889208309,9.503517587939697,1,0.0019114684963534856,0.00020864083644775213,0.0021201093328014845,1.9680718377359612,0.2664516519940705,27
72,3,14.140734889208309,9.455276381909547,1,0.0033943394173578945,0.00036073121354783397,0.0037550706309057704,1.9521317002126906,0.49031400780467865,27
74,3,14.140734889208309,9.382914572864323,1,0.003911593430345306,0.00039942204128101753,0.004311015471626312,1.9303491998448186,0.5579850660700083,27
76,3,14.140734889208309,9.28643216080402,1,0.001710780112365029,0.0001656677850400797,0.0018764478974051019,1.9127753437831672,0.21495894204966873,27
80,3,12.52410654209047,8.225125628140702,2,0.01204677763799289,0.0015891829334028953,0.013635960571395784,1.5029088078758777,1.6166283471178384,27
82,3,14.140734889208309,8.75577889447236,1,0.005438989333630406,0.0003950392184260231,0.005834028552056679,1.658255224961992,0.657818876435622,27
83,3,14.140734889208309,8.442211055276381,1,0.0040148985209034205,0.00024669074819662503,0.0042615892690999685,1.5846151892700815,0.4046447147144262,27
90,3,14.140734889208309,9.189949748743718,1,0.0015403747381179667,0.0001414956862406292,0.0016818704243583625,1.8329118437691334,0.19044354890919857,27
92,3,14.140734889208309,9.6,1,3.5556682346449264e-05,4.0949964160735406e-06,3.965167876240796e-05,1.9987576298239016,0.004826906903447712,27
103,3,14.140734889208309,8.562814070351758,1,0.005304875142464027,0.0003475392652817471,0.005652414407745821,1.620304540107742,0.5816802672035611,27
105,3,14.140734889208309,9.575879396984924,1,0.00021476926728003498,2.4404365739525307e-05,0.00023917363301966362,1.9879014467249034,0.029099116474892932,27
107,3,13.879908516547935,8.418090452261307,2,0.002629783883012271,0.0001833006746657251,0.0028130845576781116,1.5482373524351316,0.2608263726603729,27
108,3,14.140734889208309,8.924623115577889,1,0.005579423911564074,0.00044377510241732623,0.006023199013981443,1.766096900720121,0.7009444795482697,27
120,3,14.140734889208309,8.635175879396986,1,0.004356134382590415,0.0002966147093040766,0.004652749091894465,1.6419946196157387,0.4778876989895455,27
125,3,14.140734889208309,8.538693467336683,1,0.0018781810215899863,0.00012147516351637583,0.0019996561851062396,1.612088784906946,0.18567505409327503,27
139,3,14.140734889208309,9.358793969849245,1,0.005485482694434829,0.0005527441397249875,0.006038226834159886,1.9297992826476278,0.8219691719453761,27
143,3,14.140734889208309,9.141708542713568,1,0.009201545357446994,0.0008232892354431707,0.010024834592890003,1.821095565353523,1.5182056690798122,27
144,3,14.140734889208309,8.369849246231155,1,0.0015546895271403294,9.193092055043182e-05,0.0016466204476907245,1.54232510253528,0.145422159166189,27
147,3,14.140734889208309,8.490452261306533,1,0.0072996614853413355,0.00046015953010704715,0.00775982101544816,1.6056357665055603,0.8225531801475984,27
148,3,14.140734889208309,9.214070351758792,1,0.00544931361174128,0.0005072016369373115,0.00595651524867832,1.8529390409402449,0.7774023713763671,27
149,3,14.140734889208309,8.514572864321607,1,0.0017875082687219823,0.00011413629909676521,0.001901644567819075,1.610123281910733,0.17417666647473076,27
150,3,12.725735433127404,9.021105527638191,2,0.008447362992269003,0.0015717312966253088,0.01001909428889418,1.797304250010513,1.414999456080904,27
154,3,14.140734889208309,8.900502512562813,1,0.005395484036206266,0.00042359650240811195,0.00581908053861411,1.760901820144108,0.6654540463505787,27
155,3,14.140734889208309,8.466331658291457,1,0.0024718456035570657,0.00015383715767607544,0.0026256827612331957,1.6036122138768234,0.23953038228318116,27
156,3,14.140734889208309,9.069346733668342,1,0.0012408604971267945,0.00010673893720562605,0.0013475994343323605,1.8051811545585197,0.14421743502045545,27
159,3,14.140734889208309,8.34572864321608,1,0.006466846075437127,0.00037754175731140104,0.00684438783274849,1.5371622603450323,0.6821076793175892,27
161,3,14.140734889208309,8.65929648241206,1,0.0011864941309958077,8.183775039871933e-05,0.0012683318813943127,1.6425785040740295,0.1208177366648866,27
165,3,14.140734889208309,9.093467336683418,1,0.003282768737884245,0.0002861089480122973,0.0035688776858968222,1.8075797130133566,0.41216123961224604,27
166,3,14.140734889208309,8.393969849246231,1,0.002591734015918945,0.00015522361295208355,0.002746957628871167,1.54351749081316,0.25185815750328605,27
167,3,14.140734889208309,8.996984924623115,1,0.003951635308084622,0.0003268422123761864,0.004278477520460975,1.7868935808723883,0.48467642192624094,27
177,3,14.140734889208309,8.804020100502512,1,0.003654233156814568,0.0002723732674072081,0.003926606424221639,1.6817479594912963,0.42281809427864436,27
181,3,14.140734889208309,9.479396984924623,1,0.005145959508091602,0.0005542336744055581,0.0057001931824972,1.9618471912188167,0.8081053095766041,27
183,3,14.140734889208309,9.431155778894471,1,0.004000273139719512,0.00041949562782792944,0.004419768767547409,1.943767644128117,0.5858570339767151,27
184,3,14.140734889208309,8.852261306532663,1,0.003274328958661643,0.00025047073781725546,0.0035247996964789495,1.6998332982946396,0.38079450705651385,27
187,3,14.140734889208309,8.683417085427134,1,0.0026168026680590817,0.00018283544498486393,0.002799638113043823,1.6462273279779767,0.2800762144191261,27
189,3,14.140734889208309,9.117587939698492,1,0.005387570461005797,0.0004757527818027542,0.005863323242808443,1.8131097882216851,0.7384495194278485,27
198,3,14.140734889208309,8.948743718592965,1,0.0014846699496371407,0.00011963562859364476,0.0016043055782308069,1.774328918873771,0.16531139944003773,27
199,3,14.140734889208309,9.310552763819095,1,0.0008246538690395155,8.0921490841115e-05,0.000905575359880619,1.9156396024643905,0.10195878156701661,27
1,1,7.940182648390565,7.139698492462312,1,0.001258249689224722,0.0025564522313441364,0.0038147019205689086,0.7652297440949166,0.3896589022733952,28
8,1,7.940182648390565,7.429145728643216,1,0.0008186556070945983,0.002811985111790604,0.0036306407188851234,1.1343425016727269,0.28164913679432063,28
11,1,7.940182648390565,6.898492462311557,1,0.0028132142328934906,0.0041161977963707136,0.00692941202926424,0.7212651242361193,0.7202353237039344,28
12,1,7.940182648390565,6.850251256281407,1,0.0015908695146606977,0.002195667961838607,0.0037865374764993708,0.7084883718890054,0.3587766811612066,28
16,1,7.940182648390565,7.863316582914573,1,0.00023077621469114185,0.005889982901383184,0.006120759116074241,1.306177123200335,0.5461033036497458,28
22,1,7.940182648390565,7.0190954773869345,1,0.0021311767007713422,0.0036434400615244773,0.005774616762295834,0.740789698577154,0.6038828450722783,28
27,1,7.940182648390565,7.380904522613065,1,0.0022230823553428536,0.006890024139988905,0.009113106495331825,1.1116931131006371,0.7962329766508099,28
33,1,7.940182648390565,7.742713567839196,1,0.0007120514527363397,0.0068616086510589385,0.007573660103795311,1.242006697265931,0.692730429691258,28
38,1,7.940182648390565,6.777889447236181,1,0.0031495875140827856,0.003996494808309327,0.007146082322392107,0.6819661708458141,0.7436675299219454,28
39,1,7.940182648390565,7.477386934673366,1,0.0011427864275501687,0.0043892451583943835,0.005532031585944578,1.1455421156614363,0.45388506986993526,28
42,1,7.940182648390565,7.115577889447236,1,0.0004638378340772187,0.0009089672170873465,0.0013728050511645955,0.7650644288040555,0.13005064763637958,28
52,1,7.940182648390565,7.622110552763819,1,0.0007510887424195811,0.0043571634621330105,0.005108252204552426,1.187009526123995,0.4326050562945833,28
53,1,7.940182648390565,7.332663316582915,1,0.000860554887433751,0.0024244849773336864,0.0032850398647674825,0.7980878285763157,0.35102878327932097,28
55,1,7.940182648390565,7.236180904522612,1,0.0005807548518059757,0.0013764906669798591,0.0019572455187857767,0.7711503125748519,0.19872409946570577,28
58,1,7.940182648390565,6.994974874371859,1,0.0006487576405296291,0.0010738072436597848,0.0017225648841894155,0.7362783839173039,0.16086118164555413,28
60,1,7.940182648390565,7.163819095477386,1,0.0016735246384735891,0.0035284262458830182,0.005201950884356583,0.767342105062965,0.5585233882886086,28
61,1,7.940182648390565,7.212060301507537,1,0.0012358355004316035,0.0028140749814164847,0.0040499104818481355,0.7710336373658989,0.42984885805841544,28
65,1,7.940182648390565,7.7668341708542705,1,0.00010811205806260382,0.001194062594135872,0.001302174652198619,1.2886818302393226,0.10069005024072403,28
67,1,7.940182648390565,7.718592964824119,1,0.0006285490040194297,0.005364616696041358,0.005993165700060656,1.2402276612649867,0.5206683301262927,28
69,1,7.84541048974497,7.573869346733668,2,0.00015615145572156486,0.0010738031396044228,0.001229954595325907,1.1725523970990632,0.09477215864559496,28
70,1,7.940182648390565,7.5015075376884415,1,0.0009557912989646145,0.0038971876441404618,0.004852978943105189,1.1461027076912165,0.39735102138839323,28
74,1,7.940182648390565,7.04321608040201,1,0.0022598883506667056,0.003993192037287298,0.0062530803879540025,0.7479646648500197,0.6650707310844549,28
75,1,7.940182648390565,6.970854271356783,1,0.0018482745854527804,0.0029637373484346693,0.004812011933887394,0.7322942776909871,0.4827634311454004,28
78,1,7.940182648390565,7.839195979899497,1,6.584545145704723e-05,0.0012713967786688002,0.0013372422301254554,1.2947077202122077,0.1068760428502431,28
83,1,7.940182648390565,7.67035175879397,1,0.000402280386369247,0.002785103525445413,0.0031873839118146357,1.231933246140753,0.2552035395460278,28
86,1,7.580187151811148,7.453266331658291,2,0.00027873575911741,0.004254384016679223,0.004533119775796688,1.1431052826980328,0.35999549657941715,28
89,1,7.940182648390565,7.091457286432161,1,0.0021214399925917338,0.004013197522060239,0.006134637514651802,0.7522113902125673,0.6645468729297046,28
97,1,7.940182648390565,7.646231155778894,1,0.00086436789377764,0.005459423019084351,0.006323790912862058,1.2110102142424137,0.545939917826527,28
105,1,7.940182648390565,6.802010050251256,1,0.0006643780755019035,0.000866596538860238,0.0015309746143622488,0.6947302639161864,0.136767923342179,28
108,1,7.940182648390565,6.922613065326633,1,0.0015068881449270544,0.002271911874769786,0.003778800019696873,0.7243104590150673,0.36354588100772245,28
121,1,7.940182648390565,7.5497487437185935,1,0.0008030202227153893,0.0037250210647038783,0.004528041287419045,1.1544261908563704,0.3750276997608131,28
125,1,7.940182648390565,7.260301507537688,1,0.0007982007650249034,0.0019715276551811596,0.0027697284202060453,0.7788970251979654,0.2880307635716496,28
129,1,7.940182648390565,6.82613065326633,1,0.0012854391606907933,0.0017243252286900236,0.0030097643893809136,0.6974035936268219,0.28086072918223465,28
133,1,7.940182648390565,7.694472361809044,1,0.0009755527751238446,0.007462883823358244,0.008438436598482025,1.239923193982012,0.7681917600221142,28
135,1,7.940182648390565,6.874371859296482,1,0.0011214033234751009,0.0015931840731694183,0.002714587396644602,0.708870655370485,0.25360736049241156,28
143,1,7.940182648390565,7.935678391959799,1,9.65070366665266e-06,0.0042803248806740244,0.004289975584340605,1.3750981163452305,0.3605086866083512,28
144,1,7.940182648390565,7.067336683417086,1,0.0040974501265163,0.00748853546940045,0.011585985595916653,0.7521455308670515,1.4997502814719468,28
145,1,7.940182648390565,7.356783919597989,1,0.0013974084404309028,0.00412579389904476,0.005523202339475415,1.1093845126248696,0.43896832786128054,28
146,1,7.940182648390565,7.405025125628141,1,0.0010514394133793736,0.0034271552608691165,0.004478594674248578,1.1256293994306659,0.3518865573709078,28
150,1,7.940182648390565,7.911557788944723,1,3.662431937545563e-05,0.002540648497363391,0.0025772728167388743,1.3182821116857322,0.2154451235535663,28
159,1,7.940182648390565,6.7537688442211055,1,0.0028492391944372475,0.003518522234421773,0.006367761428858974,0.6812792324681033,0.6394959385542991,28
165,1,7.940182648390565,7.815075376884423,1,0.000262637758216,0.004068651119930364,0.004331288878146457,1.2929276602659603,0.36484232820713974,28
168,1,7.940182648390565,7.5256281407035175,1,0.0016285793612247357,0.007070830359801413,0.008699409721025815,1.1525409674377993,0.7863500655860975,28
171,1,7.940182648390565,6.946733668341708,1,0.0038299874252822885,0.005953381927945043,0.009783369353227357,0.7293744751351962,1.1330846080742452,28
177,1,7.940182648390565,7.187939698492462,1,0.0030373860901958816,0.006651830934837511,0.009689217025033394,0.7701457168082294,1.2237791186595208,28
186,1,7.940182648390565,7.7909547738693465,1,0.0002109659461699831,0.0027232621604637254,0.0029342281066334227,1.29201138005751,0.23686759235076404,28
188,1,7.940182648390565,7.308542713567839,1,0.0004934206113572648,0.0013286019015978552,0.0018220225129551076,0.7980418323993843,0.18470904363043442,28
190,1,7.940182648390565,7.284422110552764,1,0.0011990844842919568,0.0030902425530707138,0.004289327037362717,0.7875581185575933,0.46618871876585616,28
191,1,7.940182648390565,7.887437185929648,1,0.0001140924210731864,0.004269355662873142,0.004383448083946412,1.3096033917663918,0.3792901665495518,28
193,1,7.940182648390565,7.597989949748744,1,0.0004909274634630201,0.002630836653687635,0.0031217641171508593,1.1730399005537673,0.25303659407156726,28
0,2,11.321683417520367,8.442211055276381,1,0.0022846087895178613,0.0007095978483596198,0.002994206637877202,1.5586522240371739,0.2804525303858054,28
4,2,11.321683417520367,9.358793969849245,1,0.0031495369518050875,0.0018878625199805167,0.005037399471785686,1.958605189228015,0.6487203645963712,28
6,2,11.321683417520367,8.032160804020101,1,0.0038672837742266264,0.0009252376673042094,0.004792521441530867,1.4284925716482018,0.4119421842577473,28
7,2,11.321683417520367,8.538693467336683,1,0.0006953024764317917,0.00023016731963946806,0.0009254697960712062,1.606895082847962,0.08407261263379572,28
13,2,11.321683417520367,7.959798994974873,1,0.005086880646117509,0.0011638824273519327,0.0062507630734692935,1.379433435161999,0.5554176901689805,28
19,2,11.321683417520367,8.418090452261307,1,0.001279800137168552,0.00039128285404572635,0.001671082991214333,1.5545431032799808,0.1501734717198818,28
21,2,11.321683417520367,8.635175879396986,1,0.003426892136042081,0.0012102787228239632,0.0046371708588657835,1.655656909481255,0.4716504676510591,28
23,2,11.321683417520367,9.165829145728644,1,0.007428932600823668,0.0038321478188799896,0.011261080419703782,1.834314945756721,1.8345823381753794,28
25,2,10.69663912036484,9.527638190954773,2,0.0019999266532282345,0.0025184994126216395,0.00451842606585004,1.972895509243099,0.6250442971555279,28
28,2,11.321683417520367,9.407035175879397,1,0.0021704410612095604,0.0013525380166945092,0.0035229790779040876,1.9642475310886254,0.44102101640864505,28
41,2,11.321683417520367,8.128643216080402,1,0.0037486418609598005,0.0009524408728702863,0.004701082733830109,1.4599347952327093,0.4152528103560463,28
43,2,11.321683417520367,8.97286432160804,1,0.001085283963202066,0.00048531824355185885,0.001570602206753804,1.789621506008705,0.1622811437516402,28
44,2,11.321683417520367,9.23819095477387,1,0.00433248945992859,0.002362108656232595,0.006694598116161182,1.854100509635257,0.9118323599490034,28
45,2,11.321683417520367,8.948743718592965,1,0.0010515304774179057,0.0004621100884548983,0.0015136405658726353,1.7740217494991042,0.15562375846123105,28
46,2,11.321683417520367,9.310552763819095,1,0.00130357731045172,0.0007520122926361086,0.0020555896030877707,1.9162245958122566,0.23933558077244013,28
50,2,11.321683417520367,9.455276381909547,1,0.002825731683426147,0.0018317487286840547,0.004657480412110189,1.9690566319285254,0.6221740599176581,28
54,2,11.321683417520367,8.900502512562813,1,0.005856063216426843,0.002486159821660168,0.008342223038086941,1.752272685861743,1.0476709431309301,28
56,2,10.389794559863136,8.273366834170854,2,0.005855722806439978,0.003112725987586013,0.008968448794026128,1.507228125584287,0.9318888576572306,28
57,2,11.321683417520367,9.189949748743718,1,0.0014800784985697923,0.000777615732810571,0.0022576942313803907,1.8349974860357308,0.259732842350415,28
62,2,11.321683417520367,8.731658291457286,1,0.0042578817514415945,0.0016061163894032803,0.0058639981408447625,1.6851514987694842,0.6401669390007445,28
63,2,11.321683417520367,8.321608040201005,1,0.0077787584268427246,0.002234082626637247,0.010012841053479774,1.517905513962748,1.0997802547538025,28
68,2,10.553352516577014,8.201005025125628,2,0.0053507599351390045,0.002386658776848896,0.007737418711987978,1.464389305403469,0.7683309009433532,28
71,2,11.321683417520367,8.75577889447236,1,0.0010893949300576633,0.0004178291511217901,0.0015072240811795001,1.6997319613485806,0.146532178439358,28
72,2,11.321683417520367,9.093467336683418,1,0.002747138826115547,0.0013421304761505944,0.0040892693022663434,1.8129630114250326,0.478429469865988,28
76,2,11.321683417520367,8.466331658291457,1,0.003486348407461426,0.001100141960194231,0.004586490367655573,1.5726482030892903,0.4488968914234884,28
79,2,11.321683417520367,9.575879396984924,1,0.0023526874215709093,0.0016879084641215985,0.004040595885692531,1.9898877980196565,0.5588377835733507,28
84,2,11.321683417520367,7.983919597989949,1,0.002364660484877268,0.0005491252413159922,0.0029137857261932365,1.3830455023311166,0.24231522156926733,28
90,2,11.321683417520367,9.045226130653266,1,0.002911945112498815,0.0013727595473313418,0.004284704659829781,1.8075468631808047,0.49247010049001216,28
92,2,10.937137461816294,8.61105527638191,2,0.0026445351532820016,0.0012022532885746715,0.003846788441856679,1.6297827731723304,0.38454595570407385,28
95,2,11.321683417520367,9.431155778894471,1,0.0002501216543104867,0.0001589595742384742,0.00040908122854910016,1.9657214872623332,0.0470287126612832,28
99,2,11.321683417520367,8.225125628140702,1,0.0022866651519690695,0.0006174555204554145,0.0029041206724243996,1.4699579931721334,0.25729988425829525,28
100,2,11.321683417520367,9.117587939698492,1,0.003579956121191774,0.001780785579105326,0.005360741700297182,1.8190220171858453,0.6607599806571508,28
101,2,11.321683417520367,8.779899497487436,1,0.006879665795080703,0.002683145470267709,0.009562811265348567,1.711316907374633,1.1978377772610824,28
102,2,11.321683417520367,8.683417085427134,1,0.0025167964796015685,0.0009184792409684893,0.0034352757205700878,1.6629650683826072,0.34568483049894877,28
104,2,11.321683417520367,8.586934673366834,1,0.001302282946769484,0.00044522014713804705,0.001747503093907233,1.623963677135389,0.16413439879260552,28
106,2,11.321683417520367,9.262311557788944,1,0.005230971633573223,0.002905794696332641,0.008136766329905731,1.882459117189096,1.172609634735013,28
112,2,11.321683417520367,9.382914572864323,1,0.0004947388009814979,0.0003023482378723377,0.0007970870388538917,1.9626447893487202,0.09056575153416936,28
113,2,11.321683417520367,8.70753768844221,1,0.005337046012566127,0.0019801004070271588,0.007317146419593185,1.668800735772397,0.8340650820404178,28
114,2,11.321683417520367,9.214070351758792,1,0.0020565806201182646,0.0011006294028945009,0.0031572100230125993,1.8353167752042352,0.37832130925102886,28
115,2,11.321683417520367,8.490452261306533,1,0.00692003374804373,0.0022186555204502943,0.009138689268493962,1.5806881577539118,1.0329548512687299,28
116,2,11.321683417520367,8.804020100502512,1,0.0011470625708585036,0.0004549479624678701,0.0016020105333263205,1.7334349685017987,0.1568464091423658,28
117,2,11.321683417520367,9.069346733668342,1,0.00617592428680136,0.002963754598700945,0.009139678885502302,1.8103969715091253,1.271566955804164,28
118,2,11.321683417520367,9.33467336683417,1,0.0025646551317479727,0.001508014029044053,0.004072669160791794,1.9302796898413732,0.5085494052062328,28
119,2,11.321683417520367,9.55175879396985,1,0.002019829887562219,0.0014195233097481891,0.0034393531973106314,1.975782282738601,0.46255039353201266,28
126,2,11.321683417520367,8.249246231155778,1,0.005385774037098834,0.0014767744414341721,0.006862548478532921,1.500192606353454,0.6650917948318066,28
131,2,11.321683417520367,8.297487437185929,1,0.005348778818805799,0.0015125619714582168,0.00686134079026409,1.5169894711764398,0.6752904949629815,28
137,2,11.321683417520367,8.104522613065326,1,0.0030415583834682014,0.0007612051726404793,0.003802763556108725,1.457395984457356,0.32528600703763905,28
138,2,11.321683417520367,8.996984924623115,1,0.004796919342142436,0.0021829620009832006,0.00697988134312583,1.8001119164546162,0.8569956821042541,28
141,2,11.321683417520367,8.924623115577889,1,0.002650044969594312,0.001144608969089763,0.00379465393868414,1.762764288868758,0.41308948169628695,28
142,2,11.321683417520367,8.34572864321608,1,0.003094766641824842,0.000902756483978282,0.003997523125803216,1.520612321467595,0.3741484711079076,28
147,2,11.321683417520367,9.28643216080402,1,0.0013230616117030358,0.0007489234383130373,0.002071985050016147,1.9085143249682235,0.2393141957818391,28
149,2,11.321683417520367,8.369849246231155,1,0.0011331184130800587,0.0003357341906691229,0.0014688526037493531,1.5279077382065438,0.1304633837599688,28
151,2,11.321683417520367,8.852261306532663,1,0.0027172184172941094,0.0011148087950263903,0.0038320272123203588,1.7372065581434006,0.40772529711495603,28
154,2,11.321683417520367,8.876381909547739,1,0.002026860783235662,0.0008458722914246202,0.0028727330746600166,1.7395602104017953,0.3010538708961103,28
157,2,11.321683417520367,9.141708542713568,1,0.006542908498754496,0.0033141459033782053,0.009857054402133,1.8209167207049546,1.4807410218150314,28
161,2,11.321683417520367,8.008040201005025,1,0.003484357455211917,0.0008212746943850779,0.00430563214959693,1.413511315651155,0.3653924968371783,28
166,2,11.321683417520367,9.503517587939697,1,0.0014607267854938044,0.0009856155154880585,0.0024463423009819063,1.9727358291742616,0.3100018379580659,28
169,2,11.321683417520367,9.479396984924623,1,0.004338989613263955,0.0028693971720545677,0.00720838678531841,1.9702047271395389,1.0844747786584035,28
176,2,11.321683417520367,8.056281407035176,1,0.0030103168913553358,0.000731071298041064,0.0037413881893963415,1.4441542142612833,0.3144426491649755,28
179,2,11.321683417520367,8.393969849246231,1,0.003712323149344776,0.0011172950535031714,0.0048296182028479285,1.528596597911312,0.47160140052158295,28
181,2,11.321683417520367,8.152763819095478,1,0.010925644824259617,0.002818316610432913,0.013743961434692304,1.4616554102485309,1.6154868101718918,28
183,2,11.321683417520367,8.562814070351758,1,0.0022274328578137936,0.000749307520942557,0.0029767403787563595,1.6154643791494447,0.2861282172004098,28
184,2,11.321683417520367,8.08040201005025,1,0.007580804519352169,0.0018688831031920853,0.009449687622544207,1.447878145192908,0.9271082585753581,28
185,2,11.321683417520367,9.6,1,0.000907142929617466,0.0006645002489773039,0.0015716431785946867,1.9941538763764057,0.20133296136235548,28
187,2,11.321683417520367,8.176884422110552,1,0.0025015382696433885,0.0006551624229115687,0.0031567006925551653,1.464128588553214,0.27530908365895623,28
194,2,11.321683417520367,8.65929648241206,1,0.0007307310908322151,0.0002623283825023021,0.0009930594733345746,1.6564574435716108,0.09316291802221129,28
197,2,10.729341459679619,8.514572864321607,2,0.003883629545069933,0.001916486688108625,0.005800116233178428,1.5978528235370164,0.5923419578407484,28
198,2,11.321683417520367,8.828140703517587,1,0.0023121518803559393,0.0009326607587944859,0.003244812639150517,1.7346032130367453,0.33571093703731475,28
199,2,11.321683417520367,9.021105527638191,1,0.002732354917968749,0.0012655031492855465,0.003997858067254567,1.8027974754102947,0.45063787097197083,28
4,1,9.385421736409263,8.61105527638191,1,0.0010684819410196056,0.002259776724531693,0.0033282586655511235,1.6643004047755032,0.3208102831067862,29
5,1,9.385421736409263,8.683417085427134,1,0.0020826374318212437,0.004952874777619835,0.007035512209441017,1.6791726858683564,0.7770509859017495,29
6,1,9.385421736409263,8.032160804020101,1,0.0009464321725272118,0.000978489567733739,0.0019249217402611807,1.4334460229582195,0.15485601730306633,29
8,1,9.385421736409263,7.71859296482412,1,0.0037218921421589,0.002860436289344871,0.0065823284315037,1.3382370998058788,0.5313234546280278,29
9,1,9.385421736409263,9.214070351758792,1,0.0003827466000989599,0.004278747509565398,0.004661494109664665,1.8529167932672466,0.5808266191525454,29
11,1,9.385421736409263,7.742713567839196,1,0.005799313346088297,0.004553565448534186,0.010352878794622525,1.3395010417486588,0.9273921634984174,29
13,1,9.385421736409263,8.562814070351758,1,0.002313351407647657,0.004546826841724555,0.006860178249372347,1.6532623795416175,0.7138707855171778,29
15,1,9.385421736409263,7.8150753768844226,1,0.000993056278843607,0.000832551467112247,0.001825607745955825,1.361974238437661,0.13810154474842534,29
17,1,8.635041312109383,8.225125628140702,2,0.0014484662118359193,0.006367631320876053,0.007816097532711935,1.5266132626667188,0.7503804242998812,29
18,1,9.385421736409263,8.08040201005025,1,0.0020977021367256654,0.002279232490860517,0.004376934627586025,1.4681757499667532,0.37132249611094303,29
20,1,9.385421736409263,9.28643216080402,1,0.00025648551214496607,0.005054886246063787,0.005311371758208734,1.8711739517958847,0.6987174390488831,29
22,1,9.385421736409263,9.069346733668342,1,0.0008864056564426015,0.005177297217197401,0.006063702873639826,1.8038645109152214,0.7516256571630927,29
24,1,9.385421736409263,8.804020100502512,1,0.000688210267932643,0.0020399610932481035,0.0027281713611806524,1.7122212706806195,0.27861848014678237,29
26,1,9.385421736409263,8.586934673366834,1,0.0010636898079028345,0.0021677138069771695,0.0032314036148798106,1.6587798368638915,0.3077873263157279,29
27,1,9.385421736409263,7.911557788944724,1,0.0017052770211332113,0.0015651707842165158,0.003270447805349949,1.3956548494346495,0.2611420493716744,29
29,1,9.385421736409263,7.573869346733668,1,0.010380012628605106,0.0070427811440875975,0.01742279377269268,1.2833033183279114,1.827632338142674,29
32,1,9.385421736409263,9.141708542713568,1,0.001408779648091496,0.01087087572797012,0.012279655376061887,1.8251335549641616,2.1002854994966755,29
35,1,9.385421736409263,8.34572864321608,1,0.0006240332387341674,0.0009153140275355159,0.0015393472662697605,1.5752722217442294,0.1310427621988062,29
36,1,9.385421736409263,8.008040201005025,1,0.003634192081550802,0.0036668009259343717,0.007300993007485089,1.4273290262625615,0.6581261225495991,29
40,1,9.385421736409263,8.201005025125628,1,0.0023589128858498842,0.002919530954972361,0.005278443840822048,1.51367985970913,0.4727666226322377,29
42,1,9.385421736409263,8.948743718592965,1,0.0014061135974252625,0.005762554558709871,0.007168668156135107,1.7603963243531993,0.8841288932362187,29
43,1,9.385421736409263,9.358793969849245,1,3.410774204293254e-05,0.0025448016861257653,0.0025789094281685816,1.9068698772798205,0.31486072467742343,29
46,1,9.385421736409263,8.321608040201005,1,0.0005424693022988425,0.0007725556995310093,0.001315025001829888,1.5447059485958106,0.11227032712986677,29
47,1,9.385421736409263,9.165829145728644,1,0.0005182248548678547,0.0044655038132265295,0.004983728668094527,1.8364662030094436,0.6168666782790561,29
48,1,9.385421736409263,9.189949748743718,1,0.00017832353042801508,0.0017368334611858156,0.0019151569916137923,1.850128521460068,0.21620588800431267,29
50,1,9.385421736409263,8.65929648241206,1,0.002832000275391655,0.006469802896242481,0.009301803171633954,1.677131221566184,1.0931076935845527,29
55,1,9.385421736409263,8.852261306532663,1,0.0008345994195417816,0.0027319818062634207,0.003566581225805144,1.7252285556177225,0.3795194056233677,29
56,1,9.385421736409263,7.863316582914573,1,0.002677136725876661,0.0023472781718688342,0.005024414897745576,1.3691701068087065,0.4143492647484577,29
59,1,9.385421736409263,8.297487437185929,1,0.0012355234235501555,0.001709290946136941,0.0029448143696872175,1.5425690530638356,0.25781682453439847,29
61,1,9.385421736409263,9.045226130653266,1,0.00031949548451137844,0.0017230834589916034,0.002042578943503135,1.790178537136697,0.22199234196588472,29
66,1,9.385421736409263,7.983919597989949,1,0.002101639879249273,0.0020700391924180373,0.0041716790716671386,1.4177320401761981,0.34720408552724913,29
71,1,9.385421736409263,8.779899497487436,1,0.0002584176384292647,0.0007308375510381335,0.000989255189467427,1.7084937819596013,0.09563073321827732,29
76,1,9.385421736409263,7.622110552763819,1,0.004640516393303873,0.0032797614697087953,0.007920277863012314,1.3008212402140875,0.6437096861603663,29
79,1,9.385421736409263,7.7909547738693465,1,0.0038183287109181396,0.0031313370461942143,0.00694966575711239,1.3546832227902121,0.5814964106230106,29
84,1,9.385421736409263,8.152763819095478,1,0.004387245094731762,0.005148645593539502,0.009535890688271192,1.4897729479406416,0.9471145297803301,29
85,1,9.385421736409263,8.369849246231155,1,0.0011077101276701917,0.001674267711799112,0.002781977839469367,1.58551481739153,0.24491957537391315,29
88,1,9.385421736409263,7.959798994974873,1,0.0036798027327282767,0.00353923286975172,0.007219035602479865,1.3977252430765086,0.6469762823832022,29
94,1,9.107633982946222,8.466331658291457,2,0.0008253569415830331,0.002183340784107709,0.0030086977256910535,1.5993643273663851,0.27778775346304146,29
103,1,9.385421736409263,7.694472361809044,1,0.004702459075992538,0.0035381225900378978,0.008240581666030372,1.334917110100257,0.6829883477902443,29
110,1,9.385421736409263,8.924623115577889,1,6.68546490016908e-05,0.00025802376258134537,0.0003248784115831951,1.7465306853890001,0.032513010751182764,29
111,1,9.385421736409263,8.514572864321607,1,0.0013948756650998817,0.0025565015667717364,0.0039513772318716,1.6245424700895288,0.37691550805718377,29
114,1,9.385421736409263,8.442211055276381,1,0.002141375332907147,0.0035537677653673175,0.005695143098274475,1.5927985562114908,0.5581761430986578,29
115,1,9.385421736409263,9.117587939698492,1,0.00033880232340477434,0.0023643231770855595,0.0027031255004903868,1.8078732842212362,0.3080369363707614,29
116,1,9.385421736409263,8.418090452261307,1,0.004482425329478845,0.007206364731120423,0.011688790060599138,1.5913001935881872,1.3635870982920988,29
120,1,9.385421736409263,8.128643216080402,1,0.0035950912280038327,0.0041106080436351475,0.007705699271639153,1.4784621168656038,0.7232858936957115,29
125,1,9.385421736409263,9.23819095477387,1,0.00022785688728288456,0.0029827036073126535,0.00321056049459548,1.8543477072632617,0.3861133848566794,29
128,1,9.385421736409263,8.731658291457286,1,0.0010757160381904551,0.002782234395398853,0.0038579504335894137,1.6945163360139872,0.3949801492055632,29
133,1,9.385421736409263,8.900502512562813,1,0.00026302245357801013,0.0009586072819763732,0.0012216297355543532,1.7342693204822686,0.12445580581566121,29
136,1,9.385421736409263,8.97286432160804,1,0.0006217885085673114,0.0027140992592262284,0.00333588776779372,1.7636723872015516,0.36776847133841095,29
137,1,9.385421736409263,8.996984924623115,1,0.0007091674909245338,0.0033082786074236526,0.004017446098348184,1.7714537029472062,0.45591174314696176,29
139,1,9.385421736409263,8.75577889447236,1,0.0021254869132643073,0.005744332040990079,0.007869818954254482,1.6994290825563234,0.9207064632886693,29
142,1,9.385421736409263,8.70753768844221,1,0.0024346658935656684,0.0060344370475670876,0.00846910294113268,1.6887305086217543,0.9886816833915981,29
151,1,9.385421736409263,8.538693467336683,1,0.0006974511968678154,0.0013232101755967097,0.002020661372464539,1.6384432222241982,0.18455668275761647,29
152,1,9.385421736409263,7.646231155778894,1,0.006138987431606013,0.004429459495857317,0.010568446927463483,1.3251226669577092,0.9077848325930383,29
153,1,9.385421736409263,8.273366834170854,1,0.0017481932703855563,0.002350569910623849,0.004098763181009421,1.5324545178444424,0.36644885345290445,29
154,1,9.385421736409263,9.093467336683418,1,0.0001383541378998654,0.0008802844711459196,0.0010186386090456957,1.8049532723522672,0.10940310661052936,29
166,1,9.385421736409263,7.887437185929648,1,0.0009389187315780312,0.0008421794798745157,0.0017810982114525734,1.3898746161626105,0.13685203553716727,29
169,1,9.385421736409263,8.635175879396986,1,0.0003308669737200898,0.0007269081138118909,0.0010577750875320328,1.670490630049784,0.09732122670327491,29
170,1,9.385421736409263,8.056281407035176,1,0.004028145833490093,0.004268664185509477,0.008296810018999744,1.4385936150160425,0.782743303687147,29
172,1,9.385421736409263,9.33467336683417,1,3.554505334091296e-05,0.0013831379166110672,0.0014186829699521706,1.8755388461515419,0.1678351412911485,29
176,1,9.385421736409263,9.310552763819095,1,0.00015589588346665018,0.004087037443231878,0.004242933326698304,1.8743482355987668,0.5436171775483155,29
181,1,9.385421736409263,7.67035175879397,1,0.004427369374735868,0.0032617919839026542,0.007689161358638522,1.326833744741374,0.6248327234489107,29
182,1,9.385421736409263,7.839195979899497,1,0.004225139982834802,0.003622066559410425,0.007847206542245175,1.3677468683837088,0.6822991589746821,29
183,1,9.385421736409263,8.876381909547739,1,0.001307242233871353,0.004510185439801539,0.005817427673673129,1.728850905473335,0.6702308194312719,29
185,1,8.581402293198447,8.393969849246231,2,0.0007079016559863316,0.007205249429253555,0.007913151085239914,1.5893335918474523,0.8040194432108155,29
186,1,9.385421736409263,8.104522613065326,1,0.001679179154117083,0.0018712985328420693,0.00355047768695937,1.4692148933588245,0.29936719379732407,29
187,1,9.385421736409263,7.7668341708542705,1,0.00118953174908909,0.0009544344634692259,0.002143966212558196,1.3451614214850964,0.1612153161281495,29
188,1,9.385421736409263,8.828140703517587,1,0.0003454608486035404,0.0010750892152685465,0.0014205500638722456,1.7128182265091538,0.14193886878624654,29
190,1,9.385421736409263,9.021105527638191,1,0.001163116524653951,0.005821291181100048,0.006984407705754046,1.7719247744870676,0.8881581369268986,29
191,1,9.385421736409263,9.382914572864323,1,2.314713253070977e-06,0.0018453225517784332,0.0018476372650318145,1.9140445580487357,0.22237667215211177,29
193,1,9.385421736409263,7.597989949748744,1,0.004641061053123341,0.0032135968613964862,0.00785465791451983,1.2967471489907207,0.6307700650441254,29
198,1,9.385421736409263,8.176884422110552,1,0.0009758110656641339,0.0011757986266142722,0.002151609692278553,1.508976134082515,0.17776944900065106,29
199,1,9.385421736409263,7.935678391959799,1,0.0011370269727601912,0.0010681663929166065,0.0022051933656767747,1.3967549527918741,0.1743237729092124,29
23,2,12.278152557016881,9.503517587939697,1,0.0028007894203643247,0.0009323239792772363,0.003733113399641767,1.9731167460362196,0.49453708900555166,29
31,2,11.505087184258143,9.262311557788944,2,0.00390997935830506,0.0018896908438347179,0.0057996702021398325,1.8566785414700397,0.7730653727587385,29
37,2,12.278152557016881,9.527638190954773,1,0.0033708038197917123,0.0011402897820233483,0.004511093601815114,1.9751649024568767,0.6230129591316764,29
58,2,12.278152557016881,9.407035175879397,1,0.0009101554112806998,0.0002842466254857084,0.0011944020367664857,1.9364850658230457,0.1409589489264717,29
68,2,12.278152557016881,9.455276381909547,1,0.0034140771854411778,0.0011006583822712845,0.004514735567712671,1.9681306256260656,0.6002596400881749,29
91,2,11.040136571006602,8.490452261306533,2,0.007690530930251294,0.0029829804238255733,0.010673511354076867,1.6135912046581748,1.238015986010278,29
113,2,12.278152557016881,9.6,1,0.0038704197329015866,0.001374674413544792,0.005245094146446267,1.9932301109278392,0.770587223811664,29
118,2,12.278152557016881,9.431155778894471,1,0.0014568558305119161,0.00046225632302842234,0.0019191121535405116,1.9671072522456634,0.23070639722816155,29
130,2,12.278152557016881,9.479396984924623,1,0.0024669162608890183,0.0008081155709227069,0.003275031831811841,1.9716492806111816,0.42150381446020535,29
159,2,12.278152557016881,9.55175879396985,1,0.0023797565352494665,0.000818159995586237,0.003197916530835671,1.9777635540466048,0.42587202161983573,29
167,2,12.278152557016881,9.575879396984924,1,0.0027362589859225572,0.0009561280415887344,0.0036923870275113084,1.982452573355995,0.5061859983326102,29
196,2,10.507381848757527,8.249246231155778,2,0.009825582379073605,0.004695008297561583,0.014520590676635307,1.5286858685515445,1.770770708259354,29
15,2,6.005639868404607,5.571859296482412,1,0.0012154473142585998,0.005018200400661051,0.006233647714919617,0.4013481954491934,0.5802925018193619,30
21,2,6.005639868404607,5.644221105527638,1,0.0005077116289847194,0.0025633334263754654,0.0030710450553601636,0.41535930323950354,0.26547529429437444,30
24,2,6.005639868404607,5.981909547738693,1,1.5210756711070417e-05,0.0012743777330324392,0.0012895884897435024,0.5074949549683291,0.10380697107980276,30
25,2,6.005639868404607,5.885427135678392,1,0.00011425154140548566,0.001844269095515638,0.001958520636921106,0.5015338326688931,0.15390953822445605,30
27,2,6.005639868404607,5.7407035175879395,1,0.00042910824831143835,0.0030295122813304726,0.003458620529641923,0.4599630897481053,0.2846610312590605,30
35,2,6.005639868404607,5.620100502512562,1,0.0005182473908151297,0.0024376242357885456,0.002955871626603631,0.40850089680709656,0.25610712436805877,30
54,2,6.005639868404607,5.716582914572864,1,0.001647714778497844,0.010596604542329833,0.012244319320827644,0.450727558346642,1.283176716315305,30
58,2,6.005639868404607,5.692462311557788,1,0.00029383054805465214,0.001733364402897232,0.002027194950951892,0.43474527564839704,0.16743463218044244,30
90,2,6.005639868404607,5.957788944723617,1,3.438865374499889e-05,0.0014201987891640914,0.0014545874429090294,0.5063626451343831,0.11630325685450033,30
98,2,6.005639868404607,5.861306532663317,1,0.0003373726553387857,0.00450825211369247,0.0048456247690312326,0.49301210640141163,0.40713998890338354,30
106,2,6.005639868404607,5.788944723618091,1,0.0006196073069290042,0.005414490076982037,0.006034097383911059,0.46566763465499056,0.533672345587674,30
114,2,6.005639868404607,5.909547738693467,1,0.00043882371547449006,0.0089157406150437,0.009354564330518273,0.5021969108752748,0.8850728660713125,30
130,2,6.005639868404607,5.595979899497487,1,0.0019057724615007543,0.008383788378823916,0.010289560840324693,0.40729966810109025,1.0709363817007558,30
133,2,6.005639868404607,5.837185929648241,1,0.00030176785252927774,0.0034340275735831017,0.0037357954261124336,0.48458657274644273,0.3080240860080612,30
156,2,6.005639868404607,5.547738693467337,1,0.0004180104834586307,0.0016247303571428706,0.0020427408406015336,0.397608703593097,0.1717833988903661,30
176,2,5.803542708228865,5.427135678391959,2,0.00036743470166877845,0.001774368416615027,0.0021418031182838587,0.3361201396377795,0.20209716017574247,30
184,2,6.005639868404607,5.764824120603015,1,0.00016575329834556118,0.0012953846138280152,0.0014611379121735365,0.46326523956169513,0.11594029227132074,30
199,2,6.005639868404607,5.933668341708542,1,0.00010515654461662471,0.002869907803107201,0.0029750643477238223,0.5046238496393483,0.24332644553728608,30
0,3,8.551972502611928,6.488442211055276,1,0.0025336490748550933,0.001402895208309532,0.003936544283164624,0.6593983911594476,0.3322948572572882,30
2,3,8.551972502611928,7.115577889447236,1,0.004683777024552915,0.004457628031996308,0.009141405056549185,1.1171030899753487,0.6768553452475159,30
3,3,8.551972502611928,7.839195979899497,1,0.0016166561730770468,0.003775805412182422,0.005392461585259681,1.4236825190674653,0.4234784161032845,30
5,3,8.551972502611928,7.405025125628141,1,0.005440675974242248,0.007025483565586109,0.01246615953982816,1.2103068971112632,1.0813853142835688,30
6,3,8.551972502611928,7.429145728643216,1,0.0003800512801905853,0.0005046165741099569,0.0008846678543006962,1.2231345447052786,0.060267269055454785,30
7,3,8.551972502611928,7.091457286432161,0,0.0038458259967368846,0.003575466277222013,0.007421292273958706,1.1094933428636522,0.5275934921535647,30
8,3,8.551972502611928,6.922613065326633,1,0.005576401150444554,0.0044311584325187866,0.010007559582963474,0.7769648348225412,1.0564481452912973,30
10,3,8.551972502611928,8.490452261306533,1,0.00021567871729333277,0.006904347799462586,0.007120026516755861,1.5965070644616157,0.7455035085412319,30
11,3,8.551972502611928,7.815075376884423,1,0.004493177783259306,0.010085916384787204,0.014579094168046425,1.4217548352431895,1.428415756530182,30
12,3,8.551972502611928,6.198994974874371,1,0.0024985547571412248,0.0011139505624672508,0.0036125053196086215,0.5892691903562801,0.29240163514236023,30
14,3,8.551972502611928,8.008040201005025,1,0.00129943857824677,0.004157637053195887,0.005457075631442458,1.457436688884544,0.4594683745842571,30
16,3,8.551972502611928,7.983919597989949,1,0.00044912928254392526,0.0013673453273969007,0.0018164746099407205,1.4469641504939548,0.1408277132285739,30
17,3,8.551972502611928,8.466331658291457,1,0.0002543436433131152,0.005813510048313259,0.0060678536916264824,1.596319275783493,0.6077122012917636,30
18,3,8.551972502611928,6.05427135678392,1,0.007066778360866999,0.002842248932964065,0.009909027293831071,0.5329064777367253,0.9682049866083005,30
20,3,8.551972502611928,8.249246231155778,1,0.000733451060084267,0.004488161039746614,0.005221612099831038,1.5362783102425734,0.47195480377325977,30
23,3,8.551972502611928,8.369849246231155,1,0.0007945799227417893,0.008334476996643277,0.009129056919385087,1.5674545691562922,0.9644068698225485,30
26,3,8.551972502611928,8.297487437185929,1,0.0005696562909189851,0.004198143579070104,0.004767799869989047,1.556401788889443,0.43153274025387656,30
32,3,8.551972502611928,8.201005025125628,1,0.0009479742930382784,0.004941932043981778,0.005889906337020084,1.5182268560922516,0.5336831872011563,30
33,3,8.551972502611928,6.295477386934673,1,0.0012629435029628544,0.000604210876966679,0.0018671543799296184,0.6231157443704729,0.14464279067155117,30
39,3,8.551972502611928,7.887437185929648,1,0.0009882339652114158,0.002507406503385047,0.0034956404685963973,1.4370068383017913,0.2683113509713053,30
40,3,8.551972502611928,6.946733668341708,1,0.0022210036243048847,0.0018036730240822787,0.004024676648387052,0.7804763880208132,0.36371097439095235,30
41,3,8.551972502611928,6.078391959798995,1,0.0007194171773827751,0.0002942955631775929,0.0010137127405603673,0.5511163498312749,0.07835876207809657,30
42,3,8.551972502611928,8.176884422110552,1,0.0005731156560879747,0.002778293019905908,0.003351408675993863,1.5151098428778633,0.2829851623025878,30
44,3,8.266093443739994,7.5497487437185935,2,0.0011761827005036807,0.0027307857736903075,0.003906968474193848,1.2786860631015151,0.28587905887193377,30
46,3,8.551972502611928,6.41608040201005,1,0.005178826603630338,0.002712282971798162,0.007891109575428427,0.6411483332486916,0.7258986548439377,30
47,3,8.551972502611928,6.898492462311557,1,0.002507577761401092,0.001950125222495288,0.004457702983896368,0.773774069356403,0.40016463195870555,30
49,3,8.551972502611928,7.356783919597988,1,0.004600869934895169,0.005626319685138308,0.01022718962003347,1.2074686457243624,0.816727957741566,30
62,3,8.140316223165597,8.104522613065326,2,8.60003612093152e-05,0.004762475233466887,0.004848475594676278,1.4993528464468509,0.4116562794463313,30
63,3,8.099384832188784,5.813065326633166,2,0.003621871913764896,0.0016951061296361617,0.005316978043401067,0.48028172554365944,0.45258767042314335,30
65,3,8.551972502611928,8.514572864321607,1,8.675888878895144e-05,0.004596313393184052,0.004683072281973148,1.6091010693377765,0.46014619264193396,30
66,3,8.551972502611928,8.34572864321608,1,0.0002086955242188715,0.0019212197712008545,0.002129915295419728,1.5615051581301926,0.18538442672290728,30
70,3,8.551972502611928,7.187939698492462,1,0.002659084330880024,0.0027192841734169676,0.0053783685042967525,1.1343351636317176,0.37865522661634854,30
71,3,8.551972502611928,6.367839195979899,1,0.00047726149178917154,0.00024098915955946855,0.0007182506513485027,0.6326702527324666,0.05557861481349606,30
72,3,8.551972502611928,7.308542713567839,1,0.0019335726739608816,0.002242815059289252,0.00417638773325006,1.1860144463053635,0.2925113491491179,30
73,3,7.572001026169285,5.668341708542713,2,0.0059220347131280215,0.0037235081221194777,0.009645542835247572,0.4237124315843775,0.9799714764426438,30
80,3,8.551972502611928,6.006030150753769,1,0.00232374666020152,0.0009036723535275217,0.003227419013729085,0.5097486651520116,0.27290772299320654,30
82,3,8.551972502611928,6.802010050251256,1,0.005710935572555087,0.004082650870979731,0.00979358644353477,0.7368016453756909,1.0172696361965659,30
84,3,8.551972502611928,8.321608040201005,1,0.0003019773686931959,0.002473644920398004,0.0027756222890909384,1.5582411736999713,0.2425720029072121,30
85,3,8.551972502611928,7.7668341708542705,1,0.0028546889342488946,0.0059376165076328626,0.008792305441881644,1.3815055662040323,0.7399278915571408,30
86,3,8.551972502611928,6.126633165829146,1,0.0030997489106676657,0.001312091185793725,0.004411840096461433,0.5804610198375828,0.3550031252732639,30
87,3,8.551972502611928,6.584924623115578,1,0.003396857555424182,0.0020293531802478225,0.005426210735672048,0.6857031879991295,0.4789033979354785,30
88,3,8.551972502611928,6.391959798994975,1,0.0025594287330832355,0.0013161058412455824,0.0038755345743288934,0.6393599982704404,0.32059430161297126,30
89,3,8.551972502611928,7.67035175879397,1,0.0023284739816136213,0.004203279599609546,0.0065317535812231976,1.3271178300969093,0.5172439466215386,30
92,3,8.551972502611928,6.826130653266331,1,0.0012167467962559408,0.0008880887675226194,0.0021048355637784985,0.7439848916319768,0.17960305746029526,30
95,3,8.551972502611928,6.464321608040201,1,0.0016796756844237315,0.0009128370749533901,0.002592512759377036,0.6543090917792254,0.21156583803940837,30
96,3,8.551972502611928,6.5125628140703515,1,0.0026266670774099943,0.0014820029966881119,0.004108670074098109,0.669948320790856,0.3467174339876675,30
99,3,8.551972502611928,7.5256281407035175,1,0.0011083883878706402,0.0016528747832984148,0.0027612631711691534,1.2665820331076356,0.1972008384854844,30
100,3,8.551972502611928,7.694472361809044,1,0.0042556706083340945,0.007949513184673313,0.012205183793007212,1.3388505812325784,1.1144868277505655,30
101,3,8.348900167617975,7.863316582914573,2,0.0005858728071752584,0.002131972500128483,0.0027178453073034795,1.4353678827364584,0.2030723349939537,30
103,3,8.20552543396727,8.056281407035176,2,0.00029979535945767743,0.00386948545908855,0.0041692808185463575,1.472060626292166,0.34644706864465674,30
104,3,8.551972502611928,8.128643216080402,1,0.0027222560983499733,0.01154802862647951,0.01427028472482941,1.5034185499857422,1.608913364055671,30
105,3,8.551972502611928,6.2472361809045225,1,0.0009959115936113427,0.0004598607311813164,0.0014557723247926317,0.6131311056860844,0.11095090748185156,30
107,3,8.551972502611928,6.609045226130653,1,0.0036381036823474044,0.002215912613394569,0.005854016295742021,0.6894991383032931,0.5259434492872078,30
108,3,8.551972502611928,7.5015075376884415,1,0.0016661828417607882,0.0024117800807470107,0.004077962922507878,1.2401540520768943,0.3014743543722957,30
110,3,8.551972502611928,8.538693467336683,1,2.572720582838528e-05,0.003862011311784568,0.0038877385176128328,1.6093346593998517,0.37909126856379505,30
111,3,8.551972502611928,6.681407035175879,1,0.004733896778138513,0.003058203750963812,0.007792100529102276,0.7002090878894085,0.7544856084957261,30
112,3,8.551972502611928,8.418090452261307,1,0.00018953141885602598,0.00273761083183184,0.0029271422506880578,1.5919600759472057,0.26416317665046235,30
113,3,8.551972502611928,6.030150753768844,1,0.003915850766025963,0.0015486031225031502,0.00546445388852911,0.5269072928988112,0.4751627234469495,30
115,3,8.551972502611928,7.477386934673366,1,0.001887725635446147,0.0026536572444996074,0.004541382879945865,1.2324483452420727,0.33665289883307575,30
116,3,8.551972502611928,8.442211055276381,1,0.0002302800695210827,0.004081923150384689,0.0043122032199059855,1.5921481651168654,0.40782667122194705,30
117,3,8.551972502611928,7.380904522613065,1,0.0007281401996119818,0.0009148067458726294,0.0016429469454846764,1.2096452659366568,0.11190032177070852,30
118,3,8.551972502611928,8.273366834170854,1,0.0010574847080189187,0.0070747944057935495,0.008132279113812533,1.5549748886318684,0.7930946504728971,30
121,3,8.551972502611928,7.573869346733667,1,0.0008316139700905723,0.001318413231063094,0.0021500272011538493,1.296282356443513,0.1519906400645849,30
122,3,8.551972502611928,6.174874371859296,1,0.0049526694560813045,0.0021700198040766608,0.007122689260157946,0.5848270590321059,0.6211557684095801,30
124,3,8.551972502611928,8.393969849246231,1,0.00013400672134133984,0.001630137899170373,0.001764144620511736,1.5699017572930982,0.15530000868126426,30
125,3,8.551972502611928,7.284422110552764,1,0.001980550976352413,0.0022386383940421156,0.004219189370394514,1.1851531003697315,0.2921533022958085,30
128,3,8.551972502611928,6.994974874371859,1,0.0034532752458402705,0.0029309756068276785,0.006384250852668032,0.7830231731785012,0.6275698958583843,30
131,3,8.551972502611928,6.343718592964824,1,0.003446310303502065,0.0017089794239886853,0.005155289727490632,0.629912423395683,0.4343386868378238,30
132,3,8.551972502611928,6.150753768844221,1,0.003964105487865965,0.0017070909928929491,0.0056711964807590245,0.5818594570131598,0.47421610548317666,30
134,3,8.551972502611928,6.874371859296482,1,0.0023400656238741213,0.0017814280508457318,0.004121493674719962,0.7635061502798484,0.36755167953421686,30
136,3,8.551972502611928,7.236180904522612,1,0.001545711157463936,0.0016607595747997316,0.003206470732263787,1.1519758258901516,0.21902514831013437,30
138,3,8.551972502611928,8.225125628140702,1,0.0014514220789569876,0.008175404700030203,0.00962682677898716,1.5232679430788163,0.9760503601802862,30
142,3,8.551972502611928,7.597989949748744,1,0.0008998451521495809,0.001472213037105976,0.002372058189255634,1.2983751343450423,0.1702107720309726,30
143,3,8.551972502611928,7.139698492462312,1,0.003379268816386727,0.0032931557008083518,0.006672424517195222,1.1203501905476796,0.4752276297126005,30
145,3,8.551972502611928,7.71859296482412,1,0.002088821792864737,0.004040806987038934,0.006129628779903668,1.3743975491153282,0.47534778447677134,30
146,3,8.551972502611928,7.163819095477386,1,0.0038253267642192057,0.0038182252078448886,0.007643551972064175,1.123228792400792,0.5609771088486115,30
147,3,8.551972502611928,6.440201005025125,1,0.0024630992421613707,0.0013139892197335597,0.0037770884618949386,0.642450039884043,0.3183665622681856,30
148,3,8.551972502611928,7.959798994974873,1,0.00260550767447687,0.007561252131252564,0.010166759805729465,1.4440177952429427,0.9456294423464064,30
149,3,8.551972502611928,7.7909547738693465,1,0.003199318416216679,0.006909543943102404,0.010108862359318935,1.4110901011759591,0.8687034716764763,30
150,3,8.551972502611928,7.260301507537688,1,0.004656437895026899,0.0051306079525925245,0.009787045847619484,1.1681004136314674,0.7596772834548302,30
151,3,8.200901593253743,7.0190954773869345,2,0.0017116144443405368,0.002124597387062198,0.00383621183140266,0.7966628346384977,0.3510709093581857,30
152,3,8.301365905627193,6.72964824120603,2,0.001593554712273515,0.001334310621938355,0.0029278653342118444,0.7191812023015611,0.2506065969847356,30
153,3,8.551972502611928,6.657286432160804,1,0.003962214179860868,0.002509559233832043,0.006471773413692834,0.6907482748390449,0.6060126983294897,30
154,3,8.551972502611928,6.705527638190954,1,0.0009712479866627044,0.0006400782517497136,0.0016113262384123935,0.7083453253820313,0.1344533337361786,30
155,3,8.551972502611928,7.212060301507537,1,0.0055408089896784585,0.005807053492539001,0.011347862482217488,1.1461469746494746,0.9068322345867639,30
157,3,8.551972502611928,7.067336683417086,1,0.004511085790356861,0.004098009176921384,0.008609094967278222,0.7983890893813547,0.9218937751735349,30
159,3,8.551972502611928,7.332663316582915,1,0.0074853004382930965,0.008913238602727172,0.01639853904102045,1.2051095329576405,1.5192788845256515,30
164,3,8.551972502611928,6.536683417085427,1,0.0013241829778689596,0.0007614003767071592,0.0020855833545761274,0.6750793736570342,0.16926761164282644,30
166,3,8.551972502611928,7.742713567839196,1,0.001740520231278131,0.003489785428665915,0.005230305659944025,1.378670175108131,0.40209769811797447,30
167,3,8.551972502611928,8.032160804020101,1,0.0006918049759376821,0.002330816587348485,0.0030226215632862576,1.4636258368377344,0.24339018353565103,30
169,3,8.551972502611928,6.633165829145728,1,0.0017165933715471704,0.00106611526136306,0.0027827086329101497,0.6895380741415933,0.23586886692966735,30
171,3,8.551972502611928,6.319597989949748,1,0.005835222985731359,0.002842026451606919,0.008677249437338233,0.6297781808274779,0.7851864113829864,30
172,3,8.551972502611928,7.622110552763819,1,0.0036205239582933757,0.006116738694374329,0.009737262652667703,1.3043865203635892,0.8231811351672558,30
175,3,8.551972502611928,7.646231155778894,1,0.0012344710521747793,0.0021550738482704573,0.003389544900445107,1.3072465028211424,0.2525229085555068,30
177,3,8.551972502611928,8.08040201005025,1,0.003007669887162834,0.011311178909484096,0.014318848796646768,1.481448354307309,1.5941816990492856,30
178,3,8.551972502611928,7.04321608040201,1,0.0040940009484216056,0.003634947082377659,0.007728948030799304,0.7970572191741161,0.7953805677201231,30
179,3,8.551972502611928,8.152763819095478,1,0.0012764934626932067,0.005778090706489957,0.007054584169183296,1.5053093252655698,0.6464314186671453,30
180,3,8.551972502611928,6.223115577889447,1,0.0031244011848162723,0.0014175462997979608,0.004541947484614168,0.6020852283928404,0.3712168146893762,30
182,3,8.551972502611928,6.271356783919598,1,0.010499662481147976,0.004934675434853001,0.015434337916000924,0.6203832590425669,1.6987405442689263,30
185,3,8.551972502611928,6.970854271356783,1,0.001032007903721821,0.0008567020552283034,0.0018887099589500733,0.7810048517310327,0.16442712055895542,30
186,3,8.551972502611928,7.935678391959799,1,0.002783849465388455,0.007713607551013783,0.010497457016402315,1.4423880437673506,0.9715511894200517,30
187,3,8.551972502611928,6.850251256281407,1,0.0009079938146728805,0.0006767682968919557,0.001584762111564818,0.7495147573123612,0.1343482687127247,30
191,3,8.551972502611928,7.911557788944723,1,0.000413560663466761,0.0010957764546309181,0.0015093371180974098,1.4379939061271227,0.11277664768833834,30
193,3,8.551972502611928,6.560804020100502,1,0.001392182873328096,0.0008159050471488254,0.0022080879204769426,0.6760652666796917,0.1816745023333705,30
195,3,8.551972502611928,6.777889447236181,1,0.0034880986784404655,0.0024427555545340307,0.0059308542329745695,0.7359688559271144,0.545752215981488,30
196,3,8.551972502611928,6.7537688442211055,1,0.0068875654076809845,0.004725942932608289,0.011613508340289376,0.7303880517986662,1.2530571249759819,30
198,3,8.551972502611928,6.10251256281407,1,0.0029727778326373855,0.0012369839046504484,0.004209761737287891,0.5636275969768648,0.3437362455621689,30
4,4,10.479329553133685,9.117587939698492,1,0.0002460860342541338,0.00025224139349263415,0.0004983274277466458,1.7498356545527416,0.05512877889340839,30
9,4,10.479329553133685,8.996984924623115,1,0.0016683540760078497,0.0015189030525303209,0.0031872571285382523,1.7119002740835954,0.3662684002627218,30
13,4,10.479329553133685,8.876381909547739,1,0.003557414406377024,0.002894976132122953,0.006452390538500069,1.6753018972844669,0.7888093877851435,30
19,4,10.479329553133685,9.407035175879397,1,0.0020629238149998397,0.002907950619137154,0.0049708744341371,1.8655629123471316,0.6962557226962938,30
28,4,10.479329553133685,9.382914572864323,1,0.005014703582891578,0.006868055807778379,0.011882759390669892,1.8653524841744396,2.3711729930705774,30
29,4,10.479329553133685,8.804020100502512,1,0.002668669226471243,0.0020356900709559453,0.004704359297427332,1.663707641968155,0.5247482081351371,30
30,4,10.479329553133685,8.683417085427134,1,0.002484617953210755,0.0017081326412404481,0.004192750594451044,1.6564031609899452,0.4325768526515868,30
31,4,10.479329553133685,9.045226130653266,1,0.000963453259788416,0.000918987964175334,0.0018824412239637385,1.7263563358611547,0.21161174561958707,30
34,4,10.479329553133685,9.33467336683417,1,0.0002717099447608895,0.0003517788412688855,0.0006234887860294631,1.8369512003541764,0.07357381524737126,30
36,4,10.479329553133685,9.527638190954773,1,0.0013835987972850017,0.0022705224451380224,0.0036541212424229417,1.9580406195873212,0.49360868473050434,30
38,4,10.479329553133685,8.97286432160804,1,0.0016640244623593592,0.0014806404273474357,0.003144664889706785,1.7036374123034244,0.35806013728922487,30
43,4,10.479329553133685,8.586934673366834,1,0.0010669026565734985,0.0006770133610542431,0.001743916017627808,1.636537532665974,0.16247238974013692,30
48,4,10.479329553133685,8.635175879396986,1,0.0018648888590300228,0.0012313502826412576,0.003096239141671345,1.6482304626912625,0.3037475908302909,30
50,4,10.479329553133685,9.23819095477387,1,0.0012111485924057863,0.0014083342124932053,0.002619482804899129,1.789735377762414,0.32130919914620326,30
52,4,10.479329553133685,9.575879396984924,1,0.0011172326479744754,0.0019565561354030862,0.0030737887833774623,1.986300813137174,0.4110554878693374,30
53,4,10.479329553133685,9.479396984924623,1,0.0024054962710593486,0.0037083760281475097,0.00611387229920695,1.9162118211572208,0.9082734913325552,30
55,4,10.479329553133685,9.069346733668342,1,0.0011650624962313838,0.0011379460391213831,0.002303008535352666,1.7266758759101482,0.26546160639298305,30
56,4,10.479329553133685,8.828140703517587,1,0.0030815432483735083,0.0024013817146576978,0.005482924963030963,1.6730790035026932,0.6313641390950745,30
57,4,10.479329553133685,9.431155778894471,1,0.0014261012645069293,0.0020700656104560237,0.0034961668749629187,1.9009148668782503,0.45980728233064316,30
60,4,10.479329553133685,8.900502512562813,1,0.001755655932827782,0.0014604852143825127,0.0032161411472105502,1.685623523547025,0.3568562449429656,30
64,4,10.479329553133685,8.779899497487436,1,0.003541306361804608,0.002644778711678836,0.006186085073483367,1.661719907130751,0.7138785888764203,30
69,4,10.479329553133685,8.924623115577889,1,0.0024687459105079412,0.0020997986473211615,0.004568544557829096,1.6858062117333308,0.5355603692364485,30
75,4,10.479329553133685,8.75577889447236,1,0.0023506291034793847,0.0017191006265248156,0.004069729730004352,1.66134542789158,0.43423254532397454,30
77,4,10.479329553133685,8.70753768844221,1,0.0031647859612571327,0.0022206590224017114,0.005385444983659046,1.6572218084060841,0.5826604497690958,30
79,4,10.479329553133685,8.852261306532663,1,0.0025302338754196185,0.002014731681784547,0.004544965557204336,1.6743945721582558,0.5148051459731484,30
83,4,10.479329553133685,9.262311557788944,1,0.005328934503048055,0.006361468562261565,0.011690403065309617,1.7993146166576486,2.1981370436176677,30
93,4,10.479329553133685,9.021105527638191,1,0.001032995698646566,0.0009625031423435544,0.0019954988409901747,1.7133438645482262,0.22399488214879743,30
109,4,10.479329553133685,9.165829145728644,1,0.0003367593000014324,0.0003626859566729857,0.0006994452566744076,1.7547199988001327,0.07952732362943454,30
119,4,10.479329553133685,9.141708542713568,1,0.0016577777134503258,0.0017415201967578,0.0033992979102082663,1.7533771548348152,0.41486385530870235,30
135,4,10.479329553133685,8.65929648241206,1,0.0018788113091379177,0.0012657352233761369,0.0031445465325141203,1.6521476787415976,0.31212565679401555,30
137,4,10.479329553133685,8.562814070351758,1,0.0042847319972680875,0.002666043310132384,0.0069507753074004655,1.6197349158062262,0.7434095193197681,30
139,4,10.479329553133685,8.731658291457286,1,0.007277518294372065,0.00521280928205226,0.012490327576424272,1.6591323466921377,1.7958301792877502,30
141,4,10.479329553133685,9.503517587939697,1,0.0008865970387894606,0.0014097545643145387,0.0022963516031042847,1.9235507841245312,0.29753006974848706,30
144,4,10.479329553133685,8.948743718592965,1,0.0019054686544373034,0.001657471265870122,0.0035629399203073184,1.6968765770993615,0.4072382696369896,30
158,4,10.479329553133685,9.310552763819095,1,0.0038651581693607273,0.004868610452999115,0.008733768622359911,1.833796276832378,1.389252650936133,30
161,4,10.479329553133685,9.093467336683418,1,0.0010939431144476597,0.001094416009400777,0.0021883591238485048,1.7396908167782783,0.25260098869999764,30
163,4,10.479329553133685,9.189949748743718,1,0.0012319543764494068,0.0013606800445598608,0.0025926344210095258,1.782495000795274,0.31090992938110795,30
165,4,10.479329553133685,9.55175879396985,1,0.0007750168545972436,0.0013134060829726251,0.002088422937569809,1.974747832612652,0.268074586134411,30
170,4,8.620243561608483,7.453266331658291,2,0.007886784987131357,0.009954541159391822,0.017841326146523267,1.2244389036019991,1.8590859915252014,30
174,4,10.479329553133685,9.455276381909547,1,0.0017839537612776013,0.0026679156677264877,0.004451869429003989,1.910569514812499,0.6113398362240465,30
188,4,10.479329553133685,9.214070351758792,1,0.00029894373126748697,0.00033872554123681004,0.0006376692725043212,1.7830206666314974,0.07297568945529255,30
190,4,10.479329553133685,9.6,1,0.0004509881578651509,0.0008167311430001488,0.0012677193008652952,1.9955267776071683,0.16067077189555665,30
192,4,10.365391518417292,9.28643216080402,2,0.0004023020739289951,0.0005625703738625054,0.0009648724477916083,1.8099485783023346,0.11393803471639252,30
194,4,10.479329553133685,9.358793969849245,1,0.0010071101460791265,0.001340773088601382,0.002347883234680343,1.8466359128372993,0.29454299523363436,30
197,4,10.479329553133685,8.61105527638191,1,0.000755078215814553,0.0004887185408561398,0.0012437967566704714,1.6383574137167618,0.11581132782735053,30
1,1,7.199042476841884,6.777889447236181,1,0.002115074139178663,0.009023758108224438,0.011138832247403004,0.7388764264116425,1.1839028139891263,32
26,1,7.199042476841884,6.826130653266331,1,0.0008323445642506311,0.004060782016032833,0.004893126580283567,0.7572146743019059,0.43674649734101584,32
40,1,7.199042476841884,7.091457286432161,1,0.0005871112340498641,0.010623426528820925,0.011210537762871065,1.1493757556515298,0.8253042303311247,32
49,1,7.199042476841884,6.802010050251256,1,0.0007305460773087136,0.0033268367692284233,0.004057382846537166,0.7391469070442419,0.35980097762729535,32
73,1,7.199042476841884,7.067336683417086,1,0.00013900533087318756,0.002042106214981084,0.002181111545854318,1.1488121724205431,0.13447134403001712,32
79,1,7.199042476841884,7.139698492462312,1,0.00016557730459565434,0.005497876494400136,0.005663453798995921,1.1748889220728005,0.3755020419514487,32
82,1,7.199042476841884,7.187939698492462,1,2.283063903041338e-05,0.004101194505668218,0.004124025144698767,1.198135553911207,0.2675544486282644,32
90,1,7.199042476841884,6.729648241206031,1,0.0009307461865830646,0.003518547184492256,0.0044492933710753736,0.7001394226291858,0.4062804429660304,32
104,1,7.199042476841884,6.970854271356783,1,0.000611853566093723,0.005062599190176502,0.005674452756270123,1.100727917036021,0.36843806708977245,32
108,1,7.199042476841884,6.994974874371859,1,0.00040247066979093304,0.0037466699447319977,0.00414914061452284,1.1081845853796,0.26403885982283476,32
115,1,7.199042476841884,6.850251256281407,1,0.00045841608886099117,0.0024060495096506563,0.0028644655985116223,0.7572426472367279,0.2471189628728963,32
139,1,7.199042476841884,6.874371859296482,1,0.001556150299795278,0.008828991945974972,0.010385142245770255,0.7655337053450012,1.0959815070285261,32
141,1,7.199042476841884,7.115577889447236,1,4.833578391316706e-06,0.00011342347381889407,0.00011825705221026011,1.173345990424757,0.007084807487077061,32
147,1,7.199042476841884,7.163819095477386,1,9.967935977339692e-05,0.005610147088822699,0.005709826448596148,1.1887087459554555,0.37903994060084156,32
150,1,6.523812055478482,6.223115577889447,2,0.0010252572452131847,0.006319428871337303,0.007344686116550499,0.5756190665529776,0.6752304213634018,32
166,1,7.199042476841884,6.946733668341708,1,0.00014880384810467273,0.0011066994964242034,0.0012555033445288877,0.7985511656074817,0.10405373705528496,32
176,1,7.199042476841884,7.0190954773869345,1,0.0010317566713340387,0.010959196061323001,0.011990952732657281,1.1443134857306554,0.8626027387777374,32
189,1,7.199042476841884,6.922613065326633,1,0.000333250669511731,0.0022483204165720467,0.0025815710860837664,0.7964159615888654,0.21799895992143703,32
192,1,7.199042476841884,7.04321608040201,1,0.0004511352149303427,0.005567589635748163,0.006018724850678458,1.1466348574769558,0.39110781752093604,32
199,1,7.199042476841884,6.7537688442211055,1,0.0007897994538258457,0.003167220489882518,0.003957019943708503,0.7011703287782625,0.361214560315966,32
2,2,9.728637078263672,9.28643216080402,1,0.00026204479586144913,0.0010589754967275042,0.0013210202925890797,1.8843564752659179,0.15122194093194327,32
5,2,9.728637078263672,7.742713567839196,1,0.0009588761015437708,0.0005643046559630084,0.0015231807575069708,1.3943766560789412,0.10773451107576804,32
7,2,9.728637078263672,8.75577889447236,1,0.0005572068265167207,0.0008893995461346738,0.0014466063726514366,1.7035316776706715,0.14010254715761464,32
9,2,9.728637078263672,9.23819095477387,1,0.0013591694639589758,0.004890746630979048,0.006249916094937795,1.8810897829006061,0.8216854478248299,32
11,2,9.728637078263672,7.5256281407035175,1,0.002891489296227956,0.0014394907091139456,0.00433098000534195,1.3174072115860114,0.30534911537817055,32
14,2,9.728637078263672,8.876381909547739,1,0.0010436475752420016,0.0019642685534422355,0.0030079161286843507,1.753048299607948,0.31376539319145547,32
15,2,9.58177499866351,9.045226130653266,2,0.0003283252392500824,0.0010670096504928582,0.0013953348897431809,1.8146482417935477,0.14686207960016223,32
16,2,9.728637078263672,8.900502512562813,1,0.001795533746466571,0.003500346085601619,0.005295879832068116,1.756536579740386,0.5974221615402527,32
17,2,9.728637078263672,7.4773869346733655,1,0.004340438280230785,0.002084601625150625,0.006425039905381163,1.2800776952334088,0.47404071287907273,32
18,2,9.728637078263672,7.332663316582915,1,0.004633064663316588,0.0020026734879518377,0.006635738151268683,1.2448099471168854,0.4675874056192814,32
19,2,9.728637078263672,8.924623115577889,1,0.000478979258897283,0.0009679834020771403,0.001446962660974322,1.759222973739018,0.14794052274088235,32
20,2,9.728637078263672,9.021105527638191,1,0.0013082873586249821,0.0030825189567750765,0.004390806315400018,1.7901888616814434,0.5049587383564458,32
22,2,9.728637078263672,9.33467336683417,1,0.00019211964477827692,0.0008824082664832858,0.001074527911261724,1.9302800456871696,0.12212889987710221,32
25,2,9.728637078263672,8.225125628140702,1,0.0014125652125964727,0.0012604085068172156,0.0026729737194135816,1.533445218653305,0.22523992969819584,32
27,2,9.728637078263672,9.262311557788944,1,0.0006213404668047318,0.002366227413264589,0.0029875678800693178,1.8818269889239791,0.3557152668067981,32
29,2,9.728637078263672,7.7909547738693465,1,0.0055013545342226244,0.003364970759571245,0.008866325293793975,1.4067969246380811,0.7419926663198714,32
31,2,9.728637078263672,8.490452261306533,1,0.002074426312179467,0.0024198850909888563,0.004494311403168243,1.6364391788319281,0.42544687487101,32
35,2,9.728637078263672,8.779899497487436,1,0.001654644267567118,0.002725939976654304,0.004380584244221528,1.7053382694944943,0.46420337365326886,32
36,2,9.728637078263672,8.032160804020101,1,0.004986848208009542,0.0037339890461700553,0.008720837254179626,1.4835155529152813,0.7895183427858175,32
37,2,9.728637078263672,7.212060301507537,1,0.006001356140103553,0.002382064783240477,0.008383420923343977,1.200324048880149,0.5945465608602983,32
38,2,9.728637078263672,9.358793969849245,1,0.0006224331251569737,0.0030643003894869746,0.003686733514643983,1.930531278721361,0.46054863978058475,32
41,2,9.728637078263672,8.104522613065326,1,0.0021918016339705915,0.001749889428741996,0.00394169106271272,1.4959638466462937,0.32875428128821027,32
42,2,9.352399284174687,6.898492462311557,2,0.002954999232039457,0.0012257225308921875,0.004180721762931569,0.7673910933356929,0.3762377940889845,32
44,2,9.728637078263672,7.839195979899497,1,0.006584213080193413,0.0041881789310096,0.010772392011202921,1.4188373240077217,0.9641749096120182,32
45,2,9.728637078263672,9.069346733668342,1,0.0004911435099126393,0.001257811473367868,0.0017489549832805477,1.8150936458611917,0.1881758852480383,32
46,2,9.728637078263672,8.321608040201005,1,0.002005539388547861,0.0019645923122833943,0.00397013170083122,1.5769796224030477,0.3521222495666172,32
48,2,9.728637078263672,7.887437185929648,1,0.002238261100605987,0.0014815108622496043,0.003719771962855582,1.4431688678178425,0.2854910671286531,32
50,2,9.728637078263672,7.453266331658291,1,0.003551785482206249,0.0016757345614219945,0.005227520043628358,1.2793657311632878,0.3720073435244232,32
51,2,9.728637078263672,8.442211055276381,1,0.0043206376639690625,0.004786964110945223,0.009107601774914202,1.6213897723340698,0.9644034978991293,32
53,2,9.728637078263672,8.369849246231155,1,0.0012359680716758081,0.0012706808369922207,0.0025066489086679536,1.614732174402242,0.21510897349278493,32
54,2,9.332429947391855,9.165829145728644,2,0.00026838826244257596,0.003089601149025754,0.0033579894114685238,1.8273816217340988,0.39620713087181625,32
55,2,9.728637078263672,7.911557788944723,1,0.0025419233374068817,0.0017167070747967131,0.004258630412203532,1.4535994989158094,0.3321979427802458,32
56,2,9.728637078263672,7.622110552763819,1,0.003630809321617523,0.0019447378818343308,0.0055755472034516975,1.3442740078082898,0.4151923396970204,32
57,2,9.728637078263672,7.429145728643216,1,0.003954019039827061,0.0018327791448943828,0.005786798184721333,1.2791123681467218,0.41078589786277925,32
58,2,9.728637078263672,7.380904522613065,1,0.01054255957853667,0.004718139568264759,0.015260699146801409,1.2565754624452616,1.3332114985486083,32
59,2,9.728637078263672,7.308542713567839,1,0.006292259258147581,0.0026734129070479055,0.008965672165195424,1.2371929882004007,0.6570390437796565,32
60,2,9.728637078263672,9.527638190954773,1,0.0005785121763586254,0.005471960038340914,0.006050472214699238,1.9656986747914333,0.8948318373453674,32
62,2,9.728637078263672,7.356783919597989,1,0.005935593612000023,0.002610522318209465,0.008546115930209548,1.2469444219932924,0.6329472523235097,32
68,2,9.728637078263672,8.828140703517587,1,0.001793228606007613,0.0031531984767280046,0.004946427082735387,1.7280325538390429,0.5395629915507185,32
70,2,9.728637078263672,8.683417085427134,1,0.0016998864745230158,0.0024764399078824125,0.004176326382405474,1.6698841741688117,0.42681007611728816,32
71,2,9.728637078263672,7.236180904522612,1,0.011448025238633752,0.004621352234253603,0.01606937747288715,1.2177475280271255,1.3536266836767668,32
72,2,9.728637078263672,7.5497487437185935,1,0.003523215672320168,0.0017860577766625274,0.005309273448982775,1.3197741667790466,0.3856284971941553,32
74,2,9.728637078263672,8.466331658291457,1,0.0023238060511103775,0.0026413605375920045,0.004965166588702215,1.6338794531275167,0.47014305464917266,32
76,2,9.728637078263672,9.189949748743718,1,0.0007419793661094243,0.002400412382042446,0.003142391748151834,1.863606486562824,0.3652234968000488,32
77,2,9.728637078263672,9.141708542713568,1,0.0005202540902862207,0.0015253798975037734,0.0020456339877899716,1.8257902455471982,0.22916458749170615,32
78,2,9.728637078263672,9.455276381909547,1,0.0004104926898576,0.002802732114702666,0.0032132248045601422,1.958227674624563,0.41027905586383656,32
85,2,9.728637078263672,8.731658291457286,1,0.003726099331945898,0.005765879712178547,0.009491979044124238,1.7007607216016107,1.1571669007010033,32
86,2,9.728637078263672,8.61105527638191,1,0.0024409673395831,0.003260896898206514,0.005701864237789359,1.6468053652095114,0.5930179483397694,32
88,2,9.728637078263672,7.67035175879397,1,0.0022465689866610905,0.0012490199622525794,0.0034955889489136837,1.37607025473119,0.2502614526615584,32
91,2,9.728637078263672,9.382914572864323,1,0.0002663030435321456,0.0014112421836242769,0.0016775452271563524,1.9338619240259238,0.19867590087280942,32
92,2,9.728637078263672,9.093467336683418,1,0.0005285667763199609,0.0014140142436271832,0.0019425810199470183,1.8208898360476902,0.21211602860583417,32
94,2,9.728637078263672,7.597989949748744,1,0.004245016338926932,0.0022321306224687776,0.006477146961395805,1.333210339943744,0.4891276348866661,32
96,2,9.728637078263672,8.562814070351758,1,0.0016295667710066741,0.0020594943102016506,0.003689061081207988,1.6452781703654438,0.3539669968419588,32
99,2,9.728637078263672,8.635175879396986,1,0.001475467155687804,0.0020278671434760024,0.003503334299164071,1.6538804107806426,0.3460530740574869,32
101,2,9.728637078263672,9.431155778894471,1,0.0009458594680766819,0.00589790876722065,0.006843768235297403,1.9513324177022184,0.9940553484434985,32
102,2,9.728637078263672,7.983919597989949,1,0.0028193802056042383,0.002024620345663378,0.004844000551267771,1.472640638730455,0.39240244015181003,32
103,2,9.728637078263672,8.249246231155778,1,0.0025714722370979715,0.002347739175518424,0.004919211412616398,1.5444240865711134,0.4387601822784272,32
105,2,9.728637078263672,8.128643216080402,1,0.0012551965622620287,0.001024203703329038,0.0022794002655910387,1.5140363465788373,0.18348301165802772,32
107,2,9.728637078263672,8.201005025125628,1,0.002345063870596853,0.002045497618730042,0.004390561489326881,1.5193451533900473,0.3834286655393099,32
109,2,9.728637078263672,9.6,1,0.00019584876058154066,0.0029481067544779673,0.003143955515059603,1.9961894962683093,0.42484320896211186,32
112,2,9.728637078263672,8.514572864321607,1,0.0029555879561926623,0.0035397225546592533,0.006495310510851789,1.6382761392296297,0.6569558162539904,32
113,2,9.728637078263672,9.117587939698492,1,0.00040980513207378166,0.001146831486872465,0.0015566366189458734,1.8209706849902505,0.1702662740524381,32
116,2,9.728637078263672,8.852261306532663,1,0.0016858827301151624,0.0030658205801006727,0.004751703310215904,1.7295892119059393,0.5219360020103683,32
117,2,9.728637078263672,8.804020100502512,1,0.0017712376791862994,0.0030136670437704,0.004784904722956777,1.710181472857887,0.518446703246893,32
118,2,9.728637078263672,7.646231155778894,1,0.0027187718130086136,0.001483541652460133,0.004202313465468639,1.3559647384323918,0.30577672900504055,32
120,2,7.795686355665319,6.440201005025125,2,0.007428264117396055,0.007662530078710497,0.015090794196106535,0.6096599348360812,1.9329507225983522,32
121,2,9.728637078263672,9.214070351758792,1,0.000601193133698219,0.002048975481445275,0.0026501686151433053,1.8723436787561576,0.3058526959102996,32
122,2,9.728637078263672,8.08040201005025,1,0.002276371452500481,0.0017785986546831594,0.004054970107183565,1.4954134339607519,0.3347592228850218,32
123,2,9.728637078263672,8.948743718592965,1,0.0018814412249161805,0.003945131399721625,0.005826572624637835,1.7597164704122048,0.6864260266522557,32
125,2,9.728637078263672,8.538693467336683,1,0.00197455071042274,0.0024287819231678157,0.004403332633590274,1.6442768441250517,0.4249218440132379,32
126,2,9.728637078263672,8.273366834170854,1,0.0004442114079017401,0.0004150813734585219,0.0008592927813600269,1.5444945158186194,0.07089210083542669,32
127,2,9.728637078263672,8.152763819095478,1,0.00519020044105889,0.004329299023602214,0.009519499464661284,1.515474877276869,0.9246494421945483,32
130,2,9.728637078263672,9.310552763819095,1,0.00042712622540497236,0.0018371260966197592,0.0022642523220248205,1.913251373483073,0.26575284663876453,32
132,2,9.728637078263672,9.479396984924623,1,0.00018208281011156124,0.0013719527269755688,0.0015540355370871697,1.9589094610713533,0.19028181219560988,32
133,2,9.728637078263672,8.418090452261307,1,0.0026230359790440083,0.0028336658904222337,0.005456701869466147,1.6177056850601303,0.5149118557693529,32
134,2,9.728637078263672,7.71859296482412,1,0.0023703348588677287,0.001368579270256652,0.003738914129124466,1.394326168417272,0.2720743124206584,32
137,2,9.728637078263672,7.260301507537688,1,0.005470927166305817,0.0022463092543058218,0.0077172364206117205,1.2264488171416006,0.5418800075054421,32
140,2,9.728637078263672,8.70753768844221,1,0.000670594353911147,0.0010065858002470066,0.0016771801541583628,1.6999292229773035,0.15966768505156928,32
143,2,9.728637078263672,7.694472361809044,1,0.001424867869918689,0.0008072378136833198,0.002232105683601734,1.388307292093977,0.1566722283120282,32
146,2,9.728637078263672,8.297487437185929,1,0.0007020903633427888,0.0006716241098180519,0.001373714473160702,1.5578703180842122,0.11497273921855716,32
149,2,9.728637078263672,8.34572864321608,1,0.0014119916135288957,0.0014167846833372673,0.002828776296866105,1.579492990320333,0.2471257124896344,32
154,2,9.728637078263672,8.056281407035176,1,0.0006326867163954919,0.00048387918595685445,0.0011165659023522037,1.4919352959705863,0.08587243346389652,32
156,2,9.728637078263672,8.176884422110552,1,0.004362464914625219,0.003720667891128417,0.008083132805753634,1.517199853661856,0.764802438197379,32
159,2,9.728637078263672,8.65929648241206,1,0.0036234244302200125,0.005125900892714258,0.008749325322934244,1.6605809448100184,1.0216416177859229,32
160,2,9.728637078263672,7.5015075376884415,1,0.0015272728487925047,0.0007467616688677001,0.002274034517660481,1.2878169377388997,0.15622707836106026,32
161,2,9.728637078263672,7.573869346733667,1,0.0027481781067448807,0.0014187909405202648,0.004166969047265168,1.3224908246733302,0.2993644043602724,32
162,2,9.728637078263672,7.8150753768844226,1,0.00409761558426025,0.0025557344639639172,0.006653350048224279,1.409728626710159,0.5355595335520552,32
165,2,9.728637078263672,9.55175879396985,1,0.00027835497010220145,0.0030102919548744434,0.0032886469249765607,1.9803923264076588,0.4387309276341386,32
170,2,9.728637078263672,7.863316582914573,1,0.0013221120557449506,0.0008578121547719754,0.002179924210516875,1.4245861786049272,0.1624807299083442,32
173,2,9.728637078263672,7.959798994974873,1,0.0016495333118899946,0.0011603544099276933,0.002809887721817731,1.4706727506406696,0.21570526066726345,32
174,2,9.728637078263672,8.97286432160804,1,0.0015156730174499256,0.0033007022370120857,0.004816375254461861,1.7677747869553948,0.5540125783681502,32
175,2,9.728637078263672,7.7668341708542705,1,0.004791173147530303,0.002874371825910385,0.007665544973440734,1.4021875631187388,0.6174952646610975,32
177,2,9.728637078263672,7.405025125628141,1,0.004307681957236964,0.0019618723344687794,0.00626955429170566,1.258978649402571,0.45111587248432056,32
178,2,9.728637078263672,9.575879396984924,1,0.000158058929953242,0.00199138376139351,0.0021494426913468813,1.9858464554109323,0.2783952407258588,32
179,2,9.728637078263672,8.586934673366834,1,0.0011602681925686475,0.0015072864669368647,0.0026675546595054693,1.6465244042598892,0.25254300557102705,32
182,2,9.728637078263672,9.407035175879397,1,0.00034810454631029053,0.001995426808777951,0.0023435313550883357,1.9350359582286036,0.28687895767537025,32
185,2,9.728637078263672,9.503517587939697,1,0.00015223435059508184,0.0012777864488987961,0.0014300207994939818,1.9616973169253018,0.17636434375426807,32
188,2,9.728637078263672,8.008040201005025,1,0.002366597915826052,0.001735212855395997,0.004101810771222104,1.477284670132344,0.3302380818560179,32
191,2,9.728637078263672,7.284422110552764,1,0.0011658938474721214,0.0004869387442967338,0.001652832591768898,1.2296142558631153,0.10535887269173429,32
195,2,9.728637078263672,7.935678391959799,1,0.005061444260023862,0.003488344291936467,0.008549788551960376,1.4676962419375805,0.7362958983142333,32
196,2,9.728637078263672,8.996984924623115,1,0.0018518425952975814,0.0041924922658013505,0.006044334861098767,1.7703753877530963,0.7330737287995418,32
83,3,13.951676575698006,8.393969849246231,2,0.011203658581013132,0.0007419371753532588,0.011945595756366242,1.6167080754364196,1.351601692904695,32
45,1,6.996441283552084,6.970854271356783,1,1.3759469594032403e-05,0.0010686391386469155,0.0010823986082409206,0.7837458814778389,0.0922401669551425,33
93,1,6.996441283552084,6.898492462311557,1,0.00023963852480601844,0.004774296204512615,0.005013934729318688,0.7678476594198537,0.46018035309232996,33
109,1,6.861979776491074,6.7537688442211055,2,8.529817076441404e-05,0.0015342521843629761,0.001619550355127374,0.7292995260939362,0.13446150706101045,33
118,1,6.996441283552084,6.946733668341708,1,0.00010518620658250821,0.0041798216140368615,0.004285007820619457,0.7751799755242123,0.3926217354007574,33
146,1,6.996441283552084,6.922613065326633,1,0.00017818154894932992,0.004738379969148499,0.004916561518097781,0.7721984413282159,0.4534059249693667,33
185,1,6.996441283552084,6.874371859296482,1,0.0001560126437573084,0.0024789168994192533,0.0026349295431765925,0.7614455603192899,0.2277198156628987,33
191,1,6.996441283552084,6.994974874371859,1,2.6782131152813804e-06,0.0036514111235190624,0.0036540893366342766,1.1023150969757298,0.2319436621341234,33
0,2,8.248436528731313,8.128643216080402,1,0.00028656032392615494,0.004642395844004782,0.004928956167931114,1.4386838145232006,0.4449906071287591,33
3,2,8.248436528731313,7.477386934673366,1,0.0009179729176906903,0.0019515320620319188,0.002869504979722695,1.2457483865481003,0.20371891557698354,33
5,2,8.248436528731313,7.332663316582915,1,0.0030581188446019425,0.005265993100006124,0.008324111944608156,1.21161556175841,0.6258173480820758,33
6,2,8.248436528731313,7.742713567839196,1,0.001995893126460313,0.006937292971932096,0.008933186098392545,1.2856372222027588,0.8116630413424608,33
8,2,8.248436528731313,7.67035175879397,1,0.0007273099180051812,0.0021701135882901106,0.002897423506295334,1.2754837503611136,0.2222651822288936,33
10,2,8.248436528731313,8.225125628140702,1,5.057552972997925e-05,0.004313978501332334,0.0043645540310621655,1.4502699542794624,0.40640836550375836,33
15,2,8.248436528731313,7.694472361809044,1,0.0009518035862980945,0.0029823758396643916,0.003934179425962424,1.2789862265459688,0.3113258050209408,33
16,2,8.248436528731313,7.04321608040201,1,0.003259204528932802,0.0039415634551321545,0.0072007679840648325,1.1107138519149777,0.4953265360712473,33
22,2,8.248436528731313,7.187939698492462,1,0.0018722418732441959,0.0026771002930507286,0.004549342166295063,1.1544961721245088,0.30945144488735354,33
26,2,8.248436528731313,7.236180904522612,1,0.00364257150567715,0.005528636208862777,0.009171207714539853,1.1862230978818613,0.6796983019270815,33
28,2,8.248436528731313,7.405025125628141,1,0.0012461154973939514,0.0023755452430737406,0.0036216607404674288,1.2376399918482737,0.25261731927067615,33
32,2,8.248436528731313,7.139698492462312,1,0.00039443372632286255,0.0005324126072063564,0.0009268463335293717,1.1375120569058679,0.058722929529018676,33
37,2,8.248436528731313,7.863316582914573,1,0.0013866632182633065,0.006530107743960764,0.007916770962224016,1.3341414310459994,0.7207419107663857,33
38,2,8.248436528731313,7.983919597989949,1,0.0010362663893981328,0.00732844587539342,0.00836471226479164,1.368397740285519,0.8041629799935032,33
50,2,8.248436528731313,7.597989949748744,1,0.000846423361800186,0.0022022791759174843,0.0030487025377178966,1.261514723832764,0.22840079286939255,33
56,2,8.248436528731313,7.115577889447236,1,0.002645795880539814,0.003472335323098304,0.006118131203638144,1.1344347595820299,0.41951741756307726,33
62,2,8.248436528731313,7.839195979899497,1,0.00044195749532582873,0.0019464431509703655,0.0023884006462961327,1.3198798342282498,0.19118548458768808,33
63,2,8.248436528731313,7.815075376884423,1,0.0004924173117113462,0.002035225228129018,0.0025276425398402962,1.3116966553188794,0.20167247469191524,33
66,2,8.248436528731313,7.380904522613065,1,0.00036099644463671865,0.0006647477938834233,0.0010257442385201208,1.2359558246160987,0.06762872364460497,33
68,2,8.248436528731313,7.212060301507537,1,0.004336160342170103,0.006386259797996714,0.01072242014016682,1.1588852325003665,0.8330562667105795,33
69,2,8.248436528731313,8.008040201005025,1,0.00037238481295931436,0.002915627387726515,0.0032880122006858675,1.3763223233047328,0.28073116369574436,33
72,2,8.248436528731313,7.260301507537688,1,0.00046119113926779143,0.0007217736563336384,0.0011829647956014394,1.1872058775184984,0.07661647945048389,33
74,2,8.248436528731313,7.911557788944723,1,0.0017995352520829844,0.0098090584464509,0.011608593698533884,1.3437277744079485,1.2003157010924572,33
76,2,8.248436528731313,8.032160804020101,1,0.0011428963374831014,0.010007731303956454,0.01115062764143963,1.3866365414519382,1.1817870751906245,33
94,2,8.248436528731313,7.887437185929648,1,0.0006552249259537124,0.0033122994464517474,0.003967524372405338,1.3432394946995698,0.33078930724615474,33
97,2,8.248436528731313,7.622110552763819,1,0.0012905685579414072,0.003509416926217779,0.004799985484159077,1.2675087135732943,0.3754629200586074,33
99,2,8.248436528731313,7.356783919597989,0,0.001116276948535555,0.0019870351613548755,0.0031033121098904847,1.2225744795491402,0.21177555165816694,33
101,2,8.248436528731313,7.429145728643216,1,0.001659006223113657,0.003276832088967755,0.004935838312081395,1.2407122397163155,0.3565094462423464,33
106,2,8.248436528731313,7.284422110552764,1,0.00467804785985404,0.007553505196972344,0.01223155305682638,1.1929138272633673,0.9933180299887779,33
110,2,8.248436528731313,8.201005025125628,1,3.091687476519667e-05,0.0012882457029921065,0.0013191625777572288,1.4465502842958495,0.11325540068948584,33
124,2,8.248436528731313,7.163819095477386,1,0.0033346063445161,0.004631570017074074,0.007966176361590143,1.1447933244333264,0.5756503172016583,33
127,2,8.248436528731313,7.935678391959799,1,0.0008419105846821928,0.0049737922077794025,0.005815702792461591,1.351154137338188,0.5164182365285613,33
128,2,8.248436528731313,7.0190954773869345,1,0.006250834830883623,0.007362175154526753,0.01361300998541032,1.1039850639109574,1.0629314669273746,33
131,2,8.248436528731313,8.152763819095478,1,0.00021155249816651178,0.0043174880031535585,0.004529040501320095,1.4430640788046425,0.40902879720535235,33
139,2,8.248436528731313,8.08040201005025,1,0.000513885048260887,0.005863077401902534,0.006376962450163404,1.4046791645458876,0.5968985714828153,33
141,2,8.248436528731313,7.453266331658291,1,0.0029398136933520558,0.0060214144212497435,0.008961228114601708,1.2408888729423104,0.7132899074150929,33
142,2,8.248436528731313,7.7668341708542705,1,0.0007870418003879109,0.0028906872535035327,0.0036777290538914206,1.2926421800800807,0.29756749809120825,33
148,2,8.248436528731313,7.646231155778894,1,0.004063908728017207,0.01156661650591474,0.015630525233932067,1.2676107863029995,1.6606225357744637,33
151,2,8.248436528731313,7.71859296482412,1,0.001763987749196838,0.0058154267699702285,0.007579414519167054,1.2824663257881042,0.657909365440562,33
153,2,8.248436528731313,7.067336683417086,1,0.005310933536264217,0.006597590795663499,0.011908524331927638,1.1155853092827988,0.9101555602517496,33
155,2,8.248436528731313,7.091457286432161,1,0.0014375723700794651,0.0018351764227509042,0.0032727487928302496,1.1285411882380327,0.21189398785491279,33
157,2,8.248436528731313,7.5015075376884415,1,0.0033460622401686457,0.007390382884696634,0.010736445124865301,1.2525702520033033,0.9074595102604859,33
162,2,8.248436528731313,7.30854271356784,1,0.00111549210367623,0.001859434752106083,0.0029749268557822746,1.1994070343464827,0.20149436244677138,33
171,2,8.248436528731313,7.5497487437185935,1,0.0006404696248891728,0.0015317227171585816,0.0021721923420478565,1.258901513173729,0.15639143741675068,33
172,2,8.248436528731313,7.7909547738693465,1,0.0013927953090158152,0.005419093814992495,0.006811889124008388,1.3106156751860676,0.5903783291950813,33
176,2,8.248436528731313,7.959798994974873,1,0.001379053071771219,0.008882657573516452,0.010261710645287393,1.3661941697761237,1.0281113655348308,33
178,2,8.248436528731313,7.5256281407035175,1,0.0022026636177268077,0.005059599174415559,0.007262262792142465,1.258128241782919,0.5716576216061523,33
181,2,8.248436528731313,8.104522613065326,1,0.00031915793075443233,0.004277735227939687,0.004596893158694175,1.426066969266513,0.4102099693652519,33
187,2,8.248436528731313,8.176884422110552,1,0.00011936748826779642,0.0032771913090361175,0.003396558797304046,1.4448091249374329,0.3021624224529765,33
194,2,8.248436528731313,7.573869346733668,1,0.002934624629090221,0.00731577823210856,0.010250402861198634,1.2607730970265612,0.8885607921438888,33
198,2,8.248436528731313,8.056281407035176,1,0.0003249584273103956,0.0032223731648862142,0.0035473315921964936,1.392521112165521,0.3087601864431708,33
2,3,10.2898335371181,9.141708542713568,1,0.0012103320008123308,0.0015607817526975224,0.0027711137535097905,1.812293303135381,0.31974687683738684,33
4,3,8.954875763598197,8.562814070351758,2,0.0018823801204761459,0.008692009606775982,0.010574389727252219,1.570789725257346,1.334957773519901,33
13,3,10.2898335371181,8.828140703517587,1,0.006065153164326542,0.0056323742855608865,0.011697527449887241,1.6647107473707303,1.7371252033489697,33
14,3,10.2898335371181,9.021105527638191,1,0.0028842509067659172,0.0032560149221077346,0.006140265828873546,1.74959015629056,0.769181020319354,33
18,3,10.2898335371181,9.28643216080402,1,0.0028093902421697514,0.004312004845742564,0.007121395087912507,1.8847940219009474,0.9967605250883107,33
20,3,10.2898335371181,9.358793969849245,1,0.0002588336678714942,0.0004365981298822073,0.0006954317977535727,1.9065282595913458,0.0801588826086055,33
24,3,10.2898335371181,8.731658291457286,1,0.0010168621125885569,0.0008621253921376012,0.0018789875047259394,1.6423053676129273,0.188750288882357,33
30,3,10.2898335371181,8.97286432160804,1,0.0016610957065024134,0.0017825543511550304,0.00344365005765749,1.73599889548361,0.3875529587913237,33
34,3,10.2898335371181,9.23819095477387,1,0.001756998550868305,0.0025395738886302907,0.0042965724394987475,1.8745786733574505,0.5290148875166515,33
36,3,10.2898335371181,8.804020100502512,1,0.004936141687245987,0.004479108377141531,0.009415250064387704,1.6638000883835609,1.2392297380363118,33
42,3,10.2898335371181,8.683417085427134,1,0.004726107691755743,0.003833971531476356,0.008560079223232176,1.6342274518461755,1.0299382730485591,33
43,3,10.2898335371181,8.75577889447236,1,0.0008977196030321988,0.0007783546410136471,0.0016760742440458387,1.6530950847757004,0.16845343730283568,33
44,3,10.2898335371181,8.273366834170854,1,0.001744604696331864,0.0010022116332997239,0.0027468163296315664,1.4642734816337002,0.24981421503334877,33
46,3,10.2898335371181,8.538693467336683,0,0.0017472077703961642,0.0012477888571290512,0.002994996627525095,1.5630420183349638,0.2945780020523605,33
48,3,10.2898335371181,9.045226130653266,1,0.0009191175218230541,0.0010647603427125652,0.0019838778645355727,1.764796171194142,0.2185277568014303,33
51,3,10.2898335371181,8.852261306532663,1,0.0017428799236083314,0.0016568230772966237,0.003399703000904972,1.6655285574156122,0.37425135647535274,33
58,3,10.2898335371181,8.70753768844221,1,0.004346721520990249,0.0036044642508850575,0.007951185771875407,1.636100513826383,0.9494845888782014,33
61,3,10.2898335371181,8.297487437185929,1,0.006435242827006915,0.0037679294287496614,0.010203172255756602,1.4705716988894362,1.1580927415474718,33
64,3,10.2898335371181,8.65929648241206,1,0.005578643261229477,0.004428259390125555,0.010006902651355214,1.6289374520093476,1.2561333021462313,33
65,3,10.2898335371181,9.262311557788944,1,0.0008002527007171523,0.0011916215907350086,0.001991874291452204,1.8840122300656028,0.2297186674185855,33
67,3,10.2898335371181,8.779899497487436,1,0.004639658160367155,0.004114845222989796,0.00875450338335689,1.6608151838717153,1.1069482761171998,33
70,3,10.2898335371181,9.382914572864323,1,0.0007271381144282607,0.0012673494603481735,0.00199448757477635,1.9079012568706715,0.24198459554165114,33
71,3,10.2898335371181,8.249246231155778,1,0.003097523842421346,0.0017460584600039657,0.004843582302425315,1.4632234737669565,0.45811826873627065,33
75,3,10.2898335371181,9.310552763819095,1,0.0014845828336393918,0.0023500299576018034,0.00383461279124136,1.900704661223011,0.4768017399641408,33
83,3,10.2898335371181,9.431155778894471,1,0.0014370358824682405,0.0026798294391810014,0.0041168653216492315,1.9249117122728023,0.5458208419039017,33
90,3,10.2898335371181,9.33467336683417,1,0.000900983360427654,0.0014717901280979627,0.0023727734885257354,1.9019143446209539,0.28487668637389474,33
98,3,10.2898335371181,8.321608040201005,1,0.003835960666624727,0.0022895283813672974,0.006125489047992151,1.4726271253593572,0.6204663981852094,33
100,3,10.2898335371181,8.514572864321607,1,0.0026719034753381887,0.0018692926735426444,0.004541196148880759,1.557538517087478,0.4610811641651046,33
105,3,10.2898335371181,8.900502512562813,1,0.0018509935614889894,0.0018453854904673453,0.0036963790519564436,1.6978040047357414,0.4127444646164261,33
108,3,9.132563538758724,8.948743718592965,2,0.0007544286236260689,0.007836912219301438,0.008591340842927415,1.715767060103246,1.1572699983593757,33
111,3,10.2898335371181,9.55175879396985,1,0.0008154692054083146,0.0018270067262792283,0.0026424759316877092,1.987573145572225,0.34323314853696174,33
114,3,10.2898335371181,9.165829145728644,1,0.0004940730357987366,0.0006551118423441239,0.0011491848781429884,1.8228146154755762,0.1272793053224859,33
120,3,10.2898335371181,8.61105527638191,1,0.0038370689097801947,0.0029180287276797255,0.006755097637459925,1.5907208104608694,0.7558136983505293,33
122,3,10.2898335371181,9.069346733668342,1,0.001431994926777147,0.0017029729792503545,0.0031349679060274794,1.778521872829122,0.3588986918774433,33
123,3,10.2898335371181,9.189949748743718,1,0.001347587736668876,0.0018380733725380648,0.00318566110920708,1.8288946949943357,0.37849464838564084,33
125,3,10.2898335371181,9.575879396984924,1,0.0007854941596383558,0.0018309754754730532,0.0026164696351114332,1.9933695322189273,0.34295537394032305,33
132,3,10.2898335371181,8.369849246231155,1,0.0015840406977154498,0.0009828530903484276,0.0025668937880642265,1.4905083090436577,0.2401051503496437,33
133,3,9.653700678066272,8.635175879396986,2,0.002353928656422699,0.0035447352042519763,0.005898663860674559,1.6239720711303143,0.6361328590518278,33
138,3,10.2898335371181,8.586934673366834,1,0.0017024237734648562,0.001267589333434378,0.0029700131068993857,1.5825945103079384,0.2956312408080458,33
143,3,10.2898335371181,9.455276381909547,1,0.00194241353586877,0.0037510982714079244,0.0056935118072767455,1.9427022722179577,0.8047019813170095,33
149,3,10.2898335371181,9.093467336683418,1,0.001157473780739826,0.0014136027723875757,0.002571076553127214,1.7842700079436773,0.29217434520935187,33
150,3,10.2898335371181,9.407035175879397,1,0.0026642269916903327,0.00480143626832873,0.007465663260018924,1.9177705295562428,1.1225546798791646,33
154,3,10.2898335371181,9.214070351758792,1,0.0011451773235848783,0.0016075472978814437,0.002752724621466666,1.8361700678470707,0.3255002704284215,33
156,3,10.2898335371181,8.418090452261307,1,0.0024038239032040387,0.0015514202192778647,0.0039552441224819995,1.506891824393332,0.3886911717790104,33
165,3,10.2898335371181,8.490452261306533,1,0.001428940144053259,0.000979502804112341,0.002408442948165539,1.544752485848442,0.23033169660489716,33
166,3,10.2898335371181,8.34572864321608,1,0.003969497318813797,0.0024154701513033404,0.006384967470117502,1.4832498681738338,0.6552884492032779,33
167,3,10.2898335371181,8.924623115577889,1,0.003623031642592256,0.0037006460166269504,0.0073236776592193594,1.7121826420393496,0.9266032378371934,33
169,3,10.2898335371181,9.117587939698492,1,0.0011323986627287397,0.0014208130018504047,0.0025532116645789605,1.8080203105681036,0.2896269758935682,33
174,3,10.2898335371181,8.996984924623115,1,0.00201826225996915,0.002221034557883265,0.004239296817852266,1.740610706905176,0.4941259604129524,33
177,3,10.2898335371181,9.503517587939697,1,0.00021383338265046348,0.00044395785722877335,0.0006577912398794244,1.962958520345916,0.07914701154234528,33
179,3,10.2898335371181,8.442211055276381,1,0.0013290840648989555,0.0008750467028247023,0.0022041307677238904,1.5187800979961217,0.2081512579429094,33
180,3,10.2898335371181,9.6,1,0.00014922565452546444,0.0003623103990041786,0.0005115360535297343,1.9938014335659646,0.06334277073034145,33
182,3,10.2898335371181,9.527638190954773,1,0.0008191404075106323,0.001765805215343825,0.0025849456228543973,1.9718571983586857,0.333597548563107,33
183,3,10.2898335371181,8.876381909547739,1,0.0005964577626929035,0.0005805831769819848,0.001177040939674893,1.6849940606895748,0.12186215879828606,33
190,3,10.2898335371181,8.466331658291457,1,0.001609342264487168,0.001081055920036148,0.0026903981845232175,1.5205198318302975,0.2601567172886325,33
197,3,10.2898335371181,8.393969849246231,1,0.004742161463892058,0.003000670009363136,0.007742831473255188,1.503646565328729,0.8381914217627647,33
88,4,13.554384794809234,9.479396984924623,2,0.008473001503439992,0.0012700561190586456,0.009743057622498875,1.9492860979383952,1.6963324852477824,33
10,1,6.86281272010862,6.198994974874371,1,0.0010105776542098655,0.0025673559457672994,0.003577933599977223,0.5980150894240184,0.2848420715113414,34
11,1,6.86281272010862,6.078391959798995,1,0.004057944225072108,0.0084496655557951,0.012507609780867318,0.5597921867112247,1.2574057319987326,34
12,1,6.86281272010862,6.223115577889447,1,0.0017045934970890686,0.004522436908870302,0.006227030405959284,0.6050174937055217,0.5256516772935916,34
15,1,6.86281272010862,6.10251256281407,1,0.0013626370008328337,0.002946216278053792,0.004308853278886654,0.5615640054174964,0.35400110131312473,34
19,1,6.86281272010862,5.788944723618091,1,0.0019429188625552096,0.002733603818158019,0.0046765226807132096,0.49352024580546483,0.3757123651264328,34
35,1,6.86281272010862,6.343718592964824,1,0.0017118206826358673,0.0057764883244567945,0.007488309007092809,0.6277258130092809,0.6696434814175561,34
36,1,6.86281272010862,6.777889447236181,1,0.00012956354846405116,0.002986985081128403,0.003116548629592416,0.7401915935634996,0.26654999282136793,34
39,1,6.86281272010862,6.72964824120603,1,0.00018799178062223199,0.0027304994614057994,0.002918491242028029,0.7315943707183908,0.24524349947963725,34
46,1,6.239947687366759,5.4753768844221105,2,0.0022735565933134083,0.004882750334307941,0.007156306927621346,0.4132006720310991,0.6228650327418606,34
57,1,6.86281272010862,5.523618090452261,1,0.003256859930097278,0.0034158666913938216,0.0066727266214911,0.42552536456260587,0.5705919887249822,34
60,1,6.86281272010862,5.837185929648241,1,0.004635534184422085,0.0069188841799618294,0.011554418364383926,0.49576687191621843,1.1295729657302742,34
66,1,6.86281272010862,5.813065326633166,1,0.0011573702938826869,0.0016767520296138382,0.0028341223234965036,0.4940220686692528,0.22174107666753443,34
68,1,6.86281272010862,6.054271356783919,1,0.0029814075276833885,0.00598424547745721,0.008965653005140592,0.5532218449101779,0.8143286774918016,34
70,1,6.86281272010862,5.644221105527638,1,0.0038724898609101555,0.004614854582408925,0.00848734444331905,0.4473657939204217,0.7682681964014683,34
73,1,6.86281272010862,6.150753768844221,1,0.0010114567402680352,0.002365152856021088,0.0033766095962891518,0.578956995399106,0.2700699806515114,34
75,1,6.86281272010862,6.826130653266331,1,0.00010245933079333636,0.005535271413656714,0.005637730744449858,0.7413144213874014,0.5250041156061928,34
76,1,6.86281272010862,5.692462311557788,1,0.001297284073204008,0.0016311770355456534,0.0029284611087496658,0.46705534496888207,0.22855032878355414,34
77,1,6.86281272010862,5.595979899497487,1,0.0027739229961588063,0.0031377933149386787,0.005911716311097485,0.44205488154196454,0.4955821095991734,34
81,1,6.86281272010862,5.861306532663317,1,0.002752801682263384,0.004235318122526325,0.00698811980478972,0.49680892307491303,0.6119506208809203,34
82,1,6.86281272010862,6.319597989949749,1,0.0003381062843654803,0.0010834248875072952,0.0014215311718727595,0.6241586207061914,0.11033128502352646,34
85,1,6.86281272010862,5.716582914572864,1,0.0023009798131164994,0.002973673463141604,0.00527465327625805,0.46797999011402036,0.43749344648962657,34
88,1,6.86281272010862,5.499497487437186,1,0.004170090324119635,0.004267594717170497,0.008437685041290152,0.4204665042388952,0.7532558515125378,34
90,1,6.86281272010862,6.584924623115578,1,0.0006794880784228852,0.0045584929566701675,0.005237981035093109,0.701538105206943,0.4485741845902093,34
97,1,6.86281272010862,6.174874371859296,1,0.0009072510551184632,0.0022099229422750466,0.0031171739973933563,0.5789878821521457,0.2511674186026726,34
100,1,6.86281272010862,6.681407035175879,1,0.0002757127279483518,0.002903963701563081,0.003179676429511377,0.7218913709095724,0.26565244243274816,34
101,1,6.86281272010862,5.764824120603015,1,0.0011620406402803596,0.001588548934675591,0.0027505895749560033,0.4850818707366606,0.2135170150263201,34
106,1,6.86281272010862,6.295477386934673,1,0.0004997146168591593,0.0015235595561834906,0.0020232741730426876,0.616247041865325,0.15904845896764172,34
107,1,6.86281272010862,5.933668341708542,1,0.0022922432330553244,0.003876398323201581,0.0061686415562569215,0.5309547421573172,0.5116994119247392,34
109,1,6.86281272010862,5.620100502512562,1,0.0006973559406826535,0.0008095135015544704,0.0015068694422371155,0.4466854320257897,0.11533341260274303,34
112,1,6.86281272010862,6.850251256281407,1,1.6624462980008303e-05,0.0026385954630602174,0.0026552199260401646,0.742112566763057,0.23292605947770864,34
122,1,6.86281272010862,6.5125628140703515,1,0.0007256110115387848,0.003791168653609804,0.004516779665148592,0.6822362375585811,0.37705472462536826,34
123,1,6.86281272010862,6.271356783919598,1,0.0011751239471652353,0.0034150208937848026,0.004590144840950084,0.6139767644512767,0.37744008415230296,34
125,1,6.354544825603357,6.006030150753769,2,0.0009683591014878479,0.005086938880254332,0.006055297981742256,0.5436033696730146,0.5082678945052624,34
127,1,6.86281272010862,5.668341708542713,1,0.007003928855004227,0.008571811603388536,0.015575740458392738,0.46106569567894223,1.7106022904003602,34
128,1,6.86281272010862,6.705527638190954,1,0.00039249896408466434,0.004797246754009383,0.005189745718093957,0.7260969340398892,0.4570305503748168,34
130,1,6.86281272010862,5.909547738693468,1,0.0006812711467852894,0.0011156648338770739,0.0017969359806623802,0.5227708012496511,0.13653143368536447,34
132,1,6.86281272010862,6.391959798994975,1,0.0008110593854808723,0.0030554323840099617,0.0038664917694908258,0.6338447957100743,0.32280269628256986,34
133,1,6.86281272010862,6.657286432160804,1,0.0001272241013862141,0.0011755096496285384,0.001302733751014773,0.7192753183957921,0.10370822612425168,34
139,1,6.86281272010862,6.802010050251256,1,5.72026099925349e-05,0.0018531257905212216,0.0019103284005136752,0.7402733625375878,0.16112390869139384,34
140,1,6.86281272010862,5.7407035175879395,1,0.0006504338384384911,0.0008643412360756453,0.001514775074514108,0.47321721344789164,0.11626740025502415,34
141,1,6.678623457835272,6.440201005025125,2,0.0002597294167205888,0.0020514477665165933,0.0023111771832372958,0.6575297956742552,0.18418926227334775,34
145,1,6.86281272010862,5.571859296482412,1,0.0018090912685792548,0.0019948170054705796,0.003803908274049838,0.43645677680024675,0.3047171770811045,34
147,1,6.86281272010862,6.030150753768844,1,0.0015828248573356296,0.0030651870764372108,0.004648011933772921,0.5440493286411513,0.38281640937231576,34
152,1,6.86281272010862,6.609045226130652,1,0.0007042354186596045,0.00520556797501227,0.005909803393671867,0.7016144392543467,0.5211950510500047,34
153,1,6.86281272010862,6.536683417085427,1,0.0010092302902812156,0.005698234972117696,0.006707465262398936,0.6825086226147922,0.5972179143501675,34
155,1,6.4904534527490565,6.2472361809045225,2,0.0005216875505639207,0.004034330739734353,0.0045560182902982995,0.6095715891567424,0.37235926735956343,34
169,1,6.86281272010862,5.9819095477386925,1,0.002519773821058058,0.004553189112628162,0.007072962933686149,0.5349649319361126,0.6107876719100617,34
173,1,6.86281272010862,5.885427135678392,1,0.0006787721604003538,0.0010771018232854945,0.0017558739836858453,0.5141747977780283,0.13392970369812307,34
178,1,6.453440223851021,6.367839195979899,2,0.00020191826788618084,0.004617420918364239,0.004819339186250503,0.6285599660475092,0.40937249625759914,34
179,1,6.86281272010862,5.957788944723617,1,0.0009253573439433893,0.0016170323004549366,0.00254238964439832,0.533907810368972,0.19665256229804445,34
186,1,6.86281272010862,6.126633165829145,1,0.00110912942815089,0.002492583870231211,0.0036017132983819744,0.5644714764798495,0.29360720263766354,34
192,1,6.86281272010862,6.41608040201005,1,0.0005848901884206725,0.0023369593380197355,0.00292184952644037,0.6538229798789974,0.23423133290226164,34
193,1,6.86281272010862,5.547738693467337,1,0.0029478021726703774,0.0031695678651834282,0.006117370037853777,0.4272404516364647,0.5211375911606866,34
196,1,6.86281272010862,6.560804020100502,1,0.0004958893385240692,0.003042233831926781,0.0035381231704509322,0.6927787295987887,0.29185806138693937,34
197,1,6.713737919993196,6.488442211055276,2,0.00019995928855309764,0.0016769800151701882,0.00187693930372334,0.670051790867037,0.1490748001154238,34
0,2,7.885325203098314,7.7909547738693465,1,0.00038706621162343247,0.00801111377861893,0.00839817999024244,1.3413356925169981,0.7360954242003611,34
1,2,7.140958934453716,6.464321608040201,2,0.0023213267437026675,0.005766019575078196,0.00808734631878099,0.6592858785768536,0.7443662686445984,34
5,2,7.885325203098314,7.187939698492462,1,0.0015638284394146051,0.0037482673391205914,0.005312095778535374,1.131000548488576,0.37473627119312736,34
7,2,7.885325203098314,7.236180904522612,1,0.002620733358227989,0.006834818564337977,0.009455551922565808,1.147695810303772,0.7335289665577658,34
9,2,7.885325203098314,7.742713567839196,1,0.0004068881615881814,0.005505214245871054,0.005912102407459252,1.3366036088529027,0.47739786248854355,34
13,2,7.885325203098314,7.284422110552764,1,0.002062285002689457,0.005884366742092903,0.00794665174478231,1.1813253665605508,0.5935989520045803,34
14,2,7.885325203098314,7.622110552763819,1,0.0016744001532824626,0.01190385547954498,0.013578255632827387,1.2939859827575824,1.2859725332044594,34
21,2,7.885325203098314,7.0190954773869345,1,0.005028487346099064,0.00927673905824403,0.014305226404343091,0.7690989891618049,1.9449595208616308,34
23,2,7.885325203098314,7.7668341708542705,1,0.000162075643869386,0.0026554232514933236,0.0028174988953625388,1.337353351618344,0.2159901762256712,34
27,2,7.885325203098314,6.874371859296482,1,0.002391717213264477,0.0036360689045596053,0.006027786117824077,0.7499047742378973,0.5753067206461289,34
28,2,7.885325203098314,7.308542713567839,1,0.0007378783614147011,0.002207371237165217,0.002945249598579721,1.1878803208209185,0.2014161389081832,34
29,2,7.885325203098314,6.994974874371859,1,0.0021083148459764,0.003759721545184198,0.005868036391160693,0.766811210464951,0.5827930121268369,34
30,2,7.885325203098314,6.898492462311557,1,0.002721933186559111,0.004267006026413587,0.00698893921297274,0.7504507109332991,0.6938502918874855,34
47,2,7.596914718779265,6.7537688442211055,2,0.0011598738536406916,0.00221199105228064,0.0033718649059213427,0.735171941508033,0.28841048431904903,34
49,2,7.885325203098314,7.380904522613065,1,0.0008618579359491729,0.003004384858843046,0.0038662427947923133,1.2239776334165624,0.27060647898994467,34
50,2,7.885325203098314,7.429145728643216,1,0.00031654087277321885,0.001235531945364402,0.0015520728181377466,1.2281455133434294,0.1065183714319525,34
53,2,7.885325203098314,6.970854271356783,1,0.0010289493176263154,0.0017749661667253538,0.002803915484351665,0.7632182694985492,0.25543869914202977,34
55,2,7.885325203098314,7.839195979899497,1,3.194117921001549e-05,0.001368947385513271,0.0014008885647231102,1.3521745320995284,0.10721342304742403,34
58,2,7.885325203098314,7.139698492462312,1,0.0017024536332210793,0.0037680463978950977,0.005470500031116268,1.120099596909199,0.3809529258885704,34
62,2,7.885325203098314,7.5015075376884415,1,0.0006512958610123132,0.003078538876366001,0.0037298347373782162,1.245042837793504,0.2727359769972849,34
64,2,7.885325203098314,7.115577889447236,1,0.0026901316780243434,0.005730650729215598,0.008420782407240012,0.7949497930474209,0.9293341739394575,34
74,2,7.885325203098314,7.863316582914573,1,7.66489720622765e-05,0.006927104959675005,0.007003753931737156,1.3572621331087313,0.6106781825838671,34
79,2,7.885325203098314,7.091457286432161,1,0.001947250524067634,0.0039963462881541624,0.005943596812221788,0.7827866392867594,0.6108947558628659,34
80,2,7.885325203098314,7.067336683417086,1,0.0007715324156624126,0.0015268705981301698,0.002298403013792584,0.7754305336199319,0.21409351475966198,34
93,2,7.885325203098314,7.453266331658291,1,0.0005715282253124787,0.0023701202759324243,0.00294164850124476,1.2352295040587136,0.20833017156457362,34
94,2,7.631762978443823,7.356783919597989,2,0.00047214417010921217,0.003203373068059654,0.0036755172381686533,1.2218238139132036,0.25356222465449135,34
95,2,7.885325203098314,7.5256281407035175,1,0.0014828530949155816,0.007525796431539284,0.00900864952645507,1.2607106534989443,0.7356481605927336,34
96,2,7.885325203098314,7.8150753768844226,1,0.00024712198426213305,0.006912681073788668,0.0071598030580508855,1.3514382202637174,0.6122629873492269,34
108,2,7.885325203098314,7.597989949748744,1,0.0004804354799352595,0.0031096083235433473,0.0035900438034787044,1.2796920402425198,0.2676996483204393,34
113,2,7.885325203098314,7.5497487437185935,1,0.00042317634971977824,0.0023164120792732,0.0027395884289928315,1.263988784700503,0.1984963112780178,34
118,2,7.885325203098314,7.163819095477386,0,0.0007768160485097653,0.0017882127197085809,0.0025650287682184186,1.1298424672906036,0.170239489804386,34
119,2,7.885325203098314,7.694472361809044,1,0.00032617340619967017,0.0032575685323599775,0.0035837419385596724,1.318543198902834,0.27249309964574464,34
138,2,7.885325203098314,7.718592964824119,1,0.00026988481077827586,0.0031042763771237944,0.003374161187902053,1.3283109153249875,0.25677201242538794,34
150,2,7.885325203098314,7.573869346733668,1,0.00025011172909383816,0.0014842700072460447,0.0017343817363400765,1.2679585509694855,0.12449775424878534,34
156,2,7.885325203098314,7.646231155778894,1,0.0003035085968696727,0.002390090469925167,0.0026935990667946758,1.306617947090202,0.19810899921136493,34
158,2,7.885325203098314,7.477386934673366,1,0.0007700985072249811,0.00340359530909174,0.004173693816316688,1.2399323860319922,0.30518280747798093,34
162,2,7.885325203098314,6.633165829145728,1,0.004551059440927374,0.005229514911052276,0.009780574351979609,0.7153335021645885,0.9461057521060224,34
164,2,7.885325203098314,7.04321608040201,1,0.0006017781382514631,0.0011493804496163556,0.0017511585878677584,0.7754136692611009,0.15899568620212465,34
167,2,7.885325203098314,7.212060301507537,1,0.00212188801338975,0.00530174684283587,0.007423634856226027,1.1428284836777685,0.5467020204615893,34
171,2,7.885325203098314,7.332663316582915,1,0.001114951093041494,0.0035030062808538687,0.004617957373895294,1.2040375031933293,0.3250266884127984,34
181,2,7.885325203098314,7.260301507537688,1,0.0006272352751528487,0.0017097674930095944,0.0023370027681624728,1.1522200892353056,0.15917536365934237,34
182,2,7.885325203098314,6.922613065326634,1,0.0005635298436852398,0.0009114662141694338,0.0014749960578545644,0.7531854522068846,0.12884247464375836,34
187,2,7.885325203098314,7.67035175879397,1,0.0011960280192022665,0.010539913438081593,0.011735941457284066,1.3165105479680088,1.0646165321224919,34
189,2,7.885325203098314,7.405025125628141,1,0.001373596124371268,0.005060406071724279,0.00643400219609558,1.2280922710494548,0.47762484416990536,34
198,2,7.885325203098314,6.946733668341708,1,0.003820945051719926,0.006380281111802367,0.010201226163522209,0.7606019057561907,1.1329339691535374,34
3,3,10.353060631798005,9.214070351758792,1,0.0017655383846097994,0.0023007518112383254,0.004066290195848136,1.8270072518446556,0.5045812084356287,34
4,3,10.353060631798005,8.008040201005025,1,0.001584911961734825,0.0007106939489887463,0.0022956059107235487,1.3829724653896445,0.19080480775109357,34
8,3,10.353060631798005,8.273366834170854,1,0.004207725571813592,0.0023008325874148876,0.006508558159228661,1.4528774683510082,0.6581492949050123,34
16,3,10.353060631798005,9.021105527638191,1,0.0014656627354587837,0.0015486841436218215,0.003014346879080565,1.7084765615406108,0.3499128734838848,34
17,3,10.353060631798005,8.418090452261307,1,0.003782744180341746,0.0023188261188811345,0.006101570299222916,1.5333113526880193,0.6233455746453169,34
18,3,10.353060631798005,8.924623115577889,1,0.0026034944067936383,0.002497140442096266,0.005100634848889952,1.6855559683090835,0.6085016681619168,34
20,3,10.353060631798005,8.586934673366834,1,0.0009989717697203027,0.000704346679054815,0.0017033184487750684,1.5756702213435785,0.16491971884721496,34
22,3,10.353060631798005,8.176884422110552,1,0.003518301928217893,0.0017872165142586158,0.005305518442476666,1.429965004048106,0.5002704775036877,34
25,3,10.353060631798005,8.056281407035176,1,0.0027017837646079457,0.0012548278534327587,0.003956611618040612,1.398156769730096,0.3461267956629057,34
26,3,10.353060631798005,8.08040201005025,1,0.003234519317618645,0.0015290979783017058,0.004763617295920283,1.407435454444706,0.42731130455419,34
31,3,10.353060631798005,8.852261306532663,1,0.001016343763858396,0.0009091981516257449,0.0019255419154842856,1.6748924682208184,0.20211558050254871,34
33,3,10.353060631798005,8.225125628140702,1,0.0023203200150248016,0.0012226074853275341,0.0035429275003525857,1.4345667651287843,0.32716939310543447,34
34,3,10.353060631798005,8.104522613065326,1,0.003098289096826523,0.0014910200669195892,0.004589309163745996,1.410303927666458,0.414544095613805,34
37,3,10.353060631798005,9.23819095477387,1,0.0023982281390309,0.003213975237056074,0.005612203376086917,1.8303813255888497,0.7447767809518406,34
38,3,10.353060631798005,9.310552763819095,1,0.0020376953342737814,0.0029784852824470995,0.005016180616720718,1.884768536346066,0.656503248324936,34
40,3,10.353060631798005,8.249246231155778,1,0.002579525480803868,0.0013845293198907883,0.003964054800694632,1.4382667379994079,0.37374782474014756,34
41,3,10.353060631798005,8.297487437185929,1,0.0049793054901419165,0.002774182927024808,0.007753488417166683,1.4591153646816803,0.8209176623102035,34
42,3,10.353060631798005,8.321608040201005,1,0.002318117444856771,0.001316089045449465,0.003634206490306035,1.4619539827819148,0.3472802899742383,34
43,3,10.353060631798005,9.28643216080402,1,0.0003760283888407656,0.0005336973689898815,0.0009097257578306075,1.869366522577106,0.10374923044575117,34
44,3,9.700046471416828,7.959798994974873,2,0.004118912485985948,0.0029692142487680127,0.007088126734753918,1.3616326855215748,0.6530141603811768,34
45,3,10.353060631798005,8.128643216080402,1,0.0012880522183027487,0.0006310678216598552,0.0019191200399625132,1.4175993303939762,0.1642093604859145,34
48,3,10.353060631798005,8.948743718592965,1,0.00028058453294677044,0.000275595158298317,0.0005561796912449037,1.6859560490513998,0.058743012256832844,34
51,3,10.353060631798005,9.455276381909547,1,0.0009035238740304763,0.001594710023653508,0.0024982338976841196,1.9222023639903802,0.3177565127774493,34
52,3,10.353060631798005,8.804020100502512,1,0.001287081231918119,0.001100491689239528,0.0023875729211576186,1.663392966831732,0.2491927043798455,34
54,3,10.02384718347215,9.33467336683417,2,0.0007843125202677825,0.0019064162253612331,0.0026907287456290675,1.886577335099535,0.32921344832585636,34
59,3,10.353060631798005,8.369849246231155,1,0.002894772415082736,0.0017072670467433546,0.004602039461825951,1.5165488465948302,0.44462534573164514,34
61,3,10.353060631798005,8.393969849246231,1,0.0007421715043356425,0.00044621892790239513,0.0011883904322381926,1.527547742423607,0.10621927036911419,34
63,3,10.353060631798005,8.442211055276381,1,0.004008467301202412,0.0025056448859759827,0.006514112187178696,1.5348760351398831,0.6823284309380617,34
67,3,10.353060631798005,8.562814070351758,1,0.003988276601437413,0.0027550243438273984,0.006743300945264814,1.5653699753116543,0.7468737118830098,34
69,3,10.353060631798005,9.045226130653266,1,0.0022529891545888248,0.0024407851179050997,0.004693774272494077,1.7220451101787644,0.5779552070595613,34
72,3,10.353060631798005,8.201005025125628,1,0.005427107790175523,0.002807600212580349,0.008234708002755659,1.4311761252706336,0.8534614847054438,34
83,3,10.353060631798005,8.75577889447236,1,0.003661431091839029,0.002994991117233723,0.006656422209072845,1.641164046984688,0.7805626827124739,34
84,3,10.353060631798005,8.152763819095478,1,0.0012141552312756598,0.0006056809473685043,0.001819836178643944,1.4250039204698417,0.1564861452615047,34
86,3,10.353060631798005,7.983919597989949,1,0.004014691818555072,0.0017691459582365252,0.005783837776791729,1.3653732631665523,0.5212504023021656,34
87,3,10.353060631798005,9.189949748743718,1,0.003174437702591959,0.004024293313742213,0.007198731016334107,1.8243897330069474,0.9904968347759313,34
89,3,10.353060631798005,9.527638190954773,1,0.0004876259701982466,0.0009544288916013014,0.001442054861799598,1.961894808468971,0.1801564543182444,34
91,3,10.353060631798005,8.466331658291457,1,0.00047367324599512095,0.00030197025637933067,0.0007756435023743607,1.5398581952487589,0.07068113132145033,34
92,3,10.353060631798005,9.503517587939697,1,0.0011163508294076419,0.0021093431309639307,0.003225693960371327,1.9596012878552251,0.42291885756244185,34
102,3,10.353060631798005,8.828140703517587,1,0.006308583329720063,0.005516700772962769,0.0118252841026829,1.6646641350410158,1.767655271401899,34
103,3,10.353060631798005,9.141708542713568,1,0.0036263685907087506,0.004356047306721503,0.007982415897430312,1.7970427848354997,1.1214778339852465,34
105,3,10.353060631798005,9.069346733668342,1,0.001239933989829911,0.001377695524804655,0.0026176295146344594,1.7502445326337852,0.30019892649008695,34
111,3,10.353060631798005,8.538693467336683,1,0.004225300610345872,0.0028600819835790897,0.007085382593925035,1.55999668396918,0.7849995994176623,34
116,3,10.353060631798005,9.093467336683418,1,0.0031794873482828834,0.00362446757705691,0.006803954925339709,1.757269456084755,0.9089267224281464,34
117,3,10.353060631798005,8.996984924623115,1,0.0018864952752157826,0.001944823462947097,0.003831318738162855,1.7038368942132138,0.4515724738021439,34
121,3,10.353060631798005,8.683417085427134,1,0.0014211341889491802,0.0010894898711593071,0.002510624060108515,1.61865741102684,0.2538061101186948,34
126,3,10.353060631798005,7.911557788944723,1,0.009182797443018975,0.0038426025006702133,0.013025399943689269,1.358359858256437,1.3898890176738703,34
134,3,10.353060631798005,8.61105527638191,1,0.006045048476473802,0.004351130188909182,0.010396178665382933,1.5830186538240199,1.3337601485338657,34
135,3,10.353060631798005,9.55175879396985,1,0.0009332737220528742,0.0018938335299619135,0.0028271072520146857,1.9698606032653259,0.37322172567621936,34
136,3,10.353060631798005,8.34572864321608,1,0.002566104238525879,0.001484786048116012,0.0040508902866422175,1.495751871081844,0.38660947939732654,34
137,3,10.353060631798005,9.358793969849245,1,0.001885776760408353,0.002928217051401547,0.004813993811809823,1.8941966049028012,0.6396570854787994,34
142,3,10.353060631798005,8.635175879396986,1,0.0016016370495957055,0.0011771007415901447,0.0027787377911857873,1.5863890592108252,0.28170827652182956,34
143,3,10.353060631798005,8.70753768844221,1,0.0013875120886446268,0.0010867289601622517,0.002474241048806662,1.6250863172080365,0.25205326072889433,34
148,3,10.353060631798005,7.935678391959799,1,0.0023518804948396976,0.0010011844035509542,0.003353064898390476,1.3585822878876141,0.27964359607546646,34
159,3,10.353060631798005,9.431155778894471,1,0.0027585355787371757,0.004710747428221292,0.007469283006958346,1.9136237852123512,1.1449938927513228,34
160,3,10.353060631798005,8.731658291457286,1,0.003991928406018808,0.0031948597599701168,0.007186788165988809,1.63475703343128,0.849444581421519,34
161,3,10.353060631798005,8.490452261306533,1,0.003621355624581657,0.002354868028710833,0.005976223653292492,1.548543322114739,0.6274119593714823,34
163,3,10.353060631798005,9.382914572864323,1,0.0013400136502410565,0.0021464477528524736,0.003486461403093448,1.8945664761034409,0.4478085782800886,34
166,3,10.353060631798005,9.479396984924623,1,0.00036530056697769986,0.0006668554210449533,0.0010321559880227549,1.934317208446672,0.12597318626642304,34
168,3,10.353060631798005,8.65929648241206,1,0.001991424597562519,0.0014946557709624951,0.003486080368525227,1.5961053630778466,0.36259499713524523,34
170,3,10.353060631798005,7.887437185929648,1,0.004088090480521833,0.001681744761327037,0.005769835241848704,1.358100282842732,0.4950357341927303,34
172,3,10.353060631798005,8.779899497487436,1,0.00265192647044854,0.0022175617285223725,0.004869488198970875,1.6518112902843272,0.542865608912127,34
174,3,10.353060631798005,8.876381909547739,1,0.003939044147974524,0.003605671641191786,0.0075447157891663915,1.6753988263709858,0.9595311837506874,34
176,3,10.353060631798005,9.262311557788944,1,0.001101596496384527,0.001518910393708963,0.002620506890093487,1.8683463785325636,0.3108542580264311,34
177,3,10.353060631798005,9.6,1,0.0007093849893695658,0.0015515188104121402,0.002260903799781644,1.9977268300319289,0.29588196079745727,34
180,3,10.353060631798005,8.514572864321607,1,0.002562202535941527,0.0016997565930751575,0.00426195912901673,1.5556204411033674,0.43003722078078044,34
183,3,10.353060631798005,8.032160804020101,1,0.005216790317807973,0.0023806081072977802,0.0075973984251056234,1.385406687896995,0.7255672017947499,34
185,3,10.353060631798005,9.575879396984924,1,0.0011830495138853703,0.0024911517093139045,0.0036742012231991195,1.9730011845682653,0.5060947332235617,34
188,3,10.353060631798005,8.97286432160804,1,0.0011555196459909212,0.0011625984332623465,0.002318118079253168,1.6980386823902627,0.2584708875027726,34
191,3,10.353060631798005,8.900502512562813,1,0.006481862168477903,0.0060727204964798635,0.012554582664957918,1.6799125065936835,2.043754552795415,34
194,3,10.353060631798005,9.117587939698492,1,0.0006092273196862674,0.0007127759689293953,0.0013220032886156659,1.786321869667498,0.1465466275339122,34
195,3,10.353060631798005,9.407035175879397,1,0.0015834327515282798,0.0026180153031672023,0.00420144805469546,1.906514210266379,0.557175082986479,34
199,3,10.353060631798005,9.165829145728644,1,0.003963272286500841,0.004889771643676341,0.008853043930177251,1.8145506205799269,1.296934408377432,34
15,1,5.762231549771043,5.595979899497487,1,0.00024406505108509613,0.0028157497258312365,0.0030598147769162766,0.39015767287643516,0.2755569298919095,35
19,1,5.762231549771043,5.692462311557788,1,0.00011157112227949684,0.003142828598621192,0.0032543997209006645,0.41875871656233676,0.2873880478436588,35
25,1,5.762231549771043,5.306532663316583,1,0.0010164068972305929,0.003971949516809443,0.0049883564140400845,0.28981433812657476,0.5605389204858116,35
34,1,5.762231549771043,5.451256281407035,1,0.0008729300418199304,0.005188985714485829,0.0060619157563057986,0.32090572027524183,0.6804085544594083,35
46,1,5.762231549771043,5.716582914572864,1,2.6056658490647422e-05,0.00112863952352784,0.0011546961820185044,0.42022585095726894,0.09816801947820683,35
51,1,5.762231549771043,5.282412060301508,1,0.001698609087717129,0.006264822801461513,0.007963431889178706,0.2832816123135309,1.0030896962391327,35
58,1,5.762231549771043,5.089447236180904,1,0.001802221150229072,0.004506815992640901,0.006309037142869942,0.2517522862483704,0.7691595597887146,35
59,1,5.762231549771043,5.427135678391959,1,0.0002596421405254845,0.0014234612885944214,0.0016831034291199059,0.3199639141368292,0.16533099217703265,35
67,1,5.762231549771043,5.547738693467337,1,0.00020158347514276365,0.0017806383103236758,0.001982221785466487,0.3644905729052978,0.18231233230985017,35
71,1,5.762231549771043,5.11356783919598,1,0.0015538578086110588,0.004055945111431982,0.005609802920043059,0.2624239354987703,0.6449319092345838,35
75,1,5.762231549771043,5.378894472361809,1,0.0004197257255052489,0.0019866890159736103,0.0024064147414788917,0.3047565881792218,0.24718424069494002,35
78,1,5.762231549771043,5.7407035175879395,1,1.3151373274622458e-05,0.0012152266725815911,0.0012283780458562433,0.4294821102562741,0.10355956419966324,35
83,1,5.762231549771043,5.668341708542713,1,0.00023200287841462774,0.004826929161951478,0.005058932040366137,0.4075944389983724,0.47448673205493413,35
86,1,5.762231549771043,5.185929648241206,1,0.0016623685569965851,0.004977767612828342,0.0066401361698249055,0.27088273768348886,0.7941675063984963,35
92,1,5.762231549771043,5.571859296482412,1,0.0009186351136271642,0.009198903040602191,0.010117538154229307,0.3693353360430524,1.1746541768141552,35
98,1,5.762231549771043,5.499497487437186,1,0.0008681794859201064,0.006184219700179261,0.007052399186099335,0.32372521278903993,0.8331268919092816,35
99,1,5.762231549771043,5.330653266331658,1,0.0002986316274204981,0.0012399549377445926,0.0015385865651650797,0.2906390986142305,0.1582724925083967,35
128,1,5.762231549771043,5.403015075376884,1,0.0010359495608239788,0.0052653510989805604,0.006301300659804546,0.31291830385728875,0.7136021651384197,35
130,1,5.762231549771043,5.523618090452261,1,9.699685697900362e-05,0.000765469779195281,0.000862466636174317,0.3406274896894844,0.08180553376351934,35
136,1,5.762231549771043,5.16180904522613,1,0.0009719886164658575,0.0027759682324948053,0.003747956848960595,0.26985704691457973,0.40535050164371283,35
143,1,5.762231549771043,5.137688442211055,1,0.00034336828039888134,0.0009368190396579867,0.0012801873200568364,0.26799613567246183,0.12873973724717885,35
165,1,5.762231549771043,5.4753768844221105,1,0.0007287829994570005,0.004725516387729658,0.005454299387186666,0.32117100152598155,0.6087101618295138,35
170,1,5.762231549771043,5.354773869346733,1,0.0002664011904803809,0.0011789453842973422,0.0014453465747777232,0.2958770894915539,0.147425717920068,35
171,1,5.620750545000925,5.258291457286432,2,0.00022275411673799983,0.0011211121884767937,0.0013438663052148137,0.27276080382761825,0.14148100477011713,35
179,1,5.762231549771043,5.644221105527638,1,8.367761994926282e-05,0.001376711842169455,0.001460389462118747,0.4049747067679972,0.12508581602423618,35
189,1,5.762231549771043,5.2341708542713565,1,0.0011304307057063978,0.0037410704551565236,0.00487150116086287,0.2722255379922074,0.5623046832813319,35
191,1,5.762231549771043,5.210050251256281,1,0.00237984855483947,0.00748456938820971,0.009864417943049193,0.2721757544860628,1.3483452350690535,35
167,2,5.185426647478444,5.017085427135679,1,0.0007334425167347669,0.008352182904934351,0.00908562542166915,0.24719065305066662,1.2015579581470766,35
